DateTime,ElapsedSeconds,ESP32_UID,MouseID,Sex,Strain,LibraryVer,Program,FR,Event,PelletCount,LeftCount,RightCount,CenterCount,BlockPelletCount,BlockPokeCount,RetrievalTime,PokeDuration,DispenseError,MotorTurns,Motion,Temperature,Humidity,Pressure,GasResistance,Lux,White,FreeHeap,HeapSize,MinFreeHeap,WakeCount,BatteryVoltage,BatteryPercent
2026-07-14 12:34:26,34.389999,A0DB8AF16E20,0001,male,C57BL/6,1.1.1,FR1,0,Startup,0,0,0,0,0,0,,,,,0.0,23.8,42.1,1006.6,14.8,4.378,1934.000,246448,339964,244304,0,4.20,100.00
2026-07-14 12:40:33,401.798004,A0DB8AF16E20,0001,male,C57BL/6,1.1.1,FR1,0,Right,0,0,1,0,0,0,,,,,,,,,,,,,,,,,
2026-07-14 12:43:11,559.739990,A0DB8AF16E20,0001,male,C57BL/6,1.1.1,FR1,0,Center,0,0,1,1,0,0,,,,,,,,,,,,,,,,,
2026-07-14 12:43:58,606.754028,A0DB8AF16E20,0001,male,C57BL/6,1.1.1,FR1,0,Status,0,0,1,1,0,0,,,,,Disabled,23.7,43.7,1006.6,11.1,0.518,250.000,247412,339964,244304,130,4.20,100.00
2026-07-15 07:31:52,67715.250000,A0DB8AF16E20,0001,male,C57BL/6,1.1.1,FR1,0,Status,0,0,1,1,0,0,,,,,Disabled,24.9,33.4,1006.1,3.9,0.544,256.000,247912,339964,179756,132,3.77,37.94
2026-07-15 07:42:12,68336.015625,A0DB8AF16E20,0001,male,C57BL/6,1.1.1,FR1,0,Status,0,0,1,1,0,0,,,,,Disabled,25.1,37.9,1005.8,5.2,0.572,269.000,247912,339964,179756,269,3.77,37.22
2026-07-15 07:52:33,68957.789062,A0DB8AF16E20,0001,male,C57BL/6,1.1.1,FR1,0,Status,0,0,1,1,0,0,,,,,Disabled,25.0,39.1,1005.6,6.2,0.569,268.000,247776,339964,179756,406,3.78,36.50
2026-07-15 08:02:51,69576.625000,A0DB8AF16E20,0001,male,C57BL/6,1.1.1,FR1,0,Status,0,0,1,1,0,0,,,,,Disabled,25.0,39.8,1005.4,7.0,0.562,266.000,247784,339964,179756,543,3.78,36.14
2026-07-15 08:13:15,70201.507812,A0DB8AF16E20,0001,male,C57BL/6,1.1.1,FR1,0,Status,0,0,1,1,0,0,,,,,Disabled,24.9,40.1,1005.3,7.5,0.572,266.000,247784,339964,179756,680,3.77,35.78
2026-07-15 08:23:41,70828.257812,A0DB8AF16E20,0001,male,C57BL/6,1.1.1,FR1,0,Status,0,0,1,1,0,0,,,,,Disabled,24.8,40.4,1005.2,7.9,0.446,184.000,247784,339964,179756,817,3.77,35.42
2026-07-15 08:34:04,71452.101562,A0DB8AF16E20,0001,male,C57BL/6,1.1.1,FR1,0,Status,0,0,1,1,0,0,,,,,Disabled,24.7,40.7,1005.2,8.2,0.569,268.000,247784,339964,179756,954,3.78,35.06
2026-07-15 08:44:30,72078.929688,A0DB8AF16E20,0001,male,C57BL/6,1.1.1,FR1,0,Status,0,0,1,1,0,0,,,,,Disabled,24.6,40.8,1005.2,8.4,0.562,269.000,247784,339964,179756,1091,3.78,34.70
2026-07-15 08:55:13,72722.742188,A0DB8AF16E20,0001,male,C57BL/6,1.1.1,FR1,0,Status,0,0,1,1,0,0,,,,,Disabled,24.6,40.7,1005.2,8.5,0.439,185.000,247784,339964,179756,1228,3.78,34.70
2026-07-15 09:05:45,73355.765625,A0DB8AF16E20,0001,male,C57BL/6,1.1.1,FR1,0,Status,0,0,1,1,0,0,,,,,Disabled,24.5,41.0,1005.1,8.6,0.450,184.000,247784,339964,179756,1365,3.78,34.27
2026-07-15 09:16:04,73975.414062,A0DB8AF16E20,0001,male,C57BL/6,1.1.1,FR1,0,Status,0,0,1,1,0,0,,,,,Disabled,24.4,41.2,1005.1,8.7,0.547,259.000,247784,339964,179756,1502,3.78,33.84
2026-07-15 09:26:27,74598.148438,A0DB8AF16E20,0001,male,C57BL/6,1.1.1,FR1,0,Status,0,0,1,1,0,0,,,,,Disabled,24.4,41.5,1005.1,8.8,0.544,255.000,247784,339964,179756,1639,3.76,33.41
2026-07-15 09:36:21,75193.265625,A0DB8AF16E20,0001,male,C57BL/6,1.1.1,FR1,0,Right,0,0,2,1,0,0,,,,,,,,,,,,,,,,,
2026-07-15 09:36:45,75217.039062,A0DB8AF16E20,0001,male,C57BL/6,1.1.1,FR1,0,Status,0,0,2,1,0,0,,,,,Disabled,24.3,42.2,1005.0,8.9,0.457,191.000,247784,339964,179756,1776,3.77,33.41
2026-07-15 09:39:49,75402.179688,A0DB8AF16E20,0001,male,C57BL/6,1.1.1,FR1,0,Left,0,1,2,1,0,0,,,,,,,,,,,,,,,,,
2026-07-15 09:40:04,75416.664062,A0DB8AF16E20,0001,male,C57BL/6,1.1.1,FR1,0,PelletDrop,1,1,2,1,0,0,,,,,,,,,,,,,,,,,
2026-07-15 09:40:05,75417.390625,A0DB8AF16E20,0001,male,C57BL/6,1.1.1,FR1,0,PelletTaken,1,1,2,1,0,0,0.214,11.000,0,5,,,,,,,,,,,,,
2026-07-15 09:41:32,75505.093750,A0DB8AF16E20,0001,male,C57BL/6,1.1.1,FR1,0,Left,1,2,2,1,0,0,,,,,,,,,,,,,,,,,
2026-07-15 09:41:39,75512.289062,A0DB8AF16E20,0001,male,C57BL/6,1.1.1,FR1,0,PelletDrop,2,2,2,1,0,0,,,,,,,,,,,,,,,,,
2026-07-15 09:41:56,75529.101562,A0DB8AF16E20,0001,male,C57BL/6,1.1.1,FR1,0,PelletTaken,2,2,2,1,0,0,16.307,534.000,0,3,,,,,,,,,,,,,
2026-07-15 09:43:08,75600.648438,A0DB8AF16E20,0001,male,C57BL/6,1.1.1,FR1,0,Left,2,3,2,1,0,0,,,,,,,,,,,,,,,,,
2026-07-15 09:43:15,75607.843750,A0DB8AF16E20,0001,male,C57BL/6,1.1.1,FR1,0,PelletDrop,3,3,2,1,0,0,,,,,,,,,,,,,,,,,
2026-07-15 09:43:23,75616.265625,A0DB8AF16E20,0001,male,C57BL/6,1.1.1,FR1,0,PelletTaken,3,3,2,1,0,0,7.913,261.000,0,3,,,,,,,,,,,,,
2026-07-15 09:43:56,75649.320312,A0DB8AF16E20,0001,male,C57BL/6,1.1.1,FR1,0,Left,3,4,2,1,0,0,,,,,,,,,,,,,,,,,
2026-07-15 09:44:01,75654.296875,A0DB8AF16E20,0001,male,C57BL/6,1.1.1,FR1,0,PelletDrop,4,4,2,1,0,0,,,,,,,,,,,,,,,,,
2026-07-15 09:44:09,75661.687500,A0DB8AF16E20,0001,male,C57BL/6,1.1.1,FR1,0,PelletTaken,4,4,2,1,0,0,6.869,293.000,0,2,,,,,,,,,,,,,
2026-07-15 09:44:47,75699.703125,A0DB8AF16E20,0001,male,C57BL/6,1.1.1,FR1,0,Left,4,5,2,1,0,0,,,,,,,,,,,,,,,,,
2026-07-15 09:45:03,75716.062500,A0DB8AF16E20,0001,male,C57BL/6,1.1.1,FR1,0,PelletDrop,5,5,2,1,0,0,,,,,,,,,,,,,,,,,
2026-07-15 09:45:09,75722.367188,A0DB8AF16E20,0001,male,C57BL/6,1.1.1,FR1,0,PelletTaken,5,5,2,1,0,0,5.801,243.000,0,6,,,,,,,,,,,,,
2026-07-15 09:45:40,75753.578125,A0DB8AF16E20,0001,male,C57BL/6,1.1.1,FR1,0,Left,5,6,2,1,0,0,,,,,,,,,,,,,,,,,
2026-07-15 09:45:45,75758.562500,A0DB8AF16E20,0001,male,C57BL/6,1.1.1,FR1,0,PelletDrop,6,6,2,1,0,0,,,,,,,,,,,,,,,,,
2026-07-15 09:45:52,75765.320312,A0DB8AF16E20,0001,male,C57BL/6,1.1.1,FR1,0,PelletTaken,6,6,2,1,0,0,6.252,377.000,0,2,,,,,,,,,,,,,
2026-07-15 09:46:31,75804.242188,A0DB8AF16E20,0001,male,C57BL/6,1.1.1,FR1,0,Left,6,7,2,1,0,0,,,,,,,,,,,,,,,,,
2026-07-15 09:46:36,75809.234375,A0DB8AF16E20,0001,male,C57BL/6,1.1.1,FR1,0,PelletDrop,7,7,2,1,0,0,,,,,,,,,,,,,,,,,
2026-07-15 09:46:42,75815.281250,A0DB8AF16E20,0001,male,C57BL/6,1.1.1,FR1,0,PelletTaken,7,7,2,1,0,0,5.538,290.000,0,2,,,,,,,,,,,,,
2026-07-15 09:47:12,75845.687500,A0DB8AF16E20,0001,male,C57BL/6,1.1.1,FR1,0,Status,7,7,2,1,0,0,,,,,Disabled,24.3,41.7,1005.0,9.0,0.468,194.000,247784,339964,179756,1890,3.77,32.98
2026-07-15 09:47:16,75849.812500,A0DB8AF16E20,0001,male,C57BL/6,1.1.1,FR1,0,Left,7,8,2,1,0,0,,,,,,,,,,,,,,,,,
2026-07-15 09:47:21,75854.804688,A0DB8AF16E20,0001,male,C57BL/6,1.1.1,FR1,0,PelletDrop,8,8,2,1,0,0,,,,,,,,,,,,,,,,,
2026-07-15 09:47:30,75863.343750,A0DB8AF16E20,0001,male,C57BL/6,1.1.1,FR1,0,PelletTaken,8,8,2,1,0,0,8.034,81.000,0,2,,,,,,,,,,,,,
2026-07-15 09:48:08,75901.640625,A0DB8AF16E20,0001,male,C57BL/6,1.1.1,FR1,0,Left,8,9,2,1,0,0,,,,,,,,,,,,,,,,,
2026-07-15 09:48:11,75904.398438,A0DB8AF16E20,0001,male,C57BL/6,1.1.1,FR1,0,PelletDrop,9,9,2,1,0,0,,,,,,,,,,,,,,,,,
2026-07-15 09:48:12,75905.515625,A0DB8AF16E20,0001,male,C57BL/6,1.1.1,FR1,0,PelletNotDetected,9,9,2,1,0,0,,,,,,,,,,,,,,,,,
2026-07-15 09:48:52,75946.203125,A0DB8AF16E20,0001,male,C57BL/6,1.1.1,FR1,0,Left,9,10,2,1,0,0,,,,,,,,,,,,,,,,,
2026-07-15 09:49:18,75972.203125,A0DB8AF16E20,0001,male,C57BL/6,1.1.1,FR1,0,PelletDrop,10,10,2,1,0,0,,,,,,,,,,,,,,,,,
2026-07-15 09:49:20,75973.960938,A0DB8AF16E20,0001,male,C57BL/6,1.1.1,FR1,0,PelletTaken,10,10,2,1,0,0,1.247,50.000,0,8,,,,,,,,,,,,,
2026-07-15 09:49:53,76006.835938,A0DB8AF16E20,0001,male,C57BL/6,1.1.1,FR1,0,Left,10,11,2,1,0,0,,,,,,,,,,,,,,,,,
2026-07-15 09:49:58,76011.820312,A0DB8AF16E20,0001,male,C57BL/6,1.1.1,FR1,0,PelletDrop,11,11,2,1,0,0,,,,,,,,,,,,,,,,,
2026-07-15 09:50:07,76020.687500,A0DB8AF16E20,0001,male,C57BL/6,1.1.1,FR1,0,PelletTaken,11,11,2,1,0,0,8.364,86.000,0,2,,,,,,,,,,,,,
2026-07-15 09:50:52,76066.187500,A0DB8AF16E20,0001,male,C57BL/6,1.1.1,FR1,0,Left,11,12,2,1,0,0,,,,,,,,,,,,,,,,,
2026-07-15 09:50:57,76071.179688,A0DB8AF16E20,0001,male,C57BL/6,1.1.1,FR1,0,PelletDrop,12,12,2,1,0,0,,,,,,,,,,,,,,,,,
2026-07-15 09:51:08,76082.406250,A0DB8AF16E20,0001,male,C57BL/6,1.1.1,FR1,0,PelletTaken,12,12,2,1,0,0,10.718,505.000,0,2,,,,,,,,,,,,,
2026-07-15 09:51:43,76117.179688,A0DB8AF16E20,0001,male,C57BL/6,1.1.1,FR1,0,Left,12,13,2,1,0,0,,,,,,,,,,,,,,,,,
2026-07-15 09:51:48,76122.156250,A0DB8AF16E20,0001,male,C57BL/6,1.1.1,FR1,0,PelletDrop,13,13,2,1,0,0,,,,,,,,,,,,,,,,,
2026-07-15 09:52:01,76134.625000,A0DB8AF16E20,0001,male,C57BL/6,1.1.1,FR1,0,PelletTaken,13,13,2,1,0,0,11.951,620.000,0,2,,,,,,,,,,,,,
2026-07-15 09:53:26,76220.671875,A0DB8AF16E20,0001,male,C57BL/6,1.1.1,FR1,0,Left,13,14,2,1,0,0,,,,,,,,,,,,,,,,,
2026-07-15 09:53:29,76223.437500,A0DB8AF16E20,0001,male,C57BL/6,1.1.1,FR1,0,PelletDrop,14,14,2,1,0,0,,,,,,,,,,,,,,,,,
2026-07-15 09:53:30,76224.101562,A0DB8AF16E20,0001,male,C57BL/6,1.1.1,FR1,0,PelletTaken,14,14,2,1,0,0,0.158,297.000,0,1,,,,,,,,,,,,,
2026-07-15 09:54:05,76259.351562,A0DB8AF16E20,0001,male,C57BL/6,1.1.1,FR1,0,Left,14,15,2,1,0,0,,,,,,,,,,,,,,,,,
2026-07-15 09:54:08,76262.117188,A0DB8AF16E20,0001,male,C57BL/6,1.1.1,FR1,0,PelletDrop,15,15,2,1,0,0,,,,,,,,,,,,,,,,,
2026-07-15 09:54:09,76263.218750,A0DB8AF16E20,0001,male,C57BL/6,1.1.1,FR1,0,PelletNotDetected,15,15,2,1,0,0,,,,,,,,,,,,,,,,,
2026-07-15 09:54:37,76291.492188,A0DB8AF16E20,0001,male,C57BL/6,1.1.1,FR1,0,Left,15,16,2,1,0,0,,,,,,,,,,,,,,,,,
2026-07-15 09:54:46,76300.632812,A0DB8AF16E20,0001,male,C57BL/6,1.1.1,FR1,0,PelletDrop,16,16,2,1,0,0,,,,,,,,,,,,,,,,,
2026-07-15 09:55:02,76316.031250,A0DB8AF16E20,0001,male,C57BL/6,1.1.1,FR1,0,PelletTaken,16,16,2,1,0,0,14.898,215.000,0,4,,,,,,,,,,,,,
2026-07-15 09:55:49,76362.890625,A0DB8AF16E20,0001,male,C57BL/6,1.1.1,FR1,0,Left,16,17,2,1,0,0,,,,,,,,,,,,,,,,,
2026-07-15 09:55:56,76370.085938,A0DB8AF16E20,0001,male,C57BL/6,1.1.1,FR1,0,PelletDrop,17,17,2,1,0,0,,,,,,,,,,,,,,,,,
2026-07-15 09:56:12,76386.843750,A0DB8AF16E20,0001,male,C57BL/6,1.1.1,FR1,0,PelletTaken,17,17,2,1,0,0,16.251,404.000,0,3,,,,,,,,,,,,,
2026-07-15 09:57:02,76436.882812,A0DB8AF16E20,0001,male,C57BL/6,1.1.1,FR1,0,Left,17,18,2,1,0,0,,,,,,,,,,,,,,,,,
2026-07-15 09:57:05,76439.695312,A0DB8AF16E20,0001,male,C57BL/6,1.1.1,FR1,0,PelletDrop,18,18,2,1,0,0,,,,,,,,,,,,,,,,,
2026-07-15 09:57:06,76440.796875,A0DB8AF16E20,0001,male,C57BL/6,1.1.1,FR1,0,PelletNotDetected,18,18,2,1,0,0,,,,,,,,,,,,,,,,,
2026-07-15 09:57:39,76472.437500,A0DB8AF16E20,0001,male,C57BL/6,1.1.1,FR1,0,Status,18,18,2,1,0,0,,,,,Disabled,24.3,41.6,1004.9,9.0,0.468,194.000,247736,339964,179756,1996,3.77,32.12
2026-07-15 09:57:51,76485.242188,A0DB8AF16E20,0001,male,C57BL/6,1.1.1,FR1,0,Left,18,19,2,1,0,0,,,,,,,,,,,,,,,,,
2026-07-15 09:57:54,76487.906250,A0DB8AF16E20,0001,male,C57BL/6,1.1.1,FR1,0,PelletDrop,19,19,2,1,0,0,,,,,,,,,,,,,,,,,
2026-07-15 09:57:55,76489.007812,A0DB8AF16E20,0001,male,C57BL/6,1.1.1,FR1,0,PelletNotDetected,19,19,2,1,0,0,,,,,,,,,,,,,,,,,
2026-07-15 09:59:59,76613.343750,A0DB8AF16E20,0001,male,C57BL/6,1.1.1,FR1,0,Left,19,20,2,1,0,0,,,,,,,,,,,,,,,,,
2026-07-15 10:00:03,76616.593750,A0DB8AF16E20,0001,male,C57BL/6,1.1.1,FR1,0,PelletDrop,20,20,2,1,0,0,,,,,,,,,,,,,,,,,
2026-07-15 10:00:05,76618.531250,A0DB8AF16E20,0001,male,C57BL/6,1.1.1,FR1,0,PelletTaken,20,20,2,1,0,0,1.434,216.000,0,3,,,,,,,,,,,,,
2026-07-15 10:01:05,76679.101562,A0DB8AF16E20,0001,male,C57BL/6,1.1.1,FR1,0,Left,20,21,2,1,0,0,,,,,,,,,,,,,,,,,
2026-07-15 10:01:10,76684.085938,A0DB8AF16E20,0001,male,C57BL/6,1.1.1,FR1,0,PelletDrop,21,21,2,1,0,0,,,,,,,,,,,,,,,,,
2026-07-15 10:01:24,76698.281250,A0DB8AF16E20,0001,male,C57BL/6,1.1.1,FR1,0,PelletTaken,21,21,2,1,0,0,13.677,147.000,0,2,,,,,,,,,,,,,
2026-07-15 10:02:18,76752.593750,A0DB8AF16E20,0001,male,C57BL/6,1.1.1,FR1,0,Left,21,22,2,1,0,0,,,,,,,,,,,,,,,,,
2026-07-15 10:02:21,76755.351562,A0DB8AF16E20,0001,male,C57BL/6,1.1.1,FR1,0,PelletDrop,22,22,2,1,0,0,,,,,,,,,,,,,,,,,
2026-07-15 10:02:22,76756.453125,A0DB8AF16E20,0001,male,C57BL/6,1.1.1,FR1,0,PelletNotDetected,22,22,2,1,0,0,,,,,,,,,,,,,,,,,
2026-07-15 10:03:28,76822.546875,A0DB8AF16E20,0001,male,C57BL/6,1.1.1,FR1,0,Left,22,23,2,1,0,0,,,,,,,,,,,,,,,,,
2026-07-15 10:03:32,76826.382812,A0DB8AF16E20,0001,male,C57BL/6,1.1.1,FR1,0,PelletDrop,23,23,2,1,0,0,,,,,,,,,,,,,,,,,
2026-07-15 10:03:33,76827.484375,A0DB8AF16E20,0001,male,C57BL/6,1.1.1,FR1,0,PelletNotDetected,23,23,2,1,0,0,,,,,,,,,,,,,,,,,
2026-07-15 10:04:19,76873.320312,A0DB8AF16E20,0001,male,C57BL/6,1.1.1,FR1,0,Left,23,24,2,1,0,0,,,,,,,,,,,,,,,,,
2026-07-15 10:04:56,76910.687500,A0DB8AF16E20,0001,male,C57BL/6,1.1.1,FR1,0,PelletDrop,24,24,2,1,0,0,,,,,,,,,,,,,,,,,
2026-07-15 10:05:15,76929.117188,A0DB8AF16E20,0001,male,C57BL/6,1.1.1,FR1,0,PelletTaken,24,24,2,1,0,0,17.923,330.000,0,14,,,,,,,,,,,,,
2026-07-15 10:07:15,77049.531250,A0DB8AF16E20,0001,male,C57BL/6,1.1.1,FR1,0,Left,24,25,2,1,0,0,,,,,,,,,,,,,,,,,
2026-07-15 10:07:20,77054.507812,A0DB8AF16E20,0001,male,C57BL/6,1.1.1,FR1,0,PelletDrop,25,25,2,1,0,0,,,,,,,,,,,,,,,,,
2026-07-15 10:07:37,77071.843750,A0DB8AF16E20,0001,male,C57BL/6,1.1.1,FR1,0,PelletTaken,25,25,2,1,0,0,16.812,219.000,0,2,,,,,,,,,,,,,
2026-07-15 10:08:16,77111.132812,A0DB8AF16E20,0001,male,C57BL/6,1.1.1,FR1,0,Status,25,25,2,1,0,0,,,,,Disabled,24.4,41.5,1004.9,9.1,0.634,298.000,247736,339964,179756,2110,3.76,31.26
2026-07-15 10:11:34,77308.914062,A0DB8AF16E20,0001,male,C57BL/6,1.1.1,FR1,0,Left,25,26,2,1,0,0,,,,,,,,,,,,,,,,,
2026-07-15 10:11:37,77311.820312,A0DB8AF16E20,0001,male,C57BL/6,1.1.1,FR1,0,PelletDrop,26,26,2,1,0,0,,,,,,,,,,,,,,,,,
2026-07-15 10:11:38,77312.937500,A0DB8AF16E20,0001,male,C57BL/6,1.1.1,FR1,0,PelletNotDetected,26,26,2,1,0,0,,,,,,,,,,,,,,,,,
2026-07-15 10:12:15,77349.968750,A0DB8AF16E20,0001,male,C57BL/6,1.1.1,FR1,0,Left,26,27,2,1,0,0,,,,,,,,,,,,,,,,,
2026-07-15 10:12:18,77352.531250,A0DB8AF16E20,0001,male,C57BL/6,1.1.1,FR1,0,PelletDrop,27,27,2,1,0,0,,,,,,,,,,,,,,,,,
2026-07-15 10:12:19,77353.632812,A0DB8AF16E20,0001,male,C57BL/6,1.1.1,FR1,0,PelletNotDetected,27,27,2,1,0,0,,,,,,,,,,,,,,,,,
2026-07-15 10:13:07,77402.351562,A0DB8AF16E20,0001,male,C57BL/6,1.1.1,FR1,0,Left,27,28,2,1,0,0,,,,,,,,,,,,,,,,,
2026-07-15 10:13:10,77405.117188,A0DB8AF16E20,0001,male,C57BL/6,1.1.1,FR1,0,PelletDrop,28,28,2,1,0,0,,,,,,,,,,,,,,,,,
2026-07-15 10:13:11,77406.218750,A0DB8AF16E20,0001,male,C57BL/6,1.1.1,FR1,0,PelletNotDetected,28,28,2,1,0,0,,,,,,,,,,,,,,,,,
2026-07-15 10:14:08,77463.000000,A0DB8AF16E20,0001,male,C57BL/6,1.1.1,FR1,0,Left,28,29,2,1,0,0,,,,,,,,,,,,,,,,,
2026-07-15 10:14:15,77469.867188,A0DB8AF16E20,0001,male,C57BL/6,1.1.1,FR1,0,PelletDrop,29,29,2,1,0,0,,,,,,,,,,,,,,,,,
2026-07-15 10:14:16,77470.960938,A0DB8AF16E20,0001,male,C57BL/6,1.1.1,FR1,0,PelletNotDetected,29,29,2,1,0,0,,,,,,,,,,,,,,,,,
2026-07-15 10:15:57,77572.679688,A0DB8AF16E20,0001,male,C57BL/6,1.1.1,FR1,0,Left,29,30,2,1,0,0,,,,,,,,,,,,,,,,,
2026-07-15 10:16:02,77577.609375,A0DB8AF16E20,0001,male,C57BL/6,1.1.1,FR1,0,PelletDrop,30,30,2,1,0,0,,,,,,,,,,,,,,,,,
2026-07-15 10:16:03,77578.718750,A0DB8AF16E20,0001,male,C57BL/6,1.1.1,FR1,0,PelletNotDetected,30,30,2,1,0,0,,,,,,,,,,,,,,,,,
2026-07-15 10:16:31,77606.734375,A0DB8AF16E20,0001,male,C57BL/6,1.1.1,FR1,0,Left,30,31,2,1,0,0,,,,,,,,,,,,,,,,,
2026-07-15 10:16:42,77616.914062,A0DB8AF16E20,0001,male,C57BL/6,1.1.1,FR1,0,PelletDrop,31,31,2,1,0,0,,,,,,,,,,,,,,,,,
2026-07-15 10:16:42,77617.742188,A0DB8AF16E20,0001,male,C57BL/6,1.1.1,FR1,0,PelletTaken,31,31,2,1,0,0,0.324,261.000,0,8,,,,,,,,,,,,,
2026-07-15 10:18:54,77749.843750,A0DB8AF16E20,0001,male,C57BL/6,1.1.1,FR1,0,Status,31,31,2,1,0,0,,,,,Disabled,24.4,41.6,1004.8,9.1,0.583,273.000,247736,339964,179756,2241,3.77,30.83
2026-07-15 10:25:44,78159.867188,A0DB8AF16E20,0001,male,C57BL/6,1.1.1,FR1,0,Right,31,31,3,1,0,0,,,,,,,,,,,,,,,,,
2026-07-15 10:25:50,78166.085938,A0DB8AF16E20,0001,male,C57BL/6,1.1.1,FR1,0,Left,31,32,3,1,0,0,,,,,,,,,,,,,,,,,
2026-07-15 10:25:51,78167.750000,A0DB8AF16E20,0001,male,C57BL/6,1.1.1,FR1,0,PelletDrop,32,32,3,1,0,0,,,,,,,,,,,,,,,,,
2026-07-15 10:25:52,78168.421875,A0DB8AF16E20,0001,male,C57BL/6,1.1.1,FR1,0,PelletTaken,32,32,3,1,0,0,0.147,397.000,0,0,,,,,,,,,,,,,
2026-07-15 10:26:25,78201.226562,A0DB8AF16E20,0001,male,C57BL/6,1.1.1,FR1,0,Left,32,33,3,1,0,0,,,,,,,,,,,,,,,,,
2026-07-15 10:26:28,78203.984375,A0DB8AF16E20,0001,male,C57BL/6,1.1.1,FR1,0,PelletDrop,33,33,3,1,0,0,,,,,,,,,,,,,,,,,
2026-07-15 10:26:29,78205.085938,A0DB8AF16E20,0001,male,C57BL/6,1.1.1,FR1,0,PelletNotDetected,33,33,3,1,0,0,,,,,,,,,,,,,,,,,
2026-07-15 10:29:35,78391.695312,A0DB8AF16E20,0001,male,C57BL/6,1.1.1,FR1,0,Status,33,33,3,1,0,0,,,,,Disabled,24.4,42.0,1004.8,9.1,0.598,282.000,247736,339964,179756,2379,3.76,29.97
2026-07-15 10:40:22,79039.460938,A0DB8AF16E20,0001,male,C57BL/6,1.1.1,FR1,0,Status,33,33,3,1,0,0,,,,,Disabled,24.4,42.0,1004.8,9.0,0.263,132.000,247736,339964,179756,2516,3.75,29.97
2026-07-15 10:51:05,79683.296875,A0DB8AF16E20,0001,male,C57BL/6,1.1.1,FR1,0,Status,33,33,3,1,0,0,,,,,Disabled,24.5,41.6,1004.8,9.0,0.518,242.000,247736,339964,179756,2653,3.75,29.54
2026-07-15 11:01:47,80326.156250,A0DB8AF16E20,0001,male,C57BL/6,1.1.1,FR1,0,Status,33,33,3,1,0,0,,,,,Disabled,24.5,41.3,1004.8,9.0,0.497,234.000,247736,339964,179756,2790,3.75,29.11
2026-07-15 11:04:43,80502.296875,A0DB8AF16E20,0001,male,C57BL/6,1.1.1,FR1,0,Right,33,33,4,1,0,0,,,,,,,,,,,,,,,,,
2026-07-15 11:04:49,80508.390625,A0DB8AF16E20,0001,male,C57BL/6,1.1.1,FR1,0,Right,33,33,5,1,0,0,,,,,,,,,,,,,,,,,
2026-07-15 11:04:54,80513.093750,A0DB8AF16E20,0001,male,C57BL/6,1.1.1,FR1,0,Right,33,33,6,1,0,0,,,,,,,,,,,,,,,,,
2026-07-15 11:05:04,80523.531250,A0DB8AF16E20,0001,male,C57BL/6,1.1.1,FR1,0,Left,33,34,6,1,0,0,,,,,,,,,,,,,,,,,
2026-07-15 11:05:07,80526.242188,A0DB8AF16E20,0001,male,C57BL/6,1.1.1,FR1,0,PelletDrop,34,34,6,1,0,0,,,,,,,,,,,,,,,,,
2026-07-15 11:05:08,80527.343750,A0DB8AF16E20,0001,male,C57BL/6,1.1.1,FR1,0,PelletNotDetected,34,34,6,1,0,0,,,,,,,,,,,,,,,,,
2026-07-15 11:05:47,80566.234375,A0DB8AF16E20,0001,male,C57BL/6,1.1.1,FR1,0,Left,34,35,6,1,0,0,,,,,,,,,,,,,,,,,
2026-07-15 11:05:49,80568.960938,A0DB8AF16E20,0001,male,C57BL/6,1.1.1,FR1,0,PelletDrop,35,35,6,1,0,0,,,,,,,,,,,,,,,,,
2026-07-15 11:05:51,80570.054688,A0DB8AF16E20,0001,male,C57BL/6,1.1.1,FR1,0,PelletNotDetected,35,35,6,1,0,0,,,,,,,,,,,,,,,,,
2026-07-15 11:06:28,80607.234375,A0DB8AF16E20,0001,male,C57BL/6,1.1.1,FR1,0,Right,35,35,7,1,0,0,,,,,,,,,,,,,,,,,
2026-07-15 11:06:30,80609.328125,A0DB8AF16E20,0001,male,C57BL/6,1.1.1,FR1,0,Right,35,35,8,1,0,0,,,,,,,,,,,,,,,,,
2026-07-15 11:06:32,80611.218750,A0DB8AF16E20,0001,male,C57BL/6,1.1.1,FR1,0,Right,35,35,9,1,0,0,,,,,,,,,,,,,,,,,
2026-07-15 11:06:38,80617.320312,A0DB8AF16E20,0001,male,C57BL/6,1.1.1,FR1,0,Right,35,35,10,1,0,0,,,,,,,,,,,,,,,,,
2026-07-15 11:06:40,80619.656250,A0DB8AF16E20,0001,male,C57BL/6,1.1.1,FR1,0,Right,35,35,11,1,0,0,,,,,,,,,,,,,,,,,
2026-07-15 11:06:41,80620.679688,A0DB8AF16E20,0001,male,C57BL/6,1.1.1,FR1,0,Right,35,35,12,1,0,0,,,,,,,,,,,,,,,,,
2026-07-15 11:06:42,80622.046875,A0DB8AF16E20,0001,male,C57BL/6,1.1.1,FR1,0,Right,35,35,13,1,0,0,,,,,,,,,,,,,,,,,
2026-07-15 11:06:46,80625.835938,A0DB8AF16E20,0001,male,C57BL/6,1.1.1,FR1,0,Right,35,35,14,1,0,0,,,,,,,,,,,,,,,,,
2026-07-15 11:06:52,80631.601562,A0DB8AF16E20,0001,male,C57BL/6,1.1.1,FR1,0,Left,35,36,14,1,0,0,,,,,,,,,,,,,,,,,
2026-07-15 11:07:01,80640.718750,A0DB8AF16E20,0001,male,C57BL/6,1.1.1,FR1,0,PelletDrop,36,36,14,1,0,0,,,,,,,,,,,,,,,,,
2026-07-15 11:07:22,80661.218750,A0DB8AF16E20,0001,male,C57BL/6,1.1.1,FR1,0,PelletTaken,36,36,14,1,0,0,TimedOut,173.000,0,6,,,,,,,,,,,,,
2026-07-15 11:08:07,80706.500000,A0DB8AF16E20,0001,male,C57BL/6,1.1.1,FR1,0,Left,36,37,14,1,0,0,,,,,,,,,,,,,,,,,
2026-07-15 11:08:10,80709.265625,A0DB8AF16E20,0001,male,C57BL/6,1.1.1,FR1,0,PelletDrop,37,37,14,1,0,0,,,,,,,,,,,,,,,,,
2026-07-15 11:08:11,80710.359375,A0DB8AF16E20,0001,male,C57BL/6,1.1.1,FR1,0,PelletNotDetected,37,37,14,1,0,0,,,,,,,,,,,,,,,,,
2026-07-15 11:09:01,80760.289062,A0DB8AF16E20,0001,male,C57BL/6,1.1.1,FR1,0,Left,37,38,14,1,0,0,,,,,,,,,,,,,,,,,
2026-07-15 11:09:03,80763.015625,A0DB8AF16E20,0001,male,C57BL/6,1.1.1,FR1,0,PelletDrop,38,38,14,1,0,0,,,,,,,,,,,,,,,,,
2026-07-15 11:09:04,80764.109375,A0DB8AF16E20,0001,male,C57BL/6,1.1.1,FR1,0,PelletNotDetected,38,38,14,1,0,0,,,,,,,,,,,,,,,,,
2026-07-15 11:12:32,80970.890625,A0DB8AF16E20,0001,male,C57BL/6,1.1.1,FR1,0,Status,38,38,14,1,0,0,,,,,Disabled,24.6,41.1,1004.8,8.9,0.436,184.000,247736,339964,179756,2925,3.76,28.68
2026-07-15 11:12:38,80977.828125,A0DB8AF16E20,0001,male,C57BL/6,1.1.1,FR1,0,Left,38,39,14,1,0,0,,,,,,,,,,,,,,,,,
2026-07-15 11:12:45,80984.734375,A0DB8AF16E20,0001,male,C57BL/6,1.1.1,FR1,0,PelletDrop,39,39,14,1,0,0,,,,,,,,,,,,,,,,,
2026-07-15 11:13:06,81005.203125,A0DB8AF16E20,0001,male,C57BL/6,1.1.1,FR1,0,PelletTaken,39,39,14,1,0,0,TimedOut,856.000,0,4,,,,,,,,,,,,,
2026-07-15 11:14:26,81085.109375,A0DB8AF16E20,0001,male,C57BL/6,1.1.1,FR1,0,Right,39,39,15,1,0,0,,,,,,,,,,,,,,,,,
2026-07-15 11:14:29,81088.289062,A0DB8AF16E20,0001,male,C57BL/6,1.1.1,FR1,0,Right,39,39,16,1,0,0,,,,,,,,,,,,,,,,,
2026-07-15 11:14:31,81090.968750,A0DB8AF16E20,0001,male,C57BL/6,1.1.1,FR1,0,Right,39,39,17,1,0,0,,,,,,,,,,,,,,,,,
2026-07-15 11:14:33,81092.695312,A0DB8AF16E20,0001,male,C57BL/6,1.1.1,FR1,0,Right,39,39,18,1,0,0,,,,,,,,,,,,,,,,,
2026-07-15 11:14:34,81093.828125,A0DB8AF16E20,0001,male,C57BL/6,1.1.1,FR1,0,Right,39,39,19,1,0,0,,,,,,,,,,,,,,,,,
2026-07-15 11:14:36,81095.640625,A0DB8AF16E20,0001,male,C57BL/6,1.1.1,FR1,0,Right,39,39,20,1,0,0,,,,,,,,,,,,,,,,,
2026-07-15 11:14:38,81097.304688,A0DB8AF16E20,0001,male,C57BL/6,1.1.1,FR1,0,Right,39,39,21,1,0,0,,,,,,,,,,,,,,,,,
2026-07-15 11:14:41,81100.273438,A0DB8AF16E20,0001,male,C57BL/6,1.1.1,FR1,0,Right,39,39,22,1,0,0,,,,,,,,,,,,,,,,,
2026-07-15 11:14:43,81102.085938,A0DB8AF16E20,0001,male,C57BL/6,1.1.1,FR1,0,Right,39,39,23,1,0,0,,,,,,,,,,,,,,,,,
2026-07-15 11:14:57,81116.304688,A0DB8AF16E20,0001,male,C57BL/6,1.1.1,FR1,0,Left,39,40,23,1,0,0,,,,,,,,,,,,,,,,,
2026-07-15 11:15:02,81121.296875,A0DB8AF16E20,0001,male,C57BL/6,1.1.1,FR1,0,PelletDrop,40,40,23,1,0,0,,,,,,,,,,,,,,,,,
2026-07-15 11:15:03,81122.398438,A0DB8AF16E20,0001,male,C57BL/6,1.1.1,FR1,0,PelletNotDetected,40,40,23,1,0,0,,,,,,,,,,,,,,,,,
2026-07-15 11:23:15,81615.734375,A0DB8AF16E20,0001,male,C57BL/6,1.1.1,FR1,0,Status,40,40,23,1,0,0,,,,,Disabled,24.7,41.2,1004.8,8.9,0.223,118.000,247736,339964,179756,3060,3.75,28.25
2026-07-15 11:34:02,82263.492188,A0DB8AF16E20,0001,male,C57BL/6,1.1.1,FR1,0,Status,40,40,23,1,0,0,,,,,Disabled,24.7,41.2,1004.8,8.9,0.230,122.000,247736,339964,179756,3197,3.75,27.82
2026-07-15 11:36:24,82406.273438,A0DB8AF16E20,0001,male,C57BL/6,1.1.1,FR1,0,Right,40,40,24,1,0,0,,,,,,,,,,,,,,,,,
2026-07-15 11:37:32,82473.937500,A0DB8AF16E20,0001,male,C57BL/6,1.1.1,FR1,0,Left,40,41,24,1,0,0,,,,,,,,,,,,,,,,,
2026-07-15 11:37:35,82476.648438,A0DB8AF16E20,0001,male,C57BL/6,1.1.1,FR1,0,PelletDrop,41,41,24,1,0,0,,,,,,,,,,,,,,,,,
2026-07-15 11:37:36,82477.750000,A0DB8AF16E20,0001,male,C57BL/6,1.1.1,FR1,0,PelletNotDetected,41,41,24,1,0,0,,,,,,,,,,,,,,,,,
2026-07-15 11:38:48,82550.226562,A0DB8AF16E20,0001,male,C57BL/6,1.1.1,FR1,0,Right,41,41,25,1,0,0,,,,,,,,,,,,,,,,,
2026-07-15 11:38:50,82552.226562,A0DB8AF16E20,0001,male,C57BL/6,1.1.1,FR1,0,Right,41,41,26,1,0,0,,,,,,,,,,,,,,,,,
2026-07-15 11:38:51,82553.593750,A0DB8AF16E20,0001,male,C57BL/6,1.1.1,FR1,0,Right,41,41,27,1,0,0,,,,,,,,,,,,,,,,,
2026-07-15 11:38:53,82554.750000,A0DB8AF16E20,0001,male,C57BL/6,1.1.1,FR1,0,Right,41,41,28,1,0,0,,,,,,,,,,,,,,,,,
2026-07-15 11:38:55,82556.851562,A0DB8AF16E20,0001,male,C57BL/6,1.1.1,FR1,0,Right,41,41,29,1,0,0,,,,,,,,,,,,,,,,,
2026-07-15 11:39:12,82574.382812,A0DB8AF16E20,0001,male,C57BL/6,1.1.1,FR1,0,Right,41,41,30,1,0,0,,,,,,,,,,,,,,,,,
2026-07-15 11:39:13,82575.218750,A0DB8AF16E20,0001,male,C57BL/6,1.1.1,FR1,0,Right,41,41,31,1,0,0,,,,,,,,,,,,,,,,,
2026-07-15 11:39:15,82577.023438,A0DB8AF16E20,0001,male,C57BL/6,1.1.1,FR1,0,Right,41,41,32,1,0,0,,,,,,,,,,,,,,,,,
2026-07-15 11:39:17,82579.601562,A0DB8AF16E20,0001,male,C57BL/6,1.1.1,FR1,0,Right,41,41,33,1,0,0,,,,,,,,,,,,,,,,,
2026-07-15 11:39:19,82581.648438,A0DB8AF16E20,0001,male,C57BL/6,1.1.1,FR1,0,Right,41,41,34,1,0,0,,,,,,,,,,,,,,,,,
2026-07-15 11:39:21,82582.898438,A0DB8AF16E20,0001,male,C57BL/6,1.1.1,FR1,0,Right,41,41,35,1,0,0,,,,,,,,,,,,,,,,,
2026-07-15 11:39:22,82584.593750,A0DB8AF16E20,0001,male,C57BL/6,1.1.1,FR1,0,Right,41,41,36,1,0,0,,,,,,,,,,,,,,,,,
2026-07-15 11:39:42,82604.367188,A0DB8AF16E20,0001,male,C57BL/6,1.1.1,FR1,0,Left,41,42,36,1,0,0,,,,,,,,,,,,,,,,,
2026-07-15 11:39:51,82613.492188,A0DB8AF16E20,0001,male,C57BL/6,1.1.1,FR1,0,PelletDrop,42,42,36,1,0,0,,,,,,,,,,,,,,,,,
2026-07-15 11:40:02,82624.703125,A0DB8AF16E20,0001,male,C57BL/6,1.1.1,FR1,0,PelletTaken,42,42,36,1,0,0,10.707,432.000,0,6,,,,,,,,,,,,,
2026-07-15 11:41:10,82692.359375,A0DB8AF16E20,0001,male,C57BL/6,1.1.1,FR1,0,Left,42,43,36,1,0,0,,,,,,,,,,,,,,,,,
2026-07-15 11:41:14,82696.093750,A0DB8AF16E20,0001,male,C57BL/6,1.1.1,FR1,0,PelletDrop,43,43,36,1,0,0,,,,,,,,,,,,,,,,,
2026-07-15 11:41:15,82697.203125,A0DB8AF16E20,0001,male,C57BL/6,1.1.1,FR1,0,PelletNotDetected,43,43,36,1,0,0,,,,,,,,,,,,,,,,,
2026-07-15 11:41:49,82731.875000,A0DB8AF16E20,0001,male,C57BL/6,1.1.1,FR1,0,Left,43,44,36,1,0,0,,,,,,,,,,,,,,,,,
2026-07-15 11:41:52,82734.390625,A0DB8AF16E20,0001,male,C57BL/6,1.1.1,FR1,0,PelletDrop,44,44,36,1,0,0,,,,,,,,,,,,,,,,,
2026-07-15 11:41:53,82735.492188,A0DB8AF16E20,0001,male,C57BL/6,1.1.1,FR1,0,PelletNotDetected,44,44,36,1,0,0,,,,,,,,,,,,,,,,,
2026-07-15 11:42:38,82780.390625,A0DB8AF16E20,0001,male,C57BL/6,1.1.1,FR1,0,Left,44,45,36,1,0,0,,,,,,,,,,,,,,,,,
2026-07-15 11:42:41,82783.101562,A0DB8AF16E20,0001,male,C57BL/6,1.1.1,FR1,0,PelletDrop,45,45,36,1,0,0,,,,,,,,,,,,,,,,,
2026-07-15 11:42:41,82783.718750,A0DB8AF16E20,0001,male,C57BL/6,1.1.1,FR1,0,PelletTaken,45,45,36,1,0,0,0.104,61.000,0,3,,,,,,,,,,,,,
2026-07-15 11:43:37,82839.984375,A0DB8AF16E20,0001,male,C57BL/6,1.1.1,FR1,0,Left,45,46,36,1,0,0,,,,,,,,,,,,,,,,,
2026-07-15 11:43:42,82844.976562,A0DB8AF16E20,0001,male,C57BL/6,1.1.1,FR1,0,PelletDrop,46,46,36,1,0,0,,,,,,,,,,,,,,,,,
2026-07-15 11:43:57,82859.242188,A0DB8AF16E20,0001,male,C57BL/6,1.1.1,FR1,0,PelletTaken,46,46,36,1,0,0,13.765,106.000,0,2,,,,,,,,,,,,,
2026-07-15 11:44:50,82912.257812,A0DB8AF16E20,0001,male,C57BL/6,1.1.1,FR1,0,Status,46,46,36,1,0,0,,,,,Disabled,24.8,40.7,1004.8,8.9,0.608,287.000,247736,339964,179756,3331,3.74,27.39
2026-07-15 11:46:54,83036.492188,A0DB8AF16E20,0001,male,C57BL/6,1.1.1,FR1,0,Right,46,46,37,1,0,0,,,,,,,,,,,,,,,,,
2026-07-15 11:46:55,83037.843750,A0DB8AF16E20,0001,male,C57BL/6,1.1.1,FR1,0,Right,46,46,38,1,0,0,,,,,,,,,,,,,,,,,
2026-07-15 11:55:37,83560.031250,A0DB8AF16E20,0001,male,C57BL/6,1.1.1,FR1,0,Status,46,46,38,1,0,0,,,,,Disabled,24.8,41.2,1004.8,8.9,0.306,148.000,247736,339964,179756,3469,3.74,26.96
2026-07-15 12:06:23,84206.859375,A0DB8AF16E20,0001,male,C57BL/6,1.1.1,FR1,0,Status,46,46,38,1,0,0,,,,,Disabled,24.7,41.4,1004.7,9.0,0.320,156.000,247736,339964,179756,3606,3.74,26.54
2026-07-15 12:17:09,84853.726562,A0DB8AF16E20,0001,male,C57BL/6,1.1.1,FR1,0,Status,46,46,38,1,0,0,,,,,Disabled,24.6,41.4,1004.7,9.0,0.216,98.000,247736,339964,179756,3743,3.74,26.11
2026-07-15 12:28:00,85505.578125,A0DB8AF16E20,0001,male,C57BL/6,1.1.1,FR1,0,Status,46,46,38,1,0,0,,,,,Disabled,24.6,41.3,1004.6,9.0,0.403,196.000,247736,339964,179756,3880,3.74,25.68
2026-07-15 12:38:46,86152.382812,A0DB8AF16E20,0001,male,C57BL/6,1.1.1,FR1,0,Status,46,46,38,1,0,0,,,,,Disabled,24.5,41.4,1004.6,9.1,0.256,133.000,247736,339964,179756,4017,3.74,25.68
2026-07-15 12:49:26,86793.273438,A0DB8AF16E20,0001,male,C57BL/6,1.1.1,FR1,0,Status,46,46,38,1,0,0,,,,,Disabled,24.5,41.5,1004.6,9.1,0.310,154.000,247736,339964,179756,4154,3.74,25.25
2026-07-15 12:59:58,87426.320312,A0DB8AF16E20,0001,male,C57BL/6,1.1.1,FR1,0,Status,46,46,38,1,0,0,,,,,Disabled,24.4,41.6,1004.5,9.2,0.288,148.000,247736,339964,179756,4291,3.74,24.82
2026-07-15 13:07:03,87852.093750,A0DB8AF16E20,0001,male,C57BL/6,1.1.1,FR1,0,Left,46,47,38,1,0,0,,,,,,,,,,,,,,,,,
2026-07-15 13:07:06,87854.867188,A0DB8AF16E20,0001,male,C57BL/6,1.1.1,FR1,0,PelletDrop,47,47,38,1,0,0,,,,,,,,,,,,,,,,,
2026-07-15 13:07:07,87855.968750,A0DB8AF16E20,0001,male,C57BL/6,1.1.1,FR1,0,PelletNotDetected,47,47,38,1,0,0,,,,,,,,,,,,,,,,,
2026-07-15 13:08:03,87912.039062,A0DB8AF16E20,0001,male,C57BL/6,1.1.1,FR1,0,Right,47,47,39,1,0,0,,,,,,,,,,,,,,,,,
2026-07-15 13:08:11,87920.265625,A0DB8AF16E20,0001,male,C57BL/6,1.1.1,FR1,0,Left,47,48,39,1,0,0,,,,,,,,,,,,,,,,,
2026-07-15 13:08:16,87925.203125,A0DB8AF16E20,0001,male,C57BL/6,1.1.1,FR1,0,PelletDrop,48,48,39,1,0,0,,,,,,,,,,,,,,,,,
2026-07-15 13:08:29,87938.171875,A0DB8AF16E20,0001,male,C57BL/6,1.1.1,FR1,0,PelletTaken,48,48,39,1,0,0,12.456,176.000,0,3,,,,,,,,,,,,,
2026-07-15 13:09:31,88000.039062,A0DB8AF16E20,0001,male,C57BL/6,1.1.1,FR1,0,Left,48,49,39,1,0,0,,,,,,,,,,,,,,,,,
2026-07-15 13:09:36,88005.015625,A0DB8AF16E20,0001,male,C57BL/6,1.1.1,FR1,0,PelletDrop,49,49,39,1,0,0,,,,,,,,,,,,,,,,,
2026-07-15 13:09:49,88017.773438,A0DB8AF16E20,0001,male,C57BL/6,1.1.1,FR1,0,PelletTaken,49,49,39,1,0,0,12.237,1009.000,0,2,,,,,,,,,,,,,
2026-07-15 13:10:31,88060.281250,A0DB8AF16E20,0001,male,C57BL/6,1.1.1,FR1,0,Status,49,49,39,1,0,0,,,,,Disabled,24.4,41.3,1004.4,9.2,0.533,256.000,247736,339964,179756,4420,3.74,24.39
2026-07-15 13:10:40,88068.906250,A0DB8AF16E20,0001,male,C57BL/6,1.1.1,FR1,0,Left,49,50,39,1,0,0,,,,,,,,,,,,,,,,,
2026-07-15 13:10:43,88071.679688,A0DB8AF16E20,0001,male,C57BL/6,1.1.1,FR1,0,PelletDrop,50,50,39,1,0,0,,,,,,,,,,,,,,,,,
2026-07-15 13:10:44,88072.773438,A0DB8AF16E20,0001,male,C57BL/6,1.1.1,FR1,0,PelletNotDetected,50,50,39,1,0,0,,,,,,,,,,,,,,,,,
2026-07-15 13:12:16,88165.507812,A0DB8AF16E20,0001,male,C57BL/6,1.1.1,FR1,0,Left,50,51,39,1,0,0,,,,,,,,,,,,,,,,,
2026-07-15 13:12:43,88191.648438,A0DB8AF16E20,0001,male,C57BL/6,1.1.1,FR1,0,PelletDrop,51,51,39,1,0,0,,,,,,,,,,,,,,,,,
2026-07-15 13:12:44,88193.359375,A0DB8AF16E20,0001,male,C57BL/6,1.1.1,FR1,0,LeftWithPellet,51,52,39,1,0,0,,,,,,,,,,,,,,,,,
2026-07-15 13:12:46,88195.523438,A0DB8AF16E20,0001,male,C57BL/6,1.1.1,FR1,0,LeftWithPellet,51,53,39,1,0,0,,,,,,,,,,,,,,,,,
2026-07-15 13:12:50,88198.664062,A0DB8AF16E20,0001,male,C57BL/6,1.1.1,FR1,0,LeftWithPellet,51,54,39,1,0,0,,,,,,,,,,,,,,,,,
2026-07-15 13:12:52,88201.078125,A0DB8AF16E20,0001,male,C57BL/6,1.1.1,FR1,0,PelletTaken,51,54,39,1,0,0,8.921,2002.000,0,8,,,,,,,,,,,,,
2026-07-15 13:14:22,88291.570312,A0DB8AF16E20,0001,male,C57BL/6,1.1.1,FR1,0,Left,51,55,39,1,0,0,,,,,,,,,,,,,,,,,
2026-07-15 13:14:25,88294.343750,A0DB8AF16E20,0001,male,C57BL/6,1.1.1,FR1,0,PelletDrop,52,55,39,1,0,0,,,,,,,,,,,,,,,,,
2026-07-15 13:14:26,88295.265625,A0DB8AF16E20,0001,male,C57BL/6,1.1.1,FR1,0,PelletTaken,52,55,39,1,0,0,0.411,282.000,0,1,,,,,,,,,,,,,
2026-07-15 13:15:14,88342.906250,A0DB8AF16E20,0001,male,C57BL/6,1.1.1,FR1,0,Left,52,56,39,1,0,0,,,,,,,,,,,,,,,,,
2026-07-15 13:15:19,88347.882812,A0DB8AF16E20,0001,male,C57BL/6,1.1.1,FR1,0,PelletDrop,53,56,39,1,0,0,,,,,,,,,,,,,,,,,
2026-07-15 13:15:28,88357.640625,A0DB8AF16E20,0001,male,C57BL/6,1.1.1,FR1,0,PelletTaken,53,56,39,1,0,0,9.234,176.000,0,2,,,,,,,,,,,,,
2026-07-15 13:16:36,88425.187500,A0DB8AF16E20,0001,male,C57BL/6,1.1.1,FR1,0,Left,53,57,39,1,0,0,,,,,,,,,,,,,,,,,
2026-07-15 13:16:39,88427.945312,A0DB8AF16E20,0001,male,C57BL/6,1.1.1,FR1,0,PelletDrop,54,57,39,1,0,0,,,,,,,,,,,,,,,,,
2026-07-15 13:16:40,88429.281250,A0DB8AF16E20,0001,male,C57BL/6,1.1.1,FR1,0,PelletTaken,54,57,39,1,0,0,0.830,283.000,0,1,,,,,,,,,,,,,
2026-07-15 13:19:05,88574.757812,A0DB8AF16E20,0001,male,C57BL/6,1.1.1,FR1,0,Right,54,57,40,1,0,0,,,,,,,,,,,,,,,,,
2026-07-15 13:19:20,88590.054688,A0DB8AF16E20,0001,male,C57BL/6,1.1.1,FR1,0,Right,54,57,41,1,0,0,,,,,,,,,,,,,,,,,
2026-07-15 13:19:34,88603.843750,A0DB8AF16E20,0001,male,C57BL/6,1.1.1,FR1,0,Left,54,58,41,1,0,0,,,,,,,,,,,,,,,,,
2026-07-15 13:19:50,88619.664062,A0DB8AF16E20,0001,male,C57BL/6,1.1.1,FR1,0,PelletDrop,55,58,41,1,0,0,,,,,,,,,,,,,,,,,
2026-07-15 13:19:53,88622.609375,A0DB8AF16E20,0001,male,C57BL/6,1.1.1,FR1,0,PelletTaken,55,58,41,1,0,0,2.425,13.000,0,6,,,,,,,,,,,,,
2026-07-15 13:21:02,88691.359375,A0DB8AF16E20,0001,male,C57BL/6,1.1.1,FR1,0,Status,55,58,41,1,0,0,,,,,Disabled,24.4,41.7,1004.2,9.2,0.533,254.000,247736,339964,179756,4540,3.74,23.96
2026-07-15 13:21:26,88715.250000,A0DB8AF16E20,0001,male,C57BL/6,1.1.1,FR1,0,Left,55,59,41,1,0,0,,,,,,,,,,,,,,,,,
2026-07-15 13:21:28,88717.960938,A0DB8AF16E20,0001,male,C57BL/6,1.1.1,FR1,0,PelletDrop,56,59,41,1,0,0,,,,,,,,,,,,,,,,,
2026-07-15 13:21:29,88719.132812,A0DB8AF16E20,0001,male,C57BL/6,1.1.1,FR1,0,PelletNotDetected,56,59,41,1,0,0,,,,,,,,,,,,,,,,,
2026-07-15 13:22:20,88770.171875,A0DB8AF16E20,0001,male,C57BL/6,1.1.1,FR1,0,Left,56,60,41,1,0,0,,,,,,,,,,,,,,,,,
2026-07-15 13:22:25,88775.171875,A0DB8AF16E20,0001,male,C57BL/6,1.1.1,FR1,0,PelletDrop,57,60,41,1,0,0,,,,,,,,,,,,,,,,,
2026-07-15 13:22:45,88794.507812,A0DB8AF16E20,0001,male,C57BL/6,1.1.1,FR1,0,PelletTaken,57,60,41,1,0,0,18.804,871.000,0,3,,,,,,,,,,,,,
2026-07-15 13:31:30,89320.359375,A0DB8AF16E20,0001,male,C57BL/6,1.1.1,FR1,0,Status,57,60,41,1,0,0,,,,,Disabled,24.3,42.0,1004.1,9.2,0.346,168.000,247736,339964,179756,4670,3.74,23.53
2026-07-15 13:42:19,89970.125000,A0DB8AF16E20,0001,male,C57BL/6,1.1.1,FR1,0,Status,57,60,41,1,0,0,,,,,Disabled,24.3,41.6,1004.0,9.2,0.266,114.000,247736,339964,179756,4807,3.73,23.10
2026-07-15 13:52:51,90603.171875,A0DB8AF16E20,0001,male,C57BL/6,1.1.1,FR1,0,Status,57,60,41,1,0,0,,,,,Disabled,24.3,42.0,1003.9,9.2,0.173,80.000,247736,339964,179756,4944,3.73,23.10
2026-07-15 14:03:23,91236.250000,A0DB8AF16E20,0001,male,C57BL/6,1.1.1,FR1,0,Status,57,60,41,1,0,0,,,,,Disabled,24.2,42.0,1003.8,9.3,0.133,62.000,247736,339964,179756,5081,3.72,22.67
2026-07-15 14:13:57,91870.593750,A0DB8AF16E20,0001,male,C57BL/6,1.1.1,FR1,0,Status,57,60,41,1,0,0,,,,,Disabled,24.1,42.0,1003.6,9.4,0.194,88.000,247736,339964,179756,5218,3.73,22.24
2026-07-15 14:17:35,92088.703125,A0DB8AF16E20,0001,male,C57BL/6,1.1.1,FR1,0,Left,57,61,41,1,0,0,,,,,,,,,,,,,,,,,
2026-07-15 14:17:43,92096.945312,A0DB8AF16E20,0001,male,C57BL/6,1.1.1,FR1,0,PelletDrop,58,61,41,1,0,0,,,,,,,,,,,,,,,,,
2026-07-15 14:18:04,92117.468750,A0DB8AF16E20,0001,male,C57BL/6,1.1.1,FR1,0,PelletTaken,58,61,41,1,0,0,TimedOut,90.000,0,3,,,,,,,,,,,,,
2026-07-15 14:18:52,92165.609375,A0DB8AF16E20,0001,male,C57BL/6,1.1.1,FR1,0,Left,58,62,41,1,0,0,,,,,,,,,,,,,,,,,
2026-07-15 14:18:54,92167.296875,A0DB8AF16E20,0001,male,C57BL/6,1.1.1,FR1,0,PelletDrop,59,62,41,1,0,0,,,,,,,,,,,,,,,,,
2026-07-15 14:18:54,92167.976562,A0DB8AF16E20,0001,male,C57BL/6,1.1.1,FR1,0,PelletTaken,59,62,41,1,0,0,0.136,154.000,0,0,,,,,,,,,,,,,
2026-07-15 14:19:37,92210.335938,A0DB8AF16E20,0001,male,C57BL/6,1.1.1,FR1,0,Left,59,63,41,1,0,0,,,,,,,,,,,,,,,,,
2026-07-15 14:19:42,92215.335938,A0DB8AF16E20,0001,male,C57BL/6,1.1.1,FR1,0,PelletDrop,60,63,41,1,0,0,,,,,,,,,,,,,,,,,
2026-07-15 14:19:52,92225.781250,A0DB8AF16E20,0001,male,C57BL/6,1.1.1,FR1,0,PelletTaken,60,63,41,1,0,0,9.916,319.000,0,2,,,,,,,,,,,,,
2026-07-15 14:22:35,92388.867188,A0DB8AF16E20,0001,male,C57BL/6,1.1.1,FR1,0,Left,60,64,41,1,0,0,,,,,,,,,,,,,,,,,
2026-07-15 14:22:40,92393.867188,A0DB8AF16E20,0001,male,C57BL/6,1.1.1,FR1,0,PelletDrop,61,64,41,1,0,0,,,,,,,,,,,,,,,,,
2026-07-15 14:22:52,92405.710938,A0DB8AF16E20,0001,male,C57BL/6,1.1.1,FR1,0,PelletTaken,61,64,41,1,0,0,11.313,1035.000,0,2,,,,,,,,,,,,,
2026-07-15 14:24:30,92504.304688,A0DB8AF16E20,0001,male,C57BL/6,1.1.1,FR1,0,Status,61,64,41,1,0,0,,,,,Disabled,24.1,41.9,1003.5,9.3,0.428,178.000,247736,339964,179756,5341,3.73,22.24
2026-07-15 14:24:48,92522.257812,A0DB8AF16E20,0001,male,C57BL/6,1.1.1,FR1,0,Left,61,65,41,1,0,0,,,,,,,,,,,,,,,,,
2026-07-15 14:24:53,92527.257812,A0DB8AF16E20,0001,male,C57BL/6,1.1.1,FR1,0,PelletDrop,62,65,41,1,0,0,,,,,,,,,,,,,,,,,
2026-07-15 14:25:04,92538.257812,A0DB8AF16E20,0001,male,C57BL/6,1.1.1,FR1,0,PelletTaken,62,65,41,1,0,0,10.477,1260.000,0,2,,,,,,,,,,,,,
2026-07-15 14:35:05,93140.085938,A0DB8AF16E20,0001,male,C57BL/6,1.1.1,FR1,0,Status,62,65,41,1,0,0,,,,,Disabled,24.1,42.2,1003.4,9.3,0.137,66.000,247736,339964,179756,5474,3.73,21.81
2026-07-15 14:45:33,93768.921875,A0DB8AF16E20,0001,male,C57BL/6,1.1.1,FR1,0,Status,62,65,41,1,0,0,,,,,Disabled,24.0,42.5,1003.3,9.4,0.238,122.000,247736,339964,179756,5611,3.73,21.38
2026-07-15 14:56:05,94401.773438,A0DB8AF16E20,0001,male,C57BL/6,1.1.1,FR1,0,Status,62,65,41,1,0,0,,,,,Disabled,24.0,42.5,1003.2,9.4,0.259,135.000,247736,339964,179756,5748,3.73,21.38
2026-07-15 15:06:32,95029.601562,A0DB8AF16E20,0001,male,C57BL/6,1.1.1,FR1,0,Status,62,65,41,1,0,0,,,,,Disabled,23.9,42.7,1003.1,9.5,0.367,176.000,247736,339964,179756,5885,3.72,20.95
2026-07-15 15:17:06,95663.445312,A0DB8AF16E20,0001,male,C57BL/6,1.1.1,FR1,0,Status,62,65,41,1,0,0,,,,,Disabled,23.9,42.6,1003.0,9.4,0.184,82.000,247736,339964,179756,6022,3.73,20.52
2026-07-15 15:27:36,96295.281250,A0DB8AF16E20,0001,male,C57BL/6,1.1.1,FR1,0,Status,62,65,41,1,0,0,,,,,Disabled,23.8,42.6,1003.0,9.4,0.266,115.000,247736,339964,179756,6159,3.73,20.52
2026-07-15 15:38:07,96927.156250,A0DB8AF16E20,0001,male,C57BL/6,1.1.1,FR1,0,Status,62,65,41,1,0,0,,,,,Disabled,23.8,42.6,1002.9,9.4,0.288,140.000,247736,339964,179756,6296,3.73,20.09
2026-07-15 15:48:35,97555.976562,A0DB8AF16E20,0001,male,C57BL/6,1.1.1,FR1,0,Status,62,65,41,1,0,0,,,,,Disabled,23.8,42.7,1002.8,9.5,0.220,115.000,247736,339964,179756,6433,3.74,19.83
2026-07-15 15:51:32,97733.281250,A0DB8AF16E20,0001,male,C57BL/6,1.1.1,FR1,0,Left,62,66,41,1,0,0,,,,,,,,,,,,,,,,,
2026-07-15 15:51:50,97751.359375,A0DB8AF16E20,0001,male,C57BL/6,1.1.1,FR1,0,PelletDrop,63,66,41,1,0,0,,,,,,,,,,,,,,,,,
2026-07-15 15:51:51,97752.484375,A0DB8AF16E20,0001,male,C57BL/6,1.1.1,FR1,0,PelletNotDetected,63,66,41,1,0,0,,,,,,,,,,,,,,,,,
2026-07-15 15:52:28,97789.156250,A0DB8AF16E20,0001,male,C57BL/6,1.1.1,FR1,0,Left,63,67,41,1,0,0,,,,,,,,,,,,,,,,,
2026-07-15 15:52:39,97800.093750,A0DB8AF16E20,0001,male,C57BL/6,1.1.1,FR1,0,PelletDrop,64,67,41,1,0,0,,,,,,,,,,,,,,,,,
2026-07-15 15:52:43,97804.156250,A0DB8AF16E20,0001,male,C57BL/6,1.1.1,FR1,0,PelletTaken,64,67,41,1,0,0,3.525,408.000,0,8,,,,,,,,,,,,,
2026-07-15 15:54:01,97882.429688,A0DB8AF16E20,0001,male,C57BL/6,1.1.1,FR1,0,Left,64,68,41,1,0,0,,,,,,,,,,,,,,,,,
2026-07-15 15:54:04,97885.210938,A0DB8AF16E20,0001,male,C57BL/6,1.1.1,FR1,0,PelletDrop,65,68,41,1,0,0,,,,,,,,,,,,,,,,,
2026-07-15 15:54:05,97886.335938,A0DB8AF16E20,0001,male,C57BL/6,1.1.1,FR1,0,PelletNotDetected,65,68,41,1,0,0,,,,,,,,,,,,,,,,,
2026-07-15 15:54:34,97915.593750,A0DB8AF16E20,0001,male,C57BL/6,1.1.1,FR1,0,Left,65,69,41,1,0,0,,,,,,,,,,,,,,,,,
2026-07-15 15:54:39,97920.546875,A0DB8AF16E20,0001,male,C57BL/6,1.1.1,FR1,0,PelletDrop,66,69,41,1,0,0,,,,,,,,,,,,,,,,,
2026-07-15 15:54:51,97932.500000,A0DB8AF16E20,0001,male,C57BL/6,1.1.1,FR1,0,PelletTaken,66,69,41,1,0,0,11.423,40.000,0,3,,,,,,,,,,,,,
2026-07-15 15:55:30,97971.117188,A0DB8AF16E20,0001,male,C57BL/6,1.1.1,FR1,0,Left,66,70,41,1,0,0,,,,,,,,,,,,,,,,,
2026-07-15 15:55:35,97976.132812,A0DB8AF16E20,0001,male,C57BL/6,1.1.1,FR1,0,PelletDrop,67,70,41,1,0,0,,,,,,,,,,,,,,,,,
2026-07-15 15:55:47,97988.578125,A0DB8AF16E20,0001,male,C57BL/6,1.1.1,FR1,0,PelletTaken,67,70,41,1,0,0,11.918,300.000,0,2,,,,,,,,,,,,,
2026-07-15 15:56:27,98028.031250,A0DB8AF16E20,0001,male,C57BL/6,1.1.1,FR1,0,Left,67,71,41,1,0,0,,,,,,,,,,,,,,,,,
2026-07-15 15:56:32,98033.031250,A0DB8AF16E20,0001,male,C57BL/6,1.1.1,FR1,0,PelletDrop,68,71,41,1,0,0,,,,,,,,,,,,,,,,,
2026-07-15 15:56:43,98044.484375,A0DB8AF16E20,0001,male,C57BL/6,1.1.1,FR1,0,PelletTaken,68,71,41,1,0,0,10.906,13.000,0,2,,,,,,,,,,,,,
2026-07-15 15:57:28,98089.710938,A0DB8AF16E20,0001,male,C57BL/6,1.1.1,FR1,0,Left,68,72,41,1,0,0,,,,,,,,,,,,,,,,,
2026-07-15 15:57:31,98092.492188,A0DB8AF16E20,0001,male,C57BL/6,1.1.1,FR1,0,PelletDrop,69,72,41,1,0,0,,,,,,,,,,,,,,,,,
2026-07-15 15:57:32,98093.148438,A0DB8AF16E20,0001,male,C57BL/6,1.1.1,FR1,0,PelletTaken,69,72,41,1,0,0,0.126,1417.000,0,1,,,,,,,,,,,,,
2026-07-15 15:58:10,98131.257812,A0DB8AF16E20,0001,male,C57BL/6,1.1.1,FR1,0,Left,69,73,41,1,0,0,,,,,,,,,,,,,,,,,
2026-07-15 15:58:13,98134.578125,A0DB8AF16E20,0001,male,C57BL/6,1.1.1,FR1,0,PelletDrop,70,73,41,1,0,0,,,,,,,,,,,,,,,,,
2026-07-15 15:58:14,98135.703125,A0DB8AF16E20,0001,male,C57BL/6,1.1.1,FR1,0,PelletNotDetected,70,73,41,1,0,0,,,,,,,,,,,,,,,,,
2026-07-15 15:59:05,98186.671875,A0DB8AF16E20,0001,male,C57BL/6,1.1.1,FR1,0,Status,70,73,41,1,0,0,,,,,Disabled,23.8,42.1,1002.8,9.5,0.583,277.000,247736,339964,179756,6549,3.74,19.83
2026-07-15 15:59:16,98198.296875,A0DB8AF16E20,0001,male,C57BL/6,1.1.1,FR1,0,Right,70,73,42,1,0,0,,,,,,,,,,,,,,,,,
2026-07-15 16:09:33,98815.437500,A0DB8AF16E20,0001,male,C57BL/6,1.1.1,FR1,0,Status,70,73,42,1,0,0,,,,,Disabled,23.8,42.7,1002.7,9.4,0.144,68.000,247736,339964,179756,6686,3.74,19.57
2026-07-15 16:20:03,99446.320312,A0DB8AF16E20,0001,male,C57BL/6,1.1.1,FR1,0,Status,70,73,42,1,0,0,,,,,Disabled,23.8,42.7,1002.6,9.4,0.173,82.000,247736,339964,179756,6823,3.74,19.31
2026-07-15 16:30:38,100082.078125,A0DB8AF16E20,0001,male,C57BL/6,1.1.1,FR1,0,Status,70,73,42,1,0,0,,,,,Disabled,23.8,42.6,1002.6,9.4,0.169,76.000,247736,339964,179756,6960,3.72,19.05
2026-07-15 16:41:12,100716.875000,A0DB8AF16E20,0001,male,C57BL/6,1.1.1,FR1,0,Status,70,73,42,1,0,0,,,,,Disabled,23.8,42.6,1002.6,9.5,0.151,72.000,247736,339964,179756,7097,3.72,19.05
2026-07-15 16:43:10,100835.359375,A0DB8AF16E20,0001,male,C57BL/6,1.1.1,FR1,0,Left,70,74,42,1,0,0,,,,,,,,,,,,,,,,,
2026-07-15 16:43:13,100838.148438,A0DB8AF16E20,0001,male,C57BL/6,1.1.1,FR1,0,PelletDrop,71,74,42,1,0,0,,,,,,,,,,,,,,,,,
2026-07-15 16:43:14,100839.273438,A0DB8AF16E20,0001,male,C57BL/6,1.1.1,FR1,0,PelletNotDetected,71,74,42,1,0,0,,,,,,,,,,,,,,,,,
2026-07-15 16:44:07,100891.632812,A0DB8AF16E20,0001,male,C57BL/6,1.1.1,FR1,0,Left,71,75,42,1,0,0,,,,,,,,,,,,,,,,,
2026-07-15 16:44:15,100900.187500,A0DB8AF16E20,0001,male,C57BL/6,1.1.1,FR1,0,PelletDrop,72,75,42,1,0,0,,,,,,,,,,,,,,,,,
2026-07-15 16:44:16,100901.312500,A0DB8AF16E20,0001,male,C57BL/6,1.1.1,FR1,0,PelletNotDetected,72,75,42,1,0,0,,,,,,,,,,,,,,,,,
2026-07-15 16:44:52,100936.757812,A0DB8AF16E20,0001,male,C57BL/6,1.1.1,FR1,0,Left,72,76,42,1,0,0,,,,,,,,,,,,,,,,,
2026-07-15 16:44:55,100939.984375,A0DB8AF16E20,0001,male,C57BL/6,1.1.1,FR1,0,PelletDrop,73,76,42,1,0,0,,,,,,,,,,,,,,,,,
2026-07-15 16:44:56,100941.507812,A0DB8AF16E20,0001,male,C57BL/6,1.1.1,FR1,0,PelletTaken,73,76,42,1,0,0,0.995,31.000,0,6,,,,,,,,,,,,,
2026-07-15 16:45:25,100969.828125,A0DB8AF16E20,0001,male,C57BL/6,1.1.1,FR1,0,Left,73,77,42,1,0,0,,,,,,,,,,,,,,,,,
2026-07-15 16:47:16,101081.312500,A0DB8AF16E20,0001,male,C57BL/6,1.1.1,FR1,0,PelletDrop,74,77,42,1,0,0,,,,,,,,,,,,,,,,,
2026-07-15 16:47:17,101082.437500,A0DB8AF16E20,0001,male,C57BL/6,1.1.1,FR1,0,PelletNotDetected,74,77,42,1,0,0,,,,,,,,,,,,,,,,,
2026-07-15 16:47:47,101112.218750,A0DB8AF16E20,0001,male,C57BL/6,1.1.1,FR1,0,Left,74,78,42,1,0,0,,,,,,,,,,,,,,,,,
2026-07-15 16:48:15,101140.742188,A0DB8AF16E20,0001,male,C57BL/6,1.1.1,FR1,0,PelletDrop,75,78,42,1,0,0,,,,,,,,,,,,,,,,,
2026-07-15 16:48:29,101154.734375,A0DB8AF16E20,0001,male,C57BL/6,1.1.1,FR1,0,PelletTaken,75,78,42,1,0,0,13.447,235.000,0,41,,,,,,,,,,,,,
2026-07-15 16:49:18,101203.531250,A0DB8AF16E20,0001,male,C57BL/6,1.1.1,FR1,0,Left,75,79,42,1,0,0,,,,,,,,,,,,,,,,,
2026-07-15 16:49:32,101217.789062,A0DB8AF16E20,0001,male,C57BL/6,1.1.1,FR1,0,PelletDrop,76,79,42,1,0,0,,,,,,,,,,,,,,,,,
2026-07-15 16:49:34,101218.914062,A0DB8AF16E20,0001,male,C57BL/6,1.1.1,FR1,0,PelletNotDetected,76,79,42,1,0,0,,,,,,,,,,,,,,,,,
2026-07-15 16:50:06,101251.265625,A0DB8AF16E20,0001,male,C57BL/6,1.1.1,FR1,0,Left,76,80,42,1,0,0,,,,,,,,,,,,,,,,,
2026-07-15 16:50:11,101256.507812,A0DB8AF16E20,0001,male,C57BL/6,1.1.1,FR1,0,PelletDrop,77,80,42,1,0,0,,,,,,,,,,,,,,,,,
2026-07-15 16:50:12,101257.632812,A0DB8AF16E20,0001,male,C57BL/6,1.1.1,FR1,0,PelletNotDetected,77,80,42,1,0,0,,,,,,,,,,,,,,,,,
2026-07-15 16:50:55,101300.812500,A0DB8AF16E20,0001,male,C57BL/6,1.1.1,FR1,0,Left,77,81,42,1,0,0,,,,,,,,,,,,,,,,,
2026-07-15 16:51:59,101364.515625,A0DB8AF16E20,0001,male,C57BL/6,1.1.1,FR1,0,PelletDrop,78,81,42,1,0,0,,,,,,,,,,,,,,,,,
2026-07-15 16:52:20,101385.031250,A0DB8AF16E20,0001,male,C57BL/6,1.1.1,FR1,0,PelletTaken,78,81,42,1,0,0,TimedOut,32.000,0,24,,,,,,,,,,,,,
2026-07-15 16:53:00,101425.492188,A0DB8AF16E20,0001,male,C57BL/6,1.1.1,FR1,0,Status,78,81,42,1,0,0,,,,,Disabled,24.1,41.0,1002.5,9.2,0.439,186.000,247736,339964,179756,7188,3.72,18.02
2026-07-15 17:03:33,102059.718750,A0DB8AF16E20,0001,male,C57BL/6,1.1.1,FR1,0,Left,78,82,42,1,0,0,,,,,,,,,,,,,,,,,
2026-07-15 17:03:38,102064.718750,A0DB8AF16E20,0001,male,C57BL/6,1.1.1,FR1,0,PelletDrop,79,82,42,1,0,0,,,,,,,,,,,,,,,,,
2026-07-15 17:03:51,102077.382812,A0DB8AF16E20,0001,male,C57BL/6,1.1.1,FR1,0,PelletTaken,79,82,42,1,0,0,12.137,109.000,0,2,,,,,,,,,,,,,
2026-07-15 17:03:59,102085.054688,A0DB8AF16E20,0001,male,C57BL/6,1.1.1,FR1,0,Status,79,82,42,1,0,0,,,,,Disabled,24.2,41.9,1002.5,9.2,0.443,182.000,247736,339964,179756,7326,3.71,17.76
2026-07-15 17:04:29,102114.937500,A0DB8AF16E20,0001,male,C57BL/6,1.1.1,FR1,0,Left,79,83,42,1,0,0,,,,,,,,,,,,,,,,,
2026-07-15 17:04:34,102120.570312,A0DB8AF16E20,0001,male,C57BL/6,1.1.1,FR1,0,PelletDrop,80,83,42,1,0,0,,,,,,,,,,,,,,,,,
2026-07-15 17:04:44,102130.085938,A0DB8AF16E20,0001,male,C57BL/6,1.1.1,FR1,0,PelletTaken,80,83,42,1,0,0,8.981,109.000,0,2,,,,,,,,,,,,,
2026-07-15 17:14:15,102701.101562,A0DB8AF16E20,0001,male,C57BL/6,1.1.1,FR1,0,Status,80,83,42,1,0,0,,,,,Disabled,24.2,42.3,1002.5,9.3,0.202,92.000,247736,339964,179756,7455,3.71,17.76
2026-07-15 17:24:52,103339.875000,A0DB8AF16E20,0001,male,C57BL/6,1.1.1,FR1,0,Status,80,83,42,1,0,0,,,,,Disabled,24.2,42.4,1002.4,9.3,0.212,92.000,247736,339964,179756,7592,3.72,17.50
2026-07-15 17:27:40,103508.500000,A0DB8AF16E20,0001,male,C57BL/6,1.1.1,FR1,0,Left,80,84,42,1,0,0,,,,,,,,,,,,,,,,,
2026-07-15 17:27:42,103510.187500,A0DB8AF16E20,0001,male,C57BL/6,1.1.1,FR1,0,PelletDrop,81,84,42,1,0,0,,,,,,,,,,,,,,,,,
2026-07-15 17:27:43,103511.320312,A0DB8AF16E20,0001,male,C57BL/6,1.1.1,FR1,0,PelletNotDetected,81,84,42,1,0,0,,,,,,,,,,,,,,,,,
2026-07-15 17:28:18,103546.539062,A0DB8AF16E20,0001,male,C57BL/6,1.1.1,FR1,0,Left,81,85,42,1,0,0,,,,,,,,,,,,,,,,,
2026-07-15 17:28:24,103552.585938,A0DB8AF16E20,0001,male,C57BL/6,1.1.1,FR1,0,PelletDrop,82,85,42,1,0,0,,,,,,,,,,,,,,,,,
2026-07-15 17:28:37,103565.031250,A0DB8AF16E20,0001,male,C57BL/6,1.1.1,FR1,0,PelletTaken,82,85,42,1,0,0,11.917,370.000,0,3,,,,,,,,,,,,,
2026-07-15 17:29:25,103613.007812,A0DB8AF16E20,0001,male,C57BL/6,1.1.1,FR1,0,Right,82,85,43,1,0,0,,,,,,,,,,,,,,,,,
2026-07-15 17:29:32,103620.046875,A0DB8AF16E20,0001,male,C57BL/6,1.1.1,FR1,0,Left,82,86,43,1,0,0,,,,,,,,,,,,,,,,,
2026-07-15 17:29:48,103635.898438,A0DB8AF16E20,0001,male,C57BL/6,1.1.1,FR1,0,PelletDrop,83,86,43,1,0,0,,,,,,,,,,,,,,,,,
2026-07-15 17:29:56,103643.820312,A0DB8AF16E20,0001,male,C57BL/6,1.1.1,FR1,0,PelletTaken,83,86,43,1,0,0,7.397,224.000,0,6,,,,,,,,,,,,,
2026-07-15 17:30:56,103704.554688,A0DB8AF16E20,0001,male,C57BL/6,1.1.1,FR1,0,Left,83,87,43,1,0,0,,,,,,,,,,,,,,,,,
2026-07-15 17:31:01,103709.554688,A0DB8AF16E20,0001,male,C57BL/6,1.1.1,FR1,0,PelletDrop,84,87,43,1,0,0,,,,,,,,,,,,,,,,,
2026-07-15 17:31:20,103727.921875,A0DB8AF16E20,0001,male,C57BL/6,1.1.1,FR1,0,PelletTaken,84,87,43,1,0,0,17.836,137.000,0,2,,,,,,,,,,,,,
2026-07-15 17:35:21,103969.656250,A0DB8AF16E20,0001,male,C57BL/6,1.1.1,FR1,0,Status,84,87,43,1,0,0,,,,,Disabled,24.2,42.3,1002.4,9.3,0.144,70.000,247736,339964,179756,7714,3.71,17.24
2026-07-15 17:45:53,104602.742188,A0DB8AF16E20,0001,male,C57BL/6,1.1.1,FR1,0,Status,84,87,43,1,0,0,,,,,Disabled,24.1,42.4,1002.3,9.3,0.216,94.000,247736,339964,179756,7851,3.71,17.24
2026-07-15 17:54:32,105121.671875,A0DB8AF16E20,0001,male,C57BL/6,1.1.1,FR1,0,Left,84,88,43,1,0,0,,,,,,,,,,,,,,,,,
2026-07-15 17:54:34,105124.500000,A0DB8AF16E20,0001,male,C57BL/6,1.1.1,FR1,0,PelletDrop,85,88,43,1,0,0,,,,,,,,,,,,,,,,,
2026-07-15 17:54:36,105125.617188,A0DB8AF16E20,0001,male,C57BL/6,1.1.1,FR1,0,PelletNotDetected,85,88,43,1,0,0,,,,,,,,,,,,,,,,,
2026-07-15 17:56:24,105233.796875,A0DB8AF16E20,0001,male,C57BL/6,1.1.1,FR1,0,Status,85,88,43,1,0,0,,,,,Disabled,24.1,42.5,1002.2,9.3,0.191,84.000,247736,339964,179756,7987,3.71,16.98
2026-07-15 18:06:55,105866.109375,A0DB8AF16E20,0001,male,C57BL/6,1.1.1,FR1,0,Status,85,88,43,1,0,0,,,,,Disabled,24.0,42.5,1002.1,9.2,0.000,0.000,247736,339964,179756,8124,3.71,16.98
2026-07-15 18:12:40,106212.031250,A0DB8AF16E20,0001,male,C57BL/6,1.1.1,FR1,0,Left,85,89,43,1,0,0,,,,,,,,,,,,,,,,,
2026-07-15 18:12:43,106214.726562,A0DB8AF16E20,0001,male,C57BL/6,1.1.1,FR1,0,PelletDrop,86,89,43,1,0,0,,,,,,,,,,,,,,,,,
2026-07-15 18:12:44,106215.843750,A0DB8AF16E20,0001,male,C57BL/6,1.1.1,FR1,0,PelletNotDetected,86,89,43,1,0,0,,,,,,,,,,,,,,,,,
2026-07-15 18:13:21,106252.390625,A0DB8AF16E20,0001,male,C57BL/6,1.1.1,FR1,0,Left,86,90,43,1,0,0,,,,,,,,,,,,,,,,,
2026-07-15 18:13:28,106259.312500,A0DB8AF16E20,0001,male,C57BL/6,1.1.1,FR1,0,PelletDrop,87,90,43,1,0,0,,,,,,,,,,,,,,,,,
2026-07-15 18:13:44,106275.484375,A0DB8AF16E20,0001,male,C57BL/6,1.1.1,FR1,0,PelletTaken,87,90,43,1,0,0,15.636,244.000,0,4,,,,,,,,,,,,,
2026-07-15 18:15:18,106369.789062,A0DB8AF16E20,0001,male,C57BL/6,1.1.1,FR1,0,Left,87,91,43,1,0,0,,,,,,,,,,,,,,,,,
2026-07-15 18:15:25,106377.007812,A0DB8AF16E20,0001,male,C57BL/6,1.1.1,FR1,0,PelletDrop,88,91,43,1,0,0,,,,,,,,,,,,,,,,,
2026-07-15 18:15:37,106388.875000,A0DB8AF16E20,0001,male,C57BL/6,1.1.1,FR1,0,PelletTaken,88,91,43,1,0,0,11.335,235.000,0,3,,,,,,,,,,,,,
2026-07-15 18:17:26,106497.343750,A0DB8AF16E20,0001,male,C57BL/6,1.1.1,FR1,0,Left,88,92,43,1,0,0,,,,,,,,,,,,,,,,,
2026-07-15 18:17:31,106502.343750,A0DB8AF16E20,0001,male,C57BL/6,1.1.1,FR1,0,PelletDrop,89,92,43,1,0,0,,,,,,,,,,,,,,,,,
2026-07-15 18:17:45,106516.578125,A0DB8AF16E20,0001,male,C57BL/6,1.1.1,FR1,0,PelletTaken,89,92,43,1,0,0,13.711,476.000,0,2,,,,,,,,,,,,,
2026-07-15 18:17:53,106524.250000,A0DB8AF16E20,0001,male,C57BL/6,1.1.1,FR1,0,Status,89,92,43,1,0,0,,,,,Disabled,24.1,41.7,1002.1,9.2,0.000,0.000,247736,339964,179756,8252,3.71,16.47
2026-07-15 18:28:09,107141.578125,A0DB8AF16E20,0001,male,C57BL/6,1.1.1,FR1,0,Status,89,92,43,1,0,0,,,,,Disabled,24.1,42.4,1002.1,9.3,0.000,0.000,247736,339964,179756,8384,3.71,16.47
2026-07-15 18:38:44,107777.414062,A0DB8AF16E20,0001,male,C57BL/6,1.1.1,FR1,0,Status,89,92,43,1,0,0,,,,,Disabled,24.1,42.4,1002.1,9.3,0.000,0.000,247736,339964,179756,8521,3.71,16.21
2026-07-15 18:47:23,108297.093750,A0DB8AF16E20,0001,male,C57BL/6,1.1.1,FR1,0,Right,89,92,44,1,0,0,,,,,,,,,,,,,,,,,
2026-07-15 18:47:31,108304.562500,A0DB8AF16E20,0001,male,C57BL/6,1.1.1,FR1,0,Right,89,92,45,1,0,0,,,,,,,,,,,,,,,,,
2026-07-15 18:47:35,108309.179688,A0DB8AF16E20,0001,male,C57BL/6,1.1.1,FR1,0,Right,89,92,46,1,0,0,,,,,,,,,,,,,,,,,
2026-07-15 18:47:42,108315.734375,A0DB8AF16E20,0001,male,C57BL/6,1.1.1,FR1,0,Right,89,92,47,1,0,0,,,,,,,,,,,,,,,,,
2026-07-15 18:47:47,108320.406250,A0DB8AF16E20,0001,male,C57BL/6,1.1.1,FR1,0,Right,89,92,48,1,0,0,,,,,,,,,,,,,,,,,
2026-07-15 18:47:49,108323.187500,A0DB8AF16E20,0001,male,C57BL/6,1.1.1,FR1,0,Right,89,92,49,1,0,0,,,,,,,,,,,,,,,,,
2026-07-15 18:47:58,108331.695312,A0DB8AF16E20,0001,male,C57BL/6,1.1.1,FR1,0,Left,89,93,49,1,0,0,,,,,,,,,,,,,,,,,
2026-07-15 18:48:03,108336.695312,A0DB8AF16E20,0001,male,C57BL/6,1.1.1,FR1,0,PelletDrop,90,93,49,1,0,0,,,,,,,,,,,,,,,,,
2026-07-15 18:48:19,108352.742188,A0DB8AF16E20,0001,male,C57BL/6,1.1.1,FR1,0,PelletTaken,90,93,49,1,0,0,15.514,61.000,0,2,,,,,,,,,,,,,
2026-07-15 18:49:18,108412.203125,A0DB8AF16E20,0001,male,C57BL/6,1.1.1,FR1,0,Status,90,93,49,1,0,0,,,,,Disabled,24.1,42.3,1002.1,9.3,0.000,0.000,247736,339964,179756,8654,3.70,16.21
2026-07-15 18:50:52,108506.914062,A0DB8AF16E20,0001,male,C57BL/6,1.1.1,FR1,0,Left,90,94,49,1,0,0,,,,,,,,,,,,,,,,,
2026-07-15 18:50:58,108512.601562,A0DB8AF16E20,0001,male,C57BL/6,1.1.1,FR1,0,PelletDrop,91,94,49,1,0,0,,,,,,,,,,,,,,,,,
2026-07-15 18:51:11,108525.320312,A0DB8AF16E20,0001,male,C57BL/6,1.1.1,FR1,0,PelletTaken,91,94,49,1,0,0,12.192,196.000,0,2,,,,,,,,,,,,,
2026-07-15 18:51:52,108566.546875,A0DB8AF16E20,0001,male,C57BL/6,1.1.1,FR1,0,Left,91,95,49,1,0,0,,,,,,,,,,,,,,,,,
2026-07-15 18:51:59,108573.765625,A0DB8AF16E20,0001,male,C57BL/6,1.1.1,FR1,0,PelletDrop,92,95,49,1,0,0,,,,,,,,,,,,,,,,,
2026-07-15 18:52:12,108586.992188,A0DB8AF16E20,0001,male,C57BL/6,1.1.1,FR1,0,PelletTaken,92,95,49,1,0,0,12.699,837.000,0,3,,,,,,,,,,,,,
2026-07-15 18:53:13,108647.468750,A0DB8AF16E20,0001,male,C57BL/6,1.1.1,FR1,0,Left,92,96,49,1,0,0,,,,,,,,,,,,,,,,,
2026-07-15 18:53:18,108652.484375,A0DB8AF16E20,0001,male,C57BL/6,1.1.1,FR1,0,PelletDrop,93,96,49,1,0,0,,,,,,,,,,,,,,,,,
2026-07-15 18:53:31,108665.570312,A0DB8AF16E20,0001,male,C57BL/6,1.1.1,FR1,0,PelletTaken,93,96,49,1,0,0,12.555,402.000,0,2,,,,,,,,,,,,,
2026-07-15 18:54:09,108704.273438,A0DB8AF16E20,0001,male,C57BL/6,1.1.1,FR1,0,Left,93,97,49,1,0,0,,,,,,,,,,,,,,,,,
2026-07-15 18:54:12,108707.062500,A0DB8AF16E20,0001,male,C57BL/6,1.1.1,FR1,0,PelletDrop,94,97,49,1,0,0,,,,,,,,,,,,,,,,,
2026-07-15 18:54:13,108708.195312,A0DB8AF16E20,0001,male,C57BL/6,1.1.1,FR1,0,PelletNotDetected,94,97,49,1,0,0,,,,,,,,,,,,,,,,,
2026-07-15 18:59:56,109051.015625,A0DB8AF16E20,0001,male,C57BL/6,1.1.1,FR1,0,Status,94,97,49,1,0,0,,,,,Disabled,24.1,42.4,1002.1,9.3,0.000,0.000,247736,339964,179756,8778,3.71,15.95
2026-07-15 19:10:29,109685.437500,A0DB8AF16E20,0001,male,C57BL/6,1.1.1,FR1,0,Right,94,97,50,1,0,0,,,,,,,,,,,,,,,,,
2026-07-15 19:10:37,109693.117188,A0DB8AF16E20,0001,male,C57BL/6,1.1.1,FR1,0,Status,94,97,50,1,0,0,,,,,Disabled,24.1,42.7,1002.0,9.3,0.000,0.000,247736,339964,179756,8916,3.71,15.95
2026-07-15 19:21:16,110332.578125,A0DB8AF16E20,0001,male,C57BL/6,1.1.1,FR1,0,Status,94,97,50,1,0,0,,,,,Disabled,24.0,42.9,1002.0,9.3,0.108,85.000,247736,339964,179756,9052,3.71,15.95
2026-07-15 19:28:23,110760.226562,A0DB8AF16E20,0001,male,C57BL/6,1.1.1,FR1,0,Left,94,98,50,1,0,0,,,,,,,,,,,,,,,,,
2026-07-15 19:28:26,110762.960938,A0DB8AF16E20,0001,male,C57BL/6,1.1.1,FR1,0,PelletDrop,95,98,50,1,0,0,,,,,,,,,,,,,,,,,
2026-07-15 19:28:27,110764.093750,A0DB8AF16E20,0001,male,C57BL/6,1.1.1,FR1,0,PelletNotDetected,95,98,50,1,0,0,,,,,,,,,,,,,,,,,
2026-07-15 19:28:59,110795.820312,A0DB8AF16E20,0001,male,C57BL/6,1.1.1,FR1,0,Left,95,99,50,1,0,0,,,,,,,,,,,,,,,,,
2026-07-15 19:29:02,110799.093750,A0DB8AF16E20,0001,male,C57BL/6,1.1.1,FR1,0,PelletDrop,96,99,50,1,0,0,,,,,,,,,,,,,,,,,
2026-07-15 19:29:03,110800.218750,A0DB8AF16E20,0001,male,C57BL/6,1.1.1,FR1,0,PelletNotDetected,96,99,50,1,0,0,,,,,,,,,,,,,,,,,
2026-07-15 19:29:41,110838.015625,A0DB8AF16E20,0001,male,C57BL/6,1.1.1,FR1,0,Left,96,100,50,1,0,0,,,,,,,,,,,,,,,,,
2026-07-15 19:29:47,110844.398438,A0DB8AF16E20,0001,male,C57BL/6,1.1.1,FR1,0,PelletDrop,97,100,50,1,0,0,,,,,,,,,,,,,,,,,
2026-07-15 19:29:48,110845.031250,A0DB8AF16E20,0001,male,C57BL/6,1.1.1,FR1,0,PelletTaken,97,100,50,1,0,0,0.104,100.000,0,5,,,,,,,,,,,,,
2026-07-15 19:30:14,110871.507812,A0DB8AF16E20,0001,male,C57BL/6,1.1.1,FR1,0,Left,97,101,50,1,0,0,,,,,,,,,,,,,,,,,
2026-07-15 19:30:20,110877.109375,A0DB8AF16E20,0001,male,C57BL/6,1.1.1,FR1,0,PelletDrop,98,101,50,1,0,0,,,,,,,,,,,,,,,,,
2026-07-15 19:30:29,110886.234375,A0DB8AF16E20,0001,male,C57BL/6,1.1.1,FR1,0,PelletTaken,98,101,50,1,0,0,8.595,177.000,0,2,,,,,,,,,,,,,
2026-07-15 19:31:55,110972.507812,A0DB8AF16E20,0001,male,C57BL/6,1.1.1,FR1,0,Status,98,101,50,1,0,0,,,,,Disabled,24.1,42.8,1002.0,9.3,0.014,51.000,247736,339964,179756,9183,3.72,15.69
2026-07-15 19:40:12,111470.039062,A0DB8AF16E20,0001,male,C57BL/6,1.1.1,FR1,0,Left,98,102,50,1,0,0,,,,,,,,,,,,,,,,,
2026-07-15 19:40:14,111472.773438,A0DB8AF16E20,0001,male,C57BL/6,1.1.1,FR1,0,PelletDrop,99,102,50,1,0,0,,,,,,,,,,,,,,,,,
2026-07-15 19:40:16,111473.890625,A0DB8AF16E20,0001,male,C57BL/6,1.1.1,FR1,0,PelletNotDetected,99,102,50,1,0,0,,,,,,,,,,,,,,,,,
2026-07-15 19:40:41,111499.367188,A0DB8AF16E20,0001,male,C57BL/6,1.1.1,FR1,0,Left,99,103,50,1,0,0,,,,,,,,,,,,,,,,,
2026-07-15 19:40:44,111502.117188,A0DB8AF16E20,0001,male,C57BL/6,1.1.1,FR1,0,PelletDrop,100,103,50,1,0,0,,,,,,,,,,,,,,,,,
2026-07-15 19:40:45,111503.242188,A0DB8AF16E20,0001,male,C57BL/6,1.1.1,FR1,0,PelletNotDetected,100,103,50,1,0,0,,,,,,,,,,,,,,,,,
2026-07-15 19:41:19,111537.070312,A0DB8AF16E20,0001,male,C57BL/6,1.1.1,FR1,0,Left,100,104,50,1,0,0,,,,,,,,,,,,,,,,,
2026-07-15 19:41:26,111544.046875,A0DB8AF16E20,0001,male,C57BL/6,1.1.1,FR1,0,PelletDrop,101,104,50,1,0,0,,,,,,,,,,,,,,,,,
2026-07-15 19:41:33,111551.671875,A0DB8AF16E20,0001,male,C57BL/6,1.1.1,FR1,0,PelletTaken,101,104,50,1,0,0,7.089,804.000,0,4,,,,,,,,,,,,,
2026-07-15 19:42:28,111606.203125,A0DB8AF16E20,0001,male,C57BL/6,1.1.1,FR1,0,Status,101,104,50,1,0,0,,,,,Disabled,24.1,42.9,1002.0,9.3,0.007,45.000,247736,339964,179756,9316,3.72,15.69
2026-07-15 19:53:10,112249.023438,A0DB8AF16E20,0001,male,C57BL/6,1.1.1,FR1,0,Status,101,104,50,1,0,0,,,,,Disabled,24.0,43.4,1001.9,9.2,0.000,0.000,247736,339964,179756,9453,3.71,15.43
2026-07-15 19:56:42,112460.976562,A0DB8AF16E20,0001,male,C57BL/6,1.1.1,FR1,0,Right,101,104,51,1,0,0,,,,,,,,,,,,,,,,,
2026-07-15 19:57:17,112495.812500,A0DB8AF16E20,0001,male,C57BL/6,1.1.1,FR1,0,Left,101,105,51,1,0,0,,,,,,,,,,,,,,,,,
2026-07-15 19:57:20,112499.617188,A0DB8AF16E20,0001,male,C57BL/6,1.1.1,FR1,0,PelletDrop,102,105,51,1,0,0,,,,,,,,,,,,,,,,,
2026-07-15 19:57:21,112500.250000,A0DB8AF16E20,0001,male,C57BL/6,1.1.1,FR1,0,PelletTaken,102,105,51,1,0,0,0.104,367.000,0,1,,,,,,,,,,,,,
2026-07-15 19:57:57,112535.914062,A0DB8AF16E20,0001,male,C57BL/6,1.1.1,FR1,0,Left,102,106,51,1,0,0,,,,,,,,,,,,,,,,,
2026-07-15 19:57:58,112537.601562,A0DB8AF16E20,0001,male,C57BL/6,1.1.1,FR1,0,PelletDrop,103,106,51,1,0,0,,,,,,,,,,,,,,,,,
2026-07-15 19:58:00,112538.726562,A0DB8AF16E20,0001,male,C57BL/6,1.1.1,FR1,0,PelletNotDetected,103,106,51,1,0,0,,,,,,,,,,,,,,,,,
2026-07-15 19:58:26,112565.289062,A0DB8AF16E20,0001,male,C57BL/6,1.1.1,FR1,0,Left,103,107,51,1,0,0,,,,,,,,,,,,,,,,,
2026-07-15 19:58:32,112571.335938,A0DB8AF16E20,0001,male,C57BL/6,1.1.1,FR1,0,PelletDrop,104,107,51,1,0,0,,,,,,,,,,,,,,,,,
2026-07-15 19:58:41,112579.867188,A0DB8AF16E20,0001,male,C57BL/6,1.1.1,FR1,0,PelletTaken,104,107,51,1,0,0,7.990,254.000,0,3,,,,,,,,,,,,,
2026-07-15 19:59:10,112608.890625,A0DB8AF16E20,0001,male,C57BL/6,1.1.1,FR1,0,Left,104,108,51,1,0,0,,,,,,,,,,,,,,,,,
2026-07-15 19:59:15,112613.890625,A0DB8AF16E20,0001,male,C57BL/6,1.1.1,FR1,0,PelletDrop,105,108,51,1,0,0,,,,,,,,,,,,,,,,,
2026-07-15 19:59:24,112622.937500,A0DB8AF16E20,0001,male,C57BL/6,1.1.1,FR1,0,PelletTaken,105,108,51,1,0,0,8.519,443.000,0,2,,,,,,,,,,,,,
2026-07-15 20:03:39,112878.843750,A0DB8AF16E20,0001,male,C57BL/6,1.1.1,FR1,0,Status,105,108,51,1,0,0,,,,,Disabled,24.0,43.5,1002.0,9.3,0.000,0.000,247736,339964,179756,9582,3.71,15.43
2026-07-15 20:13:19,113459.234375,A0DB8AF16E20,0001,male,C57BL/6,1.1.1,FR1,0,Right,105,108,52,1,0,0,,,,,,,,,,,,,,,,,
2026-07-15 20:14:09,113509.734375,A0DB8AF16E20,0001,male,C57BL/6,1.1.1,FR1,0,Status,105,108,52,1,0,0,,,,,Disabled,24.0,43.6,1002.0,9.2,0.000,0.000,247736,339964,179756,9719,3.72,15.17
2026-07-15 20:19:09,113809.609375,A0DB8AF16E20,0001,male,C57BL/6,1.1.1,FR1,0,Right,105,108,53,1,0,0,,,,,,,,,,,,,,,,,
2026-07-15 20:24:39,114140.578125,A0DB8AF16E20,0001,male,C57BL/6,1.1.1,FR1,0,Status,105,108,53,1,0,0,,,,,Disabled,23.9,43.7,1002.1,9.3,0.000,0.000,247736,339964,179756,9856,3.72,15.17
2026-07-15 20:35:12,114774.343750,A0DB8AF16E20,0001,male,C57BL/6,1.1.1,FR1,0,Status,105,108,53,1,0,0,,,,,Disabled,24.0,43.6,1002.1,9.2,0.000,0.000,247736,339964,179756,9993,3.72,14.91
2026-07-15 20:45:46,115409.226562,A0DB8AF16E20,0001,male,C57BL/6,1.1.1,FR1,0,Status,105,108,53,1,0,0,,,,,Disabled,24.0,43.3,1002.1,9.2,0.000,0.000,247736,339964,179756,10130,3.72,14.91
2026-07-15 20:56:19,116043.078125,A0DB8AF16E20,0001,male,C57BL/6,1.1.1,FR1,0,Status,105,108,53,1,0,0,,,,,Disabled,24.0,43.1,1002.1,9.2,0.000,0.000,247736,339964,179756,10267,3.72,14.66
2026-07-15 21:06:52,116676.273438,A0DB8AF16E20,0001,male,C57BL/6,1.1.1,FR1,0,Status,105,108,53,1,0,0,,,,,Disabled,24.1,43.1,1002.2,9.1,0.000,0.000,247736,339964,179756,10404,3.72,14.66
2026-07-15 21:17:24,117309.421875,A0DB8AF16E20,0001,male,C57BL/6,1.1.1,FR1,0,Status,105,108,53,1,0,0,,,,,Disabled,24.1,43.1,1002.3,9.1,0.000,0.000,247736,339964,179756,10541,3.72,14.40
2026-07-15 21:27:56,117942.609375,A0DB8AF16E20,0001,male,C57BL/6,1.1.1,FR1,0,Status,105,108,53,1,0,0,,,,,Disabled,24.1,43.0,1002.3,9.2,0.000,0.000,247736,339964,179756,10678,3.72,14.40
2026-07-15 21:28:45,117991.804688,A0DB8AF16E20,0001,male,C57BL/6,1.1.1,FR1,0,Right,105,108,54,1,0,0,,,,,,,,,,,,,,,,,
2026-07-15 21:28:47,117993.828125,A0DB8AF16E20,0001,male,C57BL/6,1.1.1,FR1,0,Right,105,108,55,1,0,0,,,,,,,,,,,,,,,,,
2026-07-15 21:28:55,118001.320312,A0DB8AF16E20,0001,male,C57BL/6,1.1.1,FR1,0,Left,105,109,55,1,0,0,,,,,,,,,,,,,,,,,
2026-07-15 21:28:58,118004.101562,A0DB8AF16E20,0001,male,C57BL/6,1.1.1,FR1,0,PelletDrop,106,109,55,1,0,0,,,,,,,,,,,,,,,,,
2026-07-15 21:28:59,118005.218750,A0DB8AF16E20,0001,male,C57BL/6,1.1.1,FR1,0,PelletNotDetected,106,109,55,1,0,0,,,,,,,,,,,,,,,,,
2026-07-15 21:29:57,118063.664062,A0DB8AF16E20,0001,male,C57BL/6,1.1.1,FR1,0,Left,106,110,55,1,0,0,,,,,,,,,,,,,,,,,
2026-07-15 21:30:02,118068.617188,A0DB8AF16E20,0001,male,C57BL/6,1.1.1,FR1,0,PelletDrop,107,110,55,1,0,0,,,,,,,,,,,,,,,,,
2026-07-15 21:30:12,118078.859375,A0DB8AF16E20,0001,male,C57BL/6,1.1.1,FR1,0,PelletTaken,107,110,55,1,0,0,9.717,378.000,0,3,,,,,,,,,,,,,
2026-07-15 21:31:11,118137.460938,A0DB8AF16E20,0001,male,C57BL/6,1.1.1,FR1,0,Left,107,111,55,1,0,0,,,,,,,,,,,,,,,,,
2026-07-15 21:31:16,118142.468750,A0DB8AF16E20,0001,male,C57BL/6,1.1.1,FR1,0,PelletDrop,108,111,55,1,0,0,,,,,,,,,,,,,,,,,
2026-07-15 21:31:28,118154.765625,A0DB8AF16E20,0001,male,C57BL/6,1.1.1,FR1,0,PelletTaken,108,111,55,1,0,0,11.764,541.000,0,2,,,,,,,,,,,,,
2026-07-15 21:32:11,118197.523438,A0DB8AF16E20,0001,male,C57BL/6,1.1.1,FR1,0,Left,108,112,55,1,0,0,,,,,,,,,,,,,,,,,
2026-07-15 21:32:16,118203.062500,A0DB8AF16E20,0001,male,C57BL/6,1.1.1,FR1,0,PelletDrop,109,112,55,1,0,0,,,,,,,,,,,,,,,,,
2026-07-15 21:32:17,118203.742188,A0DB8AF16E20,0001,male,C57BL/6,1.1.1,FR1,0,PelletTaken,109,112,55,1,0,0,0.104,79.000,0,2,,,,,,,,,,,,,
2026-07-15 21:32:50,118236.367188,A0DB8AF16E20,0001,male,C57BL/6,1.1.1,FR1,0,Left,109,113,55,1,0,0,,,,,,,,,,,,,,,,,
2026-07-15 21:32:55,118241.367188,A0DB8AF16E20,0001,male,C57BL/6,1.1.1,FR1,0,PelletDrop,110,113,55,1,0,0,,,,,,,,,,,,,,,,,
2026-07-15 21:33:03,118249.484375,A0DB8AF16E20,0001,male,C57BL/6,1.1.1,FR1,0,PelletTaken,110,113,55,1,0,0,7.584,149.000,0,2,,,,,,,,,,,,,
2026-07-15 21:34:09,118315.304688,A0DB8AF16E20,0001,male,C57BL/6,1.1.1,FR1,0,Left,110,114,55,1,0,0,,,,,,,,,,,,,,,,,
2026-07-15 21:34:14,118320.304688,A0DB8AF16E20,0001,male,C57BL/6,1.1.1,FR1,0,PelletDrop,111,114,55,1,0,0,,,,,,,,,,,,,,,,,
2026-07-15 21:34:24,118330.820312,A0DB8AF16E20,0001,male,C57BL/6,1.1.1,FR1,0,PelletTaken,111,114,55,1,0,0,9.993,303.000,0,2,,,,,,,,,,,,,
2026-07-15 21:35:07,118374.093750,A0DB8AF16E20,0001,male,C57BL/6,1.1.1,FR1,0,Left,111,115,55,1,0,0,,,,,,,,,,,,,,,,,
2026-07-15 21:35:12,118379.101562,A0DB8AF16E20,0001,male,C57BL/6,1.1.1,FR1,0,PelletDrop,112,115,55,1,0,0,,,,,,,,,,,,,,,,,
2026-07-15 21:35:23,118389.437500,A0DB8AF16E20,0001,male,C57BL/6,1.1.1,FR1,0,PelletTaken,112,115,55,1,0,0,9.805,127.000,0,2,,,,,,,,,,,,,
2026-07-15 21:38:29,118576.359375,A0DB8AF16E20,0001,male,C57BL/6,1.1.1,FR1,0,Status,112,115,55,1,0,0,,,,,Disabled,24.2,42.6,1002.3,9.1,0.000,0.000,247736,339964,179756,10798,3.71,14.40
2026-07-15 21:49:07,119215.117188,A0DB8AF16E20,0001,male,C57BL/6,1.1.1,FR1,0,Status,112,115,55,1,0,0,,,,,Disabled,24.2,42.7,1002.4,9.1,0.000,0.000,247736,339964,179756,10935,3.71,14.14
2026-07-15 21:59:44,119852.828125,A0DB8AF16E20,0001,male,C57BL/6,1.1.1,FR1,0,Status,112,115,55,1,0,0,,,,,Disabled,24.3,42.6,1002.4,9.1,0.000,0.000,247736,339964,179756,11072,3.71,14.14
2026-07-15 22:10:18,120487.718750,A0DB8AF16E20,0001,male,C57BL/6,1.1.1,FR1,0,Status,112,115,55,1,0,0,,,,,Disabled,24.3,42.7,1002.4,9.1,0.000,0.000,247736,339964,179756,11209,3.71,14.14
2026-07-15 22:20:55,121125.492188,A0DB8AF16E20,0001,male,C57BL/6,1.1.1,FR1,0,Status,112,115,55,1,0,0,,,,,Disabled,24.3,42.6,1002.5,9.1,0.000,0.000,247736,339964,179756,11346,3.70,13.88
2026-07-15 22:31:28,121759.312500,A0DB8AF16E20,0001,male,C57BL/6,1.1.1,FR1,0,Status,112,115,55,1,0,0,,,,,Disabled,24.3,42.6,1002.5,9.1,0.000,0.000,247736,339964,179756,11483,3.70,13.88
2026-07-15 22:42:07,122399.187500,A0DB8AF16E20,0001,male,C57BL/6,1.1.1,FR1,0,Status,112,115,55,1,0,0,,,,,Disabled,24.3,42.4,1002.5,9.1,0.000,0.000,247736,339964,179756,11620,3.70,13.62
2026-07-15 22:46:36,122667.710938,A0DB8AF16E20,0001,male,C57BL/6,1.1.1,FR1,0,Right,112,115,56,1,0,0,,,,,,,,,,,,,,,,,
2026-07-15 22:46:39,122670.976562,A0DB8AF16E20,0001,male,C57BL/6,1.1.1,FR1,0,Right,112,115,57,1,0,0,,,,,,,,,,,,,,,,,
2026-07-15 22:46:40,122672.265625,A0DB8AF16E20,0001,male,C57BL/6,1.1.1,FR1,0,Right,112,115,58,1,0,0,,,,,,,,,,,,,,,,,
2026-07-15 22:46:49,122680.734375,A0DB8AF16E20,0001,male,C57BL/6,1.1.1,FR1,0,Left,112,116,58,1,0,0,,,,,,,,,,,,,,,,,
2026-07-15 22:46:54,122685.742188,A0DB8AF16E20,0001,male,C57BL/6,1.1.1,FR1,0,PelletDrop,113,116,58,1,0,0,,,,,,,,,,,,,,,,,
2026-07-15 22:47:07,122699.312500,A0DB8AF16E20,0001,male,C57BL/6,1.1.1,FR1,0,PelletTaken,113,116,58,1,0,0,13.040,127.000,0,2,,,,,,,,,,,,,
2026-07-15 22:48:04,122756.070312,A0DB8AF16E20,0001,male,C57BL/6,1.1.1,FR1,0,Left,113,117,58,1,0,0,,,,,,,,,,,,,,,,,
2026-07-15 22:48:20,122771.914062,A0DB8AF16E20,0001,male,C57BL/6,1.1.1,FR1,0,PelletDrop,114,117,58,1,0,0,,,,,,,,,,,,,,,,,
2026-07-15 22:48:21,122773.132812,A0DB8AF16E20,0001,male,C57BL/6,1.1.1,FR1,0,PelletTaken,114,117,58,1,0,0,0.676,708.000,0,6,,,,,,,,,,,,,
2026-07-15 22:49:52,122864.375000,A0DB8AF16E20,0001,male,C57BL/6,1.1.1,FR1,0,Left,114,118,58,1,0,0,,,,,,,,,,,,,,,,,
2026-07-15 22:49:57,122869.375000,A0DB8AF16E20,0001,male,C57BL/6,1.1.1,FR1,0,PelletDrop,115,118,58,1,0,0,,,,,,,,,,,,,,,,,
2026-07-15 22:50:07,122878.992188,A0DB8AF16E20,0001,male,C57BL/6,1.1.1,FR1,0,PelletTaken,115,118,58,1,0,0,9.090,976.000,0,2,,,,,,,,,,,,,
2026-07-15 22:50:46,122918.617188,A0DB8AF16E20,0001,male,C57BL/6,1.1.1,FR1,0,Left,115,119,58,1,0,0,,,,,,,,,,,,,,,,,
2026-07-15 22:50:51,122923.617188,A0DB8AF16E20,0001,male,C57BL/6,1.1.1,FR1,0,PelletDrop,116,119,58,1,0,0,,,,,,,,,,,,,,,,,
2026-07-15 22:51:01,122933.031250,A0DB8AF16E20,0001,male,C57BL/6,1.1.1,FR1,0,PelletTaken,116,119,58,1,0,0,8.882,371.000,0,2,,,,,,,,,,,,,
2026-07-15 22:51:36,122968.507812,A0DB8AF16E20,0001,male,C57BL/6,1.1.1,FR1,0,Left,116,120,58,1,0,0,,,,,,,,,,,,,,,,,
2026-07-15 22:51:41,122973.515625,A0DB8AF16E20,0001,male,C57BL/6,1.1.1,FR1,0,PelletDrop,117,120,58,1,0,0,,,,,,,,,,,,,,,,,
2026-07-15 22:51:50,122982.382812,A0DB8AF16E20,0001,male,C57BL/6,1.1.1,FR1,0,PelletTaken,117,120,58,1,0,0,8.332,451.000,0,2,,,,,,,,,,,,,
2026-07-15 22:52:45,123037.914062,A0DB8AF16E20,0001,male,C57BL/6,1.1.1,FR1,0,Status,117,120,58,1,0,0,,,,,Disabled,24.4,41.8,1002.5,9.1,0.000,0.000,247736,339964,179756,11741,3.70,13.36
2026-07-15 23:03:27,123680.703125,A0DB8AF16E20,0001,male,C57BL/6,1.1.1,FR1,0,Status,117,120,58,1,0,0,,,,,Disabled,24.4,42.4,1002.5,9.1,0.000,0.000,247736,339964,179756,11878,3.70,13.36
2026-07-15 23:04:25,123738.976562,A0DB8AF16E20,0001,male,C57BL/6,1.1.1,FR1,0,Right,117,120,59,1,0,0,,,,,,,,,,,,,,,,,
2026-07-15 23:04:26,123740.218750,A0DB8AF16E20,0001,male,C57BL/6,1.1.1,FR1,0,Right,117,120,60,1,0,0,,,,,,,,,,,,,,,,,
2026-07-15 23:04:27,123741.320312,A0DB8AF16E20,0001,male,C57BL/6,1.1.1,FR1,0,Right,117,120,61,1,0,0,,,,,,,,,,,,,,,,,
2026-07-15 23:04:29,123743.468750,A0DB8AF16E20,0001,male,C57BL/6,1.1.1,FR1,0,Right,117,120,62,1,0,0,,,,,,,,,,,,,,,,,
2026-07-15 23:04:32,123746.515625,A0DB8AF16E20,0001,male,C57BL/6,1.1.1,FR1,0,Right,117,120,63,1,0,0,,,,,,,,,,,,,,,,,
2026-07-15 23:04:38,123752.046875,A0DB8AF16E20,0001,male,C57BL/6,1.1.1,FR1,0,Right,117,120,64,1,0,0,,,,,,,,,,,,,,,,,
2026-07-15 23:04:50,123763.835938,A0DB8AF16E20,0001,male,C57BL/6,1.1.1,FR1,0,Left,117,121,64,1,0,0,,,,,,,,,,,,,,,,,
2026-07-15 23:04:52,123766.632812,A0DB8AF16E20,0001,male,C57BL/6,1.1.1,FR1,0,PelletDrop,118,121,64,1,0,0,,,,,,,,,,,,,,,,,
2026-07-15 23:04:53,123767.335938,A0DB8AF16E20,0001,male,C57BL/6,1.1.1,FR1,0,PelletTaken,118,121,64,1,0,0,0.104,360.000,0,1,,,,,,,,,,,,,
2026-07-15 23:05:19,123793.562500,A0DB8AF16E20,0001,male,C57BL/6,1.1.1,FR1,0,Left,118,122,64,1,0,0,,,,,,,,,,,,,,,,,
2026-07-15 23:05:24,123798.562500,A0DB8AF16E20,0001,male,C57BL/6,1.1.1,FR1,0,PelletDrop,119,122,64,1,0,0,,,,,,,,,,,,,,,,,
2026-07-15 23:05:35,123809.351562,A0DB8AF16E20,0001,male,C57BL/6,1.1.1,FR1,0,PelletTaken,119,122,64,1,0,0,10.245,252.000,0,2,,,,,,,,,,,,,
2026-07-15 23:14:08,124322.429688,A0DB8AF16E20,0001,male,C57BL/6,1.1.1,FR1,0,Status,119,122,64,1,0,0,,,,,Disabled,24.4,42.7,1002.5,9.0,0.000,0.000,247736,339964,179756,12012,3.69,13.10
2026-07-15 23:24:49,124964.273438,A0DB8AF16E20,0001,male,C57BL/6,1.1.1,FR1,0,Status,119,122,64,1,0,0,,,,,Disabled,24.4,42.9,1002.6,9.1,0.000,0.000,247736,339964,179756,12149,3.69,13.10
2026-07-15 23:25:09,124983.625000,A0DB8AF16E20,0001,male,C57BL/6,1.1.1,FR1,0,Right,119,122,65,1,0,0,,,,,,,,,,,,,,,,,
2026-07-15 23:35:25,125601.093750,A0DB8AF16E20,0001,male,C57BL/6,1.1.1,FR1,0,Status,119,122,65,1,0,0,,,,,Disabled,24.3,43.2,1002.6,9.1,0.000,0.000,247736,339964,179756,12287,3.71,12.84
2026-07-15 23:42:58,126055.023438,A0DB8AF16E20,0001,male,C57BL/6,1.1.1,FR1,0,Left,119,123,65,1,0,0,,,,,,,,,,,,,,,,,
2026-07-15 23:43:12,126068.656250,A0DB8AF16E20,0001,male,C57BL/6,1.1.1,FR1,0,PelletDrop,120,123,65,1,0,0,,,,,,,,,,,,,,,,,
2026-07-15 23:43:12,126069.320312,A0DB8AF16E20,0001,male,C57BL/6,1.1.1,FR1,0,PelletTaken,120,123,65,1,0,0,0.126,582.000,0,5,,,,,,,,,,,,,
2026-07-15 23:43:43,126100.367188,A0DB8AF16E20,0001,male,C57BL/6,1.1.1,FR1,0,Left,120,124,65,1,0,0,,,,,,,,,,,,,,,,,
2026-07-15 23:43:48,126105.367188,A0DB8AF16E20,0001,male,C57BL/6,1.1.1,FR1,0,PelletDrop,121,124,65,1,0,0,,,,,,,,,,,,,,,,,
2026-07-15 23:43:57,126113.820312,A0DB8AF16E20,0001,male,C57BL/6,1.1.1,FR1,0,PelletTaken,121,124,65,1,0,0,7.924,387.000,0,2,,,,,,,,,,,,,
2026-07-15 23:44:23,126139.781250,A0DB8AF16E20,0001,male,C57BL/6,1.1.1,FR1,0,Left,121,125,65,1,0,0,,,,,,,,,,,,,,,,,
2026-07-15 23:44:26,126143.148438,A0DB8AF16E20,0001,male,C57BL/6,1.1.1,FR1,0,PelletDrop,122,125,65,1,0,0,,,,,,,,,,,,,,,,,
2026-07-15 23:44:27,126144.273438,A0DB8AF16E20,0001,male,C57BL/6,1.1.1,FR1,0,PelletNotDetected,122,125,65,1,0,0,,,,,,,,,,,,,,,,,
2026-07-15 23:45:03,126180.453125,A0DB8AF16E20,0001,male,C57BL/6,1.1.1,FR1,0,Left,122,126,65,1,0,0,,,,,,,,,,,,,,,,,
2026-07-15 23:45:06,126183.250000,A0DB8AF16E20,0001,male,C57BL/6,1.1.1,FR1,0,PelletDrop,123,126,65,1,0,0,,,,,,,,,,,,,,,,,
2026-07-15 23:45:07,126184.367188,A0DB8AF16E20,0001,male,C57BL/6,1.1.1,FR1,0,PelletNotDetected,123,126,65,1,0,0,,,,,,,,,,,,,,,,,
2026-07-15 23:45:57,126233.515625,A0DB8AF16E20,0001,male,C57BL/6,1.1.1,FR1,0,Left,123,127,65,1,0,0,,,,,,,,,,,,,,,,,
2026-07-15 23:46:00,126236.500000,A0DB8AF16E20,0001,male,C57BL/6,1.1.1,FR1,0,PelletDrop,124,127,65,1,0,0,,,,,,,,,,,,,,,,,
2026-07-15 23:46:01,126237.632812,A0DB8AF16E20,0001,male,C57BL/6,1.1.1,FR1,0,PelletNotDetected,124,127,65,1,0,0,,,,,,,,,,,,,,,,,
2026-07-15 23:46:09,126245.296875,A0DB8AF16E20,0001,male,C57BL/6,1.1.1,FR1,0,Status,124,127,65,1,0,0,,,,,Disabled,24.3,42.8,1002.6,9.1,0.000,0.000,247736,339964,179756,12418,3.71,12.84
2026-07-15 23:46:22,126259.062500,A0DB8AF16E20,0001,male,C57BL/6,1.1.1,FR1,0,Left,124,128,65,1,0,0,,,,,,,,,,,,,,,,,
2026-07-15 23:46:29,126265.703125,A0DB8AF16E20,0001,male,C57BL/6,1.1.1,FR1,0,PelletDrop,125,128,65,1,0,0,,,,,,,,,,,,,,,,,
2026-07-15 23:46:30,126266.828125,A0DB8AF16E20,0001,male,C57BL/6,1.1.1,FR1,0,PelletNotDetected,125,128,65,1,0,0,,,,,,,,,,,,,,,,,
2026-07-15 23:46:49,126285.984375,A0DB8AF16E20,0001,male,C57BL/6,1.1.1,FR1,0,Left,125,129,65,1,0,0,,,,,,,,,,,,,,,,,
2026-07-15 23:46:52,126289.062500,A0DB8AF16E20,0001,male,C57BL/6,1.1.1,FR1,0,PelletDrop,126,129,65,1,0,0,,,,,,,,,,,,,,,,,
2026-07-15 23:46:53,126290.195312,A0DB8AF16E20,0001,male,C57BL/6,1.1.1,FR1,0,PelletNotDetected,126,129,65,1,0,0,,,,,,,,,,,,,,,,,
2026-07-15 23:47:18,126314.828125,A0DB8AF16E20,0001,male,C57BL/6,1.1.1,FR1,0,Left,126,130,65,1,0,0,,,,,,,,,,,,,,,,,
2026-07-15 23:47:29,126326.320312,A0DB8AF16E20,0001,male,C57BL/6,1.1.1,FR1,0,PelletDrop,127,130,65,1,0,0,,,,,,,,,,,,,,,,,
2026-07-15 23:47:36,126333.070312,A0DB8AF16E20,0001,male,C57BL/6,1.1.1,FR1,0,PelletTaken,127,130,65,1,0,0,6.220,740.000,0,8,,,,,,,,,,,,,
2026-07-15 23:48:08,126365.367188,A0DB8AF16E20,0001,male,C57BL/6,1.1.1,FR1,0,Left,127,131,65,1,0,0,,,,,,,,,,,,,,,,,
2026-07-15 23:48:11,126368.101562,A0DB8AF16E20,0001,male,C57BL/6,1.1.1,FR1,0,PelletDrop,128,131,65,1,0,0,,,,,,,,,,,,,,,,,
2026-07-15 23:48:12,126369.218750,A0DB8AF16E20,0001,male,C57BL/6,1.1.1,FR1,0,PelletNotDetected,128,131,65,1,0,0,,,,,,,,,,,,,,,,,
2026-07-15 23:51:30,126567.609375,A0DB8AF16E20,0001,male,C57BL/6,1.1.1,FR1,0,Right,128,131,66,1,0,0,,,,,,,,,,,,,,,,,
2026-07-15 23:56:38,126875.648438,A0DB8AF16E20,0001,male,C57BL/6,1.1.1,FR1,0,Status,128,131,66,1,0,0,,,,,Disabled,24.3,43.2,1002.6,9.1,0.000,0.000,247736,339964,179756,12548,3.70,12.59
2026-07-16 00:07:18,127516.437500,A0DB8AF16E20,0001,male,C57BL/6,1.1.1,FR1,0,Status,128,131,66,1,0,0,,,,,Disabled,24.3,42.9,1002.6,9.1,0.000,0.000,247736,339964,179756,12685,3.69,12.59
2026-07-16 00:18:04,128163.304688,A0DB8AF16E20,0001,male,C57BL/6,1.1.1,FR1,0,Status,128,131,66,1,0,0,,,,,Disabled,24.3,42.6,1002.6,9.1,0.000,0.000,247736,339964,179756,12822,3.68,12.59
2026-07-16 00:28:46,128806.046875,A0DB8AF16E20,0001,male,C57BL/6,1.1.1,FR1,0,Status,128,131,66,1,0,0,,,,,Disabled,24.3,42.5,1002.6,9.1,0.000,0.000,247736,339964,179756,12959,3.69,12.33
2026-07-16 00:39:29,129449.812500,A0DB8AF16E20,0001,male,C57BL/6,1.1.1,FR1,0,Status,128,131,66,1,0,0,,,,,Disabled,24.3,42.4,1002.6,9.1,0.000,0.000,247736,339964,179756,13096,3.69,12.07
2026-07-16 00:50:06,130087.648438,A0DB8AF16E20,0001,male,C57BL/6,1.1.1,FR1,0,Status,128,131,66,1,0,0,,,,,Disabled,24.3,42.5,1002.6,9.1,0.000,0.000,247736,339964,179756,13233,3.69,12.07
2026-07-16 00:56:02,130443.617188,A0DB8AF16E20,0001,male,C57BL/6,1.1.1,FR1,0,Left,128,132,66,1,0,0,,,,,,,,,,,,,,,,,
2026-07-16 00:56:07,130448.570312,A0DB8AF16E20,0001,male,C57BL/6,1.1.1,FR1,0,PelletDrop,129,132,66,1,0,0,,,,,,,,,,,,,,,,,
2026-07-16 00:56:27,130469.093750,A0DB8AF16E20,0001,male,C57BL/6,1.1.1,FR1,0,PelletTaken,129,132,66,1,0,0,TimedOut,248.000,0,3,,,,,,,,,,,,,
2026-07-16 00:57:15,130517.367188,A0DB8AF16E20,0001,male,C57BL/6,1.1.1,FR1,0,Right,129,132,67,1,0,0,,,,,,,,,,,,,,,,,
2026-07-16 01:00:39,130721.781250,A0DB8AF16E20,0001,male,C57BL/6,1.1.1,FR1,0,Status,129,132,67,1,0,0,,,,,Disabled,24.3,42.6,1002.5,9.1,0.000,0.000,247736,339964,179756,13366,3.70,11.81
2026-07-16 01:02:51,130853.218750,A0DB8AF16E20,0001,male,C57BL/6,1.1.1,FR1,0,Right,129,132,68,1,0,0,,,,,,,,,,,,,,,,,
2026-07-16 01:03:06,130868.148438,A0DB8AF16E20,0001,male,C57BL/6,1.1.1,FR1,0,Left,129,133,68,1,0,0,,,,,,,,,,,,,,,,,
2026-07-16 01:03:11,130873.164062,A0DB8AF16E20,0001,male,C57BL/6,1.1.1,FR1,0,PelletDrop,130,133,68,1,0,0,,,,,,,,,,,,,,,,,
2026-07-16 01:03:20,130882.882812,A0DB8AF16E20,0001,male,C57BL/6,1.1.1,FR1,0,PelletTaken,130,133,68,1,0,0,9.189,149.000,0,2,,,,,,,,,,,,,
2026-07-16 01:04:01,130923.937500,A0DB8AF16E20,0001,male,C57BL/6,1.1.1,FR1,0,Left,130,134,68,1,0,0,,,,,,,,,,,,,,,,,
2026-07-16 01:04:06,130928.937500,A0DB8AF16E20,0001,male,C57BL/6,1.1.1,FR1,0,PelletDrop,131,134,68,1,0,0,,,,,,,,,,,,,,,,,
2026-07-16 01:04:15,130937.492188,A0DB8AF16E20,0001,male,C57BL/6,1.1.1,FR1,0,PelletTaken,131,134,68,1,0,0,8.012,128.000,0,2,,,,,,,,,,,,,
2026-07-16 01:04:58,130980.515625,A0DB8AF16E20,0001,male,C57BL/6,1.1.1,FR1,0,Left,131,135,68,1,0,0,,,,,,,,,,,,,,,,,
2026-07-16 01:05:03,130985.515625,A0DB8AF16E20,0001,male,C57BL/6,1.1.1,FR1,0,PelletDrop,132,135,68,1,0,0,,,,,,,,,,,,,,,,,
2026-07-16 01:05:12,130994.562500,A0DB8AF16E20,0001,male,C57BL/6,1.1.1,FR1,0,PelletTaken,132,135,68,1,0,0,8.519,195.000,0,2,,,,,,,,,,,,,
2026-07-16 01:11:11,131354.359375,A0DB8AF16E20,0001,male,C57BL/6,1.1.1,FR1,0,Status,132,135,68,1,0,0,,,,,Disabled,24.3,42.6,1002.5,9.1,0.000,0.000,247736,339964,179756,13495,3.70,11.81
2026-07-16 01:21:51,131995.046875,A0DB8AF16E20,0001,male,C57BL/6,1.1.1,FR1,0,Status,132,135,68,1,0,0,,,,,Disabled,24.3,42.6,1002.5,9.1,0.000,0.000,247736,339964,179756,13632,3.70,11.81
2026-07-16 01:32:36,132640.875000,A0DB8AF16E20,0001,male,C57BL/6,1.1.1,FR1,0,Status,132,135,68,1,0,0,,,,,Disabled,24.3,42.5,1002.5,9.0,0.000,0.000,247736,339964,179756,13769,3.68,11.55
2026-07-16 01:43:21,133285.687500,A0DB8AF16E20,0001,male,C57BL/6,1.1.1,FR1,0,Status,132,135,68,1,0,0,,,,,Disabled,24.3,42.5,1002.5,9.1,0.000,0.000,247736,339964,179756,13906,3.68,11.55
2026-07-16 01:54:07,133933.406250,A0DB8AF16E20,0001,male,C57BL/6,1.1.1,FR1,0,Status,132,135,68,1,0,0,,,,,Disabled,24.3,42.4,1002.5,9.1,0.000,0.000,247736,339964,179756,14043,3.68,11.29
2026-07-16 02:04:46,134573.281250,A0DB8AF16E20,0001,male,C57BL/6,1.1.1,FR1,0,Status,132,135,68,1,0,0,,,,,Disabled,24.3,42.5,1002.5,9.1,0.000,0.000,247736,339964,179756,14180,3.69,11.29
2026-07-16 02:15:32,135220.125000,A0DB8AF16E20,0001,male,C57BL/6,1.1.1,FR1,0,Status,132,135,68,1,0,0,,,,,Disabled,24.3,42.4,1002.5,9.1,0.000,0.000,247736,339964,179756,14317,3.69,11.03
2026-07-16 02:26:20,135868.890625,A0DB8AF16E20,0001,male,C57BL/6,1.1.1,FR1,0,Status,132,135,68,1,0,0,,,,,Disabled,24.3,42.3,1002.5,9.1,0.000,0.000,247736,339964,179756,14454,3.69,11.03
2026-07-16 02:37:18,136527.750000,A0DB8AF16E20,0001,male,C57BL/6,1.1.1,FR1,0,Status,132,135,68,1,0,0,,,,,Disabled,24.3,42.3,1002.5,9.0,0.000,0.000,247736,339964,179756,14591,3.68,10.77
2026-07-16 02:38:29,136599.218750,A0DB8AF16E20,0001,male,C57BL/6,1.1.1,FR1,0,Right,132,135,69,1,0,0,,,,,,,,,,,,,,,,,
2026-07-16 02:38:33,136603.187500,A0DB8AF16E20,0001,male,C57BL/6,1.1.1,FR1,0,Right,132,135,70,1,0,0,,,,,,,,,,,,,,,,,
2026-07-16 02:38:37,136607.390625,A0DB8AF16E20,0001,male,C57BL/6,1.1.1,FR1,0,Left,132,136,70,1,0,0,,,,,,,,,,,,,,,,,
2026-07-16 02:38:42,136612.406250,A0DB8AF16E20,0001,male,C57BL/6,1.1.1,FR1,0,PelletDrop,133,136,70,1,0,0,,,,,,,,,,,,,,,,,
2026-07-16 02:38:43,136613.328125,A0DB8AF16E20,0001,male,C57BL/6,1.1.1,FR1,0,PelletTaken,133,136,70,1,0,0,0.390,107.000,0,2,,,,,,,,,,,,,
2026-07-16 02:39:28,136657.750000,A0DB8AF16E20,0001,male,C57BL/6,1.1.1,FR1,0,Left,133,137,70,1,0,0,,,,,,,,,,,,,,,,,
2026-07-16 02:39:33,136663.296875,A0DB8AF16E20,0001,male,C57BL/6,1.1.1,FR1,0,PelletDrop,134,137,70,1,0,0,,,,,,,,,,,,,,,,,
2026-07-16 02:39:44,136674.484375,A0DB8AF16E20,0001,male,C57BL/6,1.1.1,FR1,0,PelletTaken,134,137,70,1,0,0,10.642,398.000,0,2,,,,,,,,,,,,,
2026-07-16 02:40:21,136710.859375,A0DB8AF16E20,0001,male,C57BL/6,1.1.1,FR1,0,Left,134,138,70,1,0,0,,,,,,,,,,,,,,,,,
2026-07-16 02:40:26,136715.812500,A0DB8AF16E20,0001,male,C57BL/6,1.1.1,FR1,0,PelletDrop,135,138,70,1,0,0,,,,,,,,,,,,,,,,,
2026-07-16 02:40:27,136716.937500,A0DB8AF16E20,0001,male,C57BL/6,1.1.1,FR1,0,PelletNotDetected,135,138,70,1,0,0,,,,,,,,,,,,,,,,,
2026-07-16 02:48:19,137189.500000,A0DB8AF16E20,0001,male,C57BL/6,1.1.1,FR1,0,Status,135,138,70,1,0,0,,,,,Disabled,24.4,42.2,1002.5,9.0,0.000,0.000,247736,339964,179756,14724,3.68,10.77
2026-07-16 02:56:23,137674.031250,A0DB8AF16E20,0001,male,C57BL/6,1.1.1,FR1,0,Left,135,139,70,1,0,0,,,,,,,,,,,,,,,,,
2026-07-16 02:56:30,137681.000000,A0DB8AF16E20,0001,male,C57BL/6,1.1.1,FR1,0,PelletDrop,136,139,70,1,0,0,,,,,,,,,,,,,,,,,
2026-07-16 02:56:38,137688.781250,A0DB8AF16E20,0001,male,C57BL/6,1.1.1,FR1,0,PelletTaken,136,139,70,1,0,0,7.253,241.000,0,4,,,,,,,,,,,,,
2026-07-16 02:57:29,137740.125000,A0DB8AF16E20,0001,male,C57BL/6,1.1.1,FR1,0,Left,136,140,70,1,0,0,,,,,,,,,,,,,,,,,
2026-07-16 02:57:33,137743.984375,A0DB8AF16E20,0001,male,C57BL/6,1.1.1,FR1,0,PelletDrop,137,140,70,1,0,0,,,,,,,,,,,,,,,,,
2026-07-16 02:57:34,137744.843750,A0DB8AF16E20,0001,male,C57BL/6,1.1.1,FR1,0,PelletTaken,137,140,70,1,0,0,0.334,146.000,0,1,,,,,,,,,,,,,
2026-07-16 02:59:21,137852.296875,A0DB8AF16E20,0001,male,C57BL/6,1.1.1,FR1,0,Status,137,140,70,1,0,0,,,,,Disabled,24.5,42.3,1002.5,8.9,0.000,0.000,247736,339964,179756,14858,3.68,10.52
2026-07-16 03:10:24,138516.140625,A0DB8AF16E20,0001,male,C57BL/6,1.1.1,FR1,0,Status,137,140,70,1,0,0,,,,,Disabled,24.5,42.5,1002.5,8.9,0.000,0.000,247736,339964,179756,14995,3.68,10.52
2026-07-16 03:21:23,139175.921875,A0DB8AF16E20,0001,male,C57BL/6,1.1.1,FR1,0,Status,137,140,70,1,0,0,,,,,Disabled,24.5,42.4,1002.5,8.9,0.000,0.000,247736,339964,179756,15132,3.68,10.26
2026-07-16 03:32:27,139840.812500,A0DB8AF16E20,0001,male,C57BL/6,1.1.1,FR1,0,Status,137,140,70,1,0,0,,,,,Disabled,24.6,42.2,1002.5,8.9,0.000,0.000,247736,339964,179756,15269,3.69,10.26
2026-07-16 03:43:14,140488.593750,A0DB8AF16E20,0001,male,C57BL/6,1.1.1,FR1,0,Status,137,140,70,1,0,0,,,,,Disabled,24.6,42.4,1002.5,8.9,0.000,0.000,247736,339964,179756,15406,3.68,10.00
2026-07-16 03:54:16,141151.375000,A0DB8AF16E20,0001,male,C57BL/6,1.1.1,FR1,0,Status,137,140,70,1,0,0,,,,,Disabled,24.6,42.1,1002.5,8.9,0.000,0.000,247736,339964,179756,15543,3.69,10.00
2026-07-16 04:05:15,141811.125000,A0DB8AF16E20,0001,male,C57BL/6,1.1.1,FR1,0,Status,137,140,70,1,0,0,,,,,Disabled,24.6,42.1,1002.5,8.9,0.000,0.000,247736,339964,179756,15680,3.68,10.00
2026-07-16 04:16:16,142472.984375,A0DB8AF16E20,0001,male,C57BL/6,1.1.1,FR1,0,Status,137,140,70,1,0,0,,,,,Disabled,24.6,42.0,1002.5,8.9,0.000,0.000,247736,339964,179756,15817,3.68,9.74
2026-07-16 04:27:17,143134.781250,A0DB8AF16E20,0001,male,C57BL/6,1.1.1,FR1,0,Status,137,140,70,1,0,0,,,,,Disabled,24.6,42.0,1002.6,8.9,0.000,0.000,247736,339964,179756,15954,3.68,9.74
2026-07-16 04:38:19,143797.609375,A0DB8AF16E20,0001,male,C57BL/6,1.1.1,FR1,0,Status,137,140,70,1,0,0,,,,,Disabled,24.7,42.0,1002.6,8.9,0.000,0.000,247736,339964,179756,16091,3.68,9.48
2026-07-16 04:41:17,143976.187500,A0DB8AF16E20,0001,male,C57BL/6,1.1.1,FR1,0,Right,137,140,71,1,0,0,,,,,,,,,,,,,,,,,
2026-07-16 04:49:23,144462.406250,A0DB8AF16E20,0001,male,C57BL/6,1.1.1,FR1,0,Status,137,140,71,1,0,0,,,,,Disabled,24.7,42.0,1002.6,8.9,0.000,0.000,247736,339964,179756,16228,3.69,9.48
2026-07-16 05:00:16,145116.218750,A0DB8AF16E20,0001,male,C57BL/6,1.1.1,FR1,0,Status,137,140,71,1,0,0,,,,,Disabled,24.7,42.0,1002.6,8.9,0.000,0.000,247736,339964,179756,16365,3.68,9.22
2026-07-16 05:11:07,145767.078125,A0DB8AF16E20,0001,male,C57BL/6,1.1.1,FR1,0,Status,137,140,71,1,0,0,,,,,Disabled,24.7,42.0,1002.6,9.0,0.000,0.000,247736,339964,179756,16502,3.68,9.22
2026-07-16 05:22:10,146431.843750,A0DB8AF16E20,0001,male,C57BL/6,1.1.1,FR1,0,Status,137,140,71,1,0,0,,,,,Disabled,24.7,41.8,1002.7,8.9,0.000,0.000,247736,339964,179756,16639,3.68,9.22
2026-07-16 05:33:11,147092.703125,A0DB8AF16E20,0001,male,C57BL/6,1.1.1,FR1,0,Status,137,140,71,1,0,0,,,,,Disabled,24.7,41.8,1002.7,8.9,0.000,0.000,247736,339964,179756,16776,3.68,8.96
2026-07-16 05:44:05,147748.421875,A0DB8AF16E20,0001,male,C57BL/6,1.1.1,FR1,0,Status,137,140,71,1,0,0,,,,,Disabled,24.7,41.9,1002.7,8.9,0.000,0.000,247736,339964,179756,16913,3.66,8.96
2026-07-16 05:54:37,148381.500000,A0DB8AF16E20,0001,male,C57BL/6,1.1.1,FR1,0,Status,137,140,71,1,0,0,,,,,Disabled,24.6,42.4,1002.8,9.0,0.000,0.000,247736,339964,179756,17050,3.67,8.70
2026-07-16 06:05:09,149014.546875,A0DB8AF16E20,0001,male,C57BL/6,1.1.1,FR1,0,Status,137,140,71,1,0,0,,,,,Disabled,24.5,42.5,1002.8,9.1,0.256,112.000,247736,339964,179756,17187,3.67,8.58
2026-07-16 06:15:52,149656.984375,A0DB8AF16E20,0001,male,C57BL/6,1.1.1,FR1,0,Status,137,140,71,1,0,0,,,,,Disabled,24.5,42.4,1002.8,9.1,0.266,120.000,247736,339964,179756,17324,3.67,8.58
2026-07-16 06:26:24,150290.046875,A0DB8AF16E20,0001,male,C57BL/6,1.1.1,FR1,0,Status,137,140,71,1,0,0,,,,,Disabled,24.4,42.6,1002.8,9.1,0.281,124.000,247736,339964,179756,17461,3.67,8.58
2026-07-16 06:36:56,150923.109375,A0DB8AF16E20,0001,male,C57BL/6,1.1.1,FR1,0,Status,137,140,71,1,0,0,,,,,Disabled,24.3,42.6,1002.8,9.1,0.400,200.000,247736,339964,179756,17598,3.67,8.46
2026-07-16 06:47:35,151563.484375,A0DB8AF16E20,0001,male,C57BL/6,1.1.1,FR1,0,Status,137,140,71,1,0,0,,,,,Disabled,24.3,42.5,1002.9,9.0,0.356,178.000,247736,339964,179756,17735,3.67,8.46
2026-07-16 06:58:07,152196.562500,A0DB8AF16E20,0001,male,C57BL/6,1.1.1,FR1,0,Status,137,140,71,1,0,0,,,,,Disabled,24.3,42.7,1002.9,9.0,0.227,104.000,247736,339964,179756,17872,3.67,8.46
2026-07-16 07:06:52,152722.421875,A0DB8AF16E20,0001,male,C57BL/6,1.1.1,FR1,0,Left,137,141,71,1,0,0,,,,,,,,,,,,,,,,,
2026-07-16 07:06:57,152727.421875,A0DB8AF16E20,0001,male,C57BL/6,1.1.1,FR1,0,PelletDrop,138,141,71,1,0,0,,,,,,,,,,,,,,,,,
2026-07-16 07:07:09,152739.453125,A0DB8AF16E20,0001,male,C57BL/6,1.1.1,FR1,0,PelletTaken,138,141,71,1,0,0,11.500,596.000,0,2,,,,,,,,,,,,,
2026-07-16 07:07:53,152782.781250,A0DB8AF16E20,0001,male,C57BL/6,1.1.1,FR1,0,Left,138,142,71,1,0,0,,,,,,,,,,,,,,,,,
2026-07-16 07:07:58,152787.781250,A0DB8AF16E20,0001,male,C57BL/6,1.1.1,FR1,0,PelletDrop,139,142,71,1,0,0,,,,,,,,,,,,,,,,,
2026-07-16 07:08:10,152800.062500,A0DB8AF16E20,0001,male,C57BL/6,1.1.1,FR1,0,PelletTaken,139,142,71,1,0,0,11.753,72.000,0,2,,,,,,,,,,,,,
2026-07-16 07:08:57,152847.062500,A0DB8AF16E20,0001,male,C57BL/6,1.1.1,FR1,0,Status,139,142,71,1,0,0,,,,,Disabled,24.4,42.3,1002.9,9.0,0.486,230.000,247736,339964,179756,18003,3.68,8.34
2026-07-16 07:09:01,152850.750000,A0DB8AF16E20,0001,male,C57BL/6,1.1.1,FR1,0,Left,139,143,71,1,0,0,,,,,,,,,,,,,,,,,
2026-07-16 07:09:06,152855.750000,A0DB8AF16E20,0001,male,C57BL/6,1.1.1,FR1,0,PelletDrop,140,143,71,1,0,0,,,,,,,,,,,,,,,,,
2026-07-16 07:09:19,152868.390625,A0DB8AF16E20,0001,male,C57BL/6,1.1.1,FR1,0,PelletTaken,140,143,71,1,0,0,12.115,453.000,0,2,,,,,,,,,,,,,
2026-07-16 07:11:47,153016.937500,A0DB8AF16E20,0001,male,C57BL/6,1.1.1,FR1,0,Right,140,143,72,1,0,0,,,,,,,,,,,,,,,,,
2026-07-16 07:11:53,153023.296875,A0DB8AF16E20,0001,male,C57BL/6,1.1.1,FR1,0,Left,140,144,72,1,0,0,,,,,,,,,,,,,,,,,
2026-07-16 07:12:01,153030.515625,A0DB8AF16E20,0001,male,C57BL/6,1.1.1,FR1,0,PelletDrop,141,144,72,1,0,0,,,,,,,,,,,,,,,,,
2026-07-16 07:12:15,153044.531250,A0DB8AF16E20,0001,male,C57BL/6,1.1.1,FR1,0,PelletTaken,141,144,72,1,0,0,13.480,62.000,0,3,,,,,,,,,,,,,
2026-07-16 07:13:02,153091.890625,A0DB8AF16E20,0001,male,C57BL/6,1.1.1,FR1,0,Left,141,145,72,1,0,0,,,,,,,,,,,,,,,,,
2026-07-16 07:13:07,153097.421875,A0DB8AF16E20,0001,male,C57BL/6,1.1.1,FR1,0,PelletDrop,142,145,72,1,0,0,,,,,,,,,,,,,,,,,
2026-07-16 07:13:18,153108.343750,A0DB8AF16E20,0001,male,C57BL/6,1.1.1,FR1,0,PelletTaken,142,145,72,1,0,0,10.389,293.000,0,2,,,,,,,,,,,,,
2026-07-16 07:13:56,153145.828125,A0DB8AF16E20,0001,male,C57BL/6,1.1.1,FR1,0,Left,142,146,72,1,0,0,,,,,,,,,,,,,,,,,
2026-07-16 07:13:59,153148.656250,A0DB8AF16E20,0001,male,C57BL/6,1.1.1,FR1,0,PelletDrop,143,146,72,1,0,0,,,,,,,,,,,,,,,,,
2026-07-16 07:14:00,153149.781250,A0DB8AF16E20,0001,male,C57BL/6,1.1.1,FR1,0,PelletNotDetected,143,146,72,1,0,0,,,,,,,,,,,,,,,,,
2026-07-16 07:14:24,153174.328125,A0DB8AF16E20,0001,male,C57BL/6,1.1.1,FR1,0,Left,143,147,72,1,0,0,,,,,,,,,,,,,,,,,
2026-07-16 07:14:27,153177.015625,A0DB8AF16E20,0001,male,C57BL/6,1.1.1,FR1,0,PelletDrop,144,147,72,1,0,0,,,,,,,,,,,,,,,,,
2026-07-16 07:14:28,153178.140625,A0DB8AF16E20,0001,male,C57BL/6,1.1.1,FR1,0,PelletNotDetected,144,147,72,1,0,0,,,,,,,,,,,,,,,,,
2026-07-16 07:19:28,153478.750000,A0DB8AF16E20,0001,male,C57BL/6,1.1.1,FR1,0,Status,144,147,72,1,0,0,,,,,Disabled,24.4,42.6,1003.0,9.0,0.436,204.000,247736,339964,179756,18127,3.67,8.34
2026-07-16 07:29:13,154064.187500,A0DB8AF16E20,0001,male,C57BL/6,1.1.1,FR1,0,Left,144,148,72,1,0,0,,,,,,,,,,,,,,,,,
2026-07-16 07:29:20,154071.156250,A0DB8AF16E20,0001,male,C57BL/6,1.1.1,FR1,0,PelletDrop,145,148,72,1,0,0,,,,,,,,,,,,,,,,,
2026-07-16 07:29:32,154082.796875,A0DB8AF16E20,0001,male,C57BL/6,1.1.1,FR1,0,PelletTaken,145,148,72,1,0,0,11.093,550.000,0,4,,,,,,,,,,,,,
2026-07-16 07:30:12,154122.718750,A0DB8AF16E20,0001,male,C57BL/6,1.1.1,FR1,0,Left,145,149,72,1,0,0,,,,,,,,,,,,,,,,,
2026-07-16 07:30:18,154128.843750,A0DB8AF16E20,0001,male,C57BL/6,1.1.1,FR1,0,PelletDrop,146,149,72,1,0,0,,,,,,,,,,,,,,,,,
2026-07-16 07:30:29,154140.062500,A0DB8AF16E20,0001,male,C57BL/6,1.1.1,FR1,0,PelletTaken,146,149,72,1,0,0,10.697,866.000,0,2,,,,,,,,,,,,,
2026-07-16 07:30:37,154147.765625,A0DB8AF16E20,0001,male,C57BL/6,1.1.1,FR1,0,Status,146,149,72,1,0,0,,,,,Disabled,24.5,42.3,1003.0,8.9,0.569,266.000,247736,339964,179756,18263,3.67,8.09
2026-07-16 07:30:53,154164.265625,A0DB8AF16E20,0001,male,C57BL/6,1.1.1,FR1,0,Left,146,150,72,1,0,0,,,,,,,,,,,,,,,,,
2026-07-16 07:31:00,154171.484375,A0DB8AF16E20,0001,male,C57BL/6,1.1.1,FR1,0,PelletDrop,147,150,72,1,0,0,,,,,,,,,,,,,,,,,
2026-07-16 07:31:21,154192.015625,A0DB8AF16E20,0001,male,C57BL/6,1.1.1,FR1,0,PelletTaken,147,150,72,1,0,0,TimedOut,477.000,0,3,,,,,,,,,,,,,
2026-07-16 07:32:13,154243.890625,A0DB8AF16E20,0001,male,C57BL/6,1.1.1,FR1,0,Left,147,151,72,1,0,0,,,,,,,,,,,,,,,,,
2026-07-16 07:32:15,154246.687500,A0DB8AF16E20,0001,male,C57BL/6,1.1.1,FR1,0,PelletDrop,148,151,72,1,0,0,,,,,,,,,,,,,,,,,
2026-07-16 07:32:17,154247.796875,A0DB8AF16E20,0001,male,C57BL/6,1.1.1,FR1,0,PelletNotDetected,148,151,72,1,0,0,,,,,,,,,,,,,,,,,
2026-07-16 07:32:43,154273.812500,A0DB8AF16E20,0001,male,C57BL/6,1.1.1,FR1,0,Left,148,152,72,1,0,0,,,,,,,,,,,,,,,,,
2026-07-16 07:32:48,154278.765625,A0DB8AF16E20,0001,male,C57BL/6,1.1.1,FR1,0,PelletDrop,149,152,72,1,0,0,,,,,,,,,,,,,,,,,
2026-07-16 07:32:56,154287.031250,A0DB8AF16E20,0001,male,C57BL/6,1.1.1,FR1,0,PelletTaken,149,152,72,1,0,0,7.726,255.000,0,3,,,,,,,,,,,,,
2026-07-16 07:37:33,154564.265625,A0DB8AF16E20,0001,male,C57BL/6,1.1.1,FR1,0,Right,149,152,73,1,0,0,,,,,,,,,,,,,,,,,
2026-07-16 07:37:37,154568.125000,A0DB8AF16E20,0001,male,C57BL/6,1.1.1,FR1,0,Right,149,152,74,1,0,0,,,,,,,,,,,,,,,,,
2026-07-16 07:40:54,154766.375000,A0DB8AF16E20,0001,male,C57BL/6,1.1.1,FR1,0,Status,149,152,74,1,0,0,,,,,Disabled,24.4,43.0,1003.1,8.9,0.490,236.000,247736,339964,179756,18386,3.67,8.09
2026-07-16 07:51:34,155407.312500,A0DB8AF16E20,0001,male,C57BL/6,1.1.1,FR1,0,Status,149,152,74,1,0,0,,,,,Disabled,24.4,43.2,1003.1,9.0,0.202,108.000,247736,339964,179756,18523,3.66,8.09
2026-07-16 08:02:15,156049.031250,A0DB8AF16E20,0001,male,C57BL/6,1.1.1,FR1,0,Status,149,152,74,1,0,0,,,,,Disabled,24.4,43.2,1003.2,8.9,0.202,109.000,247736,339964,179756,18660,3.67,7.96
2026-07-16 08:12:59,156692.796875,A0DB8AF16E20,0001,male,C57BL/6,1.1.1,FR1,0,Status,149,152,74,1,0,0,,,,,Disabled,24.4,42.9,1003.2,9.0,0.266,134.000,247736,339964,179756,18797,3.67,7.96
2026-07-16 08:23:42,157337.671875,A0DB8AF16E20,0001,male,C57BL/6,1.1.1,FR1,0,Status,149,152,74,1,0,0,,,,,Disabled,24.4,42.7,1003.2,8.9,0.295,150.000,247736,339964,179756,18934,3.67,7.96
2026-07-16 08:34:32,157987.484375,A0DB8AF16E20,0001,male,C57BL/6,1.1.1,FR1,0,Status,149,152,74,1,0,0,,,,,Disabled,24.5,42.5,1003.2,8.9,0.281,144.000,247736,339964,179756,19071,3.67,7.96
2026-07-16 08:45:17,158634.296875,A0DB8AF16E20,0001,male,C57BL/6,1.1.1,FR1,0,Status,149,152,74,1,0,0,,,,,Disabled,24.5,42.5,1003.3,8.9,0.310,160.000,247736,339964,179756,19208,3.66,7.84
2026-07-16 08:48:20,158817.562500,A0DB8AF16E20,0001,male,C57BL/6,1.1.1,FR1,0,Right,149,152,75,1,0,0,,,,,,,,,,,,,,,,,
2026-07-16 08:48:36,158833.421875,A0DB8AF16E20,0001,male,C57BL/6,1.1.1,FR1,0,Left,149,153,75,1,0,0,,,,,,,,,,,,,,,,,
2026-07-16 08:48:39,158836.250000,A0DB8AF16E20,0001,male,C57BL/6,1.1.1,FR1,0,PelletDrop,150,153,75,1,0,0,,,,,,,,,,,,,,,,,
2026-07-16 08:48:40,158837.062500,A0DB8AF16E20,0001,male,C57BL/6,1.1.1,FR1,0,PelletTaken,150,153,75,1,0,0,0.104,219.000,0,1,,,,,,,,,,,,,
2026-07-16 08:49:25,158882.140625,A0DB8AF16E20,0001,male,C57BL/6,1.1.1,FR1,0,Left,150,154,75,1,0,0,,,,,,,,,,,,,,,,,
2026-07-16 08:49:30,158887.156250,A0DB8AF16E20,0001,male,C57BL/6,1.1.1,FR1,0,PelletDrop,151,154,75,1,0,0,,,,,,,,,,,,,,,,,
2026-07-16 08:49:38,158895.734375,A0DB8AF16E20,0001,male,C57BL/6,1.1.1,FR1,0,PelletTaken,151,154,75,1,0,0,8.057,174.000,0,2,,,,,,,,,,,,,
2026-07-16 08:50:55,158972.828125,A0DB8AF16E20,0001,male,C57BL/6,1.1.1,FR1,0,Right,151,154,76,1,0,0,,,,,,,,,,,,,,,,,
2026-07-16 08:51:02,158979.156250,A0DB8AF16E20,0001,male,C57BL/6,1.1.1,FR1,0,Right,151,154,77,1,0,0,,,,,,,,,,,,,,,,,
2026-07-16 08:51:03,158980.656250,A0DB8AF16E20,0001,male,C57BL/6,1.1.1,FR1,0,Right,151,154,78,1,0,0,,,,,,,,,,,,,,,,,
2026-07-16 08:51:19,158996.265625,A0DB8AF16E20,0001,male,C57BL/6,1.1.1,FR1,0,Left,151,155,78,1,0,0,,,,,,,,,,,,,,,,,
2026-07-16 08:51:22,158999.390625,A0DB8AF16E20,0001,male,C57BL/6,1.1.1,FR1,0,PelletDrop,152,155,78,1,0,0,,,,,,,,,,,,,,,,,
2026-07-16 08:51:23,159000.515625,A0DB8AF16E20,0001,male,C57BL/6,1.1.1,FR1,0,PelletNotDetected,152,155,78,1,0,0,,,,,,,,,,,,,,,,,
2026-07-16 08:51:46,159023.890625,A0DB8AF16E20,0001,male,C57BL/6,1.1.1,FR1,0,Left,152,156,78,1,0,0,,,,,,,,,,,,,,,,,
2026-07-16 08:51:49,159026.812500,A0DB8AF16E20,0001,male,C57BL/6,1.1.1,FR1,0,PelletDrop,153,156,78,1,0,0,,,,,,,,,,,,,,,,,
2026-07-16 08:51:51,159027.937500,A0DB8AF16E20,0001,male,C57BL/6,1.1.1,FR1,0,PelletNotDetected,153,156,78,1,0,0,,,,,,,,,,,,,,,,,
2026-07-16 08:52:30,159067.218750,A0DB8AF16E20,0001,male,C57BL/6,1.1.1,FR1,0,Left,153,157,78,1,0,0,,,,,,,,,,,,,,,,,
2026-07-16 08:52:38,159075.828125,A0DB8AF16E20,0001,male,C57BL/6,1.1.1,FR1,0,PelletDrop,154,157,78,1,0,0,,,,,,,,,,,,,,,,,
2026-07-16 08:52:53,159090.875000,A0DB8AF16E20,0001,male,C57BL/6,1.1.1,FR1,0,PelletTaken,154,157,78,1,0,0,14.514,99.000,0,5,,,,,,,,,,,,,
2026-07-16 08:53:13,159110.812500,A0DB8AF16E20,0001,male,C57BL/6,1.1.1,FR1,0,Left,154,158,78,1,0,0,,,,,,,,,,,,,,,,,
2026-07-16 08:53:19,159116.343750,A0DB8AF16E20,0001,male,C57BL/6,1.1.1,FR1,0,PelletDrop,155,158,78,1,0,0,,,,,,,,,,,,,,,,,
2026-07-16 08:53:28,159125.375000,A0DB8AF16E20,0001,male,C57BL/6,1.1.1,FR1,0,PelletTaken,155,158,78,1,0,0,8.486,202.000,0,2,,,,,,,,,,,,,
2026-07-16 08:54:02,159159.171875,A0DB8AF16E20,0001,male,C57BL/6,1.1.1,FR1,0,Left,155,159,78,1,0,0,,,,,,,,,,,,,,,,,
2026-07-16 08:54:07,159164.171875,A0DB8AF16E20,0001,male,C57BL/6,1.1.1,FR1,0,PelletDrop,156,159,78,1,0,0,,,,,,,,,,,,,,,,,
2026-07-16 08:54:13,159170.468750,A0DB8AF16E20,0001,male,C57BL/6,1.1.1,FR1,0,PelletTaken,156,159,78,1,0,0,5.758,136.000,0,2,,,,,,,,,,,,,
2026-07-16 08:54:48,159205.578125,A0DB8AF16E20,0001,male,C57BL/6,1.1.1,FR1,0,Left,156,160,78,1,0,0,,,,,,,,,,,,,,,,,
2026-07-16 08:54:53,159210.578125,A0DB8AF16E20,0001,male,C57BL/6,1.1.1,FR1,0,PelletDrop,157,160,78,1,0,0,,,,,,,,,,,,,,,,,
2026-07-16 08:55:00,159217.843750,A0DB8AF16E20,0001,male,C57BL/6,1.1.1,FR1,0,PelletTaken,157,160,78,1,0,0,6.725,98.000,0,2,,,,,,,,,,,,,
2026-07-16 08:56:02,159280.046875,A0DB8AF16E20,0001,male,C57BL/6,1.1.1,FR1,0,Status,157,160,78,1,0,0,,,,,Disabled,24.6,42.2,1003.3,8.9,0.432,212.000,247736,339964,179756,19330,3.68,7.84
2026-07-16 09:06:49,159927.875000,A0DB8AF16E20,0001,male,C57BL/6,1.1.1,FR1,0,Status,157,160,78,1,0,0,,,,,Disabled,24.6,42.8,1003.3,9.0,0.468,230.000,247736,339964,179756,19467,3.66,7.84
2026-07-16 09:17:32,160571.734375,A0DB8AF16E20,0001,male,C57BL/6,1.1.1,FR1,0,Status,157,160,78,1,0,0,,,,,Disabled,24.5,43.0,1003.4,9.0,0.425,211.000,247736,339964,179756,19604,3.66,7.72
2026-07-16 09:28:04,161204.781250,A0DB8AF16E20,0001,male,C57BL/6,1.1.1,FR1,0,Status,157,160,78,1,0,0,,,,,Disabled,24.4,43.3,1003.4,9.1,0.371,182.000,247736,339964,179756,19741,3.66,7.72
2026-07-16 09:38:37,161837.859375,A0DB8AF16E20,0001,male,C57BL/6,1.1.1,FR1,0,Status,157,160,78,1,0,0,,,,,Disabled,24.3,43.4,1003.4,9.2,0.382,188.000,247736,339964,179756,19878,3.66,7.72
2026-07-16 09:49:25,162487.187500,A0DB8AF16E20,0001,male,C57BL/6,1.1.1,FR1,0,Status,157,160,78,1,0,0,,,,,Disabled,24.3,43.0,1003.5,9.2,0.389,190.000,247736,339964,179756,20015,3.66,7.60
2026-07-16 10:00:09,163131.921875,A0DB8AF16E20,0001,male,C57BL/6,1.1.1,FR1,0,Status,157,160,78,1,0,0,,,,,Disabled,24.3,43.0,1003.4,9.1,0.389,189.000,247736,339964,179756,20152,3.67,7.60
2026-07-16 10:10:52,163774.796875,A0DB8AF16E20,0001,male,C57BL/6,1.1.1,FR1,0,Status,157,160,78,1,0,0,,,,,Disabled,24.2,43.0,1003.4,9.2,0.360,178.000,247736,339964,179756,20289,3.66,7.60
2026-07-16 10:21:35,164418.593750,A0DB8AF16E20,0001,male,C57BL/6,1.1.1,FR1,0,Status,157,160,78,1,0,0,,,,,Disabled,24.2,43.0,1003.5,9.1,0.277,144.000,247736,339964,179756,20426,3.66,7.47
2026-07-16 10:28:27,164831.828125,A0DB8AF16E20,0001,male,C57BL/6,1.1.1,FR1,0,Left,157,161,78,1,0,0,,,,,,,,,,,,,,,,,
2026-07-16 10:28:32,164836.828125,A0DB8AF16E20,0001,male,C57BL/6,1.1.1,FR1,0,PelletDrop,158,161,78,1,0,0,,,,,,,,,,,,,,,,,
2026-07-16 10:28:43,164847.578125,A0DB8AF16E20,0001,male,C57BL/6,1.1.1,FR1,0,PelletTaken,158,161,78,1,0,0,10.213,239.000,0,2,,,,,,,,,,,,,
2026-07-16 10:29:36,164900.578125,A0DB8AF16E20,0001,male,C57BL/6,1.1.1,FR1,0,Left,158,162,78,1,0,0,,,,,,,,,,,,,,,,,
2026-07-16 10:29:52,164916.468750,A0DB8AF16E20,0001,male,C57BL/6,1.1.1,FR1,0,PelletDrop,159,162,78,1,0,0,,,,,,,,,,,,,,,,,
2026-07-16 10:29:53,164917.593750,A0DB8AF16E20,0001,male,C57BL/6,1.1.1,FR1,0,PelletNotDetected,159,162,78,1,0,0,,,,,,,,,,,,,,,,,
2026-07-16 10:30:23,164948.171875,A0DB8AF16E20,0001,male,C57BL/6,1.1.1,FR1,0,Left,159,163,78,1,0,0,,,,,,,,,,,,,,,,,
2026-07-16 10:30:36,164960.593750,A0DB8AF16E20,0001,male,C57BL/6,1.1.1,FR1,0,PelletDrop,160,163,78,1,0,0,,,,,,,,,,,,,,,,,
2026-07-16 10:30:37,164961.421875,A0DB8AF16E20,0001,male,C57BL/6,1.1.1,FR1,0,PelletTaken,160,163,78,1,0,0,0.302,823.000,0,8,,,,,,,,,,,,,
2026-07-16 10:31:22,165007.140625,A0DB8AF16E20,0001,male,C57BL/6,1.1.1,FR1,0,Left,160,164,78,1,0,0,,,,,,,,,,,,,,,,,
2026-07-16 10:31:30,165014.359375,A0DB8AF16E20,0001,male,C57BL/6,1.1.1,FR1,0,PelletDrop,161,164,78,1,0,0,,,,,,,,,,,,,,,,,
2026-07-16 10:31:36,165020.828125,A0DB8AF16E20,0001,male,C57BL/6,1.1.1,FR1,0,PelletTaken,161,164,78,1,0,0,5.945,98.000,0,3,,,,,,,,,,,,,
2026-07-16 10:32:30,165075.421875,A0DB8AF16E20,0001,male,C57BL/6,1.1.1,FR1,0,Status,161,164,78,1,0,0,,,,,Disabled,24.3,42.4,1003.4,9.1,0.400,197.000,247736,339964,179756,20552,3.66,7.35
2026-07-16 10:32:35,165079.562500,A0DB8AF16E20,0001,male,C57BL/6,1.1.1,FR1,0,Left,161,165,78,1,0,0,,,,,,,,,,,,,,,,,
2026-07-16 10:32:40,165084.562500,A0DB8AF16E20,0001,male,C57BL/6,1.1.1,FR1,0,PelletDrop,162,165,78,1,0,0,,,,,,,,,,,,,,,,,
2026-07-16 10:32:52,165096.859375,A0DB8AF16E20,0001,male,C57BL/6,1.1.1,FR1,0,PelletTaken,162,165,78,1,0,0,11.775,137.000,0,2,,,,,,,,,,,,,
2026-07-16 10:33:35,165140.390625,A0DB8AF16E20,0001,male,C57BL/6,1.1.1,FR1,0,Left,162,166,78,1,0,0,,,,,,,,,,,,,,,,,
2026-07-16 10:33:40,165145.390625,A0DB8AF16E20,0001,male,C57BL/6,1.1.1,FR1,0,PelletDrop,163,166,78,1,0,0,,,,,,,,,,,,,,,,,
2026-07-16 10:33:48,165153.000000,A0DB8AF16E20,0001,male,C57BL/6,1.1.1,FR1,0,PelletTaken,163,166,78,1,0,0,7.077,786.000,0,2,,,,,,,,,,,,,
2026-07-16 10:34:20,165184.640625,A0DB8AF16E20,0001,male,C57BL/6,1.1.1,FR1,0,Left,163,167,78,1,0,0,,,,,,,,,,,,,,,,,
2026-07-16 10:34:25,165189.656250,A0DB8AF16E20,0001,male,C57BL/6,1.1.1,FR1,0,PelletDrop,164,167,78,1,0,0,,,,,,,,,,,,,,,,,
2026-07-16 10:34:34,165198.937500,A0DB8AF16E20,0001,male,C57BL/6,1.1.1,FR1,0,PelletTaken,164,167,78,1,0,0,8.760,797.000,0,2,,,,,,,,,,,,,
2026-07-16 10:43:22,165728.156250,A0DB8AF16E20,0001,male,C57BL/6,1.1.1,FR1,0,Status,164,167,78,1,0,0,,,,,Disabled,24.4,42.8,1003.4,9.1,0.364,179.000,247736,339964,179756,20679,3.66,7.35
2026-07-16 10:54:06,166372.968750,A0DB8AF16E20,0001,male,C57BL/6,1.1.1,FR1,0,Status,164,167,78,1,0,0,,,,,Disabled,24.4,42.8,1003.4,9.1,0.292,131.000,247736,339964,179756,20816,3.66,7.35
2026-07-16 11:04:52,167019.765625,A0DB8AF16E20,0001,male,C57BL/6,1.1.1,FR1,0,Status,164,167,78,1,0,0,,,,,Disabled,24.4,42.6,1003.4,9.0,0.288,130.000,247736,339964,179756,20953,3.66,7.23
2026-07-16 11:15:37,167665.578125,A0DB8AF16E20,0001,male,C57BL/6,1.1.1,FR1,0,Status,164,167,78,1,0,0,,,,,Disabled,24.4,42.5,1003.4,9.0,0.288,133.000,247736,339964,179756,21090,3.67,7.23
2026-07-16 11:26:25,168314.390625,A0DB8AF16E20,0001,male,C57BL/6,1.1.1,FR1,0,Status,164,167,78,1,0,0,,,,,Disabled,24.5,42.4,1003.3,9.0,0.382,188.000,247736,339964,179756,21227,3.66,7.23
2026-07-16 11:37:17,168967.312500,A0DB8AF16E20,0001,male,C57BL/6,1.1.1,FR1,0,Status,164,167,78,1,0,0,,,,,Disabled,24.5,42.2,1003.3,8.9,0.356,174.000,247736,339964,179756,21364,3.66,7.11
2026-07-16 11:48:04,169615.046875,A0DB8AF16E20,0001,male,C57BL/6,1.1.1,FR1,0,Status,164,167,78,1,0,0,,,,,Disabled,24.5,42.2,1003.2,9.0,0.360,180.000,247736,339964,179756,21501,3.67,7.11
2026-07-16 11:58:52,170263.875000,A0DB8AF16E20,0001,male,C57BL/6,1.1.1,FR1,0,Status,164,167,78,1,0,0,,,,,Disabled,24.5,42.2,1003.2,9.0,0.284,126.000,247736,339964,179756,21638,3.66,6.98
2026-07-16 12:09:43,170915.687500,A0DB8AF16E20,0001,male,C57BL/6,1.1.1,FR1,0,Status,164,167,78,1,0,0,,,,,Disabled,24.5,42.2,1003.2,9.0,0.526,256.000,247736,339964,179756,21775,3.66,6.98
2026-07-16 12:13:32,171144.609375,A0DB8AF16E20,0001,male,C57BL/6,1.1.1,FR1,0,Right,164,167,79,1,0,0,,,,,,,,,,,,,,,,,
2026-07-16 12:15:12,171244.359375,A0DB8AF16E20,0001,male,C57BL/6,1.1.1,FR1,0,Right,164,167,80,1,0,0,,,,,,,,,,,,,,,,,
2026-07-16 12:15:20,171253.046875,A0DB8AF16E20,0001,male,C57BL/6,1.1.1,FR1,0,Right,164,167,81,1,0,0,,,,,,,,,,,,,,,,,
2026-07-16 12:15:32,171264.468750,A0DB8AF16E20,0001,male,C57BL/6,1.1.1,FR1,0,Left,164,168,81,1,0,0,,,,,,,,,,,,,,,,,
2026-07-16 12:15:35,171267.296875,A0DB8AF16E20,0001,male,C57BL/6,1.1.1,FR1,0,PelletDrop,165,168,81,1,0,0,,,,,,,,,,,,,,,,,
2026-07-16 12:15:36,171268.437500,A0DB8AF16E20,0001,male,C57BL/6,1.1.1,FR1,0,PelletNotDetected,165,168,81,1,0,0,,,,,,,,,,,,,,,,,
2026-07-16 12:16:34,171327.187500,A0DB8AF16E20,0001,male,C57BL/6,1.1.1,FR1,0,Left,165,169,81,1,0,0,,,,,,,,,,,,,,,,,
2026-07-16 12:16:39,171332.078125,A0DB8AF16E20,0001,male,C57BL/6,1.1.1,FR1,0,PelletDrop,166,169,81,1,0,0,,,,,,,,,,,,,,,,,
2026-07-16 12:16:50,171342.359375,A0DB8AF16E20,0001,male,C57BL/6,1.1.1,FR1,0,PelletTaken,166,169,81,1,0,0,9.740,128.000,0,3,,,,,,,,,,,,,
2026-07-16 12:20:30,171563.531250,A0DB8AF16E20,0001,male,C57BL/6,1.1.1,FR1,0,Status,166,169,81,1,0,0,,,,,Disabled,24.6,42.2,1003.2,9.0,0.806,374.000,247736,339964,179756,21909,3.67,6.86
2026-07-16 12:20:35,171568.375000,A0DB8AF16E20,0001,male,C57BL/6,1.1.1,FR1,0,Left,166,170,81,1,0,0,,,,,,,,,,,,,,,,,
2026-07-16 12:20:37,171571.203125,A0DB8AF16E20,0001,male,C57BL/6,1.1.1,FR1,0,PelletDrop,167,170,81,1,0,0,,,,,,,,,,,,,,,,,
2026-07-16 12:20:39,171572.343750,A0DB8AF16E20,0001,male,C57BL/6,1.1.1,FR1,0,PelletNotDetected,167,170,81,1,0,0,,,,,,,,,,,,,,,,,
2026-07-16 12:21:20,171614.125000,A0DB8AF16E20,0001,male,C57BL/6,1.1.1,FR1,0,Left,167,171,81,1,0,0,,,,,,,,,,,,,,,,,
2026-07-16 12:21:26,171619.515625,A0DB8AF16E20,0001,male,C57BL/6,1.1.1,FR1,0,PelletDrop,168,171,81,1,0,0,,,,,,,,,,,,,,,,,
2026-07-16 12:21:36,171629.734375,A0DB8AF16E20,0001,male,C57BL/6,1.1.1,FR1,0,PelletTaken,168,171,81,1,0,0,9.696,246.000,0,3,,,,,,,,,,,,,
2026-07-16 12:22:20,171674.140625,A0DB8AF16E20,0001,male,C57BL/6,1.1.1,FR1,0,Left,168,172,81,1,0,0,,,,,,,,,,,,,,,,,
2026-07-16 12:22:25,171679.156250,A0DB8AF16E20,0001,male,C57BL/6,1.1.1,FR1,0,PelletDrop,169,172,81,1,0,0,,,,,,,,,,,,,,,,,
2026-07-16 12:22:33,171686.703125,A0DB8AF16E20,0001,male,C57BL/6,1.1.1,FR1,0,PelletTaken,169,172,81,1,0,0,7.023,584.000,0,2,,,,,,,,,,,,,
2026-07-16 12:23:41,171754.906250,A0DB8AF16E20,0001,male,C57BL/6,1.1.1,FR1,0,Right,169,172,82,1,0,0,,,,,,,,,,,,,,,,,
2026-07-16 12:31:13,172207.250000,A0DB8AF16E20,0001,male,C57BL/6,1.1.1,FR1,0,Status,169,172,82,1,0,0,,,,,Disabled,24.5,42.6,1003.2,9.0,0.266,138.000,247736,339964,179756,22039,3.65,6.86
2026-07-16 12:35:08,172442.031250,A0DB8AF16E20,0001,male,C57BL/6,1.1.1,FR1,0,Right,169,172,83,1,0,0,,,,,,,,,,,,,,,,,
2026-07-16 12:41:55,172850.062500,A0DB8AF16E20,0001,male,C57BL/6,1.1.1,FR1,0,Status,169,172,83,1,0,0,,,,,Disabled,24.5,42.7,1003.2,9.0,0.389,189.000,247736,339964,179756,22176,3.66,6.86
2026-07-16 12:52:48,173503.875000,A0DB8AF16E20,0001,male,C57BL/6,1.1.1,FR1,0,Status,169,172,83,1,0,0,,,,,Disabled,24.5,42.4,1003.3,9.0,0.374,184.000,247736,339964,179756,22313,3.65,6.86
2026-07-16 13:03:57,174173.687500,A0DB8AF16E20,0001,male,C57BL/6,1.1.1,FR1,0,Status,169,172,83,1,0,0,,,,,Disabled,24.5,42.1,1003.4,9.0,0.385,186.000,247736,339964,179756,22450,3.66,6.86
2026-07-16 13:14:30,174806.734375,A0DB8AF16E20,0001,male,C57BL/6,1.1.1,FR1,0,Status,169,172,83,1,0,0,,,,,Disabled,24.4,42.8,1003.4,9.1,0.338,144.000,247736,339964,179756,22587,3.65,6.73
2026-07-16 13:25:02,175439.812500,A0DB8AF16E20,0001,male,C57BL/6,1.1.1,FR1,0,Status,169,172,83,1,0,0,,,,,Disabled,24.4,42.8,1003.4,9.1,0.407,194.000,247736,339964,179756,22724,3.66,6.73
2026-07-16 13:35:49,176087.203125,A0DB8AF16E20,0001,male,C57BL/6,1.1.1,FR1,0,Status,169,172,83,1,0,0,,,,,Disabled,24.3,42.5,1003.4,9.1,0.367,178.000,247736,339964,179756,22861,3.65,6.73
2026-07-16 13:46:53,176752.968750,A0DB8AF16E20,0001,male,C57BL/6,1.1.1,FR1,0,Status,169,172,83,1,0,0,,,,,Disabled,24.4,42.1,1003.4,9.0,0.306,134.000,247736,339964,179756,22998,3.66,6.61
2026-07-16 13:57:58,177418.718750,A0DB8AF16E20,0001,male,C57BL/6,1.1.1,FR1,0,Status,169,172,83,1,0,0,,,,,Disabled,24.4,42.0,1003.3,9.0,0.374,186.000,247736,339964,179756,23135,3.65,6.61
2026-07-16 14:09:06,178087.562500,A0DB8AF16E20,0001,male,C57BL/6,1.1.1,FR1,0,Status,169,172,83,1,0,0,,,,,Disabled,24.5,41.9,1003.2,9.0,0.374,184.000,247736,339964,179756,23272,3.67,6.61
2026-07-16 14:09:10,178091.734375,A0DB8AF16E20,0001,male,C57BL/6,1.1.1,FR1,0,Right,169,172,84,1,0,0,,,,,,,,,,,,,,,,,
2026-07-16 14:09:28,178109.015625,A0DB8AF16E20,0001,male,C57BL/6,1.1.1,FR1,0,Right,169,172,85,1,0,0,,,,,,,,,,,,,,,,,
2026-07-16 14:09:30,178111.078125,A0DB8AF16E20,0001,male,C57BL/6,1.1.1,FR1,0,Right,169,172,86,1,0,0,,,,,,,,,,,,,,,,,
2026-07-16 14:10:21,178162.125000,A0DB8AF16E20,0001,male,C57BL/6,1.1.1,FR1,0,Right,169,172,87,1,0,0,,,,,,,,,,,,,,,,,
2026-07-16 14:10:48,178189.234375,A0DB8AF16E20,0001,male,C57BL/6,1.1.1,FR1,0,Left,169,173,87,1,0,0,,,,,,,,,,,,,,,,,
2026-07-16 14:10:53,178194.250000,A0DB8AF16E20,0001,male,C57BL/6,1.1.1,FR1,0,PelletDrop,170,173,87,1,0,0,,,,,,,,,,,,,,,,,
2026-07-16 14:11:11,178212.359375,A0DB8AF16E20,0001,male,C57BL/6,1.1.1,FR1,0,PelletTaken,170,173,87,1,0,0,17.583,453.000,0,2,,,,,,,,,,,,,
2026-07-16 14:12:03,178264.718750,A0DB8AF16E20,0001,male,C57BL/6,1.1.1,FR1,0,Left,170,174,87,1,0,0,,,,,,,,,,,,,,,,,
2026-07-16 14:12:08,178269.718750,A0DB8AF16E20,0001,male,C57BL/6,1.1.1,FR1,0,PelletDrop,171,174,87,1,0,0,,,,,,,,,,,,,,,,,
2026-07-16 14:12:17,178278.343750,A0DB8AF16E20,0001,male,C57BL/6,1.1.1,FR1,0,PelletTaken,171,174,87,1,0,0,8.079,294.000,0,2,,,,,,,,,,,,,
2026-07-16 14:13:22,178344.156250,A0DB8AF16E20,0001,male,C57BL/6,1.1.1,FR1,0,Left,171,175,87,1,0,0,,,,,,,,,,,,,,,,,
2026-07-16 14:13:27,178349.156250,A0DB8AF16E20,0001,male,C57BL/6,1.1.1,FR1,0,PelletDrop,172,175,87,1,0,0,,,,,,,,,,,,,,,,,
2026-07-16 14:13:36,178357.343750,A0DB8AF16E20,0001,male,C57BL/6,1.1.1,FR1,0,PelletTaken,172,175,87,1,0,0,7.650,372.000,0,2,,,,,,,,,,,,,
2026-07-16 14:14:17,178399.109375,A0DB8AF16E20,0001,male,C57BL/6,1.1.1,FR1,0,Left,172,176,87,1,0,0,,,,,,,,,,,,,,,,,
2026-07-16 14:14:22,178404.125000,A0DB8AF16E20,0001,male,C57BL/6,1.1.1,FR1,0,PelletDrop,173,176,87,1,0,0,,,,,,,,,,,,,,,,,
2026-07-16 14:14:32,178413.531250,A0DB8AF16E20,0001,male,C57BL/6,1.1.1,FR1,0,PelletTaken,173,176,87,1,0,0,8.892,641.000,0,2,,,,,,,,,,,,,
2026-07-16 14:15:09,178450.937500,A0DB8AF16E20,0001,male,C57BL/6,1.1.1,FR1,0,Left,173,177,87,1,0,0,,,,,,,,,,,,,,,,,
2026-07-16 14:15:14,178455.953125,A0DB8AF16E20,0001,male,C57BL/6,1.1.1,FR1,0,PelletDrop,174,177,87,1,0,0,,,,,,,,,,,,,,,,,
2026-07-16 14:15:24,178465.296875,A0DB8AF16E20,0001,male,C57BL/6,1.1.1,FR1,0,PelletTaken,174,177,87,1,0,0,8.805,728.000,0,2,,,,,,,,,,,,,
2026-07-16 14:16:07,178508.421875,A0DB8AF16E20,0001,male,C57BL/6,1.1.1,FR1,0,Left,174,178,87,1,0,0,,,,,,,,,,,,,,,,,
2026-07-16 14:16:14,178516.187500,A0DB8AF16E20,0001,male,C57BL/6,1.1.1,FR1,0,PelletDrop,175,178,87,1,0,0,,,,,,,,,,,,,,,,,
2026-07-16 14:16:15,178517.312500,A0DB8AF16E20,0001,male,C57BL/6,1.1.1,FR1,0,PelletNotDetected,175,178,87,1,0,0,,,,,,,,,,,,,,,,,
2026-07-16 14:20:16,178758.296875,A0DB8AF16E20,0001,male,C57BL/6,1.1.1,FR1,0,Status,175,178,87,1,0,0,,,,,Disabled,24.6,41.7,1003.1,9.0,0.274,122.000,247736,339964,179756,23391,3.65,6.49
2026-07-16 14:31:14,179417.078125,A0DB8AF16E20,0001,male,C57BL/6,1.1.1,FR1,0,Status,175,178,87,1,0,0,,,,,Disabled,24.6,42.2,1003.1,9.0,0.378,164.000,247736,339964,179756,23528,3.65,6.49
2026-07-16 14:34:54,179637.109375,A0DB8AF16E20,0001,male,C57BL/6,1.1.1,FR1,0,Right,175,178,88,1,0,0,,,,,,,,,,,,,,,,,
2026-07-16 14:35:00,179643.171875,A0DB8AF16E20,0001,male,C57BL/6,1.1.1,FR1,0,Left,175,179,88,1,0,0,,,,,,,,,,,,,,,,,
2026-07-16 14:35:09,179652.359375,A0DB8AF16E20,0001,male,C57BL/6,1.1.1,FR1,0,PelletDrop,176,179,88,1,0,0,,,,,,,,,,,,,,,,,
2026-07-16 14:35:10,179653.265625,A0DB8AF16E20,0001,male,C57BL/6,1.1.1,FR1,0,PelletTaken,176,179,88,1,0,0,0.378,90.000,0,6,,,,,,,,,,,,,
2026-07-16 14:35:46,179689.500000,A0DB8AF16E20,0001,male,C57BL/6,1.1.1,FR1,0,Right,176,179,89,1,0,0,,,,,,,,,,,,,,,,,
2026-07-16 14:35:48,179690.687500,A0DB8AF16E20,0001,male,C57BL/6,1.1.1,FR1,0,Right,176,179,90,1,0,0,,,,,,,,,,,,,,,,,
2026-07-16 14:35:53,179696.421875,A0DB8AF16E20,0001,male,C57BL/6,1.1.1,FR1,0,Left,176,180,90,1,0,0,,,,,,,,,,,,,,,,,
2026-07-16 14:35:57,179700.281250,A0DB8AF16E20,0001,male,C57BL/6,1.1.1,FR1,0,PelletDrop,177,180,90,1,0,0,,,,,,,,,,,,,,,,,
2026-07-16 14:36:07,179710.078125,A0DB8AF16E20,0001,male,C57BL/6,1.1.1,FR1,0,PelletTaken,177,180,90,1,0,0,9.256,234.000,0,1,,,,,,,,,,,,,
2026-07-16 14:36:31,179734.046875,A0DB8AF16E20,0001,male,C57BL/6,1.1.1,FR1,0,Left,177,181,90,1,0,0,,,,,,,,,,,,,,,,,
2026-07-16 14:36:36,179739.046875,A0DB8AF16E20,0001,male,C57BL/6,1.1.1,FR1,0,PelletDrop,178,181,90,1,0,0,,,,,,,,,,,,,,,,,
2026-07-16 14:36:45,179748.093750,A0DB8AF16E20,0001,male,C57BL/6,1.1.1,FR1,0,PelletTaken,178,181,90,1,0,0,8.530,256.000,0,2,,,,,,,,,,,,,
2026-07-16 14:42:14,180077.890625,A0DB8AF16E20,0001,male,C57BL/6,1.1.1,FR1,0,Status,178,181,90,1,0,0,,,,,Disabled,24.6,42.4,1003.0,9.0,0.281,126.000,247736,339964,179756,23660,3.65,6.37
2026-07-16 14:53:25,180749.656250,A0DB8AF16E20,0001,male,C57BL/6,1.1.1,FR1,0,Status,178,181,90,1,0,0,,,,,Disabled,24.6,42.1,1003.0,9.0,0.252,115.000,247736,339964,179756,23797,3.65,6.37
2026-07-16 15:03:57,181382.718750,A0DB8AF16E20,0001,male,C57BL/6,1.1.1,FR1,0,Status,178,181,90,1,0,0,,,,,Disabled,24.6,42.8,1002.9,9.1,0.396,198.000,247736,339964,179756,23934,3.65,6.24
2026-07-16 15:08:35,36.879002,A0DB8AF16E20,0001,male,C57BL/6,1.1.1,FR1,0,Startup,178,181,90,1,0,0,,,,,0.0,24.1,42.4,1002.7,9.0,68.054,21705.000,246300,339964,244156,0,4.12,91.17
2026-07-16 15:11:42,223.608002,A0DB8AF16E20,0001,male,C57BL/6,1.1.1,FR1,0,Left,178,182,90,1,0,0,,,,,,,,,,,,,,,,,
2026-07-16 15:11:45,226.369003,A0DB8AF16E20,0001,male,C57BL/6,1.1.1,FR1,0,PelletDrop,179,182,90,1,0,0,,,,,,,,,,,,,,,,,
2026-07-16 15:11:45,227.121994,A0DB8AF16E20,0001,male,C57BL/6,1.1.1,FR1,0,PelletTaken,179,182,90,1,0,0,0.246,545.000,0,1,,,,,,,,,,,,,
2026-07-16 15:12:45,287.049988,A0DB8AF16E20,0001,male,C57BL/6,1.1.1,FR1,0,Left,179,183,90,1,0,0,,,,,,,,,,,,,,,,,
2026-07-16 15:12:50,292.028992,A0DB8AF16E20,0001,male,C57BL/6,1.1.1,FR1,0,PelletDrop,180,183,90,1,0,0,,,,,,,,,,,,,,,,,
2026-07-16 15:13:11,312.540009,A0DB8AF16E20,0001,male,C57BL/6,1.1.1,FR1,0,PelletTaken,180,183,90,1,0,0,TimedOut,282.000,0,2,,,,,,,,,,,,,
2026-07-16 15:18:02,604.515015,A0DB8AF16E20,0001,male,C57BL/6,1.1.1,FR1,0,Status,180,183,90,1,0,0,,,,,Disabled,24.0,42.9,1002.8,9.3,0.396,196.000,247264,339964,244156,123,4.13,91.65
2026-07-16 15:19:09,671.469971,A0DB8AF16E20,0001,male,C57BL/6,1.1.1,FR1,0,Left,180,184,90,1,0,0,,,,,,,,,,,,,,,,,
2026-07-16 15:19:16,678.666992,A0DB8AF16E20,0001,male,C57BL/6,1.1.1,FR1,0,PelletDrop,181,184,90,1,0,0,,,,,,,,,,,,,,,,,
2026-07-16 15:19:34,697.043030,A0DB8AF16E20,0001,male,C57BL/6,1.1.1,FR1,0,PelletTaken,181,184,90,1,0,0,17.858,89.000,0,3,,,,,,,,,,,,,
2026-07-16 15:20:02,725.072021,A0DB8AF16E20,0001,male,C57BL/6,1.1.1,FR1,0,Left,181,185,90,1,0,0,,,,,,,,,,,,,,,,,
2026-07-16 15:20:07,730.051025,A0DB8AF16E20,0001,male,C57BL/6,1.1.1,FR1,0,PelletDrop,182,185,90,1,0,0,,,,,,,,,,,,,,,,,
2026-07-16 15:20:16,738.471985,A0DB8AF16E20,0001,male,C57BL/6,1.1.1,FR1,0,PelletTaken,182,185,90,1,0,0,7.914,358.000,0,2,,,,,,,,,,,,,
2026-07-16 15:20:42,764.700989,A0DB8AF16E20,0001,male,C57BL/6,1.1.1,FR1,0,Left,182,186,90,1,0,0,,,,,,,,,,,,,,,,,
2026-07-16 15:20:47,769.679016,A0DB8AF16E20,0001,male,C57BL/6,1.1.1,FR1,0,PelletDrop,183,186,90,1,0,0,,,,,,,,,,,,,,,,,
2026-07-16 15:20:56,778.947021,A0DB8AF16E20,0001,male,C57BL/6,1.1.1,FR1,0,PelletTaken,183,186,90,1,0,0,8.761,235.000,0,2,,,,,,,,,,,,,
2026-07-16 15:24:03,965.742004,A0DB8AF16E20,0001,male,C57BL/6,1.1.1,FR1,0,Right,183,186,91,1,0,0,,,,,,,,,,,,,,,,,
2026-07-16 15:24:05,968.382019,A0DB8AF16E20,0001,male,C57BL/6,1.1.1,FR1,0,Right,183,186,92,1,0,0,,,,,,,,,,,,,,,,,
2026-07-16 15:24:08,971.171021,A0DB8AF16E20,0001,male,C57BL/6,1.1.1,FR1,0,Right,183,186,93,1,0,0,,,,,,,,,,,,,,,,,
2026-07-16 15:24:12,974.533020,A0DB8AF16E20,0001,male,C57BL/6,1.1.1,FR1,0,Right,183,186,94,1,0,0,,,,,,,,,,,,,,,,,
2026-07-16 15:24:15,977.997986,A0DB8AF16E20,0001,male,C57BL/6,1.1.1,FR1,0,Left,183,187,94,1,0,0,,,,,,,,,,,,,,,,,
2026-07-16 15:24:18,980.770996,A0DB8AF16E20,0001,male,C57BL/6,1.1.1,FR1,0,PelletDrop,184,187,94,1,0,0,,,,,,,,,,,,,,,,,
2026-07-16 15:24:18,981.380981,A0DB8AF16E20,0001,male,C57BL/6,1.1.1,FR1,0,PelletTaken,184,187,94,1,0,0,0.104,118.000,0,1,,,,,,,,,,,,,
2026-07-16 15:24:38,1000.994019,A0DB8AF16E20,0001,male,C57BL/6,1.1.1,FR1,0,Left,184,188,94,1,0,0,,,,,,,,,,,,,,,,,
2026-07-16 15:24:41,1004.341003,A0DB8AF16E20,0001,male,C57BL/6,1.1.1,FR1,0,PelletDrop,185,188,94,1,0,0,,,,,,,,,,,,,,,,,
2026-07-16 15:24:42,1005.440979,A0DB8AF16E20,0001,male,C57BL/6,1.1.1,FR1,0,PelletNotDetected,185,188,94,1,0,0,,,,,,,,,,,,,,,,,
2026-07-16 15:24:57,1020.052002,A0DB8AF16E20,0001,male,C57BL/6,1.1.1,FR1,0,Left,185,189,94,1,0,0,,,,,,,,,,,,,,,,,
2026-07-16 15:25:02,1025.031006,A0DB8AF16E20,0001,male,C57BL/6,1.1.1,FR1,0,PelletDrop,186,189,94,1,0,0,,,,,,,,,,,,,,,,,
2026-07-16 15:25:11,1034.453003,A0DB8AF16E20,0001,male,C57BL/6,1.1.1,FR1,0,PelletTaken,186,189,94,1,0,0,8.914,335.000,0,3,,,,,,,,,,,,,
2026-07-16 15:25:33,1056.515991,A0DB8AF16E20,0001,male,C57BL/6,1.1.1,FR1,0,Left,186,190,94,1,0,0,,,,,,,,,,,,,,,,,
2026-07-16 15:25:38,1061.506958,A0DB8AF16E20,0001,male,C57BL/6,1.1.1,FR1,0,PelletDrop,187,190,94,1,0,0,,,,,,,,,,,,,,,,,
2026-07-16 15:25:45,1067.979980,A0DB8AF16E20,0001,male,C57BL/6,1.1.1,FR1,0,PelletTaken,187,190,94,1,0,0,5.966,50.000,0,2,,,,,,,,,,,,,
2026-07-16 15:26:15,1098.312012,A0DB8AF16E20,0001,male,C57BL/6,1.1.1,FR1,0,Left,187,191,94,1,0,0,,,,,,,,,,,,,,,,,
2026-07-16 15:26:20,1103.291016,A0DB8AF16E20,0001,male,C57BL/6,1.1.1,FR1,0,PelletDrop,188,191,94,1,0,0,,,,,,,,,,,,,,,,,
2026-07-16 15:26:31,1114.055054,A0DB8AF16E20,0001,male,C57BL/6,1.1.1,FR1,0,PelletTaken,188,191,94,1,0,0,10.246,203.000,0,2,,,,,,,,,,,,,
2026-07-16 15:28:02,1204.810059,A0DB8AF16E20,0001,male,C57BL/6,1.1.1,FR1,0,Status,188,191,94,1,0,0,,,,,Disabled,24.1,43.0,1002.8,9.4,0.227,118.000,247864,339964,179724,228,4.11,91.80
2026-07-16 15:38:04,1808.067017,A0DB8AF16E20,0001,male,C57BL/6,1.1.1,FR1,0,Status,188,191,94,1,0,0,,,,,Disabled,24.0,43.6,1002.7,9.4,0.245,112.000,247864,339964,179724,361,4.13,91.96
2026-07-16 15:48:05,2409.998047,A0DB8AF16E20,0001,male,C57BL/6,1.1.1,FR1,0,Status,188,191,94,1,0,0,,,,,Disabled,24.0,43.5,1002.7,9.4,0.353,177.000,247864,339964,179724,493,4.13,91.96
2026-07-16 15:58:04,3010.216064,A0DB8AF16E20,0001,male,C57BL/6,1.1.1,FR1,0,Status,188,191,94,1,0,0,,,,,Disabled,24.0,43.4,1002.6,9.4,0.259,134.000,247864,339964,179724,623,4.13,92.12
2026-07-16 16:08:07,3614.118896,A0DB8AF16E20,0001,male,C57BL/6,1.1.1,FR1,0,Status,188,191,94,1,0,0,,,,,Disabled,24.0,43.3,1002.6,9.4,0.317,161.000,247864,339964,179724,755,4.13,91.96
2026-07-16 16:18:10,4217.102051,A0DB8AF16E20,0001,male,C57BL/6,1.1.1,FR1,0,Status,188,191,94,1,0,0,,,,,Disabled,23.9,43.2,1002.5,9.3,0.252,116.000,247864,339964,179724,887,4.13,92.12
2026-07-16 16:28:13,4820.666016,A0DB8AF16E20,0001,male,C57BL/6,1.1.1,FR1,0,Status,188,191,94,1,0,0,,,,,Disabled,23.9,43.1,1002.4,9.4,0.266,120.000,247864,339964,179724,1018,4.12,91.96
2026-07-16 16:38:15,5423.516113,A0DB8AF16E20,0001,male,C57BL/6,1.1.1,FR1,0,Status,188,191,94,1,0,0,,,,,Disabled,23.9,43.1,1002.3,9.5,0.248,110.000,247772,339964,179724,1150,4.11,91.96
2026-07-16 16:48:16,6025.492188,A0DB8AF16E20,0001,male,C57BL/6,1.1.1,FR1,0,Status,188,191,94,1,0,0,,,,,Disabled,23.9,43.1,1002.2,9.5,0.360,180.000,247772,339964,179724,1282,4.12,91.80
2026-07-16 16:58:18,6628.108887,A0DB8AF16E20,0001,male,C57BL/6,1.1.1,FR1,0,Status,188,191,94,1,0,0,,,,,Disabled,23.9,43.0,1002.2,9.5,0.317,160.000,247772,339964,179724,1413,4.12,91.65
2026-07-16 17:08:18,7228.599121,A0DB8AF16E20,0001,male,C57BL/6,1.1.1,FR1,0,Status,188,191,94,1,0,0,,,,,Disabled,23.9,43.0,1002.2,9.5,0.245,112.000,247772,339964,179724,1544,4.12,91.80
2026-07-16 17:15:17,7647.766113,A0DB8AF16E20,0001,male,C57BL/6,1.1.1,FR1,0,Right,188,191,95,1,0,0,,,,,,,,,,,,,,,,,
2026-07-16 17:18:19,7830.379883,A0DB8AF16E20,0001,male,C57BL/6,1.1.1,FR1,0,Status,188,191,95,1,0,0,,,,,Disabled,23.9,43.1,1002.2,9.5,0.191,88.000,247772,339964,179724,1675,4.12,91.65
2026-07-16 17:28:21,8433.152344,A0DB8AF16E20,0001,male,C57BL/6,1.1.1,FR1,0,Status,188,191,95,1,0,0,,,,,Disabled,23.9,42.9,1002.1,9.5,0.130,66.000,247772,339964,179724,1807,4.12,91.65
2026-07-16 17:38:21,9034.856445,A0DB8AF16E20,0001,male,C57BL/6,1.1.1,FR1,0,Status,188,191,95,1,0,0,,,,,Disabled,23.9,42.9,1002.1,9.5,0.162,78.000,247772,339964,179724,1938,4.12,91.49
2026-07-16 17:39:13,9086.801758,A0DB8AF16E20,0001,male,C57BL/6,1.1.1,FR1,0,Left,188,192,95,1,0,0,,,,,,,,,,,,,,,,,
2026-07-16 17:39:18,9091.782227,A0DB8AF16E20,0001,male,C57BL/6,1.1.1,FR1,0,PelletDrop,189,192,95,1,0,0,,,,,,,,,,,,,,,,,
2026-07-16 17:39:34,9107.626953,A0DB8AF16E20,0001,male,C57BL/6,1.1.1,FR1,0,PelletTaken,189,192,95,1,0,0,15.338,438.000,0,2,,,,,,,,,,,,,
2026-07-16 17:40:25,9158.690430,A0DB8AF16E20,0001,male,C57BL/6,1.1.1,FR1,0,Left,189,193,95,1,0,0,,,,,,,,,,,,,,,,,
2026-07-16 17:40:30,9163.668945,A0DB8AF16E20,0001,male,C57BL/6,1.1.1,FR1,0,PelletDrop,190,193,95,1,0,0,,,,,,,,,,,,,,,,,
2026-07-16 17:40:40,9173.288086,A0DB8AF16E20,0001,male,C57BL/6,1.1.1,FR1,0,PelletTaken,190,193,95,1,0,0,9.112,186.000,0,2,,,,,,,,,,,,,
2026-07-16 17:41:29,9222.936523,A0DB8AF16E20,0001,male,C57BL/6,1.1.1,FR1,0,Left,190,194,95,1,0,0,,,,,,,,,,,,,,,,,
2026-07-16 17:41:32,9225.708984,A0DB8AF16E20,0001,male,C57BL/6,1.1.1,FR1,0,PelletDrop,191,194,95,1,0,0,,,,,,,,,,,,,,,,,
2026-07-16 17:41:33,9226.341797,A0DB8AF16E20,0001,male,C57BL/6,1.1.1,FR1,0,PelletTaken,191,194,95,1,0,0,0.126,1224.000,0,1,,,,,,,,,,,,,
2026-07-16 17:42:10,9263.376953,A0DB8AF16E20,0001,male,C57BL/6,1.1.1,FR1,0,Left,191,195,95,1,0,0,,,,,,,,,,,,,,,,,
2026-07-16 17:42:15,9268.356445,A0DB8AF16E20,0001,male,C57BL/6,1.1.1,FR1,0,PelletDrop,192,195,95,1,0,0,,,,,,,,,,,,,,,,,
2026-07-16 17:42:24,9277.448242,A0DB8AF16E20,0001,male,C57BL/6,1.1.1,FR1,0,PelletTaken,192,195,95,1,0,0,8.573,176.000,0,2,,,,,,,,,,,,,
2026-07-16 17:43:04,9317.329102,A0DB8AF16E20,0001,male,C57BL/6,1.1.1,FR1,0,Left,192,196,95,1,0,0,,,,,,,,,,,,,,,,,
2026-07-16 17:43:09,9322.308594,A0DB8AF16E20,0001,male,C57BL/6,1.1.1,FR1,0,PelletDrop,193,196,95,1,0,0,,,,,,,,,,,,,,,,,
2026-07-16 17:43:18,9331.907227,A0DB8AF16E20,0001,male,C57BL/6,1.1.1,FR1,0,PelletTaken,193,196,95,1,0,0,9.091,205.000,0,2,,,,,,,,,,,,,
2026-07-16 17:43:48,9361.601562,A0DB8AF16E20,0001,male,C57BL/6,1.1.1,FR1,0,Left,193,197,95,1,0,0,,,,,,,,,,,,,,,,,
2026-07-16 17:43:53,9367.119141,A0DB8AF16E20,0001,male,C57BL/6,1.1.1,FR1,0,PelletDrop,194,197,95,1,0,0,,,,,,,,,,,,,,,,,
2026-07-16 17:44:03,9376.750000,A0DB8AF16E20,0001,male,C57BL/6,1.1.1,FR1,0,PelletTaken,194,197,95,1,0,0,9.124,196.000,0,2,,,,,,,,,,,,,
2026-07-16 17:45:15,9449.449219,A0DB8AF16E20,0001,male,C57BL/6,1.1.1,FR1,0,Left,194,198,95,1,0,0,,,,,,,,,,,,,,,,,
2026-07-16 17:45:20,9454.440430,A0DB8AF16E20,0001,male,C57BL/6,1.1.1,FR1,0,PelletDrop,195,198,95,1,0,0,,,,,,,,,,,,,,,,,
2026-07-16 17:45:31,9465.368164,A0DB8AF16E20,0001,male,C57BL/6,1.1.1,FR1,0,PelletTaken,195,198,95,1,0,0,10.421,99.000,0,2,,,,,,,,,,,,,
2026-07-16 17:46:06,9499.822266,A0DB8AF16E20,0001,male,C57BL/6,1.1.1,FR1,0,Left,195,199,95,1,0,0,,,,,,,,,,,,,,,,,
2026-07-16 17:46:11,9504.801758,A0DB8AF16E20,0001,male,C57BL/6,1.1.1,FR1,0,PelletDrop,196,199,95,1,0,0,,,,,,,,,,,,,,,,,
2026-07-16 17:46:31,9525.313477,A0DB8AF16E20,0001,male,C57BL/6,1.1.1,FR1,0,PelletTaken,196,199,95,1,0,0,TimedOut,768.000,0,2,,,,,,,,,,,,,
2026-07-16 17:47:09,9563.260742,A0DB8AF16E20,0001,male,C57BL/6,1.1.1,FR1,0,Left,196,200,95,1,0,0,,,,,,,,,,,,,,,,,
2026-07-16 17:47:14,9568.241211,A0DB8AF16E20,0001,male,C57BL/6,1.1.1,FR1,0,PelletDrop,197,200,95,1,0,0,,,,,,,,,,,,,,,,,
2026-07-16 17:47:35,9588.740234,A0DB8AF16E20,0001,male,C57BL/6,1.1.1,FR1,0,PelletTaken,197,200,95,1,0,0,TimedOut,283.000,0,2,,,,,,,,,,,,,
2026-07-16 17:48:05,9618.949219,A0DB8AF16E20,0001,male,C57BL/6,1.1.1,FR1,0,Left,197,201,95,1,0,0,,,,,,,,,,,,,,,,,
2026-07-16 17:48:08,9622.566406,A0DB8AF16E20,0001,male,C57BL/6,1.1.1,FR1,0,LeftWithPellet,197,202,95,1,0,0,,,,,,,,,,,,,,,,,
2026-07-16 17:48:09,9623.419922,A0DB8AF16E20,0001,male,C57BL/6,1.1.1,FR1,0,LeftWithPellet,197,203,95,1,0,0,,,,,,,,,,,,,,,,,
2026-07-16 17:48:18,9632.484375,A0DB8AF16E20,0001,male,C57BL/6,1.1.1,FR1,0,LeftWithPellet,197,204,95,1,0,0,,,,,,,,,,,,,,,,,
2026-07-16 17:48:20,9634.334961,A0DB8AF16E20,0001,male,C57BL/6,1.1.1,FR1,0,LeftWithPellet,197,205,95,1,0,0,,,,,,,,,,,,,,,,,
2026-07-16 17:48:32,9646.597656,A0DB8AF16E20,0001,male,C57BL/6,1.1.1,FR1,0,Status,197,205,95,1,0,0,,,,,Disabled,24.0,42.2,1002.0,9.4,0.130,66.000,247772,339964,179724,2035,4.12,91.17
2026-07-16 17:49:01,9674.721680,A0DB8AF16E20,0001,male,C57BL/6,1.1.1,FR1,0,Right,197,205,96,1,0,0,,,,,,,,,,,,,,,,,
2026-07-16 17:58:34,10248.867188,A0DB8AF16E20,0001,male,C57BL/6,1.1.1,FR1,0,Status,197,205,96,1,0,0,,,,,Disabled,24.1,42.8,1001.9,9.4,0.230,104.000,247724,339964,179724,2167,4.12,91.02
2026-07-16 18:08:35,10850.370117,A0DB8AF16E20,0001,male,C57BL/6,1.1.1,FR1,0,Status,197,205,96,1,0,0,,,,,Disabled,24.1,42.7,1001.8,9.5,0.000,0.000,247720,339964,179724,2298,4.12,91.02
2026-07-16 18:18:36,11452.964844,A0DB8AF16E20,0001,male,C57BL/6,1.1.1,FR1,0,Status,197,205,96,1,0,0,,,,,Disabled,24.1,42.6,1001.8,9.3,0.000,0.000,247720,339964,179724,2429,4.10,90.86
2026-07-16 18:28:37,12053.526367,A0DB8AF16E20,0001,male,C57BL/6,1.1.1,FR1,0,Status,197,205,96,1,0,0,,,,,Disabled,24.1,42.5,1001.9,9.4,0.000,0.000,247720,339964,179724,2560,4.12,90.86
2026-07-16 18:38:39,12656.078125,A0DB8AF16E20,0001,male,C57BL/6,1.1.1,FR1,0,Status,197,205,96,1,0,0,,,,,Disabled,24.1,42.3,1002.0,9.5,0.000,0.000,247720,339964,179724,2691,4.12,90.70
2026-07-16 18:43:53,12971.137695,A0DB8AF16E20,0001,male,C57BL/6,1.1.1,FR1,0,Left,197,206,96,1,0,0,,,,,,,,,,,,,,,,,
2026-07-16 18:43:58,12976.387695,A0DB8AF16E20,0001,male,C57BL/6,1.1.1,FR1,0,LeftWithPellet,197,207,96,1,0,0,,,,,,,,,,,,,,,,,
2026-07-16 18:44:11,12988.887695,A0DB8AF16E20,0001,male,C57BL/6,1.1.1,FR1,0,LeftWithPellet,197,208,96,1,0,0,,,,,,,,,,,,,,,,,
2026-07-16 18:44:14,12991.659180,A0DB8AF16E20,0001,male,C57BL/6,1.1.1,FR1,0,LeftWithPellet,197,209,96,1,0,0,,,,,,,,,,,,,,,,,
2026-07-16 18:44:17,12994.734375,A0DB8AF16E20,0001,male,C57BL/6,1.1.1,FR1,0,Left,197,210,96,1,0,0,,,,,,,,,,,,,,,,,
2026-07-16 18:44:18,12995.599609,A0DB8AF16E20,0001,male,C57BL/6,1.1.1,FR1,0,LeftWithPellet,197,211,96,1,0,0,,,,,,,,,,,,,,,,,
2026-07-16 18:44:22,12999.900391,A0DB8AF16E20,0001,male,C57BL/6,1.1.1,FR1,0,LeftWithPellet,197,212,96,1,0,0,,,,,,,,,,,,,,,,,
2026-07-16 18:44:25,13002.761719,A0DB8AF16E20,0001,male,C57BL/6,1.1.1,FR1,0,LeftWithPellet,197,213,96,1,0,0,,,,,,,,,,,,,,,,,
2026-07-16 18:44:29,13007.220703,A0DB8AF16E20,0001,male,C57BL/6,1.1.1,FR1,0,LeftWithPellet,197,214,96,1,0,0,,,,,,,,,,,,,,,,,
2026-07-16 18:44:38,13015.640625,A0DB8AF16E20,0001,male,C57BL/6,1.1.1,FR1,0,LeftWithPellet,197,215,96,1,0,0,,,,,,,,,,,,,,,,,
2026-07-16 18:44:40,13018.308594,A0DB8AF16E20,0001,male,C57BL/6,1.1.1,FR1,0,Left,197,216,96,1,0,0,,,,,,,,,,,,,,,,,
2026-07-16 18:44:55,13033.348633,A0DB8AF16E20,0001,male,C57BL/6,1.1.1,FR1,0,LeftWithPellet,197,216,97,1,0,0,,,,,,,,,,,,,,,,,
2026-07-16 18:44:57,13034.556641,A0DB8AF16E20,0001,male,C57BL/6,1.1.1,FR1,0,RightWithPellet,197,216,98,1,0,0,,,,,,,,,,,,,,,,,
2026-07-16 18:45:00,13038.221680,A0DB8AF16E20,0001,male,C57BL/6,1.1.1,FR1,0,LeftWithPellet,197,217,98,1,0,0,,,,,,,,,,,,,,,,,
2026-07-16 18:45:05,13042.458984,A0DB8AF16E20,0001,male,C57BL/6,1.1.1,FR1,0,Left,197,218,98,1,0,0,,,,,,,,,,,,,,,,,
2026-07-16 18:45:08,13045.971680,A0DB8AF16E20,0001,male,C57BL/6,1.1.1,FR1,0,LeftWithPellet,197,219,98,1,0,0,,,,,,,,,,,,,,,,,
2026-07-16 18:45:15,13052.661133,A0DB8AF16E20,0001,male,C57BL/6,1.1.1,FR1,0,LeftWithPellet,197,220,98,1,0,0,,,,,,,,,,,,,,,,,
2026-07-16 18:45:23,13060.466797,A0DB8AF16E20,0001,male,C57BL/6,1.1.1,FR1,0,LeftWithPellet,197,221,98,1,0,0,,,,,,,,,,,,,,,,,
2026-07-16 18:45:26,13064.139648,A0DB8AF16E20,0001,male,C57BL/6,1.1.1,FR1,0,Left,197,222,98,1,0,0,,,,,,,,,,,,,,,,,
2026-07-16 18:45:27,13064.833008,A0DB8AF16E20,0001,male,C57BL/6,1.1.1,FR1,0,LeftWithPellet,197,222,98,1,0,0,,,,,,,,,,,,,,,,,
2026-07-16 18:45:29,13066.927734,A0DB8AF16E20,0001,male,C57BL/6,1.1.1,FR1,0,LeftWithPellet,197,223,98,1,0,0,,,,,,,,,,,,,,,,,
2026-07-16 18:45:32,13069.881836,A0DB8AF16E20,0001,male,C57BL/6,1.1.1,FR1,0,LeftWithPellet,197,224,98,1,0,0,,,,,,,,,,,,,,,,,
2026-07-16 18:45:34,13071.464844,A0DB8AF16E20,0001,male,C57BL/6,1.1.1,FR1,0,LeftWithPellet,197,225,98,1,0,0,,,,,,,,,,,,,,,,,
2026-07-16 18:45:38,13075.806641,A0DB8AF16E20,0001,male,C57BL/6,1.1.1,FR1,0,RightWithPellet,197,225,99,1,0,0,,,,,,,,,,,,,,,,,
2026-07-16 18:45:41,13078.961914,A0DB8AF16E20,0001,male,C57BL/6,1.1.1,FR1,0,LeftWithPellet,197,226,99,1,0,0,,,,,,,,,,,,,,,,,
2026-07-16 18:45:42,13080.314453,A0DB8AF16E20,0001,male,C57BL/6,1.1.1,FR1,0,LeftWithPellet,197,227,99,1,0,0,,,,,,,,,,,,,,,,,
2026-07-16 18:45:43,13081.347656,A0DB8AF16E20,0001,male,C57BL/6,1.1.1,FR1,0,LeftWithPellet,197,228,99,1,0,0,,,,,,,,,,,,,,,,,
2026-07-16 18:48:07,13225.328125,A0DB8AF16E20,0001,male,C57BL/6,1.1.1,FR1,0,Left,197,229,99,1,0,0,,,,,,,,,,,,,,,,,
2026-07-16 18:48:11,13229.903320,A0DB8AF16E20,0001,male,C57BL/6,1.1.1,FR1,0,LeftWithPellet,197,230,99,1,0,0,,,,,,,,,,,,,,,,,
2026-07-16 18:48:26,13244.640625,A0DB8AF16E20,0001,male,C57BL/6,1.1.1,FR1,0,RightWithPellet,197,230,100,1,0,0,,,,,,,,,,,,,,,,,
2026-07-16 18:48:35,13253.208984,A0DB8AF16E20,0001,male,C57BL/6,1.1.1,FR1,0,Left,197,231,100,1,0,0,,,,,,,,,,,,,,,,,
2026-07-16 18:48:36,13254.730469,A0DB8AF16E20,0001,male,C57BL/6,1.1.1,FR1,0,LeftWithPellet,197,232,100,1,0,0,,,,,,,,,,,,,,,,,
2026-07-16 18:48:39,13257.416992,A0DB8AF16E20,0001,male,C57BL/6,1.1.1,FR1,0,LeftWithPellet,197,233,100,1,0,0,,,,,,,,,,,,,,,,,
2026-07-16 18:48:40,13258.413086,A0DB8AF16E20,0001,male,C57BL/6,1.1.1,FR1,0,LeftWithPellet,197,234,100,1,0,0,,,,,,,,,,,,,,,,,
2026-07-16 18:48:41,13259.661133,A0DB8AF16E20,0001,male,C57BL/6,1.1.1,FR1,0,LeftWithPellet,197,235,100,1,0,0,,,,,,,,,,,,,,,,,
2026-07-16 18:48:45,13263.291016,A0DB8AF16E20,0001,male,C57BL/6,1.1.1,FR1,0,LeftWithPellet,197,236,100,1,0,0,,,,,,,,,,,,,,,,,
2026-07-16 18:48:49,13267.618164,A0DB8AF16E20,0001,male,C57BL/6,1.1.1,FR1,0,LeftWithPellet,197,237,100,1,0,0,,,,,,,,,,,,,,,,,
2026-07-16 18:49:02,13280.898438,A0DB8AF16E20,0001,male,C57BL/6,1.1.1,FR1,0,Status,197,237,100,1,0,0,,,,,Disabled,24.3,41.6,1002.0,9.4,0.000,0.000,247720,339964,179724,2796,4.10,90.54
2026-07-16 18:49:05,13283.987305,A0DB8AF16E20,0001,male,C57BL/6,1.1.1,FR1,0,Right,197,237,101,1,0,0,,,,,,,,,,,,,,,,,
2026-07-16 18:49:12,13291.071289,A0DB8AF16E20,0001,male,C57BL/6,1.1.1,FR1,0,Left,197,238,101,1,0,0,,,,,,,,,,,,,,,,,
2026-07-16 18:49:16,13294.894531,A0DB8AF16E20,0001,male,C57BL/6,1.1.1,FR1,0,LeftWithPellet,197,239,101,1,0,0,,,,,,,,,,,,,,,,,
2026-07-16 18:49:22,13300.920898,A0DB8AF16E20,0001,male,C57BL/6,1.1.1,FR1,0,LeftWithPellet,197,240,101,1,0,0,,,,,,,,,,,,,,,,,
2026-07-16 18:49:29,13307.471680,A0DB8AF16E20,0001,male,C57BL/6,1.1.1,FR1,0,LeftWithPellet,197,241,101,1,0,0,,,,,,,,,,,,,,,,,
2026-07-16 18:49:32,13310.503906,A0DB8AF16E20,0001,male,C57BL/6,1.1.1,FR1,0,LeftWithPellet,197,242,101,1,0,0,,,,,,,,,,,,,,,,,
2026-07-16 18:49:39,13317.176758,A0DB8AF16E20,0001,male,C57BL/6,1.1.1,FR1,0,Left,197,243,101,1,0,0,,,,,,,,,,,,,,,,,
2026-07-16 18:49:54,13333.048828,A0DB8AF16E20,0001,male,C57BL/6,1.1.1,FR1,0,LeftWithPellet,197,244,101,1,0,0,,,,,,,,,,,,,,,,,
2026-07-16 18:49:59,13337.154297,A0DB8AF16E20,0001,male,C57BL/6,1.1.1,FR1,0,LeftWithPellet,197,245,101,1,0,0,,,,,,,,,,,,,,,,,
2026-07-16 18:50:03,13342.037109,A0DB8AF16E20,0001,male,C57BL/6,1.1.1,FR1,0,Right,197,245,102,1,0,0,,,,,,,,,,,,,,,,,
2026-07-16 18:50:05,13343.454102,A0DB8AF16E20,0001,male,C57BL/6,1.1.1,FR1,0,Right,197,245,103,1,0,0,,,,,,,,,,,,,,,,,
2026-07-16 18:50:06,13344.392578,A0DB8AF16E20,0001,male,C57BL/6,1.1.1,FR1,0,Right,197,245,104,1,0,0,,,,,,,,,,,,,,,,,
2026-07-16 18:50:09,13347.199219,A0DB8AF16E20,0001,male,C57BL/6,1.1.1,FR1,0,Right,197,245,105,1,0,0,,,,,,,,,,,,,,,,,
2026-07-16 18:50:11,13350.103516,A0DB8AF16E20,0001,male,C57BL/6,1.1.1,FR1,0,Left,197,246,105,1,0,0,,,,,,,,,,,,,,,,,
2026-07-16 18:50:13,13351.887695,A0DB8AF16E20,0001,male,C57BL/6,1.1.1,FR1,0,LeftWithPellet,197,247,105,1,0,0,,,,,,,,,,,,,,,,,
2026-07-16 18:50:17,13355.824219,A0DB8AF16E20,0001,male,C57BL/6,1.1.1,FR1,0,LeftWithPellet,197,248,105,1,0,0,,,,,,,,,,,,,,,,,
2026-07-16 18:50:34,13373.098633,A0DB8AF16E20,0001,male,C57BL/6,1.1.1,FR1,0,Right,197,248,106,1,0,0,,,,,,,,,,,,,,,,,
2026-07-16 18:51:00,13399.008789,A0DB8AF16E20,0001,male,C57BL/6,1.1.1,FR1,0,Left,197,249,106,1,0,0,,,,,,,,,,,,,,,,,
2026-07-16 18:51:01,13399.889648,A0DB8AF16E20,0001,male,C57BL/6,1.1.1,FR1,0,LeftWithPellet,197,250,106,1,0,0,,,,,,,,,,,,,,,,,
2026-07-16 18:51:04,13402.595703,A0DB8AF16E20,0001,male,C57BL/6,1.1.1,FR1,0,LeftWithPellet,197,251,106,1,0,0,,,,,,,,,,,,,,,,,
2026-07-16 18:51:05,13403.377930,A0DB8AF16E20,0001,male,C57BL/6,1.1.1,FR1,0,LeftWithPellet,197,252,106,1,0,0,,,,,,,,,,,,,,,,,
2026-07-16 18:51:08,13406.547852,A0DB8AF16E20,0001,male,C57BL/6,1.1.1,FR1,0,LeftWithPellet,197,253,106,1,0,0,,,,,,,,,,,,,,,,,
2026-07-16 18:51:09,13407.576172,A0DB8AF16E20,0001,male,C57BL/6,1.1.1,FR1,0,LeftWithPellet,197,254,106,1,0,0,,,,,,,,,,,,,,,,,
2026-07-16 18:51:12,13410.871094,A0DB8AF16E20,0001,male,C57BL/6,1.1.1,FR1,0,LeftWithPellet,197,255,106,1,0,0,,,,,,,,,,,,,,,,,
2026-07-16 18:51:15,13413.433594,A0DB8AF16E20,0001,male,C57BL/6,1.1.1,FR1,0,LeftWithPellet,197,256,106,1,0,0,,,,,,,,,,,,,,,,,
2026-07-16 18:51:18,13416.497070,A0DB8AF16E20,0001,male,C57BL/6,1.1.1,FR1,0,LeftWithPellet,197,257,106,1,0,0,,,,,,,,,,,,,,,,,
2026-07-16 18:51:19,13417.841797,A0DB8AF16E20,0001,male,C57BL/6,1.1.1,FR1,0,LeftWithPellet,197,258,106,1,0,0,,,,,,,,,,,,,,,,,
2026-07-16 18:51:26,13424.401367,A0DB8AF16E20,0001,male,C57BL/6,1.1.1,FR1,0,Left,197,259,106,1,0,0,,,,,,,,,,,,,,,,,
2026-07-16 18:51:27,13426.154297,A0DB8AF16E20,0001,male,C57BL/6,1.1.1,FR1,0,LeftWithPellet,197,260,106,1,0,0,,,,,,,,,,,,,,,,,
2026-07-16 18:51:31,13429.821289,A0DB8AF16E20,0001,male,C57BL/6,1.1.1,FR1,0,RightWithPellet,197,260,107,1,0,0,,,,,,,,,,,,,,,,,
2026-07-16 18:51:34,13432.738281,A0DB8AF16E20,0001,male,C57BL/6,1.1.1,FR1,0,RightWithPellet,197,260,108,1,0,0,,,,,,,,,,,,,,,,,
2026-07-16 18:51:36,13435.192383,A0DB8AF16E20,0001,male,C57BL/6,1.1.1,FR1,0,LeftWithPellet,197,261,108,1,0,0,,,,,,,,,,,,,,,,,
2026-07-16 18:51:38,13436.651367,A0DB8AF16E20,0001,male,C57BL/6,1.1.1,FR1,0,LeftWithPellet,197,262,108,1,0,0,,,,,,,,,,,,,,,,,
2026-07-16 18:51:40,13439.022461,A0DB8AF16E20,0001,male,C57BL/6,1.1.1,FR1,0,LeftWithPellet,197,263,108,1,0,0,,,,,,,,,,,,,,,,,
2026-07-16 18:51:43,13441.727539,A0DB8AF16E20,0001,male,C57BL/6,1.1.1,FR1,0,LeftWithPellet,197,264,108,1,0,0,,,,,,,,,,,,,,,,,
2026-07-16 18:51:49,13447.585938,A0DB8AF16E20,0001,male,C57BL/6,1.1.1,FR1,0,Left,197,265,108,1,0,0,,,,,,,,,,,,,,,,,
2026-07-16 18:51:59,13457.977539,A0DB8AF16E20,0001,male,C57BL/6,1.1.1,FR1,0,LeftWithPellet,197,266,108,1,0,0,,,,,,,,,,,,,,,,,
2026-07-16 18:52:06,13464.478516,A0DB8AF16E20,0001,male,C57BL/6,1.1.1,FR1,0,RightWithPellet,197,266,109,1,0,0,,,,,,,,,,,,,,,,,
2026-07-16 18:52:07,13465.876953,A0DB8AF16E20,0001,male,C57BL/6,1.1.1,FR1,0,RightWithPellet,197,266,110,1,0,0,,,,,,,,,,,,,,,,,
2026-07-16 18:52:11,13469.902344,A0DB8AF16E20,0001,male,C57BL/6,1.1.1,FR1,0,Left,197,267,110,1,0,0,,,,,,,,,,,,,,,,,
2026-07-16 18:52:21,13479.603516,A0DB8AF16E20,0001,male,C57BL/6,1.1.1,FR1,0,LeftWithPellet,197,268,110,1,0,0,,,,,,,,,,,,,,,,,
2026-07-16 18:52:30,13488.654297,A0DB8AF16E20,0001,male,C57BL/6,1.1.1,FR1,0,LeftWithPellet,197,269,110,1,0,0,,,,,,,,,,,,,,,,,
2026-07-16 18:52:35,13493.784180,A0DB8AF16E20,0001,male,C57BL/6,1.1.1,FR1,0,Left,197,270,110,1,0,0,,,,,,,,,,,,,,,,,
2026-07-16 18:52:38,13496.554688,A0DB8AF16E20,0001,male,C57BL/6,1.1.1,FR1,0,LeftWithPellet,197,271,110,1,0,0,,,,,,,,,,,,,,,,,
2026-07-16 18:57:05,13764.362305,A0DB8AF16E20,0001,male,C57BL/6,1.1.1,FR1,0,Left,197,272,110,1,0,0,,,,,,,,,,,,,,,,,
2026-07-16 18:57:06,13765.033203,A0DB8AF16E20,0001,male,C57BL/6,1.1.1,FR1,0,LeftWithPellet,197,272,110,1,0,0,,,,,,,,,,,,,,,,,
2026-07-16 18:59:04,13883.246094,A0DB8AF16E20,0001,male,C57BL/6,1.1.1,FR1,0,Status,197,272,110,1,0,0,,,,,Disabled,24.4,41.9,1002.1,9.4,0.000,0.000,247720,339964,179724,2889,4.09,90.22
2026-07-16 19:05:33,14273.146484,A0DB8AF16E20,0001,male,C57BL/6,1.1.1,FR1,0,Left,197,273,110,1,0,0,,,,,,,,,,,,,,,,,
2026-07-16 19:05:38,14278.184570,A0DB8AF16E20,0001,male,C57BL/6,1.1.1,FR1,0,LeftWithPellet,197,274,110,1,0,0,,,,,,,,,,,,,,,,,
2026-07-16 19:05:43,14282.732422,A0DB8AF16E20,0001,male,C57BL/6,1.1.1,FR1,0,LeftWithPellet,197,275,110,1,0,0,,,,,,,,,,,,,,,,,
2026-07-16 19:05:45,14285.123047,A0DB8AF16E20,0001,male,C57BL/6,1.1.1,FR1,0,LeftWithPellet,197,276,110,1,0,0,,,,,,,,,,,,,,,,,
2026-07-16 19:05:48,14287.843750,A0DB8AF16E20,0001,male,C57BL/6,1.1.1,FR1,0,LeftWithPellet,197,277,110,1,0,0,,,,,,,,,,,,,,,,,
2026-07-16 19:05:51,14290.565430,A0DB8AF16E20,0001,male,C57BL/6,1.1.1,FR1,0,LeftWithPellet,197,278,110,1,0,0,,,,,,,,,,,,,,,,,
2026-07-16 19:05:54,14294.166016,A0DB8AF16E20,0001,male,C57BL/6,1.1.1,FR1,0,LeftWithPellet,197,279,110,1,0,0,,,,,,,,,,,,,,,,,
2026-07-16 19:05:59,14298.577148,A0DB8AF16E20,0001,male,C57BL/6,1.1.1,FR1,0,Left,197,280,110,1,0,0,,,,,,,,,,,,,,,,,
2026-07-16 19:06:22,14321.614258,A0DB8AF16E20,0001,male,C57BL/6,1.1.1,FR1,0,Right,197,280,111,1,0,0,,,,,,,,,,,,,,,,,
2026-07-16 19:06:31,14330.730469,A0DB8AF16E20,0001,male,C57BL/6,1.1.1,FR1,0,Right,197,280,112,1,0,0,,,,,,,,,,,,,,,,,
2026-07-16 19:06:35,14334.376953,A0DB8AF16E20,0001,male,C57BL/6,1.1.1,FR1,0,Right,197,280,113,1,0,0,,,,,,,,,,,,,,,,,
2026-07-16 19:06:39,14338.883789,A0DB8AF16E20,0001,male,C57BL/6,1.1.1,FR1,0,Right,197,280,114,1,0,0,,,,,,,,,,,,,,,,,
2026-07-16 19:06:43,14342.981445,A0DB8AF16E20,0001,male,C57BL/6,1.1.1,FR1,0,Right,197,280,115,1,0,0,,,,,,,,,,,,,,,,,
2026-07-16 19:06:50,14350.266602,A0DB8AF16E20,0001,male,C57BL/6,1.1.1,FR1,0,Left,197,281,115,1,0,0,,,,,,,,,,,,,,,,,
2026-07-16 19:06:52,14351.593750,A0DB8AF16E20,0001,male,C57BL/6,1.1.1,FR1,0,LeftWithPellet,197,282,115,1,0,0,,,,,,,,,,,,,,,,,
2026-07-16 19:06:55,14354.465820,A0DB8AF16E20,0001,male,C57BL/6,1.1.1,FR1,0,LeftWithPellet,197,283,115,1,0,0,,,,,,,,,,,,,,,,,
2026-07-16 19:06:56,14355.541016,A0DB8AF16E20,0001,male,C57BL/6,1.1.1,FR1,0,LeftWithPellet,197,284,115,1,0,0,,,,,,,,,,,,,,,,,
2026-07-16 19:07:01,14360.389648,A0DB8AF16E20,0001,male,C57BL/6,1.1.1,FR1,0,LeftWithPellet,197,285,115,1,0,0,,,,,,,,,,,,,,,,,
2026-07-16 19:07:02,14361.382812,A0DB8AF16E20,0001,male,C57BL/6,1.1.1,FR1,0,LeftWithPellet,197,286,115,1,0,0,,,,,,,,,,,,,,,,,
2026-07-16 19:07:06,14365.382812,A0DB8AF16E20,0001,male,C57BL/6,1.1.1,FR1,0,LeftWithPellet,197,287,115,1,0,0,,,,,,,,,,,,,,,,,
2026-07-16 19:07:10,14370.117188,A0DB8AF16E20,0001,male,C57BL/6,1.1.1,FR1,0,LeftWithPellet,197,288,115,1,0,0,,,,,,,,,,,,,,,,,
2026-07-16 19:07:15,14374.734375,A0DB8AF16E20,0001,male,C57BL/6,1.1.1,FR1,0,Left,197,289,115,1,0,0,,,,,,,,,,,,,,,,,
2026-07-16 19:07:18,14377.557617,A0DB8AF16E20,0001,male,C57BL/6,1.1.1,FR1,0,LeftWithPellet,197,290,115,1,0,0,,,,,,,,,,,,,,,,,
2026-07-16 19:09:07,14486.385742,A0DB8AF16E20,0001,male,C57BL/6,1.1.1,FR1,0,Status,197,290,115,1,0,0,,,,,Disabled,24.5,42.4,1002.1,9.3,0.000,0.000,247720,339964,179724,3001,4.08,90.07
2026-07-16 19:09:23,14501.886719,A0DB8AF16E20,0001,male,C57BL/6,1.1.1,FR1,0,Left,197,291,115,1,0,0,,,,,,,,,,,,,,,,,
2026-07-16 19:09:26,14505.500000,A0DB8AF16E20,0001,male,C57BL/6,1.1.1,FR1,0,LeftWithPellet,197,292,115,1,0,0,,,,,,,,,,,,,,,,,
2026-07-16 19:09:28,14507.019531,A0DB8AF16E20,0001,male,C57BL/6,1.1.1,FR1,0,LeftWithPellet,197,293,115,1,0,0,,,,,,,,,,,,,,,,,
2026-07-16 19:09:32,14510.655273,A0DB8AF16E20,0001,male,C57BL/6,1.1.1,FR1,0,LeftWithPellet,197,294,115,1,0,0,,,,,,,,,,,,,,,,,
2026-07-16 19:09:34,14513.375977,A0DB8AF16E20,0001,male,C57BL/6,1.1.1,FR1,0,LeftWithPellet,197,295,115,1,0,0,,,,,,,,,,,,,,,,,
2026-07-16 19:09:38,14517.163086,A0DB8AF16E20,0001,male,C57BL/6,1.1.1,FR1,0,LeftWithPellet,197,296,115,1,0,0,,,,,,,,,,,,,,,,,
2026-07-16 19:09:41,14520.252930,A0DB8AF16E20,0001,male,C57BL/6,1.1.1,FR1,0,LeftWithPellet,197,297,115,1,0,0,,,,,,,,,,,,,,,,,
2026-07-16 19:09:48,14526.956055,A0DB8AF16E20,0001,male,C57BL/6,1.1.1,FR1,0,Left,197,298,115,1,0,0,,,,,,,,,,,,,,,,,
2026-07-16 19:09:50,14528.927734,A0DB8AF16E20,0001,male,C57BL/6,1.1.1,FR1,0,LeftWithPellet,197,299,115,1,0,0,,,,,,,,,,,,,,,,,
2026-07-16 19:10:02,14540.647461,A0DB8AF16E20,0001,male,C57BL/6,1.1.1,FR1,0,LeftWithPellet,197,300,115,1,0,0,,,,,,,,,,,,,,,,,
2026-07-16 19:10:03,14541.682617,A0DB8AF16E20,0001,male,C57BL/6,1.1.1,FR1,0,LeftWithPellet,197,301,115,1,0,0,,,,,,,,,,,,,,,,,
2026-07-16 19:10:06,14545.169922,A0DB8AF16E20,0001,male,C57BL/6,1.1.1,FR1,0,LeftWithPellet,197,302,115,1,0,0,,,,,,,,,,,,,,,,,
2026-07-16 19:10:14,14552.667969,A0DB8AF16E20,0001,male,C57BL/6,1.1.1,FR1,0,Right,197,302,116,1,0,0,,,,,,,,,,,,,,,,,
2026-07-16 19:10:14,14553.556641,A0DB8AF16E20,0001,male,C57BL/6,1.1.1,FR1,0,Right,197,302,117,1,0,0,,,,,,,,,,,,,,,,,
2026-07-16 19:10:19,14558.295898,A0DB8AF16E20,0001,male,C57BL/6,1.1.1,FR1,0,Left,197,303,117,1,0,0,,,,,,,,,,,,,,,,,
2026-07-16 19:10:20,14559.024414,A0DB8AF16E20,0001,male,C57BL/6,1.1.1,FR1,0,LeftWithPellet,197,304,117,1,0,0,,,,,,,,,,,,,,,,,
2026-07-16 19:10:24,14563.425781,A0DB8AF16E20,0001,male,C57BL/6,1.1.1,FR1,0,LeftWithPellet,197,305,117,1,0,0,,,,,,,,,,,,,,,,,
2026-07-16 19:10:35,14573.818359,A0DB8AF16E20,0001,male,C57BL/6,1.1.1,FR1,0,RightWithPellet,197,305,118,1,0,0,,,,,,,,,,,,,,,,,
2026-07-16 19:10:43,14582.500977,A0DB8AF16E20,0001,male,C57BL/6,1.1.1,FR1,0,Left,197,306,118,1,0,0,,,,,,,,,,,,,,,,,
2026-07-16 19:11:01,14600.126953,A0DB8AF16E20,0001,male,C57BL/6,1.1.1,FR1,0,LeftWithPellet,197,307,118,1,0,0,,,,,,,,,,,,,,,,,
2026-07-16 19:11:02,14601.447266,A0DB8AF16E20,0001,male,C57BL/6,1.1.1,FR1,0,LeftWithPellet,197,308,118,1,0,0,,,,,,,,,,,,,,,,,
2026-07-16 19:11:06,14605.539062,A0DB8AF16E20,0001,male,C57BL/6,1.1.1,FR1,0,Left,197,309,118,1,0,0,,,,,,,,,,,,,,,,,
2026-07-16 19:11:09,14608.483398,A0DB8AF16E20,0001,male,C57BL/6,1.1.1,FR1,0,LeftWithPellet,197,310,118,1,0,0,,,,,,,,,,,,,,,,,
2026-07-16 19:11:12,14611.203125,A0DB8AF16E20,0001,male,C57BL/6,1.1.1,FR1,0,LeftWithPellet,197,311,118,1,0,0,,,,,,,,,,,,,,,,,
2026-07-16 19:15:06,14845.120117,A0DB8AF16E20,0001,male,C57BL/6,1.1.1,FR1,0,Right,197,311,119,1,0,0,,,,,,,,,,,,,,,,,
2026-07-16 19:15:12,14851.148438,A0DB8AF16E20,0001,male,C57BL/6,1.1.1,FR1,0,Right,197,311,120,1,0,0,,,,,,,,,,,,,,,,,
2026-07-16 19:15:18,14857.400391,A0DB8AF16E20,0001,male,C57BL/6,1.1.1,FR1,0,Right,197,311,121,1,0,0,,,,,,,,,,,,,,,,,
2026-07-16 19:15:26,14865.277344,A0DB8AF16E20,0001,male,C57BL/6,1.1.1,FR1,0,Right,197,311,122,1,0,0,,,,,,,,,,,,,,,,,
2026-07-16 19:15:28,14867.405273,A0DB8AF16E20,0001,male,C57BL/6,1.1.1,FR1,0,Right,197,311,123,1,0,0,,,,,,,,,,,,,,,,,
2026-07-16 19:15:34,14873.108398,A0DB8AF16E20,0001,male,C57BL/6,1.1.1,FR1,0,Right,197,311,124,1,0,0,,,,,,,,,,,,,,,,,
2026-07-16 19:15:39,14878.907227,A0DB8AF16E20,0001,male,C57BL/6,1.1.1,FR1,0,Right,197,311,125,1,0,0,,,,,,,,,,,,,,,,,
2026-07-16 19:16:00,14899.496094,A0DB8AF16E20,0001,male,C57BL/6,1.1.1,FR1,0,Right,197,311,126,1,0,0,,,,,,,,,,,,,,,,,
2026-07-16 19:16:06,14905.700195,A0DB8AF16E20,0001,male,C57BL/6,1.1.1,FR1,0,Right,197,311,127,1,0,0,,,,,,,,,,,,,,,,,
2026-07-16 19:16:08,14907.497070,A0DB8AF16E20,0001,male,C57BL/6,1.1.1,FR1,0,Right,197,311,128,1,0,0,,,,,,,,,,,,,,,,,
2026-07-16 19:16:11,14910.868164,A0DB8AF16E20,0001,male,C57BL/6,1.1.1,FR1,0,Right,197,311,129,1,0,0,,,,,,,,,,,,,,,,,
2026-07-16 19:16:15,14914.416016,A0DB8AF16E20,0001,male,C57BL/6,1.1.1,FR1,0,Right,197,311,130,1,0,0,,,,,,,,,,,,,,,,,
2026-07-16 19:16:27,14926.415039,A0DB8AF16E20,0001,male,C57BL/6,1.1.1,FR1,0,Right,197,311,131,1,0,0,,,,,,,,,,,,,,,,,
2026-07-16 19:16:28,14927.475586,A0DB8AF16E20,0001,male,C57BL/6,1.1.1,FR1,0,Right,197,311,132,1,0,0,,,,,,,,,,,,,,,,,
2026-07-16 19:16:29,14928.583984,A0DB8AF16E20,0001,male,C57BL/6,1.1.1,FR1,0,Right,197,311,133,1,0,0,,,,,,,,,,,,,,,,,
2026-07-16 19:16:31,14930.565430,A0DB8AF16E20,0001,male,C57BL/6,1.1.1,FR1,0,Right,197,311,134,1,0,0,,,,,,,,,,,,,,,,,
2026-07-16 19:16:33,14932.297852,A0DB8AF16E20,0001,male,C57BL/6,1.1.1,FR1,0,Right,197,311,135,1,0,0,,,,,,,,,,,,,,,,,
2026-07-16 19:16:38,14937.605469,A0DB8AF16E20,0001,male,C57BL/6,1.1.1,FR1,0,Right,197,311,136,1,0,0,,,,,,,,,,,,,,,,,
2026-07-16 19:16:40,14939.636719,A0DB8AF16E20,0001,male,C57BL/6,1.1.1,FR1,0,Right,197,311,137,1,0,0,,,,,,,,,,,,,,,,,
2026-07-16 19:16:48,14947.325195,A0DB8AF16E20,0001,male,C57BL/6,1.1.1,FR1,0,Left,197,312,137,1,0,0,,,,,,,,,,,,,,,,,
2026-07-16 19:16:49,14948.360352,A0DB8AF16E20,0001,male,C57BL/6,1.1.1,FR1,0,LeftWithPellet,197,313,137,1,0,0,,,,,,,,,,,,,,,,,
2026-07-16 19:16:57,14956.346680,A0DB8AF16E20,0001,male,C57BL/6,1.1.1,FR1,0,LeftWithPellet,197,314,137,1,0,0,,,,,,,,,,,,,,,,,
2026-07-16 19:16:58,14957.089844,A0DB8AF16E20,0001,male,C57BL/6,1.1.1,FR1,0,LeftWithPellet,197,315,137,1,0,0,,,,,,,,,,,,,,,,,
2026-07-16 19:17:00,14959.773438,A0DB8AF16E20,0001,male,C57BL/6,1.1.1,FR1,0,LeftWithPellet,197,316,137,1,0,0,,,,,,,,,,,,,,,,,
2026-07-16 19:17:03,14962.158203,A0DB8AF16E20,0001,male,C57BL/6,1.1.1,FR1,0,LeftWithPellet,197,317,137,1,0,0,,,,,,,,,,,,,,,,,
2026-07-16 19:17:13,14972.537109,A0DB8AF16E20,0001,male,C57BL/6,1.1.1,FR1,0,Right,197,317,138,1,0,0,,,,,,,,,,,,,,,,,
2026-07-16 19:17:14,14974.043945,A0DB8AF16E20,0001,male,C57BL/6,1.1.1,FR1,0,Right,197,317,139,1,0,0,,,,,,,,,,,,,,,,,
2026-07-16 19:17:21,14980.402344,A0DB8AF16E20,0001,male,C57BL/6,1.1.1,FR1,0,Left,197,318,139,1,0,0,,,,,,,,,,,,,,,,,
2026-07-16 19:17:26,14985.347656,A0DB8AF16E20,0001,male,C57BL/6,1.1.1,FR1,0,LeftWithPellet,197,319,139,1,0,0,,,,,,,,,,,,,,,,,
2026-07-16 19:17:30,14989.149414,A0DB8AF16E20,0001,male,C57BL/6,1.1.1,FR1,0,LeftWithPellet,197,320,139,1,0,0,,,,,,,,,,,,,,,,,
2026-07-16 19:17:41,15000.840820,A0DB8AF16E20,0001,male,C57BL/6,1.1.1,FR1,0,LeftWithPellet,197,321,139,1,0,0,,,,,,,,,,,,,,,,,
2026-07-16 19:19:33,15113.193359,A0DB8AF16E20,0001,male,C57BL/6,1.1.1,FR1,0,Status,197,321,139,1,0,0,,,,,Disabled,24.6,44.3,1002.2,9.2,0.000,0.000,247720,339964,179724,3118,4.08,89.75
2026-07-16 19:22:07,15267.351562,A0DB8AF16E20,0001,male,C57BL/6,1.1.1,FR1,0,Right,197,321,140,1,0,0,,,,,,,,,,,,,,,,,
2026-07-16 19:25:09,15449.887695,A0DB8AF16E20,0001,male,C57BL/6,1.1.1,FR1,0,Left,197,322,140,1,0,0,,,,,,,,,,,,,,,,,
2026-07-16 19:25:13,15453.825195,A0DB8AF16E20,0001,male,C57BL/6,1.1.1,FR1,0,LeftWithPellet,197,323,140,1,0,0,,,,,,,,,,,,,,,,,
2026-07-16 19:25:14,15454.613281,A0DB8AF16E20,0001,male,C57BL/6,1.1.1,FR1,0,LeftWithPellet,197,324,140,1,0,0,,,,,,,,,,,,,,,,,
2026-07-16 19:25:17,15457.901367,A0DB8AF16E20,0001,male,C57BL/6,1.1.1,FR1,0,LeftWithPellet,197,325,140,1,0,0,,,,,,,,,,,,,,,,,
2026-07-16 19:25:20,15460.584961,A0DB8AF16E20,0001,male,C57BL/6,1.1.1,FR1,0,LeftWithPellet,197,326,140,1,0,0,,,,,,,,,,,,,,,,,
2026-07-16 19:25:26,15466.720703,A0DB8AF16E20,0001,male,C57BL/6,1.1.1,FR1,0,RightWithPellet,197,326,141,1,0,0,,,,,,,,,,,,,,,,,
2026-07-16 19:29:58,15738.974609,A0DB8AF16E20,0001,male,C57BL/6,1.1.1,FR1,0,Status,197,326,141,1,0,0,,,,,Disabled,24.6,43.7,1002.2,9.3,0.000,24.000,247720,339964,179724,3251,4.07,89.59
2026-07-16 19:32:12,15873.226562,A0DB8AF16E20,0001,male,C57BL/6,1.1.1,FR1,0,Right,197,326,142,1,0,0,,,,,,,,,,,,,,,,,
2026-07-16 19:32:55,15915.701172,A0DB8AF16E20,0001,male,C57BL/6,1.1.1,FR1,0,Right,197,326,143,1,0,0,,,,,,,,,,,,,,,,,
2026-07-16 19:32:57,15917.566406,A0DB8AF16E20,0001,male,C57BL/6,1.1.1,FR1,0,Right,197,326,144,1,0,0,,,,,,,,,,,,,,,,,
2026-07-16 19:36:32,16132.827148,A0DB8AF16E20,0001,male,C57BL/6,1.1.1,FR1,0,Left,197,327,144,1,0,0,,,,,,,,,,,,,,,,,
2026-07-16 19:36:40,16141.267578,A0DB8AF16E20,0001,male,C57BL/6,1.1.1,FR1,0,LeftWithPellet,197,328,144,1,0,0,,,,,,,,,,,,,,,,,
2026-07-16 19:36:46,16147.531250,A0DB8AF16E20,0001,male,C57BL/6,1.1.1,FR1,0,LeftWithPellet,197,329,144,1,0,0,,,,,,,,,,,,,,,,,
2026-07-16 19:36:48,16148.769531,A0DB8AF16E20,0001,male,C57BL/6,1.1.1,FR1,0,LeftWithPellet,197,330,144,1,0,0,,,,,,,,,,,,,,,,,
2026-07-16 19:36:51,16152.117188,A0DB8AF16E20,0001,male,C57BL/6,1.1.1,FR1,0,LeftWithPellet,197,331,144,1,0,0,,,,,,,,,,,,,,,,,
2026-07-16 19:36:56,16157.194336,A0DB8AF16E20,0001,male,C57BL/6,1.1.1,FR1,0,Left,197,332,144,1,0,0,,,,,,,,,,,,,,,,,
2026-07-16 19:37:07,16167.707031,A0DB8AF16E20,0001,male,C57BL/6,1.1.1,FR1,0,LeftWithPellet,197,333,144,1,0,0,,,,,,,,,,,,,,,,,
2026-07-16 19:37:23,16183.901367,A0DB8AF16E20,0001,male,C57BL/6,1.1.1,FR1,0,Right,197,333,145,1,0,0,,,,,,,,,,,,,,,,,
2026-07-16 19:37:33,16194.198242,A0DB8AF16E20,0001,male,C57BL/6,1.1.1,FR1,0,Right,197,333,146,1,0,0,,,,,,,,,,,,,,,,,
2026-07-16 19:37:39,16200.258789,A0DB8AF16E20,0001,male,C57BL/6,1.1.1,FR1,0,Right,197,333,147,1,0,0,,,,,,,,,,,,,,,,,
2026-07-16 19:40:24,16365.689453,A0DB8AF16E20,0001,male,C57BL/6,1.1.1,FR1,0,Status,197,333,147,1,0,0,,,,,Disabled,24.5,43.5,1002.2,9.3,0.068,58.000,247720,339964,179724,3381,4.09,89.59
2026-07-16 19:44:53,16635.851562,A0DB8AF16E20,0001,male,C57BL/6,1.1.1,FR1,0,Right,197,333,148,1,0,0,,,,,,,,,,,,,,,,,
2026-07-16 19:44:55,16637.730469,A0DB8AF16E20,0001,male,C57BL/6,1.1.1,FR1,0,Right,197,333,149,1,0,0,,,,,,,,,,,,,,,,,
2026-07-16 19:45:05,16647.593750,A0DB8AF16E20,0001,male,C57BL/6,1.1.1,FR1,0,Right,197,333,150,1,0,0,,,,,,,,,,,,,,,,,
2026-07-16 19:45:07,16648.919922,A0DB8AF16E20,0001,male,C57BL/6,1.1.1,FR1,0,Right,197,333,151,1,0,0,,,,,,,,,,,,,,,,,
2026-07-16 19:45:09,16651.283203,A0DB8AF16E20,0001,male,C57BL/6,1.1.1,FR1,0,Right,197,333,152,1,0,0,,,,,,,,,,,,,,,,,
2026-07-16 19:49:40,16922.505859,A0DB8AF16E20,0001,male,C57BL/6,1.1.1,FR1,0,Left,197,334,152,1,0,0,,,,,,,,,,,,,,,,,
2026-07-16 19:49:46,16928.445312,A0DB8AF16E20,0001,male,C57BL/6,1.1.1,FR1,0,LeftWithPellet,197,334,153,1,0,0,,,,,,,,,,,,,,,,,
2026-07-16 19:49:47,16929.392578,A0DB8AF16E20,0001,male,C57BL/6,1.1.1,FR1,0,RightWithPellet,197,334,154,1,0,0,,,,,,,,,,,,,,,,,
2026-07-16 19:49:54,16936.791016,A0DB8AF16E20,0001,male,C57BL/6,1.1.1,FR1,0,LeftWithPellet,197,335,154,1,0,0,,,,,,,,,,,,,,,,,
2026-07-16 19:49:55,16938.101562,A0DB8AF16E20,0001,male,C57BL/6,1.1.1,FR1,0,LeftWithPellet,197,336,154,1,0,0,,,,,,,,,,,,,,,,,
2026-07-16 19:50:51,16993.482422,A0DB8AF16E20,0001,male,C57BL/6,1.1.1,FR1,0,Status,197,336,154,1,0,0,,,,,Disabled,24.5,43.7,1002.2,9.4,0.000,22.000,247720,339964,179724,3516,4.09,89.43
2026-07-16 19:53:19,17141.832031,A0DB8AF16E20,0001,male,C57BL/6,1.1.1,FR1,0,Right,197,336,155,1,0,0,,,,,,,,,,,,,,,,,
2026-07-16 19:55:34,17277.500000,A0DB8AF16E20,0001,male,C57BL/6,1.1.1,FR1,0,Center,197,336,155,2,0,0,,,,,,,,,,,,,,,,,
2026-07-16 19:55:38,17281.382812,A0DB8AF16E20,0001,male,C57BL/6,1.1.1,FR1,0,Center,197,336,155,3,0,0,,,,,,,,,,,,,,,,,
2026-07-16 19:59:10,17494.021484,A0DB8AF16E20,0001,male,C57BL/6,1.1.1,FR1,0,Left,197,337,155,3,0,0,,,,,,,,,,,,,,,,,
2026-07-16 19:59:17,17500.548828,A0DB8AF16E20,0001,male,C57BL/6,1.1.1,FR1,0,LeftWithPellet,197,338,155,3,0,0,,,,,,,,,,,,,,,,,
2026-07-16 19:59:21,17504.173828,A0DB8AF16E20,0001,male,C57BL/6,1.1.1,FR1,0,LeftWithPellet,197,339,155,3,0,0,,,,,,,,,,,,,,,,,
2026-07-16 19:59:28,17511.414062,A0DB8AF16E20,0001,male,C57BL/6,1.1.1,FR1,0,LeftWithPellet,197,340,155,3,0,0,,,,,,,,,,,,,,,,,
2026-07-16 19:59:31,17514.156250,A0DB8AF16E20,0001,male,C57BL/6,1.1.1,FR1,0,LeftWithPellet,197,341,155,3,0,0,,,,,,,,,,,,,,,,,
2026-07-16 19:59:37,17520.798828,A0DB8AF16E20,0001,male,C57BL/6,1.1.1,FR1,0,Left,197,342,155,3,0,0,,,,,,,,,,,,,,,,,
2026-07-16 19:59:45,17528.792969,A0DB8AF16E20,0001,male,C57BL/6,1.1.1,FR1,0,LeftWithPellet,197,343,155,3,0,0,,,,,,,,,,,,,,,,,
2026-07-16 19:59:53,17536.253906,A0DB8AF16E20,0001,male,C57BL/6,1.1.1,FR1,0,LeftWithPellet,197,344,155,3,0,0,,,,,,,,,,,,,,,,,
2026-07-16 19:59:55,17538.994141,A0DB8AF16E20,0001,male,C57BL/6,1.1.1,FR1,0,LeftWithPellet,197,345,155,3,0,0,,,,,,,,,,,,,,,,,
2026-07-16 20:00:02,17545.392578,A0DB8AF16E20,0001,male,C57BL/6,1.1.1,FR1,0,Left,197,346,155,3,0,0,,,,,,,,,,,,,,,,,
2026-07-16 20:00:07,17550.910156,A0DB8AF16E20,0001,male,C57BL/6,1.1.1,FR1,0,LeftWithPellet,197,346,156,3,0,0,,,,,,,,,,,,,,,,,
2026-07-16 20:00:13,17556.394531,A0DB8AF16E20,0001,male,C57BL/6,1.1.1,FR1,0,RightWithPellet,197,346,157,3,0,0,,,,,,,,,,,,,,,,,
2026-07-16 20:01:20,17623.261719,A0DB8AF16E20,0001,male,C57BL/6,1.1.1,FR1,0,Status,197,346,157,3,0,0,,,,,Disabled,24.5,43.2,1002.2,9.4,0.000,20.000,247720,339964,179724,3639,4.11,89.43
2026-07-16 20:01:33,17636.835938,A0DB8AF16E20,0001,male,C57BL/6,1.1.1,FR1,0,Left,197,347,157,3,0,0,,,,,,,,,,,,,,,,,
2026-07-16 20:04:25,17808.687500,A0DB8AF16E20,0001,male,C57BL/6,1.1.1,FR1,0,Right,197,347,158,3,0,0,,,,,,,,,,,,,,,,,
2026-07-16 20:04:27,17810.365234,A0DB8AF16E20,0001,male,C57BL/6,1.1.1,FR1,0,Right,197,347,159,3,0,0,,,,,,,,,,,,,,,,,
2026-07-16 20:04:38,17821.429688,A0DB8AF16E20,0001,male,C57BL/6,1.1.1,FR1,0,Left,197,348,159,3,0,0,,,,,,,,,,,,,,,,,
2026-07-16 20:04:41,17824.886719,A0DB8AF16E20,0001,male,C57BL/6,1.1.1,FR1,0,LeftWithPellet,197,349,159,3,0,0,,,,,,,,,,,,,,,,,
2026-07-16 20:11:50,18254.023438,A0DB8AF16E20,0001,male,C57BL/6,1.1.1,FR1,0,Status,197,349,159,3,0,0,,,,,Disabled,24.5,43.9,1002.2,9.4,0.000,0.000,247720,339964,179724,3768,4.11,89.43
2026-07-16 20:14:32,18416.269531,A0DB8AF16E20,0001,male,C57BL/6,1.1.1,FR1,0,Left,197,350,159,3,0,0,,,,,,,,,,,,,,,,,
2026-07-16 20:14:36,18420.425781,A0DB8AF16E20,0001,male,C57BL/6,1.1.1,FR1,0,LeftWithPellet,197,351,159,3,0,0,,,,,,,,,,,,,,,,,
2026-07-16 20:14:39,18423.582031,A0DB8AF16E20,0001,male,C57BL/6,1.1.1,FR1,0,LeftWithPellet,197,352,159,3,0,0,,,,,,,,,,,,,,,,,
2026-07-16 20:14:41,18425.000000,A0DB8AF16E20,0001,male,C57BL/6,1.1.1,FR1,0,LeftWithPellet,197,353,159,3,0,0,,,,,,,,,,,,,,,,,
2026-07-16 20:15:37,18481.888672,A0DB8AF16E20,0001,male,C57BL/6,1.1.1,FR1,0,Right,197,353,160,3,0,0,,,,,,,,,,,,,,,,,
2026-07-16 20:15:39,18483.333984,A0DB8AF16E20,0001,male,C57BL/6,1.1.1,FR1,0,Right,197,353,161,3,0,0,,,,,,,,,,,,,,,,,
2026-07-16 20:16:10,18514.013672,A0DB8AF16E20,0001,male,C57BL/6,1.1.1,FR1,0,Right,197,353,162,3,0,0,,,,,,,,,,,,,,,,,
2026-07-16 20:16:11,18514.978516,A0DB8AF16E20,0001,male,C57BL/6,1.1.1,FR1,0,Right,197,353,163,3,0,0,,,,,,,,,,,,,,,,,
2026-07-16 20:16:12,18516.058594,A0DB8AF16E20,0001,male,C57BL/6,1.1.1,FR1,0,Right,197,353,164,3,0,0,,,,,,,,,,,,,,,,,
2026-07-16 20:16:29,18533.640625,A0DB8AF16E20,0001,male,C57BL/6,1.1.1,FR1,0,Right,197,353,165,3,0,0,,,,,,,,,,,,,,,,,
2026-07-16 20:16:37,18541.703125,A0DB8AF16E20,0001,male,C57BL/6,1.1.1,FR1,0,Right,197,353,166,3,0,0,,,,,,,,,,,,,,,,,
2026-07-16 20:16:39,18543.097656,A0DB8AF16E20,0001,male,C57BL/6,1.1.1,FR1,0,Right,197,353,167,3,0,0,,,,,,,,,,,,,,,,,
2026-07-16 20:16:49,18553.554688,A0DB8AF16E20,0001,male,C57BL/6,1.1.1,FR1,0,Right,197,353,168,3,0,0,,,,,,,,,,,,,,,,,
2026-07-16 20:16:52,18556.035156,A0DB8AF16E20,0001,male,C57BL/6,1.1.1,FR1,0,Right,197,353,169,3,0,0,,,,,,,,,,,,,,,,,
2026-07-16 20:17:00,18564.433594,A0DB8AF16E20,0001,male,C57BL/6,1.1.1,FR1,0,Right,197,353,170,3,0,0,,,,,,,,,,,,,,,,,
2026-07-16 20:17:04,18568.556641,A0DB8AF16E20,0001,male,C57BL/6,1.1.1,FR1,0,Right,197,353,171,3,0,0,,,,,,,,,,,,,,,,,
2026-07-16 20:17:05,18569.441406,A0DB8AF16E20,0001,male,C57BL/6,1.1.1,FR1,0,Right,197,353,172,3,0,0,,,,,,,,,,,,,,,,,
2026-07-16 20:17:15,18579.240234,A0DB8AF16E20,0001,male,C57BL/6,1.1.1,FR1,0,Right,197,353,173,3,0,0,,,,,,,,,,,,,,,,,
2026-07-16 20:17:16,18580.458984,A0DB8AF16E20,0001,male,C57BL/6,1.1.1,FR1,0,Right,197,353,174,3,0,0,,,,,,,,,,,,,,,,,
2026-07-16 20:17:25,18589.330078,A0DB8AF16E20,0001,male,C57BL/6,1.1.1,FR1,0,Right,197,353,175,3,0,0,,,,,,,,,,,,,,,,,
2026-07-16 20:17:26,18591.064453,A0DB8AF16E20,0001,male,C57BL/6,1.1.1,FR1,0,Right,197,353,176,3,0,0,,,,,,,,,,,,,,,,,
2026-07-16 20:17:35,18599.140625,A0DB8AF16E20,0001,male,C57BL/6,1.1.1,FR1,0,Right,197,353,177,3,0,0,,,,,,,,,,,,,,,,,
2026-07-16 20:17:41,18605.421875,A0DB8AF16E20,0001,male,C57BL/6,1.1.1,FR1,0,Right,197,353,178,3,0,0,,,,,,,,,,,,,,,,,
2026-07-16 20:17:42,18606.353516,A0DB8AF16E20,0001,male,C57BL/6,1.1.1,FR1,0,Right,197,353,179,3,0,0,,,,,,,,,,,,,,,,,
2026-07-16 20:17:43,18607.535156,A0DB8AF16E20,0001,male,C57BL/6,1.1.1,FR1,0,Right,197,353,180,3,0,0,,,,,,,,,,,,,,,,,
2026-07-16 20:17:48,18612.830078,A0DB8AF16E20,0001,male,C57BL/6,1.1.1,FR1,0,Right,197,353,181,3,0,0,,,,,,,,,,,,,,,,,
2026-07-16 20:17:50,18614.951172,A0DB8AF16E20,0001,male,C57BL/6,1.1.1,FR1,0,Right,197,353,182,3,0,0,,,,,,,,,,,,,,,,,
2026-07-16 20:18:00,18624.150391,A0DB8AF16E20,0001,male,C57BL/6,1.1.1,FR1,0,Left,197,354,182,3,0,0,,,,,,,,,,,,,,,,,
2026-07-16 20:18:08,18632.681641,A0DB8AF16E20,0001,male,C57BL/6,1.1.1,FR1,0,LeftWithPellet,197,355,182,3,0,0,,,,,,,,,,,,,,,,,
2026-07-16 20:18:13,18638.046875,A0DB8AF16E20,0001,male,C57BL/6,1.1.1,FR1,0,LeftWithPellet,197,356,182,3,0,0,,,,,,,,,,,,,,,,,
2026-07-16 20:22:21,18885.779297,A0DB8AF16E20,0001,male,C57BL/6,1.1.1,FR1,0,Status,197,356,182,3,0,0,,,,,Disabled,24.5,44.8,1002.2,9.4,0.000,0.000,247720,339964,179724,3909,4.08,89.27
2026-07-16 20:22:53,18917.923828,A0DB8AF16E20,0001,male,C57BL/6,1.1.1,FR1,0,Right,197,356,183,3,0,0,,,,,,,,,,,,,,,,,
2026-07-16 20:22:57,18921.496094,A0DB8AF16E20,0001,male,C57BL/6,1.1.1,FR1,0,Left,197,357,183,3,0,0,,,,,,,,,,,,,,,,,
2026-07-16 20:22:58,18922.416016,A0DB8AF16E20,0001,male,C57BL/6,1.1.1,FR1,0,LeftWithPellet,197,358,183,3,0,0,,,,,,,,,,,,,,,,,
2026-07-16 20:22:59,18924.080078,A0DB8AF16E20,0001,male,C57BL/6,1.1.1,FR1,0,LeftWithPellet,197,359,183,3,0,0,,,,,,,,,,,,,,,,,
2026-07-16 20:23:13,18938.251953,A0DB8AF16E20,0001,male,C57BL/6,1.1.1,FR1,0,LeftWithPellet,197,360,183,3,0,0,,,,,,,,,,,,,,,,,
2026-07-16 20:23:31,18955.537109,A0DB8AF16E20,0001,male,C57BL/6,1.1.1,FR1,0,Center,197,360,183,4,0,0,,,,,,,,,,,,,,,,,
2026-07-16 20:25:41,19085.539062,A0DB8AF16E20,0001,male,C57BL/6,1.1.1,FR1,0,Left,197,361,183,4,0,0,,,,,,,,,,,,,,,,,
2026-07-16 20:25:46,19091.035156,A0DB8AF16E20,0001,male,C57BL/6,1.1.1,FR1,0,LeftWithPellet,197,362,183,4,0,0,,,,,,,,,,,,,,,,,
2026-07-16 20:31:59,19464.771484,A0DB8AF16E20,0001,male,C57BL/6,1.1.1,FR1,0,Right,197,362,184,4,0,0,,,,,,,,,,,,,,,,,
2026-07-16 20:32:52,19517.607422,A0DB8AF16E20,0001,male,C57BL/6,1.1.1,FR1,0,Status,197,362,184,4,0,0,,,,,Disabled,24.4,44.5,1002.2,9.3,0.000,0.000,247720,339964,179724,4040,4.08,89.12
2026-07-16 20:33:00,19524.937500,A0DB8AF16E20,0001,male,C57BL/6,1.1.1,FR1,0,Right,197,362,185,4,0,0,,,,,,,,,,,,,,,,,
2026-07-16 20:33:05,19530.343750,A0DB8AF16E20,0001,male,C57BL/6,1.1.1,FR1,0,Right,197,362,186,4,0,0,,,,,,,,,,,,,,,,,
2026-07-16 20:33:59,19584.279297,A0DB8AF16E20,0001,male,C57BL/6,1.1.1,FR1,0,Left,197,363,186,4,0,0,,,,,,,,,,,,,,,,,
2026-07-16 20:34:06,19590.992188,A0DB8AF16E20,0001,male,C57BL/6,1.1.1,FR1,0,LeftWithPellet,197,364,186,4,0,0,,,,,,,,,,,,,,,,,
2026-07-16 20:34:09,19594.248047,A0DB8AF16E20,0001,male,C57BL/6,1.1.1,FR1,0,LeftWithPellet,197,365,186,4,0,0,,,,,,,,,,,,,,,,,
2026-07-16 20:34:10,19595.369141,A0DB8AF16E20,0001,male,C57BL/6,1.1.1,FR1,0,LeftWithPellet,197,366,186,4,0,0,,,,,,,,,,,,,,,,,
2026-07-16 20:34:13,19598.421875,A0DB8AF16E20,0001,male,C57BL/6,1.1.1,FR1,0,LeftWithPellet,197,367,186,4,0,0,,,,,,,,,,,,,,,,,
2026-07-16 20:34:16,19600.812500,A0DB8AF16E20,0001,male,C57BL/6,1.1.1,FR1,0,LeftWithPellet,197,368,186,4,0,0,,,,,,,,,,,,,,,,,
2026-07-16 20:34:18,19603.394531,A0DB8AF16E20,0001,male,C57BL/6,1.1.1,FR1,0,LeftWithPellet,197,369,186,4,0,0,,,,,,,,,,,,,,,,,
2026-07-16 20:34:21,19605.921875,A0DB8AF16E20,0001,male,C57BL/6,1.1.1,FR1,0,Left,197,370,186,4,0,0,,,,,,,,,,,,,,,,,
2026-07-16 20:34:31,19616.048828,A0DB8AF16E20,0001,male,C57BL/6,1.1.1,FR1,0,LeftWithPellet,197,371,186,4,0,0,,,,,,,,,,,,,,,,,
2026-07-16 20:34:50,19635.650391,A0DB8AF16E20,0001,male,C57BL/6,1.1.1,FR1,0,Left,197,372,186,4,0,0,,,,,,,,,,,,,,,,,
2026-07-16 20:34:52,19636.917969,A0DB8AF16E20,0001,male,C57BL/6,1.1.1,FR1,0,LeftWithPellet,197,373,186,4,0,0,,,,,,,,,,,,,,,,,
2026-07-16 20:35:06,19650.808594,A0DB8AF16E20,0001,male,C57BL/6,1.1.1,FR1,0,RightWithPellet,197,373,187,4,0,0,,,,,,,,,,,,,,,,,
2026-07-16 20:35:06,19651.603516,A0DB8AF16E20,0001,male,C57BL/6,1.1.1,FR1,0,RightWithPellet,197,373,188,4,0,0,,,,,,,,,,,,,,,,,
2026-07-16 20:35:40,19685.052734,A0DB8AF16E20,0001,male,C57BL/6,1.1.1,FR1,0,Left,197,374,188,4,0,0,,,,,,,,,,,,,,,,,
2026-07-16 20:35:42,19687.066406,A0DB8AF16E20,0001,male,C57BL/6,1.1.1,FR1,0,LeftWithPellet,197,375,188,4,0,0,,,,,,,,,,,,,,,,,
2026-07-16 20:35:46,19691.511719,A0DB8AF16E20,0001,male,C57BL/6,1.1.1,FR1,0,LeftWithPellet,197,376,188,4,0,0,,,,,,,,,,,,,,,,,
2026-07-16 20:36:12,19717.062500,A0DB8AF16E20,0001,male,C57BL/6,1.1.1,FR1,0,Left,197,377,188,4,0,0,,,,,,,,,,,,,,,,,
2026-07-16 20:36:31,19735.824219,A0DB8AF16E20,0001,male,C57BL/6,1.1.1,FR1,0,LeftWithPellet,197,377,189,4,0,0,,,,,,,,,,,,,,,,,
2026-07-16 20:36:31,19736.736328,A0DB8AF16E20,0001,male,C57BL/6,1.1.1,FR1,0,RightWithPellet,197,377,190,4,0,0,,,,,,,,,,,,,,,,,
2026-07-16 20:36:36,19741.460938,A0DB8AF16E20,0001,male,C57BL/6,1.1.1,FR1,0,Right,197,377,191,4,0,0,,,,,,,,,,,,,,,,,
2026-07-16 20:36:40,19745.738281,A0DB8AF16E20,0001,male,C57BL/6,1.1.1,FR1,0,Left,197,378,191,4,0,0,,,,,,,,,,,,,,,,,
2026-07-16 20:36:42,19747.394531,A0DB8AF16E20,0001,male,C57BL/6,1.1.1,FR1,0,LeftWithPellet,197,379,191,4,0,0,,,,,,,,,,,,,,,,,
2026-07-16 20:36:48,19753.480469,A0DB8AF16E20,0001,male,C57BL/6,1.1.1,FR1,0,LeftWithPellet,197,380,191,4,0,0,,,,,,,,,,,,,,,,,
2026-07-16 20:40:24,19969.785156,A0DB8AF16E20,0001,male,C57BL/6,1.1.1,FR1,0,Left,197,381,191,4,0,0,,,,,,,,,,,,,,,,,
2026-07-16 20:40:27,19972.285156,A0DB8AF16E20,0001,male,C57BL/6,1.1.1,FR1,0,LeftWithPellet,197,382,191,4,0,0,,,,,,,,,,,,,,,,,
2026-07-16 20:40:32,19977.646484,A0DB8AF16E20,0001,male,C57BL/6,1.1.1,FR1,0,LeftWithPellet,197,383,191,4,0,0,,,,,,,,,,,,,,,,,
2026-07-16 20:40:36,19981.955078,A0DB8AF16E20,0001,male,C57BL/6,1.1.1,FR1,0,LeftWithPellet,197,384,191,4,0,0,,,,,,,,,,,,,,,,,
2026-07-16 20:41:12,20017.484375,A0DB8AF16E20,0001,male,C57BL/6,1.1.1,FR1,0,Center,197,384,191,5,0,0,,,,,,,,,,,,,,,,,
2026-07-16 20:41:15,20020.406250,A0DB8AF16E20,0001,male,C57BL/6,1.1.1,FR1,0,Center,197,384,191,6,0,0,,,,,,,,,,,,,,,,,
2026-07-16 20:43:23,20149.216797,A0DB8AF16E20,0001,male,C57BL/6,1.1.1,FR1,0,Status,197,384,191,6,0,0,,,,,Disabled,24.5,44.1,1002.2,9.2,0.000,0.000,247720,339964,179724,4150,4.07,88.96
2026-07-16 20:47:09,20375.214844,A0DB8AF16E20,0001,male,C57BL/6,1.1.1,FR1,0,Left,197,385,191,6,0,0,,,,,,,,,,,,,,,,,
2026-07-16 20:47:14,20380.214844,A0DB8AF16E20,0001,male,C57BL/6,1.1.1,FR1,0,PelletDrop,198,385,191,6,0,0,,,,,,,,,,,,,,,,,
2026-07-16 20:47:23,20389.164062,A0DB8AF16E20,0001,male,C57BL/6,1.1.1,FR1,0,PelletTaken,198,385,191,6,0,0,8.409,213.000,0,2,,,,,,,,,,,,,
2026-07-16 20:48:00,20426.492188,A0DB8AF16E20,0001,male,C57BL/6,1.1.1,FR1,0,Left,198,386,191,6,0,0,,,,,,,,,,,,,,,,,
2026-07-16 20:48:05,20431.492188,A0DB8AF16E20,0001,male,C57BL/6,1.1.1,FR1,0,PelletDrop,199,386,191,6,0,0,,,,,,,,,,,,,,,,,
2026-07-16 20:48:12,20437.724609,A0DB8AF16E20,0001,male,C57BL/6,1.1.1,FR1,0,PelletTaken,199,386,191,6,0,0,5.702,317.000,0,2,,,,,,,,,,,,,
2026-07-16 20:48:33,20459.367188,A0DB8AF16E20,0001,male,C57BL/6,1.1.1,FR1,0,Left,199,387,191,6,0,0,,,,,,,,,,,,,,,,,
2026-07-16 20:48:40,20466.587891,A0DB8AF16E20,0001,male,C57BL/6,1.1.1,FR1,0,PelletDrop,200,387,191,6,0,0,,,,,,,,,,,,,,,,,
2026-07-16 20:48:43,20469.410156,A0DB8AF16E20,0001,male,C57BL/6,1.1.1,FR1,0,PelletTaken,200,387,191,6,0,0,2.293,211.000,0,3,,,,,,,,,,,,,
2026-07-16 20:49:01,20486.705078,A0DB8AF16E20,0001,male,C57BL/6,1.1.1,FR1,0,Left,200,388,191,6,0,0,,,,,,,,,,,,,,,,,
2026-07-16 20:49:06,20491.718750,A0DB8AF16E20,0001,male,C57BL/6,1.1.1,FR1,0,PelletDrop,201,388,191,6,0,0,,,,,,,,,,,,,,,,,
2026-07-16 20:49:13,20498.917969,A0DB8AF16E20,0001,male,C57BL/6,1.1.1,FR1,0,PelletTaken,201,388,191,6,0,0,6.671,61.000,0,2,,,,,,,,,,,,,
2026-07-16 20:49:32,20518.664062,A0DB8AF16E20,0001,male,C57BL/6,1.1.1,FR1,0,Left,201,389,191,6,0,0,,,,,,,,,,,,,,,,,
2026-07-16 20:49:36,20522.230469,A0DB8AF16E20,0001,male,C57BL/6,1.1.1,FR1,0,PelletDrop,202,389,191,6,0,0,,,,,,,,,,,,,,,,,
2026-07-16 20:49:37,20523.363281,A0DB8AF16E20,0001,male,C57BL/6,1.1.1,FR1,0,PelletNotDetected,202,389,191,6,0,0,,,,,,,,,,,,,,,,,
2026-07-16 20:50:19,20565.205078,A0DB8AF16E20,0001,male,C57BL/6,1.1.1,FR1,0,Left,202,390,191,6,0,0,,,,,,,,,,,,,,,,,
2026-07-16 20:50:24,20569.914062,A0DB8AF16E20,0001,male,C57BL/6,1.1.1,FR1,0,PelletDrop,203,390,191,6,0,0,,,,,,,,,,,,,,,,,
2026-07-16 20:50:33,20579.687500,A0DB8AF16E20,0001,male,C57BL/6,1.1.1,FR1,0,PelletTaken,203,390,191,6,0,0,9.244,50.000,0,3,,,,,,,,,,,,,
2026-07-16 20:50:55,20600.843750,A0DB8AF16E20,0001,male,C57BL/6,1.1.1,FR1,0,Left,203,391,191,6,0,0,,,,,,,,,,,,,,,,,
2026-07-16 20:51:00,20605.843750,A0DB8AF16E20,0001,male,C57BL/6,1.1.1,FR1,0,PelletDrop,204,391,191,6,0,0,,,,,,,,,,,,,,,,,
2026-07-16 20:51:05,20610.953125,A0DB8AF16E20,0001,male,C57BL/6,1.1.1,FR1,0,PelletTaken,204,391,191,6,0,0,4.581,41.000,0,2,,,,,,,,,,,,,
2026-07-16 20:51:33,20639.539062,A0DB8AF16E20,0001,male,C57BL/6,1.1.1,FR1,0,Left,204,392,191,6,0,0,,,,,,,,,,,,,,,,,
2026-07-16 20:51:38,20644.552734,A0DB8AF16E20,0001,male,C57BL/6,1.1.1,FR1,0,PelletDrop,205,392,191,6,0,0,,,,,,,,,,,,,,,,,
2026-07-16 20:51:45,20651.511719,A0DB8AF16E20,0001,male,C57BL/6,1.1.1,FR1,0,PelletTaken,205,392,191,6,0,0,6.429,310.000,0,2,,,,,,,,,,,,,
2026-07-16 20:52:12,20678.119141,A0DB8AF16E20,0001,male,C57BL/6,1.1.1,FR1,0,Left,205,393,191,6,0,0,,,,,,,,,,,,,,,,,
2026-07-16 20:52:23,20689.527344,A0DB8AF16E20,0001,male,C57BL/6,1.1.1,FR1,0,PelletDrop,206,393,191,6,0,0,,,,,,,,,,,,,,,,,
2026-07-16 20:52:24,20690.611328,A0DB8AF16E20,0001,male,C57BL/6,1.1.1,FR1,0,PelletTaken,206,393,191,6,0,0,0.544,255.000,0,4,,,,,,,,,,,,,
2026-07-16 20:52:58,20724.894531,A0DB8AF16E20,0001,male,C57BL/6,1.1.1,FR1,0,Left,206,394,191,6,0,0,,,,,,,,,,,,,,,,,
2026-07-16 20:53:06,20732.113281,A0DB8AF16E20,0001,male,C57BL/6,1.1.1,FR1,0,PelletDrop,207,394,191,6,0,0,,,,,,,,,,,,,,,,,
2026-07-16 20:53:13,20739.511719,A0DB8AF16E20,0001,male,C57BL/6,1.1.1,FR1,0,PelletTaken,207,394,191,6,0,0,6.869,483.000,0,3,,,,,,,,,,,,,
2026-07-16 20:53:55,20781.970703,A0DB8AF16E20,0001,male,C57BL/6,1.1.1,FR1,0,Status,207,394,191,6,0,0,,,,,Disabled,24.6,44.0,1002.2,9.3,0.000,0.000,247720,339964,179724,4263,4.07,88.96
2026-07-16 20:53:56,20783.724609,A0DB8AF16E20,0001,male,C57BL/6,1.1.1,FR1,0,Left,207,395,191,6,0,0,,,,,,,,,,,,,,,,,
2026-07-16 20:54:01,20788.726562,A0DB8AF16E20,0001,male,C57BL/6,1.1.1,FR1,0,PelletDrop,208,395,191,6,0,0,,,,,,,,,,,,,,,,,
2026-07-16 20:54:11,20798.300781,A0DB8AF16E20,0001,male,C57BL/6,1.1.1,FR1,0,PelletTaken,208,395,191,6,0,0,9.047,325.000,0,2,,,,,,,,,,,,,
2026-07-16 20:54:35,20822.314453,A0DB8AF16E20,0001,male,C57BL/6,1.1.1,FR1,0,Left,208,396,191,6,0,0,,,,,,,,,,,,,,,,,
2026-07-16 20:54:40,20827.316406,A0DB8AF16E20,0001,male,C57BL/6,1.1.1,FR1,0,PelletDrop,209,396,191,6,0,0,,,,,,,,,,,,,,,,,
2026-07-16 20:54:49,20836.517578,A0DB8AF16E20,0001,male,C57BL/6,1.1.1,FR1,0,PelletTaken,209,396,191,6,0,0,8.673,31.000,0,2,,,,,,,,,,,,,
2026-07-16 20:55:31,20878.445312,A0DB8AF16E20,0001,male,C57BL/6,1.1.1,FR1,0,Left,209,397,191,6,0,0,,,,,,,,,,,,,,,,,
2026-07-16 20:55:34,20881.240234,A0DB8AF16E20,0001,male,C57BL/6,1.1.1,FR1,0,PelletDrop,210,397,191,6,0,0,,,,,,,,,,,,,,,,,
2026-07-16 20:55:35,20882.445312,A0DB8AF16E20,0001,male,C57BL/6,1.1.1,FR1,0,PelletTaken,210,397,191,6,0,0,0.676,194.000,0,1,,,,,,,,,,,,,
2026-07-16 20:55:57,20904.011719,A0DB8AF16E20,0001,male,C57BL/6,1.1.1,FR1,0,Left,210,398,191,6,0,0,,,,,,,,,,,,,,,,,
2026-07-16 20:56:02,20909.013672,A0DB8AF16E20,0001,male,C57BL/6,1.1.1,FR1,0,PelletDrop,211,398,191,6,0,0,,,,,,,,,,,,,,,,,
2026-07-16 20:56:10,20917.599609,A0DB8AF16E20,0001,male,C57BL/6,1.1.1,FR1,0,PelletTaken,211,398,191,6,0,0,8.046,606.000,0,2,,,,,,,,,,,,,
2026-07-16 20:57:23,20990.597656,A0DB8AF16E20,0001,male,C57BL/6,1.1.1,FR1,0,Right,211,398,192,6,0,0,,,,,,,,,,,,,,,,,
2026-07-16 20:57:30,20997.398438,A0DB8AF16E20,0001,male,C57BL/6,1.1.1,FR1,0,Left,211,399,192,6,0,0,,,,,,,,,,,,,,,,,
2026-07-16 20:57:35,21002.398438,A0DB8AF16E20,0001,male,C57BL/6,1.1.1,FR1,0,PelletDrop,212,399,192,6,0,0,,,,,,,,,,,,,,,,,
2026-07-16 20:57:47,21014.152344,A0DB8AF16E20,0001,male,C57BL/6,1.1.1,FR1,0,PelletTaken,212,399,192,6,0,0,11.213,310.000,0,2,,,,,,,,,,,,,
2026-07-16 20:58:24,21051.837891,A0DB8AF16E20,0001,male,C57BL/6,1.1.1,FR1,0,Left,212,400,192,6,0,0,,,,,,,,,,,,,,,,,
2026-07-16 20:58:30,21057.326172,A0DB8AF16E20,0001,male,C57BL/6,1.1.1,FR1,0,PelletDrop,213,400,192,6,0,0,,,,,,,,,,,,,,,,,
2026-07-16 20:58:42,21069.310547,A0DB8AF16E20,0001,male,C57BL/6,1.1.1,FR1,0,PelletTaken,213,400,192,6,0,0,11.456,31.000,0,2,,,,,,,,,,,,,
2026-07-16 21:01:16,21223.457031,A0DB8AF16E20,0001,male,C57BL/6,1.1.1,FR1,0,Left,213,401,192,6,0,0,,,,,,,,,,,,,,,,,
2026-07-16 21:01:23,21230.675781,A0DB8AF16E20,0001,male,C57BL/6,1.1.1,FR1,0,PelletDrop,214,401,192,6,0,0,,,,,,,,,,,,,,,,,
2026-07-16 21:01:43,21251.197266,A0DB8AF16E20,0001,male,C57BL/6,1.1.1,FR1,0,PelletTaken,214,401,192,6,0,0,TimedOut,61.000,0,3,,,,,,,,,,,,,
2026-07-16 21:02:36,21303.320312,A0DB8AF16E20,0001,male,C57BL/6,1.1.1,FR1,0,Left,214,402,192,6,0,0,,,,,,,,,,,,,,,,,
2026-07-16 21:02:38,21306.115234,A0DB8AF16E20,0001,male,C57BL/6,1.1.1,FR1,0,PelletDrop,215,402,192,6,0,0,,,,,,,,,,,,,,,,,
2026-07-16 21:02:39,21307.236328,A0DB8AF16E20,0001,male,C57BL/6,1.1.1,FR1,0,PelletNotDetected,215,402,192,6,0,0,,,,,,,,,,,,,,,,,
2026-07-16 21:03:02,21329.330078,A0DB8AF16E20,0001,male,C57BL/6,1.1.1,FR1,0,Left,215,403,192,6,0,0,,,,,,,,,,,,,,,,,
2026-07-16 21:03:06,21334.283203,A0DB8AF16E20,0001,male,C57BL/6,1.1.1,FR1,0,PelletDrop,216,403,192,6,0,0,,,,,,,,,,,,,,,,,
2026-07-16 21:03:19,21346.796875,A0DB8AF16E20,0001,male,C57BL/6,1.1.1,FR1,0,PelletTaken,216,403,192,6,0,0,11.973,42.000,0,3,,,,,,,,,,,,,
2026-07-16 21:04:32,21419.650391,A0DB8AF16E20,0001,male,C57BL/6,1.1.1,FR1,0,Status,216,403,192,6,0,0,,,,,Disabled,24.6,43.7,1002.3,9.2,0.000,0.000,247720,339964,179724,4374,4.07,88.64
2026-07-16 21:15:19,22067.402344,A0DB8AF16E20,0001,male,C57BL/6,1.1.1,FR1,0,Status,216,403,192,6,0,0,,,,,Disabled,24.6,43.9,1002.4,9.3,0.000,0.000,247720,339964,179724,4511,4.07,88.50
2026-07-16 21:19:19,22307.302734,A0DB8AF16E20,0001,male,C57BL/6,1.1.1,FR1,0,Left,216,404,192,6,0,0,,,,,,,,,,,,,,,,,
2026-07-16 21:19:24,22312.302734,A0DB8AF16E20,0001,male,C57BL/6,1.1.1,FR1,0,PelletDrop,217,404,192,6,0,0,,,,,,,,,,,,,,,,,
2026-07-16 21:19:36,22323.847656,A0DB8AF16E20,0001,male,C57BL/6,1.1.1,FR1,0,PelletTaken,217,404,192,6,0,0,11.016,61.000,0,2,,,,,,,,,,,,,
2026-07-16 21:20:18,22366.566406,A0DB8AF16E20,0001,male,C57BL/6,1.1.1,FR1,0,Left,217,405,192,6,0,0,,,,,,,,,,,,,,,,,
2026-07-16 21:20:23,22371.578125,A0DB8AF16E20,0001,male,C57BL/6,1.1.1,FR1,0,PelletDrop,218,405,192,6,0,0,,,,,,,,,,,,,,,,,
2026-07-16 21:20:34,22381.912109,A0DB8AF16E20,0001,male,C57BL/6,1.1.1,FR1,0,PelletTaken,218,405,192,6,0,0,9.805,1444.000,0,2,,,,,,,,,,,,,
2026-07-16 21:21:17,22425.556641,A0DB8AF16E20,0001,male,C57BL/6,1.1.1,FR1,0,Left,218,406,192,6,0,0,,,,,,,,,,,,,,,,,
2026-07-16 21:21:22,22430.556641,A0DB8AF16E20,0001,male,C57BL/6,1.1.1,FR1,0,PelletDrop,219,406,192,6,0,0,,,,,,,,,,,,,,,,,
2026-07-16 21:21:31,22439.109375,A0DB8AF16E20,0001,male,C57BL/6,1.1.1,FR1,0,PelletTaken,219,406,192,6,0,0,8.013,1332.000,0,2,,,,,,,,,,,,,
2026-07-16 21:22:02,22470.169922,A0DB8AF16E20,0001,male,C57BL/6,1.1.1,FR1,0,Left,219,407,192,6,0,0,,,,,,,,,,,,,,,,,
2026-07-16 21:22:09,22477.925781,A0DB8AF16E20,0001,male,C57BL/6,1.1.1,FR1,0,PelletDrop,220,407,192,6,0,0,,,,,,,,,,,,,,,,,
2026-07-16 21:22:18,22486.798828,A0DB8AF16E20,0001,male,C57BL/6,1.1.1,FR1,0,PelletTaken,220,407,192,6,0,0,8.343,692.000,0,3,,,,,,,,,,,,,
2026-07-16 21:22:45,22513.220703,A0DB8AF16E20,0001,male,C57BL/6,1.1.1,FR1,0,Left,220,408,192,6,0,0,,,,,,,,,,,,,,,,,
2026-07-16 21:22:50,22518.220703,A0DB8AF16E20,0001,male,C57BL/6,1.1.1,FR1,0,PelletDrop,221,408,192,6,0,0,,,,,,,,,,,,,,,,,
2026-07-16 21:22:58,22527.025391,A0DB8AF16E20,0001,male,C57BL/6,1.1.1,FR1,0,PelletTaken,221,408,192,6,0,0,8.277,117.000,0,2,,,,,,,,,,,,,
2026-07-16 21:26:07,22716.140625,A0DB8AF16E20,0001,male,C57BL/6,1.1.1,FR1,0,Status,221,408,192,6,0,0,,,,,Disabled,24.6,43.6,1002.5,9.2,0.000,0.000,247720,339964,179724,4631,4.08,88.36
2026-07-16 21:34:54,23243.960938,A0DB8AF16E20,0001,male,C57BL/6,1.1.1,FR1,0,Right,221,408,193,6,0,0,,,,,,,,,,,,,,,,,
2026-07-16 21:35:03,23253.066406,A0DB8AF16E20,0001,male,C57BL/6,1.1.1,FR1,0,Left,221,409,193,6,0,0,,,,,,,,,,,,,,,,,
2026-07-16 21:35:08,23258.068359,A0DB8AF16E20,0001,male,C57BL/6,1.1.1,FR1,0,PelletDrop,222,409,193,6,0,0,,,,,,,,,,,,,,,,,
2026-07-16 21:35:18,23268.236328,A0DB8AF16E20,0001,male,C57BL/6,1.1.1,FR1,0,PelletTaken,222,409,193,6,0,0,9.640,580.000,0,2,,,,,,,,,,,,,
2026-07-16 21:35:39,23288.890625,A0DB8AF16E20,0001,male,C57BL/6,1.1.1,FR1,0,Left,222,410,193,6,0,0,,,,,,,,,,,,,,,,,
2026-07-16 21:35:44,23293.892578,A0DB8AF16E20,0001,male,C57BL/6,1.1.1,FR1,0,PelletDrop,223,410,193,6,0,0,,,,,,,,,,,,,,,,,
2026-07-16 21:35:52,23301.806641,A0DB8AF16E20,0001,male,C57BL/6,1.1.1,FR1,0,PelletTaken,223,410,193,6,0,0,7.386,217.000,0,2,,,,,,,,,,,,,
2026-07-16 21:36:58,23366.958984,A0DB8AF16E20,0001,male,C57BL/6,1.1.1,FR1,0,Status,223,410,193,6,0,0,,,,,Disabled,24.7,43.6,1002.5,9.2,0.000,0.000,247720,339964,179724,4762,4.07,88.21
2026-07-16 21:47:39,24009.787109,A0DB8AF16E20,0001,male,C57BL/6,1.1.1,FR1,0,Status,223,410,193,6,0,0,,,,,Disabled,24.6,43.8,1002.6,9.3,0.000,0.000,247720,339964,179724,4899,4.07,88.21
2026-07-16 21:58:29,24660.576172,A0DB8AF16E20,0001,male,C57BL/6,1.1.1,FR1,0,Status,223,410,193,6,0,0,,,,,Disabled,24.7,43.6,1002.7,9.3,0.000,0.000,247720,339964,179724,5036,4.07,88.07
2026-07-16 22:09:19,25311.376953,A0DB8AF16E20,0001,male,C57BL/6,1.1.1,FR1,0,Status,223,410,193,6,0,0,,,,,Disabled,24.7,43.3,1002.6,9.3,0.000,0.000,247720,339964,179724,5173,4.06,87.93
2026-07-16 22:20:13,25966.203125,A0DB8AF16E20,0001,male,C57BL/6,1.1.1,FR1,0,Status,223,410,193,6,0,0,,,,,Disabled,24.7,43.1,1002.7,9.2,0.000,0.000,247720,339964,179724,5310,4.07,87.78
2026-07-16 22:31:06,26620.099609,A0DB8AF16E20,0001,male,C57BL/6,1.1.1,FR1,0,Status,223,410,193,6,0,0,,,,,Disabled,24.7,43.0,1002.7,9.2,0.000,0.000,247720,339964,179724,5447,4.07,87.78
2026-07-16 22:41:59,27273.884766,A0DB8AF16E20,0001,male,C57BL/6,1.1.1,FR1,0,Status,223,410,193,6,0,0,,,,,Disabled,24.7,43.0,1002.7,9.2,0.000,0.000,247720,339964,179724,5584,4.07,87.64
2026-07-16 22:46:06,27521.277344,A0DB8AF16E20,0001,male,C57BL/6,1.1.1,FR1,0,Left,223,411,193,6,0,0,,,,,,,,,,,,,,,,,
2026-07-16 22:46:11,27526.279297,A0DB8AF16E20,0001,male,C57BL/6,1.1.1,FR1,0,PelletDrop,224,411,193,6,0,0,,,,,,,,,,,,,,,,,
2026-07-16 22:46:27,27542.246094,A0DB8AF16E20,0001,male,C57BL/6,1.1.1,FR1,0,PelletTaken,224,411,193,6,0,0,15.438,597.000,0,2,,,,,,,,,,,,,
2026-07-16 22:47:22,27597.652344,A0DB8AF16E20,0001,male,C57BL/6,1.1.1,FR1,0,Left,224,412,193,6,0,0,,,,,,,,,,,,,,,,,
2026-07-16 22:47:25,27600.482422,A0DB8AF16E20,0001,male,C57BL/6,1.1.1,FR1,0,PelletDrop,225,412,193,6,0,0,,,,,,,,,,,,,,,,,
2026-07-16 22:47:26,27601.603516,A0DB8AF16E20,0001,male,C57BL/6,1.1.1,FR1,0,PelletNotDetected,225,412,193,6,0,0,,,,,,,,,,,,,,,,,
2026-07-16 22:47:50,27624.964844,A0DB8AF16E20,0001,male,C57BL/6,1.1.1,FR1,0,Left,225,413,193,6,0,0,,,,,,,,,,,,,,,,,
2026-07-16 22:47:55,27630.416016,A0DB8AF16E20,0001,male,C57BL/6,1.1.1,FR1,0,PelletDrop,226,413,193,6,0,0,,,,,,,,,,,,,,,,,
2026-07-16 22:48:06,27641.068359,A0DB8AF16E20,0001,male,C57BL/6,1.1.1,FR1,0,PelletTaken,226,413,193,6,0,0,10.125,466.000,0,3,,,,,,,,,,,,,
2026-07-16 22:49:11,27706.345703,A0DB8AF16E20,0001,male,C57BL/6,1.1.1,FR1,0,Left,226,414,193,6,0,0,,,,,,,,,,,,,,,,,
2026-07-16 22:49:16,27711.347656,A0DB8AF16E20,0001,male,C57BL/6,1.1.1,FR1,0,PelletDrop,227,414,193,6,0,0,,,,,,,,,,,,,,,,,
2026-07-16 22:49:28,27723.332031,A0DB8AF16E20,0001,male,C57BL/6,1.1.1,FR1,0,PelletTaken,227,414,193,6,0,0,11.445,980.000,0,2,,,,,,,,,,,,,
2026-07-16 22:50:12,27767.767578,A0DB8AF16E20,0001,male,C57BL/6,1.1.1,FR1,0,Left,227,415,193,6,0,0,,,,,,,,,,,,,,,,,
2026-07-16 22:50:17,27772.767578,A0DB8AF16E20,0001,male,C57BL/6,1.1.1,FR1,0,PelletDrop,228,415,193,6,0,0,,,,,,,,,,,,,,,,,
2026-07-16 22:50:27,27782.519531,A0DB8AF16E20,0001,male,C57BL/6,1.1.1,FR1,0,PelletTaken,228,415,193,6,0,0,9.223,2001.000,0,2,,,,,,,,,,,,,
2026-07-16 22:52:53,27927.656250,A0DB8AF16E20,0001,male,C57BL/6,1.1.1,FR1,0,Status,228,415,193,6,0,0,,,,,Disabled,24.7,42.6,1002.8,9.2,0.000,0.000,247720,339964,179724,5706,4.07,87.64
2026-07-16 23:03:49,28585.468750,A0DB8AF16E20,0001,male,C57BL/6,1.1.1,FR1,0,Status,228,415,193,6,0,0,,,,,Disabled,24.7,43.1,1002.8,9.1,0.000,0.000,247720,339964,179724,5843,4.06,87.49
2026-07-16 23:14:22,29218.638672,A0DB8AF16E20,0001,male,C57BL/6,1.1.1,FR1,0,Status,228,415,193,6,0,0,,,,,Disabled,24.7,43.5,1002.9,9.3,0.000,0.000,247720,339964,179724,5980,4.06,87.49
2026-07-16 23:24:54,29851.847656,A0DB8AF16E20,0001,male,C57BL/6,1.1.1,FR1,0,Status,228,415,193,6,0,0,,,,,Disabled,24.6,43.5,1003.0,9.3,0.000,0.000,247720,339964,179724,6117,4.06,87.35
2026-07-16 23:35:27,30485.050781,A0DB8AF16E20,0001,male,C57BL/6,1.1.1,FR1,0,Status,228,415,193,6,0,0,,,,,Disabled,24.5,43.4,1003.0,9.3,0.000,0.000,247720,339964,179724,6254,4.06,87.21
2026-07-16 23:45:59,31118.230469,A0DB8AF16E20,0001,male,C57BL/6,1.1.1,FR1,0,Status,228,415,193,6,0,0,,,,,Disabled,24.5,43.4,1003.1,9.4,0.000,0.000,247720,339964,179724,6391,4.06,87.21
2026-07-16 23:56:41,31761.519531,A0DB8AF16E20,0001,male,C57BL/6,1.1.1,FR1,0,Status,228,415,193,6,0,0,,,,,Disabled,24.5,43.2,1003.2,9.4,0.000,0.000,247720,339964,179724,6528,4.06,87.06
2026-07-17 00:07:22,32403.302734,A0DB8AF16E20,0001,male,C57BL/6,1.1.1,FR1,0,Status,228,415,193,6,0,0,,,,,Disabled,24.5,43.2,1003.2,9.4,0.000,0.000,247720,339964,179724,6665,4.07,87.06
2026-07-17 00:17:54,33036.410156,A0DB8AF16E20,0001,male,C57BL/6,1.1.1,FR1,0,Status,228,415,193,6,0,0,,,,,Disabled,24.4,43.3,1003.2,9.4,0.000,0.000,247720,339964,179724,6802,4.09,87.06
2026-07-17 00:28:33,33675.941406,A0DB8AF16E20,0001,male,C57BL/6,1.1.1,FR1,0,Status,228,415,193,6,0,0,,,,,Disabled,24.5,43.2,1003.3,9.4,0.000,0.000,247720,339964,179724,6939,4.08,87.06
2026-07-17 00:39:14,34317.726562,A0DB8AF16E20,0001,male,C57BL/6,1.1.1,FR1,0,Status,228,415,193,6,0,0,,,,,Disabled,24.5,43.1,1003.2,9.4,0.000,0.000,247720,339964,179724,7076,4.06,86.92
2026-07-17 00:49:47,34950.929688,A0DB8AF16E20,0001,male,C57BL/6,1.1.1,FR1,0,Status,228,415,193,6,0,0,,,,,Disabled,24.5,43.8,1003.2,9.4,0.000,0.000,247720,339964,179724,7213,4.05,86.78
2026-07-17 00:50:58,35022.347656,A0DB8AF16E20,0001,male,C57BL/6,1.1.1,FR1,0,Left,228,416,193,6,0,0,,,,,,,,,,,,,,,,,
2026-07-17 00:51:01,35025.128906,A0DB8AF16E20,0001,male,C57BL/6,1.1.1,FR1,0,PelletDrop,229,416,193,6,0,0,,,,,,,,,,,,,,,,,
2026-07-17 00:51:02,35026.250000,A0DB8AF16E20,0001,male,C57BL/6,1.1.1,FR1,0,PelletNotDetected,229,416,193,6,0,0,,,,,,,,,,,,,,,,,
2026-07-17 00:51:34,35058.832031,A0DB8AF16E20,0001,male,C57BL/6,1.1.1,FR1,0,Left,229,417,193,6,0,0,,,,,,,,,,,,,,,,,
2026-07-17 00:51:39,35063.781250,A0DB8AF16E20,0001,male,C57BL/6,1.1.1,FR1,0,PelletDrop,230,417,193,6,0,0,,,,,,,,,,,,,,,,,
2026-07-17 00:51:53,35077.449219,A0DB8AF16E20,0001,male,C57BL/6,1.1.1,FR1,0,PelletTaken,230,417,193,6,0,0,13.138,70.000,0,3,,,,,,,,,,,,,
2026-07-17 00:53:48,35192.203125,A0DB8AF16E20,0001,male,C57BL/6,1.1.1,FR1,0,Left,230,418,193,6,0,0,,,,,,,,,,,,,,,,,
2026-07-17 00:53:55,35199.437500,A0DB8AF16E20,0001,male,C57BL/6,1.1.1,FR1,0,PelletDrop,231,418,193,6,0,0,,,,,,,,,,,,,,,,,
2026-07-17 00:54:02,35206.218750,A0DB8AF16E20,0001,male,C57BL/6,1.1.1,FR1,0,PelletTaken,231,418,193,6,0,0,6.253,1772.000,0,3,,,,,,,,,,,,,
2026-07-17 00:54:42,35246.675781,A0DB8AF16E20,0001,male,C57BL/6,1.1.1,FR1,0,Left,231,419,193,6,0,0,,,,,,,,,,,,,,,,,
2026-07-17 00:54:45,35249.457031,A0DB8AF16E20,0001,male,C57BL/6,1.1.1,FR1,0,PelletDrop,232,419,193,6,0,0,,,,,,,,,,,,,,,,,
2026-07-17 00:54:46,35250.464844,A0DB8AF16E20,0001,male,C57BL/6,1.1.1,FR1,0,PelletTaken,232,419,193,6,0,0,0.467,783.000,0,1,,,,,,,,,,,,,
2026-07-17 00:55:10,35274.289062,A0DB8AF16E20,0001,male,C57BL/6,1.1.1,FR1,0,Left,232,420,193,6,0,0,,,,,,,,,,,,,,,,,
2026-07-17 00:55:15,35279.289062,A0DB8AF16E20,0001,male,C57BL/6,1.1.1,FR1,0,PelletDrop,233,420,193,6,0,0,,,,,,,,,,,,,,,,,
2026-07-17 00:55:24,35288.945312,A0DB8AF16E20,0001,male,C57BL/6,1.1.1,FR1,0,PelletTaken,233,420,193,6,0,0,9.124,50.000,0,2,,,,,,,,,,,,,
2026-07-17 00:55:58,35322.199219,A0DB8AF16E20,0001,male,C57BL/6,1.1.1,FR1,0,Left,233,421,193,6,0,0,,,,,,,,,,,,,,,,,
2026-07-17 00:56:03,35327.199219,A0DB8AF16E20,0001,male,C57BL/6,1.1.1,FR1,0,PelletDrop,234,421,193,6,0,0,,,,,,,,,,,,,,,,,
2026-07-17 00:56:12,35337.027344,A0DB8AF16E20,0001,male,C57BL/6,1.1.1,FR1,0,PelletTaken,234,421,193,6,0,0,9.300,61.000,0,2,,,,,,,,,,,,,
2026-07-17 01:00:22,35587.371094,A0DB8AF16E20,0001,male,C57BL/6,1.1.1,FR1,0,Status,234,421,193,6,0,0,,,,,Disabled,24.5,43.3,1003.2,9.4,0.000,0.000,247720,339964,179724,7336,4.06,86.63
2026-07-17 01:11:05,36231.171875,A0DB8AF16E20,0001,male,C57BL/6,1.1.1,FR1,0,Status,234,421,193,6,0,0,,,,,Disabled,24.5,43.5,1003.2,9.4,0.000,0.000,247720,339964,179724,7473,4.06,86.63
2026-07-17 01:12:29,36315.878906,A0DB8AF16E20,0001,male,C57BL/6,1.1.1,FR1,0,Left,234,422,193,6,0,0,,,,,,,,,,,,,,,,,
2026-07-17 01:12:33,36319.199219,A0DB8AF16E20,0001,male,C57BL/6,1.1.1,FR1,0,PelletDrop,235,422,193,6,0,0,,,,,,,,,,,,,,,,,
2026-07-17 01:12:34,36320.332031,A0DB8AF16E20,0001,male,C57BL/6,1.1.1,FR1,0,PelletNotDetected,235,422,193,6,0,0,,,,,,,,,,,,,,,,,
2026-07-17 01:12:52,36338.488281,A0DB8AF16E20,0001,male,C57BL/6,1.1.1,FR1,0,Left,235,423,193,6,0,0,,,,,,,,,,,,,,,,,
2026-07-17 01:12:57,36343.390625,A0DB8AF16E20,0001,male,C57BL/6,1.1.1,FR1,0,PelletDrop,236,423,193,6,0,0,,,,,,,,,,,,,,,,,
2026-07-17 01:13:06,36352.667969,A0DB8AF16E20,0001,male,C57BL/6,1.1.1,FR1,0,PelletTaken,236,423,193,6,0,0,8.749,555.000,0,3,,,,,,,,,,,,,
2026-07-17 01:13:32,36378.835938,A0DB8AF16E20,0001,male,C57BL/6,1.1.1,FR1,0,Left,236,424,193,6,0,0,,,,,,,,,,,,,,,,,
2026-07-17 01:13:37,36383.839844,A0DB8AF16E20,0001,male,C57BL/6,1.1.1,FR1,0,PelletDrop,237,424,193,6,0,0,,,,,,,,,,,,,,,,,
2026-07-17 01:13:46,36392.886719,A0DB8AF16E20,0001,male,C57BL/6,1.1.1,FR1,0,PelletTaken,237,424,193,6,0,0,8.519,255.000,0,2,,,,,,,,,,,,,
2026-07-17 01:14:13,36419.871094,A0DB8AF16E20,0001,male,C57BL/6,1.1.1,FR1,0,Left,237,425,193,6,0,0,,,,,,,,,,,,,,,,,
2026-07-17 01:14:18,36424.882812,A0DB8AF16E20,0001,male,C57BL/6,1.1.1,FR1,0,PelletDrop,238,425,193,6,0,0,,,,,,,,,,,,,,,,,
2026-07-17 01:14:27,36433.382812,A0DB8AF16E20,0001,male,C57BL/6,1.1.1,FR1,0,PelletTaken,238,425,193,6,0,0,7.969,1021.000,0,2,,,,,,,,,,,,,
2026-07-17 01:14:56,36463.125000,A0DB8AF16E20,0001,male,C57BL/6,1.1.1,FR1,0,Left,238,426,193,6,0,0,,,,,,,,,,,,,,,,,
2026-07-17 01:15:01,36468.128906,A0DB8AF16E20,0001,male,C57BL/6,1.1.1,FR1,0,PelletDrop,239,426,193,6,0,0,,,,,,,,,,,,,,,,,
2026-07-17 01:15:10,36477.296875,A0DB8AF16E20,0001,male,C57BL/6,1.1.1,FR1,0,PelletTaken,239,426,193,6,0,0,8.628,688.000,0,2,,,,,,,,,,,,,
2026-07-17 01:15:48,36514.566406,A0DB8AF16E20,0001,male,C57BL/6,1.1.1,FR1,0,Left,239,427,193,6,0,0,,,,,,,,,,,,,,,,,
2026-07-17 01:15:59,36525.972656,A0DB8AF16E20,0001,male,C57BL/6,1.1.1,FR1,0,PelletDrop,240,427,193,6,0,0,,,,,,,,,,,,,,,,,
2026-07-17 01:16:04,36530.898438,A0DB8AF16E20,0001,male,C57BL/6,1.1.1,FR1,0,PelletTaken,240,427,193,6,0,0,4.394,371.000,0,4,,,,,,,,,,,,,
2026-07-17 01:16:27,36554.339844,A0DB8AF16E20,0001,male,C57BL/6,1.1.1,FR1,0,Left,240,428,193,6,0,0,,,,,,,,,,,,,,,,,
2026-07-17 01:16:35,36561.558594,A0DB8AF16E20,0001,male,C57BL/6,1.1.1,FR1,0,PelletDrop,241,428,193,6,0,0,,,,,,,,,,,,,,,,,
2026-07-17 01:16:44,36570.781250,A0DB8AF16E20,0001,male,C57BL/6,1.1.1,FR1,0,PelletTaken,241,428,193,6,0,0,8.694,2001.000,0,3,,,,,,,,,,,,,
2026-07-17 01:19:13,36720.394531,A0DB8AF16E20,0001,male,C57BL/6,1.1.1,FR1,0,Right,241,428,194,6,0,0,,,,,,,,,,,,,,,,,
2026-07-17 01:21:45,36871.906250,A0DB8AF16E20,0001,male,C57BL/6,1.1.1,FR1,0,Status,241,428,194,6,0,0,,,,,Disabled,24.5,43.6,1003.2,9.4,0.000,0.000,247720,339964,179724,7589,4.06,86.34
2026-07-17 01:27:53,37240.390625,A0DB8AF16E20,0001,male,C57BL/6,1.1.1,FR1,0,Right,241,428,195,6,0,0,,,,,,,,,,,,,,,,,
2026-07-17 01:28:04,37251.484375,A0DB8AF16E20,0001,male,C57BL/6,1.1.1,FR1,0,Left,241,429,195,6,0,0,,,,,,,,,,,,,,,,,
2026-07-17 01:28:09,37256.484375,A0DB8AF16E20,0001,male,C57BL/6,1.1.1,FR1,0,PelletDrop,242,429,195,6,0,0,,,,,,,,,,,,,,,,,
2026-07-17 01:28:19,37266.511719,A0DB8AF16E20,0001,male,C57BL/6,1.1.1,FR1,0,PelletTaken,242,429,195,6,0,0,9.487,293.000,0,2,,,,,,,,,,,,,
2026-07-17 01:28:49,37296.089844,A0DB8AF16E20,0001,male,C57BL/6,1.1.1,FR1,0,Left,242,430,195,6,0,0,,,,,,,,,,,,,,,,,
2026-07-17 01:28:54,37301.089844,A0DB8AF16E20,0001,male,C57BL/6,1.1.1,FR1,0,PelletDrop,243,430,195,6,0,0,,,,,,,,,,,,,,,,,
2026-07-17 01:29:04,37311.699219,A0DB8AF16E20,0001,male,C57BL/6,1.1.1,FR1,0,PelletTaken,243,430,195,6,0,0,10.081,50.000,0,2,,,,,,,,,,,,,
2026-07-17 01:32:23,37510.714844,A0DB8AF16E20,0001,male,C57BL/6,1.1.1,FR1,0,Status,243,430,195,6,0,0,,,,,Disabled,24.5,43.8,1003.2,9.4,0.000,0.000,247720,339964,179724,7721,4.07,86.20
2026-07-17 01:43:01,38149.457031,A0DB8AF16E20,0001,male,C57BL/6,1.1.1,FR1,0,Status,243,430,195,6,0,0,,,,,Disabled,24.5,44.0,1003.2,9.4,0.000,0.000,247720,339964,179724,7858,4.05,86.20
2026-07-17 01:51:11,38639.972656,A0DB8AF16E20,0001,male,C57BL/6,1.1.1,FR1,0,Left,243,431,195,6,0,0,,,,,,,,,,,,,,,,,
2026-07-17 01:51:16,38644.988281,A0DB8AF16E20,0001,male,C57BL/6,1.1.1,FR1,0,PelletDrop,244,431,195,6,0,0,,,,,,,,,,,,,,,,,
2026-07-17 01:51:26,38654.847656,A0DB8AF16E20,0001,male,C57BL/6,1.1.1,FR1,0,PelletTaken,244,431,195,6,0,0,9.332,1073.000,0,2,,,,,,,,,,,,,
2026-07-17 01:51:48,38676.796875,A0DB8AF16E20,0001,male,C57BL/6,1.1.1,FR1,0,Left,244,432,195,6,0,0,,,,,,,,,,,,,,,,,
2026-07-17 01:51:51,38680.210938,A0DB8AF16E20,0001,male,C57BL/6,1.1.1,FR1,0,PelletDrop,245,432,195,6,0,0,,,,,,,,,,,,,,,,,
2026-07-17 01:51:52,38681.343750,A0DB8AF16E20,0001,male,C57BL/6,1.1.1,FR1,0,PelletNotDetected,245,432,195,6,0,0,,,,,,,,,,,,,,,,,
2026-07-17 01:52:08,38697.703125,A0DB8AF16E20,0001,male,C57BL/6,1.1.1,FR1,0,Left,245,433,195,6,0,0,,,,,,,,,,,,,,,,,
2026-07-17 01:52:11,38700.488281,A0DB8AF16E20,0001,male,C57BL/6,1.1.1,FR1,0,PelletDrop,246,433,195,6,0,0,,,,,,,,,,,,,,,,,
2026-07-17 01:52:12,38701.609375,A0DB8AF16E20,0001,male,C57BL/6,1.1.1,FR1,0,PelletNotDetected,246,433,195,6,0,0,,,,,,,,,,,,,,,,,
2026-07-17 01:52:33,38722.031250,A0DB8AF16E20,0001,male,C57BL/6,1.1.1,FR1,0,Left,246,434,195,6,0,0,,,,,,,,,,,,,,,,,
2026-07-17 01:52:41,38730.492188,A0DB8AF16E20,0001,male,C57BL/6,1.1.1,FR1,0,PelletDrop,247,434,195,6,0,0,,,,,,,,,,,,,,,,,
2026-07-17 01:52:46,38735.359375,A0DB8AF16E20,0001,male,C57BL/6,1.1.1,FR1,0,PelletTaken,247,434,195,6,0,0,4.338,465.000,0,5,,,,,,,,,,,,,
2026-07-17 01:53:39,38788.308594,A0DB8AF16E20,0001,male,C57BL/6,1.1.1,FR1,0,Status,247,434,195,6,0,0,,,,,Disabled,24.5,43.6,1003.2,9.4,0.000,0.000,247720,339964,179724,7987,4.06,86.06
2026-07-17 01:53:48,38796.539062,A0DB8AF16E20,0001,male,C57BL/6,1.1.1,FR1,0,Left,247,435,195,6,0,0,,,,,,,,,,,,,,,,,
2026-07-17 01:53:53,38802.027344,A0DB8AF16E20,0001,male,C57BL/6,1.1.1,FR1,0,PelletDrop,248,435,195,6,0,0,,,,,,,,,,,,,,,,,
2026-07-17 01:54:00,38809.105469,A0DB8AF16E20,0001,male,C57BL/6,1.1.1,FR1,0,PelletTaken,248,435,195,6,0,0,6.550,683.000,0,2,,,,,,,,,,,,,
2026-07-17 01:54:23,38831.792969,A0DB8AF16E20,0001,male,C57BL/6,1.1.1,FR1,0,Left,248,436,195,6,0,0,,,,,,,,,,,,,,,,,
2026-07-17 01:54:28,38836.796875,A0DB8AF16E20,0001,male,C57BL/6,1.1.1,FR1,0,PelletDrop,249,436,195,6,0,0,,,,,,,,,,,,,,,,,
2026-07-17 01:54:35,38844.269531,A0DB8AF16E20,0001,male,C57BL/6,1.1.1,FR1,0,PelletTaken,249,436,195,6,0,0,6.946,1068.000,0,2,,,,,,,,,,,,,
2026-07-17 01:55:19,38888.343750,A0DB8AF16E20,0001,male,C57BL/6,1.1.1,FR1,0,Left,249,437,195,6,0,0,,,,,,,,,,,,,,,,,
2026-07-17 01:55:24,38893.355469,A0DB8AF16E20,0001,male,C57BL/6,1.1.1,FR1,0,PelletDrop,250,437,195,6,0,0,,,,,,,,,,,,,,,,,
2026-07-17 01:55:31,38900.324219,A0DB8AF16E20,0001,male,C57BL/6,1.1.1,FR1,0,PelletTaken,250,437,195,6,0,0,6.439,892.000,0,2,,,,,,,,,,,,,
2026-07-17 02:04:21,39430.105469,A0DB8AF16E20,0001,male,C57BL/6,1.1.1,FR1,0,Status,250,437,195,6,0,0,,,,,Disabled,24.5,43.9,1003.3,9.4,0.000,0.000,247720,339964,179724,8115,4.06,85.91
2026-07-17 02:04:36,39446.000000,A0DB8AF16E20,0001,male,C57BL/6,1.1.1,FR1,0,Right,250,437,196,6,0,0,,,,,,,,,,,,,,,,,
2026-07-17 02:15:00,40070.855469,A0DB8AF16E20,0001,male,C57BL/6,1.1.1,FR1,0,Status,250,437,196,6,0,0,,,,,Disabled,24.4,44.1,1003.3,9.4,0.000,0.000,247720,339964,179724,8252,4.05,85.91
2026-07-17 02:25:41,40711.687500,A0DB8AF16E20,0001,male,C57BL/6,1.1.1,FR1,0,Status,250,437,196,6,0,0,,,,,Disabled,24.4,43.9,1003.3,9.4,0.000,0.000,247720,339964,179724,8389,4.06,85.91
2026-07-17 02:36:22,41353.496094,A0DB8AF16E20,0001,male,C57BL/6,1.1.1,FR1,0,Status,250,437,196,6,0,0,,,,,Disabled,24.4,43.7,1003.3,9.4,0.000,0.000,247720,339964,179724,8526,4.05,85.77
2026-07-17 02:47:01,41994.281250,A0DB8AF16E20,0001,male,C57BL/6,1.1.1,FR1,0,Status,250,437,196,6,0,0,,,,,Disabled,24.4,43.5,1003.3,9.4,0.000,0.000,247720,339964,179724,8663,4.04,85.77
2026-07-17 02:57:45,42639.203125,A0DB8AF16E20,0001,male,C57BL/6,1.1.1,FR1,0,Status,250,437,196,6,0,0,,,,,Disabled,24.4,43.3,1003.4,9.4,0.000,0.000,247720,339964,179724,8800,4.05,85.63
2026-07-17 03:08:28,43281.941406,A0DB8AF16E20,0001,male,C57BL/6,1.1.1,FR1,0,Status,250,437,196,6,0,0,,,,,Disabled,24.4,43.3,1003.4,9.4,0.000,0.000,247720,339964,179724,8937,4.07,85.63
2026-07-17 03:19:11,43926.695312,A0DB8AF16E20,0001,male,C57BL/6,1.1.1,FR1,0,Status,250,437,196,6,0,0,,,,,Disabled,24.4,43.3,1003.5,9.4,0.000,0.000,247720,339964,179724,9074,4.05,85.63
2026-07-17 03:29:51,44567.511719,A0DB8AF16E20,0001,male,C57BL/6,1.1.1,FR1,0,Status,250,437,196,6,0,0,,,,,Disabled,24.4,43.3,1003.5,9.4,0.000,0.000,247720,339964,179724,9211,4.05,85.48
2026-07-17 03:40:33,45210.277344,A0DB8AF16E20,0001,male,C57BL/6,1.1.1,FR1,0,Status,250,437,196,6,0,0,,,,,Disabled,24.4,43.2,1003.5,9.5,0.000,0.000,247720,339964,179724,9348,4.04,85.48
2026-07-17 03:51:16,45854.156250,A0DB8AF16E20,0001,male,C57BL/6,1.1.1,FR1,0,Status,250,437,196,6,0,0,,,,,Disabled,24.4,43.1,1003.5,9.4,0.000,0.000,247720,339964,179724,9485,4.04,85.34
2026-07-17 04:01:57,46495.972656,A0DB8AF16E20,0001,male,C57BL/6,1.1.1,FR1,0,Status,250,437,196,6,0,0,,,,,Disabled,24.4,43.1,1003.4,9.4,0.000,0.000,247720,339964,179724,9622,4.07,85.34
2026-07-17 04:12:40,47139.738281,A0DB8AF16E20,0001,male,C57BL/6,1.1.1,FR1,0,Status,250,437,196,6,0,0,,,,,Disabled,24.4,43.1,1003.4,9.4,0.000,0.000,247720,339964,179724,9759,4.04,85.34
2026-07-17 04:23:21,47781.644531,A0DB8AF16E20,0001,male,C57BL/6,1.1.1,FR1,0,Status,250,437,196,6,0,0,,,,,Disabled,24.4,43.1,1003.4,9.4,0.000,0.000,247720,339964,179724,9896,4.05,85.20
2026-07-17 04:34:06,48427.460938,A0DB8AF16E20,0001,male,C57BL/6,1.1.1,FR1,0,Status,250,437,196,6,0,0,,,,,Disabled,24.4,43.0,1003.4,9.4,0.000,0.000,247720,339964,179724,10033,4.04,85.05
2026-07-17 04:44:49,49071.277344,A0DB8AF16E20,0001,male,C57BL/6,1.1.1,FR1,0,Status,250,437,196,6,0,0,,,,,Disabled,24.4,43.1,1003.5,9.4,0.000,0.000,247720,339964,179724,10170,4.04,85.05
2026-07-17 04:55:34,49717.039062,A0DB8AF16E20,0001,male,C57BL/6,1.1.1,FR1,0,Status,250,437,196,6,0,0,,,,,Disabled,24.4,43.0,1003.5,9.4,0.000,0.000,247720,339964,179724,10307,4.07,84.91
2026-07-17 05:06:19,50362.871094,A0DB8AF16E20,0001,male,C57BL/6,1.1.1,FR1,0,Status,250,437,196,6,0,0,,,,,Disabled,24.5,43.0,1003.5,9.4,0.000,0.000,247720,339964,179724,10444,4.03,84.91
2026-07-17 05:12:06,50709.515625,A0DB8AF16E20,0001,male,C57BL/6,1.1.1,FR1,0,Right,250,437,197,6,0,0,,,,,,,,,,,,,,,,,
2026-07-17 05:12:09,50712.566406,A0DB8AF16E20,0001,male,C57BL/6,1.1.1,FR1,0,Right,250,437,198,6,0,0,,,,,,,,,,,,,,,,,
2026-07-17 05:15:36,50919.812500,A0DB8AF16E20,0001,male,C57BL/6,1.1.1,FR1,0,Right,250,437,199,6,0,0,,,,,,,,,,,,,,,,,
2026-07-17 05:15:39,50923.292969,A0DB8AF16E20,0001,male,C57BL/6,1.1.1,FR1,0,Right,250,437,200,6,0,0,,,,,,,,,,,,,,,,,
2026-07-17 05:17:05,51009.757812,A0DB8AF16E20,0001,male,C57BL/6,1.1.1,FR1,0,Status,250,437,200,6,0,0,,,,,Disabled,24.5,43.1,1003.5,9.3,0.000,0.000,247720,339964,179724,10583,4.04,84.77
2026-07-17 05:27:50,51655.515625,A0DB8AF16E20,0001,male,C57BL/6,1.1.1,FR1,0,Status,250,437,200,6,0,0,,,,,Disabled,24.5,43.1,1003.6,9.3,0.000,0.000,247720,339964,179724,10720,4.04,84.77
2026-07-17 05:38:39,52305.316406,A0DB8AF16E20,0001,male,C57BL/6,1.1.1,FR1,0,Status,250,437,200,6,0,0,,,,,Disabled,24.5,43.0,1003.7,9.4,0.000,0.000,247720,339964,179724,10857,4.04,84.77
2026-07-17 05:49:20,52947.160156,A0DB8AF16E20,0001,male,C57BL/6,1.1.1,FR1,0,Status,250,437,200,6,0,0,,,,,Disabled,24.4,43.1,1003.8,9.4,0.000,0.000,247720,339964,179724,10994,4.05,84.62
2026-07-17 06:00:07,53595.007812,A0DB8AF16E20,0001,male,C57BL/6,1.1.1,FR1,0,Status,250,437,200,6,0,0,,,,,Disabled,24.4,43.0,1003.8,9.4,0.259,114.000,247720,339964,179724,11131,4.04,84.62
2026-07-17 06:08:28,54096.660156,A0DB8AF16E20,0001,male,C57BL/6,1.1.1,FR1,0,Right,250,437,201,6,0,0,,,,,,,,,,,,,,,,,
2026-07-17 06:08:32,54100.097656,A0DB8AF16E20,0001,male,C57BL/6,1.1.1,FR1,0,Right,250,437,202,6,0,0,,,,,,,,,,,,,,,,,
2026-07-17 06:08:35,54103.421875,A0DB8AF16E20,0001,male,C57BL/6,1.1.1,FR1,0,Right,250,437,203,6,0,0,,,,,,,,,,,,,,,,,
2026-07-17 06:08:44,54112.503906,A0DB8AF16E20,0001,male,C57BL/6,1.1.1,FR1,0,Left,250,438,203,6,0,0,,,,,,,,,,,,,,,,,
2026-07-17 06:08:56,54123.914062,A0DB8AF16E20,0001,male,C57BL/6,1.1.1,FR1,0,PelletDrop,251,438,203,6,0,0,,,,,,,,,,,,,,,,,
2026-07-17 06:09:06,54134.558594,A0DB8AF16E20,0001,male,C57BL/6,1.1.1,FR1,0,PelletTaken,251,438,203,6,0,0,10.103,386.000,0,4,,,,,,,,,,,,,
2026-07-17 06:10:51,54239.820312,A0DB8AF16E20,0001,male,C57BL/6,1.1.1,FR1,0,Status,251,438,203,6,0,0,,,,,Disabled,24.4,43.1,1003.9,9.4,0.252,114.000,247720,339964,179724,11264,4.04,84.62
2026-07-17 06:21:24,54873.003906,A0DB8AF16E20,0001,male,C57BL/6,1.1.1,FR1,0,Status,251,438,203,6,0,0,,,,,Disabled,24.4,43.3,1003.9,9.4,0.302,133.000,247720,339964,179724,11401,4.05,84.48
2026-07-17 06:31:56,55506.195312,A0DB8AF16E20,0001,male,C57BL/6,1.1.1,FR1,0,Status,251,438,203,6,0,0,,,,,Disabled,24.3,43.2,1004.0,9.5,0.382,198.000,247720,339964,179724,11538,4.02,84.34
2026-07-17 06:42:33,56144.222656,A0DB8AF16E20,0001,male,C57BL/6,1.1.1,FR1,0,Status,251,438,203,6,0,0,,,,,Disabled,24.3,43.1,1004.0,9.5,0.389,200.000,247720,339964,179724,11675,4.04,84.34
2026-07-17 06:53:11,56783.101562,A0DB8AF16E20,0001,male,C57BL/6,1.1.1,FR1,0,Status,251,438,203,6,0,0,,,,,Disabled,24.3,43.1,1004.1,9.6,0.691,288.000,247720,339964,179724,11812,4.06,84.34
2026-07-17 07:03:44,57416.597656,A0DB8AF16E20,0001,male,C57BL/6,1.1.1,FR1,0,Status,251,438,203,6,0,0,,,,,Disabled,24.3,43.3,1004.2,9.4,0.382,201.000,247720,339964,179724,11949,4.06,84.34
2026-07-17 07:14:23,58056.671875,A0DB8AF16E20,0001,male,C57BL/6,1.1.1,FR1,0,Status,251,438,203,6,0,0,,,,,Disabled,24.3,43.3,1004.2,9.5,0.223,104.000,247720,339964,179724,12086,4.04,84.34
2026-07-17 07:16:56,58209.496094,A0DB8AF16E20,0001,male,C57BL/6,1.1.1,FR1,0,Right,251,438,204,6,0,0,,,,,,,,,,,,,,,,,
2026-07-17 07:17:00,58214.015625,A0DB8AF16E20,0001,male,C57BL/6,1.1.1,FR1,0,Right,251,438,205,6,0,0,,,,,,,,,,,,,,,,,
2026-07-17 07:17:19,58233.289062,A0DB8AF16E20,0001,male,C57BL/6,1.1.1,FR1,0,Left,251,439,205,6,0,0,,,,,,,,,,,,,,,,,
2026-07-17 07:17:27,58240.507812,A0DB8AF16E20,0001,male,C57BL/6,1.1.1,FR1,0,PelletDrop,252,439,205,6,0,0,,,,,,,,,,,,,,,,,
2026-07-17 07:17:38,58251.667969,A0DB8AF16E20,0001,male,C57BL/6,1.1.1,FR1,0,PelletTaken,252,439,205,6,0,0,10.630,52.000,0,3,,,,,,,,,,,,,
2026-07-17 07:18:35,58308.750000,A0DB8AF16E20,0001,male,C57BL/6,1.1.1,FR1,0,Left,252,440,205,6,0,0,,,,,,,,,,,,,,,,,
2026-07-17 07:18:42,58315.968750,A0DB8AF16E20,0001,male,C57BL/6,1.1.1,FR1,0,PelletDrop,253,440,205,6,0,0,,,,,,,,,,,,,,,,,
2026-07-17 07:18:52,58325.597656,A0DB8AF16E20,0001,male,C57BL/6,1.1.1,FR1,0,PelletTaken,253,440,205,6,0,0,9.101,727.000,0,3,,,,,,,,,,,,,
2026-07-17 07:19:39,58373.203125,A0DB8AF16E20,0001,male,C57BL/6,1.1.1,FR1,0,Left,253,441,205,6,0,0,,,,,,,,,,,,,,,,,
2026-07-17 07:19:46,58380.433594,A0DB8AF16E20,0001,male,C57BL/6,1.1.1,FR1,0,PelletDrop,254,441,205,6,0,0,,,,,,,,,,,,,,,,,
2026-07-17 07:19:57,58390.726562,A0DB8AF16E20,0001,male,C57BL/6,1.1.1,FR1,0,PelletTaken,254,441,205,6,0,0,9.761,1426.000,0,3,,,,,,,,,,,,,
2026-07-17 07:21:26,58480.500000,A0DB8AF16E20,0001,male,C57BL/6,1.1.1,FR1,0,Left,254,442,205,6,0,0,,,,,,,,,,,,,,,,,
2026-07-17 07:21:31,58485.503906,A0DB8AF16E20,0001,male,C57BL/6,1.1.1,FR1,0,PelletDrop,255,442,205,6,0,0,,,,,,,,,,,,,,,,,
2026-07-17 07:21:42,58496.234375,A0DB8AF16E20,0001,male,C57BL/6,1.1.1,FR1,0,PelletTaken,255,442,205,6,0,0,10.190,69.000,0,2,,,,,,,,,,,,,
2026-07-17 07:22:54,58568.523438,A0DB8AF16E20,0001,male,C57BL/6,1.1.1,FR1,0,Left,255,443,205,6,0,0,,,,,,,,,,,,,,,,,
2026-07-17 07:23:00,58573.964844,A0DB8AF16E20,0001,male,C57BL/6,1.1.1,FR1,0,PelletDrop,256,443,205,6,0,0,,,,,,,,,,,,,,,,,
2026-07-17 07:23:11,58584.824219,A0DB8AF16E20,0001,male,C57BL/6,1.1.1,FR1,0,PelletTaken,256,443,205,6,0,0,10.333,2001.000,0,2,,,,,,,,,,,,,
2026-07-17 07:23:47,58620.917969,A0DB8AF16E20,0001,male,C57BL/6,1.1.1,FR1,0,Left,256,444,205,6,0,0,,,,,,,,,,,,,,,,,
2026-07-17 07:23:52,58625.917969,A0DB8AF16E20,0001,male,C57BL/6,1.1.1,FR1,0,PelletDrop,257,444,205,6,0,0,,,,,,,,,,,,,,,,,
2026-07-17 07:24:12,58646.441406,A0DB8AF16E20,0001,male,C57BL/6,1.1.1,FR1,0,PelletTaken,257,444,205,6,0,0,TimedOut,883.000,0,2,,,,,,,,,,,,,
2026-07-17 07:25:03,58696.300781,A0DB8AF16E20,0001,male,C57BL/6,1.1.1,FR1,0,Status,257,444,205,6,0,0,,,,,Disabled,24.4,42.6,1004.3,9.4,0.360,161.000,247720,339964,179724,12198,4.04,84.17
2026-07-17 07:27:59,58873.066406,A0DB8AF16E20,0001,male,C57BL/6,1.1.1,FR1,0,Right,257,444,206,6,0,0,,,,,,,,,,,,,,,,,
2026-07-17 07:35:32,59326.832031,A0DB8AF16E20,0001,male,C57BL/6,1.1.1,FR1,0,Status,257,444,206,6,0,0,,,,,Disabled,24.4,43.7,1004.4,9.4,0.414,179.000,247720,339964,179724,12335,4.05,84.01
2026-07-17 07:46:05,59959.902344,A0DB8AF16E20,0001,male,C57BL/6,1.1.1,FR1,0,Status,257,444,206,6,0,0,,,,,Disabled,24.3,43.9,1004.4,9.5,0.371,160.000,247720,339964,179724,12472,4.06,84.01
2026-07-17 07:56:37,60592.984375,A0DB8AF16E20,0001,male,C57BL/6,1.1.1,FR1,0,Status,257,444,206,6,0,0,,,,,Disabled,24.2,44.1,1004.4,9.5,0.479,234.000,247720,339964,179724,12609,4.06,83.85
2026-07-17 07:57:51,60667.230469,A0DB8AF16E20,0001,male,C57BL/6,1.1.1,FR1,0,Center,257,444,206,7,0,0,,,,,,,,,,,,,,,,,
2026-07-17 07:57:55,60671.812500,A0DB8AF16E20,0001,male,C57BL/6,1.1.1,FR1,0,Left,257,445,206,7,0,0,,,,,,,,,,,,,,,,,
2026-07-17 07:58:01,60676.824219,A0DB8AF16E20,0001,male,C57BL/6,1.1.1,FR1,0,PelletDrop,258,445,206,7,0,0,,,,,,,,,,,,,,,,,
2026-07-17 07:58:12,60687.984375,A0DB8AF16E20,0001,male,C57BL/6,1.1.1,FR1,0,PelletTaken,258,445,206,7,0,0,10.631,245.000,0,2,,,,,,,,,,,,,
2026-07-17 07:58:32,60708.632812,A0DB8AF16E20,0001,male,C57BL/6,1.1.1,FR1,0,Left,258,446,206,7,0,0,,,,,,,,,,,,,,,,,
2026-07-17 07:58:37,60713.636719,A0DB8AF16E20,0001,male,C57BL/6,1.1.1,FR1,0,PelletDrop,259,446,206,7,0,0,,,,,,,,,,,,,,,,,
2026-07-17 07:58:48,60724.156250,A0DB8AF16E20,0001,male,C57BL/6,1.1.1,FR1,0,PelletTaken,259,446,206,7,0,0,9.982,460.000,0,2,,,,,,,,,,,,,
2026-07-17 07:59:23,60759.402344,A0DB8AF16E20,0001,male,C57BL/6,1.1.1,FR1,0,Left,259,447,206,7,0,0,,,,,,,,,,,,,,,,,
2026-07-17 07:59:28,60764.406250,A0DB8AF16E20,0001,male,C57BL/6,1.1.1,FR1,0,PelletDrop,260,447,206,7,0,0,,,,,,,,,,,,,,,,,
2026-07-17 07:59:37,60773.078125,A0DB8AF16E20,0001,male,C57BL/6,1.1.1,FR1,0,PelletTaken,260,447,206,7,0,0,8.144,790.000,0,2,,,,,,,,,,,,,
2026-07-17 08:00:17,60813.042969,A0DB8AF16E20,0001,male,C57BL/6,1.1.1,FR1,0,Left,260,448,206,7,0,0,,,,,,,,,,,,,,,,,
2026-07-17 08:00:22,60818.042969,A0DB8AF16E20,0001,male,C57BL/6,1.1.1,FR1,0,PelletDrop,261,448,206,7,0,0,,,,,,,,,,,,,,,,,
2026-07-17 08:00:31,60827.894531,A0DB8AF16E20,0001,male,C57BL/6,1.1.1,FR1,0,PelletTaken,261,448,206,7,0,0,9.321,291.000,0,2,,,,,,,,,,,,,
2026-07-17 08:07:08,61224.816406,A0DB8AF16E20,0001,male,C57BL/6,1.1.1,FR1,0,Status,261,448,206,7,0,0,,,,,Disabled,24.2,44.1,1004.5,9.5,0.331,166.000,247720,339964,179724,12732,4.06,83.68
2026-07-17 08:17:48,61865.347656,A0DB8AF16E20,0001,male,C57BL/6,1.1.1,FR1,0,Status,261,448,206,7,0,0,,,,,Disabled,24.3,43.7,1004.5,9.4,0.284,126.000,247720,339964,179724,12869,4.06,83.68
2026-07-17 08:28:33,62512.054688,A0DB8AF16E20,0001,male,C57BL/6,1.1.1,FR1,0,Status,261,448,206,7,0,0,,,,,Disabled,24.3,43.3,1004.5,9.4,0.328,162.000,247720,339964,179724,13006,4.02,83.68
2026-07-17 08:39:06,63145.238281,A0DB8AF16E20,0001,male,C57BL/6,1.1.1,FR1,0,Status,261,448,206,7,0,0,,,,,Disabled,24.3,43.4,1004.6,9.5,0.349,173.000,247720,339964,179724,13143,4.03,83.68
2026-07-17 08:49:44,63784.667969,A0DB8AF16E20,0001,male,C57BL/6,1.1.1,FR1,0,Status,261,448,206,7,0,0,,,,,Disabled,24.3,43.2,1004.6,9.4,0.248,113.000,247720,339964,179724,13280,4.03,83.52
2026-07-17 09:00:17,64417.871094,A0DB8AF16E20,0001,male,C57BL/6,1.1.1,FR1,0,Status,261,448,206,7,0,0,,,,,Disabled,24.3,43.2,1004.7,9.4,0.277,123.000,247720,339964,179724,13417,4.03,83.52
2026-07-17 09:10:49,65051.062500,A0DB8AF16E20,0001,male,C57BL/6,1.1.1,FR1,0,Status,261,448,206,7,0,0,,,,,Disabled,24.3,43.2,1004.7,9.5,0.245,112.000,247720,339964,179724,13554,4.03,83.36
2026-07-17 09:21:37,65700.148438,A0DB8AF16E20,0001,male,C57BL/6,1.1.1,FR1,0,Status,261,448,206,7,0,0,,,,,Disabled,24.3,42.9,1004.7,9.4,0.331,167.000,247720,339964,179724,13691,4.03,83.36
2026-07-17 09:32:09,66333.351562,A0DB8AF16E20,0001,male,C57BL/6,1.1.1,FR1,0,Status,261,448,206,7,0,0,,,,,Disabled,24.3,43.2,1004.7,9.5,0.338,170.000,247720,339964,179724,13828,4.03,83.36
2026-07-17 09:42:54,66978.906250,A0DB8AF16E20,0001,male,C57BL/6,1.1.1,FR1,0,Status,261,448,206,7,0,0,,,,,Disabled,24.3,43.0,1004.7,9.4,0.281,125.000,247720,339964,179724,13965,4.02,83.20
2026-07-17 09:49:41,67386.664062,A0DB8AF16E20,0001,male,C57BL/6,1.1.1,FR1,0,Right,261,448,207,7,0,0,,,,,,,,,,,,,,,,,
2026-07-17 09:53:27,67612.906250,A0DB8AF16E20,0001,male,C57BL/6,1.1.1,FR1,0,Status,261,448,207,7,0,0,,,,,Disabled,24.2,43.3,1004.6,9.4,0.266,140.000,247720,339964,179724,14103,4.05,83.36
2026-07-17 10:04:11,68257.539062,A0DB8AF16E20,0001,male,C57BL/6,1.1.1,FR1,0,Status,261,448,207,7,0,0,,,,,Disabled,24.3,43.1,1004.6,9.4,0.288,148.000,247720,339964,179724,14240,4.05,83.20
2026-07-17 10:14:43,68890.585938,A0DB8AF16E20,0001,male,C57BL/6,1.1.1,FR1,0,Status,261,448,207,7,0,0,,,,,Disabled,24.2,43.4,1004.6,9.4,0.248,110.000,247720,339964,179724,14377,4.03,83.20
2026-07-17 10:25:24,69532.125000,A0DB8AF16E20,0001,male,C57BL/6,1.1.1,FR1,0,Status,261,448,207,7,0,0,,,,,Disabled,24.2,43.2,1004.6,9.5,0.281,123.000,247720,339964,179724,14514,4.03,83.03
2026-07-17 10:35:56,70165.210938,A0DB8AF16E20,0001,male,C57BL/6,1.1.1,FR1,0,Status,261,448,207,7,0,0,,,,,Disabled,24.2,43.3,1004.6,9.5,0.263,112.000,247720,339964,179724,14651,4.03,83.03
2026-07-17 10:46:36,70805.687500,A0DB8AF16E20,0001,male,C57BL/6,1.1.1,FR1,0,Status,261,448,207,7,0,0,,,,,Disabled,24.2,43.3,1004.6,9.5,0.202,110.000,247720,339964,179724,14788,4.03,83.03
2026-07-17 10:48:24,70914.023438,A0DB8AF16E20,0001,male,C57BL/6,1.1.1,FR1,0,Right,261,448,208,7,0,0,,,,,,,,,,,,,,,,,
2026-07-17 10:48:27,70916.515625,A0DB8AF16E20,0001,male,C57BL/6,1.1.1,FR1,0,Right,261,448,209,7,0,0,,,,,,,,,,,,,,,,,
2026-07-17 10:48:31,70920.390625,A0DB8AF16E20,0001,male,C57BL/6,1.1.1,FR1,0,Right,261,448,210,7,0,0,,,,,,,,,,,,,,,,,
2026-07-17 10:48:47,70937.218750,A0DB8AF16E20,0001,male,C57BL/6,1.1.1,FR1,0,Right,261,448,211,7,0,0,,,,,,,,,,,,,,,,,
2026-07-17 10:48:51,70940.914062,A0DB8AF16E20,0001,male,C57BL/6,1.1.1,FR1,0,Right,261,448,212,7,0,0,,,,,,,,,,,,,,,,,
2026-07-17 10:48:55,70945.257812,A0DB8AF16E20,0001,male,C57BL/6,1.1.1,FR1,0,Right,261,448,213,7,0,0,,,,,,,,,,,,,,,,,
2026-07-17 10:48:57,70946.875000,A0DB8AF16E20,0001,male,C57BL/6,1.1.1,FR1,0,Right,261,448,214,7,0,0,,,,,,,,,,,,,,,,,
2026-07-17 10:49:00,70950.226562,A0DB8AF16E20,0001,male,C57BL/6,1.1.1,FR1,0,Right,261,448,215,7,0,0,,,,,,,,,,,,,,,,,
2026-07-17 10:49:09,70959.085938,A0DB8AF16E20,0001,male,C57BL/6,1.1.1,FR1,0,Left,261,449,215,7,0,0,,,,,,,,,,,,,,,,,
2026-07-17 10:49:12,70961.882812,A0DB8AF16E20,0001,male,C57BL/6,1.1.1,FR1,0,PelletDrop,262,449,215,7,0,0,,,,,,,,,,,,,,,,,
2026-07-17 10:49:13,70963.000000,A0DB8AF16E20,0001,male,C57BL/6,1.1.1,FR1,0,PelletNotDetected,262,449,215,7,0,0,,,,,,,,,,,,,,,,,
2026-07-17 10:49:52,71002.195312,A0DB8AF16E20,0001,male,C57BL/6,1.1.1,FR1,0,Left,262,450,215,7,0,0,,,,,,,,,,,,,,,,,
2026-07-17 10:49:58,71007.632812,A0DB8AF16E20,0001,male,C57BL/6,1.1.1,FR1,0,PelletDrop,263,450,215,7,0,0,,,,,,,,,,,,,,,,,
2026-07-17 10:50:10,71019.984375,A0DB8AF16E20,0001,male,C57BL/6,1.1.1,FR1,0,PelletTaken,263,450,215,7,0,0,11.818,351.000,0,3,,,,,,,,,,,,,
2026-07-17 10:50:44,71053.929688,A0DB8AF16E20,0001,male,C57BL/6,1.1.1,FR1,0,Left,263,451,215,7,0,0,,,,,,,,,,,,,,,,,
2026-07-17 10:50:51,71061.148438,A0DB8AF16E20,0001,male,C57BL/6,1.1.1,FR1,0,PelletDrop,264,451,215,7,0,0,,,,,,,,,,,,,,,,,
2026-07-17 10:50:59,71069.109375,A0DB8AF16E20,0001,male,C57BL/6,1.1.1,FR1,0,PelletTaken,264,451,215,7,0,0,7.430,606.000,0,3,,,,,,,,,,,,,
2026-07-17 10:54:35,71285.062500,A0DB8AF16E20,0001,male,C57BL/6,1.1.1,FR1,0,Left,264,452,215,7,0,0,,,,,,,,,,,,,,,,,
2026-07-17 10:54:40,71290.062500,A0DB8AF16E20,0001,male,C57BL/6,1.1.1,FR1,0,PelletDrop,265,452,215,7,0,0,,,,,,,,,,,,,,,,,
2026-07-17 10:55:00,71310.578125,A0DB8AF16E20,0001,male,C57BL/6,1.1.1,FR1,0,PelletTaken,265,452,215,7,0,0,TimedOut,137.000,0,2,,,,,,,,,,,,,
2026-07-17 10:55:53,71363.335938,A0DB8AF16E20,0001,male,C57BL/6,1.1.1,FR1,0,Left,265,453,215,7,0,0,,,,,,,,,,,,,,,,,
2026-07-17 10:55:58,71368.351562,A0DB8AF16E20,0001,male,C57BL/6,1.1.1,FR1,0,PelletDrop,266,453,215,7,0,0,,,,,,,,,,,,,,,,,
2026-07-17 10:56:05,71375.687500,A0DB8AF16E20,0001,male,C57BL/6,1.1.1,FR1,0,PelletTaken,266,453,215,7,0,0,6.803,1432.000,0,2,,,,,,,,,,,,,
2026-07-17 10:57:06,71436.132812,A0DB8AF16E20,0001,male,C57BL/6,1.1.1,FR1,0,Left,266,454,215,7,0,0,,,,,,,,,,,,,,,,,
2026-07-17 10:57:11,71441.132812,A0DB8AF16E20,0001,male,C57BL/6,1.1.1,FR1,0,PelletDrop,267,454,215,7,0,0,,,,,,,,,,,,,,,,,
2026-07-17 10:57:21,71451.773438,A0DB8AF16E20,0001,male,C57BL/6,1.1.1,FR1,0,PelletTaken,267,454,215,7,0,0,10.113,1189.000,0,2,,,,,,,,,,,,,
2026-07-17 10:57:29,71459.460938,A0DB8AF16E20,0001,male,C57BL/6,1.1.1,FR1,0,Status,267,454,215,7,0,0,,,,,Disabled,24.3,42.7,1004.6,9.3,0.461,231.000,247720,339964,179724,14912,4.03,82.70
2026-07-17 10:57:44,71474.531250,A0DB8AF16E20,0001,male,C57BL/6,1.1.1,FR1,0,Left,267,455,215,7,0,0,,,,,,,,,,,,,,,,,
2026-07-17 10:57:49,71479.531250,A0DB8AF16E20,0001,male,C57BL/6,1.1.1,FR1,0,PelletDrop,268,455,215,7,0,0,,,,,,,,,,,,,,,,,
2026-07-17 10:57:57,71487.523438,A0DB8AF16E20,0001,male,C57BL/6,1.1.1,FR1,0,PelletTaken,268,455,215,7,0,0,7.452,528.000,0,2,,,,,,,,,,,,,
2026-07-17 10:59:00,71550.812500,A0DB8AF16E20,0001,male,C57BL/6,1.1.1,FR1,0,Left,268,456,215,7,0,0,,,,,,,,,,,,,,,,,
2026-07-17 10:59:04,71553.984375,A0DB8AF16E20,0001,male,C57BL/6,1.1.1,FR1,0,PelletDrop,269,456,215,7,0,0,,,,,,,,,,,,,,,,,
2026-07-17 10:59:05,71555.109375,A0DB8AF16E20,0001,male,C57BL/6,1.1.1,FR1,0,PelletNotDetected,269,456,215,7,0,0,,,,,,,,,,,,,,,,,
2026-07-17 10:59:48,71598.359375,A0DB8AF16E20,0001,male,C57BL/6,1.1.1,FR1,0,Left,269,457,215,7,0,0,,,,,,,,,,,,,,,,,
2026-07-17 10:59:53,71603.460938,A0DB8AF16E20,0001,male,C57BL/6,1.1.1,FR1,0,PelletDrop,270,457,215,7,0,0,,,,,,,,,,,,,,,,,
2026-07-17 11:00:03,71613.593750,A0DB8AF16E20,0001,male,C57BL/6,1.1.1,FR1,0,PelletTaken,270,457,215,7,0,0,9.608,1036.000,0,3,,,,,,,,,,,,,
2026-07-17 11:00:27,71637.093750,A0DB8AF16E20,0001,male,C57BL/6,1.1.1,FR1,0,Left,270,458,215,7,0,0,,,,,,,,,,,,,,,,,
2026-07-17 11:00:32,71642.101562,A0DB8AF16E20,0001,male,C57BL/6,1.1.1,FR1,0,PelletDrop,271,458,215,7,0,0,,,,,,,,,,,,,,,,,
2026-07-17 11:00:40,71651.031250,A0DB8AF16E20,0001,male,C57BL/6,1.1.1,FR1,0,PelletTaken,271,458,215,7,0,0,8.397,228.000,0,2,,,,,,,,,,,,,
2026-07-17 11:07:53,72084.218750,A0DB8AF16E20,0001,male,C57BL/6,1.1.1,FR1,0,Status,271,458,215,7,0,0,,,,,Disabled,24.4,43.4,1004.6,9.5,0.389,197.000,247720,339964,179724,15036,4.03,82.54
2026-07-17 11:18:26,72717.289062,A0DB8AF16E20,0001,male,C57BL/6,1.1.1,FR1,0,Status,271,458,215,7,0,0,,,,,Disabled,24.3,43.9,1004.6,9.4,0.324,174.000,247720,339964,179724,15173,4.02,82.54
2026-07-17 11:29:09,73361.820312,A0DB8AF16E20,0001,male,C57BL/6,1.1.1,FR1,0,Status,271,458,215,7,0,0,,,,,Disabled,24.3,43.8,1004.6,9.4,0.328,168.000,247720,339964,179724,15310,4.02,82.54
2026-07-17 11:39:41,73994.984375,A0DB8AF16E20,0001,male,C57BL/6,1.1.1,FR1,0,Status,271,458,215,7,0,0,,,,,Disabled,24.3,43.9,1004.6,9.5,0.410,204.000,247720,339964,179724,15447,4.02,82.38
2026-07-17 11:50:21,74635.484375,A0DB8AF16E20,0001,male,C57BL/6,1.1.1,FR1,0,Status,271,458,215,7,0,0,,,,,Disabled,24.3,43.6,1004.6,9.4,0.410,204.000,247720,339964,179724,15584,4.02,82.38
2026-07-17 12:00:53,75268.640625,A0DB8AF16E20,0001,male,C57BL/6,1.1.1,FR1,0,Status,271,458,215,7,0,0,,,,,Disabled,24.2,43.7,1004.5,9.5,0.414,204.000,247720,339964,179724,15721,4.05,82.38
2026-07-17 12:11:41,75917.046875,A0DB8AF16E20,0001,male,C57BL/6,1.1.1,FR1,0,Status,271,458,215,7,0,0,,,,,Disabled,24.3,43.3,1004.5,9.5,0.317,142.000,247720,339964,179724,15858,4.05,82.38
2026-07-17 12:22:13,76550.210938,A0DB8AF16E20,0001,male,C57BL/6,1.1.1,FR1,0,Status,271,458,215,7,0,0,,,,,Disabled,24.2,43.5,1004.4,9.6,0.342,149.000,247720,339964,179724,15995,4.04,82.38
2026-07-17 12:32:46,77183.414062,A0DB8AF16E20,0001,male,C57BL/6,1.1.1,FR1,0,Status,271,458,215,7,0,0,,,,,Disabled,24.2,43.5,1004.3,9.5,0.346,178.000,247720,339964,179724,16132,4.04,82.38
2026-07-17 12:43:40,77838.507812,A0DB8AF16E20,0001,male,C57BL/6,1.1.1,FR1,0,Status,271,458,215,7,0,0,,,,,Disabled,24.2,43.1,1004.3,9.5,0.374,186.000,247720,339964,179724,16269,4.03,82.21
2026-07-17 12:54:12,78471.718750,A0DB8AF16E20,0001,male,C57BL/6,1.1.1,FR1,0,Status,271,458,215,7,0,0,,,,,Disabled,24.1,42.7,1004.4,9.5,58.986,20290.000,247720,339964,179724,16406,4.02,82.21
2026-07-17 13:04:43,79103.828125,A0DB8AF16E20,0001,male,C57BL/6,1.1.1,FR1,0,Status,271,458,215,7,0,0,,,,,Disabled,23.9,44.8,1004.3,9.4,14.706,5280.000,247720,339964,179724,16543,4.01,82.05
