DateTime,ElapsedSeconds,ESP32_UID,MouseID,Sex,Strain,LibraryVer,Program,FR,Event,PelletCount,LeftCount,RightCount,CenterCount,BlockPelletCount,BlockPokeCount,RetrievalTime,PokeDuration,DispenseError,MotorTurns,Motion,Temperature,Humidity,Pressure,GasResistance,Lux,White,FreeHeap,HeapSize,MinFreeHeap,WakeCount,BatteryVoltage,BatteryPercent
2026-07-14 12:23:48,37.715000,B0DB8AF16E20,0003,male,C57BL/6,1.1.1,FR1,0,Startup,0,0,0,0,0,0,,,,,0.0,23.7,43.8,1000.0,16.3,7.736,3464.000,246164,339964,244020,0,4.17,97.50
2026-07-14 12:33:16,606.403015,B0DB8AF16E20,0003,male,C57BL/6,1.1.1,FR1,0,Status,0,0,0,0,0,0,,,,,Disabled,23.8,42.5,1000.0,16.9,2.304,957.000,247120,339964,244020,129,4.08,94.97
2026-07-14 12:43:18,1208.832031,B0DB8AF16E20,0003,male,C57BL/6,1.1.1,FR1,0,Status,0,0,0,0,0,0,,,,,Disabled,23.8,43.3,1000.0,16.9,0.464,194.000,249108,339964,187556,259,4.08,92.44
2026-07-14 12:51:39,1389.233032,B0DB8AF16E20,0003,male,C57BL/6,1.1.1,FR1,0,Right,0,0,1,0,0,0,,,,,,,,,,,,,,,,,
2026-07-14 12:52:22,1431.928955,B0DB8AF16E20,0003,male,C57BL/6,1.1.1,FR1,0,Left,0,1,1,0,0,0,,,,,,,,,,,,,,,,,
2026-07-14 12:52:34,1443.359009,B0DB8AF16E20,0003,male,C57BL/6,1.1.1,FR1,0,PelletDrop,1,1,1,0,0,0,,,,,,,,,,,,,,,,,
2026-07-14 12:52:38,1448.297974,B0DB8AF16E20,0003,male,C57BL/6,1.1.1,FR1,0,PelletTaken,1,1,1,0,0,0,4.405,109.000,0,4,,,,,,,,,,,,,
2026-07-14 12:56:41,1690.646973,B0DB8AF16E20,0003,male,C57BL/6,1.1.1,FR1,0,Right,1,1,2,0,0,0,,,,,,,,,,,,,,,,,
2026-07-14 12:56:47,1696.819946,B0DB8AF16E20,0003,male,C57BL/6,1.1.1,FR1,0,Left,1,2,2,0,0,0,,,,,,,,,,,,,,,,,
2026-07-14 12:56:51,1700.745972,B0DB8AF16E20,0003,male,C57BL/6,1.1.1,FR1,0,PelletDrop,2,2,2,0,0,0,,,,,,,,,,,,,,,,,
2026-07-14 12:56:51,1701.404053,B0DB8AF16E20,0003,male,C57BL/6,1.1.1,FR1,0,PelletTaken,2,2,2,0,0,0,0.104,89.000,0,1,,,,,,,,,,,,,
2026-07-14 12:57:29,1738.859985,B0DB8AF16E20,0003,male,C57BL/6,1.1.1,FR1,0,Left,2,3,2,0,0,0,,,,,,,,,,,,,,,,,
2026-07-14 12:57:34,1743.866943,B0DB8AF16E20,0003,male,C57BL/6,1.1.1,FR1,0,PelletDrop,3,3,2,0,0,0,,,,,,,,,,,,,,,,,
2026-07-14 12:57:54,1764.409058,B0DB8AF16E20,0003,male,C57BL/6,1.1.1,FR1,0,PelletTaken,3,3,2,0,0,0,TimedOut,21.000,0,2,,,,,,,,,,,,,
2026-07-14 12:58:41,1811.448975,B0DB8AF16E20,0003,male,C57BL/6,1.1.1,FR1,0,Status,3,3,2,0,0,0,,,,,Disabled,23.9,43.2,999.9,16.8,0.000,0.000,247912,339964,181692,382,4.07,90.54
2026-07-14 12:58:51,1821.082031,B0DB8AF16E20,0003,male,C57BL/6,1.1.1,FR1,0,Left,3,4,2,0,0,0,,,,,,,,,,,,,,,,,
2026-07-14 12:58:56,1826.088989,B0DB8AF16E20,0003,male,C57BL/6,1.1.1,FR1,0,PelletDrop,4,4,2,0,0,0,,,,,,,,,,,,,,,,,
2026-07-14 12:59:05,1834.881958,B0DB8AF16E20,0003,male,C57BL/6,1.1.1,FR1,0,PelletTaken,4,4,2,0,0,0,8.243,21.000,0,2,,,,,,,,,,,,,
2026-07-14 12:59:38,1867.972046,B0DB8AF16E20,0003,male,C57BL/6,1.1.1,FR1,0,Left,4,5,2,0,0,0,,,,,,,,,,,,,,,,,
2026-07-14 12:59:45,1875.197021,B0DB8AF16E20,0003,male,C57BL/6,1.1.1,FR1,0,PelletDrop,5,5,2,0,0,0,,,,,,,,,,,,,,,,,
2026-07-14 13:00:03,1893.139038,B0DB8AF16E20,0003,male,C57BL/6,1.1.1,FR1,0,PelletTaken,5,5,2,0,0,0,17.407,61.000,0,3,,,,,,,,,,,,,
2026-07-14 13:00:46,1936.300049,B0DB8AF16E20,0003,male,C57BL/6,1.1.1,FR1,0,Left,5,6,2,0,0,0,,,,,,,,,,,,,,,,,
2026-07-14 13:00:53,1943.525024,B0DB8AF16E20,0003,male,C57BL/6,1.1.1,FR1,0,PelletDrop,6,6,2,0,0,0,,,,,,,,,,,,,,,,,
2026-07-14 13:01:05,1955.536987,B0DB8AF16E20,0003,male,C57BL/6,1.1.1,FR1,0,PelletTaken,6,6,2,0,0,0,11.477,21.000,0,3,,,,,,,,,,,,,
2026-07-14 13:01:42,1992.016968,B0DB8AF16E20,0003,male,C57BL/6,1.1.1,FR1,0,Left,6,7,2,0,0,0,,,,,,,,,,,,,,,,,
2026-07-14 13:01:49,1999.241943,B0DB8AF16E20,0003,male,C57BL/6,1.1.1,FR1,0,PelletDrop,7,7,2,0,0,0,,,,,,,,,,,,,,,,,
2026-07-14 13:01:56,2006.756958,B0DB8AF16E20,0003,male,C57BL/6,1.1.1,FR1,0,PelletTaken,7,7,2,0,0,0,6.990,90.000,0,3,,,,,,,,,,,,,
2026-07-14 13:02:26,2036.339966,B0DB8AF16E20,0003,male,C57BL/6,1.1.1,FR1,0,Left,7,8,2,0,0,0,,,,,,,,,,,,,,,,,
2026-07-14 13:02:29,2039.567993,B0DB8AF16E20,0003,male,C57BL/6,1.1.1,FR1,0,PelletDrop,8,8,2,0,0,0,,,,,,,,,,,,,,,,,
2026-07-14 13:02:30,2040.696045,B0DB8AF16E20,0003,male,C57BL/6,1.1.1,FR1,0,PelletNotDetected,8,8,2,0,0,0,,,,,,,,,,,,,,,,,
2026-07-14 13:02:53,2063.678955,B0DB8AF16E20,0003,male,C57BL/6,1.1.1,FR1,0,Left,8,9,2,0,0,0,,,,,,,,,,,,,,,,,
2026-07-14 13:02:56,2066.418945,B0DB8AF16E20,0003,male,C57BL/6,1.1.1,FR1,0,PelletDrop,9,9,2,0,0,0,,,,,,,,,,,,,,,,,
2026-07-14 13:02:57,2067.545898,B0DB8AF16E20,0003,male,C57BL/6,1.1.1,FR1,0,PelletNotDetected,9,9,2,0,0,0,,,,,,,,,,,,,,,,,
2026-07-14 13:04:35,2165.478027,B0DB8AF16E20,0003,male,C57BL/6,1.1.1,FR1,0,Left,9,10,2,0,0,0,,,,,,,,,,,,,,,,,
2026-07-14 13:04:38,2168.427979,B0DB8AF16E20,0003,male,C57BL/6,1.1.1,FR1,0,PelletDrop,10,10,2,0,0,0,,,,,,,,,,,,,,,,,
2026-07-14 13:04:39,2169.554932,B0DB8AF16E20,0003,male,C57BL/6,1.1.1,FR1,0,PelletNotDetected,10,10,2,0,0,0,,,,,,,,,,,,,,,,,
2026-07-14 13:05:23,2213.821045,B0DB8AF16E20,0003,male,C57BL/6,1.1.1,FR1,0,Left,10,11,2,0,0,0,,,,,,,,,,,,,,,,,
2026-07-14 13:05:44,2234.248047,B0DB8AF16E20,0003,male,C57BL/6,1.1.1,FR1,0,PelletDrop,11,11,2,0,0,0,,,,,,,,,,,,,,,,,
2026-07-14 13:05:45,2235.391113,B0DB8AF16E20,0003,male,C57BL/6,1.1.1,FR1,0,PelletNotDetected,11,11,2,0,0,0,,,,,,,,,,,,,,,,,
2026-07-14 13:06:22,2272.243896,B0DB8AF16E20,0003,male,C57BL/6,1.1.1,FR1,0,Left,11,12,2,0,0,0,,,,,,,,,,,,,,,,,
2026-07-14 13:06:23,2273.448975,B0DB8AF16E20,0003,male,C57BL/6,1.1.1,FR1,0,PelletDrop,12,12,2,0,0,0,,,,,,,,,,,,,,,,,
2026-07-14 13:06:24,2274.387939,B0DB8AF16E20,0003,male,C57BL/6,1.1.1,FR1,0,LeftWithPellet,12,13,2,0,0,0,,,,,,,,,,,,,,,,,
2026-07-14 13:06:27,2277.689941,B0DB8AF16E20,0003,male,C57BL/6,1.1.1,FR1,0,LeftWithPellet,12,14,2,0,0,0,,,,,,,,,,,,,,,,,
2026-07-14 13:06:28,2279.089111,B0DB8AF16E20,0003,male,C57BL/6,1.1.1,FR1,0,PelletTaken,12,14,2,0,0,0,5.106,4.000,0,8,,,,,,,,,,,,,
2026-07-14 13:08:43,2413.614014,B0DB8AF16E20,0003,male,C57BL/6,1.1.1,FR1,0,Status,12,14,2,0,0,0,,,,,Disabled,24.1,43.0,999.9,16.7,0.000,0.000,247868,339964,181692,491,4.07,89.12
2026-07-14 13:09:02,2433.233887,B0DB8AF16E20,0003,male,C57BL/6,1.1.1,FR1,0,Left,12,15,2,0,0,0,,,,,,,,,,,,,,,,,
2026-07-14 13:09:05,2435.989990,B0DB8AF16E20,0003,male,C57BL/6,1.1.1,FR1,0,PelletDrop,13,15,2,0,0,0,,,,,,,,,,,,,,,,,
2026-07-14 13:09:06,2437.117920,B0DB8AF16E20,0003,male,C57BL/6,1.1.1,FR1,0,PelletNotDetected,13,15,2,0,0,0,,,,,,,,,,,,,,,,,
2026-07-14 13:09:28,2458.447998,B0DB8AF16E20,0003,male,C57BL/6,1.1.1,FR1,0,Left,13,16,2,0,0,0,,,,,,,,,,,,,,,,,
2026-07-14 13:09:30,2461.189941,B0DB8AF16E20,0003,male,C57BL/6,1.1.1,FR1,0,PelletDrop,14,16,2,0,0,0,,,,,,,,,,,,,,,,,
2026-07-14 13:09:32,2463.196045,B0DB8AF16E20,0003,male,C57BL/6,1.1.1,FR1,0,LeftWithPellet,14,17,2,0,0,0,,,,,,,,,,,,,,,,,
2026-07-14 13:09:34,2464.439941,B0DB8AF16E20,0003,male,C57BL/6,1.1.1,FR1,0,LeftWithPellet,14,18,2,0,0,0,,,,,,,,,,,,,,,,,
2026-07-14 13:09:35,2465.375977,B0DB8AF16E20,0003,male,C57BL/6,1.1.1,FR1,0,LeftWithPellet,14,19,2,0,0,0,,,,,,,,,,,,,,,,,
2026-07-14 13:09:36,2466.803955,B0DB8AF16E20,0003,male,C57BL/6,1.1.1,FR1,0,LeftWithPellet,14,20,2,0,0,0,,,,,,,,,,,,,,,,,
2026-07-14 13:09:39,2469.472900,B0DB8AF16E20,0003,male,C57BL/6,1.1.1,FR1,0,PelletTaken,14,20,2,0,0,0,7.722,4.000,0,2,,,,,,,,,,,,,
2026-07-14 13:14:35,2766.282959,B0DB8AF16E20,0003,male,C57BL/6,1.1.1,FR1,0,Left,14,21,2,0,0,0,,,,,,,,,,,,,,,,,
2026-07-14 13:14:40,2771.290039,B0DB8AF16E20,0003,male,C57BL/6,1.1.1,FR1,0,PelletDrop,15,21,2,0,0,0,,,,,,,,,,,,,,,,,
2026-07-14 13:14:59,2789.835938,B0DB8AF16E20,0003,male,C57BL/6,1.1.1,FR1,0,PelletTaken,15,21,2,0,0,0,18.012,51.000,0,2,,,,,,,,,,,,,
2026-07-14 13:15:26,2817.258057,B0DB8AF16E20,0003,male,C57BL/6,1.1.1,FR1,0,Left,15,22,2,0,0,0,,,,,,,,,,,,,,,,,
2026-07-14 13:15:31,2822.264893,B0DB8AF16E20,0003,male,C57BL/6,1.1.1,FR1,0,PelletDrop,16,22,2,0,0,0,,,,,,,,,,,,,,,,,
2026-07-14 13:15:52,2842.791016,B0DB8AF16E20,0003,male,C57BL/6,1.1.1,FR1,0,PelletTaken,16,22,2,0,0,0,TimedOut,119.000,0,2,,,,,,,,,,,,,
2026-07-14 13:16:22,2872.997070,B0DB8AF16E20,0003,male,C57BL/6,1.1.1,FR1,0,Left,16,23,2,0,0,0,,,,,,,,,,,,,,,,,
2026-07-14 13:16:24,2875.785889,B0DB8AF16E20,0003,male,C57BL/6,1.1.1,FR1,0,PelletDrop,17,23,2,0,0,0,,,,,,,,,,,,,,,,,
2026-07-14 13:16:25,2876.461914,B0DB8AF16E20,0003,male,C57BL/6,1.1.1,FR1,0,PelletTaken,17,23,2,0,0,0,0.126,42.000,0,1,,,,,,,,,,,,,
2026-07-14 13:16:59,2910.644043,B0DB8AF16E20,0003,male,C57BL/6,1.1.1,FR1,0,Right,17,23,3,0,0,0,,,,,,,,,,,,,,,,,
2026-07-14 13:18:43,3014.572021,B0DB8AF16E20,0003,male,C57BL/6,1.1.1,FR1,0,Status,17,23,3,0,0,0,,,,,Disabled,24.2,42.9,999.8,16.6,0.000,0.000,247776,339964,181692,607,4.08,88.07
2026-07-14 13:28:45,3617.033936,B0DB8AF16E20,0003,male,C57BL/6,1.1.1,FR1,0,Status,17,23,3,0,0,0,,,,,Disabled,24.2,43.1,999.8,16.5,0.000,0.000,247776,339964,181692,737,4.08,87.49
2026-07-14 13:38:47,4219.502930,B0DB8AF16E20,0003,male,C57BL/6,1.1.1,FR1,0,Status,17,23,3,0,0,0,,,,,Disabled,24.2,43.0,999.8,16.4,0.000,0.000,247776,339964,181692,867,4.08,87.06
2026-07-14 13:48:48,4821.950195,B0DB8AF16E20,0003,male,C57BL/6,1.1.1,FR1,0,Status,17,23,3,0,0,0,,,,,Disabled,24.2,43.0,999.7,16.3,0.000,0.000,247776,339964,181692,997,4.08,86.63
2026-07-14 13:58:50,5424.434082,B0DB8AF16E20,0003,male,C57BL/6,1.1.1,FR1,0,Status,17,23,3,0,0,0,,,,,Disabled,24.2,42.9,999.6,16.2,0.000,0.000,247776,339964,181692,1127,4.07,86.49
2026-07-14 14:08:52,6026.902832,B0DB8AF16E20,0003,male,C57BL/6,1.1.1,FR1,0,Status,17,23,3,0,0,0,,,,,Disabled,24.2,42.8,999.5,16.1,0.000,0.000,247776,339964,181692,1257,4.07,86.20
2026-07-14 14:18:54,6629.350098,B0DB8AF16E20,0003,male,C57BL/6,1.1.1,FR1,0,Status,17,23,3,0,0,0,,,,,Disabled,24.2,42.7,999.5,16.1,0.000,0.000,247776,339964,181692,1387,4.07,86.06
2026-07-14 14:28:55,7231.846191,B0DB8AF16E20,0003,male,C57BL/6,1.1.1,FR1,0,Status,17,23,3,0,0,0,,,,,Disabled,24.2,42.7,999.4,16.1,0.000,0.000,247776,339964,181692,1517,4.07,85.91
2026-07-14 14:38:57,7834.314941,B0DB8AF16E20,0003,male,C57BL/6,1.1.1,FR1,0,Status,17,23,3,0,0,0,,,,,Disabled,24.2,42.8,999.3,16.0,0.000,0.000,247776,339964,181692,1647,4.07,85.77
2026-07-14 14:48:59,8436.762695,B0DB8AF16E20,0003,male,C57BL/6,1.1.1,FR1,0,Status,17,23,3,0,0,0,,,,,Disabled,24.2,42.9,999.2,16.1,0.000,0.000,247776,339964,181692,1777,4.07,85.77
2026-07-14 14:54:29,8766.991211,B0DB8AF16E20,0003,male,C57BL/6,1.1.1,FR1,0,Left,17,24,3,0,0,0,,,,,,,,,,,,,,,,,
2026-07-14 14:54:34,8771.997070,B0DB8AF16E20,0003,male,C57BL/6,1.1.1,FR1,0,PelletDrop,18,24,3,0,0,0,,,,,,,,,,,,,,,,,
2026-07-14 14:54:52,8790.642578,B0DB8AF16E20,0003,male,C57BL/6,1.1.1,FR1,0,PelletTaken,18,24,3,0,0,0,18.111,90.000,0,2,,,,,,,,,,,,,
2026-07-14 14:55:32,8829.767578,B0DB8AF16E20,0003,male,C57BL/6,1.1.1,FR1,0,Left,18,25,3,0,0,0,,,,,,,,,,,,,,,,,
2026-07-14 14:55:37,8834.790039,B0DB8AF16E20,0003,male,C57BL/6,1.1.1,FR1,0,PelletDrop,19,25,3,0,0,0,,,,,,,,,,,,,,,,,
2026-07-14 14:55:56,8854.226562,B0DB8AF16E20,0003,male,C57BL/6,1.1.1,FR1,0,PelletTaken,19,25,3,0,0,0,18.903,50.000,0,2,,,,,,,,,,,,,
2026-07-14 14:56:39,8896.891602,B0DB8AF16E20,0003,male,C57BL/6,1.1.1,FR1,0,Left,19,26,3,0,0,0,,,,,,,,,,,,,,,,,
2026-07-14 14:56:44,8901.899414,B0DB8AF16E20,0003,male,C57BL/6,1.1.1,FR1,0,PelletDrop,20,26,3,0,0,0,,,,,,,,,,,,,,,,,
2026-07-14 14:57:02,8920.723633,B0DB8AF16E20,0003,male,C57BL/6,1.1.1,FR1,0,PelletTaken,20,26,3,0,0,0,18.275,13.000,0,2,,,,,,,,,,,,,
2026-07-14 14:57:40,8958.305664,B0DB8AF16E20,0003,male,C57BL/6,1.1.1,FR1,0,Left,20,27,3,0,0,0,,,,,,,,,,,,,,,,,
2026-07-14 14:57:45,8963.313477,B0DB8AF16E20,0003,male,C57BL/6,1.1.1,FR1,0,PelletDrop,21,27,3,0,0,0,,,,,,,,,,,,,,,,,
2026-07-14 14:58:05,8983.839844,B0DB8AF16E20,0003,male,C57BL/6,1.1.1,FR1,0,PelletTaken,21,27,3,0,0,0,TimedOut,70.000,0,2,,,,,,,,,,,,,
2026-07-14 14:59:01,9039.665039,B0DB8AF16E20,0003,male,C57BL/6,1.1.1,FR1,0,Status,21,27,3,0,0,0,,,,,Disabled,24.3,42.0,999.2,15.9,0.000,0.000,247776,339964,181692,1886,4.07,85.63
2026-07-14 15:07:36,9555.237305,B0DB8AF16E20,0003,male,C57BL/6,1.1.1,FR1,0,Left,21,28,3,0,0,0,,,,,,,,,,,,,,,,,
2026-07-14 15:07:44,9562.949219,B0DB8AF16E20,0003,male,C57BL/6,1.1.1,FR1,0,PelletDrop,22,28,3,0,0,0,,,,,,,,,,,,,,,,,
2026-07-14 15:07:45,9564.039062,B0DB8AF16E20,0003,male,C57BL/6,1.1.1,FR1,0,PelletTaken,22,28,3,0,0,0,0.555,61.000,0,3,,,,,,,,,,,,,
2026-07-14 15:08:12,9590.756836,B0DB8AF16E20,0003,male,C57BL/6,1.1.1,FR1,0,Left,22,29,3,0,0,0,,,,,,,,,,,,,,,,,
2026-07-14 15:08:19,9597.993164,B0DB8AF16E20,0003,male,C57BL/6,1.1.1,FR1,0,PelletDrop,23,29,3,0,0,0,,,,,,,,,,,,,,,,,
2026-07-14 15:08:30,9608.619141,B0DB8AF16E20,0003,male,C57BL/6,1.1.1,FR1,0,PelletTaken,23,29,3,0,0,0,10.092,60.000,0,3,,,,,,,,,,,,,
2026-07-14 15:08:55,9633.658203,B0DB8AF16E20,0003,male,C57BL/6,1.1.1,FR1,0,Left,23,30,3,0,0,0,,,,,,,,,,,,,,,,,
2026-07-14 15:09:00,9638.680664,B0DB8AF16E20,0003,male,C57BL/6,1.1.1,FR1,0,PelletDrop,24,30,3,0,0,0,,,,,,,,,,,,,,,,,
2026-07-14 15:09:10,9648.966797,B0DB8AF16E20,0003,male,C57BL/6,1.1.1,FR1,0,PelletTaken,24,30,3,0,0,0,9.751,61.000,0,2,,,,,,,,,,,,,
2026-07-14 15:09:18,9656.660156,B0DB8AF16E20,0003,male,C57BL/6,1.1.1,FR1,0,Status,24,30,3,0,0,0,,,,,Disabled,24.4,42.3,999.1,15.8,0.000,0.000,247776,339964,181692,2010,4.07,85.20
2026-07-14 15:11:48,9807.521484,B0DB8AF16E20,0003,male,C57BL/6,1.1.1,FR1,0,Right,24,30,4,0,0,0,,,,,,,,,,,,,,,,,
2026-07-14 15:11:50,9809.476562,B0DB8AF16E20,0003,male,C57BL/6,1.1.1,FR1,0,Center,24,30,4,1,0,0,,,,,,,,,,,,,,,,,
2026-07-14 15:12:04,9823.039062,B0DB8AF16E20,0003,male,C57BL/6,1.1.1,FR1,0,Left,24,31,4,1,0,0,,,,,,,,,,,,,,,,,
2026-07-14 15:12:09,9828.045898,B0DB8AF16E20,0003,male,C57BL/6,1.1.1,FR1,0,PelletDrop,25,31,4,1,0,0,,,,,,,,,,,,,,,,,
2026-07-14 15:12:20,9839.683594,B0DB8AF16E20,0003,male,C57BL/6,1.1.1,FR1,0,PelletTaken,25,31,4,1,0,0,11.104,21.000,0,2,,,,,,,,,,,,,
2026-07-14 15:14:59,9998.420898,B0DB8AF16E20,0003,male,C57BL/6,1.1.1,FR1,0,Right,25,31,5,1,0,0,,,,,,,,,,,,,,,,,
2026-07-14 15:15:04,10003.616211,B0DB8AF16E20,0003,male,C57BL/6,1.1.1,FR1,0,Right,25,31,6,1,0,0,,,,,,,,,,,,,,,,,
2026-07-14 15:15:06,10005.738281,B0DB8AF16E20,0003,male,C57BL/6,1.1.1,FR1,0,Right,25,31,7,1,0,0,,,,,,,,,,,,,,,,,
2026-07-14 15:15:08,10007.386719,B0DB8AF16E20,0003,male,C57BL/6,1.1.1,FR1,0,Right,25,31,8,1,0,0,,,,,,,,,,,,,,,,,
2026-07-14 15:15:11,10010.679688,B0DB8AF16E20,0003,male,C57BL/6,1.1.1,FR1,0,Center,25,31,8,2,0,0,,,,,,,,,,,,,,,,,
2026-07-14 15:15:13,10012.134766,B0DB8AF16E20,0003,male,C57BL/6,1.1.1,FR1,0,Left,25,32,8,2,0,0,,,,,,,,,,,,,,,,,
2026-07-14 15:15:18,10017.141602,B0DB8AF16E20,0003,male,C57BL/6,1.1.1,FR1,0,PelletDrop,26,32,8,2,0,0,,,,,,,,,,,,,,,,,
2026-07-14 15:15:33,10032.366211,B0DB8AF16E20,0003,male,C57BL/6,1.1.1,FR1,0,PelletTaken,26,32,8,2,0,0,14.690,40.000,0,2,,,,,,,,,,,,,
2026-07-14 15:16:11,10070.233398,B0DB8AF16E20,0003,male,C57BL/6,1.1.1,FR1,0,Left,26,33,8,2,0,0,,,,,,,,,,,,,,,,,
2026-07-14 15:16:16,10075.240234,B0DB8AF16E20,0003,male,C57BL/6,1.1.1,FR1,0,PelletDrop,27,33,8,2,0,0,,,,,,,,,,,,,,,,,
2026-07-14 15:16:28,10087.813477,B0DB8AF16E20,0003,male,C57BL/6,1.1.1,FR1,0,PelletTaken,27,33,8,2,0,0,12.039,109.000,0,2,,,,,,,,,,,,,
2026-07-14 15:19:17,10257.214844,B0DB8AF16E20,0003,male,C57BL/6,1.1.1,FR1,0,Status,27,33,8,2,0,0,,,,,Disabled,24.4,42.3,999.0,15.8,0.000,0.000,247732,339964,181692,2133,4.06,85.20
2026-07-14 15:29:19,10859.701172,B0DB8AF16E20,0003,male,C57BL/6,1.1.1,FR1,0,Status,27,33,8,2,0,0,,,,,Disabled,24.5,42.4,998.9,15.7,0.000,0.000,247732,339964,181692,2263,4.07,85.20
2026-07-14 15:39:21,11462.149414,B0DB8AF16E20,0003,male,C57BL/6,1.1.1,FR1,0,Status,27,33,8,2,0,0,,,,,Disabled,24.5,42.4,998.9,15.6,0.000,0.000,247732,339964,181692,2393,4.06,85.05
2026-07-14 15:49:23,12064.619141,B0DB8AF16E20,0003,male,C57BL/6,1.1.1,FR1,0,Status,27,33,8,2,0,0,,,,,Disabled,24.5,42.6,998.8,15.5,0.000,0.000,247732,339964,181692,2523,4.05,85.05
2026-07-14 15:59:46,12688.973633,B0DB8AF16E20,0003,male,C57BL/6,1.1.1,FR1,0,Status,27,33,8,2,0,0,,,,,Disabled,24.5,42.8,998.7,15.3,0.000,0.000,247732,339964,181692,2658,4.06,84.91
2026-07-14 16:10:19,13322.041016,B0DB8AF16E20,0003,male,C57BL/6,1.1.1,FR1,0,Status,27,33,8,2,0,0,,,,,Disabled,24.4,42.8,998.6,15.2,0.000,0.000,247732,339964,181692,2795,4.07,84.91
2026-07-14 16:20:51,13955.129883,B0DB8AF16E20,0003,male,C57BL/6,1.1.1,FR1,0,Status,27,33,8,2,0,0,,,,,Disabled,24.4,42.8,998.5,15.1,0.000,0.000,247732,339964,181692,2932,4.06,84.77
2026-07-14 16:31:23,14588.233398,B0DB8AF16E20,0003,male,C57BL/6,1.1.1,FR1,0,Status,27,33,8,2,0,0,,,,,Disabled,24.4,42.8,998.3,15.0,0.000,0.000,247732,339964,181692,3069,4.05,84.77
2026-07-14 16:38:34,15018.919922,B0DB8AF16E20,0003,male,C57BL/6,1.1.1,FR1,0,Left,27,34,8,2,0,0,,,,,,,,,,,,,,,,,
2026-07-14 16:38:36,15021.708984,B0DB8AF16E20,0003,male,C57BL/6,1.1.1,FR1,0,PelletDrop,28,34,8,2,0,0,,,,,,,,,,,,,,,,,
2026-07-14 16:38:38,15022.851562,B0DB8AF16E20,0003,male,C57BL/6,1.1.1,FR1,0,PelletNotDetected,28,34,8,2,0,0,,,,,,,,,,,,,,,,,
2026-07-14 16:39:10,15055.555664,B0DB8AF16E20,0003,male,C57BL/6,1.1.1,FR1,0,Left,28,35,8,2,0,0,,,,,,,,,,,,,,,,,
2026-07-14 16:39:13,15058.684570,B0DB8AF16E20,0003,male,C57BL/6,1.1.1,FR1,0,PelletDrop,29,35,8,2,0,0,,,,,,,,,,,,,,,,,
2026-07-14 16:39:14,15059.813477,B0DB8AF16E20,0003,male,C57BL/6,1.1.1,FR1,0,PelletNotDetected,29,35,8,2,0,0,,,,,,,,,,,,,,,,,
2026-07-14 16:39:43,15088.402344,B0DB8AF16E20,0003,male,C57BL/6,1.1.1,FR1,0,Left,29,36,8,2,0,0,,,,,,,,,,,,,,,,,
2026-07-14 16:39:46,15091.180664,B0DB8AF16E20,0003,male,C57BL/6,1.1.1,FR1,0,PelletDrop,30,36,8,2,0,0,,,,,,,,,,,,,,,,,
2026-07-14 16:39:47,15092.308594,B0DB8AF16E20,0003,male,C57BL/6,1.1.1,FR1,0,PelletNotDetected,30,36,8,2,0,0,,,,,,,,,,,,,,,,,
2026-07-14 16:40:11,15115.974609,B0DB8AF16E20,0003,male,C57BL/6,1.1.1,FR1,0,Left,30,37,8,2,0,0,,,,,,,,,,,,,,,,,
2026-07-14 16:40:19,15124.683594,B0DB8AF16E20,0003,male,C57BL/6,1.1.1,FR1,0,PelletDrop,31,37,8,2,0,0,,,,,,,,,,,,,,,,,
2026-07-14 16:40:37,15142.342773,B0DB8AF16E20,0003,male,C57BL/6,1.1.1,FR1,0,PelletTaken,31,37,8,2,0,0,17.109,31.000,0,6,,,,,,,,,,,,,
2026-07-14 16:41:01,15166.151367,B0DB8AF16E20,0003,male,C57BL/6,1.1.1,FR1,0,Left,31,38,8,2,0,0,,,,,,,,,,,,,,,,,
2026-07-14 16:41:06,15171.158203,B0DB8AF16E20,0003,male,C57BL/6,1.1.1,FR1,0,PelletDrop,32,38,8,2,0,0,,,,,,,,,,,,,,,,,
2026-07-14 16:41:19,15184.258789,B0DB8AF16E20,0003,male,C57BL/6,1.1.1,FR1,0,PelletTaken,32,38,8,2,0,0,12.566,21.000,0,2,,,,,,,,,,,,,
2026-07-14 16:41:57,15222.471680,B0DB8AF16E20,0003,male,C57BL/6,1.1.1,FR1,0,Status,32,38,8,2,0,0,,,,,Disabled,24.5,42.3,998.2,14.9,0.000,0.000,247732,339964,181692,3196,4.05,84.62
2026-07-14 16:42:13,15238.752930,B0DB8AF16E20,0003,male,C57BL/6,1.1.1,FR1,0,Right,32,38,9,2,0,0,,,,,,,,,,,,,,,,,
2026-07-14 16:43:52,15338.065430,B0DB8AF16E20,0003,male,C57BL/6,1.1.1,FR1,0,Left,32,39,9,2,0,0,,,,,,,,,,,,,,,,,
2026-07-14 16:43:55,15340.853516,B0DB8AF16E20,0003,male,C57BL/6,1.1.1,FR1,0,PelletDrop,33,39,9,2,0,0,,,,,,,,,,,,,,,,,
2026-07-14 16:43:56,15341.682617,B0DB8AF16E20,0003,male,C57BL/6,1.1.1,FR1,0,PelletTaken,33,39,9,2,0,0,0.280,13.000,0,1,,,,,,,,,,,,,
2026-07-14 16:46:22,15488.022461,B0DB8AF16E20,0003,male,C57BL/6,1.1.1,FR1,0,Left,33,40,9,2,0,0,,,,,,,,,,,,,,,,,
2026-07-14 16:46:28,15493.566406,B0DB8AF16E20,0003,male,C57BL/6,1.1.1,FR1,0,PelletDrop,34,40,9,2,0,0,,,,,,,,,,,,,,,,,
2026-07-14 16:46:39,15505.215820,B0DB8AF16E20,0003,male,C57BL/6,1.1.1,FR1,0,PelletTaken,34,40,9,2,0,0,11.115,119.000,0,2,,,,,,,,,,,,,
2026-07-14 16:47:24,15550.325195,B0DB8AF16E20,0003,male,C57BL/6,1.1.1,FR1,0,Left,34,41,9,2,0,0,,,,,,,,,,,,,,,,,
2026-07-14 16:47:26,15552.017578,B0DB8AF16E20,0003,male,C57BL/6,1.1.1,FR1,0,PelletDrop,35,41,9,2,0,0,,,,,,,,,,,,,,,,,
2026-07-14 16:47:27,15553.144531,B0DB8AF16E20,0003,male,C57BL/6,1.1.1,FR1,0,PelletNotDetected,35,41,9,2,0,0,,,,,,,,,,,,,,,,,
2026-07-14 16:47:57,15583.180664,B0DB8AF16E20,0003,male,C57BL/6,1.1.1,FR1,0,Left,35,42,9,2,0,0,,,,,,,,,,,,,,,,,
2026-07-14 16:48:03,15589.250000,B0DB8AF16E20,0003,male,C57BL/6,1.1.1,FR1,0,PelletDrop,36,42,9,2,0,0,,,,,,,,,,,,,,,,,
2026-07-14 16:48:19,15605.123047,B0DB8AF16E20,0003,male,C57BL/6,1.1.1,FR1,0,PelletTaken,36,42,9,2,0,0,15.339,69.000,0,3,,,,,,,,,,,,,
2026-07-14 16:52:27,15853.259766,B0DB8AF16E20,0003,male,C57BL/6,1.1.1,FR1,0,Status,36,42,9,2,0,0,,,,,Disabled,24.5,42.8,998.2,15.0,0.000,0.000,247732,339964,181692,3324,4.05,84.48
2026-07-14 16:53:28,15914.452148,B0DB8AF16E20,0003,male,C57BL/6,1.1.1,FR1,0,Left,36,43,9,2,0,0,,,,,,,,,,,,,,,,,
2026-07-14 16:53:31,15917.193359,B0DB8AF16E20,0003,male,C57BL/6,1.1.1,FR1,0,PelletDrop,37,43,9,2,0,0,,,,,,,,,,,,,,,,,
2026-07-14 16:53:32,15918.321289,B0DB8AF16E20,0003,male,C57BL/6,1.1.1,FR1,0,PelletNotDetected,37,43,9,2,0,0,,,,,,,,,,,,,,,,,
2026-07-14 16:54:01,15947.625977,B0DB8AF16E20,0003,male,C57BL/6,1.1.1,FR1,0,Left,37,44,9,2,0,0,,,,,,,,,,,,,,,,,
2026-07-14 16:54:06,15952.632812,B0DB8AF16E20,0003,male,C57BL/6,1.1.1,FR1,0,PelletDrop,38,44,9,2,0,0,,,,,,,,,,,,,,,,,
2026-07-14 16:54:18,15964.010742,B0DB8AF16E20,0003,male,C57BL/6,1.1.1,FR1,0,PelletTaken,38,44,9,2,0,0,10.828,21.000,0,3,,,,,,,,,,,,,
2026-07-14 16:56:41,16107.960938,B0DB8AF16E20,0003,male,C57BL/6,1.1.1,FR1,0,Right,38,44,10,2,0,0,,,,,,,,,,,,,,,,,
2026-07-14 16:56:49,16115.264648,B0DB8AF16E20,0003,male,C57BL/6,1.1.1,FR1,0,Left,38,45,10,2,0,0,,,,,,,,,,,,,,,,,
2026-07-14 16:56:54,16120.272461,B0DB8AF16E20,0003,male,C57BL/6,1.1.1,FR1,0,PelletDrop,39,45,10,2,0,0,,,,,,,,,,,,,,,,,
2026-07-14 16:57:08,16134.026367,B0DB8AF16E20,0003,male,C57BL/6,1.1.1,FR1,0,PelletTaken,39,45,10,2,0,0,13.194,31.000,0,2,,,,,,,,,,,,,
2026-07-14 17:03:00,16487.187500,B0DB8AF16E20,0003,male,C57BL/6,1.1.1,FR1,0,Status,39,45,10,2,0,0,,,,,Disabled,24.5,42.9,998.1,15.0,0.000,0.000,247732,339964,181692,3454,4.05,84.34
2026-07-14 17:03:50,16536.652344,B0DB8AF16E20,0003,male,C57BL/6,1.1.1,FR1,0,Left,39,46,10,2,0,0,,,,,,,,,,,,,,,,,
2026-07-14 17:03:53,16539.455078,B0DB8AF16E20,0003,male,C57BL/6,1.1.1,FR1,0,PelletDrop,40,46,10,2,0,0,,,,,,,,,,,,,,,,,
2026-07-14 17:03:54,16540.582031,B0DB8AF16E20,0003,male,C57BL/6,1.1.1,FR1,0,PelletNotDetected,40,46,10,2,0,0,,,,,,,,,,,,,,,,,
2026-07-14 17:04:18,16565.484375,B0DB8AF16E20,0003,male,C57BL/6,1.1.1,FR1,0,Left,40,47,10,2,0,0,,,,,,,,,,,,,,,,,
2026-07-14 17:04:21,16568.224609,B0DB8AF16E20,0003,male,C57BL/6,1.1.1,FR1,0,PelletDrop,41,47,10,2,0,0,,,,,,,,,,,,,,,,,
2026-07-14 17:04:23,16569.896484,B0DB8AF16E20,0003,male,C57BL/6,1.1.1,FR1,0,PelletTaken,41,47,10,2,0,0,1.137,41.000,0,2,,,,,,,,,,,,,
2026-07-14 17:05:01,16607.779297,B0DB8AF16E20,0003,male,C57BL/6,1.1.1,FR1,0,Right,41,47,11,2,0,0,,,,,,,,,,,,,,,,,
2026-07-14 17:05:03,16610.332031,B0DB8AF16E20,0003,male,C57BL/6,1.1.1,FR1,0,Left,41,48,11,2,0,0,,,,,,,,,,,,,,,,,
2026-07-14 17:05:08,16615.339844,B0DB8AF16E20,0003,male,C57BL/6,1.1.1,FR1,0,PelletDrop,42,48,11,2,0,0,,,,,,,,,,,,,,,,,
2026-07-14 17:05:09,16616.462891,B0DB8AF16E20,0003,male,C57BL/6,1.1.1,FR1,0,PelletTaken,42,48,11,2,0,0,0.588,12.000,0,2,,,,,,,,,,,,,
2026-07-14 17:06:40,16706.990234,B0DB8AF16E20,0003,male,C57BL/6,1.1.1,FR1,0,Center,42,48,11,3,0,0,,,,,,,,,,,,,,,,,
2026-07-14 17:06:41,16708.214844,B0DB8AF16E20,0003,male,C57BL/6,1.1.1,FR1,0,Left,42,49,11,3,0,0,,,,,,,,,,,,,,,,,
2026-07-14 17:06:44,16711.013672,B0DB8AF16E20,0003,male,C57BL/6,1.1.1,FR1,0,PelletDrop,43,49,11,3,0,0,,,,,,,,,,,,,,,,,
2026-07-14 17:06:56,16723.398438,B0DB8AF16E20,0003,male,C57BL/6,1.1.1,FR1,0,PelletTaken,43,49,11,3,0,0,11.852,60.000,0,1,,,,,,,,,,,,,
2026-07-14 17:13:33,17120.306641,B0DB8AF16E20,0003,male,C57BL/6,1.1.1,FR1,0,Status,43,49,11,3,0,0,,,,,Disabled,24.6,43.0,998.0,15.1,0.000,0.000,247732,339964,181692,3587,4.04,84.17
2026-07-14 17:13:53,17140.275391,B0DB8AF16E20,0003,male,C57BL/6,1.1.1,FR1,0,Left,43,50,11,3,0,0,,,,,,,,,,,,,,,,,
2026-07-14 17:14:00,17147.501953,B0DB8AF16E20,0003,male,C57BL/6,1.1.1,FR1,0,PelletDrop,44,50,11,3,0,0,,,,,,,,,,,,,,,,,
2026-07-14 17:14:18,17165.468750,B0DB8AF16E20,0003,male,C57BL/6,1.1.1,FR1,0,PelletTaken,44,50,11,3,0,0,17.418,51.000,0,3,,,,,,,,,,,,,
2026-07-14 17:24:06,17754.816406,B0DB8AF16E20,0003,male,C57BL/6,1.1.1,FR1,0,Status,44,50,11,3,0,0,,,,,Disabled,24.6,43.0,998.0,15.2,0.000,0.000,247732,339964,181692,3719,4.06,84.17
2026-07-14 17:34:39,18387.904297,B0DB8AF16E20,0003,male,C57BL/6,1.1.1,FR1,0,Status,44,50,11,3,0,0,,,,,Disabled,24.6,42.9,997.9,15.2,0.000,0.000,247732,339964,181692,3856,4.06,84.01
2026-07-14 17:45:11,19020.972656,B0DB8AF16E20,0003,male,C57BL/6,1.1.1,FR1,0,Status,44,50,11,3,0,0,,,,,Disabled,24.5,42.9,997.8,15.3,0.000,0.000,247732,339964,181692,3993,4.04,84.01
2026-07-14 17:55:44,19654.076172,B0DB8AF16E20,0003,male,C57BL/6,1.1.1,FR1,0,Status,44,50,11,3,0,0,,,,,Disabled,24.5,42.9,997.7,15.3,0.000,0.000,247732,339964,181692,4130,4.04,83.85
2026-07-14 17:57:05,19735.650391,B0DB8AF16E20,0003,male,C57BL/6,1.1.1,FR1,0,Left,44,51,11,3,0,0,,,,,,,,,,,,,,,,,
2026-07-14 17:57:08,19738.439453,B0DB8AF16E20,0003,male,C57BL/6,1.1.1,FR1,0,PelletDrop,45,51,11,3,0,0,,,,,,,,,,,,,,,,,
2026-07-14 17:57:09,19739.445312,B0DB8AF16E20,0003,male,C57BL/6,1.1.1,FR1,0,PelletTaken,45,51,11,3,0,0,0.455,70.000,0,1,,,,,,,,,,,,,
2026-07-14 17:57:47,19777.390625,B0DB8AF16E20,0003,male,C57BL/6,1.1.1,FR1,0,Left,45,52,11,3,0,0,,,,,,,,,,,,,,,,,
2026-07-14 17:57:52,19782.398438,B0DB8AF16E20,0003,male,C57BL/6,1.1.1,FR1,0,PelletDrop,46,52,11,3,0,0,,,,,,,,,,,,,,,,,
2026-07-14 17:58:08,19798.765625,B0DB8AF16E20,0003,male,C57BL/6,1.1.1,FR1,0,PelletTaken,46,52,11,3,0,0,15.833,41.000,0,2,,,,,,,,,,,,,
2026-07-14 17:58:55,19845.296875,B0DB8AF16E20,0003,male,C57BL/6,1.1.1,FR1,0,Left,46,53,11,3,0,0,,,,,,,,,,,,,,,,,
2026-07-14 17:59:00,19850.302734,B0DB8AF16E20,0003,male,C57BL/6,1.1.1,FR1,0,PelletDrop,47,53,11,3,0,0,,,,,,,,,,,,,,,,,
2026-07-14 17:59:13,19864.185547,B0DB8AF16E20,0003,male,C57BL/6,1.1.1,FR1,0,PelletTaken,47,53,11,3,0,0,13.348,32.000,0,2,,,,,,,,,,,,,
2026-07-14 18:06:16,20287.312500,B0DB8AF16E20,0003,male,C57BL/6,1.1.1,FR1,0,Status,47,53,11,3,0,0,,,,,Disabled,24.6,42.8,997.6,15.3,0.000,0.000,247732,339964,181692,4259,4.04,83.68
2026-07-14 18:16:48,20920.394531,B0DB8AF16E20,0003,male,C57BL/6,1.1.1,FR1,0,Status,47,53,11,3,0,0,,,,,Disabled,24.6,42.9,997.5,15.4,0.000,0.000,247732,339964,181692,4396,4.04,83.52
2026-07-14 18:27:21,21553.484375,B0DB8AF16E20,0003,male,C57BL/6,1.1.1,FR1,0,Status,47,53,11,3,0,0,,,,,Disabled,24.6,42.9,997.5,15.5,0.000,0.000,247732,339964,181692,4533,4.04,83.52
2026-07-14 18:37:53,22186.572266,B0DB8AF16E20,0003,male,C57BL/6,1.1.1,FR1,0,Status,47,53,11,3,0,0,,,,,Disabled,24.5,42.9,997.4,15.5,0.000,0.000,247732,339964,181692,4670,4.05,83.36
2026-07-14 18:48:26,22819.677734,B0DB8AF16E20,0003,male,C57BL/6,1.1.1,FR1,0,Status,47,53,11,3,0,0,,,,,Disabled,24.5,42.8,997.4,15.6,0.000,0.000,247732,339964,181692,4807,4.05,83.36
2026-07-14 18:54:57,23211.675781,B0DB8AF16E20,0003,male,C57BL/6,1.1.1,FR1,0,Left,47,54,11,3,0,0,,,,,,,,,,,,,,,,,
2026-07-14 18:55:03,23217.169922,B0DB8AF16E20,0003,male,C57BL/6,1.1.1,FR1,0,PelletDrop,48,54,11,3,0,0,,,,,,,,,,,,,,,,,
2026-07-14 18:55:17,23231.980469,B0DB8AF16E20,0003,male,C57BL/6,1.1.1,FR1,0,PelletTaken,48,54,11,3,0,0,14.261,22.000,0,2,,,,,,,,,,,,,
2026-07-14 18:56:26,23300.355469,B0DB8AF16E20,0003,male,C57BL/6,1.1.1,FR1,0,Left,48,55,11,3,0,0,,,,,,,,,,,,,,,,,
2026-07-14 18:56:31,23305.363281,B0DB8AF16E20,0003,male,C57BL/6,1.1.1,FR1,0,PelletDrop,49,55,11,3,0,0,,,,,,,,,,,,,,,,,
2026-07-14 18:56:45,23319.277344,B0DB8AF16E20,0003,male,C57BL/6,1.1.1,FR1,0,PelletTaken,49,55,11,3,0,0,13.380,41.000,0,2,,,,,,,,,,,,,
2026-07-14 18:57:31,23365.925781,B0DB8AF16E20,0003,male,C57BL/6,1.1.1,FR1,0,Left,49,56,11,3,0,0,,,,,,,,,,,,,,,,,
2026-07-14 18:57:34,23368.667969,B0DB8AF16E20,0003,male,C57BL/6,1.1.1,FR1,0,PelletDrop,50,56,11,3,0,0,,,,,,,,,,,,,,,,,
2026-07-14 18:57:37,23372.011719,B0DB8AF16E20,0003,male,C57BL/6,1.1.1,FR1,0,PelletTaken,50,56,11,3,0,0,2.810,23.000,0,1,,,,,,,,,,,,,
2026-07-14 18:58:02,23397.117188,B0DB8AF16E20,0003,male,C57BL/6,1.1.1,FR1,0,Left,50,57,11,3,0,0,,,,,,,,,,,,,,,,,
2026-07-14 18:58:07,23402.140625,B0DB8AF16E20,0003,male,C57BL/6,1.1.1,FR1,0,PelletDrop,51,57,11,3,0,0,,,,,,,,,,,,,,,,,
2026-07-14 18:58:08,23403.267578,B0DB8AF16E20,0003,male,C57BL/6,1.1.1,FR1,0,PelletNotDetected,51,57,11,3,0,0,,,,,,,,,,,,,,,,,
2026-07-14 18:58:55,23450.191406,B0DB8AF16E20,0003,male,C57BL/6,1.1.1,FR1,0,Status,51,57,11,3,0,0,,,,,Disabled,24.6,42.2,997.4,15.6,0.000,0.000,247732,339964,181692,4933,4.04,83.20
2026-07-14 18:59:37,23491.908203,B0DB8AF16E20,0003,male,C57BL/6,1.1.1,FR1,0,Right,51,57,12,3,0,0,,,,,,,,,,,,,,,,,
2026-07-14 18:59:38,23493.238281,B0DB8AF16E20,0003,male,C57BL/6,1.1.1,FR1,0,Right,51,57,13,3,0,0,,,,,,,,,,,,,,,,,
2026-07-14 18:59:41,23496.232422,B0DB8AF16E20,0003,male,C57BL/6,1.1.1,FR1,0,Left,51,58,13,3,0,0,,,,,,,,,,,,,,,,,
2026-07-14 18:59:48,23503.162109,B0DB8AF16E20,0003,male,C57BL/6,1.1.1,FR1,0,PelletDrop,52,58,13,3,0,0,,,,,,,,,,,,,,,,,
2026-07-14 19:00:01,23516.285156,B0DB8AF16E20,0003,male,C57BL/6,1.1.1,FR1,0,PelletTaken,52,58,13,3,0,0,12.589,119.000,0,4,,,,,,,,,,,,,
2026-07-14 19:03:03,23698.205078,B0DB8AF16E20,0003,male,C57BL/6,1.1.1,FR1,0,Left,52,59,13,3,0,0,,,,,,,,,,,,,,,,,
2026-07-14 19:03:15,23709.619141,B0DB8AF16E20,0003,male,C57BL/6,1.1.1,FR1,0,PelletDrop,53,59,13,3,0,0,,,,,,,,,,,,,,,,,
2026-07-14 19:03:24,23719.123047,B0DB8AF16E20,0003,male,C57BL/6,1.1.1,FR1,0,PelletTaken,53,59,13,3,0,0,8.970,31.000,0,4,,,,,,,,,,,,,
2026-07-14 19:09:26,24081.035156,B0DB8AF16E20,0003,male,C57BL/6,1.1.1,FR1,0,Status,53,59,13,3,0,0,,,,,Disabled,24.7,42.8,997.4,15.5,0.000,0.000,247732,339964,181692,5063,4.05,83.03
2026-07-14 19:17:13,24548.845703,B0DB8AF16E20,0003,male,C57BL/6,1.1.1,FR1,0,Left,53,60,13,3,0,0,,,,,,,,,,,,,,,,,
2026-07-14 19:17:17,24552.658203,B0DB8AF16E20,0003,male,C57BL/6,1.1.1,FR1,0,PelletDrop,54,60,13,3,0,0,,,,,,,,,,,,,,,,,
2026-07-14 19:17:18,24553.847656,B0DB8AF16E20,0003,male,C57BL/6,1.1.1,FR1,0,PelletTaken,54,60,13,3,0,0,0.654,21.000,0,1,,,,,,,,,,,,,
2026-07-14 19:19:58,24714.500000,B0DB8AF16E20,0003,male,C57BL/6,1.1.1,FR1,0,Status,54,60,13,3,0,0,,,,,Disabled,24.7,43.3,997.4,15.2,0.000,0.000,247732,339964,181692,5199,4.03,82.87
2026-07-14 19:23:09,24904.988281,B0DB8AF16E20,0003,male,C57BL/6,1.1.1,FR1,0,Left,54,61,13,3,0,0,,,,,,,,,,,,,,,,,
2026-07-14 19:23:16,24912.214844,B0DB8AF16E20,0003,male,C57BL/6,1.1.1,FR1,0,PelletDrop,55,61,13,3,0,0,,,,,,,,,,,,,,,,,
2026-07-14 19:23:25,24921.289062,B0DB8AF16E20,0003,male,C57BL/6,1.1.1,FR1,0,PelletTaken,55,61,13,3,0,0,8.541,99.000,0,3,,,,,,,,,,,,,
2026-07-14 19:24:02,24958.185547,B0DB8AF16E20,0003,male,C57BL/6,1.1.1,FR1,0,Left,55,62,13,3,0,0,,,,,,,,,,,,,,,,,
2026-07-14 19:24:07,24963.191406,B0DB8AF16E20,0003,male,C57BL/6,1.1.1,FR1,0,PelletDrop,56,62,13,3,0,0,,,,,,,,,,,,,,,,,
2026-07-14 19:24:16,24972.322266,B0DB8AF16E20,0003,male,C57BL/6,1.1.1,FR1,0,PelletTaken,56,62,13,3,0,0,8.596,42.000,0,2,,,,,,,,,,,,,
2026-07-14 19:24:49,25005.109375,B0DB8AF16E20,0003,male,C57BL/6,1.1.1,FR1,0,Left,56,63,13,3,0,0,,,,,,,,,,,,,,,,,
2026-07-14 19:24:54,25010.144531,B0DB8AF16E20,0003,male,C57BL/6,1.1.1,FR1,0,PelletDrop,57,63,13,3,0,0,,,,,,,,,,,,,,,,,
2026-07-14 19:25:04,25020.837891,B0DB8AF16E20,0003,male,C57BL/6,1.1.1,FR1,0,PelletTaken,57,63,13,3,0,0,10.158,31.000,0,2,,,,,,,,,,,,,
2026-07-14 19:25:37,25053.156250,B0DB8AF16E20,0003,male,C57BL/6,1.1.1,FR1,0,Left,57,64,13,3,0,0,,,,,,,,,,,,,,,,,
2026-07-14 19:25:42,25058.164062,B0DB8AF16E20,0003,male,C57BL/6,1.1.1,FR1,0,PelletDrop,58,64,13,3,0,0,,,,,,,,,,,,,,,,,
2026-07-14 19:25:53,25069.531250,B0DB8AF16E20,0003,male,C57BL/6,1.1.1,FR1,0,PelletTaken,58,64,13,3,0,0,10.818,90.000,0,2,,,,,,,,,,,,,
2026-07-14 19:26:21,25097.787109,B0DB8AF16E20,0003,male,C57BL/6,1.1.1,FR1,0,Left,58,65,13,3,0,0,,,,,,,,,,,,,,,,,
2026-07-14 19:26:24,25100.576172,B0DB8AF16E20,0003,male,C57BL/6,1.1.1,FR1,0,PelletDrop,59,65,13,3,0,0,,,,,,,,,,,,,,,,,
2026-07-14 19:26:25,25101.236328,B0DB8AF16E20,0003,male,C57BL/6,1.1.1,FR1,0,PelletTaken,59,65,13,3,0,0,0.126,42.000,0,1,,,,,,,,,,,,,
2026-07-14 19:30:28,25345.035156,B0DB8AF16E20,0003,male,C57BL/6,1.1.1,FR1,0,Status,59,65,13,3,0,0,,,,,Disabled,24.8,42.7,997.3,15.1,0.000,0.000,247732,339964,181692,5324,4.03,82.70
2026-07-14 19:41:01,25978.123047,B0DB8AF16E20,0003,male,C57BL/6,1.1.1,FR1,0,Status,59,65,13,3,0,0,,,,,Disabled,24.8,42.8,997.4,15.2,0.000,0.000,247732,339964,181692,5461,4.03,82.54
2026-07-14 19:44:43,26201.062500,B0DB8AF16E20,0003,male,C57BL/6,1.1.1,FR1,0,Left,59,66,13,3,0,0,,,,,,,,,,,,,,,,,
2026-07-14 19:44:48,26206.070312,B0DB8AF16E20,0003,male,C57BL/6,1.1.1,FR1,0,PelletDrop,60,66,13,3,0,0,,,,,,,,,,,,,,,,,
2026-07-14 19:45:00,26217.972656,B0DB8AF16E20,0003,male,C57BL/6,1.1.1,FR1,0,PelletTaken,60,66,13,3,0,0,11.291,61.000,0,2,,,,,,,,,,,,,
2026-07-14 19:45:42,26259.865234,B0DB8AF16E20,0003,male,C57BL/6,1.1.1,FR1,0,Left,60,67,13,3,0,0,,,,,,,,,,,,,,,,,
2026-07-14 19:45:47,26264.894531,B0DB8AF16E20,0003,male,C57BL/6,1.1.1,FR1,0,PelletDrop,61,67,13,3,0,0,,,,,,,,,,,,,,,,,
2026-07-14 19:46:02,26279.998047,B0DB8AF16E20,0003,male,C57BL/6,1.1.1,FR1,0,PelletTaken,61,67,13,3,0,0,14.546,81.000,0,2,,,,,,,,,,,,,
2026-07-14 19:51:33,26611.296875,B0DB8AF16E20,0003,male,C57BL/6,1.1.1,FR1,0,Status,61,67,13,3,0,0,,,,,Disabled,24.8,42.8,997.4,15.2,0.000,0.000,247732,339964,181692,5591,4.03,82.54
2026-07-14 19:56:23,26901.693359,B0DB8AF16E20,0003,male,C57BL/6,1.1.1,FR1,0,Left,61,68,13,3,0,0,,,,,,,,,,,,,,,,,
2026-07-14 19:56:28,26906.724609,B0DB8AF16E20,0003,male,C57BL/6,1.1.1,FR1,0,PelletDrop,62,68,13,3,0,0,,,,,,,,,,,,,,,,,
2026-07-14 19:56:43,26921.810547,B0DB8AF16E20,0003,male,C57BL/6,1.1.1,FR1,0,PelletTaken,62,68,13,3,0,0,14.513,70.000,0,2,,,,,,,,,,,,,
2026-07-14 20:02:05,27244.353516,B0DB8AF16E20,0003,male,C57BL/6,1.1.1,FR1,0,Status,62,68,13,3,0,0,,,,,Disabled,24.9,42.8,997.5,15.3,0.000,0.000,247732,339964,181692,5724,4.03,82.38
2026-07-14 20:03:41,27340.132812,B0DB8AF16E20,0003,male,C57BL/6,1.1.1,FR1,0,Right,62,68,14,3,0,0,,,,,,,,,,,,,,,,,
2026-07-14 20:12:37,27877.011719,B0DB8AF16E20,0003,male,C57BL/6,1.1.1,FR1,0,Status,62,68,14,3,0,0,,,,,Disabled,24.9,42.7,997.5,15.3,0.000,0.000,247732,339964,181692,5861,4.05,82.38
2026-07-14 20:23:10,28510.117188,B0DB8AF16E20,0003,male,C57BL/6,1.1.1,FR1,0,Status,62,68,14,3,0,0,,,,,Disabled,24.9,42.7,997.6,15.3,0.000,0.000,247732,339964,181692,5998,4.05,82.21
2026-07-14 20:23:16,28516.347656,B0DB8AF16E20,0003,male,C57BL/6,1.1.1,FR1,0,Left,62,69,14,3,0,0,,,,,,,,,,,,,,,,,
2026-07-14 20:23:19,28519.158203,B0DB8AF16E20,0003,male,C57BL/6,1.1.1,FR1,0,PelletDrop,63,69,14,3,0,0,,,,,,,,,,,,,,,,,
2026-07-14 20:23:20,28520.335938,B0DB8AF16E20,0003,male,C57BL/6,1.1.1,FR1,0,PelletNotDetected,63,69,14,3,0,0,,,,,,,,,,,,,,,,,
2026-07-14 20:24:18,28578.652344,B0DB8AF16E20,0003,male,C57BL/6,1.1.1,FR1,0,Right,63,69,15,3,0,0,,,,,,,,,,,,,,,,,
2026-07-14 20:24:24,28584.324219,B0DB8AF16E20,0003,male,C57BL/6,1.1.1,FR1,0,Left,63,70,15,3,0,0,,,,,,,,,,,,,,,,,
2026-07-14 20:24:29,28589.306641,B0DB8AF16E20,0003,male,C57BL/6,1.1.1,FR1,0,PelletDrop,64,70,15,3,0,0,,,,,,,,,,,,,,,,,
2026-07-14 20:24:41,28601.433594,B0DB8AF16E20,0003,male,C57BL/6,1.1.1,FR1,0,PelletTaken,64,70,15,3,0,0,11.554,21.000,0,3,,,,,,,,,,,,,
2026-07-14 20:25:14,28635.082031,B0DB8AF16E20,0003,male,C57BL/6,1.1.1,FR1,0,Right,64,70,16,3,0,0,,,,,,,,,,,,,,,,,
2026-07-14 20:25:42,28662.662109,B0DB8AF16E20,0003,male,C57BL/6,1.1.1,FR1,0,Right,64,70,17,3,0,0,,,,,,,,,,,,,,,,,
2026-07-14 20:33:41,29142.656250,B0DB8AF16E20,0003,male,C57BL/6,1.1.1,FR1,0,Status,64,70,17,3,0,0,,,,,Disabled,24.9,42.7,997.7,15.3,0.000,0.000,247732,339964,181692,6133,4.04,82.05
2026-07-14 20:44:14,29775.781250,B0DB8AF16E20,0003,male,C57BL/6,1.1.1,FR1,0,Status,64,70,17,3,0,0,,,,,Disabled,24.9,42.7,997.7,15.3,0.000,0.000,247732,339964,181692,6270,4.03,82.05
2026-07-14 20:54:46,30408.894531,B0DB8AF16E20,0003,male,C57BL/6,1.1.1,FR1,0,Status,64,70,17,3,0,0,,,,,Disabled,24.9,42.6,997.8,15.4,0.000,0.000,247732,339964,181692,6407,4.03,81.89
2026-07-14 21:05:19,31041.984375,B0DB8AF16E20,0003,male,C57BL/6,1.1.1,FR1,0,Status,64,70,17,3,0,0,,,,,Disabled,24.9,42.5,997.9,15.6,0.000,0.000,247732,339964,181692,6544,4.03,81.89
2026-07-14 21:05:52,31075.384766,B0DB8AF16E20,0003,male,C57BL/6,1.1.1,FR1,0,Left,64,71,17,3,0,0,,,,,,,,,,,,,,,,,
2026-07-14 21:06:03,31086.822266,B0DB8AF16E20,0003,male,C57BL/6,1.1.1,FR1,0,PelletDrop,65,71,17,3,0,0,,,,,,,,,,,,,,,,,
2026-07-14 21:06:16,31099.132812,B0DB8AF16E20,0003,male,C57BL/6,1.1.1,FR1,0,PelletTaken,65,71,17,3,0,0,11.753,61.000,0,4,,,,,,,,,,,,,
2026-07-14 21:07:25,31168.128906,B0DB8AF16E20,0003,male,C57BL/6,1.1.1,FR1,0,Left,65,72,17,3,0,0,,,,,,,,,,,,,,,,,
2026-07-14 21:07:32,31175.392578,B0DB8AF16E20,0003,male,C57BL/6,1.1.1,FR1,0,PelletDrop,66,72,17,3,0,0,,,,,,,,,,,,,,,,,
2026-07-14 21:07:47,31190.925781,B0DB8AF16E20,0003,male,C57BL/6,1.1.1,FR1,0,PelletTaken,66,72,17,3,0,0,14.976,71.000,0,3,,,,,,,,,,,,,
2026-07-14 21:08:51,31255.087891,B0DB8AF16E20,0003,male,C57BL/6,1.1.1,FR1,0,Left,66,73,17,3,0,0,,,,,,,,,,,,,,,,,
2026-07-14 21:08:56,31260.117188,B0DB8AF16E20,0003,male,C57BL/6,1.1.1,FR1,0,PelletDrop,67,73,17,3,0,0,,,,,,,,,,,,,,,,,
2026-07-14 21:09:14,31277.800781,B0DB8AF16E20,0003,male,C57BL/6,1.1.1,FR1,0,PelletTaken,67,73,17,3,0,0,17.109,31.000,0,2,,,,,,,,,,,,,
2026-07-14 21:15:51,31674.726562,B0DB8AF16E20,0003,male,C57BL/6,1.1.1,FR1,0,Status,67,73,17,3,0,0,,,,,Disabled,24.9,42.3,998.0,15.5,0.000,0.000,247732,339964,181692,6667,4.03,81.73
2026-07-14 21:17:50,31794.505859,B0DB8AF16E20,0003,male,C57BL/6,1.1.1,FR1,0,Left,67,74,17,3,0,0,,,,,,,,,,,,,,,,,
2026-07-14 21:17:55,31799.535156,B0DB8AF16E20,0003,male,C57BL/6,1.1.1,FR1,0,PelletDrop,68,74,17,3,0,0,,,,,,,,,,,,,,,,,
2026-07-14 21:18:16,31820.099609,B0DB8AF16E20,0003,male,C57BL/6,1.1.1,FR1,0,PelletTaken,68,74,17,3,0,0,TimedOut,50.000,0,2,,,,,,,,,,,,,
2026-07-14 21:19:34,31897.974609,B0DB8AF16E20,0003,male,C57BL/6,1.1.1,FR1,0,Left,68,75,17,3,0,0,,,,,,,,,,,,,,,,,
2026-07-14 21:19:39,31903.015625,B0DB8AF16E20,0003,male,C57BL/6,1.1.1,FR1,0,PelletDrop,69,75,17,3,0,0,,,,,,,,,,,,,,,,,
2026-07-14 21:19:55,31919.439453,B0DB8AF16E20,0003,male,C57BL/6,1.1.1,FR1,0,PelletTaken,69,75,17,3,0,0,15.867,12.000,0,2,,,,,,,,,,,,,
2026-07-14 21:26:23,32307.589844,B0DB8AF16E20,0003,male,C57BL/6,1.1.1,FR1,0,Status,69,75,17,3,0,0,,,,,Disabled,24.9,42.2,998.0,15.5,0.000,0.000,247732,339964,181692,6794,4.03,81.56
2026-07-14 21:36:55,32940.703125,B0DB8AF16E20,0003,male,C57BL/6,1.1.1,FR1,0,Status,69,75,17,3,0,0,,,,,Disabled,24.9,42.2,998.2,15.6,0.000,0.000,247732,339964,181692,6931,4.04,81.56
2026-07-14 21:47:28,33573.812500,B0DB8AF16E20,0003,male,C57BL/6,1.1.1,FR1,0,Status,69,75,17,3,0,0,,,,,Disabled,24.9,42.2,998.2,15.5,0.000,0.000,247732,339964,181692,7068,4.04,81.40
2026-07-14 21:58:00,34206.941406,B0DB8AF16E20,0003,male,C57BL/6,1.1.1,FR1,0,Status,69,75,17,3,0,0,,,,,Disabled,24.9,42.1,998.3,15.7,0.000,0.000,247732,339964,181692,7205,4.02,81.40
2026-07-14 22:08:32,34840.031250,B0DB8AF16E20,0003,male,C57BL/6,1.1.1,FR1,0,Status,69,75,17,3,0,0,,,,,Disabled,24.9,42.1,998.4,15.6,0.000,0.000,247732,339964,181692,7342,4.02,81.24
2026-07-14 22:10:49,34976.726562,B0DB8AF16E20,0003,male,C57BL/6,1.1.1,FR1,0,Left,69,76,17,3,0,0,,,,,,,,,,,,,,,,,
2026-07-14 22:10:52,34979.699219,B0DB8AF16E20,0003,male,C57BL/6,1.1.1,FR1,0,PelletDrop,70,76,17,3,0,0,,,,,,,,,,,,,,,,,
2026-07-14 22:10:53,34980.851562,B0DB8AF16E20,0003,male,C57BL/6,1.1.1,FR1,0,PelletNotDetected,70,76,17,3,0,0,,,,,,,,,,,,,,,,,
2026-07-14 22:11:32,35019.960938,B0DB8AF16E20,0003,male,C57BL/6,1.1.1,FR1,0,Left,70,77,17,3,0,0,,,,,,,,,,,,,,,,,
2026-07-14 22:11:37,35024.792969,B0DB8AF16E20,0003,male,C57BL/6,1.1.1,FR1,0,PelletDrop,71,77,17,3,0,0,,,,,,,,,,,,,,,,,
2026-07-14 22:11:53,35041.363281,B0DB8AF16E20,0003,male,C57BL/6,1.1.1,FR1,0,PelletTaken,71,77,17,3,0,0,15.998,69.000,0,3,,,,,,,,,,,,,
2026-07-14 22:16:36,35324.796875,B0DB8AF16E20,0003,male,C57BL/6,1.1.1,FR1,0,Left,71,78,17,3,0,0,,,,,,,,,,,,,,,,,
2026-07-14 22:16:42,35330.265625,B0DB8AF16E20,0003,male,C57BL/6,1.1.1,FR1,0,PelletDrop,72,78,17,3,0,0,,,,,,,,,,,,,,,,,
2026-07-14 22:16:57,35345.082031,B0DB8AF16E20,0003,male,C57BL/6,1.1.1,FR1,0,PelletTaken,72,78,17,3,0,0,14.261,129.000,0,2,,,,,,,,,,,,,
2026-07-14 22:19:02,35470.781250,B0DB8AF16E20,0003,male,C57BL/6,1.1.1,FR1,0,Status,72,78,17,3,0,0,,,,,Disabled,24.9,41.8,998.5,15.7,0.000,0.000,247732,339964,181692,7470,4.02,81.07
2026-07-14 22:25:20,35848.937500,B0DB8AF16E20,0003,male,C57BL/6,1.1.1,FR1,0,Right,72,78,18,3,0,0,,,,,,,,,,,,,,,,,
2026-07-14 22:28:19,36027.828125,B0DB8AF16E20,0003,male,C57BL/6,1.1.1,FR1,0,Left,72,79,18,3,0,0,,,,,,,,,,,,,,,,,
2026-07-14 22:28:22,36030.640625,B0DB8AF16E20,0003,male,C57BL/6,1.1.1,FR1,0,PelletDrop,73,79,18,3,0,0,,,,,,,,,,,,,,,,,
2026-07-14 22:28:23,36031.781250,B0DB8AF16E20,0003,male,C57BL/6,1.1.1,FR1,0,PelletNotDetected,73,79,18,3,0,0,,,,,,,,,,,,,,,,,
2026-07-14 22:29:36,36104.996094,B0DB8AF16E20,0003,male,C57BL/6,1.1.1,FR1,0,Status,73,79,18,3,0,0,,,,,Disabled,25.0,42.1,998.5,15.5,0.000,0.000,247732,339964,181692,7607,4.01,80.91
2026-07-14 22:36:29,36518.941406,B0DB8AF16E20,0003,male,C57BL/6,1.1.1,FR1,0,Right,73,79,19,3,0,0,,,,,,,,,,,,,,,,,
2026-07-14 22:40:07,36736.718750,B0DB8AF16E20,0003,male,C57BL/6,1.1.1,FR1,0,Status,73,79,19,3,0,0,,,,,Disabled,25.0,42.4,998.5,15.5,0.000,0.000,247732,339964,181692,7746,4.02,80.91
2026-07-14 22:41:01,36790.675781,B0DB8AF16E20,0003,male,C57BL/6,1.1.1,FR1,0,Right,73,79,20,3,0,0,,,,,,,,,,,,,,,,,
2026-07-14 22:41:03,36792.906250,B0DB8AF16E20,0003,male,C57BL/6,1.1.1,FR1,0,Left,73,80,20,3,0,0,,,,,,,,,,,,,,,,,
2026-07-14 22:41:12,36802.078125,B0DB8AF16E20,0003,male,C57BL/6,1.1.1,FR1,0,PelletDrop,74,80,20,3,0,0,,,,,,,,,,,,,,,,,
2026-07-14 22:41:22,36811.839844,B0DB8AF16E20,0003,male,C57BL/6,1.1.1,FR1,0,PelletTaken,74,80,20,3,0,0,9.189,40.000,0,4,,,,,,,,,,,,,
2026-07-14 22:41:59,36848.867188,B0DB8AF16E20,0003,male,C57BL/6,1.1.1,FR1,0,Left,74,81,20,3,0,0,,,,,,,,,,,,,,,,,
2026-07-14 22:42:04,36853.851562,B0DB8AF16E20,0003,male,C57BL/6,1.1.1,FR1,0,PelletDrop,75,81,20,3,0,0,,,,,,,,,,,,,,,,,
2026-07-14 22:42:05,36855.000000,B0DB8AF16E20,0003,male,C57BL/6,1.1.1,FR1,0,PelletNotDetected,75,81,20,3,0,0,,,,,,,,,,,,,,,,,
2026-07-14 22:42:25,36874.722656,B0DB8AF16E20,0003,male,C57BL/6,1.1.1,FR1,0,Right,75,81,21,3,0,0,,,,,,,,,,,,,,,,,
2026-07-14 22:42:29,36878.566406,B0DB8AF16E20,0003,male,C57BL/6,1.1.1,FR1,0,Left,75,82,21,3,0,0,,,,,,,,,,,,,,,,,
2026-07-14 22:42:30,36880.234375,B0DB8AF16E20,0003,male,C57BL/6,1.1.1,FR1,0,PelletDrop,76,82,21,3,0,0,,,,,,,,,,,,,,,,,
2026-07-14 22:42:31,36881.382812,B0DB8AF16E20,0003,male,C57BL/6,1.1.1,FR1,0,PelletNotDetected,76,82,21,3,0,0,,,,,,,,,,,,,,,,,
2026-07-14 22:42:55,36905.140625,B0DB8AF16E20,0003,male,C57BL/6,1.1.1,FR1,0,Left,76,83,21,3,0,0,,,,,,,,,,,,,,,,,
2026-07-14 22:43:04,36914.113281,B0DB8AF16E20,0003,male,C57BL/6,1.1.1,FR1,0,PelletDrop,77,83,21,3,0,0,,,,,,,,,,,,,,,,,
2026-07-14 22:43:14,36924.464844,B0DB8AF16E20,0003,male,C57BL/6,1.1.1,FR1,0,PelletTaken,77,83,21,3,0,0,9.795,31.000,0,5,,,,,,,,,,,,,
2026-07-14 22:43:40,36950.148438,B0DB8AF16E20,0003,male,C57BL/6,1.1.1,FR1,0,Left,77,84,21,3,0,0,,,,,,,,,,,,,,,,,
2026-07-14 22:43:45,36955.191406,B0DB8AF16E20,0003,male,C57BL/6,1.1.1,FR1,0,PelletDrop,78,84,21,3,0,0,,,,,,,,,,,,,,,,,
2026-07-14 22:43:59,36969.218750,B0DB8AF16E20,0003,male,C57BL/6,1.1.1,FR1,0,PelletTaken,78,84,21,3,0,0,13.470,42.000,0,2,,,,,,,,,,,,,
2026-07-14 22:50:40,37370.519531,B0DB8AF16E20,0003,male,C57BL/6,1.1.1,FR1,0,Status,78,84,21,3,0,0,,,,,Disabled,25.0,42.2,998.5,15.5,0.000,0.000,247732,339964,181692,7871,4.02,80.59
2026-07-14 22:52:38,37488.410156,B0DB8AF16E20,0003,male,C57BL/6,1.1.1,FR1,0,Right,78,84,22,3,0,0,,,,,,,,,,,,,,,,,
2026-07-14 22:52:55,37505.414062,B0DB8AF16E20,0003,male,C57BL/6,1.1.1,FR1,0,Left,78,85,22,3,0,0,,,,,,,,,,,,,,,,,
2026-07-14 22:53:00,37510.445312,B0DB8AF16E20,0003,male,C57BL/6,1.1.1,FR1,0,PelletDrop,79,85,22,3,0,0,,,,,,,,,,,,,,,,,
2026-07-14 22:53:11,37521.894531,B0DB8AF16E20,0003,male,C57BL/6,1.1.1,FR1,0,PelletTaken,79,85,22,3,0,0,10.894,41.000,0,2,,,,,,,,,,,,,
2026-07-14 22:59:11,37881.742188,B0DB8AF16E20,0003,male,C57BL/6,1.1.1,FR1,0,Left,79,86,22,3,0,0,,,,,,,,,,,,,,,,,
2026-07-14 22:59:16,37886.785156,B0DB8AF16E20,0003,male,C57BL/6,1.1.1,FR1,0,PelletDrop,80,86,22,3,0,0,,,,,,,,,,,,,,,,,
2026-07-14 22:59:28,37898.667969,B0DB8AF16E20,0003,male,C57BL/6,1.1.1,FR1,0,PelletTaken,80,86,22,3,0,0,11.324,62.000,0,2,,,,,,,,,,,,,
2026-07-14 23:00:06,37937.609375,B0DB8AF16E20,0003,male,C57BL/6,1.1.1,FR1,0,Right,80,86,23,3,0,0,,,,,,,,,,,,,,,,,
2026-07-14 23:00:31,37962.121094,B0DB8AF16E20,0003,male,C57BL/6,1.1.1,FR1,0,Left,80,87,23,3,0,0,,,,,,,,,,,,,,,,,
2026-07-14 23:00:36,37967.164062,B0DB8AF16E20,0003,male,C57BL/6,1.1.1,FR1,0,PelletDrop,81,87,23,3,0,0,,,,,,,,,,,,,,,,,
2026-07-14 23:00:47,37977.968750,B0DB8AF16E20,0003,male,C57BL/6,1.1.1,FR1,0,PelletTaken,81,87,23,3,0,0,10.246,178.000,0,2,,,,,,,,,,,,,
2026-07-14 23:01:25,38016.187500,B0DB8AF16E20,0003,male,C57BL/6,1.1.1,FR1,0,Status,81,87,23,3,0,0,,,,,Disabled,25.1,42.2,998.5,15.5,0.000,0.000,247732,339964,181692,8001,4.02,80.42
2026-07-14 23:10:17,38548.718750,B0DB8AF16E20,0003,male,C57BL/6,1.1.1,FR1,0,Left,81,88,23,3,0,0,,,,,,,,,,,,,,,,,
2026-07-14 23:10:20,38551.546875,B0DB8AF16E20,0003,male,C57BL/6,1.1.1,FR1,0,PelletDrop,82,88,23,3,0,0,,,,,,,,,,,,,,,,,
2026-07-14 23:10:21,38552.699219,B0DB8AF16E20,0003,male,C57BL/6,1.1.1,FR1,0,PelletNotDetected,82,88,23,3,0,0,,,,,,,,,,,,,,,,,
2026-07-14 23:11:56,38647.781250,B0DB8AF16E20,0003,male,C57BL/6,1.1.1,FR1,0,Status,82,88,23,3,0,0,,,,,Disabled,25.1,42.5,998.5,15.5,0.000,0.000,247732,339964,181692,8137,4.01,80.42
2026-07-14 23:22:28,39280.910156,B0DB8AF16E20,0003,male,C57BL/6,1.1.1,FR1,0,Status,82,88,23,3,0,0,,,,,Disabled,25.1,42.5,998.5,15.5,0.000,0.000,247732,339964,181692,8274,4.02,80.42
2026-07-14 23:27:16,39568.785156,B0DB8AF16E20,0003,male,C57BL/6,1.1.1,FR1,0,Right,82,88,24,3,0,0,,,,,,,,,,,,,,,,,
2026-07-14 23:33:00,39913.199219,B0DB8AF16E20,0003,male,C57BL/6,1.1.1,FR1,0,Status,82,88,24,3,0,0,,,,,Disabled,25.1,42.7,998.5,15.5,0.000,0.000,247732,339964,181692,8412,4.01,80.26
2026-07-14 23:40:20,40353.953125,B0DB8AF16E20,0003,male,C57BL/6,1.1.1,FR1,0,Right,82,88,25,3,0,0,,,,,,,,,,,,,,,,,
2026-07-14 23:43:31,40545.265625,B0DB8AF16E20,0003,male,C57BL/6,1.1.1,FR1,0,Status,82,88,25,3,0,0,,,,,Disabled,25.0,42.7,998.4,15.5,0.000,0.000,247732,339964,181692,8549,4.02,80.09
2026-07-14 23:45:39,40673.441406,B0DB8AF16E20,0003,male,C57BL/6,1.1.1,FR1,0,Left,82,89,25,3,0,0,,,,,,,,,,,,,,,,,
2026-07-14 23:45:48,40682.613281,B0DB8AF16E20,0003,male,C57BL/6,1.1.1,FR1,0,PelletDrop,83,89,25,3,0,0,,,,,,,,,,,,,,,,,
2026-07-14 23:46:00,40694.339844,B0DB8AF16E20,0003,male,C57BL/6,1.1.1,FR1,0,PelletTaken,83,89,25,3,0,0,11.170,13.000,0,4,,,,,,,,,,,,,
2026-07-14 23:47:09,40762.976562,B0DB8AF16E20,0003,male,C57BL/6,1.1.1,FR1,0,Left,83,90,25,3,0,0,,,,,,,,,,,,,,,,,
2026-07-14 23:47:16,40770.222656,B0DB8AF16E20,0003,male,C57BL/6,1.1.1,FR1,0,PelletDrop,84,90,25,3,0,0,,,,,,,,,,,,,,,,,
2026-07-14 23:47:29,40783.492188,B0DB8AF16E20,0003,male,C57BL/6,1.1.1,FR1,0,PelletTaken,84,90,25,3,0,0,12.710,41.000,0,3,,,,,,,,,,,,,
2026-07-14 23:52:16,41070.917969,B0DB8AF16E20,0003,male,C57BL/6,1.1.1,FR1,0,Left,84,91,25,3,0,0,,,,,,,,,,,,,,,,,
2026-07-14 23:52:21,41075.960938,B0DB8AF16E20,0003,male,C57BL/6,1.1.1,FR1,0,PelletDrop,85,91,25,3,0,0,,,,,,,,,,,,,,,,,
2026-07-14 23:52:31,41085.507812,B0DB8AF16E20,0003,male,C57BL/6,1.1.1,FR1,0,PelletTaken,85,91,25,3,0,0,8.992,12.000,0,2,,,,,,,,,,,,,
2026-07-14 23:54:01,41176.195312,B0DB8AF16E20,0003,male,C57BL/6,1.1.1,FR1,0,Status,85,91,25,3,0,0,,,,,Disabled,25.1,42.5,998.4,15.5,0.000,0.000,247732,339964,181692,8674,4.01,80.09
2026-07-15 00:01:33,41628.484375,B0DB8AF16E20,0003,male,C57BL/6,1.1.1,FR1,0,Left,85,92,25,3,0,0,,,,,,,,,,,,,,,,,
2026-07-15 00:01:38,41633.515625,B0DB8AF16E20,0003,male,C57BL/6,1.1.1,FR1,0,PelletDrop,86,92,25,3,0,0,,,,,,,,,,,,,,,,,
2026-07-15 00:01:49,41644.472656,B0DB8AF16E20,0003,male,C57BL/6,1.1.1,FR1,0,PelletTaken,86,92,25,3,0,0,10.400,99.000,0,2,,,,,,,,,,,,,
2026-07-15 00:02:14,41669.632812,B0DB8AF16E20,0003,male,C57BL/6,1.1.1,FR1,0,Left,86,93,25,3,0,0,,,,,,,,,,,,,,,,,
2026-07-15 00:02:19,41674.675781,B0DB8AF16E20,0003,male,C57BL/6,1.1.1,FR1,0,PelletDrop,87,93,25,3,0,0,,,,,,,,,,,,,,,,,
2026-07-15 00:02:32,41687.128906,B0DB8AF16E20,0003,male,C57BL/6,1.1.1,FR1,0,PelletTaken,87,93,25,3,0,0,11.896,147.000,0,2,,,,,,,,,,,,,
2026-07-15 00:03:11,41726.804688,B0DB8AF16E20,0003,male,C57BL/6,1.1.1,FR1,0,Right,87,93,26,3,0,0,,,,,,,,,,,,,,,,,
2026-07-15 00:03:13,41728.160156,B0DB8AF16E20,0003,male,C57BL/6,1.1.1,FR1,0,Right,87,93,27,3,0,0,,,,,,,,,,,,,,,,,
2026-07-15 00:04:35,41810.136719,B0DB8AF16E20,0003,male,C57BL/6,1.1.1,FR1,0,Status,87,93,27,3,0,0,,,,,Disabled,25.1,42.4,998.4,15.5,0.000,0.000,247732,339964,181692,8805,4.03,79.77
2026-07-15 00:15:07,42443.226562,B0DB8AF16E20,0003,male,C57BL/6,1.1.1,FR1,0,Status,87,93,27,3,0,0,,,,,Disabled,25.1,42.5,998.4,15.5,0.000,0.000,247732,339964,181692,8942,4.02,79.77
2026-07-15 00:20:00,42736.507812,B0DB8AF16E20,0003,male,C57BL/6,1.1.1,FR1,0,Left,87,94,27,3,0,0,,,,,,,,,,,,,,,,,
2026-07-15 00:20:03,42739.320312,B0DB8AF16E20,0003,male,C57BL/6,1.1.1,FR1,0,PelletDrop,88,94,27,3,0,0,,,,,,,,,,,,,,,,,
2026-07-15 00:20:04,42740.128906,B0DB8AF16E20,0003,male,C57BL/6,1.1.1,FR1,0,PelletTaken,88,94,27,3,0,0,0.236,32.000,0,1,,,,,,,,,,,,,
2026-07-15 00:20:07,42743.738281,B0DB8AF16E20,0003,male,C57BL/6,1.1.1,FR1,0,Left,88,95,27,3,0,0,,,,,,,,,,,,,,,,,
2026-07-15 00:20:10,42746.550781,B0DB8AF16E20,0003,male,C57BL/6,1.1.1,FR1,0,PelletDrop,89,95,27,3,0,0,,,,,,,,,,,,,,,,,
2026-07-15 00:20:23,42759.312500,B0DB8AF16E20,0003,male,C57BL/6,1.1.1,FR1,0,PelletTaken,89,95,27,3,0,0,12.204,825.000,0,1,,,,,,,,,,,,,
2026-07-15 00:25:41,43077.476562,B0DB8AF16E20,0003,male,C57BL/6,1.1.1,FR1,0,Status,89,95,27,3,0,0,,,,,Disabled,25.1,42.5,998.4,15.5,0.000,0.000,247732,339964,181692,9075,4.01,79.61
2026-07-15 00:33:30,43547.242188,B0DB8AF16E20,0003,male,C57BL/6,1.1.1,FR1,0,Left,89,96,27,3,0,0,,,,,,,,,,,,,,,,,
2026-07-15 00:33:43,43560.898438,B0DB8AF16E20,0003,male,C57BL/6,1.1.1,FR1,0,PelletDrop,90,96,27,3,0,0,,,,,,,,,,,,,,,,,
2026-07-15 00:33:46,43563.621094,B0DB8AF16E20,0003,male,C57BL/6,1.1.1,FR1,0,PelletTaken,90,96,27,3,0,0,2.149,22.000,0,5,,,,,,,,,,,,,
2026-07-15 00:36:14,43711.214844,B0DB8AF16E20,0003,male,C57BL/6,1.1.1,FR1,0,Status,90,96,27,3,0,0,,,,,Disabled,25.1,42.4,998.4,15.4,0.000,0.000,247732,339964,181692,9209,4.01,79.61
2026-07-15 00:42:32,44089.800781,B0DB8AF16E20,0003,male,C57BL/6,1.1.1,FR1,0,Right,90,96,28,3,0,0,,,,,,,,,,,,,,,,,
2026-07-15 00:43:13,44131.226562,B0DB8AF16E20,0003,male,C57BL/6,1.1.1,FR1,0,Left,90,97,28,3,0,0,,,,,,,,,,,,,,,,,
2026-07-15 00:43:16,44134.054688,B0DB8AF16E20,0003,male,C57BL/6,1.1.1,FR1,0,PelletDrop,91,97,28,3,0,0,,,,,,,,,,,,,,,,,
2026-07-15 00:43:18,44135.781250,B0DB8AF16E20,0003,male,C57BL/6,1.1.1,FR1,0,PelletTaken,91,97,28,3,0,0,1.171,247.000,0,1,,,,,,,,,,,,,
2026-07-15 00:43:38,44155.832031,B0DB8AF16E20,0003,male,C57BL/6,1.1.1,FR1,0,Left,91,98,28,3,0,0,,,,,,,,,,,,,,,,,
2026-07-15 00:43:40,44158.640625,B0DB8AF16E20,0003,male,C57BL/6,1.1.1,FR1,0,PelletDrop,92,98,28,3,0,0,,,,,,,,,,,,,,,,,
2026-07-15 00:44:01,44179.207031,B0DB8AF16E20,0003,male,C57BL/6,1.1.1,FR1,0,PelletTaken,92,98,28,3,0,0,TimedOut,42.000,0,1,,,,,,,,,,,,,
2026-07-15 00:46:46,44344.289062,B0DB8AF16E20,0003,male,C57BL/6,1.1.1,FR1,0,Status,92,98,28,3,0,0,,,,,Disabled,25.1,42.8,998.4,15.3,0.000,0.000,247732,339964,181692,9342,4.00,79.44
2026-07-15 00:51:45,44643.246094,B0DB8AF16E20,0003,male,C57BL/6,1.1.1,FR1,0,Right,92,98,29,3,0,0,,,,,,,,,,,,,,,,,
2026-07-15 00:51:48,44646.257812,B0DB8AF16E20,0003,male,C57BL/6,1.1.1,FR1,0,Left,92,99,29,3,0,0,,,,,,,,,,,,,,,,,
2026-07-15 00:51:50,44649.082031,B0DB8AF16E20,0003,male,C57BL/6,1.1.1,FR1,0,PelletDrop,93,99,29,3,0,0,,,,,,,,,,,,,,,,,
2026-07-15 00:51:51,44650.050781,B0DB8AF16E20,0003,male,C57BL/6,1.1.1,FR1,0,PelletTaken,93,99,29,3,0,0,0.412,71.000,0,1,,,,,,,,,,,,,
2026-07-15 00:57:18,44976.960938,B0DB8AF16E20,0003,male,C57BL/6,1.1.1,FR1,0,Status,93,99,29,3,0,0,,,,,Disabled,25.1,42.8,998.3,14.9,0.000,0.000,247732,339964,181692,9479,4.01,79.44
2026-07-15 01:07:50,45610.085938,B0DB8AF16E20,0003,male,C57BL/6,1.1.1,FR1,0,Status,93,99,29,3,0,0,,,,,Disabled,25.1,42.6,998.3,14.6,0.000,0.000,247732,339964,181692,9616,4.01,79.28
2026-07-15 01:18:23,46243.175781,B0DB8AF16E20,0003,male,C57BL/6,1.1.1,FR1,0,Status,93,99,29,3,0,0,,,,,Disabled,25.0,42.6,998.3,14.4,0.000,0.000,247732,339964,181692,9753,4.02,79.28
2026-07-15 01:28:55,46876.289062,B0DB8AF16E20,0003,male,C57BL/6,1.1.1,FR1,0,Status,93,99,29,3,0,0,,,,,Disabled,25.0,42.6,998.3,14.2,0.000,0.000,247732,339964,181692,9890,4.02,79.12
2026-07-15 01:39:27,47509.414062,B0DB8AF16E20,0003,male,C57BL/6,1.1.1,FR1,0,Status,93,99,29,3,0,0,,,,,Disabled,24.9,42.6,998.2,14.1,0.000,0.000,247732,339964,181692,10027,4.02,79.12
2026-07-15 01:50:00,48142.507812,B0DB8AF16E20,0003,male,C57BL/6,1.1.1,FR1,0,Status,93,99,29,3,0,0,,,,,Disabled,24.9,42.5,998.2,14.0,0.000,0.000,247732,339964,181692,10164,4.01,78.95
2026-07-15 02:00:32,48775.617188,B0DB8AF16E20,0003,male,C57BL/6,1.1.1,FR1,0,Status,93,99,29,3,0,0,,,,,Disabled,24.9,42.5,998.1,14.2,0.000,0.000,247732,339964,181692,10301,4.00,78.95
2026-07-15 02:11:04,49408.746094,B0DB8AF16E20,0003,male,C57BL/6,1.1.1,FR1,0,Status,93,99,29,3,0,0,,,,,Disabled,24.8,42.4,998.0,14.3,0.000,0.000,247732,339964,181692,10438,4.00,78.79
2026-07-15 02:21:37,50041.835938,B0DB8AF16E20,0003,male,C57BL/6,1.1.1,FR1,0,Status,93,99,29,3,0,0,,,,,Disabled,24.8,42.4,998.0,14.4,0.000,0.000,247732,339964,181692,10575,4.00,78.63
2026-07-15 02:24:52,50237.324219,B0DB8AF16E20,0003,male,C57BL/6,1.1.1,FR1,0,Left,93,100,29,3,0,0,,,,,,,,,,,,,,,,,
2026-07-15 02:24:57,50242.367188,B0DB8AF16E20,0003,male,C57BL/6,1.1.1,FR1,0,PelletDrop,94,100,29,3,0,0,,,,,,,,,,,,,,,,,
2026-07-15 02:24:58,50243.519531,B0DB8AF16E20,0003,male,C57BL/6,1.1.1,FR1,0,PelletNotDetected,94,100,29,3,0,0,,,,,,,,,,,,,,,,,
2026-07-15 02:32:10,50675.414062,B0DB8AF16E20,0003,male,C57BL/6,1.1.1,FR1,0,Status,94,100,29,3,0,0,,,,,Disabled,24.8,42.4,997.9,14.5,0.000,0.000,247732,339964,181692,10711,4.00,78.63
2026-07-15 02:39:03,51088.667969,B0DB8AF16E20,0003,male,C57BL/6,1.1.1,FR1,0,Left,94,101,29,3,0,0,,,,,,,,,,,,,,,,,
2026-07-15 02:39:05,51091.445312,B0DB8AF16E20,0003,male,C57BL/6,1.1.1,FR1,0,PelletDrop,95,101,29,3,0,0,,,,,,,,,,,,,,,,,
2026-07-15 02:39:07,51092.597656,B0DB8AF16E20,0003,male,C57BL/6,1.1.1,FR1,0,PelletNotDetected,95,101,29,3,0,0,,,,,,,,,,,,,,,,,
2026-07-15 02:42:44,51310.140625,B0DB8AF16E20,0003,male,C57BL/6,1.1.1,FR1,0,Status,95,101,29,3,0,0,,,,,Disabled,24.8,42.4,997.8,14.6,0.000,0.000,247732,339964,181692,10848,4.02,78.63
2026-07-15 02:46:15,51521.253906,B0DB8AF16E20,0003,male,C57BL/6,1.1.1,FR1,0,Left,95,102,29,3,0,0,,,,,,,,,,,,,,,,,
2026-07-15 02:46:24,51530.425781,B0DB8AF16E20,0003,male,C57BL/6,1.1.1,FR1,0,PelletDrop,96,102,29,3,0,0,,,,,,,,,,,,,,,,,
2026-07-15 02:46:32,51538.476562,B0DB8AF16E20,0003,male,C57BL/6,1.1.1,FR1,0,PelletTaken,96,102,29,3,0,0,7.496,61.000,0,6,,,,,,,,,,,,,
2026-07-15 02:47:00,51566.933594,B0DB8AF16E20,0003,male,C57BL/6,1.1.1,FR1,0,Left,96,103,29,3,0,0,,,,,,,,,,,,,,,,,
2026-07-15 02:47:05,51571.980469,B0DB8AF16E20,0003,male,C57BL/6,1.1.1,FR1,0,PelletDrop,97,103,29,3,0,0,,,,,,,,,,,,,,,,,
2026-07-15 02:47:15,51582.121094,B0DB8AF16E20,0003,male,C57BL/6,1.1.1,FR1,0,PelletTaken,97,103,29,3,0,0,9.586,22.000,0,2,,,,,,,,,,,,,
2026-07-15 02:52:13,51879.964844,B0DB8AF16E20,0003,male,C57BL/6,1.1.1,FR1,0,Left,97,104,29,3,0,0,,,,,,,,,,,,,,,,,
2026-07-15 02:52:18,51884.992188,B0DB8AF16E20,0003,male,C57BL/6,1.1.1,FR1,0,PelletDrop,98,104,29,3,0,0,,,,,,,,,,,,,,,,,
2026-07-15 02:52:30,51896.988281,B0DB8AF16E20,0003,male,C57BL/6,1.1.1,FR1,0,PelletTaken,98,104,29,3,0,0,11.422,12.000,0,2,,,,,,,,,,,,,
2026-07-15 02:53:17,51943.937500,B0DB8AF16E20,0003,male,C57BL/6,1.1.1,FR1,0,Status,98,104,29,3,0,0,,,,,Disabled,24.9,42.3,997.8,14.6,0.000,0.000,247732,339964,181692,10975,4.01,78.46
2026-07-15 03:00:10,52357.078125,B0DB8AF16E20,0003,male,C57BL/6,1.1.1,FR1,0,Right,98,104,30,3,0,0,,,,,,,,,,,,,,,,,
2026-07-15 03:00:13,52360.765625,B0DB8AF16E20,0003,male,C57BL/6,1.1.1,FR1,0,Left,98,105,30,3,0,0,,,,,,,,,,,,,,,,,
2026-07-15 03:00:16,52363.593750,B0DB8AF16E20,0003,male,C57BL/6,1.1.1,FR1,0,PelletDrop,99,105,30,3,0,0,,,,,,,,,,,,,,,,,
2026-07-15 03:00:17,52364.253906,B0DB8AF16E20,0003,male,C57BL/6,1.1.1,FR1,0,PelletTaken,99,105,30,3,0,0,0.104,60.000,0,1,,,,,,,,,,,,,
2026-07-15 03:03:50,52577.441406,B0DB8AF16E20,0003,male,C57BL/6,1.1.1,FR1,0,Status,99,105,30,3,0,0,,,,,Disabled,24.9,42.7,997.8,14.6,0.000,0.000,247732,339964,181692,11112,4.00,78.30
2026-07-15 03:09:37,52925.582031,B0DB8AF16E20,0003,male,C57BL/6,1.1.1,FR1,0,Right,99,105,31,3,0,0,,,,,,,,,,,,,,,,,
2026-07-15 03:09:44,52931.718750,B0DB8AF16E20,0003,male,C57BL/6,1.1.1,FR1,0,Left,99,106,31,3,0,0,,,,,,,,,,,,,,,,,
2026-07-15 03:09:49,52936.746094,B0DB8AF16E20,0003,male,C57BL/6,1.1.1,FR1,0,PelletDrop,100,106,31,3,0,0,,,,,,,,,,,,,,,,,
2026-07-15 03:09:59,52947.363281,B0DB8AF16E20,0003,male,C57BL/6,1.1.1,FR1,0,PelletTaken,100,106,31,3,0,0,10.048,51.000,0,2,,,,,,,,,,,,,
2026-07-15 03:10:34,52982.593750,B0DB8AF16E20,0003,male,C57BL/6,1.1.1,FR1,0,Right,100,106,32,3,0,0,,,,,,,,,,,,,,,,,
2026-07-15 03:14:20,53208.898438,B0DB8AF16E20,0003,male,C57BL/6,1.1.1,FR1,0,Status,100,106,32,3,0,0,,,,,Disabled,24.9,42.5,997.7,14.7,0.000,0.000,247732,339964,181692,11246,4.00,78.14
2026-07-15 03:21:14,53623.285156,B0DB8AF16E20,0003,male,C57BL/6,1.1.1,FR1,0,Right,100,106,33,3,0,0,,,,,,,,,,,,,,,,,
2026-07-15 03:21:44,53653.441406,B0DB8AF16E20,0003,male,C57BL/6,1.1.1,FR1,0,Left,100,107,33,3,0,0,,,,,,,,,,,,,,,,,
2026-07-15 03:21:49,53658.488281,B0DB8AF16E20,0003,male,C57BL/6,1.1.1,FR1,0,PelletDrop,101,107,33,3,0,0,,,,,,,,,,,,,,,,,
2026-07-15 03:22:00,53668.816406,B0DB8AF16E20,0003,male,C57BL/6,1.1.1,FR1,0,PelletTaken,101,107,33,3,0,0,9.773,51.000,0,2,,,,,,,,,,,,,
2026-07-15 03:22:45,53714.058594,B0DB8AF16E20,0003,male,C57BL/6,1.1.1,FR1,0,Right,101,107,34,3,0,0,,,,,,,,,,,,,,,,,
2026-07-15 03:22:58,53726.710938,B0DB8AF16E20,0003,male,C57BL/6,1.1.1,FR1,0,Right,101,107,35,3,0,0,,,,,,,,,,,,,,,,,
2026-07-15 03:24:54,53843.667969,B0DB8AF16E20,0003,male,C57BL/6,1.1.1,FR1,0,Status,101,107,35,3,0,0,,,,,Disabled,24.9,42.5,997.7,14.7,0.000,0.000,247732,339964,181692,11381,4.00,77.98
2026-07-15 03:35:27,54476.796875,B0DB8AF16E20,0003,male,C57BL/6,1.1.1,FR1,0,Status,101,107,35,3,0,0,,,,,Disabled,24.9,42.6,997.7,14.7,0.000,0.000,247732,339964,181692,11518,4.00,77.98
2026-07-15 03:45:59,55109.914062,B0DB8AF16E20,0003,male,C57BL/6,1.1.1,FR1,0,Status,101,107,35,3,0,0,,,,,Disabled,24.9,42.6,997.8,14.7,0.000,0.000,247732,339964,181692,11655,4.00,77.81
2026-07-15 03:56:32,55743.019531,B0DB8AF16E20,0003,male,C57BL/6,1.1.1,FR1,0,Status,101,107,35,3,0,0,,,,,Disabled,24.8,42.6,997.8,14.8,0.000,0.000,247732,339964,181692,11792,4.01,77.81
2026-07-15 04:07:04,56376.140625,B0DB8AF16E20,0003,male,C57BL/6,1.1.1,FR1,0,Status,101,107,35,3,0,0,,,,,Disabled,24.8,42.6,997.8,14.8,0.000,0.000,247732,339964,181692,11929,4.01,77.65
2026-07-15 04:17:36,57009.253906,B0DB8AF16E20,0003,male,C57BL/6,1.1.1,FR1,0,Status,101,107,35,3,0,0,,,,,Disabled,24.7,42.5,997.8,14.8,0.000,0.000,247732,339964,181692,12066,3.99,77.65
2026-07-15 04:28:09,57642.382812,B0DB8AF16E20,0003,male,C57BL/6,1.1.1,FR1,0,Status,101,107,35,3,0,0,,,,,Disabled,24.7,42.5,997.8,14.8,0.000,0.000,247732,339964,181692,12203,3.99,77.48
2026-07-15 04:38:41,58275.472656,B0DB8AF16E20,0003,male,C57BL/6,1.1.1,FR1,0,Status,101,107,35,3,0,0,,,,,Disabled,24.7,42.4,997.8,14.9,0.000,0.000,247732,339964,181692,12340,3.99,77.32
2026-07-15 04:49:13,58908.582031,B0DB8AF16E20,0003,male,C57BL/6,1.1.1,FR1,0,Status,101,107,35,3,0,0,,,,,Disabled,24.7,42.4,997.8,14.9,0.000,0.000,247732,339964,181692,12477,3.99,77.32
2026-07-15 04:51:29,59044.312500,B0DB8AF16E20,0003,male,C57BL/6,1.1.1,FR1,0,Left,101,108,35,3,0,0,,,,,,,,,,,,,,,,,
2026-07-15 04:51:34,59049.343750,B0DB8AF16E20,0003,male,C57BL/6,1.1.1,FR1,0,PelletDrop,102,108,35,3,0,0,,,,,,,,,,,,,,,,,
2026-07-15 04:51:52,59067.449219,B0DB8AF16E20,0003,male,C57BL/6,1.1.1,FR1,0,PelletTaken,102,108,35,3,0,0,17.550,21.000,0,2,,,,,,,,,,,,,
2026-07-15 04:59:44,59540.253906,B0DB8AF16E20,0003,male,C57BL/6,1.1.1,FR1,0,Status,102,108,35,3,0,0,,,,,Disabled,24.7,42.4,997.8,14.9,0.000,0.000,247732,339964,181692,12609,3.99,77.16
2026-07-15 05:10:17,60173.367188,B0DB8AF16E20,0003,male,C57BL/6,1.1.1,FR1,0,Status,102,108,35,3,0,0,,,,,Disabled,24.7,42.3,997.8,14.9,0.000,0.000,247732,339964,181692,12746,4.01,77.16
2026-07-15 05:20:49,60806.480469,B0DB8AF16E20,0003,male,C57BL/6,1.1.1,FR1,0,Status,102,108,35,3,0,0,,,,,Disabled,24.7,42.3,997.8,14.9,0.000,0.000,247732,339964,181692,12883,4.00,77.00
2026-07-15 05:31:22,61439.605469,B0DB8AF16E20,0003,male,C57BL/6,1.1.1,FR1,0,Status,102,108,35,3,0,0,,,,,Disabled,24.7,42.2,997.9,15.0,0.000,0.000,247732,339964,181692,13020,3.99,77.00
2026-07-15 05:41:54,62072.695312,B0DB8AF16E20,0003,male,C57BL/6,1.1.1,FR1,0,Status,102,108,35,3,0,0,,,,,Disabled,24.7,42.2,997.9,14.9,0.000,0.000,247732,339964,181692,13157,3.99,76.83
2026-07-15 05:48:35,62474.664062,B0DB8AF16E20,0003,male,C57BL/6,1.1.1,FR1,0,Left,102,109,35,3,0,0,,,,,,,,,,,,,,,,,
2026-07-15 05:48:38,62477.492188,B0DB8AF16E20,0003,male,C57BL/6,1.1.1,FR1,0,PelletDrop,103,109,35,3,0,0,,,,,,,,,,,,,,,,,
2026-07-15 05:48:39,62478.644531,B0DB8AF16E20,0003,male,C57BL/6,1.1.1,FR1,0,PelletNotDetected,103,109,35,3,0,0,,,,,,,,,,,,,,,,,
2026-07-15 05:49:19,62518.316406,B0DB8AF16E20,0003,male,C57BL/6,1.1.1,FR1,0,Left,103,110,35,3,0,0,,,,,,,,,,,,,,,,,
2026-07-15 05:49:22,62521.519531,B0DB8AF16E20,0003,male,C57BL/6,1.1.1,FR1,0,PelletDrop,104,110,35,3,0,0,,,,,,,,,,,,,,,,,
2026-07-15 05:49:23,62522.671875,B0DB8AF16E20,0003,male,C57BL/6,1.1.1,FR1,0,PelletNotDetected,104,110,35,3,0,0,,,,,,,,,,,,,,,,,
2026-07-15 05:50:06,62565.609375,B0DB8AF16E20,0003,male,C57BL/6,1.1.1,FR1,0,Left,104,111,35,3,0,0,,,,,,,,,,,,,,,,,
2026-07-15 05:50:09,62568.519531,B0DB8AF16E20,0003,male,C57BL/6,1.1.1,FR1,0,PelletDrop,105,111,35,3,0,0,,,,,,,,,,,,,,,,,
2026-07-15 05:50:10,62569.679688,B0DB8AF16E20,0003,male,C57BL/6,1.1.1,FR1,0,PelletNotDetected,105,111,35,3,0,0,,,,,,,,,,,,,,,,,
2026-07-15 05:52:25,62704.113281,B0DB8AF16E20,0003,male,C57BL/6,1.1.1,FR1,0,Status,105,111,35,3,0,0,,,,,Disabled,24.7,42.2,997.9,15.0,0.000,0.000,247732,339964,181692,13291,3.99,76.67
2026-07-15 06:00:38,63198.070312,B0DB8AF16E20,0003,male,C57BL/6,1.1.1,FR1,0,Left,105,112,35,3,0,0,,,,,,,,,,,,,,,,,
2026-07-15 06:00:44,63204.437500,B0DB8AF16E20,0003,male,C57BL/6,1.1.1,FR1,0,PelletDrop,106,112,35,3,0,0,,,,,,,,,,,,,,,,,
2026-07-15 06:00:45,63205.585938,B0DB8AF16E20,0003,male,C57BL/6,1.1.1,FR1,0,PelletNotDetected,106,112,35,3,0,0,,,,,,,,,,,,,,,,,
2026-07-15 06:02:55,63335.679688,B0DB8AF16E20,0003,male,C57BL/6,1.1.1,FR1,0,Status,106,112,35,3,0,0,,,,,Disabled,24.7,42.6,997.9,15.0,0.000,0.000,247732,339964,181692,13426,3.99,76.51
2026-07-15 06:03:44,63384.121094,B0DB8AF16E20,0003,male,C57BL/6,1.1.1,FR1,0,Right,106,112,36,3,0,0,,,,,,,,,,,,,,,,,
2026-07-15 06:03:48,63388.429688,B0DB8AF16E20,0003,male,C57BL/6,1.1.1,FR1,0,Left,106,113,36,3,0,0,,,,,,,,,,,,,,,,,
2026-07-15 06:03:53,63393.410156,B0DB8AF16E20,0003,male,C57BL/6,1.1.1,FR1,0,PelletDrop,107,113,36,3,0,0,,,,,,,,,,,,,,,,,
2026-07-15 06:04:04,63404.527344,B0DB8AF16E20,0003,male,C57BL/6,1.1.1,FR1,0,PelletTaken,107,113,36,3,0,0,10.532,51.000,0,7,,,,,,,,,,,,,
2026-07-15 06:07:35,63615.539062,B0DB8AF16E20,0003,male,C57BL/6,1.1.1,FR1,0,Left,107,114,36,3,0,0,,,,,,,,,,,,,,,,,
2026-07-15 06:07:40,63621.007812,B0DB8AF16E20,0003,male,C57BL/6,1.1.1,FR1,0,PelletDrop,108,114,36,3,0,0,,,,,,,,,,,,,,,,,
2026-07-15 06:07:51,63632.085938,B0DB8AF16E20,0003,male,C57BL/6,1.1.1,FR1,0,PelletTaken,108,114,36,3,0,0,10.521,42.000,0,2,,,,,,,,,,,,,
2026-07-15 06:09:08,63708.292969,B0DB8AF16E20,0003,male,C57BL/6,1.1.1,FR1,0,Left,108,115,36,3,0,0,,,,,,,,,,,,,,,,,
2026-07-15 06:09:13,63713.324219,B0DB8AF16E20,0003,male,C57BL/6,1.1.1,FR1,0,PelletDrop,109,115,36,3,0,0,,,,,,,,,,,,,,,,,
2026-07-15 06:09:24,63724.886719,B0DB8AF16E20,0003,male,C57BL/6,1.1.1,FR1,0,PelletTaken,109,115,36,3,0,0,11.005,21.000,0,2,,,,,,,,,,,,,
2026-07-15 06:13:28,63968.671875,B0DB8AF16E20,0003,male,C57BL/6,1.1.1,FR1,0,Status,109,115,36,3,0,0,,,,,Disabled,24.7,43.1,998.0,14.8,0.000,0.000,247732,339964,181692,13553,3.98,76.34
2026-07-15 06:17:19,64200.351562,B0DB8AF16E20,0003,male,C57BL/6,1.1.1,FR1,0,Right,109,115,37,3,0,0,,,,,,,,,,,,,,,,,
2026-07-15 06:24:00,64601.605469,B0DB8AF16E20,0003,male,C57BL/6,1.1.1,FR1,0,Status,109,115,37,3,0,0,,,,,Disabled,24.8,42.8,998.0,14.7,0.000,0.000,247732,339964,181692,13690,3.99,76.34
2026-07-15 06:24:35,64636.742188,B0DB8AF16E20,0003,male,C57BL/6,1.1.1,FR1,0,Center,109,115,37,4,0,0,,,,,,,,,,,,,,,,,
2026-07-15 06:24:36,64638.019531,B0DB8AF16E20,0003,male,C57BL/6,1.1.1,FR1,0,Left,109,116,37,4,0,0,,,,,,,,,,,,,,,,,
2026-07-15 06:24:41,64643.046875,B0DB8AF16E20,0003,male,C57BL/6,1.1.1,FR1,0,PelletDrop,110,116,37,4,0,0,,,,,,,,,,,,,,,,,
2026-07-15 06:24:54,64655.675781,B0DB8AF16E20,0003,male,C57BL/6,1.1.1,FR1,0,PelletTaken,110,116,37,4,0,0,12.072,12.000,0,2,,,,,,,,,,,,,
2026-07-15 06:34:34,65236.285156,B0DB8AF16E20,0003,male,C57BL/6,1.1.1,FR1,0,Status,110,116,37,4,0,0,,,,,Disabled,24.8,42.6,998.0,14.8,0.000,0.000,247732,339964,181692,13824,4.00,76.34
2026-07-15 06:45:06,65869.390625,B0DB8AF16E20,0003,male,C57BL/6,1.1.1,FR1,0,Status,110,116,37,4,0,0,,,,,Disabled,24.8,42.6,998.1,14.8,0.000,0.000,247732,339964,181692,13961,4.00,76.18
2026-07-15 06:55:38,66502.500000,B0DB8AF16E20,0003,male,C57BL/6,1.1.1,FR1,0,Status,110,116,37,4,0,0,,,,,Disabled,24.7,42.6,998.1,14.8,0.000,0.000,247732,339964,181692,14098,3.98,76.18
2026-07-15 07:06:11,67135.609375,B0DB8AF16E20,0003,male,C57BL/6,1.1.1,FR1,0,Status,110,116,37,4,0,0,,,,,Disabled,24.7,42.6,998.2,14.9,0.000,0.000,247732,339964,181692,14235,3.98,76.02
2026-07-15 07:16:43,67768.710938,B0DB8AF16E20,0003,male,C57BL/6,1.1.1,FR1,0,Status,110,116,37,4,0,0,,,,,Disabled,24.6,42.7,998.2,14.8,0.000,0.000,247732,339964,181692,14372,3.98,75.86
2026-07-15 07:27:16,68401.828125,B0DB8AF16E20,0003,male,C57BL/6,1.1.1,FR1,0,Status,110,116,37,4,0,0,,,,,Disabled,24.6,42.7,998.2,14.9,0.000,0.000,247732,339964,181692,14509,3.98,75.86
2026-07-15 07:37:59,69046.468750,B0DB8AF16E20,0003,male,C57BL/6,1.1.1,FR1,0,Status,110,116,37,4,0,0,,,,,Disabled,24.6,42.4,998.2,14.8,0.000,0.000,247732,339964,181436,14646,3.98,75.69
2026-07-15 07:48:56,69703.195312,B0DB8AF16E20,0003,male,C57BL/6,1.1.1,FR1,0,Status,110,116,37,4,0,0,,,,,Disabled,24.7,42.0,998.2,14.7,0.000,0.000,247732,339964,181392,14783,3.98,75.53
2026-07-15 07:59:28,70336.429688,B0DB8AF16E20,0003,male,C57BL/6,1.1.1,FR1,0,Status,110,116,37,4,0,0,,,,,Disabled,24.7,42.5,998.3,14.7,0.000,0.000,247732,339964,181392,14920,3.97,75.53
2026-07-15 08:10:01,70969.562500,B0DB8AF16E20,0003,male,C57BL/6,1.1.1,FR1,0,Status,110,116,37,4,0,0,,,,,Disabled,24.6,42.6,998.3,14.7,0.000,0.000,247732,339964,181392,15057,3.99,75.37
2026-07-15 08:10:11,70979.671875,B0DB8AF16E20,0003,male,C57BL/6,1.1.1,FR1,0,Left,110,117,37,4,0,0,,,,,,,,,,,,,,,,,
2026-07-15 08:10:16,70984.703125,B0DB8AF16E20,0003,male,C57BL/6,1.1.1,FR1,0,PelletDrop,111,117,37,4,0,0,,,,,,,,,,,,,,,,,
2026-07-15 08:10:36,71005.257812,B0DB8AF16E20,0003,male,C57BL/6,1.1.1,FR1,0,PelletTaken,111,117,37,4,0,0,TimedOut,61.000,0,2,,,,,,,,,,,,,
2026-07-15 08:11:20,71048.750000,B0DB8AF16E20,0003,male,C57BL/6,1.1.1,FR1,0,Left,111,118,37,4,0,0,,,,,,,,,,,,,,,,,
2026-07-15 08:11:25,71053.781250,B0DB8AF16E20,0003,male,C57BL/6,1.1.1,FR1,0,PelletDrop,112,118,37,4,0,0,,,,,,,,,,,,,,,,,
2026-07-15 08:11:40,71068.843750,B0DB8AF16E20,0003,male,C57BL/6,1.1.1,FR1,0,PelletTaken,112,118,37,4,0,0,14.503,41.000,0,2,,,,,,,,,,,,,
2026-07-15 08:12:19,71107.906250,B0DB8AF16E20,0003,male,C57BL/6,1.1.1,FR1,0,Left,112,119,37,4,0,0,,,,,,,,,,,,,,,,,
2026-07-15 08:12:24,71112.953125,B0DB8AF16E20,0003,male,C57BL/6,1.1.1,FR1,0,PelletDrop,113,119,37,4,0,0,,,,,,,,,,,,,,,,,
2026-07-15 08:12:39,71128.546875,B0DB8AF16E20,0003,male,C57BL/6,1.1.1,FR1,0,PelletTaken,113,119,37,4,0,0,15.042,51.000,0,2,,,,,,,,,,,,,
2026-07-15 08:14:39,71248.007812,B0DB8AF16E20,0003,male,C57BL/6,1.1.1,FR1,0,Left,113,120,37,4,0,0,,,,,,,,,,,,,,,,,
2026-07-15 08:14:44,71253.039062,B0DB8AF16E20,0003,male,C57BL/6,1.1.1,FR1,0,PelletDrop,114,120,37,4,0,0,,,,,,,,,,,,,,,,,
2026-07-15 08:14:57,71266.562500,B0DB8AF16E20,0003,male,C57BL/6,1.1.1,FR1,0,PelletTaken,114,120,37,4,0,0,12.952,61.000,0,2,,,,,,,,,,,,,
2026-07-15 08:20:37,71607.296875,B0DB8AF16E20,0003,male,C57BL/6,1.1.1,FR1,0,Status,114,120,37,4,0,0,,,,,Disabled,24.7,42.4,998.3,14.6,0.000,0.000,247732,339964,181392,15176,3.98,75.37
2026-07-15 08:26:34,71964.296875,B0DB8AF16E20,0003,male,C57BL/6,1.1.1,FR1,0,Left,114,121,37,4,0,0,,,,,,,,,,,,,,,,,
2026-07-15 08:26:42,71972.000000,B0DB8AF16E20,0003,male,C57BL/6,1.1.1,FR1,0,PelletDrop,115,121,37,4,0,0,,,,,,,,,,,,,,,,,
2026-07-15 08:26:52,71982.070312,B0DB8AF16E20,0003,male,C57BL/6,1.1.1,FR1,0,PelletTaken,115,121,37,4,0,0,9.509,110.000,0,3,,,,,,,,,,,,,
2026-07-15 08:28:26,72076.554688,B0DB8AF16E20,0003,male,C57BL/6,1.1.1,FR1,0,Left,115,122,37,4,0,0,,,,,,,,,,,,,,,,,
2026-07-15 08:28:30,72080.398438,B0DB8AF16E20,0003,male,C57BL/6,1.1.1,FR1,0,PelletDrop,116,122,37,4,0,0,,,,,,,,,,,,,,,,,
2026-07-15 08:28:31,72081.210938,B0DB8AF16E20,0003,male,C57BL/6,1.1.1,FR1,0,PelletTaken,116,122,37,4,0,0,0.236,51.000,0,1,,,,,,,,,,,,,
2026-07-15 08:28:55,72105.039062,B0DB8AF16E20,0003,male,C57BL/6,1.1.1,FR1,0,Left,116,123,37,4,0,0,,,,,,,,,,,,,,,,,
2026-07-15 08:29:00,72110.070312,B0DB8AF16E20,0003,male,C57BL/6,1.1.1,FR1,0,PelletDrop,117,123,37,4,0,0,,,,,,,,,,,,,,,,,
2026-07-15 08:29:13,72123.726562,B0DB8AF16E20,0003,male,C57BL/6,1.1.1,FR1,0,PelletTaken,117,123,37,4,0,0,13.095,109.000,0,2,,,,,,,,,,,,,
2026-07-15 08:31:13,72243.992188,B0DB8AF16E20,0003,male,C57BL/6,1.1.1,FR1,0,Status,117,123,37,4,0,0,,,,,Disabled,24.7,42.3,998.3,14.6,0.000,0.000,247732,339964,181392,15305,3.98,75.20
2026-07-15 08:31:47,72277.843750,B0DB8AF16E20,0003,male,C57BL/6,1.1.1,FR1,0,Center,117,123,37,5,0,0,,,,,,,,,,,,,,,,,
2026-07-15 08:31:52,72283.281250,B0DB8AF16E20,0003,male,C57BL/6,1.1.1,FR1,0,Left,117,124,37,5,0,0,,,,,,,,,,,,,,,,,
2026-07-15 08:31:55,72286.093750,B0DB8AF16E20,0003,male,C57BL/6,1.1.1,FR1,0,PelletDrop,118,124,37,5,0,0,,,,,,,,,,,,,,,,,
2026-07-15 08:31:56,72287.257812,B0DB8AF16E20,0003,male,C57BL/6,1.1.1,FR1,0,PelletNotDetected,118,124,37,5,0,0,,,,,,,,,,,,,,,,,
2026-07-15 08:32:19,72310.156250,B0DB8AF16E20,0003,male,C57BL/6,1.1.1,FR1,0,Left,118,125,37,5,0,0,,,,,,,,,,,,,,,,,
2026-07-15 08:32:24,72315.132812,B0DB8AF16E20,0003,male,C57BL/6,1.1.1,FR1,0,PelletDrop,119,125,37,5,0,0,,,,,,,,,,,,,,,,,
2026-07-15 08:32:35,72326.343750,B0DB8AF16E20,0003,male,C57BL/6,1.1.1,FR1,0,PelletTaken,119,125,37,5,0,0,10.653,80.000,0,3,,,,,,,,,,,,,
2026-07-15 08:33:03,72354.273438,B0DB8AF16E20,0003,male,C57BL/6,1.1.1,FR1,0,Left,119,126,37,5,0,0,,,,,,,,,,,,,,,,,
2026-07-15 08:33:08,72359.304688,B0DB8AF16E20,0003,male,C57BL/6,1.1.1,FR1,0,PelletDrop,120,126,37,5,0,0,,,,,,,,,,,,,,,,,
2026-07-15 08:33:18,72369.039062,B0DB8AF16E20,0003,male,C57BL/6,1.1.1,FR1,0,PelletTaken,120,126,37,5,0,0,9.178,69.000,0,2,,,,,,,,,,,,,
2026-07-15 08:40:35,72806.648438,B0DB8AF16E20,0003,male,C57BL/6,1.1.1,FR1,0,Left,120,127,37,5,0,0,,,,,,,,,,,,,,,,,
2026-07-15 08:40:40,72811.710938,B0DB8AF16E20,0003,male,C57BL/6,1.1.1,FR1,0,PelletDrop,121,127,37,5,0,0,,,,,,,,,,,,,,,,,
2026-07-15 08:40:53,72824.273438,B0DB8AF16E20,0003,male,C57BL/6,1.1.1,FR1,0,PelletTaken,121,127,37,5,0,0,12.006,21.000,0,2,,,,,,,,,,,,,
2026-07-15 08:41:52,72883.656250,B0DB8AF16E20,0003,male,C57BL/6,1.1.1,FR1,0,Status,121,127,37,5,0,0,,,,,Disabled,24.8,42.0,998.3,14.6,0.000,0.000,247732,339964,181384,15432,3.97,74.71
2026-07-15 08:43:59,73010.710938,B0DB8AF16E20,0003,male,C57BL/6,1.1.1,FR1,0,Left,121,128,37,5,0,0,,,,,,,,,,,,,,,,,
2026-07-15 08:44:04,73015.742188,B0DB8AF16E20,0003,male,C57BL/6,1.1.1,FR1,0,PelletDrop,122,128,37,5,0,0,,,,,,,,,,,,,,,,,
2026-07-15 08:44:15,73027.382812,B0DB8AF16E20,0003,male,C57BL/6,1.1.1,FR1,0,PelletTaken,122,128,37,5,0,0,11.082,41.000,0,2,,,,,,,,,,,,,
2026-07-15 08:45:35,73107.359375,B0DB8AF16E20,0003,male,C57BL/6,1.1.1,FR1,0,Left,122,129,37,5,0,0,,,,,,,,,,,,,,,,,
2026-07-15 08:45:43,73114.609375,B0DB8AF16E20,0003,male,C57BL/6,1.1.1,FR1,0,PelletDrop,123,129,37,5,0,0,,,,,,,,,,,,,,,,,
2026-07-15 08:45:57,73129.039062,B0DB8AF16E20,0003,male,C57BL/6,1.1.1,FR1,0,PelletTaken,123,129,37,5,0,0,13.853,40.000,0,3,,,,,,,,,,,,,
2026-07-15 08:50:29,73401.351562,B0DB8AF16E20,0003,male,C57BL/6,1.1.1,FR1,0,Right,123,129,38,5,0,0,,,,,,,,,,,,,,,,,
2026-07-15 08:50:30,73402.156250,B0DB8AF16E20,0003,male,C57BL/6,1.1.1,FR1,0,Right,123,129,39,5,0,0,,,,,,,,,,,,,,,,,
2026-07-15 08:50:32,73404.273438,B0DB8AF16E20,0003,male,C57BL/6,1.1.1,FR1,0,Right,123,129,40,5,0,0,,,,,,,,,,,,,,,,,
2026-07-15 08:50:39,73411.750000,B0DB8AF16E20,0003,male,C57BL/6,1.1.1,FR1,0,Right,123,129,41,5,0,0,,,,,,,,,,,,,,,,,
2026-07-15 08:50:48,73420.898438,B0DB8AF16E20,0003,male,C57BL/6,1.1.1,FR1,0,Right,123,129,42,5,0,0,,,,,,,,,,,,,,,,,
2026-07-15 08:50:50,73422.335938,B0DB8AF16E20,0003,male,C57BL/6,1.1.1,FR1,0,Right,123,129,43,5,0,0,,,,,,,,,,,,,,,,,
2026-07-15 08:50:54,73426.453125,B0DB8AF16E20,0003,male,C57BL/6,1.1.1,FR1,0,Right,123,129,44,5,0,0,,,,,,,,,,,,,,,,,
2026-07-15 08:50:57,73429.554688,B0DB8AF16E20,0003,male,C57BL/6,1.1.1,FR1,0,Right,123,129,45,5,0,0,,,,,,,,,,,,,,,,,
2026-07-15 08:51:00,73432.679688,B0DB8AF16E20,0003,male,C57BL/6,1.1.1,FR1,0,Center,123,129,45,6,0,0,,,,,,,,,,,,,,,,,
2026-07-15 08:51:03,73435.015625,B0DB8AF16E20,0003,male,C57BL/6,1.1.1,FR1,0,Left,123,130,45,6,0,0,,,,,,,,,,,,,,,,,
2026-07-15 08:51:05,73437.820312,B0DB8AF16E20,0003,male,C57BL/6,1.1.1,FR1,0,PelletDrop,124,130,45,6,0,0,,,,,,,,,,,,,,,,,
2026-07-15 08:51:07,73438.992188,B0DB8AF16E20,0003,male,C57BL/6,1.1.1,FR1,0,PelletNotDetected,124,130,45,6,0,0,,,,,,,,,,,,,,,,,
2026-07-15 08:52:33,73525.281250,B0DB8AF16E20,0003,male,C57BL/6,1.1.1,FR1,0,Status,124,130,45,6,0,0,,,,,Disabled,24.9,42.5,998.4,14.5,0.000,0.000,247732,339964,181384,15564,3.97,74.71
2026-07-15 08:59:08,73921.156250,B0DB8AF16E20,0003,male,C57BL/6,1.1.1,FR1,0,Left,124,131,45,6,0,0,,,,,,,,,,,,,,,,,
2026-07-15 08:59:14,73926.625000,B0DB8AF16E20,0003,male,C57BL/6,1.1.1,FR1,0,PelletDrop,125,131,45,6,0,0,,,,,,,,,,,,,,,,,
2026-07-15 08:59:29,73941.515625,B0DB8AF16E20,0003,male,C57BL/6,1.1.1,FR1,0,PelletTaken,125,131,45,6,0,0,14.316,21.000,0,3,,,,,,,,,,,,,
2026-07-15 09:03:22,74175.109375,B0DB8AF16E20,0003,male,C57BL/6,1.1.1,FR1,0,Status,125,131,45,6,0,0,,,,,Disabled,24.9,42.0,998.4,14.5,0.000,0.000,247732,339964,181384,15697,3.97,74.71
2026-07-15 09:14:07,74819.843750,B0DB8AF16E20,0003,male,C57BL/6,1.1.1,FR1,0,Status,125,131,45,6,0,0,,,,,Disabled,24.9,42.1,998.4,14.5,0.000,0.000,247732,339964,181376,15834,3.97,74.55
2026-07-15 09:24:51,75465.609375,B0DB8AF16E20,0003,male,C57BL/6,1.1.1,FR1,0,Status,125,131,45,6,0,0,,,,,Disabled,24.9,42.0,998.3,14.7,0.000,0.000,247732,339964,181376,15971,3.97,74.55
2026-07-15 09:35:31,76106.312500,B0DB8AF16E20,0003,male,C57BL/6,1.1.1,FR1,0,Status,125,131,45,6,0,0,,,,,Disabled,24.9,42.0,998.3,14.7,0.000,0.000,247732,339964,181376,16108,3.97,74.38
2026-07-15 09:46:10,76746.117188,B0DB8AF16E20,0003,male,C57BL/6,1.1.1,FR1,0,Status,125,131,45,6,0,0,,,,,Disabled,24.8,42.0,998.3,14.8,0.000,0.000,247732,339964,181376,16245,3.97,74.38
2026-07-15 09:56:58,77394.898438,B0DB8AF16E20,0003,male,C57BL/6,1.1.1,FR1,0,Status,125,131,45,6,0,0,,,,,Disabled,24.8,41.8,998.2,14.7,0.000,0.000,247732,339964,181376,16382,3.97,74.22
2026-07-15 10:07:46,78043.578125,B0DB8AF16E20,0003,male,C57BL/6,1.1.1,FR1,0,Status,125,131,45,6,0,0,,,,,Disabled,24.8,41.8,998.2,14.7,0.000,0.000,247732,339964,181376,16519,3.97,74.05
2026-07-15 10:18:24,78682.390625,B0DB8AF16E20,0003,male,C57BL/6,1.1.1,FR1,0,Status,125,131,45,6,0,0,,,,,Disabled,24.8,42.0,998.1,14.7,0.000,0.000,247732,339964,181376,16656,3.98,74.05
2026-07-15 10:29:05,79324.117188,B0DB8AF16E20,0003,male,C57BL/6,1.1.1,FR1,0,Status,125,131,45,6,0,0,,,,,Disabled,24.7,41.9,998.1,14.7,0.000,0.000,247732,339964,181376,16793,3.96,74.05
2026-07-15 10:39:51,79970.835938,B0DB8AF16E20,0003,male,C57BL/6,1.1.1,FR1,0,Status,125,131,45,6,0,0,,,,,Disabled,24.7,41.8,998.1,14.7,0.000,0.000,247732,339964,181376,16930,3.97,73.89
2026-07-15 10:50:34,80614.625000,B0DB8AF16E20,0003,male,C57BL/6,1.1.1,FR1,0,Status,125,131,45,6,0,0,,,,,Disabled,24.7,42.0,998.1,14.7,0.000,0.000,247732,339964,181376,17067,3.97,73.89
2026-07-15 10:50:46,80626.750000,B0DB8AF16E20,0003,male,C57BL/6,1.1.1,FR1,0,Left,125,132,45,6,0,0,,,,,,,,,,,,,,,,,
2026-07-15 10:50:58,80638.187500,B0DB8AF16E20,0003,male,C57BL/6,1.1.1,FR1,0,PelletDrop,126,132,45,6,0,0,,,,,,,,,,,,,,,,,
2026-07-15 10:51:05,80645.812500,B0DB8AF16E20,0003,male,C57BL/6,1.1.1,FR1,0,PelletTaken,126,132,45,6,0,0,7.056,13.000,0,4,,,,,,,,,,,,,
2026-07-15 10:55:28,80908.367188,B0DB8AF16E20,0003,male,C57BL/6,1.1.1,FR1,0,Left,126,133,45,6,0,0,,,,,,,,,,,,,,,,,
2026-07-15 10:55:31,80912.148438,B0DB8AF16E20,0003,male,C57BL/6,1.1.1,FR1,0,PelletDrop,127,133,45,6,0,0,,,,,,,,,,,,,,,,,
2026-07-15 10:55:33,80913.304688,B0DB8AF16E20,0003,male,C57BL/6,1.1.1,FR1,0,PelletNotDetected,127,133,45,6,0,0,,,,,,,,,,,,,,,,,
2026-07-15 10:58:08,81069.250000,B0DB8AF16E20,0003,male,C57BL/6,1.1.1,FR1,0,Left,127,134,45,6,0,0,,,,,,,,,,,,,,,,,
2026-07-15 10:58:12,81073.226562,B0DB8AF16E20,0003,male,C57BL/6,1.1.1,FR1,0,PelletDrop,128,134,45,6,0,0,,,,,,,,,,,,,,,,,
2026-07-15 10:58:13,81074.375000,B0DB8AF16E20,0003,male,C57BL/6,1.1.1,FR1,0,PelletNotDetected,128,134,45,6,0,0,,,,,,,,,,,,,,,,,
2026-07-15 10:58:39,81100.335938,B0DB8AF16E20,0003,male,C57BL/6,1.1.1,FR1,0,Left,128,135,45,6,0,0,,,,,,,,,,,,,,,,,
2026-07-15 10:58:41,81102.000000,B0DB8AF16E20,0003,male,C57BL/6,1.1.1,FR1,0,PelletDrop,129,135,45,6,0,0,,,,,,,,,,,,,,,,,
2026-07-15 10:58:42,81103.164062,B0DB8AF16E20,0003,male,C57BL/6,1.1.1,FR1,0,PelletNotDetected,129,135,45,6,0,0,,,,,,,,,,,,,,,,,
2026-07-15 10:59:05,81125.984375,B0DB8AF16E20,0003,male,C57BL/6,1.1.1,FR1,0,Left,129,136,45,6,0,0,,,,,,,,,,,,,,,,,
2026-07-15 10:59:16,81137.421875,B0DB8AF16E20,0003,male,C57BL/6,1.1.1,FR1,0,PelletDrop,130,136,45,6,0,0,,,,,,,,,,,,,,,,,
2026-07-15 10:59:29,81149.687500,B0DB8AF16E20,0003,male,C57BL/6,1.1.1,FR1,0,PelletTaken,130,136,45,6,0,0,11.709,51.000,0,7,,,,,,,,,,,,,
2026-07-15 11:01:16,81257.304688,B0DB8AF16E20,0003,male,C57BL/6,1.1.1,FR1,0,Status,130,136,45,6,0,0,,,,,Disabled,24.7,41.7,998.1,14.7,0.000,0.000,247732,339964,181376,17194,3.96,73.56
2026-07-15 11:12:00,81902.054688,B0DB8AF16E20,0003,male,C57BL/6,1.1.1,FR1,0,Status,130,136,45,6,0,0,,,,,Disabled,24.7,42.0,998.1,14.7,0.000,0.000,247732,339964,181376,17331,3.96,73.40
2026-07-15 11:22:42,82544.757812,B0DB8AF16E20,0003,male,C57BL/6,1.1.1,FR1,0,Status,130,136,45,6,0,0,,,,,Disabled,24.7,42.0,998.1,14.7,0.000,0.000,247732,339964,181376,17468,3.96,73.40
2026-07-15 11:33:25,83188.500000,B0DB8AF16E20,0003,male,C57BL/6,1.1.1,FR1,0,Status,130,136,45,6,0,0,,,,,Disabled,24.7,42.1,998.1,14.7,0.000,0.000,247732,339964,181376,17605,3.96,73.23
2026-07-15 11:44:17,83840.273438,B0DB8AF16E20,0003,male,C57BL/6,1.1.1,FR1,0,Status,130,136,45,6,0,0,,,,,Disabled,24.7,42.2,998.1,14.7,0.000,0.000,247732,339964,181376,17742,3.95,73.07
2026-07-15 11:47:54,84057.640625,B0DB8AF16E20,0003,male,C57BL/6,1.1.1,FR1,0,Left,130,137,45,6,0,0,,,,,,,,,,,,,,,,,
2026-07-15 11:47:59,84062.687500,B0DB8AF16E20,0003,male,C57BL/6,1.1.1,FR1,0,PelletDrop,131,137,45,6,0,0,,,,,,,,,,,,,,,,,
2026-07-15 11:48:12,84075.656250,B0DB8AF16E20,0003,male,C57BL/6,1.1.1,FR1,0,PelletTaken,131,137,45,6,0,0,12.412,32.000,0,2,,,,,,,,,,,,,
2026-07-15 11:55:04,84489.039062,B0DB8AF16E20,0003,male,C57BL/6,1.1.1,FR1,0,Status,131,137,45,6,0,0,,,,,Disabled,24.7,42.2,998.0,14.7,0.000,0.000,247732,339964,181376,17875,3.96,72.91
2026-07-15 12:05:50,85135.882812,B0DB8AF16E20,0003,male,C57BL/6,1.1.1,FR1,0,Status,131,137,45,6,0,0,,,,,Disabled,24.7,42.2,998.0,14.7,0.000,0.000,247732,339964,181376,18012,3.96,72.91
2026-07-15 12:16:36,85782.648438,B0DB8AF16E20,0003,male,C57BL/6,1.1.1,FR1,0,Status,131,137,45,6,0,0,,,,,Disabled,24.7,42.2,998.0,14.7,0.000,0.000,247732,339964,181372,18149,3.96,72.91
2026-07-15 12:27:25,86432.492188,B0DB8AF16E20,0003,male,C57BL/6,1.1.1,FR1,0,Status,131,137,45,6,0,0,,,,,Disabled,24.7,42.1,997.9,14.7,0.000,0.000,247732,339964,181372,18286,3.96,72.74
2026-07-15 12:38:12,87080.210938,B0DB8AF16E20,0003,male,C57BL/6,1.1.1,FR1,0,Status,131,137,45,6,0,0,,,,,Disabled,24.6,42.2,997.8,14.8,0.000,0.000,247732,339964,181372,18423,3.96,72.58
2026-07-15 12:48:52,87721.015625,B0DB8AF16E20,0003,male,C57BL/6,1.1.1,FR1,0,Status,131,137,45,6,0,0,,,,,Disabled,24.6,42.3,997.8,14.8,0.000,0.000,247732,339964,181372,18560,3.96,72.58
2026-07-15 12:59:44,88373.687500,B0DB8AF16E20,0003,male,C57BL/6,1.1.1,FR1,0,Status,131,137,45,6,0,0,,,,,Disabled,24.6,42.1,997.7,14.9,0.000,0.000,247732,339964,181372,18697,3.96,72.58
2026-07-15 13:10:31,89021.414062,B0DB8AF16E20,0003,male,C57BL/6,1.1.1,FR1,0,Status,131,137,45,6,0,0,,,,,Disabled,24.6,42.2,997.6,14.9,0.000,0.000,247732,339964,181372,18834,3.95,72.41
2026-07-15 13:14:43,89273.015625,B0DB8AF16E20,0003,male,C57BL/6,1.1.1,FR1,0,Left,131,138,45,6,0,0,,,,,,,,,,,,,,,,,
2026-07-15 13:14:45,89275.781250,B0DB8AF16E20,0003,male,C57BL/6,1.1.1,FR1,0,PelletDrop,132,138,45,6,0,0,,,,,,,,,,,,,,,,,
2026-07-15 13:14:47,89276.945312,B0DB8AF16E20,0003,male,C57BL/6,1.1.1,FR1,0,PelletNotDetected,132,138,45,6,0,0,,,,,,,,,,,,,,,,,
2026-07-15 13:15:33,89323.890625,B0DB8AF16E20,0003,male,C57BL/6,1.1.1,FR1,0,Left,132,139,45,6,0,0,,,,,,,,,,,,,,,,,
2026-07-15 13:15:35,89325.601562,B0DB8AF16E20,0003,male,C57BL/6,1.1.1,FR1,0,PelletDrop,133,139,45,6,0,0,,,,,,,,,,,,,,,,,
2026-07-15 13:15:36,89326.796875,B0DB8AF16E20,0003,male,C57BL/6,1.1.1,FR1,0,PelletTaken,133,139,45,6,0,0,0.632,42.000,0,1,,,,,,,,,,,,,
2026-07-15 13:16:14,89364.531250,B0DB8AF16E20,0003,male,C57BL/6,1.1.1,FR1,0,Left,133,140,45,6,0,0,,,,,,,,,,,,,,,,,
2026-07-15 13:16:19,89369.554688,B0DB8AF16E20,0003,male,C57BL/6,1.1.1,FR1,0,PelletDrop,134,140,45,6,0,0,,,,,,,,,,,,,,,,,
2026-07-15 13:16:35,89384.984375,B0DB8AF16E20,0003,male,C57BL/6,1.1.1,FR1,0,PelletTaken,134,140,45,6,0,0,14.866,71.000,0,2,,,,,,,,,,,,,
2026-07-15 13:21:15,89666.156250,B0DB8AF16E20,0003,male,C57BL/6,1.1.1,FR1,0,Status,134,140,45,6,0,0,,,,,Disabled,24.6,42.2,997.5,14.8,0.000,0.000,247732,339964,181372,18966,3.95,72.25
2026-07-15 13:26:13,89964.843750,B0DB8AF16E20,0003,male,C57BL/6,1.1.1,FR1,0,Right,134,140,46,6,0,0,,,,,,,,,,,,,,,,,
2026-07-15 13:26:15,89966.500000,B0DB8AF16E20,0003,male,C57BL/6,1.1.1,FR1,0,Right,134,140,47,6,0,0,,,,,,,,,,,,,,,,,
2026-07-15 13:26:21,89973.289062,B0DB8AF16E20,0003,male,C57BL/6,1.1.1,FR1,0,Left,134,141,47,6,0,0,,,,,,,,,,,,,,,,,
2026-07-15 13:26:26,89978.320312,B0DB8AF16E20,0003,male,C57BL/6,1.1.1,FR1,0,PelletDrop,135,141,47,6,0,0,,,,,,,,,,,,,,,,,
2026-07-15 13:26:40,89991.703125,B0DB8AF16E20,0003,male,C57BL/6,1.1.1,FR1,0,PelletTaken,135,141,47,6,0,0,12.809,187.000,0,2,,,,,,,,,,,,,
2026-07-15 13:32:18,90329.859375,B0DB8AF16E20,0003,male,C57BL/6,1.1.1,FR1,0,Status,135,141,47,6,0,0,,,,,Disabled,24.6,42.1,997.3,14.7,0.000,0.000,247732,339964,181372,19100,3.95,72.09
2026-07-15 13:33:10,90381.546875,B0DB8AF16E20,0003,male,C57BL/6,1.1.1,FR1,0,Left,135,142,47,6,0,0,,,,,,,,,,,,,,,,,
2026-07-15 13:33:15,90386.578125,B0DB8AF16E20,0003,male,C57BL/6,1.1.1,FR1,0,PelletDrop,136,142,47,6,0,0,,,,,,,,,,,,,,,,,
2026-07-15 13:33:26,90397.976562,B0DB8AF16E20,0003,male,C57BL/6,1.1.1,FR1,0,PelletTaken,136,142,47,6,0,0,10.828,11.000,0,2,,,,,,,,,,,,,
2026-07-15 13:35:30,90521.812500,B0DB8AF16E20,0003,male,C57BL/6,1.1.1,FR1,0,Left,136,143,47,6,0,0,,,,,,,,,,,,,,,,,
2026-07-15 13:35:35,90526.843750,B0DB8AF16E20,0003,male,C57BL/6,1.1.1,FR1,0,PelletDrop,137,143,47,6,0,0,,,,,,,,,,,,,,,,,
2026-07-15 13:35:44,90535.710938,B0DB8AF16E20,0003,male,C57BL/6,1.1.1,FR1,0,PelletTaken,137,143,47,6,0,0,8.310,42.000,0,2,,,,,,,,,,,,,
2026-07-15 13:36:11,90563.171875,B0DB8AF16E20,0003,male,C57BL/6,1.1.1,FR1,0,Left,137,144,47,6,0,0,,,,,,,,,,,,,,,,,
2026-07-15 13:36:16,90568.203125,B0DB8AF16E20,0003,male,C57BL/6,1.1.1,FR1,0,PelletDrop,138,144,47,6,0,0,,,,,,,,,,,,,,,,,
2026-07-15 13:36:26,90577.929688,B0DB8AF16E20,0003,male,C57BL/6,1.1.1,FR1,0,PelletTaken,138,144,47,6,0,0,9.168,12.000,0,2,,,,,,,,,,,,,
2026-07-15 13:41:40,90891.921875,B0DB8AF16E20,0003,male,C57BL/6,1.1.1,FR1,0,Right,138,144,48,6,0,0,,,,,,,,,,,,,,,,,
2026-07-15 13:41:42,90894.468750,B0DB8AF16E20,0003,male,C57BL/6,1.1.1,FR1,0,Left,138,145,48,6,0,0,,,,,,,,,,,,,,,,,
2026-07-15 13:41:47,90899.492188,B0DB8AF16E20,0003,male,C57BL/6,1.1.1,FR1,0,PelletDrop,139,145,48,6,0,0,,,,,,,,,,,,,,,,,
2026-07-15 13:41:59,90910.679688,B0DB8AF16E20,0003,male,C57BL/6,1.1.1,FR1,0,PelletTaken,139,145,48,6,0,0,10.630,31.000,0,2,,,,,,,,,,,,,
2026-07-15 13:43:02,90974.351562,B0DB8AF16E20,0003,male,C57BL/6,1.1.1,FR1,0,Left,139,146,48,6,0,0,,,,,,,,,,,,,,,,,
2026-07-15 13:43:07,90979.398438,B0DB8AF16E20,0003,male,C57BL/6,1.1.1,FR1,0,PelletDrop,140,146,48,6,0,0,,,,,,,,,,,,,,,,,
2026-07-15 13:43:19,90991.820312,B0DB8AF16E20,0003,male,C57BL/6,1.1.1,FR1,0,PelletTaken,140,146,48,6,0,0,11.863,100.000,0,2,,,,,,,,,,,,,
2026-07-15 13:43:27,90999.515625,B0DB8AF16E20,0003,male,C57BL/6,1.1.1,FR1,0,Status,140,146,48,6,0,0,,,,,Disabled,24.7,41.9,997.2,14.6,0.000,0.000,247732,339964,181372,19226,3.96,71.92
2026-07-15 13:43:50,91023.062500,B0DB8AF16E20,0003,male,C57BL/6,1.1.1,FR1,0,Left,140,147,48,6,0,0,,,,,,,,,,,,,,,,,
2026-07-15 13:43:55,91028.093750,B0DB8AF16E20,0003,male,C57BL/6,1.1.1,FR1,0,PelletDrop,141,147,48,6,0,0,,,,,,,,,,,,,,,,,
2026-07-15 13:44:05,91037.671875,B0DB8AF16E20,0003,male,C57BL/6,1.1.1,FR1,0,PelletTaken,141,147,48,6,0,0,9.025,98.000,0,2,,,,,,,,,,,,,
2026-07-15 13:53:58,91631.320312,B0DB8AF16E20,0003,male,C57BL/6,1.1.1,FR1,0,Status,141,147,48,6,0,0,,,,,Disabled,24.7,42.5,997.1,14.7,0.000,0.000,247732,339964,181372,19356,3.95,71.76
2026-07-15 14:04:41,92274.945312,B0DB8AF16E20,0003,male,C57BL/6,1.1.1,FR1,0,Status,141,147,48,6,0,0,,,,,Disabled,24.7,42.7,997.0,14.7,0.000,0.000,247732,339964,181372,19493,3.92,71.76
2026-07-15 14:15:14,92908.054688,B0DB8AF16E20,0003,male,C57BL/6,1.1.1,FR1,0,Status,141,147,48,6,0,0,,,,,Disabled,24.6,43.0,996.8,14.9,0.000,0.000,247732,339964,181372,19630,3.95,71.59
2026-07-15 14:25:46,93541.148438,B0DB8AF16E20,0003,male,C57BL/6,1.1.1,FR1,0,Status,141,147,48,6,0,0,,,,,Disabled,24.5,42.9,996.7,14.9,0.000,0.000,247732,339964,181372,19767,3.96,71.59
2026-07-15 14:36:33,94189.101562,B0DB8AF16E20,0003,male,C57BL/6,1.1.1,FR1,0,Status,141,147,48,6,0,0,,,,,Disabled,24.5,42.5,996.6,14.9,0.000,0.000,247732,339964,181372,19904,3.95,71.43
2026-07-15 14:47:22,94838.828125,B0DB8AF16E20,0003,male,C57BL/6,1.1.1,FR1,0,Status,141,147,48,6,0,0,,,,,Disabled,24.5,42.4,996.5,14.8,0.000,0.000,247732,339964,181372,20041,3.94,71.27
2026-07-15 14:57:54,95471.921875,B0DB8AF16E20,0003,male,C57BL/6,1.1.1,FR1,0,Status,141,147,48,6,0,0,,,,,Disabled,24.4,42.8,996.4,15.0,0.000,0.000,247732,339964,181372,20178,3.96,71.27
2026-07-15 15:08:42,96120.359375,B0DB8AF16E20,0003,male,C57BL/6,1.1.1,FR1,0,Status,141,147,48,6,0,0,,,,,Disabled,24.4,42.5,996.3,15.0,0.000,0.000,247732,339964,181372,20315,3.95,71.10
2026-07-15 15:19:24,96763.109375,B0DB8AF16E20,0003,male,C57BL/6,1.1.1,FR1,0,Status,141,147,48,6,0,0,,,,,Disabled,24.4,42.5,996.2,14.9,0.000,0.000,247732,339964,181372,20452,3.94,71.10
2026-07-15 15:30:06,97405.914062,B0DB8AF16E20,0003,male,C57BL/6,1.1.1,FR1,0,Status,141,147,48,6,0,0,,,,,Disabled,24.4,42.5,996.1,15.0,0.000,0.000,247732,339964,181372,20589,3.95,70.94
2026-07-15 15:40:50,98050.679688,B0DB8AF16E20,0003,male,C57BL/6,1.1.1,FR1,0,Status,141,147,48,6,0,0,,,,,Disabled,24.4,42.5,996.0,15.1,0.000,0.000,247732,339964,181372,20726,3.94,70.94
2026-07-15 15:42:21,98141.851562,B0DB8AF16E20,0003,male,C57BL/6,1.1.1,FR1,0,Left,141,148,48,6,0,0,,,,,,,,,,,,,,,,,
2026-07-15 15:42:29,98149.093750,B0DB8AF16E20,0003,male,C57BL/6,1.1.1,FR1,0,PelletDrop,142,148,48,6,0,0,,,,,,,,,,,,,,,,,
2026-07-15 15:42:45,98165.742188,B0DB8AF16E20,0003,male,C57BL/6,1.1.1,FR1,0,PelletTaken,142,148,48,6,0,0,16.076,33.000,0,3,,,,,,,,,,,,,
2026-07-15 15:43:17,98197.898438,B0DB8AF16E20,0003,male,C57BL/6,1.1.1,FR1,0,Left,142,149,48,6,0,0,,,,,,,,,,,,,,,,,
2026-07-15 15:43:20,98200.804688,B0DB8AF16E20,0003,male,C57BL/6,1.1.1,FR1,0,PelletDrop,143,149,48,6,0,0,,,,,,,,,,,,,,,,,
2026-07-15 15:43:21,98201.953125,B0DB8AF16E20,0003,male,C57BL/6,1.1.1,FR1,0,PelletNotDetected,143,149,48,6,0,0,,,,,,,,,,,,,,,,,
2026-07-15 15:51:29,98690.406250,B0DB8AF16E20,0003,male,C57BL/6,1.1.1,FR1,0,Status,143,149,48,6,0,0,,,,,Disabled,24.4,42.5,996.0,15.0,0.000,0.000,247732,339964,181372,20857,3.94,70.77
2026-07-15 15:56:43,99004.171875,B0DB8AF16E20,0003,male,C57BL/6,1.1.1,FR1,0,Left,143,150,48,6,0,0,,,,,,,,,,,,,,,,,
2026-07-15 15:56:46,99007.375000,B0DB8AF16E20,0003,male,C57BL/6,1.1.1,FR1,0,PelletDrop,144,150,48,6,0,0,,,,,,,,,,,,,,,,,
2026-07-15 15:56:47,99008.546875,B0DB8AF16E20,0003,male,C57BL/6,1.1.1,FR1,0,PelletNotDetected,144,150,48,6,0,0,,,,,,,,,,,,,,,,,
2026-07-15 15:57:06,99027.312500,B0DB8AF16E20,0003,male,C57BL/6,1.1.1,FR1,0,Left,144,151,48,6,0,0,,,,,,,,,,,,,,,,,
2026-07-15 15:57:08,99030.117188,B0DB8AF16E20,0003,male,C57BL/6,1.1.1,FR1,0,PelletDrop,145,151,48,6,0,0,,,,,,,,,,,,,,,,,
2026-07-15 15:57:10,99031.273438,B0DB8AF16E20,0003,male,C57BL/6,1.1.1,FR1,0,PelletNotDetected,145,151,48,6,0,0,,,,,,,,,,,,,,,,,
2026-07-15 15:57:30,99051.960938,B0DB8AF16E20,0003,male,C57BL/6,1.1.1,FR1,0,Left,145,152,48,6,0,0,,,,,,,,,,,,,,,,,
2026-07-15 15:57:39,99060.546875,B0DB8AF16E20,0003,male,C57BL/6,1.1.1,FR1,0,PelletDrop,146,152,48,6,0,0,,,,,,,,,,,,,,,,,
2026-07-15 15:57:48,99069.687500,B0DB8AF16E20,0003,male,C57BL/6,1.1.1,FR1,0,PelletTaken,146,152,48,6,0,0,8.585,51.000,0,6,,,,,,,,,,,,,
2026-07-15 15:58:22,99103.570312,B0DB8AF16E20,0003,male,C57BL/6,1.1.1,FR1,0,Left,146,153,48,6,0,0,,,,,,,,,,,,,,,,,
2026-07-15 15:58:27,99108.617188,B0DB8AF16E20,0003,male,C57BL/6,1.1.1,FR1,0,PelletDrop,147,153,48,6,0,0,,,,,,,,,,,,,,,,,
2026-07-15 15:58:39,99120.429688,B0DB8AF16E20,0003,male,C57BL/6,1.1.1,FR1,0,PelletTaken,147,153,48,6,0,0,11.258,167.000,0,2,,,,,,,,,,,,,
2026-07-15 16:02:03,99325.335938,B0DB8AF16E20,0003,male,C57BL/6,1.1.1,FR1,0,Right,147,153,49,6,0,0,,,,,,,,,,,,,,,,,
2026-07-15 16:02:11,99333.039062,B0DB8AF16E20,0003,male,C57BL/6,1.1.1,FR1,0,Status,147,153,49,6,0,0,,,,,Disabled,24.5,42.6,995.9,15.0,0.000,0.000,247732,339964,181372,20987,3.94,70.61
2026-07-15 16:09:49,99791.335938,B0DB8AF16E20,0003,male,C57BL/6,1.1.1,FR1,0,Left,147,154,49,6,0,0,,,,,,,,,,,,,,,,,
2026-07-15 16:09:56,99798.976562,B0DB8AF16E20,0003,male,C57BL/6,1.1.1,FR1,0,PelletDrop,148,154,49,6,0,0,,,,,,,,,,,,,,,,,
2026-07-15 16:10:04,99806.367188,B0DB8AF16E20,0003,male,C57BL/6,1.1.1,FR1,0,PelletTaken,148,154,49,6,0,0,6.836,13.000,0,3,,,,,,,,,,,,,
2026-07-15 16:11:29,99891.320312,B0DB8AF16E20,0003,male,C57BL/6,1.1.1,FR1,0,Right,148,154,50,6,0,0,,,,,,,,,,,,,,,,,
2026-07-15 16:12:50,99972.828125,B0DB8AF16E20,0003,male,C57BL/6,1.1.1,FR1,0,Status,148,154,50,6,0,0,,,,,Disabled,24.5,42.7,995.9,14.9,0.000,0.000,247732,339964,181372,21122,3.94,70.45
2026-07-15 16:15:52,100155.601562,B0DB8AF16E20,0003,male,C57BL/6,1.1.1,FR1,0,Right,148,154,51,6,0,0,,,,,,,,,,,,,,,,,
2026-07-15 16:15:55,100158.046875,B0DB8AF16E20,0003,male,C57BL/6,1.1.1,FR1,0,Left,148,155,51,6,0,0,,,,,,,,,,,,,,,,,
2026-07-15 16:16:00,100163.070312,B0DB8AF16E20,0003,male,C57BL/6,1.1.1,FR1,0,PelletDrop,149,155,51,6,0,0,,,,,,,,,,,,,,,,,
2026-07-15 16:16:09,100172.132812,B0DB8AF16E20,0003,male,C57BL/6,1.1.1,FR1,0,PelletTaken,149,155,51,6,0,0,8.475,22.000,0,2,,,,,,,,,,,,,
2026-07-15 16:16:31,100194.187500,B0DB8AF16E20,0003,male,C57BL/6,1.1.1,FR1,0,Left,149,156,51,6,0,0,,,,,,,,,,,,,,,,,
2026-07-15 16:16:36,100199.218750,B0DB8AF16E20,0003,male,C57BL/6,1.1.1,FR1,0,PelletDrop,150,156,51,6,0,0,,,,,,,,,,,,,,,,,
2026-07-15 16:16:43,100205.898438,B0DB8AF16E20,0003,male,C57BL/6,1.1.1,FR1,0,PelletTaken,150,156,51,6,0,0,6.121,32.000,0,2,,,,,,,,,,,,,
2026-07-15 16:17:05,100227.945312,B0DB8AF16E20,0003,male,C57BL/6,1.1.1,FR1,0,Left,150,157,51,6,0,0,,,,,,,,,,,,,,,,,
2026-07-15 16:17:10,100232.968750,B0DB8AF16E20,0003,male,C57BL/6,1.1.1,FR1,0,PelletDrop,151,157,51,6,0,0,,,,,,,,,,,,,,,,,
2026-07-15 16:17:19,100242.406250,B0DB8AF16E20,0003,male,C57BL/6,1.1.1,FR1,0,PelletTaken,151,157,51,6,0,0,8.871,23.000,0,2,,,,,,,,,,,,,
2026-07-15 16:17:47,100269.867188,B0DB8AF16E20,0003,male,C57BL/6,1.1.1,FR1,0,Left,151,158,51,6,0,0,,,,,,,,,,,,,,,,,
2026-07-15 16:17:54,100277.109375,B0DB8AF16E20,0003,male,C57BL/6,1.1.1,FR1,0,PelletDrop,152,158,51,6,0,0,,,,,,,,,,,,,,,,,
2026-07-15 16:18:01,100284.656250,B0DB8AF16E20,0003,male,C57BL/6,1.1.1,FR1,0,PelletTaken,152,158,51,6,0,0,6.990,12.000,0,3,,,,,,,,,,,,,
2026-07-15 16:21:36,100499.882812,B0DB8AF16E20,0003,male,C57BL/6,1.1.1,FR1,0,Right,152,158,52,6,0,0,,,,,,,,,,,,,,,,,
2026-07-15 16:23:35,100618.515625,B0DB8AF16E20,0003,male,C57BL/6,1.1.1,FR1,0,Status,152,158,52,6,0,0,,,,,Disabled,24.6,42.6,995.8,14.8,0.000,0.000,247732,339964,181372,21248,3.94,70.45
2026-07-15 16:34:19,101263.250000,B0DB8AF16E20,0003,male,C57BL/6,1.1.1,FR1,0,Status,152,158,52,6,0,0,,,,,Disabled,24.6,42.8,995.7,14.9,0.000,0.000,247732,339964,181372,21385,3.94,70.28
2026-07-15 16:38:32,101516.382812,B0DB8AF16E20,0003,male,C57BL/6,1.1.1,FR1,0,Left,152,159,52,6,0,0,,,,,,,,,,,,,,,,,
2026-07-15 16:38:37,101521.414062,B0DB8AF16E20,0003,male,C57BL/6,1.1.1,FR1,0,PelletDrop,153,159,52,6,0,0,,,,,,,,,,,,,,,,,
2026-07-15 16:38:48,101532.687500,B0DB8AF16E20,0003,male,C57BL/6,1.1.1,FR1,0,PelletTaken,153,159,52,6,0,0,10.697,22.000,0,2,,,,,,,,,,,,,
2026-07-15 16:39:14,101558.835938,B0DB8AF16E20,0003,male,C57BL/6,1.1.1,FR1,0,Left,153,160,52,6,0,0,,,,,,,,,,,,,,,,,
2026-07-15 16:39:19,101563.867188,B0DB8AF16E20,0003,male,C57BL/6,1.1.1,FR1,0,PelletDrop,154,160,52,6,0,0,,,,,,,,,,,,,,,,,
2026-07-15 16:39:30,101574.117188,B0DB8AF16E20,0003,male,C57BL/6,1.1.1,FR1,0,PelletTaken,154,160,52,6,0,0,9.696,11.000,0,2,,,,,,,,,,,,,
2026-07-15 16:40:04,101608.187500,B0DB8AF16E20,0003,male,C57BL/6,1.1.1,FR1,0,Left,154,161,52,6,0,0,,,,,,,,,,,,,,,,,
2026-07-15 16:40:11,101615.437500,B0DB8AF16E20,0003,male,C57BL/6,1.1.1,FR1,0,PelletDrop,155,161,52,6,0,0,,,,,,,,,,,,,,,,,
2026-07-15 16:40:20,101624.171875,B0DB8AF16E20,0003,male,C57BL/6,1.1.1,FR1,0,PelletTaken,155,161,52,6,0,0,8.178,50.000,0,3,,,,,,,,,,,,,
2026-07-15 16:40:54,101658.148438,B0DB8AF16E20,0003,male,C57BL/6,1.1.1,FR1,0,Left,155,162,52,6,0,0,,,,,,,,,,,,,,,,,
2026-07-15 16:40:59,101663.195312,B0DB8AF16E20,0003,male,C57BL/6,1.1.1,FR1,0,PelletDrop,156,162,52,6,0,0,,,,,,,,,,,,,,,,,
2026-07-15 16:41:10,101674.546875,B0DB8AF16E20,0003,male,C57BL/6,1.1.1,FR1,0,PelletTaken,156,162,52,6,0,0,10.796,60.000,0,2,,,,,,,,,,,,,
2026-07-15 16:45:05,101909.945312,B0DB8AF16E20,0003,male,C57BL/6,1.1.1,FR1,0,Status,156,162,52,6,0,0,,,,,Disabled,24.7,42.5,995.7,14.9,0.000,0.000,247732,339964,181372,21509,3.93,69.95
2026-07-15 16:55:48,102553.726562,B0DB8AF16E20,0003,male,C57BL/6,1.1.1,FR1,0,Status,156,162,52,6,0,0,,,,,Disabled,24.7,42.9,995.7,14.8,0.000,0.000,247732,339964,181372,21646,3.95,69.95
2026-07-15 17:06:35,103201.531250,B0DB8AF16E20,0003,male,C57BL/6,1.1.1,FR1,0,Status,156,162,52,6,0,0,,,,,Disabled,24.7,42.8,995.7,14.8,0.000,0.000,247732,339964,181372,21783,3.94,69.95
2026-07-15 17:17:25,103852.265625,B0DB8AF16E20,0003,male,C57BL/6,1.1.1,FR1,0,Status,156,162,52,6,0,0,,,,,Disabled,24.7,42.7,995.7,14.8,0.000,0.000,247732,339964,181372,21920,3.95,69.79
2026-07-15 17:28:11,104498.937500,B0DB8AF16E20,0003,male,C57BL/6,1.1.1,FR1,0,Status,156,162,52,6,0,0,,,,,Disabled,24.6,42.7,995.6,14.9,0.000,0.000,247732,339964,181372,22057,3.94,69.62
2026-07-15 17:39:03,105151.703125,B0DB8AF16E20,0003,male,C57BL/6,1.1.1,FR1,0,Status,156,162,52,6,0,0,,,,,Disabled,24.6,42.4,995.5,14.9,0.000,0.000,247732,339964,181372,22194,3.93,69.62
2026-07-15 17:49:54,105803.515625,B0DB8AF16E20,0003,male,C57BL/6,1.1.1,FR1,0,Status,156,162,52,6,0,0,,,,,Disabled,24.6,42.4,995.4,14.9,0.000,0.000,247732,339964,181372,22331,3.93,69.46
2026-07-15 18:00:38,106448.171875,B0DB8AF16E20,0003,male,C57BL/6,1.1.1,FR1,0,Status,156,162,52,6,0,0,,,,,Disabled,24.6,42.5,995.3,14.9,0.000,0.000,247732,339964,181372,22468,3.94,69.46
2026-07-15 18:11:24,107095.031250,B0DB8AF16E20,0003,male,C57BL/6,1.1.1,FR1,0,Status,156,162,52,6,0,0,,,,,Disabled,24.6,42.3,995.3,15.0,0.000,0.000,247732,339964,181372,22605,3.92,69.30
2026-07-15 18:22:14,107745.726562,B0DB8AF16E20,0003,male,C57BL/6,1.1.1,FR1,0,Status,156,162,52,6,0,0,,,,,Disabled,24.6,42.2,995.3,15.0,0.000,0.000,247732,339964,181372,22742,3.94,69.30
2026-07-15 18:28:14,108106.921875,B0DB8AF16E20,0003,male,C57BL/6,1.1.1,FR1,0,Left,156,163,52,6,0,0,,,,,,,,,,,,,,,,,
2026-07-15 18:28:19,108111.953125,B0DB8AF16E20,0003,male,C57BL/6,1.1.1,FR1,0,PelletDrop,157,163,52,6,0,0,,,,,,,,,,,,,,,,,
2026-07-15 18:28:32,108124.250000,B0DB8AF16E20,0003,male,C57BL/6,1.1.1,FR1,0,PelletTaken,157,163,52,6,0,0,11.742,60.000,0,2,,,,,,,,,,,,,
2026-07-15 18:29:09,108162.101562,B0DB8AF16E20,0003,male,C57BL/6,1.1.1,FR1,0,Left,157,164,52,6,0,0,,,,,,,,,,,,,,,,,
2026-07-15 18:29:17,108169.835938,B0DB8AF16E20,0003,male,C57BL/6,1.1.1,FR1,0,PelletDrop,158,164,52,6,0,0,,,,,,,,,,,,,,,,,
2026-07-15 18:29:18,108170.992188,B0DB8AF16E20,0003,male,C57BL/6,1.1.1,FR1,0,PelletNotDetected,158,164,52,6,0,0,,,,,,,,,,,,,,,,,
2026-07-15 18:29:51,108204.187500,B0DB8AF16E20,0003,male,C57BL/6,1.1.1,FR1,0,Left,158,165,52,6,0,0,,,,,,,,,,,,,,,,,
2026-07-15 18:30:02,108215.101562,B0DB8AF16E20,0003,male,C57BL/6,1.1.1,FR1,0,PelletDrop,159,165,52,6,0,0,,,,,,,,,,,,,,,,,
2026-07-15 18:30:10,108222.890625,B0DB8AF16E20,0003,male,C57BL/6,1.1.1,FR1,0,PelletTaken,159,165,52,6,0,0,7.232,40.000,0,7,,,,,,,,,,,,,
2026-07-15 18:33:01,108392.523438,B0DB8AF16E20,0003,male,C57BL/6,1.1.1,FR1,0,Status,159,165,52,6,0,0,,,,,Disabled,24.7,42.1,995.3,14.9,0.000,0.000,247732,339964,181372,22870,3.93,69.13
2026-07-15 18:42:39,108971.953125,B0DB8AF16E20,0003,male,C57BL/6,1.1.1,FR1,0,Left,159,166,52,6,0,0,,,,,,,,,,,,,,,,,
2026-07-15 18:42:44,108977.007812,B0DB8AF16E20,0003,male,C57BL/6,1.1.1,FR1,0,PelletDrop,160,166,52,6,0,0,,,,,,,,,,,,,,,,,
2026-07-15 18:42:54,108986.289062,B0DB8AF16E20,0003,male,C57BL/6,1.1.1,FR1,0,PelletTaken,160,166,52,6,0,0,8.728,31.000,0,2,,,,,,,,,,,,,
2026-07-15 18:43:40,109032.656250,B0DB8AF16E20,0003,male,C57BL/6,1.1.1,FR1,0,Left,160,167,52,6,0,0,,,,,,,,,,,,,,,,,
2026-07-15 18:43:45,109037.687500,B0DB8AF16E20,0003,male,C57BL/6,1.1.1,FR1,0,PelletDrop,161,167,52,6,0,0,,,,,,,,,,,,,,,,,
2026-07-15 18:43:53,109045.382812,B0DB8AF16E20,0003,male,C57BL/6,1.1.1,FR1,0,PelletTaken,161,167,52,6,0,0,7.122,60.000,0,2,,,,,,,,,,,,,
2026-07-15 18:44:01,109053.101562,B0DB8AF16E20,0003,male,C57BL/6,1.1.1,FR1,0,Status,161,167,52,6,0,0,,,,,Disabled,24.7,42.0,995.2,14.8,0.000,0.000,247732,339964,181372,23005,3.93,68.97
2026-07-15 18:44:13,109065.406250,B0DB8AF16E20,0003,male,C57BL/6,1.1.1,FR1,0,Left,161,168,52,6,0,0,,,,,,,,,,,,,,,,,
2026-07-15 18:44:18,109070.890625,B0DB8AF16E20,0003,male,C57BL/6,1.1.1,FR1,0,PelletDrop,162,168,52,6,0,0,,,,,,,,,,,,,,,,,
2026-07-15 18:44:25,109077.484375,B0DB8AF16E20,0003,male,C57BL/6,1.1.1,FR1,0,PelletTaken,162,168,52,6,0,0,6.033,70.000,0,2,,,,,,,,,,,,,
2026-07-15 18:53:04,109597.171875,B0DB8AF16E20,0003,male,C57BL/6,1.1.1,FR1,0,Left,162,169,52,6,0,0,,,,,,,,,,,,,,,,,
2026-07-15 18:53:11,109604.414062,B0DB8AF16E20,0003,male,C57BL/6,1.1.1,FR1,0,PelletDrop,163,169,52,6,0,0,,,,,,,,,,,,,,,,,
2026-07-15 18:53:17,109610.304688,B0DB8AF16E20,0003,male,C57BL/6,1.1.1,FR1,0,PelletTaken,163,169,52,6,0,0,5.317,50.000,0,3,,,,,,,,,,,,,
2026-07-15 18:54:28,109681.835938,B0DB8AF16E20,0003,male,C57BL/6,1.1.1,FR1,0,Left,163,170,52,6,0,0,,,,,,,,,,,,,,,,,
2026-07-15 18:54:33,109686.867188,B0DB8AF16E20,0003,male,C57BL/6,1.1.1,FR1,0,PelletDrop,164,170,52,6,0,0,,,,,,,,,,,,,,,,,
2026-07-15 18:54:40,109692.992188,B0DB8AF16E20,0003,male,C57BL/6,1.1.1,FR1,0,PelletTaken,164,170,52,6,0,0,5.571,12.000,0,2,,,,,,,,,,,,,
2026-07-15 18:54:47,109700.726562,B0DB8AF16E20,0003,male,C57BL/6,1.1.1,FR1,0,Status,164,170,52,6,0,0,,,,,Disabled,24.8,41.9,995.2,14.7,0.000,0.000,247732,339964,181372,23134,3.93,68.97
2026-07-15 18:55:00,109713.992188,B0DB8AF16E20,0003,male,C57BL/6,1.1.1,FR1,0,Left,164,171,52,6,0,0,,,,,,,,,,,,,,,,,
2026-07-15 18:55:06,109719.023438,B0DB8AF16E20,0003,male,C57BL/6,1.1.1,FR1,0,PelletDrop,165,171,52,6,0,0,,,,,,,,,,,,,,,,,
2026-07-15 18:55:12,109725.414062,B0DB8AF16E20,0003,male,C57BL/6,1.1.1,FR1,0,PelletTaken,165,171,52,6,0,0,5.835,40.000,0,2,,,,,,,,,,,,,
2026-07-15 18:59:10,109963.828125,B0DB8AF16E20,0003,male,C57BL/6,1.1.1,FR1,0,Right,165,171,53,6,0,0,,,,,,,,,,,,,,,,,
2026-07-15 19:05:23,110337.585938,B0DB8AF16E20,0003,male,C57BL/6,1.1.1,FR1,0,Status,165,171,53,6,0,0,,,,,Disabled,24.9,42.5,995.2,14.9,0.000,0.000,247732,339964,181372,23266,3.92,68.80
2026-07-15 19:06:13,110387.398438,B0DB8AF16E20,0003,male,C57BL/6,1.1.1,FR1,0,Left,165,172,53,6,0,0,,,,,,,,,,,,,,,,,
2026-07-15 19:06:18,110392.445312,B0DB8AF16E20,0003,male,C57BL/6,1.1.1,FR1,0,PelletDrop,166,172,53,6,0,0,,,,,,,,,,,,,,,,,
2026-07-15 19:06:26,110400.023438,B0DB8AF16E20,0003,male,C57BL/6,1.1.1,FR1,0,PelletTaken,166,172,53,6,0,0,7.023,99.000,0,2,,,,,,,,,,,,,
2026-07-15 19:16:14,110989.273438,B0DB8AF16E20,0003,male,C57BL/6,1.1.1,FR1,0,Status,166,172,53,6,0,0,,,,,Disabled,24.9,42.6,995.2,14.7,0.000,0.000,247732,339964,181372,23402,3.93,68.64
2026-07-15 19:19:58,111213.507812,B0DB8AF16E20,0003,male,C57BL/6,1.1.1,FR1,0,Left,166,173,53,6,0,0,,,,,,,,,,,,,,,,,
2026-07-15 19:20:12,111227.179688,B0DB8AF16E20,0003,male,C57BL/6,1.1.1,FR1,0,PelletDrop,167,173,53,6,0,0,,,,,,,,,,,,,,,,,
2026-07-15 19:20:13,111228.328125,B0DB8AF16E20,0003,male,C57BL/6,1.1.1,FR1,0,PelletNotDetected,167,173,53,6,0,0,,,,,,,,,,,,,,,,,
2026-07-15 19:20:54,111269.953125,B0DB8AF16E20,0003,male,C57BL/6,1.1.1,FR1,0,Left,167,174,53,6,0,0,,,,,,,,,,,,,,,,,
2026-07-15 19:20:59,111274.929688,B0DB8AF16E20,0003,male,C57BL/6,1.1.1,FR1,0,PelletDrop,168,174,53,6,0,0,,,,,,,,,,,,,,,,,
2026-07-15 19:21:07,111282.250000,B0DB8AF16E20,0003,male,C57BL/6,1.1.1,FR1,0,PelletTaken,168,174,53,6,0,0,6.747,30.000,0,7,,,,,,,,,,,,,
2026-07-15 19:27:06,111642.070312,B0DB8AF16E20,0003,male,C57BL/6,1.1.1,FR1,0,Status,168,174,53,6,0,0,,,,,Disabled,24.9,42.6,995.2,14.6,0.000,0.000,247732,339964,181372,23534,3.94,68.48
2026-07-15 19:29:25,111781.203125,B0DB8AF16E20,0003,male,C57BL/6,1.1.1,FR1,0,Right,168,174,54,6,0,0,,,,,,,,,,,,,,,,,
2026-07-15 19:33:51,112047.906250,B0DB8AF16E20,0003,male,C57BL/6,1.1.1,FR1,0,Right,168,174,55,6,0,0,,,,,,,,,,,,,,,,,
2026-07-15 19:33:55,112051.718750,B0DB8AF16E20,0003,male,C57BL/6,1.1.1,FR1,0,Left,168,175,55,6,0,0,,,,,,,,,,,,,,,,,
2026-07-15 19:34:00,112056.742188,B0DB8AF16E20,0003,male,C57BL/6,1.1.1,FR1,0,PelletDrop,169,175,55,6,0,0,,,,,,,,,,,,,,,,,
2026-07-15 19:34:08,112065.164062,B0DB8AF16E20,0003,male,C57BL/6,1.1.1,FR1,0,PelletTaken,169,175,55,6,0,0,7.859,41.000,0,2,,,,,,,,,,,,,
2026-07-15 19:34:43,112099.484375,B0DB8AF16E20,0003,male,C57BL/6,1.1.1,FR1,0,Left,169,176,55,6,0,0,,,,,,,,,,,,,,,,,
2026-07-15 19:34:48,112104.531250,B0DB8AF16E20,0003,male,C57BL/6,1.1.1,FR1,0,PelletDrop,170,176,55,6,0,0,,,,,,,,,,,,,,,,,
2026-07-15 19:34:55,112112.070312,B0DB8AF16E20,0003,male,C57BL/6,1.1.1,FR1,0,PelletTaken,170,176,55,6,0,0,6.979,13.000,0,2,,,,,,,,,,,,,
2026-07-15 19:36:49,112225.718750,B0DB8AF16E20,0003,male,C57BL/6,1.1.1,FR1,0,Left,170,177,55,6,0,0,,,,,,,,,,,,,,,,,
2026-07-15 19:36:54,112230.742188,B0DB8AF16E20,0003,male,C57BL/6,1.1.1,FR1,0,PelletDrop,171,177,55,6,0,0,,,,,,,,,,,,,,,,,
2026-07-15 19:37:02,112239.406250,B0DB8AF16E20,0003,male,C57BL/6,1.1.1,FR1,0,PelletTaken,171,177,55,6,0,0,8.090,31.000,0,2,,,,,,,,,,,,,
2026-07-15 19:38:01,112297.757812,B0DB8AF16E20,0003,male,C57BL/6,1.1.1,FR1,0,Status,171,177,55,6,0,0,,,,,Disabled,25.0,42.6,995.2,14.5,0.000,0.000,247732,339964,181372,23663,3.92,68.48
2026-07-15 19:49:05,112962.570312,B0DB8AF16E20,0003,male,C57BL/6,1.1.1,FR1,0,Status,171,177,55,6,0,0,,,,,Disabled,25.1,42.7,995.1,14.4,0.000,0.000,247732,339964,181372,23800,3.92,68.31
2026-07-15 19:53:25,113223.085938,B0DB8AF16E20,0003,male,C57BL/6,1.1.1,FR1,0,Left,171,178,55,6,0,0,,,,,,,,,,,,,,,,,
2026-07-15 19:53:30,113228.507812,B0DB8AF16E20,0003,male,C57BL/6,1.1.1,FR1,0,PelletDrop,172,178,55,6,0,0,,,,,,,,,,,,,,,,,
2026-07-15 19:53:38,113235.953125,B0DB8AF16E20,0003,male,C57BL/6,1.1.1,FR1,0,PelletTaken,172,178,55,6,0,0,6.891,100.000,0,2,,,,,,,,,,,,,
2026-07-15 19:54:01,113259.453125,B0DB8AF16E20,0003,male,C57BL/6,1.1.1,FR1,0,Left,172,179,55,6,0,0,,,,,,,,,,,,,,,,,
2026-07-15 19:54:06,113264.500000,B0DB8AF16E20,0003,male,C57BL/6,1.1.1,FR1,0,PelletDrop,173,179,55,6,0,0,,,,,,,,,,,,,,,,,
2026-07-15 19:54:12,113270.460938,B0DB8AF16E20,0003,male,C57BL/6,1.1.1,FR1,0,PelletTaken,173,179,55,6,0,0,5.406,70.000,0,2,,,,,,,,,,,,,
2026-07-15 19:54:33,113291.570312,B0DB8AF16E20,0003,male,C57BL/6,1.1.1,FR1,0,Left,173,180,55,6,0,0,,,,,,,,,,,,,,,,,
2026-07-15 19:54:38,113296.601562,B0DB8AF16E20,0003,male,C57BL/6,1.1.1,FR1,0,PelletDrop,174,180,55,6,0,0,,,,,,,,,,,,,,,,,
2026-07-15 19:54:47,113305.070312,B0DB8AF16E20,0003,male,C57BL/6,1.1.1,FR1,0,PelletTaken,174,180,55,6,0,0,7.902,50.000,0,2,,,,,,,,,,,,,
2026-07-15 20:00:09,113627.250000,B0DB8AF16E20,0003,male,C57BL/6,1.1.1,FR1,0,Status,174,180,55,6,0,0,,,,,Disabled,25.1,42.5,995.1,14.4,0.000,0.000,247732,339964,181372,23930,3.92,68.02
2026-07-15 20:04:14,113872.320312,B0DB8AF16E20,0003,male,C57BL/6,1.1.1,FR1,0,Left,174,181,55,6,0,0,,,,,,,,,,,,,,,,,
2026-07-15 20:04:21,113879.585938,B0DB8AF16E20,0003,male,C57BL/6,1.1.1,FR1,0,PelletDrop,175,181,55,6,0,0,,,,,,,,,,,,,,,,,
2026-07-15 20:04:25,113883.703125,B0DB8AF16E20,0003,male,C57BL/6,1.1.1,FR1,0,PelletTaken,175,181,55,6,0,0,3.557,11.000,0,3,,,,,,,,,,,,,
2026-07-15 20:11:14,114291.992188,B0DB8AF16E20,0003,male,C57BL/6,1.1.1,FR1,0,Status,175,181,55,6,0,0,,,,,Disabled,25.2,42.2,995.2,14.4,0.000,0.000,247732,339964,181372,24064,3.92,67.88
2026-07-15 20:11:28,114306.632812,B0DB8AF16E20,0003,male,C57BL/6,1.1.1,FR1,0,Right,175,181,56,6,0,0,,,,,,,,,,,,,,,,,
2026-07-15 20:11:30,114308.640625,B0DB8AF16E20,0003,male,C57BL/6,1.1.1,FR1,0,Left,175,182,56,6,0,0,,,,,,,,,,,,,,,,,
2026-07-15 20:11:35,114313.671875,B0DB8AF16E20,0003,male,C57BL/6,1.1.1,FR1,0,PelletDrop,176,182,56,6,0,0,,,,,,,,,,,,,,,,,
2026-07-15 20:11:42,114320.765625,B0DB8AF16E20,0003,male,C57BL/6,1.1.1,FR1,0,PelletTaken,176,182,56,6,0,0,6.539,81.000,0,2,,,,,,,,,,,,,
2026-07-15 20:12:03,114341.367188,B0DB8AF16E20,0003,male,C57BL/6,1.1.1,FR1,0,Left,176,183,56,6,0,0,,,,,,,,,,,,,,,,,
2026-07-15 20:12:08,114346.406250,B0DB8AF16E20,0003,male,C57BL/6,1.1.1,FR1,0,PelletDrop,177,183,56,6,0,0,,,,,,,,,,,,,,,,,
2026-07-15 20:12:14,114352.625000,B0DB8AF16E20,0003,male,C57BL/6,1.1.1,FR1,0,PelletTaken,177,183,56,6,0,0,5.659,21.000,0,2,,,,,,,,,,,,,
2026-07-15 20:12:38,114376.132812,B0DB8AF16E20,0003,male,C57BL/6,1.1.1,FR1,0,Left,177,184,56,6,0,0,,,,,,,,,,,,,,,,,
2026-07-15 20:12:43,114381.156250,B0DB8AF16E20,0003,male,C57BL/6,1.1.1,FR1,0,PelletDrop,178,184,56,6,0,0,,,,,,,,,,,,,,,,,
2026-07-15 20:12:49,114387.523438,B0DB8AF16E20,0003,male,C57BL/6,1.1.1,FR1,0,PelletTaken,178,184,56,6,0,0,5.790,21.000,0,2,,,,,,,,,,,,,
2026-07-15 20:20:06,114825.140625,B0DB8AF16E20,0003,male,C57BL/6,1.1.1,FR1,0,Left,178,185,56,6,0,0,,,,,,,,,,,,,,,,,
2026-07-15 20:20:11,114830.164062,B0DB8AF16E20,0003,male,C57BL/6,1.1.1,FR1,0,PelletDrop,179,185,56,6,0,0,,,,,,,,,,,,,,,,,
2026-07-15 20:20:19,114838.406250,B0DB8AF16E20,0003,male,C57BL/6,1.1.1,FR1,0,PelletTaken,179,185,56,6,0,0,7.683,11.000,0,2,,,,,,,,,,,,,
2026-07-15 20:22:16,114955.632812,B0DB8AF16E20,0003,male,C57BL/6,1.1.1,FR1,0,Status,179,185,56,6,0,0,,,,,Disabled,25.2,42.1,995.2,14.4,0.000,0.000,247732,339964,181348,24192,3.93,67.73
2026-07-15 20:33:23,115623.437500,B0DB8AF16E20,0003,male,C57BL/6,1.1.1,FR1,0,Status,179,185,56,6,0,0,,,,,Disabled,25.3,42.3,995.2,14.4,0.000,0.000,247732,339964,181348,24329,3.91,67.73
2026-07-15 20:44:26,116287.601562,B0DB8AF16E20,0003,male,C57BL/6,1.1.1,FR1,0,Left,179,186,56,6,0,0,,,,,,,,,,,,,,,,,
2026-07-15 20:44:32,116293.132812,B0DB8AF16E20,0003,male,C57BL/6,1.1.1,FR1,0,PelletDrop,180,186,56,6,0,0,,,,,,,,,,,,,,,,,
2026-07-15 20:44:38,116299.687500,B0DB8AF16E20,0003,male,C57BL/6,1.1.1,FR1,0,PelletTaken,180,186,56,6,0,0,6.000,42.000,0,2,,,,,,,,,,,,,
2026-07-15 20:44:46,116307.390625,B0DB8AF16E20,0003,male,C57BL/6,1.1.1,FR1,0,Status,180,186,56,6,0,0,,,,,Disabled,25.3,41.9,995.2,14.4,0.000,0.000,247732,339964,181348,24467,3.92,67.59
2026-07-15 20:47:31,116472.445312,B0DB8AF16E20,0003,male,C57BL/6,1.1.1,FR1,0,Left,180,187,56,6,0,0,,,,,,,,,,,,,,,,,
2026-07-15 20:47:36,116477.476562,B0DB8AF16E20,0003,male,C57BL/6,1.1.1,FR1,0,PelletDrop,181,187,56,6,0,0,,,,,,,,,,,,,,,,,
2026-07-15 20:47:42,116483.554688,B0DB8AF16E20,0003,male,C57BL/6,1.1.1,FR1,0,PelletTaken,181,187,56,6,0,0,5.527,147.000,0,2,,,,,,,,,,,,,
2026-07-15 20:47:59,116501.039062,B0DB8AF16E20,0003,male,C57BL/6,1.1.1,FR1,0,Left,181,188,56,6,0,0,,,,,,,,,,,,,,,,,
2026-07-15 20:48:04,116506.031250,B0DB8AF16E20,0003,male,C57BL/6,1.1.1,FR1,0,PelletDrop,182,188,56,6,0,0,,,,,,,,,,,,,,,,,
2026-07-15 20:48:09,116510.906250,B0DB8AF16E20,0003,male,C57BL/6,1.1.1,FR1,0,PelletTaken,182,188,56,6,0,0,4.317,12.000,0,2,,,,,,,,,,,,,
2026-07-15 20:48:33,116535.265625,B0DB8AF16E20,0003,male,C57BL/6,1.1.1,FR1,0,Left,182,189,56,6,0,0,,,,,,,,,,,,,,,,,
2026-07-15 20:48:38,116540.304688,B0DB8AF16E20,0003,male,C57BL/6,1.1.1,FR1,0,PelletDrop,183,189,56,6,0,0,,,,,,,,,,,,,,,,,
2026-07-15 20:48:45,116546.578125,B0DB8AF16E20,0003,male,C57BL/6,1.1.1,FR1,0,PelletTaken,183,189,56,6,0,0,5.702,98.000,0,2,,,,,,,,,,,,,
2026-07-15 20:49:05,116566.453125,B0DB8AF16E20,0003,male,C57BL/6,1.1.1,FR1,0,Left,183,190,56,6,0,0,,,,,,,,,,,,,,,,,
2026-07-15 20:49:10,116571.484375,B0DB8AF16E20,0003,male,C57BL/6,1.1.1,FR1,0,PelletDrop,184,190,56,6,0,0,,,,,,,,,,,,,,,,,
2026-07-15 20:49:18,116579.585938,B0DB8AF16E20,0003,male,C57BL/6,1.1.1,FR1,0,PelletTaken,184,190,56,6,0,0,7.540,31.000,0,2,,,,,,,,,,,,,
2026-07-15 20:49:43,116605.156250,B0DB8AF16E20,0003,male,C57BL/6,1.1.1,FR1,0,Left,184,191,56,6,0,0,,,,,,,,,,,,,,,,,
2026-07-15 20:49:48,116610.187500,B0DB8AF16E20,0003,male,C57BL/6,1.1.1,FR1,0,PelletDrop,185,191,56,6,0,0,,,,,,,,,,,,,,,,,
2026-07-15 20:49:54,116615.765625,B0DB8AF16E20,0003,male,C57BL/6,1.1.1,FR1,0,PelletTaken,185,191,56,6,0,0,5.021,21.000,0,2,,,,,,,,,,,,,
2026-07-15 20:54:12,116873.804688,B0DB8AF16E20,0003,male,C57BL/6,1.1.1,FR1,0,Left,185,192,56,6,0,0,,,,,,,,,,,,,,,,,
2026-07-15 20:54:17,116878.875000,B0DB8AF16E20,0003,male,C57BL/6,1.1.1,FR1,0,PelletDrop,186,192,56,6,0,0,,,,,,,,,,,,,,,,,
2026-07-15 20:54:25,116887.476562,B0DB8AF16E20,0003,male,C57BL/6,1.1.1,FR1,0,PelletTaken,186,192,56,6,0,0,8.046,99.000,0,2,,,,,,,,,,,,,
2026-07-15 20:55:37,116958.796875,B0DB8AF16E20,0003,male,C57BL/6,1.1.1,FR1,0,Status,186,192,56,6,0,0,,,,,Disabled,25.4,41.9,995.3,14.4,0.000,0.000,247732,339964,181348,24586,3.92,67.16
2026-07-15 21:06:44,117625.554688,B0DB8AF16E20,0003,male,C57BL/6,1.1.1,FR1,0,Status,186,192,56,6,0,0,,,,,Disabled,25.4,42.1,995.4,14.4,0.000,0.000,247732,339964,181348,24723,3.92,67.16
2026-07-15 21:09:36,117797.914062,B0DB8AF16E20,0003,male,C57BL/6,1.1.1,FR1,0,Right,186,192,57,6,0,0,,,,,,,,,,,,,,,,,
2026-07-15 21:09:37,117799.039062,B0DB8AF16E20,0003,male,C57BL/6,1.1.1,FR1,0,Left,186,193,57,6,0,0,,,,,,,,,,,,,,,,,
2026-07-15 21:09:42,117804.070312,B0DB8AF16E20,0003,male,C57BL/6,1.1.1,FR1,0,PelletDrop,187,193,57,6,0,0,,,,,,,,,,,,,,,,,
2026-07-15 21:09:46,117808.460938,B0DB8AF16E20,0003,male,C57BL/6,1.1.1,FR1,0,PelletTaken,187,193,57,6,0,0,3.821,71.000,0,2,,,,,,,,,,,,,
2026-07-15 21:10:06,117827.937500,B0DB8AF16E20,0003,male,C57BL/6,1.1.1,FR1,0,Left,187,194,57,6,0,0,,,,,,,,,,,,,,,,,
2026-07-15 21:10:11,117832.968750,B0DB8AF16E20,0003,male,C57BL/6,1.1.1,FR1,0,PelletDrop,188,194,57,6,0,0,,,,,,,,,,,,,,,,,
2026-07-15 21:10:17,117839.570312,B0DB8AF16E20,0003,male,C57BL/6,1.1.1,FR1,0,PelletTaken,188,194,57,6,0,0,6.044,13.000,0,2,,,,,,,,,,,,,
2026-07-15 21:14:16,118078.843750,B0DB8AF16E20,0003,male,C57BL/6,1.1.1,FR1,0,Left,188,195,57,6,0,0,,,,,,,,,,,,,,,,,
2026-07-15 21:14:23,118084.992188,B0DB8AF16E20,0003,male,C57BL/6,1.1.1,FR1,0,PelletDrop,189,195,57,6,0,0,,,,,,,,,,,,,,,,,
2026-07-15 21:14:31,118093.562500,B0DB8AF16E20,0003,male,C57BL/6,1.1.1,FR1,0,PelletTaken,189,195,57,6,0,0,8.013,31.000,0,2,,,,,,,,,,,,,
2026-07-15 21:14:43,118105.382812,B0DB8AF16E20,0003,male,C57BL/6,1.1.1,FR1,0,Left,189,196,57,6,0,0,,,,,,,,,,,,,,,,,
2026-07-15 21:14:45,118107.117188,B0DB8AF16E20,0003,male,C57BL/6,1.1.1,FR1,0,PelletDrop,190,196,57,6,0,0,,,,,,,,,,,,,,,,,
2026-07-15 21:14:46,118108.304688,B0DB8AF16E20,0003,male,C57BL/6,1.1.1,FR1,0,PelletTaken,190,196,57,6,0,0,0.632,42.000,0,0,,,,,,,,,,,,,
2026-07-15 21:17:48,118291.250000,B0DB8AF16E20,0003,male,C57BL/6,1.1.1,FR1,0,Status,190,196,57,6,0,0,,,,,Disabled,25.4,42.0,995.4,14.5,0.000,0.000,247732,339964,181348,24855,3.92,67.16
2026-07-15 21:24:58,118722.156250,B0DB8AF16E20,0003,male,C57BL/6,1.1.1,FR1,0,Left,190,197,57,6,0,0,,,,,,,,,,,,,,,,,
2026-07-15 21:25:00,118723.648438,B0DB8AF16E20,0003,male,C57BL/6,1.1.1,FR1,0,PelletDrop,191,197,57,6,0,0,,,,,,,,,,,,,,,,,
2026-07-15 21:25:01,118724.796875,B0DB8AF16E20,0003,male,C57BL/6,1.1.1,FR1,0,PelletNotDetected,191,197,57,6,0,0,,,,,,,,,,,,,,,,,
2026-07-15 21:29:04,118967.851562,B0DB8AF16E20,0003,male,C57BL/6,1.1.1,FR1,0,Status,191,197,57,6,0,0,,,,,Disabled,25.4,41.8,995.5,14.5,0.000,0.000,247732,339964,181348,24992,3.91,67.01
2026-07-15 21:32:24,119168.609375,B0DB8AF16E20,0003,male,C57BL/6,1.1.1,FR1,0,Left,191,198,57,6,0,0,,,,,,,,,,,,,,,,,
2026-07-15 21:32:29,119173.687500,B0DB8AF16E20,0003,male,C57BL/6,1.1.1,FR1,0,PelletDrop,192,198,57,6,0,0,,,,,,,,,,,,,,,,,
2026-07-15 21:32:32,119175.960938,B0DB8AF16E20,0003,male,C57BL/6,1.1.1,FR1,0,PelletTaken,192,198,57,6,0,0,1.710,31.000,0,2,,,,,,,,,,,,,
2026-07-15 21:40:03,119627.523438,B0DB8AF16E20,0003,male,C57BL/6,1.1.1,FR1,0,Left,192,199,57,6,0,0,,,,,,,,,,,,,,,,,
2026-07-15 21:40:08,119632.570312,B0DB8AF16E20,0003,male,C57BL/6,1.1.1,FR1,0,PelletDrop,193,199,57,6,0,0,,,,,,,,,,,,,,,,,
2026-07-15 21:40:16,119640.414062,B0DB8AF16E20,0003,male,C57BL/6,1.1.1,FR1,0,PelletTaken,193,199,57,6,0,0,7.286,12.000,0,2,,,,,,,,,,,,,
2026-07-15 21:40:24,119648.109375,B0DB8AF16E20,0003,male,C57BL/6,1.1.1,FR1,0,Status,193,199,57,6,0,0,,,,,Disabled,25.5,42.2,995.5,14.5,0.000,0.000,247732,339964,181348,25129,3.90,66.87
2026-07-15 21:40:45,119669.140625,B0DB8AF16E20,0003,male,C57BL/6,1.1.1,FR1,0,Right,193,199,58,6,0,0,,,,,,,,,,,,,,,,,
2026-07-15 21:40:47,119671.390625,B0DB8AF16E20,0003,male,C57BL/6,1.1.1,FR1,0,Left,193,200,58,6,0,0,,,,,,,,,,,,,,,,,
2026-07-15 21:40:50,119674.195312,B0DB8AF16E20,0003,male,C57BL/6,1.1.1,FR1,0,PelletDrop,194,200,58,6,0,0,,,,,,,,,,,,,,,,,
2026-07-15 21:40:51,119675.484375,B0DB8AF16E20,0003,male,C57BL/6,1.1.1,FR1,0,PelletTaken,194,200,58,6,0,0,0.731,119.000,0,1,,,,,,,,,,,,,
2026-07-15 21:41:31,119716.062500,B0DB8AF16E20,0003,male,C57BL/6,1.1.1,FR1,0,Left,194,201,58,6,0,0,,,,,,,,,,,,,,,,,
2026-07-15 21:41:37,119721.109375,B0DB8AF16E20,0003,male,C57BL/6,1.1.1,FR1,0,PelletDrop,195,201,58,6,0,0,,,,,,,,,,,,,,,,,
2026-07-15 21:41:38,119722.265625,B0DB8AF16E20,0003,male,C57BL/6,1.1.1,FR1,0,PelletNotDetected,195,201,58,6,0,0,,,,,,,,,,,,,,,,,
2026-07-15 21:44:18,119882.953125,B0DB8AF16E20,0003,male,C57BL/6,1.1.1,FR1,0,Right,195,201,59,6,0,0,,,,,,,,,,,,,,,,,
2026-07-15 21:44:20,119885.085938,B0DB8AF16E20,0003,male,C57BL/6,1.1.1,FR1,0,Left,195,202,59,6,0,0,,,,,,,,,,,,,,,,,
2026-07-15 21:44:23,119887.867188,B0DB8AF16E20,0003,male,C57BL/6,1.1.1,FR1,0,PelletDrop,196,202,59,6,0,0,,,,,,,,,,,,,,,,,
2026-07-15 21:44:24,119888.531250,B0DB8AF16E20,0003,male,C57BL/6,1.1.1,FR1,0,PelletTaken,196,202,59,6,0,0,0.104,81.000,0,3,,,,,,,,,,,,,
2026-07-15 21:49:12,120177.375000,B0DB8AF16E20,0003,male,C57BL/6,1.1.1,FR1,0,Right,196,202,60,6,0,0,,,,,,,,,,,,,,,,,
2026-07-15 21:49:15,120179.828125,B0DB8AF16E20,0003,male,C57BL/6,1.1.1,FR1,0,Left,196,203,60,6,0,0,,,,,,,,,,,,,,,,,
2026-07-15 21:49:17,120182.656250,B0DB8AF16E20,0003,male,C57BL/6,1.1.1,FR1,0,PelletDrop,197,203,60,6,0,0,,,,,,,,,,,,,,,,,
2026-07-15 21:49:19,120184.273438,B0DB8AF16E20,0003,male,C57BL/6,1.1.1,FR1,0,PelletTaken,197,203,60,6,0,0,1.060,88.000,0,1,,,,,,,,,,,,,
2026-07-15 21:51:19,120304.320312,B0DB8AF16E20,0003,male,C57BL/6,1.1.1,FR1,0,Status,197,203,60,6,0,0,,,,,Disabled,25.5,42.0,995.6,14.6,0.000,0.000,247732,339964,181348,25261,3.91,66.87
2026-07-15 21:57:48,120694.476562,B0DB8AF16E20,0003,male,C57BL/6,1.1.1,FR1,0,Right,197,203,61,6,0,0,,,,,,,,,,,,,,,,,
2026-07-15 21:57:52,120697.609375,B0DB8AF16E20,0003,male,C57BL/6,1.1.1,FR1,0,Left,197,204,61,6,0,0,,,,,,,,,,,,,,,,,
2026-07-15 21:57:57,120702.640625,B0DB8AF16E20,0003,male,C57BL/6,1.1.1,FR1,0,PelletDrop,198,204,61,6,0,0,,,,,,,,,,,,,,,,,
2026-07-15 21:58:04,120710.296875,B0DB8AF16E20,0003,male,C57BL/6,1.1.1,FR1,0,PelletTaken,198,204,61,6,0,0,7.100,32.000,0,2,,,,,,,,,,,,,
2026-07-15 22:02:27,120973.132812,B0DB8AF16E20,0003,male,C57BL/6,1.1.1,FR1,0,Status,198,204,61,6,0,0,,,,,Disabled,25.5,42.2,995.6,14.5,0.000,0.000,247732,339964,181348,25396,3.91,66.72
2026-07-15 22:06:09,121195.218750,B0DB8AF16E20,0003,male,C57BL/6,1.1.1,FR1,0,Right,198,204,62,6,0,0,,,,,,,,,,,,,,,,,
2026-07-15 22:07:22,121268.906250,B0DB8AF16E20,0003,male,C57BL/6,1.1.1,FR1,0,Left,198,205,62,6,0,0,,,,,,,,,,,,,,,,,
2026-07-15 22:07:25,121271.718750,B0DB8AF16E20,0003,male,C57BL/6,1.1.1,FR1,0,PelletDrop,199,205,62,6,0,0,,,,,,,,,,,,,,,,,
2026-07-15 22:07:26,121273.164062,B0DB8AF16E20,0003,male,C57BL/6,1.1.1,FR1,0,PelletTaken,199,205,62,6,0,0,0.873,156.000,0,1,,,,,,,,,,,,,
2026-07-15 22:13:37,121643.875000,B0DB8AF16E20,0003,male,C57BL/6,1.1.1,FR1,0,Status,199,205,62,6,0,0,,,,,Disabled,25.5,42.4,995.6,14.5,0.000,0.000,247732,339964,181348,25532,3.91,66.58
2026-07-15 22:14:59,121725.695312,B0DB8AF16E20,0003,male,C57BL/6,1.1.1,FR1,0,Left,199,206,62,6,0,0,,,,,,,,,,,,,,,,,
2026-07-15 22:15:01,121728.507812,B0DB8AF16E20,0003,male,C57BL/6,1.1.1,FR1,0,PelletDrop,200,206,62,6,0,0,,,,,,,,,,,,,,,,,
2026-07-15 22:15:03,121729.671875,B0DB8AF16E20,0003,male,C57BL/6,1.1.1,FR1,0,PelletNotDetected,200,206,62,6,0,0,,,,,,,,,,,,,,,,,
2026-07-15 22:19:12,121979.023438,B0DB8AF16E20,0003,male,C57BL/6,1.1.1,FR1,0,Left,200,207,62,6,0,0,,,,,,,,,,,,,,,,,
2026-07-15 22:19:21,121988.195312,B0DB8AF16E20,0003,male,C57BL/6,1.1.1,FR1,0,PelletDrop,201,207,62,6,0,0,,,,,,,,,,,,,,,,,
2026-07-15 22:19:24,121991.382812,B0DB8AF16E20,0003,male,C57BL/6,1.1.1,FR1,0,PelletTaken,201,207,62,6,0,0,2.633,21.000,0,4,,,,,,,,,,,,,
2026-07-15 22:20:03,122030.828125,B0DB8AF16E20,0003,male,C57BL/6,1.1.1,FR1,0,Left,201,208,62,6,0,0,,,,,,,,,,,,,,,,,
2026-07-15 22:20:11,122038.070312,B0DB8AF16E20,0003,male,C57BL/6,1.1.1,FR1,0,PelletDrop,202,208,62,6,0,0,,,,,,,,,,,,,,,,,
2026-07-15 22:20:16,122043.265625,B0DB8AF16E20,0003,male,C57BL/6,1.1.1,FR1,0,PelletTaken,202,208,62,6,0,0,4.636,158.000,0,3,,,,,,,,,,,,,
2026-07-15 22:20:55,122082.242188,B0DB8AF16E20,0003,male,C57BL/6,1.1.1,FR1,0,Left,202,209,62,6,0,0,,,,,,,,,,,,,,,,,
2026-07-15 22:21:00,122087.281250,B0DB8AF16E20,0003,male,C57BL/6,1.1.1,FR1,0,PelletDrop,203,209,62,6,0,0,,,,,,,,,,,,,,,,,
2026-07-15 22:21:06,122093.500000,B0DB8AF16E20,0003,male,C57BL/6,1.1.1,FR1,0,PelletTaken,203,209,62,6,0,0,5.659,139.000,0,2,,,,,,,,,,,,,
2026-07-15 22:21:40,122127.250000,B0DB8AF16E20,0003,male,C57BL/6,1.1.1,FR1,0,Right,203,209,63,6,0,0,,,,,,,,,,,,,,,,,
2026-07-15 22:24:48,122315.617188,B0DB8AF16E20,0003,male,C57BL/6,1.1.1,FR1,0,Status,203,209,63,6,0,0,,,,,Disabled,25.5,42.2,995.7,14.5,0.000,0.000,247732,339964,181348,25660,3.91,66.43
2026-07-15 22:28:34,122541.781250,B0DB8AF16E20,0003,male,C57BL/6,1.1.1,FR1,0,Left,203,210,63,6,0,0,,,,,,,,,,,,,,,,,
2026-07-15 22:28:41,122549.039062,B0DB8AF16E20,0003,male,C57BL/6,1.1.1,FR1,0,PelletDrop,204,210,63,6,0,0,,,,,,,,,,,,,,,,,
2026-07-15 22:28:47,122555.210938,B0DB8AF16E20,0003,male,C57BL/6,1.1.1,FR1,0,PelletTaken,204,210,63,6,0,0,5.614,79.000,0,3,,,,,,,,,,,,,
2026-07-15 22:29:07,122575.679688,B0DB8AF16E20,0003,male,C57BL/6,1.1.1,FR1,0,Left,204,211,63,6,0,0,,,,,,,,,,,,,,,,,
2026-07-15 22:29:10,122578.492188,B0DB8AF16E20,0003,male,C57BL/6,1.1.1,FR1,0,PelletDrop,205,211,63,6,0,0,,,,,,,,,,,,,,,,,
2026-07-15 22:29:11,122579.164062,B0DB8AF16E20,0003,male,C57BL/6,1.1.1,FR1,0,PelletTaken,205,211,63,6,0,0,0.104,22.000,0,1,,,,,,,,,,,,,
2026-07-15 22:35:57,122985.335938,B0DB8AF16E20,0003,male,C57BL/6,1.1.1,FR1,0,Status,205,211,63,6,0,0,,,,,Disabled,25.5,42.4,995.7,14.5,0.000,0.000,247732,339964,181348,25794,3.91,66.29
2026-07-15 22:36:30,123017.632812,B0DB8AF16E20,0003,male,C57BL/6,1.1.1,FR1,0,Left,205,212,63,6,0,0,,,,,,,,,,,,,,,,,
2026-07-15 22:36:32,123020.445312,B0DB8AF16E20,0003,male,C57BL/6,1.1.1,FR1,0,PelletDrop,206,212,63,6,0,0,,,,,,,,,,,,,,,,,
2026-07-15 22:36:35,123022.937500,B0DB8AF16E20,0003,male,C57BL/6,1.1.1,FR1,0,PelletTaken,206,212,63,6,0,0,1.930,11.000,0,1,,,,,,,,,,,,,
2026-07-15 22:36:51,123039.218750,B0DB8AF16E20,0003,male,C57BL/6,1.1.1,FR1,0,Left,206,213,63,6,0,0,,,,,,,,,,,,,,,,,
2026-07-15 22:36:56,123044.265625,B0DB8AF16E20,0003,male,C57BL/6,1.1.1,FR1,0,PelletDrop,207,213,63,6,0,0,,,,,,,,,,,,,,,,,
2026-07-15 22:37:04,123051.804688,B0DB8AF16E20,0003,male,C57BL/6,1.1.1,FR1,0,PelletTaken,207,213,63,6,0,0,6.979,293.000,0,2,,,,,,,,,,,,,
2026-07-15 22:47:09,123657.984375,B0DB8AF16E20,0003,male,C57BL/6,1.1.1,FR1,0,Status,207,213,63,6,0,0,,,,,Disabled,25.5,42.3,995.7,14.5,0.000,0.000,247732,339964,181348,25928,3.91,66.14
2026-07-15 22:58:24,124332.710938,B0DB8AF16E20,0003,male,C57BL/6,1.1.1,FR1,0,Status,207,213,63,6,0,0,,,,,Disabled,25.5,42.3,995.7,14.5,0.000,0.000,247732,339964,181348,26065,3.88,66.00
2026-07-15 22:59:53,124422.250000,B0DB8AF16E20,0003,male,C57BL/6,1.1.1,FR1,0,Right,207,213,64,6,0,0,,,,,,,,,,,,,,,,,
2026-07-15 22:59:57,124426.593750,B0DB8AF16E20,0003,male,C57BL/6,1.1.1,FR1,0,Left,207,214,64,6,0,0,,,,,,,,,,,,,,,,,
2026-07-15 23:00:00,124429.398438,B0DB8AF16E20,0003,male,C57BL/6,1.1.1,FR1,0,PelletDrop,208,214,64,6,0,0,,,,,,,,,,,,,,,,,
2026-07-15 23:00:01,124430.570312,B0DB8AF16E20,0003,male,C57BL/6,1.1.1,FR1,0,PelletNotDetected,208,214,64,6,0,0,,,,,,,,,,,,,,,,,
2026-07-15 23:00:28,124457.023438,B0DB8AF16E20,0003,male,C57BL/6,1.1.1,FR1,0,Right,208,214,65,6,0,0,,,,,,,,,,,,,,,,,
2026-07-15 23:00:32,124461.171875,B0DB8AF16E20,0003,male,C57BL/6,1.1.1,FR1,0,Left,208,215,65,6,0,0,,,,,,,,,,,,,,,,,
2026-07-15 23:00:35,124463.937500,B0DB8AF16E20,0003,male,C57BL/6,1.1.1,FR1,0,PelletDrop,209,215,65,6,0,0,,,,,,,,,,,,,,,,,
2026-07-15 23:00:35,124464.617188,B0DB8AF16E20,0003,male,C57BL/6,1.1.1,FR1,0,PelletTaken,209,215,65,6,0,0,0.104,50.000,0,2,,,,,,,,,,,,,
2026-07-15 23:00:59,124488.078125,B0DB8AF16E20,0003,male,C57BL/6,1.1.1,FR1,0,Center,209,215,65,7,0,0,,,,,,,,,,,,,,,,,
2026-07-15 23:01:01,124490.773438,B0DB8AF16E20,0003,male,C57BL/6,1.1.1,FR1,0,Center,209,215,65,8,0,0,,,,,,,,,,,,,,,,,
2026-07-15 23:01:03,124492.156250,B0DB8AF16E20,0003,male,C57BL/6,1.1.1,FR1,0,Left,209,216,65,8,0,0,,,,,,,,,,,,,,,,,
2026-07-15 23:01:06,124495.664062,B0DB8AF16E20,0003,male,C57BL/6,1.1.1,FR1,0,PelletDrop,210,216,65,8,0,0,,,,,,,,,,,,,,,,,
2026-07-15 23:01:07,124496.820312,B0DB8AF16E20,0003,male,C57BL/6,1.1.1,FR1,0,PelletNotDetected,210,216,65,8,0,0,,,,,,,,,,,,,,,,,
2026-07-15 23:03:40,124649.757812,B0DB8AF16E20,0003,male,C57BL/6,1.1.1,FR1,0,Right,210,216,66,8,0,0,,,,,,,,,,,,,,,,,
2026-07-15 23:06:18,124808.179688,B0DB8AF16E20,0003,male,C57BL/6,1.1.1,FR1,0,Right,210,216,67,8,0,0,,,,,,,,,,,,,,,,,
2026-07-15 23:06:21,124811.218750,B0DB8AF16E20,0003,male,C57BL/6,1.1.1,FR1,0,Left,210,217,67,8,0,0,,,,,,,,,,,,,,,,,
2026-07-15 23:06:26,124815.515625,B0DB8AF16E20,0003,male,C57BL/6,1.1.1,FR1,0,PelletDrop,211,217,67,8,0,0,,,,,,,,,,,,,,,,,
2026-07-15 23:06:37,124826.453125,B0DB8AF16E20,0003,male,C57BL/6,1.1.1,FR1,0,PelletTaken,211,217,67,8,0,0,10.377,21.000,0,3,,,,,,,,,,,,,
2026-07-15 23:06:57,124846.601562,B0DB8AF16E20,0003,male,C57BL/6,1.1.1,FR1,0,Left,211,218,67,8,0,0,,,,,,,,,,,,,,,,,
2026-07-15 23:07:02,124851.640625,B0DB8AF16E20,0003,male,C57BL/6,1.1.1,FR1,0,PelletDrop,212,218,67,8,0,0,,,,,,,,,,,,,,,,,
2026-07-15 23:07:09,124858.937500,B0DB8AF16E20,0003,male,C57BL/6,1.1.1,FR1,0,PelletTaken,212,218,67,8,0,0,6.737,51.000,0,2,,,,,,,,,,,,,
2026-07-15 23:07:33,124883.179688,B0DB8AF16E20,0003,male,C57BL/6,1.1.1,FR1,0,Left,212,219,67,8,0,0,,,,,,,,,,,,,,,,,
2026-07-15 23:07:39,124888.742188,B0DB8AF16E20,0003,male,C57BL/6,1.1.1,FR1,0,PelletDrop,213,219,67,8,0,0,,,,,,,,,,,,,,,,,
2026-07-15 23:07:47,124896.375000,B0DB8AF16E20,0003,male,C57BL/6,1.1.1,FR1,0,PelletTaken,213,219,67,8,0,0,7.056,99.000,0,2,,,,,,,,,,,,,
2026-07-15 23:09:39,125009.414062,B0DB8AF16E20,0003,male,C57BL/6,1.1.1,FR1,0,Status,213,219,67,8,0,0,,,,,Disabled,25.6,42.1,995.7,14.5,0.000,0.000,247732,339964,181348,26194,3.88,65.71
2026-07-15 23:20:54,125685.203125,B0DB8AF16E20,0003,male,C57BL/6,1.1.1,FR1,0,Status,213,219,67,8,0,0,,,,,Disabled,25.6,42.3,995.8,14.4,0.000,0.000,247732,339964,181348,26331,3.90,65.71
2026-07-15 23:30:03,126234.625000,B0DB8AF16E20,0003,male,C57BL/6,1.1.1,FR1,0,Center,213,219,67,9,0,0,,,,,,,,,,,,,,,,,
2026-07-15 23:31:24,126316.578125,B0DB8AF16E20,0003,male,C57BL/6,1.1.1,FR1,0,Status,213,219,67,9,0,0,,,,,Disabled,25.5,43.3,995.8,14.6,0.000,0.000,247732,339964,181348,26468,3.90,65.71
2026-07-15 23:35:07,126539.335938,B0DB8AF16E20,0003,male,C57BL/6,1.1.1,FR1,0,Left,213,220,67,9,0,0,,,,,,,,,,,,,,,,,
2026-07-15 23:35:09,126541.054688,B0DB8AF16E20,0003,male,C57BL/6,1.1.1,FR1,0,PelletDrop,214,220,67,9,0,0,,,,,,,,,,,,,,,,,
2026-07-15 23:35:10,126542.218750,B0DB8AF16E20,0003,male,C57BL/6,1.1.1,FR1,0,PelletNotDetected,214,220,67,9,0,0,,,,,,,,,,,,,,,,,
2026-07-15 23:35:31,126563.601562,B0DB8AF16E20,0003,male,C57BL/6,1.1.1,FR1,0,Right,214,220,68,9,0,0,,,,,,,,,,,,,,,,,
2026-07-15 23:41:55,126947.476562,B0DB8AF16E20,0003,male,C57BL/6,1.1.1,FR1,0,Status,214,220,68,9,0,0,,,,,Disabled,25.3,43.2,995.8,14.6,0.000,0.000,247732,339964,181348,26604,3.92,65.71
2026-07-15 23:52:52,127605.507812,B0DB8AF16E20,0003,male,C57BL/6,1.1.1,FR1,0,Status,214,220,68,9,0,0,,,,,Disabled,25.3,42.7,995.8,14.5,0.000,0.000,247732,339964,181348,26741,3.90,65.57
2026-07-16 00:03:24,128238.765625,B0DB8AF16E20,0003,male,C57BL/6,1.1.1,FR1,0,Status,214,220,68,9,0,0,,,,,Disabled,25.2,43.1,995.8,14.7,0.000,0.000,247732,339964,181348,26878,3.90,65.57
2026-07-16 00:14:21,128896.085938,B0DB8AF16E20,0003,male,C57BL/6,1.1.1,FR1,0,Status,214,220,68,9,0,0,,,,,Disabled,25.2,42.5,995.8,14.7,0.000,0.000,247732,339964,181348,27015,3.90,65.42
2026-07-16 00:25:16,129551.843750,B0DB8AF16E20,0003,male,C57BL/6,1.1.1,FR1,0,Status,214,220,68,9,0,0,,,,,Disabled,25.2,42.4,995.8,14.7,0.000,0.000,247732,339964,181348,27152,3.90,65.42
2026-07-16 00:36:10,130206.570312,B0DB8AF16E20,0003,male,C57BL/6,1.1.1,FR1,0,Status,214,220,68,9,0,0,,,,,Disabled,25.2,42.3,995.8,14.7,0.000,0.000,247732,339964,181348,27289,3.90,65.28
2026-07-16 00:47:07,130864.367188,B0DB8AF16E20,0003,male,C57BL/6,1.1.1,FR1,0,Status,214,220,68,9,0,0,,,,,Disabled,25.2,42.1,995.8,14.7,0.000,0.000,247732,339964,181348,27426,3.87,65.13
2026-07-16 00:58:03,131521.015625,B0DB8AF16E20,0003,male,C57BL/6,1.1.1,FR1,0,Status,214,220,68,9,0,0,,,,,Disabled,25.2,42.1,995.8,14.7,0.000,0.000,247732,339964,181348,27563,3.89,64.99
2026-07-16 01:09:00,132178.843750,B0DB8AF16E20,0003,male,C57BL/6,1.1.1,FR1,0,Status,214,220,68,9,0,0,,,,,Disabled,25.2,42.0,995.7,14.8,0.000,0.000,247732,339964,181348,27700,3.90,64.99
2026-07-16 01:19:58,132837.515625,B0DB8AF16E20,0003,male,C57BL/6,1.1.1,FR1,0,Status,214,220,68,9,0,0,,,,,Disabled,25.1,42.0,995.7,14.8,0.000,0.000,247732,339964,181348,27837,3.89,64.84
2026-07-16 01:30:55,133495.296875,B0DB8AF16E20,0003,male,C57BL/6,1.1.1,FR1,0,Status,214,220,68,9,0,0,,,,,Disabled,25.1,42.0,995.7,14.9,0.000,0.000,247732,339964,181348,27974,3.91,64.84
2026-07-16 01:41:51,134150.968750,B0DB8AF16E20,0003,male,C57BL/6,1.1.1,FR1,0,Status,214,220,68,9,0,0,,,,,Disabled,25.1,42.1,995.7,14.8,0.000,0.000,247732,339964,181348,28111,3.88,64.70
2026-07-16 01:52:47,134808.656250,B0DB8AF16E20,0003,male,C57BL/6,1.1.1,FR1,0,Status,214,220,68,9,0,0,,,,,Disabled,25.1,42.0,995.7,14.8,0.000,0.000,247732,339964,181348,28248,3.89,64.70
2026-07-16 01:53:12,134833.015625,B0DB8AF16E20,0003,male,C57BL/6,1.1.1,FR1,0,Left,214,221,68,9,0,0,,,,,,,,,,,,,,,,,
2026-07-16 01:53:16,134836.812500,B0DB8AF16E20,0003,male,C57BL/6,1.1.1,FR1,0,PelletDrop,215,221,68,9,0,0,,,,,,,,,,,,,,,,,
2026-07-16 01:53:17,134837.968750,B0DB8AF16E20,0003,male,C57BL/6,1.1.1,FR1,0,PelletNotDetected,215,221,68,9,0,0,,,,,,,,,,,,,,,,,
2026-07-16 01:54:00,134881.609375,B0DB8AF16E20,0003,male,C57BL/6,1.1.1,FR1,0,Left,215,222,68,9,0,0,,,,,,,,,,,,,,,,,
2026-07-16 01:54:07,134888.609375,B0DB8AF16E20,0003,male,C57BL/6,1.1.1,FR1,0,PelletDrop,216,222,68,9,0,0,,,,,,,,,,,,,,,,,
2026-07-16 01:54:24,134905.015625,B0DB8AF16E20,0003,male,C57BL/6,1.1.1,FR1,0,PelletTaken,216,222,68,9,0,0,15.845,40.000,0,4,,,,,,,,,,,,,
2026-07-16 01:55:01,134942.562500,B0DB8AF16E20,0003,male,C57BL/6,1.1.1,FR1,0,Left,216,223,68,9,0,0,,,,,,,,,,,,,,,,,
2026-07-16 01:55:05,134946.500000,B0DB8AF16E20,0003,male,C57BL/6,1.1.1,FR1,0,PelletDrop,217,223,68,9,0,0,,,,,,,,,,,,,,,,,
2026-07-16 01:55:06,134947.640625,B0DB8AF16E20,0003,male,C57BL/6,1.1.1,FR1,0,PelletNotDetected,217,223,68,9,0,0,,,,,,,,,,,,,,,,,
2026-07-16 01:55:36,134977.968750,B0DB8AF16E20,0003,male,C57BL/6,1.1.1,FR1,0,Left,217,224,68,9,0,0,,,,,,,,,,,,,,,,,
2026-07-16 01:55:39,134980.734375,B0DB8AF16E20,0003,male,C57BL/6,1.1.1,FR1,0,PelletDrop,218,224,68,9,0,0,,,,,,,,,,,,,,,,,
2026-07-16 01:55:40,134981.468750,B0DB8AF16E20,0003,male,C57BL/6,1.1.1,FR1,0,PelletTaken,218,224,68,9,0,0,0.159,69.000,0,2,,,,,,,,,,,,,
2026-07-16 02:03:37,135459.312500,B0DB8AF16E20,0003,male,C57BL/6,1.1.1,FR1,0,Status,218,224,68,9,0,0,,,,,Disabled,25.1,42.1,995.7,14.9,0.000,0.000,247732,339964,181348,28377,3.89,64.55
2026-07-16 02:07:46,135708.109375,B0DB8AF16E20,0003,male,C57BL/6,1.1.1,FR1,0,Right,218,224,69,9,0,0,,,,,,,,,,,,,,,,,
2026-07-16 02:07:54,135716.125000,B0DB8AF16E20,0003,male,C57BL/6,1.1.1,FR1,0,Right,218,224,70,9,0,0,,,,,,,,,,,,,,,,,
2026-07-16 02:14:35,136118.109375,B0DB8AF16E20,0003,male,C57BL/6,1.1.1,FR1,0,Status,218,224,70,9,0,0,,,,,Disabled,25.1,42.2,995.7,14.8,0.000,0.000,247732,339964,181348,28515,3.89,64.55
2026-07-16 02:15:11,136154.156250,B0DB8AF16E20,0003,male,C57BL/6,1.1.1,FR1,0,Left,218,225,70,9,0,0,,,,,,,,,,,,,,,,,
2026-07-16 02:15:16,136159.187500,B0DB8AF16E20,0003,male,C57BL/6,1.1.1,FR1,0,PelletDrop,219,225,70,9,0,0,,,,,,,,,,,,,,,,,
2026-07-16 02:15:25,136168.140625,B0DB8AF16E20,0003,male,C57BL/6,1.1.1,FR1,0,PelletTaken,219,225,70,9,0,0,8.398,60.000,0,2,,,,,,,,,,,,,
2026-07-16 02:16:04,136207.703125,B0DB8AF16E20,0003,male,C57BL/6,1.1.1,FR1,0,Left,219,226,70,9,0,0,,,,,,,,,,,,,,,,,
2026-07-16 02:16:09,136212.734375,B0DB8AF16E20,0003,male,C57BL/6,1.1.1,FR1,0,PelletDrop,220,226,70,9,0,0,,,,,,,,,,,,,,,,,
2026-07-16 02:16:19,136222.125000,B0DB8AF16E20,0003,male,C57BL/6,1.1.1,FR1,0,PelletTaken,220,226,70,9,0,0,8.838,31.000,0,2,,,,,,,,,,,,,
2026-07-16 02:16:50,136253.734375,B0DB8AF16E20,0003,male,C57BL/6,1.1.1,FR1,0,Left,220,227,70,9,0,0,,,,,,,,,,,,,,,,,
2026-07-16 02:16:55,136258.781250,B0DB8AF16E20,0003,male,C57BL/6,1.1.1,FR1,0,PelletDrop,221,227,70,9,0,0,,,,,,,,,,,,,,,,,
2026-07-16 02:17:06,136269.265625,B0DB8AF16E20,0003,male,C57BL/6,1.1.1,FR1,0,PelletTaken,221,227,70,9,0,0,9.927,31.000,0,2,,,,,,,,,,,,,
2026-07-16 02:17:29,136292.171875,B0DB8AF16E20,0003,male,C57BL/6,1.1.1,FR1,0,Left,221,228,70,9,0,0,,,,,,,,,,,,,,,,,
2026-07-16 02:17:34,136297.203125,B0DB8AF16E20,0003,male,C57BL/6,1.1.1,FR1,0,PelletDrop,222,228,70,9,0,0,,,,,,,,,,,,,,,,,
2026-07-16 02:17:41,136305.046875,B0DB8AF16E20,0003,male,C57BL/6,1.1.1,FR1,0,PelletTaken,222,228,70,9,0,0,7.276,51.000,0,2,,,,,,,,,,,,,
2026-07-16 02:18:09,136332.859375,B0DB8AF16E20,0003,male,C57BL/6,1.1.1,FR1,0,Left,222,229,70,9,0,0,,,,,,,,,,,,,,,,,
2026-07-16 02:18:14,136337.890625,B0DB8AF16E20,0003,male,C57BL/6,1.1.1,FR1,0,PelletDrop,223,229,70,9,0,0,,,,,,,,,,,,,,,,,
2026-07-16 02:18:22,136345.437500,B0DB8AF16E20,0003,male,C57BL/6,1.1.1,FR1,0,PelletTaken,223,229,70,9,0,0,7.001,51.000,0,2,,,,,,,,,,,,,
2026-07-16 02:18:47,136371.062500,B0DB8AF16E20,0003,male,C57BL/6,1.1.1,FR1,0,Left,223,230,70,9,0,0,,,,,,,,,,,,,,,,,
2026-07-16 02:18:50,136373.875000,B0DB8AF16E20,0003,male,C57BL/6,1.1.1,FR1,0,PelletDrop,224,230,70,9,0,0,,,,,,,,,,,,,,,,,
2026-07-16 02:18:51,136375.031250,B0DB8AF16E20,0003,male,C57BL/6,1.1.1,FR1,0,PelletNotDetected,224,230,70,9,0,0,,,,,,,,,,,,,,,,,
2026-07-16 02:25:34,136777.703125,B0DB8AF16E20,0003,male,C57BL/6,1.1.1,FR1,0,Status,224,230,70,9,0,0,,,,,Disabled,25.2,42.3,995.7,14.7,0.000,0.000,247732,339964,181348,28638,3.89,64.41
2026-07-16 02:33:50,137274.640625,B0DB8AF16E20,0003,male,C57BL/6,1.1.1,FR1,0,Left,224,231,70,9,0,0,,,,,,,,,,,,,,,,,
2026-07-16 02:33:55,137279.625000,B0DB8AF16E20,0003,male,C57BL/6,1.1.1,FR1,0,PelletDrop,225,231,70,9,0,0,,,,,,,,,,,,,,,,,
2026-07-16 02:34:05,137289.265625,B0DB8AF16E20,0003,male,C57BL/6,1.1.1,FR1,0,PelletTaken,225,231,70,9,0,0,9.091,129.000,0,3,,,,,,,,,,,,,
2026-07-16 02:34:33,137317.453125,B0DB8AF16E20,0003,male,C57BL/6,1.1.1,FR1,0,Left,225,232,70,9,0,0,,,,,,,,,,,,,,,,,
2026-07-16 02:34:36,137320.265625,B0DB8AF16E20,0003,male,C57BL/6,1.1.1,FR1,0,PelletDrop,226,232,70,9,0,0,,,,,,,,,,,,,,,,,
2026-07-16 02:34:37,137321.421875,B0DB8AF16E20,0003,male,C57BL/6,1.1.1,FR1,0,PelletNotDetected,226,232,70,9,0,0,,,,,,,,,,,,,,,,,
2026-07-16 02:36:33,137437.406250,B0DB8AF16E20,0003,male,C57BL/6,1.1.1,FR1,0,Status,226,232,70,9,0,0,,,,,Disabled,25.2,42.2,995.7,14.7,0.000,0.000,247732,339964,181348,28772,3.90,64.27
2026-07-16 02:47:33,138098.125000,B0DB8AF16E20,0003,male,C57BL/6,1.1.1,FR1,0,Status,226,232,70,9,0,0,,,,,Disabled,25.2,42.3,995.7,14.7,0.000,0.000,247732,339964,181348,28909,3.89,64.12
2026-07-16 02:48:01,138126.406250,B0DB8AF16E20,0003,male,C57BL/6,1.1.1,FR1,0,Right,226,232,71,9,0,0,,,,,,,,,,,,,,,,,
2026-07-16 02:48:31,138156.015625,B0DB8AF16E20,0003,male,C57BL/6,1.1.1,FR1,0,Right,226,232,72,9,0,0,,,,,,,,,,,,,,,,,
2026-07-16 02:58:34,138759.937500,B0DB8AF16E20,0003,male,C57BL/6,1.1.1,FR1,0,Status,226,232,72,9,0,0,,,,,Disabled,25.2,42.4,995.7,14.6,0.000,0.000,247732,339964,181348,29047,3.89,64.12
2026-07-16 03:09:36,139422.687500,B0DB8AF16E20,0003,male,C57BL/6,1.1.1,FR1,0,Status,226,232,72,9,0,0,,,,,Disabled,25.2,42.4,995.7,14.7,0.000,0.000,247732,339964,181348,29184,3.89,63.98
2026-07-16 03:20:37,140084.328125,B0DB8AF16E20,0003,male,C57BL/6,1.1.1,FR1,0,Status,226,232,72,9,0,0,,,,,Disabled,25.2,42.3,995.7,14.6,0.000,0.000,247732,339964,181348,29321,3.89,63.83
2026-07-16 03:31:39,140747.093750,B0DB8AF16E20,0003,male,C57BL/6,1.1.1,FR1,0,Status,226,232,72,9,0,0,,,,,Disabled,25.2,42.2,995.7,14.6,0.000,0.000,247732,339964,181348,29458,3.88,63.69
2026-07-16 03:42:29,141397.812500,B0DB8AF16E20,0003,male,C57BL/6,1.1.1,FR1,0,Status,226,232,72,9,0,0,,,,,Disabled,25.1,42.4,995.7,14.6,0.000,0.000,247732,339964,181348,29595,3.89,63.69
2026-07-16 03:53:29,142058.546875,B0DB8AF16E20,0003,male,C57BL/6,1.1.1,FR1,0,Status,226,232,72,9,0,0,,,,,Disabled,25.1,42.1,995.8,14.6,0.000,0.000,247732,339964,181348,29732,3.88,63.54
2026-07-16 04:04:28,142718.296875,B0DB8AF16E20,0003,male,C57BL/6,1.1.1,FR1,0,Status,226,232,72,9,0,0,,,,,Disabled,25.1,42.1,995.8,14.7,0.000,0.000,247732,339964,181348,29869,3.89,63.40
2026-07-16 04:15:29,143380.000000,B0DB8AF16E20,0003,male,C57BL/6,1.1.1,FR1,0,Status,226,232,72,9,0,0,,,,,Disabled,25.1,42.0,995.8,14.7,0.000,0.000,247732,339964,181348,30006,3.88,63.40
2026-07-16 04:26:31,144042.750000,B0DB8AF16E20,0003,male,C57BL/6,1.1.1,FR1,0,Status,226,232,72,9,0,0,,,,,Disabled,25.1,42.3,995.8,14.7,0.000,0.000,247732,339964,181348,30143,3.88,63.25
2026-07-16 04:37:34,144705.437500,B0DB8AF16E20,0003,male,C57BL/6,1.1.1,FR1,0,Status,226,232,72,9,0,0,,,,,Disabled,25.1,42.3,995.8,14.7,0.000,0.000,247732,339964,181348,30280,3.86,63.25
2026-07-16 04:48:36,145369.296875,B0DB8AF16E20,0003,male,C57BL/6,1.1.1,FR1,0,Status,226,232,72,9,0,0,,,,,Disabled,25.1,42.3,995.8,14.8,0.000,0.000,247732,339964,181348,30417,3.88,63.11
2026-07-16 04:50:20,145472.843750,B0DB8AF16E20,0003,male,C57BL/6,1.1.1,FR1,0,Left,226,233,72,9,0,0,,,,,,,,,,,,,,,,,
2026-07-16 04:50:25,145477.828125,B0DB8AF16E20,0003,male,C57BL/6,1.1.1,FR1,0,PelletDrop,227,233,72,9,0,0,,,,,,,,,,,,,,,,,
2026-07-16 04:50:45,145497.734375,B0DB8AF16E20,0003,male,C57BL/6,1.1.1,FR1,0,PelletTaken,227,233,72,9,0,0,19.343,59.000,0,3,,,,,,,,,,,,,
2026-07-16 04:57:01,145874.828125,B0DB8AF16E20,0003,male,C57BL/6,1.1.1,FR1,0,Right,227,233,73,9,0,0,,,,,,,,,,,,,,,,,
2026-07-16 04:57:23,145896.625000,B0DB8AF16E20,0003,male,C57BL/6,1.1.1,FR1,0,Left,227,234,73,9,0,0,,,,,,,,,,,,,,,,,
2026-07-16 04:57:26,145899.437500,B0DB8AF16E20,0003,male,C57BL/6,1.1.1,FR1,0,PelletDrop,228,234,73,9,0,0,,,,,,,,,,,,,,,,,
2026-07-16 04:57:27,145900.500000,B0DB8AF16E20,0003,male,C57BL/6,1.1.1,FR1,0,PelletTaken,228,234,73,9,0,0,0.500,32.000,0,1,,,,,,,,,,,,,
2026-07-16 04:57:58,145932.187500,B0DB8AF16E20,0003,male,C57BL/6,1.1.1,FR1,0,Right,228,234,74,9,0,0,,,,,,,,,,,,,,,,,
2026-07-16 04:59:28,146022.015625,B0DB8AF16E20,0003,male,C57BL/6,1.1.1,FR1,0,Status,228,234,74,9,0,0,,,,,Disabled,25.1,43.1,995.9,14.7,0.000,0.000,247732,339964,181348,30549,3.88,62.96
2026-07-16 05:03:42,146276.046875,B0DB8AF16E20,0003,male,C57BL/6,1.1.1,FR1,0,Left,228,235,74,9,0,0,,,,,,,,,,,,,,,,,
2026-07-16 05:03:47,146281.078125,B0DB8AF16E20,0003,male,C57BL/6,1.1.1,FR1,0,PelletDrop,229,235,74,9,0,0,,,,,,,,,,,,,,,,,
2026-07-16 05:03:56,146290.359375,B0DB8AF16E20,0003,male,C57BL/6,1.1.1,FR1,0,PelletTaken,229,235,74,9,0,0,8.717,51.000,0,2,,,,,,,,,,,,,
2026-07-16 05:04:26,146320.890625,B0DB8AF16E20,0003,male,C57BL/6,1.1.1,FR1,0,Left,229,236,74,9,0,0,,,,,,,,,,,,,,,,,
2026-07-16 05:04:31,146325.921875,B0DB8AF16E20,0003,male,C57BL/6,1.1.1,FR1,0,PelletDrop,230,236,74,9,0,0,,,,,,,,,,,,,,,,,
2026-07-16 05:04:39,146333.906250,B0DB8AF16E20,0003,male,C57BL/6,1.1.1,FR1,0,PelletTaken,230,236,74,9,0,0,7.407,50.000,0,2,,,,,,,,,,,,,
2026-07-16 05:05:35,146390.000000,B0DB8AF16E20,0003,male,C57BL/6,1.1.1,FR1,0,Left,230,237,74,9,0,0,,,,,,,,,,,,,,,,,
2026-07-16 05:05:38,146392.828125,B0DB8AF16E20,0003,male,C57BL/6,1.1.1,FR1,0,PelletDrop,231,237,74,9,0,0,,,,,,,,,,,,,,,,,
2026-07-16 05:05:39,146393.984375,B0DB8AF16E20,0003,male,C57BL/6,1.1.1,FR1,0,PelletNotDetected,231,237,74,9,0,0,,,,,,,,,,,,,,,,,
2026-07-16 05:10:20,146674.687500,B0DB8AF16E20,0003,male,C57BL/6,1.1.1,FR1,0,Status,231,237,74,9,0,0,,,,,Disabled,25.1,42.8,995.9,14.8,0.000,0.000,247732,339964,181348,30679,3.87,62.96
2026-07-16 05:14:00,146894.937500,B0DB8AF16E20,0003,male,C57BL/6,1.1.1,FR1,0,Left,231,238,74,9,0,0,,,,,,,,,,,,,,,,,
2026-07-16 05:14:03,146897.765625,B0DB8AF16E20,0003,male,C57BL/6,1.1.1,FR1,0,PelletDrop,232,238,74,9,0,0,,,,,,,,,,,,,,,,,
2026-07-16 05:14:04,146898.906250,B0DB8AF16E20,0003,male,C57BL/6,1.1.1,FR1,0,PelletNotDetected,232,238,74,9,0,0,,,,,,,,,,,,,,,,,
2026-07-16 05:14:21,146916.421875,B0DB8AF16E20,0003,male,C57BL/6,1.1.1,FR1,0,Left,232,239,74,9,0,0,,,,,,,,,,,,,,,,,
2026-07-16 05:14:24,146919.578125,B0DB8AF16E20,0003,male,C57BL/6,1.1.1,FR1,0,PelletDrop,233,239,74,9,0,0,,,,,,,,,,,,,,,,,
2026-07-16 05:14:25,146920.750000,B0DB8AF16E20,0003,male,C57BL/6,1.1.1,FR1,0,PelletNotDetected,233,239,74,9,0,0,,,,,,,,,,,,,,,,,
2026-07-16 05:14:42,146937.062500,B0DB8AF16E20,0003,male,C57BL/6,1.1.1,FR1,0,Left,233,240,74,9,0,0,,,,,,,,,,,,,,,,,
2026-07-16 05:14:50,146945.796875,B0DB8AF16E20,0003,male,C57BL/6,1.1.1,FR1,0,PelletDrop,234,240,74,9,0,0,,,,,,,,,,,,,,,,,
2026-07-16 05:15:00,146954.875000,B0DB8AF16E20,0003,male,C57BL/6,1.1.1,FR1,0,PelletTaken,234,240,74,9,0,0,8.518,50.000,0,6,,,,,,,,,,,,,
2026-07-16 05:15:49,147004.328125,B0DB8AF16E20,0003,male,C57BL/6,1.1.1,FR1,0,Left,234,241,74,9,0,0,,,,,,,,,,,,,,,,,
2026-07-16 05:15:54,147009.359375,B0DB8AF16E20,0003,male,C57BL/6,1.1.1,FR1,0,PelletDrop,235,241,74,9,0,0,,,,,,,,,,,,,,,,,
2026-07-16 05:16:06,147021.218750,B0DB8AF16E20,0003,male,C57BL/6,1.1.1,FR1,0,PelletTaken,235,241,74,9,0,0,11.313,40.000,0,2,,,,,,,,,,,,,
2026-07-16 05:16:29,147044.890625,B0DB8AF16E20,0003,male,C57BL/6,1.1.1,FR1,0,Left,235,242,74,9,0,0,,,,,,,,,,,,,,,,,
2026-07-16 05:16:35,147049.937500,B0DB8AF16E20,0003,male,C57BL/6,1.1.1,FR1,0,PelletDrop,236,242,74,9,0,0,,,,,,,,,,,,,,,,,
2026-07-16 05:16:43,147058.109375,B0DB8AF16E20,0003,male,C57BL/6,1.1.1,FR1,0,PelletTaken,236,242,74,9,0,0,7.606,11.000,0,2,,,,,,,,,,,,,
2026-07-16 05:19:47,147242.515625,B0DB8AF16E20,0003,male,C57BL/6,1.1.1,FR1,0,Right,236,242,75,9,0,0,,,,,,,,,,,,,,,,,
2026-07-16 05:19:50,147245.406250,B0DB8AF16E20,0003,male,C57BL/6,1.1.1,FR1,0,Right,236,242,76,9,0,0,,,,,,,,,,,,,,,,,
2026-07-16 05:19:53,147248.703125,B0DB8AF16E20,0003,male,C57BL/6,1.1.1,FR1,0,Left,236,243,76,9,0,0,,,,,,,,,,,,,,,,,
2026-07-16 05:19:56,147251.515625,B0DB8AF16E20,0003,male,C57BL/6,1.1.1,FR1,0,PelletDrop,237,243,76,9,0,0,,,,,,,,,,,,,,,,,
2026-07-16 05:19:57,147252.671875,B0DB8AF16E20,0003,male,C57BL/6,1.1.1,FR1,0,PelletNotDetected,237,243,76,9,0,0,,,,,,,,,,,,,,,,,
2026-07-16 05:21:22,147337.421875,B0DB8AF16E20,0003,male,C57BL/6,1.1.1,FR1,0,Status,237,243,76,9,0,0,,,,,Disabled,25.2,42.6,995.9,14.7,0.000,0.000,247732,339964,181348,30806,3.88,62.82
2026-07-16 05:26:19,147634.609375,B0DB8AF16E20,0003,male,C57BL/6,1.1.1,FR1,0,Left,237,244,76,9,0,0,,,,,,,,,,,,,,,,,
2026-07-16 05:26:24,147640.031250,B0DB8AF16E20,0003,male,C57BL/6,1.1.1,FR1,0,PelletDrop,238,244,76,9,0,0,,,,,,,,,,,,,,,,,
2026-07-16 05:26:32,147647.843750,B0DB8AF16E20,0003,male,C57BL/6,1.1.1,FR1,0,PelletTaken,238,244,76,9,0,0,7.254,216.000,0,3,,,,,,,,,,,,,
2026-07-16 05:29:36,147831.875000,B0DB8AF16E20,0003,male,C57BL/6,1.1.1,FR1,0,Right,238,244,77,9,0,0,,,,,,,,,,,,,,,,,
2026-07-16 05:29:38,147834.375000,B0DB8AF16E20,0003,male,C57BL/6,1.1.1,FR1,0,Left,238,245,77,9,0,0,,,,,,,,,,,,,,,,,
2026-07-16 05:29:43,147839.406250,B0DB8AF16E20,0003,male,C57BL/6,1.1.1,FR1,0,PelletDrop,239,245,77,9,0,0,,,,,,,,,,,,,,,,,
2026-07-16 05:29:53,147848.640625,B0DB8AF16E20,0003,male,C57BL/6,1.1.1,FR1,0,PelletTaken,239,245,77,9,0,0,8.684,22.000,0,2,,,,,,,,,,,,,
2026-07-16 05:32:23,147999.093750,B0DB8AF16E20,0003,male,C57BL/6,1.1.1,FR1,0,Status,239,245,77,9,0,0,,,,,Disabled,25.2,42.4,995.9,14.7,0.000,0.000,247732,339964,181348,30938,3.88,62.68
2026-07-16 05:37:59,148335.437500,B0DB8AF16E20,0003,male,C57BL/6,1.1.1,FR1,0,Left,239,246,77,9,0,0,,,,,,,,,,,,,,,,,
2026-07-16 05:38:02,148338.250000,B0DB8AF16E20,0003,male,C57BL/6,1.1.1,FR1,0,PelletDrop,240,246,77,9,0,0,,,,,,,,,,,,,,,,,
2026-07-16 05:38:03,148339.406250,B0DB8AF16E20,0003,male,C57BL/6,1.1.1,FR1,0,PelletNotDetected,240,246,77,9,0,0,,,,,,,,,,,,,,,,,
2026-07-16 05:38:23,148359.093750,B0DB8AF16E20,0003,male,C57BL/6,1.1.1,FR1,0,Left,240,247,77,9,0,0,,,,,,,,,,,,,,,,,
2026-07-16 05:38:28,148364.078125,B0DB8AF16E20,0003,male,C57BL/6,1.1.1,FR1,0,PelletDrop,241,247,77,9,0,0,,,,,,,,,,,,,,,,,
2026-07-16 05:38:38,148374.156250,B0DB8AF16E20,0003,male,C57BL/6,1.1.1,FR1,0,PelletTaken,241,247,77,9,0,0,9.520,21.000,0,3,,,,,,,,,,,,,
2026-07-16 05:39:02,148398.062500,B0DB8AF16E20,0003,male,C57BL/6,1.1.1,FR1,0,Left,241,248,77,9,0,0,,,,,,,,,,,,,,,,,
2026-07-16 05:39:09,148405.328125,B0DB8AF16E20,0003,male,C57BL/6,1.1.1,FR1,0,PelletDrop,242,248,77,9,0,0,,,,,,,,,,,,,,,,,
2026-07-16 05:39:19,148415.109375,B0DB8AF16E20,0003,male,C57BL/6,1.1.1,FR1,0,PelletTaken,242,248,77,9,0,0,9.212,51.000,0,3,,,,,,,,,,,,,
2026-07-16 05:39:43,148439.968750,B0DB8AF16E20,0003,male,C57BL/6,1.1.1,FR1,0,Left,242,249,77,9,0,0,,,,,,,,,,,,,,,,,
2026-07-16 05:39:48,148445.000000,B0DB8AF16E20,0003,male,C57BL/6,1.1.1,FR1,0,PelletDrop,243,249,77,9,0,0,,,,,,,,,,,,,,,,,
2026-07-16 05:39:55,148451.718750,B0DB8AF16E20,0003,male,C57BL/6,1.1.1,FR1,0,PelletTaken,243,249,77,9,0,0,6.132,80.000,0,2,,,,,,,,,,,,,
2026-07-16 05:43:19,148655.656250,B0DB8AF16E20,0003,male,C57BL/6,1.1.1,FR1,0,Status,243,249,77,9,0,0,,,,,Disabled,25.3,42.2,996.0,14.8,0.000,0.000,247732,339964,181348,31065,3.87,62.53
2026-07-16 05:48:55,148991.953125,B0DB8AF16E20,0003,male,C57BL/6,1.1.1,FR1,0,Right,243,249,78,9,0,0,,,,,,,,,,,,,,,,,
2026-07-16 05:54:25,149321.421875,B0DB8AF16E20,0003,male,C57BL/6,1.1.1,FR1,0,Status,243,249,78,9,0,0,,,,,Disabled,25.3,42.8,996.0,14.7,0.000,0.000,247732,339964,181348,31203,3.87,62.39
2026-07-16 06:05:23,149981.109375,B0DB8AF16E20,0003,male,C57BL/6,1.1.1,FR1,0,Status,243,249,78,9,0,0,,,,,Disabled,25.3,42.8,996.0,14.8,0.000,0.000,247732,339964,181348,31340,3.87,62.24
2026-07-16 06:15:55,150614.359375,B0DB8AF16E20,0003,male,C57BL/6,1.1.1,FR1,0,Status,243,249,78,9,0,0,,,,,Disabled,25.1,43.4,996.0,14.8,0.000,0.000,247732,339964,181348,31477,3.87,62.24
2026-07-16 06:26:28,151247.609375,B0DB8AF16E20,0003,male,C57BL/6,1.1.1,FR1,0,Status,243,249,78,9,0,0,,,,,Disabled,25.0,43.4,996.0,15.1,0.000,0.000,247732,339964,181348,31614,3.87,62.10
2026-07-16 06:37:00,151880.843750,B0DB8AF16E20,0003,male,C57BL/6,1.1.1,FR1,0,Status,243,249,78,9,0,0,,,,,Disabled,24.9,43.3,996.0,15.0,0.000,0.000,247732,339964,181348,31751,3.87,62.10
2026-07-16 06:47:33,152514.078125,B0DB8AF16E20,0003,male,C57BL/6,1.1.1,FR1,0,Status,243,249,78,9,0,0,,,,,Disabled,24.8,43.2,996.0,15.1,0.000,0.000,247732,339964,181348,31888,3.87,61.95
2026-07-16 06:58:32,153173.937500,B0DB8AF16E20,0003,male,C57BL/6,1.1.1,FR1,0,Status,243,249,78,9,0,0,,,,,Disabled,24.8,42.5,996.1,15.0,0.000,0.000,247732,339964,181348,32025,3.85,61.95
2026-07-16 07:09:05,153807.140625,B0DB8AF16E20,0003,male,C57BL/6,1.1.1,FR1,0,Status,243,249,78,9,0,0,,,,,Disabled,24.8,43.0,996.1,15.2,0.000,0.000,247732,339964,181348,32162,3.87,61.81
2026-07-16 07:19:59,154462.484375,B0DB8AF16E20,0003,male,C57BL/6,1.1.1,FR1,0,Status,243,249,78,9,0,0,,,,,Disabled,24.8,42.5,996.1,15.0,0.000,0.000,247732,339964,181348,32299,3.87,61.81
2026-07-16 07:31:23,155146.234375,B0DB8AF16E20,0003,male,C57BL/6,1.1.1,FR1,0,Status,243,249,78,9,0,0,,,,,Disabled,24.9,41.9,996.2,15.0,0.000,0.000,247732,339964,181348,32436,3.87,61.66
2026-07-16 07:40:38,155702.218750,B0DB8AF16E20,0003,male,C57BL/6,1.1.1,FR1,0,Left,243,250,78,9,0,0,,,,,,,,,,,,,,,,,
2026-07-16 07:40:41,155705.031250,B0DB8AF16E20,0003,male,C57BL/6,1.1.1,FR1,0,PelletDrop,244,250,78,9,0,0,,,,,,,,,,,,,,,,,
2026-07-16 07:40:42,155706.312500,B0DB8AF16E20,0003,male,C57BL/6,1.1.1,FR1,0,PelletTaken,244,250,78,9,0,0,0.719,40.000,0,1,,,,,,,,,,,,,
2026-07-16 07:42:21,155805.921875,B0DB8AF16E20,0003,male,C57BL/6,1.1.1,FR1,0,Status,244,250,78,9,0,0,,,,,Disabled,24.9,42.4,996.2,14.9,0.000,0.000,247732,339964,181348,32572,3.87,61.52
2026-07-16 07:53:25,156470.718750,B0DB8AF16E20,0003,male,C57BL/6,1.1.1,FR1,0,Status,244,250,78,9,0,0,,,,,Disabled,24.9,42.2,996.3,14.9,0.000,0.000,247732,339964,181348,32709,3.87,61.38
2026-07-16 08:04:31,157137.375000,B0DB8AF16E20,0003,male,C57BL/6,1.1.1,FR1,0,Status,244,250,78,9,0,0,,,,,Disabled,25.0,42.2,996.3,15.0,0.000,0.000,247732,339964,181348,32846,3.87,61.38
2026-07-16 08:15:38,157805.093750,B0DB8AF16E20,0003,male,C57BL/6,1.1.1,FR1,0,Status,244,250,78,9,0,0,,,,,Disabled,25.0,42.1,996.4,14.9,0.000,0.000,247732,339964,181348,32983,3.86,61.38
2026-07-16 08:18:41,157988.390625,B0DB8AF16E20,0003,male,C57BL/6,1.1.1,FR1,0,Left,244,251,78,9,0,0,,,,,,,,,,,,,,,,,
2026-07-16 08:18:44,157991.218750,B0DB8AF16E20,0003,male,C57BL/6,1.1.1,FR1,0,PelletDrop,245,251,78,9,0,0,,,,,,,,,,,,,,,,,
2026-07-16 08:18:45,157991.875000,B0DB8AF16E20,0003,male,C57BL/6,1.1.1,FR1,0,PelletTaken,245,251,78,9,0,0,0.104,51.000,0,1,,,,,,,,,,,,,
2026-07-16 08:26:38,158465.843750,B0DB8AF16E20,0003,male,C57BL/6,1.1.1,FR1,0,Status,245,251,78,9,0,0,,,,,Disabled,25.0,42.3,996.4,15.0,0.000,0.000,247732,339964,181348,33119,3.85,61.06
2026-07-16 08:27:12,158500.312500,B0DB8AF16E20,0003,male,C57BL/6,1.1.1,FR1,0,Left,245,252,78,9,0,0,,,,,,,,,,,,,,,,,
2026-07-16 08:27:15,158503.140625,B0DB8AF16E20,0003,male,C57BL/6,1.1.1,FR1,0,PelletDrop,246,252,78,9,0,0,,,,,,,,,,,,,,,,,
2026-07-16 08:27:16,158504.296875,B0DB8AF16E20,0003,male,C57BL/6,1.1.1,FR1,0,PelletNotDetected,246,252,78,9,0,0,,,,,,,,,,,,,,,,,
2026-07-16 08:34:28,158936.359375,B0DB8AF16E20,0003,male,C57BL/6,1.1.1,FR1,0,Left,246,253,78,9,0,0,,,,,,,,,,,,,,,,,
2026-07-16 08:34:33,158941.343750,B0DB8AF16E20,0003,male,C57BL/6,1.1.1,FR1,0,PelletDrop,247,253,78,9,0,0,,,,,,,,,,,,,,,,,
2026-07-16 08:34:44,158952.359375,B0DB8AF16E20,0003,male,C57BL/6,1.1.1,FR1,0,PelletTaken,247,253,78,9,0,0,10.444,80.000,0,3,,,,,,,,,,,,,
2026-07-16 08:37:44,159132.562500,B0DB8AF16E20,0003,male,C57BL/6,1.1.1,FR1,0,Status,247,253,78,9,0,0,,,,,Disabled,25.1,42.1,996.5,14.9,0.000,0.000,247732,339964,181348,33252,3.86,61.06
2026-07-16 08:40:50,159318.015625,B0DB8AF16E20,0003,male,C57BL/6,1.1.1,FR1,0,Left,247,254,78,9,0,0,,,,,,,,,,,,,,,,,
2026-07-16 08:40:55,159323.062500,B0DB8AF16E20,0003,male,C57BL/6,1.1.1,FR1,0,PelletDrop,248,254,78,9,0,0,,,,,,,,,,,,,,,,,
2026-07-16 08:41:07,159335.312500,B0DB8AF16E20,0003,male,C57BL/6,1.1.1,FR1,0,PelletTaken,248,254,78,9,0,0,11.698,41.000,0,2,,,,,,,,,,,,,
2026-07-16 08:45:53,159622.046875,B0DB8AF16E20,0003,male,C57BL/6,1.1.1,FR1,0,Left,248,255,78,9,0,0,,,,,,,,,,,,,,,,,
2026-07-16 08:45:56,159624.859375,B0DB8AF16E20,0003,male,C57BL/6,1.1.1,FR1,0,PelletDrop,249,255,78,9,0,0,,,,,,,,,,,,,,,,,
2026-07-16 08:45:57,159625.546875,B0DB8AF16E20,0003,male,C57BL/6,1.1.1,FR1,0,PelletTaken,249,255,78,9,0,0,0.105,235.000,0,1,,,,,,,,,,,,,
2026-07-16 08:48:37,159786.281250,B0DB8AF16E20,0003,male,C57BL/6,1.1.1,FR1,0,Status,249,255,78,9,0,0,,,,,Disabled,25.1,42.5,996.5,14.9,0.000,0.000,247732,339964,181348,33385,3.86,60.74
2026-07-16 08:49:21,159830.250000,B0DB8AF16E20,0003,male,C57BL/6,1.1.1,FR1,0,Left,249,256,78,9,0,0,,,,,,,,,,,,,,,,,
2026-07-16 08:49:26,159835.281250,B0DB8AF16E20,0003,male,C57BL/6,1.1.1,FR1,0,PelletDrop,250,256,78,9,0,0,,,,,,,,,,,,,,,,,
2026-07-16 08:49:36,159845.812500,B0DB8AF16E20,0003,male,C57BL/6,1.1.1,FR1,0,PelletTaken,250,256,78,9,0,0,9.960,952.000,0,2,,,,,,,,,,,,,
2026-07-16 08:53:32,160082.125000,B0DB8AF16E20,0003,male,C57BL/6,1.1.1,FR1,0,Right,250,256,79,9,0,0,,,,,,,,,,,,,,,,,
2026-07-16 08:59:36,160444.968750,B0DB8AF16E20,0003,male,C57BL/6,1.1.1,FR1,0,Status,250,256,79,9,0,0,,,,,Disabled,25.1,42.8,996.5,15.0,0.000,0.000,247732,339964,181348,33518,3.86,60.74
2026-07-16 09:02:10,160599.843750,B0DB8AF16E20,0003,male,C57BL/6,1.1.1,FR1,0,Left,250,257,79,9,0,0,,,,,,,,,,,,,,,,,
2026-07-16 09:02:15,160604.875000,B0DB8AF16E20,0003,male,C57BL/6,1.1.1,FR1,0,PelletDrop,251,257,79,9,0,0,,,,,,,,,,,,,,,,,
2026-07-16 09:02:24,160613.828125,B0DB8AF16E20,0003,male,C57BL/6,1.1.1,FR1,0,PelletTaken,251,257,79,9,0,0,8.387,119.000,0,2,,,,,,,,,,,,,
2026-07-16 09:02:57,160646.640625,B0DB8AF16E20,0003,male,C57BL/6,1.1.1,FR1,0,Left,251,258,79,9,0,0,,,,,,,,,,,,,,,,,
2026-07-16 09:03:02,160651.671875,B0DB8AF16E20,0003,male,C57BL/6,1.1.1,FR1,0,PelletDrop,252,258,79,9,0,0,,,,,,,,,,,,,,,,,
2026-07-16 09:03:10,160659.500000,B0DB8AF16E20,0003,male,C57BL/6,1.1.1,FR1,0,PelletTaken,252,258,79,9,0,0,7.254,138.000,0,2,,,,,,,,,,,,,
2026-07-16 09:06:08,160837.984375,B0DB8AF16E20,0003,male,C57BL/6,1.1.1,FR1,0,Left,252,259,79,9,0,0,,,,,,,,,,,,,,,,,
2026-07-16 09:06:13,160843.015625,B0DB8AF16E20,0003,male,C57BL/6,1.1.1,FR1,0,PelletDrop,253,259,79,9,0,0,,,,,,,,,,,,,,,,,
2026-07-16 09:06:23,160853.203125,B0DB8AF16E20,0003,male,C57BL/6,1.1.1,FR1,0,PelletTaken,253,259,79,9,0,0,9.641,21.000,0,2,,,,,,,,,,,,,
2026-07-16 09:06:44,160874.156250,B0DB8AF16E20,0003,male,C57BL/6,1.1.1,FR1,0,Left,253,260,79,9,0,0,,,,,,,,,,,,,,,,,
2026-07-16 09:06:48,160877.453125,B0DB8AF16E20,0003,male,C57BL/6,1.1.1,FR1,0,PelletDrop,254,260,79,9,0,0,,,,,,,,,,,,,,,,,
2026-07-16 09:06:49,160878.609375,B0DB8AF16E20,0003,male,C57BL/6,1.1.1,FR1,0,PelletNotDetected,254,260,79,9,0,0,,,,,,,,,,,,,,,,,
2026-07-16 09:10:38,161108.734375,B0DB8AF16E20,0003,male,C57BL/6,1.1.1,FR1,0,Status,254,260,79,9,0,0,,,,,Disabled,25.1,42.8,996.6,15.0,0.000,0.000,247732,339964,181348,33646,3.86,60.43
2026-07-16 09:13:29,161279.671875,B0DB8AF16E20,0003,male,C57BL/6,1.1.1,FR1,0,Right,254,260,80,9,0,0,,,,,,,,,,,,,,,,,
2026-07-16 09:13:30,161281.203125,B0DB8AF16E20,0003,male,C57BL/6,1.1.1,FR1,0,Right,254,260,81,9,0,0,,,,,,,,,,,,,,,,,
2026-07-16 09:13:45,161296.359375,B0DB8AF16E20,0003,male,C57BL/6,1.1.1,FR1,0,Right,254,260,82,9,0,0,,,,,,,,,,,,,,,,,
2026-07-16 09:14:42,161353.093750,B0DB8AF16E20,0003,male,C57BL/6,1.1.1,FR1,0,Right,254,260,83,9,0,0,,,,,,,,,,,,,,,,,
2026-07-16 09:15:18,161389.515625,B0DB8AF16E20,0003,male,C57BL/6,1.1.1,FR1,0,Center,254,260,83,10,0,0,,,,,,,,,,,,,,,,,
2026-07-16 09:15:22,161393.250000,B0DB8AF16E20,0003,male,C57BL/6,1.1.1,FR1,0,Left,254,261,83,10,0,0,,,,,,,,,,,,,,,,,
2026-07-16 09:15:25,161395.953125,B0DB8AF16E20,0003,male,C57BL/6,1.1.1,FR1,0,PelletDrop,255,261,83,10,0,0,,,,,,,,,,,,,,,,,
2026-07-16 09:15:27,161398.015625,B0DB8AF16E20,0003,male,C57BL/6,1.1.1,FR1,0,PelletTaken,255,261,83,10,0,0,1.489,33.000,0,2,,,,,,,,,,,,,
2026-07-16 09:16:03,161434.093750,B0DB8AF16E20,0003,male,C57BL/6,1.1.1,FR1,0,Left,255,262,83,10,0,0,,,,,,,,,,,,,,,,,
2026-07-16 09:16:08,161439.109375,B0DB8AF16E20,0003,male,C57BL/6,1.1.1,FR1,0,PelletDrop,256,262,83,10,0,0,,,,,,,,,,,,,,,,,
2026-07-16 09:16:17,161448.031250,B0DB8AF16E20,0003,male,C57BL/6,1.1.1,FR1,0,PelletTaken,256,262,83,10,0,0,8.354,31.000,0,2,,,,,,,,,,,,,
2026-07-16 09:16:55,161486.046875,B0DB8AF16E20,0003,male,C57BL/6,1.1.1,FR1,0,Left,256,263,83,10,0,0,,,,,,,,,,,,,,,,,
2026-07-16 09:17:00,161491.078125,B0DB8AF16E20,0003,male,C57BL/6,1.1.1,FR1,0,PelletDrop,257,263,83,10,0,0,,,,,,,,,,,,,,,,,
2026-07-16 09:17:09,161499.687500,B0DB8AF16E20,0003,male,C57BL/6,1.1.1,FR1,0,PelletTaken,257,263,83,10,0,0,8.046,52.000,0,2,,,,,,,,,,,,,
2026-07-16 09:21:42,161773.328125,B0DB8AF16E20,0003,male,C57BL/6,1.1.1,FR1,0,Status,257,263,83,10,0,0,,,,,Disabled,25.2,42.7,996.6,15.1,0.000,0.000,247732,339964,181348,33780,3.86,60.11
2026-07-16 09:32:41,162433.156250,B0DB8AF16E20,0003,male,C57BL/6,1.1.1,FR1,0,Status,257,263,83,10,0,0,,,,,Disabled,25.2,43.1,996.6,15.1,0.000,0.000,247732,339964,181348,33917,3.86,60.11
2026-07-16 09:33:07,162459.234375,B0DB8AF16E20,0003,male,C57BL/6,1.1.1,FR1,0,Left,257,264,83,10,0,0,,,,,,,,,,,,,,,,,
2026-07-16 09:33:10,162462.046875,B0DB8AF16E20,0003,male,C57BL/6,1.1.1,FR1,0,PelletDrop,258,264,83,10,0,0,,,,,,,,,,,,,,,,,
2026-07-16 09:33:11,162463.218750,B0DB8AF16E20,0003,male,C57BL/6,1.1.1,FR1,0,PelletNotDetected,258,264,83,10,0,0,,,,,,,,,,,,,,,,,
2026-07-16 09:33:31,162483.062500,B0DB8AF16E20,0003,male,C57BL/6,1.1.1,FR1,0,Left,258,265,83,10,0,0,,,,,,,,,,,,,,,,,
2026-07-16 09:33:36,162488.031250,B0DB8AF16E20,0003,male,C57BL/6,1.1.1,FR1,0,PelletDrop,259,265,83,10,0,0,,,,,,,,,,,,,,,,,
2026-07-16 09:33:47,162499.156250,B0DB8AF16E20,0003,male,C57BL/6,1.1.1,FR1,0,PelletTaken,259,265,83,10,0,0,10.554,12.000,0,3,,,,,,,,,,,,,
2026-07-16 09:43:41,163093.812500,B0DB8AF16E20,0003,male,C57BL/6,1.1.1,FR1,0,Status,259,265,83,10,0,0,,,,,Disabled,25.2,42.6,996.6,14.9,0.000,0.000,247732,339964,181348,34051,3.86,59.79
2026-07-16 09:54:46,163759.625000,B0DB8AF16E20,0003,male,C57BL/6,1.1.1,FR1,0,Status,259,265,83,10,0,0,,,,,Disabled,25.2,42.2,996.7,14.8,0.000,0.000,247732,339964,181348,34188,3.86,59.48
2026-07-16 10:05:52,164426.312500,B0DB8AF16E20,0003,male,C57BL/6,1.1.1,FR1,0,Status,259,265,83,10,0,0,,,,,Disabled,25.2,42.0,996.7,14.9,0.000,0.000,247732,339964,181348,34325,3.86,59.48
2026-07-16 10:16:52,165087.078125,B0DB8AF16E20,0003,male,C57BL/6,1.1.1,FR1,0,Status,259,265,83,10,0,0,,,,,Disabled,25.2,41.9,996.6,14.9,0.000,0.000,247732,339964,181348,34462,3.85,59.16
2026-07-16 10:27:55,165749.875000,B0DB8AF16E20,0003,male,C57BL/6,1.1.1,FR1,0,Status,259,265,83,10,0,0,,,,,Disabled,25.2,41.8,996.6,14.8,0.000,0.000,247732,339964,181348,34599,3.85,58.84
2026-07-16 10:38:56,166412.609375,B0DB8AF16E20,0003,male,C57BL/6,1.1.1,FR1,0,Status,259,265,83,10,0,0,,,,,Disabled,25.2,41.7,996.6,14.8,0.000,0.000,247732,339964,181348,34736,3.85,58.84
2026-07-16 10:50:01,167078.312500,B0DB8AF16E20,0003,male,C57BL/6,1.1.1,FR1,0,Status,259,265,83,10,0,0,,,,,Disabled,25.2,41.5,996.6,14.8,0.000,0.000,247732,339964,181348,34873,3.85,58.53
2026-07-16 10:50:23,167100.109375,B0DB8AF16E20,0003,male,C57BL/6,1.1.1,FR1,0,Left,259,266,83,10,0,0,,,,,,,,,,,,,,,,,
2026-07-16 10:50:28,167105.140625,B0DB8AF16E20,0003,male,C57BL/6,1.1.1,FR1,0,PelletDrop,260,266,83,10,0,0,,,,,,,,,,,,,,,,,
2026-07-16 10:50:45,167122.250000,B0DB8AF16E20,0003,male,C57BL/6,1.1.1,FR1,0,PelletTaken,260,266,83,10,0,0,16.526,60.000,0,2,,,,,,,,,,,,,
2026-07-16 10:51:16,167153.296875,B0DB8AF16E20,0003,male,C57BL/6,1.1.1,FR1,0,Left,260,267,83,10,0,0,,,,,,,,,,,,,,,,,
2026-07-16 10:51:21,167158.328125,B0DB8AF16E20,0003,male,C57BL/6,1.1.1,FR1,0,PelletDrop,261,267,83,10,0,0,,,,,,,,,,,,,,,,,
2026-07-16 10:51:36,167173.609375,B0DB8AF16E20,0003,male,C57BL/6,1.1.1,FR1,0,PelletTaken,261,267,83,10,0,0,14.723,51.000,0,2,,,,,,,,,,,,,
2026-07-16 11:00:57,167734.953125,B0DB8AF16E20,0003,male,C57BL/6,1.1.1,FR1,0,Status,261,267,83,10,0,0,,,,,Disabled,25.3,41.8,996.6,14.8,0.000,0.000,247732,339964,181348,35000,3.85,58.21
2026-07-16 11:05:57,168035.640625,B0DB8AF16E20,0003,male,C57BL/6,1.1.1,FR1,0,Left,261,268,83,10,0,0,,,,,,,,,,,,,,,,,
2026-07-16 11:06:00,168038.500000,B0DB8AF16E20,0003,male,C57BL/6,1.1.1,FR1,0,PelletDrop,262,268,83,10,0,0,,,,,,,,,,,,,,,,,
2026-07-16 11:06:01,168039.656250,B0DB8AF16E20,0003,male,C57BL/6,1.1.1,FR1,0,PelletNotDetected,262,268,83,10,0,0,,,,,,,,,,,,,,,,,
2026-07-16 11:06:18,168056.156250,B0DB8AF16E20,0003,male,C57BL/6,1.1.1,FR1,0,Left,262,269,83,10,0,0,,,,,,,,,,,,,,,,,
2026-07-16 11:06:20,168058.875000,B0DB8AF16E20,0003,male,C57BL/6,1.1.1,FR1,0,PelletDrop,263,269,83,10,0,0,,,,,,,,,,,,,,,,,
2026-07-16 11:06:21,168059.687500,B0DB8AF16E20,0003,male,C57BL/6,1.1.1,FR1,0,PelletTaken,263,269,83,10,0,0,0.258,359.000,0,2,,,,,,,,,,,,,
2026-07-16 11:06:41,168080.062500,B0DB8AF16E20,0003,male,C57BL/6,1.1.1,FR1,0,Left,263,270,83,10,0,0,,,,,,,,,,,,,,,,,
2026-07-16 11:06:44,168082.875000,B0DB8AF16E20,0003,male,C57BL/6,1.1.1,FR1,0,PelletDrop,264,270,83,10,0,0,,,,,,,,,,,,,,,,,
2026-07-16 11:06:45,168083.671875,B0DB8AF16E20,0003,male,C57BL/6,1.1.1,FR1,0,PelletTaken,264,270,83,10,0,0,0.236,12.000,0,1,,,,,,,,,,,,,
2026-07-16 11:11:57,168394.781250,B0DB8AF16E20,0003,male,C57BL/6,1.1.1,FR1,0,Status,264,270,83,10,0,0,,,,,Disabled,25.3,41.6,996.6,14.7,0.000,0.000,247732,339964,181348,35135,3.85,57.89
2026-07-16 11:20:12,168890.906250,B0DB8AF16E20,0003,male,C57BL/6,1.1.1,FR1,0,Left,264,271,83,10,0,0,,,,,,,,,,,,,,,,,
2026-07-16 11:20:17,168895.937500,B0DB8AF16E20,0003,male,C57BL/6,1.1.1,FR1,0,PelletDrop,265,271,83,10,0,0,,,,,,,,,,,,,,,,,
2026-07-16 11:20:27,168905.703125,B0DB8AF16E20,0003,male,C57BL/6,1.1.1,FR1,0,PelletTaken,265,271,83,10,0,0,9.212,314.000,0,2,,,,,,,,,,,,,
2026-07-16 11:20:57,168935.984375,B0DB8AF16E20,0003,male,C57BL/6,1.1.1,FR1,0,Left,265,272,83,10,0,0,,,,,,,,,,,,,,,,,
2026-07-16 11:21:04,168943.250000,B0DB8AF16E20,0003,male,C57BL/6,1.1.1,FR1,0,PelletDrop,266,272,83,10,0,0,,,,,,,,,,,,,,,,,
2026-07-16 11:21:13,168952.328125,B0DB8AF16E20,0003,male,C57BL/6,1.1.1,FR1,0,PelletTaken,266,272,83,10,0,0,8.519,79.000,0,3,,,,,,,,,,,,,
2026-07-16 11:22:55,169054.562500,B0DB8AF16E20,0003,male,C57BL/6,1.1.1,FR1,0,Status,266,272,83,10,0,0,,,,,Disabled,25.4,41.4,996.5,14.7,0.000,0.000,247732,339964,181348,35265,3.85,57.89
2026-07-16 11:23:28,169087.515625,B0DB8AF16E20,0003,male,C57BL/6,1.1.1,FR1,0,Right,266,272,84,10,0,0,,,,,,,,,,,,,,,,,
2026-07-16 11:24:34,169153.718750,B0DB8AF16E20,0003,male,C57BL/6,1.1.1,FR1,0,Left,266,273,84,10,0,0,,,,,,,,,,,,,,,,,
2026-07-16 11:24:37,169156.531250,B0DB8AF16E20,0003,male,C57BL/6,1.1.1,FR1,0,PelletDrop,267,273,84,10,0,0,,,,,,,,,,,,,,,,,
2026-07-16 11:24:38,169157.187500,B0DB8AF16E20,0003,male,C57BL/6,1.1.1,FR1,0,PelletTaken,267,273,84,10,0,0,0.104,137.000,0,1,,,,,,,,,,,,,
2026-07-16 11:31:40,169580.187500,B0DB8AF16E20,0003,male,C57BL/6,1.1.1,FR1,0,Left,267,274,84,10,0,0,,,,,,,,,,,,,,,,,
2026-07-16 11:31:43,169583.000000,B0DB8AF16E20,0003,male,C57BL/6,1.1.1,FR1,0,PelletDrop,268,274,84,10,0,0,,,,,,,,,,,,,,,,,
2026-07-16 11:31:44,169583.890625,B0DB8AF16E20,0003,male,C57BL/6,1.1.1,FR1,0,PelletTaken,268,274,84,10,0,0,0.323,128.000,0,1,,,,,,,,,,,,,
2026-07-16 11:32:03,169603.156250,B0DB8AF16E20,0003,male,C57BL/6,1.1.1,FR1,0,Left,268,275,84,10,0,0,,,,,,,,,,,,,,,,,
2026-07-16 11:32:08,169608.203125,B0DB8AF16E20,0003,male,C57BL/6,1.1.1,FR1,0,PelletDrop,269,275,84,10,0,0,,,,,,,,,,,,,,,,,
2026-07-16 11:32:17,169617.046875,B0DB8AF16E20,0003,male,C57BL/6,1.1.1,FR1,0,PelletTaken,269,275,84,10,0,0,8.288,61.000,0,2,,,,,,,,,,,,,
2026-07-16 11:32:40,169639.421875,B0DB8AF16E20,0003,male,C57BL/6,1.1.1,FR1,0,Left,269,276,84,10,0,0,,,,,,,,,,,,,,,,,
2026-07-16 11:32:42,169642.234375,B0DB8AF16E20,0003,male,C57BL/6,1.1.1,FR1,0,PelletDrop,270,276,84,10,0,0,,,,,,,,,,,,,,,,,
2026-07-16 11:32:44,169643.406250,B0DB8AF16E20,0003,male,C57BL/6,1.1.1,FR1,0,PelletNotDetected,270,276,84,10,0,0,,,,,,,,,,,,,,,,,
2026-07-16 11:33:54,169713.140625,B0DB8AF16E20,0003,male,C57BL/6,1.1.1,FR1,0,Status,270,276,84,10,0,0,,,,,Disabled,25.5,41.4,996.5,14.7,0.000,0.000,247732,339964,181348,35398,3.85,57.58
2026-07-16 11:36:25,169865.125000,B0DB8AF16E20,0003,male,C57BL/6,1.1.1,FR1,0,Right,270,276,85,10,0,0,,,,,,,,,,,,,,,,,
2026-07-16 11:45:20,170399.906250,B0DB8AF16E20,0003,male,C57BL/6,1.1.1,FR1,0,Status,270,276,85,10,0,0,,,,,Disabled,25.6,41.1,996.5,14.6,0.000,0.000,247732,339964,181348,35536,3.85,57.26
2026-07-16 11:56:40,171081.640625,B0DB8AF16E20,0003,male,C57BL/6,1.1.1,FR1,0,Status,270,276,85,10,0,0,,,,,Disabled,25.7,41.1,996.5,14.6,0.000,0.000,247732,339964,181348,35673,3.85,56.95
2026-07-16 12:07:13,171714.875000,B0DB8AF16E20,0003,male,C57BL/6,1.1.1,FR1,0,Status,270,276,85,10,0,0,,,,,Disabled,25.5,42.1,996.5,14.8,0.000,0.000,247732,339964,181348,35810,3.85,56.95
2026-07-16 12:18:16,172378.968750,B0DB8AF16E20,0003,male,C57BL/6,1.1.1,FR1,0,Status,270,276,85,10,0,0,,,,,Disabled,25.5,41.4,996.5,14.8,0.000,0.000,247732,339964,181348,35947,3.85,56.63
2026-07-16 12:28:06,172969.765625,B0DB8AF16E20,0003,male,C57BL/6,1.1.1,FR1,0,Left,270,277,85,10,0,0,,,,,,,,,,,,,,,,,
2026-07-16 12:28:09,172972.531250,B0DB8AF16E20,0003,male,C57BL/6,1.1.1,FR1,0,PelletDrop,271,277,85,10,0,0,,,,,,,,,,,,,,,,,
2026-07-16 12:28:10,172973.671875,B0DB8AF16E20,0003,male,C57BL/6,1.1.1,FR1,0,PelletNotDetected,271,277,85,10,0,0,,,,,,,,,,,,,,,,,
2026-07-16 12:28:42,173005.484375,B0DB8AF16E20,0003,male,C57BL/6,1.1.1,FR1,0,Left,271,278,85,10,0,0,,,,,,,,,,,,,,,,,
2026-07-16 12:28:51,173014.656250,B0DB8AF16E20,0003,male,C57BL/6,1.1.1,FR1,0,PelletDrop,272,278,85,10,0,0,,,,,,,,,,,,,,,,,
2026-07-16 12:28:53,173017.062500,B0DB8AF16E20,0003,male,C57BL/6,1.1.1,FR1,0,PelletTaken,272,278,85,10,0,0,1.841,254.000,0,5,,,,,,,,,,,,,
2026-07-16 12:29:01,173024.750000,B0DB8AF16E20,0003,male,C57BL/6,1.1.1,FR1,0,Status,272,278,85,10,0,0,,,,,Disabled,25.4,41.9,996.5,14.9,0.000,0.000,247732,339964,181348,36084,3.84,56.63
2026-07-16 12:29:22,173045.406250,B0DB8AF16E20,0003,male,C57BL/6,1.1.1,FR1,0,Left,272,279,85,10,0,0,,,,,,,,,,,,,,,,,
2026-07-16 12:29:27,173050.437500,B0DB8AF16E20,0003,male,C57BL/6,1.1.1,FR1,0,PelletDrop,273,279,85,10,0,0,,,,,,,,,,,,,,,,,
2026-07-16 12:29:41,173065.171875,B0DB8AF16E20,0003,male,C57BL/6,1.1.1,FR1,0,PelletTaken,273,279,85,10,0,0,14.184,148.000,0,2,,,,,,,,,,,,,
2026-07-16 12:39:55,173679.390625,B0DB8AF16E20,0003,male,C57BL/6,1.1.1,FR1,0,Status,273,279,85,10,0,0,,,,,Disabled,25.4,41.4,996.5,14.9,0.000,0.000,247732,339964,181348,36214,3.84,56.31
2026-07-16 12:50:28,174312.625000,B0DB8AF16E20,0003,male,C57BL/6,1.1.1,FR1,0,Status,273,279,85,10,0,0,,,,,Disabled,25.3,42.1,996.5,15.0,0.000,0.000,247732,339964,181348,36351,3.84,56.00
2026-07-16 13:01:35,174980.906250,B0DB8AF16E20,0003,male,C57BL/6,1.1.1,FR1,0,Status,273,279,85,10,0,0,,,,,Disabled,25.3,41.3,996.6,15.0,0.000,0.000,247732,339964,181348,36488,3.84,56.00
2026-07-16 13:12:36,175642.625000,B0DB8AF16E20,0003,male,C57BL/6,1.1.1,FR1,0,Status,273,279,85,10,0,0,,,,,Disabled,25.3,41.4,996.6,15.1,0.000,0.000,247732,339964,181348,36625,3.84,55.68
2026-07-16 13:23:46,176312.312500,B0DB8AF16E20,0003,male,C57BL/6,1.1.1,FR1,0,Status,273,279,85,10,0,0,,,,,Disabled,25.3,41.1,996.6,15.0,0.000,0.000,247732,339964,181348,36762,3.84,55.68
2026-07-16 13:34:55,176983.125000,B0DB8AF16E20,0003,male,C57BL/6,1.1.1,FR1,0,Status,273,279,85,10,0,0,,,,,Disabled,25.3,41.0,996.6,15.0,0.000,0.000,247732,339964,181348,36899,3.84,55.36
2026-07-16 13:46:01,177649.765625,B0DB8AF16E20,0003,male,C57BL/6,1.1.1,FR1,0,Status,273,279,85,10,0,0,,,,,Disabled,25.3,41.1,996.5,15.0,0.000,0.000,247732,339964,181348,37036,3.85,55.05
2026-07-16 13:57:06,178315.531250,B0DB8AF16E20,0003,male,C57BL/6,1.1.1,FR1,0,Status,273,279,85,10,0,0,,,,,Disabled,25.3,41.1,996.5,15.1,0.000,0.000,247732,339964,181348,37173,3.84,55.05
2026-07-16 14:08:14,178984.296875,B0DB8AF16E20,0003,male,C57BL/6,1.1.1,FR1,0,Status,273,279,85,10,0,0,,,,,Disabled,25.3,41.0,996.4,15.1,0.000,0.000,247732,339964,181348,37310,3.84,54.73
2026-07-16 14:19:19,179650.093750,B0DB8AF16E20,0003,male,C57BL/6,1.1.1,FR1,0,Status,273,279,85,10,0,0,,,,,Disabled,25.3,41.1,996.3,15.1,0.000,0.000,247732,339964,181348,37447,3.83,54.41
2026-07-16 14:30:21,180312.843750,B0DB8AF16E20,0003,male,C57BL/6,1.1.1,FR1,0,Status,273,279,85,10,0,0,,,,,Disabled,25.2,41.1,996.3,15.1,0.000,0.000,247732,339964,181348,37584,3.84,54.41
2026-07-16 14:31:08,180359.734375,B0DB8AF16E20,0003,male,C57BL/6,1.1.1,FR1,0,Left,273,280,85,10,0,0,,,,,,,,,,,,,,,,,
2026-07-16 14:31:13,180364.781250,B0DB8AF16E20,0003,male,C57BL/6,1.1.1,FR1,0,PelletDrop,274,280,85,10,0,0,,,,,,,,,,,,,,,,,
2026-07-16 14:31:34,180385.328125,B0DB8AF16E20,0003,male,C57BL/6,1.1.1,FR1,0,PelletTaken,274,280,85,10,0,0,TimedOut,118.000,0,2,,,,,,,,,,,,,
2026-07-16 14:32:29,180440.500000,B0DB8AF16E20,0003,male,C57BL/6,1.1.1,FR1,0,Left,274,281,85,10,0,0,,,,,,,,,,,,,,,,,
2026-07-16 14:32:36,180447.750000,B0DB8AF16E20,0003,male,C57BL/6,1.1.1,FR1,0,PelletDrop,275,281,85,10,0,0,,,,,,,,,,,,,,,,,
2026-07-16 14:32:49,180460.734375,B0DB8AF16E20,0003,male,C57BL/6,1.1.1,FR1,0,PelletTaken,275,281,85,10,0,0,12.413,97.000,0,3,,,,,,,,,,,,,
2026-07-16 14:41:19,180971.500000,B0DB8AF16E20,0003,male,C57BL/6,1.1.1,FR1,0,Status,275,281,85,10,0,0,,,,,Disabled,25.2,41.2,996.3,15.2,0.000,0.000,247732,339964,181348,37712,3.83,54.10
2026-07-16 14:49:33,181466.265625,B0DB8AF16E20,0003,male,C57BL/6,1.1.1,FR1,0,Left,275,282,85,10,0,0,,,,,,,,,,,,,,,,,
2026-07-16 14:49:39,181471.796875,B0DB8AF16E20,0003,male,C57BL/6,1.1.1,FR1,0,PelletDrop,276,282,85,10,0,0,,,,,,,,,,,,,,,,,
2026-07-16 14:49:49,181481.875000,B0DB8AF16E20,0003,male,C57BL/6,1.1.1,FR1,0,PelletTaken,276,282,85,10,0,0,9.520,61.000,0,2,,,,,,,,,,,,,
2026-07-16 14:50:24,181517.093750,B0DB8AF16E20,0003,male,C57BL/6,1.1.1,FR1,0,Left,276,283,85,10,0,0,,,,,,,,,,,,,,,,,
2026-07-16 14:50:29,181522.109375,B0DB8AF16E20,0003,male,C57BL/6,1.1.1,FR1,0,PelletDrop,277,283,85,10,0,0,,,,,,,,,,,,,,,,,
2026-07-16 14:50:38,181530.875000,B0DB8AF16E20,0003,male,C57BL/6,1.1.1,FR1,0,PelletTaken,277,283,85,10,0,0,8.178,51.000,0,2,,,,,,,,,,,,,
2026-07-16 14:51:01,181554.546875,B0DB8AF16E20,0003,male,C57BL/6,1.1.1,FR1,0,Left,277,284,85,10,0,0,,,,,,,,,,,,,,,,,
2026-07-16 14:51:09,181561.796875,B0DB8AF16E20,0003,male,C57BL/6,1.1.1,FR1,0,PelletDrop,278,284,85,10,0,0,,,,,,,,,,,,,,,,,
2026-07-16 14:51:16,181568.859375,B0DB8AF16E20,0003,male,C57BL/6,1.1.1,FR1,0,PelletTaken,278,284,85,10,0,0,6.506,50.000,0,3,,,,,,,,,,,,,
2026-07-16 14:52:27,181640.250000,B0DB8AF16E20,0003,male,C57BL/6,1.1.1,FR1,0,Status,278,284,85,10,0,0,,,,,Disabled,25.3,40.9,996.2,15.2,0.000,0.000,247732,339964,181348,37841,3.83,53.78
2026-07-16 15:01:37,182190.781250,B0DB8AF16E20,0003,male,C57BL/6,1.1.1,FR1,0,Left,278,285,85,10,0,0,,,,,,,,,,,,,,,,,
2026-07-16 15:01:42,182195.812500,B0DB8AF16E20,0003,male,C57BL/6,1.1.1,FR1,0,PelletDrop,279,285,85,10,0,0,,,,,,,,,,,,,,,,,
2026-07-16 15:01:53,182206.812500,B0DB8AF16E20,0003,male,C57BL/6,1.1.1,FR1,0,PelletTaken,279,285,85,10,0,0,10.444,22.000,0,2,,,,,,,,,,,,,
2026-07-16 15:02:18,182231.296875,B0DB8AF16E20,0003,male,C57BL/6,1.1.1,FR1,0,Left,279,286,85,10,0,0,,,,,,,,,,,,,,,,,
2026-07-16 15:02:23,182236.328125,B0DB8AF16E20,0003,male,C57BL/6,1.1.1,FR1,0,PelletDrop,280,286,85,10,0,0,,,,,,,,,,,,,,,,,
2026-07-16 15:02:33,182246.968750,B0DB8AF16E20,0003,male,C57BL/6,1.1.1,FR1,0,PelletTaken,280,286,85,10,0,0,10.080,40.000,0,2,,,,,,,,,,,,,
2026-07-16 15:03:54,182327.906250,B0DB8AF16E20,0003,male,C57BL/6,1.1.1,FR1,0,Status,280,286,85,10,0,0,,,,,Disabled,25.3,40.9,996.2,15.1,0.000,0.000,247732,339964,181348,37974,3.83,53.46
2026-07-16 15:05:45,182439.250000,B0DB8AF16E20,0003,male,C57BL/6,1.1.1,FR1,0,Right,280,286,86,10,0,0,,,,,,,,,,,,,,,,,
2026-07-16 15:10:39,37.914001,B0DB8AF16E20,0003,male,C57BL/6,1.1.1,FR1,0,Startup,280,286,86,10,0,0,,,,,0.0,24.6,41.4,995.9,14.3,9.619,3276.000,246300,339964,244156,0,4.20,100.00
2026-07-16 15:16:02,361.092010,B0DB8AF16E20,0003,male,C57BL/6,1.1.1,FR1,0,Left,280,287,86,10,0,0,,,,,,,,,,,,,,,,,
2026-07-16 15:16:09,368.316010,B0DB8AF16E20,0003,male,C57BL/6,1.1.1,FR1,0,PelletDrop,281,287,86,10,0,0,,,,,,,,,,,,,,,,,
2026-07-16 15:16:10,368.954987,B0DB8AF16E20,0003,male,C57BL/6,1.1.1,FR1,0,PelletTaken,281,287,86,10,0,0,0.104,80.000,0,3,,,,,,,,,,,,,
2026-07-16 15:19:19,559.096985,B0DB8AF16E20,0003,male,C57BL/6,1.1.1,FR1,0,Left,281,288,86,10,0,0,,,,,,,,,,,,,,,,,
2026-07-16 15:19:22,561.885986,B0DB8AF16E20,0003,male,C57BL/6,1.1.1,FR1,0,PelletDrop,282,288,86,10,0,0,,,,,,,,,,,,,,,,,
2026-07-16 15:19:23,562.960022,B0DB8AF16E20,0003,male,C57BL/6,1.1.1,FR1,0,LeftWithPellet,282,289,86,10,0,0,,,,,,,,,,,,,,,,,
2026-07-16 15:19:25,564.687988,B0DB8AF16E20,0003,male,C57BL/6,1.1.1,FR1,0,PelletTaken,282,289,86,10,0,0,2.252,3.000,0,1,,,,,,,,,,,,,
2026-07-16 15:20:03,602.981995,B0DB8AF16E20,0003,male,C57BL/6,1.1.1,FR1,0,Status,282,289,86,10,0,0,,,,,Disabled,24.6,42.3,995.9,15.2,0.000,0.000,247264,339964,244156,126,4.20,100.00
2026-07-16 15:30:05,1205.483032,B0DB8AF16E20,0003,male,C57BL/6,1.1.1,FR1,0,Status,282,289,86,10,0,0,,,,,Disabled,24.5,42.7,995.9,15.4,0.000,0.000,249104,339964,187548,256,4.20,100.00
2026-07-16 15:34:30,1470.790039,B0DB8AF16E20,0003,male,C57BL/6,1.1.1,FR1,0,Left,282,290,86,10,0,0,,,,,,,,,,,,,,,,,
2026-07-16 15:34:35,1475.796997,B0DB8AF16E20,0003,male,C57BL/6,1.1.1,FR1,0,PelletDrop,283,290,86,10,0,0,,,,,,,,,,,,,,,,,
2026-07-16 15:34:46,1486.687012,B0DB8AF16E20,0003,male,C57BL/6,1.1.1,FR1,0,PelletTaken,283,290,86,10,0,0,10.356,50.000,0,2,,,,,,,,,,,,,
2026-07-16 15:35:10,1510.828003,B0DB8AF16E20,0003,male,C57BL/6,1.1.1,FR1,0,Left,283,291,86,10,0,0,,,,,,,,,,,,,,,,,
2026-07-16 15:35:15,1515.834961,B0DB8AF16E20,0003,male,C57BL/6,1.1.1,FR1,0,PelletDrop,284,291,86,10,0,0,,,,,,,,,,,,,,,,,
2026-07-16 15:35:22,1522.655029,B0DB8AF16E20,0003,male,C57BL/6,1.1.1,FR1,0,PelletTaken,284,291,86,10,0,0,6.286,369.000,0,2,,,,,,,,,,,,,
2026-07-16 15:38:45,1726.321045,B0DB8AF16E20,0003,male,C57BL/6,1.1.1,FR1,0,Left,284,292,86,10,0,0,,,,,,,,,,,,,,,,,
2026-07-16 15:38:50,1731.328003,B0DB8AF16E20,0003,male,C57BL/6,1.1.1,FR1,0,PelletDrop,285,292,86,10,0,0,,,,,,,,,,,,,,,,,
2026-07-16 15:39:01,1741.484985,B0DB8AF16E20,0003,male,C57BL/6,1.1.1,FR1,0,PelletTaken,285,292,86,10,0,0,9.607,233.000,0,2,,,,,,,,,,,,,
2026-07-16 15:40:05,1806.043945,B0DB8AF16E20,0003,male,C57BL/6,1.1.1,FR1,0,Status,285,292,86,10,0,0,,,,,Disabled,24.5,42.8,995.8,15.5,0.000,0.000,249104,339964,187548,378,4.20,100.00
2026-07-16 15:50:07,2408.513916,B0DB8AF16E20,0003,male,C57BL/6,1.1.1,FR1,0,Status,285,292,86,10,0,0,,,,,Disabled,24.5,43.2,995.8,15.7,0.000,0.000,249104,339964,187548,508,4.20,100.00
2026-07-16 16:00:10,3011.752930,B0DB8AF16E20,0003,male,C57BL/6,1.1.1,FR1,0,Status,285,292,86,10,0,0,,,,,Disabled,24.4,43.1,995.8,15.6,0.000,0.000,247920,339964,181648,631,4.20,100.00
2026-07-16 16:10:12,3614.199951,B0DB8AF16E20,0003,male,C57BL/6,1.1.1,FR1,0,Status,285,292,86,10,0,0,,,,,Disabled,24.4,43.2,995.7,15.7,0.000,0.000,247920,339964,181648,761,4.19,100.00
2026-07-16 16:20:14,4216.668945,B0DB8AF16E20,0003,male,C57BL/6,1.1.1,FR1,0,Status,285,292,86,10,0,0,,,,,Disabled,24.3,43.1,995.6,15.8,0.000,0.000,247920,339964,181648,891,4.20,100.00
2026-07-16 16:30:15,4819.152832,B0DB8AF16E20,0003,male,C57BL/6,1.1.1,FR1,0,Status,285,292,86,10,0,0,,,,,Disabled,24.3,43.1,995.5,15.8,0.000,0.000,247920,339964,181648,1021,4.20,100.00
2026-07-16 16:40:14,5419.642090,B0DB8AF16E20,0003,male,C57BL/6,1.1.1,FR1,0,Status,285,292,86,10,0,0,,,,,Disabled,24.3,43.1,995.4,15.8,0.000,0.000,247920,339964,181596,1152,4.20,100.00
2026-07-16 16:50:16,6022.080078,B0DB8AF16E20,0003,male,C57BL/6,1.1.1,FR1,0,Status,285,292,86,10,0,0,,,,,Disabled,24.3,43.0,995.4,15.8,0.000,0.000,247920,339964,181596,1283,4.20,100.00
2026-07-16 16:51:09,6075.141113,B0DB8AF16E20,0003,male,C57BL/6,1.1.1,FR1,0,Left,285,293,86,10,0,0,,,,,,,,,,,,,,,,,
2026-07-16 16:51:14,6080.147949,B0DB8AF16E20,0003,male,C57BL/6,1.1.1,FR1,0,PelletDrop,286,293,86,10,0,0,,,,,,,,,,,,,,,,,
2026-07-16 16:51:30,6096.007812,B0DB8AF16E20,0003,male,C57BL/6,1.1.1,FR1,0,PelletTaken,286,293,86,10,0,0,15.316,128.000,0,2,,,,,,,,,,,,,
2026-07-16 16:52:11,6136.475098,B0DB8AF16E20,0003,male,C57BL/6,1.1.1,FR1,0,Left,286,294,86,10,0,0,,,,,,,,,,,,,,,,,
2026-07-16 16:52:16,6141.497070,B0DB8AF16E20,0003,male,C57BL/6,1.1.1,FR1,0,PelletDrop,287,294,86,10,0,0,,,,,,,,,,,,,,,,,
2026-07-16 16:52:30,6155.797852,B0DB8AF16E20,0003,male,C57BL/6,1.1.1,FR1,0,PelletTaken,287,294,86,10,0,0,13.766,32.000,0,2,,,,,,,,,,,,,
2026-07-16 16:58:34,6520.416016,B0DB8AF16E20,0003,male,C57BL/6,1.1.1,FR1,0,Right,287,294,87,10,0,0,,,,,,,,,,,,,,,,,
2026-07-16 16:58:38,6524.439941,B0DB8AF16E20,0003,male,C57BL/6,1.1.1,FR1,0,Left,287,295,87,10,0,0,,,,,,,,,,,,,,,,,
2026-07-16 16:58:43,6529.461914,B0DB8AF16E20,0003,male,C57BL/6,1.1.1,FR1,0,PelletDrop,288,295,87,10,0,0,,,,,,,,,,,,,,,,,
2026-07-16 16:58:55,6540.924805,B0DB8AF16E20,0003,male,C57BL/6,1.1.1,FR1,0,PelletTaken,288,295,87,10,0,0,10.928,12.000,0,2,,,,,,,,,,,,,
2026-07-16 17:00:17,6622.981934,B0DB8AF16E20,0003,male,C57BL/6,1.1.1,FR1,0,Status,288,295,87,10,0,0,,,,,Disabled,24.3,42.7,995.4,15.8,0.000,0.000,247836,339964,181500,1402,4.19,100.00
2026-07-16 17:03:11,6797.499023,B0DB8AF16E20,0003,male,C57BL/6,1.1.1,FR1,0,Left,288,296,87,10,0,0,,,,,,,,,,,,,,,,,
2026-07-16 17:03:17,6803.008789,B0DB8AF16E20,0003,male,C57BL/6,1.1.1,FR1,0,PelletDrop,289,296,87,10,0,0,,,,,,,,,,,,,,,,,
2026-07-16 17:03:26,6812.611816,B0DB8AF16E20,0003,male,C57BL/6,1.1.1,FR1,0,PelletTaken,289,296,87,10,0,0,9.069,21.000,0,2,,,,,,,,,,,,,
2026-07-16 17:10:19,7226.003906,B0DB8AF16E20,0003,male,C57BL/6,1.1.1,FR1,0,Status,289,296,87,10,0,0,,,,,Disabled,24.4,43.1,995.4,15.8,0.000,0.000,247836,339964,181484,1530,4.19,100.00
2026-07-16 17:11:16,7283.212891,B0DB8AF16E20,0003,male,C57BL/6,1.1.1,FR1,0,Left,289,297,87,10,0,0,,,,,,,,,,,,,,,,,
2026-07-16 17:11:21,7288.172852,B0DB8AF16E20,0003,male,C57BL/6,1.1.1,FR1,0,PelletDrop,290,297,87,10,0,0,,,,,,,,,,,,,,,,,
2026-07-16 17:11:29,7295.905762,B0DB8AF16E20,0003,male,C57BL/6,1.1.1,FR1,0,PelletTaken,290,297,87,10,0,0,7.198,21.000,0,2,,,,,,,,,,,,,
2026-07-16 17:11:52,7319.395020,B0DB8AF16E20,0003,male,C57BL/6,1.1.1,FR1,0,Left,290,298,87,10,0,0,,,,,,,,,,,,,,,,,
2026-07-16 17:11:57,7324.401855,B0DB8AF16E20,0003,male,C57BL/6,1.1.1,FR1,0,PelletDrop,291,298,87,10,0,0,,,,,,,,,,,,,,,,,
2026-07-16 17:12:03,7330.291016,B0DB8AF16E20,0003,male,C57BL/6,1.1.1,FR1,0,PelletTaken,291,298,87,10,0,0,5.340,51.000,0,2,,,,,,,,,,,,,
2026-07-16 17:16:42,7608.945801,B0DB8AF16E20,0003,male,C57BL/6,1.1.1,FR1,0,Right,291,298,88,10,0,0,,,,,,,,,,,,,,,,,
2026-07-16 17:16:45,7612.116211,B0DB8AF16E20,0003,male,C57BL/6,1.1.1,FR1,0,Right,291,298,89,10,0,0,,,,,,,,,,,,,,,,,
2026-07-16 17:16:54,7621.060059,B0DB8AF16E20,0003,male,C57BL/6,1.1.1,FR1,0,Right,291,298,90,10,0,0,,,,,,,,,,,,,,,,,
2026-07-16 17:16:57,7623.953125,B0DB8AF16E20,0003,male,C57BL/6,1.1.1,FR1,0,Left,291,299,90,10,0,0,,,,,,,,,,,,,,,,,
2026-07-16 17:17:02,7628.959961,B0DB8AF16E20,0003,male,C57BL/6,1.1.1,FR1,0,PelletDrop,292,299,90,10,0,0,,,,,,,,,,,,,,,,,
2026-07-16 17:17:10,7636.936035,B0DB8AF16E20,0003,male,C57BL/6,1.1.1,FR1,0,PelletTaken,292,299,90,10,0,0,7.441,32.000,0,2,,,,,,,,,,,,,
2026-07-16 17:17:34,7661.598145,B0DB8AF16E20,0003,male,C57BL/6,1.1.1,FR1,0,Left,292,300,90,10,0,0,,,,,,,,,,,,,,,,,
2026-07-16 17:17:39,7666.621094,B0DB8AF16E20,0003,male,C57BL/6,1.1.1,FR1,0,PelletDrop,293,300,90,10,0,0,,,,,,,,,,,,,,,,,
2026-07-16 17:17:48,7674.838867,B0DB8AF16E20,0003,male,C57BL/6,1.1.1,FR1,0,PelletTaken,293,300,90,10,0,0,7.683,332.000,0,2,,,,,,,,,,,,,
2026-07-16 17:18:26,7713.158203,B0DB8AF16E20,0003,male,C57BL/6,1.1.1,FR1,0,Left,293,301,90,10,0,0,,,,,,,,,,,,,,,,,
2026-07-16 17:18:31,7718.165039,B0DB8AF16E20,0003,male,C57BL/6,1.1.1,FR1,0,PelletDrop,294,301,90,10,0,0,,,,,,,,,,,,,,,,,
2026-07-16 17:18:42,7728.794922,B0DB8AF16E20,0003,male,C57BL/6,1.1.1,FR1,0,PelletTaken,294,301,90,10,0,0,10.080,21.000,0,2,,,,,,,,,,,,,
2026-07-16 17:20:21,7828.327148,B0DB8AF16E20,0003,male,C57BL/6,1.1.1,FR1,0,Status,294,301,90,10,0,0,,,,,Disabled,24.5,42.9,995.4,15.7,0.000,0.000,247836,339964,181472,1649,4.19,100.00
2026-07-16 17:27:58,8285.916016,B0DB8AF16E20,0003,male,C57BL/6,1.1.1,FR1,0,Left,294,302,90,10,0,0,,,,,,,,,,,,,,,,,
2026-07-16 17:28:03,8290.922852,B0DB8AF16E20,0003,male,C57BL/6,1.1.1,FR1,0,PelletDrop,295,302,90,10,0,0,,,,,,,,,,,,,,,,,
2026-07-16 17:28:11,8299.485352,B0DB8AF16E20,0003,male,C57BL/6,1.1.1,FR1,0,PelletTaken,295,302,90,10,0,0,8.012,99.000,0,2,,,,,,,,,,,,,
2026-07-16 17:30:21,8429.636719,B0DB8AF16E20,0003,male,C57BL/6,1.1.1,FR1,0,Status,295,302,90,10,0,0,,,,,Disabled,24.5,43.1,995.3,15.7,0.000,0.000,247836,339964,181472,1777,4.19,100.00
2026-07-16 17:36:12,8780.885742,B0DB8AF16E20,0003,male,C57BL/6,1.1.1,FR1,0,Left,295,303,90,10,0,0,,,,,,,,,,,,,,,,,
2026-07-16 17:36:19,8788.126953,B0DB8AF16E20,0003,male,C57BL/6,1.1.1,FR1,0,PelletDrop,296,303,90,10,0,0,,,,,,,,,,,,,,,,,
2026-07-16 17:36:31,8800.205078,B0DB8AF16E20,0003,male,C57BL/6,1.1.1,FR1,0,PelletTaken,296,303,90,10,0,0,11.544,40.000,0,3,,,,,,,,,,,,,
2026-07-16 17:36:57,8826.081055,B0DB8AF16E20,0003,male,C57BL/6,1.1.1,FR1,0,Left,296,304,90,10,0,0,,,,,,,,,,,,,,,,,
2026-07-16 17:37:02,8831.098633,B0DB8AF16E20,0003,male,C57BL/6,1.1.1,FR1,0,PelletDrop,297,304,90,10,0,0,,,,,,,,,,,,,,,,,
2026-07-16 17:37:10,8839.007812,B0DB8AF16E20,0003,male,C57BL/6,1.1.1,FR1,0,PelletTaken,297,304,90,10,0,0,7.364,128.000,0,2,,,,,,,,,,,,,
2026-07-16 17:40:24,9033.318359,B0DB8AF16E20,0003,male,C57BL/6,1.1.1,FR1,0,Status,297,304,90,10,0,0,,,,,Disabled,24.6,43.0,995.3,15.8,0.000,0.000,247836,339964,181472,1901,4.19,100.00
2026-07-16 17:50:24,9633.453125,B0DB8AF16E20,0003,male,C57BL/6,1.1.1,FR1,0,Status,297,304,90,10,0,0,,,,,Disabled,24.6,42.9,995.2,15.8,0.000,0.000,247836,339964,181472,2031,4.19,100.00
2026-07-16 18:00:25,10234.926758,B0DB8AF16E20,0003,male,C57BL/6,1.1.1,FR1,0,Status,297,304,90,10,0,0,,,,,Disabled,24.6,42.9,995.1,15.8,0.000,0.000,247836,339964,181472,2162,4.18,100.00
2026-07-16 18:10:25,10836.417969,B0DB8AF16E20,0003,male,C57BL/6,1.1.1,FR1,0,Status,297,304,90,10,0,0,,,,,Disabled,24.6,42.7,995.1,15.9,0.000,0.000,247836,339964,181472,2293,4.19,100.00
2026-07-16 18:20:28,11438.947266,B0DB8AF16E20,0003,male,C57BL/6,1.1.1,FR1,0,Status,297,304,90,10,0,0,,,,,Disabled,24.6,42.5,995.1,15.9,0.000,0.000,247836,339964,181472,2424,4.19,100.00
2026-07-16 18:30:27,12039.435547,B0DB8AF16E20,0003,male,C57BL/6,1.1.1,FR1,0,Status,297,304,90,10,0,0,,,,,Disabled,24.6,42.6,995.1,15.9,0.000,0.000,247836,339964,181472,2555,4.18,99.88
2026-07-16 18:32:28,12160.346680,B0DB8AF16E20,0003,male,C57BL/6,1.1.1,FR1,0,Left,297,305,90,10,0,0,,,,,,,,,,,,,,,,,
2026-07-16 18:32:33,12165.352539,B0DB8AF16E20,0003,male,C57BL/6,1.1.1,FR1,0,PelletDrop,298,305,90,10,0,0,,,,,,,,,,,,,,,,,
2026-07-16 18:32:46,12178.664062,B0DB8AF16E20,0003,male,C57BL/6,1.1.1,FR1,0,PelletTaken,298,305,90,10,0,0,12.776,109.000,0,2,,,,,,,,,,,,,
2026-07-16 18:33:12,12204.863281,B0DB8AF16E20,0003,male,C57BL/6,1.1.1,FR1,0,Left,298,306,90,10,0,0,,,,,,,,,,,,,,,,,
2026-07-16 18:33:17,12209.869141,B0DB8AF16E20,0003,male,C57BL/6,1.1.1,FR1,0,PelletDrop,299,306,90,10,0,0,,,,,,,,,,,,,,,,,
2026-07-16 18:33:27,12219.583008,B0DB8AF16E20,0003,male,C57BL/6,1.1.1,FR1,0,PelletTaken,299,306,90,10,0,0,9.179,42.000,0,2,,,,,,,,,,,,,
2026-07-16 18:34:00,12252.585938,B0DB8AF16E20,0003,male,C57BL/6,1.1.1,FR1,0,Left,299,307,90,10,0,0,,,,,,,,,,,,,,,,,
2026-07-16 18:34:05,12257.609375,B0DB8AF16E20,0003,male,C57BL/6,1.1.1,FR1,0,PelletDrop,300,307,90,10,0,0,,,,,,,,,,,,,,,,,
2026-07-16 18:34:18,12270.369141,B0DB8AF16E20,0003,male,C57BL/6,1.1.1,FR1,0,PelletTaken,300,307,90,10,0,0,12.226,80.000,0,2,,,,,,,,,,,,,
2026-07-16 18:39:21,12573.934570,B0DB8AF16E20,0003,male,C57BL/6,1.1.1,FR1,0,Left,300,308,90,10,0,0,,,,,,,,,,,,,,,,,
2026-07-16 18:39:28,12581.160156,B0DB8AF16E20,0003,male,C57BL/6,1.1.1,FR1,0,PelletDrop,301,308,90,10,0,0,,,,,,,,,,,,,,,,,
2026-07-16 18:39:37,12589.348633,B0DB8AF16E20,0003,male,C57BL/6,1.1.1,FR1,0,PelletTaken,301,308,90,10,0,0,7.639,235.000,0,3,,,,,,,,,,,,,
2026-07-16 18:40:34,12647.125977,B0DB8AF16E20,0003,male,C57BL/6,1.1.1,FR1,0,Status,301,308,90,10,0,0,,,,,Disabled,24.6,42.5,995.2,15.8,0.000,0.000,247784,339964,181432,2673,4.18,99.88
2026-07-16 18:43:37,12830.654297,B0DB8AF16E20,0003,male,C57BL/6,1.1.1,FR1,0,Left,301,309,90,10,0,0,,,,,,,,,,,,,,,,,
2026-07-16 18:43:42,12835.660156,B0DB8AF16E20,0003,male,C57BL/6,1.1.1,FR1,0,PelletDrop,302,309,90,10,0,0,,,,,,,,,,,,,,,,,
2026-07-16 18:43:51,12844.245117,B0DB8AF16E20,0003,male,C57BL/6,1.1.1,FR1,0,PelletTaken,302,309,90,10,0,0,8.034,13.000,0,2,,,,,,,,,,,,,
2026-07-16 18:51:04,13277.918945,B0DB8AF16E20,0003,male,C57BL/6,1.1.1,FR1,0,Status,302,309,90,10,0,0,,,,,Disabled,24.7,42.8,995.3,15.8,0.000,0.000,247784,339964,181432,2808,4.17,99.71
2026-07-16 18:52:45,13379.061523,B0DB8AF16E20,0003,male,C57BL/6,1.1.1,FR1,0,Left,302,310,90,10,0,0,,,,,,,,,,,,,,,,,
2026-07-16 18:52:52,13386.287109,B0DB8AF16E20,0003,male,C57BL/6,1.1.1,FR1,0,PelletDrop,303,310,90,10,0,0,,,,,,,,,,,,,,,,,
2026-07-16 18:52:57,13390.692383,B0DB8AF16E20,0003,male,C57BL/6,1.1.1,FR1,0,PelletTaken,303,310,90,10,0,0,3.855,159.000,0,3,,,,,,,,,,,,,
2026-07-16 18:53:31,13425.543945,B0DB8AF16E20,0003,male,C57BL/6,1.1.1,FR1,0,Left,303,311,90,10,0,0,,,,,,,,,,,,,,,,,
2026-07-16 18:53:34,13428.333008,B0DB8AF16E20,0003,male,C57BL/6,1.1.1,FR1,0,PelletDrop,304,311,90,10,0,0,,,,,,,,,,,,,,,,,
2026-07-16 18:53:35,13429.459961,B0DB8AF16E20,0003,male,C57BL/6,1.1.1,FR1,0,PelletNotDetected,304,311,90,10,0,0,,,,,,,,,,,,,,,,,
2026-07-16 18:54:57,13511.331055,B0DB8AF16E20,0003,male,C57BL/6,1.1.1,FR1,0,Left,304,312,90,10,0,0,,,,,,,,,,,,,,,,,
2026-07-16 18:55:02,13516.289062,B0DB8AF16E20,0003,male,C57BL/6,1.1.1,FR1,0,PelletDrop,305,312,90,10,0,0,,,,,,,,,,,,,,,,,
2026-07-16 18:55:10,13524.649414,B0DB8AF16E20,0003,male,C57BL/6,1.1.1,FR1,0,PelletTaken,305,312,90,10,0,0,7.825,21.000,0,3,,,,,,,,,,,,,
2026-07-16 18:58:38,13732.295898,B0DB8AF16E20,0003,male,C57BL/6,1.1.1,FR1,0,Left,305,313,90,10,0,0,,,,,,,,,,,,,,,,,
2026-07-16 18:58:41,13735.112305,B0DB8AF16E20,0003,male,C57BL/6,1.1.1,FR1,0,PelletDrop,306,313,90,10,0,0,,,,,,,,,,,,,,,,,
2026-07-16 18:58:42,13736.239258,B0DB8AF16E20,0003,male,C57BL/6,1.1.1,FR1,0,PelletNotDetected,306,313,90,10,0,0,,,,,,,,,,,,,,,,,
2026-07-16 18:58:56,13750.583984,B0DB8AF16E20,0003,male,C57BL/6,1.1.1,FR1,0,Left,306,314,90,10,0,0,,,,,,,,,,,,,,,,,
2026-07-16 18:58:59,13753.324219,B0DB8AF16E20,0003,male,C57BL/6,1.1.1,FR1,0,PelletDrop,307,314,90,10,0,0,,,,,,,,,,,,,,,,,
2026-07-16 18:59:00,13754.693359,B0DB8AF16E20,0003,male,C57BL/6,1.1.1,FR1,0,PelletTaken,307,314,90,10,0,0,0.819,51.000,0,2,,,,,,,,,,,,,
2026-07-16 19:01:36,13909.798828,B0DB8AF16E20,0003,male,C57BL/6,1.1.1,FR1,0,Status,307,314,90,10,0,0,,,,,Disabled,24.7,42.9,995.3,15.6,0.000,0.000,247724,339964,181396,2938,4.17,99.56
2026-07-16 19:06:46,14220.842773,B0DB8AF16E20,0003,male,C57BL/6,1.1.1,FR1,0,Right,307,314,91,10,0,0,,,,,,,,,,,,,,,,,
2026-07-16 19:08:06,14301.017578,B0DB8AF16E20,0003,male,C57BL/6,1.1.1,FR1,0,Left,307,315,91,10,0,0,,,,,,,,,,,,,,,,,
2026-07-16 19:08:11,14306.050781,B0DB8AF16E20,0003,male,C57BL/6,1.1.1,FR1,0,PelletDrop,308,315,91,10,0,0,,,,,,,,,,,,,,,,,
2026-07-16 19:08:17,14312.035156,B0DB8AF16E20,0003,male,C57BL/6,1.1.1,FR1,0,PelletTaken,308,315,91,10,0,0,5.450,21.000,0,2,,,,,,,,,,,,,
2026-07-16 19:11:57,14532.494141,B0DB8AF16E20,0003,male,C57BL/6,1.1.1,FR1,0,Status,308,315,91,10,0,0,,,,,Disabled,24.7,43.7,995.4,15.6,0.000,0.000,247724,339964,181396,3074,4.17,99.40
2026-07-16 19:15:52,14768.432617,B0DB8AF16E20,0003,male,C57BL/6,1.1.1,FR1,0,Left,308,316,91,10,0,0,,,,,,,,,,,,,,,,,
2026-07-16 19:15:58,14773.942383,B0DB8AF16E20,0003,male,C57BL/6,1.1.1,FR1,0,PelletDrop,309,316,91,10,0,0,,,,,,,,,,,,,,,,,
2026-07-16 19:16:07,14782.743164,B0DB8AF16E20,0003,male,C57BL/6,1.1.1,FR1,0,PelletTaken,309,316,91,10,0,0,8.266,42.000,0,2,,,,,,,,,,,,,
2026-07-16 19:16:50,14826.318359,B0DB8AF16E20,0003,male,C57BL/6,1.1.1,FR1,0,Left,309,317,91,10,0,0,,,,,,,,,,,,,,,,,
2026-07-16 19:16:53,14829.059570,B0DB8AF16E20,0003,male,C57BL/6,1.1.1,FR1,0,PelletDrop,310,317,91,10,0,0,,,,,,,,,,,,,,,,,
2026-07-16 19:16:54,14830.200195,B0DB8AF16E20,0003,male,C57BL/6,1.1.1,FR1,0,PelletNotDetected,310,317,91,10,0,0,,,,,,,,,,,,,,,,,
2026-07-16 19:20:42,15058.130859,B0DB8AF16E20,0003,male,C57BL/6,1.1.1,FR1,0,Right,310,317,92,10,0,0,,,,,,,,,,,,,,,,,
2026-07-16 19:20:55,15071.689453,B0DB8AF16E20,0003,male,C57BL/6,1.1.1,FR1,0,Left,310,318,92,10,0,0,,,,,,,,,,,,,,,,,
2026-07-16 19:21:00,15076.696289,B0DB8AF16E20,0003,male,C57BL/6,1.1.1,FR1,0,PelletDrop,311,318,92,10,0,0,,,,,,,,,,,,,,,,,
2026-07-16 19:21:07,15083.464844,B0DB8AF16E20,0003,male,C57BL/6,1.1.1,FR1,0,PelletTaken,311,318,92,10,0,0,6.219,61.000,0,3,,,,,,,,,,,,,
2026-07-16 19:22:21,15157.228516,B0DB8AF16E20,0003,male,C57BL/6,1.1.1,FR1,0,Status,311,318,92,10,0,0,,,,,Disabled,24.7,43.7,995.4,15.6,0.000,0.000,247724,339964,181396,3204,4.17,99.24
2026-07-16 19:25:44,15360.133789,B0DB8AF16E20,0003,male,C57BL/6,1.1.1,FR1,0,Left,311,319,92,10,0,0,,,,,,,,,,,,,,,,,
2026-07-16 19:25:49,15365.140625,B0DB8AF16E20,0003,male,C57BL/6,1.1.1,FR1,0,PelletDrop,312,319,92,10,0,0,,,,,,,,,,,,,,,,,
2026-07-16 19:25:58,15374.792969,B0DB8AF16E20,0003,male,C57BL/6,1.1.1,FR1,0,PelletTaken,312,319,92,10,0,0,9.102,12.000,0,2,,,,,,,,,,,,,
2026-07-16 19:27:01,15437.678711,B0DB8AF16E20,0003,male,C57BL/6,1.1.1,FR1,0,Left,312,320,92,10,0,0,,,,,,,,,,,,,,,,,
2026-07-16 19:27:06,15442.685547,B0DB8AF16E20,0003,male,C57BL/6,1.1.1,FR1,0,PelletDrop,313,320,92,10,0,0,,,,,,,,,,,,,,,,,
2026-07-16 19:27:13,15449.516602,B0DB8AF16E20,0003,male,C57BL/6,1.1.1,FR1,0,PelletTaken,313,320,92,10,0,0,6.296,119.000,0,2,,,,,,,,,,,,,
2026-07-16 19:27:37,15473.308594,B0DB8AF16E20,0003,male,C57BL/6,1.1.1,FR1,0,Left,313,321,92,10,0,0,,,,,,,,,,,,,,,,,
2026-07-16 19:27:42,15478.316406,B0DB8AF16E20,0003,male,C57BL/6,1.1.1,FR1,0,PelletDrop,314,321,92,10,0,0,,,,,,,,,,,,,,,,,
2026-07-16 19:27:52,15488.765625,B0DB8AF16E20,0003,male,C57BL/6,1.1.1,FR1,0,PelletTaken,314,321,92,10,0,0,9.915,942.000,0,2,,,,,,,,,,,,,
2026-07-16 19:32:47,15783.879883,B0DB8AF16E20,0003,male,C57BL/6,1.1.1,FR1,0,Status,314,321,92,10,0,0,,,,,Disabled,24.7,43.7,995.4,15.6,0.000,0.000,247724,339964,181384,3333,4.17,99.08
2026-07-16 19:42:27,16364.241211,B0DB8AF16E20,0003,male,C57BL/6,1.1.1,FR1,0,Left,314,322,92,10,0,0,,,,,,,,,,,,,,,,,
2026-07-16 19:42:29,16367.030273,B0DB8AF16E20,0003,male,C57BL/6,1.1.1,FR1,0,PelletDrop,315,322,92,10,0,0,,,,,,,,,,,,,,,,,
2026-07-16 19:42:30,16367.691406,B0DB8AF16E20,0003,male,C57BL/6,1.1.1,FR1,0,PelletTaken,315,322,92,10,0,0,0.126,42.000,0,1,,,,,,,,,,,,,
2026-07-16 19:43:13,16410.583984,B0DB8AF16E20,0003,male,C57BL/6,1.1.1,FR1,0,Status,315,322,92,10,0,0,,,,,Disabled,24.7,43.6,995.4,15.6,0.000,0.000,247724,339964,181384,3469,4.17,98.93
2026-07-16 19:53:39,17037.337891,B0DB8AF16E20,0003,male,C57BL/6,1.1.1,FR1,0,Status,315,322,92,10,0,0,,,,,Disabled,24.7,43.8,995.4,15.5,0.000,0.000,247724,339964,181384,3606,4.17,98.93
2026-07-16 19:59:45,17403.755859,B0DB8AF16E20,0003,male,C57BL/6,1.1.1,FR1,0,Left,315,323,92,10,0,0,,,,,,,,,,,,,,,,,
2026-07-16 19:59:52,17410.980469,B0DB8AF16E20,0003,male,C57BL/6,1.1.1,FR1,0,PelletDrop,316,323,92,10,0,0,,,,,,,,,,,,,,,,,
2026-07-16 20:00:00,17419.148438,B0DB8AF16E20,0003,male,C57BL/6,1.1.1,FR1,0,PelletTaken,316,323,92,10,0,0,7.617,524.000,0,3,,,,,,,,,,,,,
2026-07-16 20:02:03,17541.798828,B0DB8AF16E20,0003,male,C57BL/6,1.1.1,FR1,0,Left,316,324,92,10,0,0,,,,,,,,,,,,,,,,,
2026-07-16 20:02:06,17544.587891,B0DB8AF16E20,0003,male,C57BL/6,1.1.1,FR1,0,PelletDrop,317,324,92,10,0,0,,,,,,,,,,,,,,,,,
2026-07-16 20:02:07,17545.714844,B0DB8AF16E20,0003,male,C57BL/6,1.1.1,FR1,0,PelletNotDetected,317,324,92,10,0,0,,,,,,,,,,,,,,,,,
2026-07-16 20:02:53,17591.701172,B0DB8AF16E20,0003,male,C57BL/6,1.1.1,FR1,0,Center,317,324,92,11,0,0,,,,,,,,,,,,,,,,,
2026-07-16 20:02:57,17596.087891,B0DB8AF16E20,0003,male,C57BL/6,1.1.1,FR1,0,Left,317,325,92,11,0,0,,,,,,,,,,,,,,,,,
2026-07-16 20:03:02,17601.044922,B0DB8AF16E20,0003,male,C57BL/6,1.1.1,FR1,0,PelletDrop,318,325,92,11,0,0,,,,,,,,,,,,,,,,,
2026-07-16 20:03:10,17609.580078,B0DB8AF16E20,0003,male,C57BL/6,1.1.1,FR1,0,PelletTaken,318,325,92,11,0,0,8.001,60.000,0,3,,,,,,,,,,,,,
2026-07-16 20:04:09,17668.085938,B0DB8AF16E20,0003,male,C57BL/6,1.1.1,FR1,0,Status,318,325,92,11,0,0,,,,,Disabled,24.8,43.5,995.4,15.6,0.000,0.000,247724,339964,181384,3736,4.17,98.77
2026-07-16 20:14:39,18298.847656,B0DB8AF16E20,0003,male,C57BL/6,1.1.1,FR1,0,Status,318,325,92,11,0,0,,,,,Disabled,24.8,43.8,995.4,15.5,0.000,0.000,247724,339964,181384,3873,4.16,98.61
2026-07-16 20:18:06,18505.855469,B0DB8AF16E20,0003,male,C57BL/6,1.1.1,FR1,0,Left,318,326,92,11,0,0,,,,,,,,,,,,,,,,,
2026-07-16 20:18:11,18510.878906,B0DB8AF16E20,0003,male,C57BL/6,1.1.1,FR1,0,PelletDrop,319,326,92,11,0,0,,,,,,,,,,,,,,,,,
2026-07-16 20:18:19,18518.876953,B0DB8AF16E20,0003,male,C57BL/6,1.1.1,FR1,0,PelletTaken,319,326,92,11,0,0,7.463,90.000,0,2,,,,,,,,,,,,,
2026-07-16 20:20:54,18673.761719,B0DB8AF16E20,0003,male,C57BL/6,1.1.1,FR1,0,Left,319,327,92,11,0,0,,,,,,,,,,,,,,,,,
2026-07-16 20:20:59,18678.769531,B0DB8AF16E20,0003,male,C57BL/6,1.1.1,FR1,0,PelletDrop,320,327,92,11,0,0,,,,,,,,,,,,,,,,,
2026-07-16 20:21:05,18684.976562,B0DB8AF16E20,0003,male,C57BL/6,1.1.1,FR1,0,PelletTaken,320,327,92,11,0,0,5.658,31.000,0,2,,,,,,,,,,,,,
2026-07-16 20:25:10,18930.554688,B0DB8AF16E20,0003,male,C57BL/6,1.1.1,FR1,0,Status,320,327,92,11,0,0,,,,,Disabled,24.8,43.8,995.4,15.6,0.000,0.000,247724,339964,181384,4006,4.16,98.45
2026-07-16 20:26:48,19028.517578,B0DB8AF16E20,0003,male,C57BL/6,1.1.1,FR1,0,Left,320,328,92,11,0,0,,,,,,,,,,,,,,,,,
2026-07-16 20:26:53,19033.523438,B0DB8AF16E20,0003,male,C57BL/6,1.1.1,FR1,0,PelletDrop,321,328,92,11,0,0,,,,,,,,,,,,,,,,,
2026-07-16 20:26:59,19039.621094,B0DB8AF16E20,0003,male,C57BL/6,1.1.1,FR1,0,PelletTaken,321,328,92,11,0,0,5.548,276.000,0,2,,,,,,,,,,,,,
2026-07-16 20:35:42,19563.316406,B0DB8AF16E20,0003,male,C57BL/6,1.1.1,FR1,0,Status,321,328,92,11,0,0,,,,,Disabled,24.8,43.8,995.4,15.5,0.000,0.000,247724,339964,181384,4141,4.16,98.29
2026-07-16 20:41:03,19884.646484,B0DB8AF16E20,0003,male,C57BL/6,1.1.1,FR1,0,Left,321,329,92,11,0,0,,,,,,,,,,,,,,,,,
2026-07-16 20:41:08,19889.652344,B0DB8AF16E20,0003,male,C57BL/6,1.1.1,FR1,0,PelletDrop,322,329,92,11,0,0,,,,,,,,,,,,,,,,,
2026-07-16 20:41:16,19897.115234,B0DB8AF16E20,0003,male,C57BL/6,1.1.1,FR1,0,PelletTaken,322,329,92,11,0,0,6.912,22.000,0,2,,,,,,,,,,,,,
2026-07-16 20:41:38,19919.423828,B0DB8AF16E20,0003,male,C57BL/6,1.1.1,FR1,0,Left,322,330,92,11,0,0,,,,,,,,,,,,,,,,,
2026-07-16 20:41:43,19924.429688,B0DB8AF16E20,0003,male,C57BL/6,1.1.1,FR1,0,PelletDrop,323,330,92,11,0,0,,,,,,,,,,,,,,,,,
2026-07-16 20:41:48,19929.556641,B0DB8AF16E20,0003,male,C57BL/6,1.1.1,FR1,0,PelletTaken,323,330,92,11,0,0,4.592,304.000,0,2,,,,,,,,,,,,,
2026-07-16 20:44:11,20072.218750,B0DB8AF16E20,0003,male,C57BL/6,1.1.1,FR1,0,Left,323,331,92,11,0,0,,,,,,,,,,,,,,,,,
2026-07-16 20:44:13,20075.005859,B0DB8AF16E20,0003,male,C57BL/6,1.1.1,FR1,0,PelletDrop,324,331,92,11,0,0,,,,,,,,,,,,,,,,,
2026-07-16 20:44:14,20075.644531,B0DB8AF16E20,0003,male,C57BL/6,1.1.1,FR1,0,PelletTaken,324,331,92,11,0,0,0.104,70.000,0,1,,,,,,,,,,,,,
2026-07-16 20:46:12,20194.029297,B0DB8AF16E20,0003,male,C57BL/6,1.1.1,FR1,0,Status,324,331,92,11,0,0,,,,,Disabled,24.9,43.7,995.5,15.6,0.000,0.000,247724,339964,181384,4273,4.16,98.13
2026-07-16 20:49:09,20371.527344,B0DB8AF16E20,0003,male,C57BL/6,1.1.1,FR1,0,Right,324,331,93,11,0,0,,,,,,,,,,,,,,,,,
2026-07-16 20:51:26,20507.917969,B0DB8AF16E20,0003,male,C57BL/6,1.1.1,FR1,0,Right,324,331,94,11,0,0,,,,,,,,,,,,,,,,,
2026-07-16 20:51:27,20509.652344,B0DB8AF16E20,0003,male,C57BL/6,1.1.1,FR1,0,Left,324,332,94,11,0,0,,,,,,,,,,,,,,,,,
2026-07-16 20:51:32,20514.660156,B0DB8AF16E20,0003,male,C57BL/6,1.1.1,FR1,0,PelletDrop,325,332,94,11,0,0,,,,,,,,,,,,,,,,,
2026-07-16 20:51:38,20520.570312,B0DB8AF16E20,0003,male,C57BL/6,1.1.1,FR1,0,PelletTaken,325,332,94,11,0,0,5.361,31.000,0,2,,,,,,,,,,,,,
2026-07-16 20:53:57,20659.470703,B0DB8AF16E20,0003,male,C57BL/6,1.1.1,FR1,0,Left,325,333,94,11,0,0,,,,,,,,,,,,,,,,,
2026-07-16 20:54:02,20664.476562,B0DB8AF16E20,0003,male,C57BL/6,1.1.1,FR1,0,PelletDrop,326,333,94,11,0,0,,,,,,,,,,,,,,,,,
2026-07-16 20:54:10,20672.386719,B0DB8AF16E20,0003,male,C57BL/6,1.1.1,FR1,0,PelletTaken,326,333,94,11,0,0,7.374,12.000,0,2,,,,,,,,,,,,,
2026-07-16 20:56:45,20827.828125,B0DB8AF16E20,0003,male,C57BL/6,1.1.1,FR1,0,Status,326,333,94,11,0,0,,,,,Disabled,24.9,43.8,995.5,15.4,0.000,0.000,247724,339964,181384,4408,4.16,98.13
2026-07-16 20:58:10,20912.433594,B0DB8AF16E20,0003,male,C57BL/6,1.1.1,FR1,0,Left,326,334,94,11,0,0,,,,,,,,,,,,,,,,,
2026-07-16 20:58:12,20915.222656,B0DB8AF16E20,0003,male,C57BL/6,1.1.1,FR1,0,PelletDrop,327,334,94,11,0,0,,,,,,,,,,,,,,,,,
2026-07-16 20:58:14,20916.501953,B0DB8AF16E20,0003,male,C57BL/6,1.1.1,FR1,0,PelletTaken,327,334,94,11,0,0,0.730,50.000,0,1,,,,,,,,,,,,,
2026-07-16 20:58:36,20939.134766,B0DB8AF16E20,0003,male,C57BL/6,1.1.1,FR1,0,Right,327,334,95,11,0,0,,,,,,,,,,,,,,,,,
2026-07-16 21:05:35,21358.378906,B0DB8AF16E20,0003,male,C57BL/6,1.1.1,FR1,0,Left,327,335,95,11,0,0,,,,,,,,,,,,,,,,,
2026-07-16 21:05:42,21365.603516,B0DB8AF16E20,0003,male,C57BL/6,1.1.1,FR1,0,PelletDrop,328,335,95,11,0,0,,,,,,,,,,,,,,,,,
2026-07-16 21:05:46,21369.056641,B0DB8AF16E20,0003,male,C57BL/6,1.1.1,FR1,0,PelletTaken,328,335,95,11,0,0,2.919,196.000,0,3,,,,,,,,,,,,,
2026-07-16 21:06:30,21413.089844,B0DB8AF16E20,0003,male,C57BL/6,1.1.1,FR1,0,Left,328,336,95,11,0,0,,,,,,,,,,,,,,,,,
2026-07-16 21:06:33,21415.878906,B0DB8AF16E20,0003,male,C57BL/6,1.1.1,FR1,0,PelletDrop,329,336,95,11,0,0,,,,,,,,,,,,,,,,,
2026-07-16 21:06:34,21417.005859,B0DB8AF16E20,0003,male,C57BL/6,1.1.1,FR1,0,PelletNotDetected,329,336,95,11,0,0,,,,,,,,,,,,,,,,,
2026-07-16 21:07:11,21454.441406,B0DB8AF16E20,0003,male,C57BL/6,1.1.1,FR1,0,Status,329,336,95,11,0,0,,,,,Disabled,25.0,43.7,995.6,15.4,0.000,0.000,247724,339964,181384,4542,4.17,97.98
2026-07-16 21:15:10,21933.798828,B0DB8AF16E20,0003,male,C57BL/6,1.1.1,FR1,0,Left,329,337,95,11,0,0,,,,,,,,,,,,,,,,,
2026-07-16 21:15:13,21936.548828,B0DB8AF16E20,0003,male,C57BL/6,1.1.1,FR1,0,PelletDrop,330,337,95,11,0,0,,,,,,,,,,,,,,,,,
2026-07-16 21:15:14,21937.265625,B0DB8AF16E20,0003,male,C57BL/6,1.1.1,FR1,0,PelletTaken,330,337,95,11,0,0,0.181,22.000,0,2,,,,,,,,,,,,,
2026-07-16 21:16:55,22038.927734,B0DB8AF16E20,0003,male,C57BL/6,1.1.1,FR1,0,Left,330,338,95,11,0,0,,,,,,,,,,,,,,,,,
2026-07-16 21:16:58,22041.716797,B0DB8AF16E20,0003,male,C57BL/6,1.1.1,FR1,0,PelletDrop,331,338,95,11,0,0,,,,,,,,,,,,,,,,,
2026-07-16 21:16:59,22042.486328,B0DB8AF16E20,0003,male,C57BL/6,1.1.1,FR1,0,PelletTaken,331,338,95,11,0,0,0.235,70.000,0,1,,,,,,,,,,,,,
2026-07-16 21:17:37,22080.253906,B0DB8AF16E20,0003,male,C57BL/6,1.1.1,FR1,0,Status,331,338,95,11,0,0,,,,,Disabled,25.0,43.8,995.6,15.5,0.000,0.000,247724,339964,181384,4678,4.17,97.82
2026-07-16 21:28:09,22714.238281,B0DB8AF16E20,0003,male,C57BL/6,1.1.1,FR1,0,Left,331,339,95,11,0,0,,,,,,,,,,,,,,,,,
2026-07-16 21:28:14,22719.246094,B0DB8AF16E20,0003,male,C57BL/6,1.1.1,FR1,0,PelletDrop,332,339,95,11,0,0,,,,,,,,,,,,,,,,,
2026-07-16 21:28:20,22725.054688,B0DB8AF16E20,0003,male,C57BL/6,1.1.1,FR1,0,PelletTaken,332,339,95,11,0,0,5.274,110.000,0,2,,,,,,,,,,,,,
2026-07-16 21:28:28,22732.748047,B0DB8AF16E20,0003,male,C57BL/6,1.1.1,FR1,0,Status,332,339,95,11,0,0,,,,,Disabled,25.0,43.4,995.7,15.4,0.000,0.000,247724,339964,181384,4816,4.13,97.66
2026-07-16 21:28:44,22748.912109,B0DB8AF16E20,0003,male,C57BL/6,1.1.1,FR1,0,Left,332,340,95,11,0,0,,,,,,,,,,,,,,,,,
2026-07-16 21:28:49,22753.919922,B0DB8AF16E20,0003,male,C57BL/6,1.1.1,FR1,0,PelletDrop,333,340,95,11,0,0,,,,,,,,,,,,,,,,,
2026-07-16 21:28:55,22759.937500,B0DB8AF16E20,0003,male,C57BL/6,1.1.1,FR1,0,PelletTaken,333,340,95,11,0,0,5.483,100.000,0,2,,,,,,,,,,,,,
2026-07-16 21:29:14,22779.361328,B0DB8AF16E20,0003,male,C57BL/6,1.1.1,FR1,0,Left,333,341,95,11,0,0,,,,,,,,,,,,,,,,,
2026-07-16 21:29:19,22784.396484,B0DB8AF16E20,0003,male,C57BL/6,1.1.1,FR1,0,PelletDrop,334,341,95,11,0,0,,,,,,,,,,,,,,,,,
2026-07-16 21:29:27,22791.832031,B0DB8AF16E20,0003,male,C57BL/6,1.1.1,FR1,0,PelletTaken,334,341,95,11,0,0,6.902,61.000,0,2,,,,,,,,,,,,,
2026-07-16 21:29:59,22824.197266,B0DB8AF16E20,0003,male,C57BL/6,1.1.1,FR1,0,Left,334,342,95,11,0,0,,,,,,,,,,,,,,,,,
2026-07-16 21:30:04,22829.203125,B0DB8AF16E20,0003,male,C57BL/6,1.1.1,FR1,0,PelletDrop,335,342,95,11,0,0,,,,,,,,,,,,,,,,,
2026-07-16 21:30:08,22833.310547,B0DB8AF16E20,0003,male,C57BL/6,1.1.1,FR1,0,PelletTaken,335,342,95,11,0,0,3.557,12.000,0,2,,,,,,,,,,,,,
2026-07-16 21:38:51,23356.591797,B0DB8AF16E20,0003,male,C57BL/6,1.1.1,FR1,0,Status,335,342,95,11,0,0,,,,,Disabled,25.1,43.6,995.8,15.4,0.000,0.000,247724,339964,181384,4944,4.16,97.50
2026-07-16 21:40:09,23434.751953,B0DB8AF16E20,0003,male,C57BL/6,1.1.1,FR1,0,Left,335,343,95,11,0,0,,,,,,,,,,,,,,,,,
2026-07-16 21:40:14,23439.759766,B0DB8AF16E20,0003,male,C57BL/6,1.1.1,FR1,0,PelletDrop,336,343,95,11,0,0,,,,,,,,,,,,,,,,,
2026-07-16 21:40:19,23445.494141,B0DB8AF16E20,0003,male,C57BL/6,1.1.1,FR1,0,PelletTaken,336,343,95,11,0,0,5.185,21.000,0,2,,,,,,,,,,,,,
2026-07-16 21:44:00,23665.845703,B0DB8AF16E20,0003,male,C57BL/6,1.1.1,FR1,0,Left,336,344,95,11,0,0,,,,,,,,,,,,,,,,,
2026-07-16 21:44:05,23670.851562,B0DB8AF16E20,0003,male,C57BL/6,1.1.1,FR1,0,PelletDrop,337,344,95,11,0,0,,,,,,,,,,,,,,,,,
2026-07-16 21:44:13,23679.080078,B0DB8AF16E20,0003,male,C57BL/6,1.1.1,FR1,0,PelletTaken,337,344,95,11,0,0,7.694,129.000,0,2,,,,,,,,,,,,,
2026-07-16 21:46:44,23830.855469,B0DB8AF16E20,0003,male,C57BL/6,1.1.1,FR1,0,Left,337,345,95,11,0,0,,,,,,,,,,,,,,,,,
2026-07-16 21:46:50,23836.253906,B0DB8AF16E20,0003,male,C57BL/6,1.1.1,FR1,0,PelletDrop,338,345,95,11,0,0,,,,,,,,,,,,,,,,,
2026-07-16 21:47:00,23846.703125,B0DB8AF16E20,0003,male,C57BL/6,1.1.1,FR1,0,PelletTaken,338,345,95,11,0,0,9.915,109.000,0,2,,,,,,,,,,,,,
2026-07-16 21:49:22,23988.382812,B0DB8AF16E20,0003,male,C57BL/6,1.1.1,FR1,0,Status,338,345,95,11,0,0,,,,,Disabled,25.1,43.7,995.9,15.4,0.000,0.000,247724,339964,181384,5074,4.16,97.50
2026-07-16 21:56:21,24407.544922,B0DB8AF16E20,0003,male,C57BL/6,1.1.1,FR1,0,Left,338,346,95,11,0,0,,,,,,,,,,,,,,,,,
2026-07-16 21:56:24,24410.332031,B0DB8AF16E20,0003,male,C57BL/6,1.1.1,FR1,0,PelletDrop,339,346,95,11,0,0,,,,,,,,,,,,,,,,,
2026-07-16 21:56:25,24411.460938,B0DB8AF16E20,0003,male,C57BL/6,1.1.1,FR1,0,PelletNotDetected,339,346,95,11,0,0,,,,,,,,,,,,,,,,,
2026-07-16 21:56:49,24435.890625,B0DB8AF16E20,0003,male,C57BL/6,1.1.1,FR1,0,Left,339,347,95,11,0,0,,,,,,,,,,,,,,,,,
2026-07-16 21:56:52,24438.630859,B0DB8AF16E20,0003,male,C57BL/6,1.1.1,FR1,0,PelletDrop,340,347,95,11,0,0,,,,,,,,,,,,,,,,,
2026-07-16 21:56:53,24439.757812,B0DB8AF16E20,0003,male,C57BL/6,1.1.1,FR1,0,PelletNotDetected,340,347,95,11,0,0,,,,,,,,,,,,,,,,,
2026-07-16 21:59:50,24617.164062,B0DB8AF16E20,0003,male,C57BL/6,1.1.1,FR1,0,Status,340,347,95,11,0,0,,,,,Disabled,25.1,43.9,995.9,15.4,0.000,0.000,247724,339964,181384,5211,4.16,97.34
2026-07-16 22:02:50,24797.730469,B0DB8AF16E20,0003,male,C57BL/6,1.1.1,FR1,0,Left,340,348,95,11,0,0,,,,,,,,,,,,,,,,,
2026-07-16 22:02:53,24800.470703,B0DB8AF16E20,0003,male,C57BL/6,1.1.1,FR1,0,PelletDrop,341,348,95,11,0,0,,,,,,,,,,,,,,,,,
2026-07-16 22:02:54,24801.593750,B0DB8AF16E20,0003,male,C57BL/6,1.1.1,FR1,0,PelletTaken,341,348,95,11,0,0,0.588,12.000,0,3,,,,,,,,,,,,,
2026-07-16 22:03:16,24823.972656,B0DB8AF16E20,0003,male,C57BL/6,1.1.1,FR1,0,Right,341,348,96,11,0,0,,,,,,,,,,,,,,,,,
2026-07-16 22:03:27,24834.847656,B0DB8AF16E20,0003,male,C57BL/6,1.1.1,FR1,0,Left,341,349,96,11,0,0,,,,,,,,,,,,,,,,,
2026-07-16 22:03:30,24837.636719,B0DB8AF16E20,0003,male,C57BL/6,1.1.1,FR1,0,PelletDrop,342,349,96,11,0,0,,,,,,,,,,,,,,,,,
2026-07-16 22:03:31,24838.763672,B0DB8AF16E20,0003,male,C57BL/6,1.1.1,FR1,0,PelletNotDetected,342,349,96,11,0,0,,,,,,,,,,,,,,,,,
2026-07-16 22:03:50,24857.826172,B0DB8AF16E20,0003,male,C57BL/6,1.1.1,FR1,0,Left,342,350,96,11,0,0,,,,,,,,,,,,,,,,,
2026-07-16 22:03:53,24860.582031,B0DB8AF16E20,0003,male,C57BL/6,1.1.1,FR1,0,PelletDrop,343,350,96,11,0,0,,,,,,,,,,,,,,,,,
2026-07-16 22:03:54,24861.710938,B0DB8AF16E20,0003,male,C57BL/6,1.1.1,FR1,0,PelletNotDetected,343,350,96,11,0,0,,,,,,,,,,,,,,,,,
2026-07-16 22:05:20,24948.097656,B0DB8AF16E20,0003,male,C57BL/6,1.1.1,FR1,0,Left,343,351,96,11,0,0,,,,,,,,,,,,,,,,,
2026-07-16 22:05:23,24950.837891,B0DB8AF16E20,0003,male,C57BL/6,1.1.1,FR1,0,PelletDrop,344,351,96,11,0,0,,,,,,,,,,,,,,,,,
2026-07-16 22:05:24,24951.974609,B0DB8AF16E20,0003,male,C57BL/6,1.1.1,FR1,0,PelletNotDetected,344,351,96,11,0,0,,,,,,,,,,,,,,,,,
2026-07-16 22:10:18,25245.824219,B0DB8AF16E20,0003,male,C57BL/6,1.1.1,FR1,0,Status,344,351,96,11,0,0,,,,,Disabled,25.1,43.8,995.9,15.4,0.000,0.000,247724,339964,181384,5347,4.15,97.18
2026-07-16 22:19:55,25823.742188,B0DB8AF16E20,0003,male,C57BL/6,1.1.1,FR1,0,Left,344,352,96,11,0,0,,,,,,,,,,,,,,,,,
2026-07-16 22:20:04,25832.914062,B0DB8AF16E20,0003,male,C57BL/6,1.1.1,FR1,0,PelletDrop,345,352,96,11,0,0,,,,,,,,,,,,,,,,,
2026-07-16 22:20:08,25837.021484,B0DB8AF16E20,0003,male,C57BL/6,1.1.1,FR1,0,PelletTaken,345,352,96,11,0,0,3.535,50.000,0,6,,,,,,,,,,,,,
2026-07-16 22:20:49,25877.535156,B0DB8AF16E20,0003,male,C57BL/6,1.1.1,FR1,0,Status,345,352,96,11,0,0,,,,,Disabled,25.1,43.7,995.9,15.4,0.000,0.000,247724,339964,181384,5481,4.15,97.03
2026-07-16 22:27:11,26259.642578,B0DB8AF16E20,0003,male,C57BL/6,1.1.1,FR1,0,Left,345,353,96,11,0,0,,,,,,,,,,,,,,,,,
2026-07-16 22:27:13,26262.453125,B0DB8AF16E20,0003,male,C57BL/6,1.1.1,FR1,0,PelletDrop,346,353,96,11,0,0,,,,,,,,,,,,,,,,,
2026-07-16 22:27:15,26263.619141,B0DB8AF16E20,0003,male,C57BL/6,1.1.1,FR1,0,PelletNotDetected,346,353,96,11,0,0,,,,,,,,,,,,,,,,,
2026-07-16 22:31:42,26531.328125,B0DB8AF16E20,0003,male,C57BL/6,1.1.1,FR1,0,Status,346,353,96,11,0,0,,,,,Disabled,25.2,43.4,995.9,15.4,0.000,0.000,247724,339964,181384,5618,4.16,96.87
2026-07-16 22:36:08,26798.433594,B0DB8AF16E20,0003,male,C57BL/6,1.1.1,FR1,0,Left,346,354,96,11,0,0,,,,,,,,,,,,,,,,,
2026-07-16 22:36:11,26801.150391,B0DB8AF16E20,0003,male,C57BL/6,1.1.1,FR1,0,PelletDrop,347,354,96,11,0,0,,,,,,,,,,,,,,,,,
2026-07-16 22:36:12,26802.316406,B0DB8AF16E20,0003,male,C57BL/6,1.1.1,FR1,0,PelletNotDetected,347,354,96,11,0,0,,,,,,,,,,,,,,,,,
2026-07-16 22:42:36,27186.062500,B0DB8AF16E20,0003,male,C57BL/6,1.1.1,FR1,0,Status,347,354,96,11,0,0,,,,,Disabled,25.2,43.4,996.0,15.3,0.000,0.000,247724,339964,181384,5754,4.15,96.87
2026-07-16 22:47:42,27492.621094,B0DB8AF16E20,0003,male,C57BL/6,1.1.1,FR1,0,Left,347,355,96,11,0,0,,,,,,,,,,,,,,,,,
2026-07-16 22:47:49,27499.638672,B0DB8AF16E20,0003,male,C57BL/6,1.1.1,FR1,0,PelletDrop,348,355,96,11,0,0,,,,,,,,,,,,,,,,,
2026-07-16 22:47:52,27503.037109,B0DB8AF16E20,0003,male,C57BL/6,1.1.1,FR1,0,PelletTaken,348,355,96,11,0,0,2.843,196.000,0,4,,,,,,,,,,,,,
2026-07-16 22:50:20,27650.562500,B0DB8AF16E20,0003,male,C57BL/6,1.1.1,FR1,0,Left,348,356,96,11,0,0,,,,,,,,,,,,,,,,,
2026-07-16 22:50:26,27656.617188,B0DB8AF16E20,0003,male,C57BL/6,1.1.1,FR1,0,PelletDrop,349,356,96,11,0,0,,,,,,,,,,,,,,,,,
2026-07-16 22:50:34,27664.531250,B0DB8AF16E20,0003,male,C57BL/6,1.1.1,FR1,0,PelletTaken,349,356,96,11,0,0,7.342,42.000,0,2,,,,,,,,,,,,,
2026-07-16 22:53:29,27839.800781,B0DB8AF16E20,0003,male,C57BL/6,1.1.1,FR1,0,Status,349,356,96,11,0,0,,,,,Disabled,25.2,43.4,996.0,15.3,0.000,0.000,247724,339964,181384,5886,4.15,96.71
2026-07-16 22:55:43,27973.900391,B0DB8AF16E20,0003,male,C57BL/6,1.1.1,FR1,0,Left,349,357,96,11,0,0,,,,,,,,,,,,,,,,,
2026-07-16 22:55:46,27976.712891,B0DB8AF16E20,0003,male,C57BL/6,1.1.1,FR1,0,PelletDrop,350,357,96,11,0,0,,,,,,,,,,,,,,,,,
2026-07-16 22:55:47,27977.878906,B0DB8AF16E20,0003,male,C57BL/6,1.1.1,FR1,0,PelletNotDetected,350,357,96,11,0,0,,,,,,,,,,,,,,,,,
2026-07-16 22:56:33,28023.191406,B0DB8AF16E20,0003,male,C57BL/6,1.1.1,FR1,0,Left,350,358,96,11,0,0,,,,,,,,,,,,,,,,,
2026-07-16 22:56:35,28025.955078,B0DB8AF16E20,0003,male,C57BL/6,1.1.1,FR1,0,PelletDrop,351,358,96,11,0,0,,,,,,,,,,,,,,,,,
2026-07-16 22:56:36,28026.957031,B0DB8AF16E20,0003,male,C57BL/6,1.1.1,FR1,0,PelletTaken,351,358,96,11,0,0,0.445,100.000,0,2,,,,,,,,,,,,,
2026-07-16 23:01:32,28322.773438,B0DB8AF16E20,0003,male,C57BL/6,1.1.1,FR1,0,Left,351,359,96,11,0,0,,,,,,,,,,,,,,,,,
2026-07-16 23:01:37,28327.802734,B0DB8AF16E20,0003,male,C57BL/6,1.1.1,FR1,0,PelletDrop,352,359,96,11,0,0,,,,,,,,,,,,,,,,,
2026-07-16 23:01:51,28342.269531,B0DB8AF16E20,0003,male,C57BL/6,1.1.1,FR1,0,PelletTaken,352,359,96,11,0,0,13.909,41.000,0,2,,,,,,,,,,,,,
2026-07-16 23:04:01,28472.369141,B0DB8AF16E20,0003,male,C57BL/6,1.1.1,FR1,0,Status,352,359,96,11,0,0,,,,,Disabled,25.2,43.8,996.1,15.3,0.000,0.000,247724,339964,181384,6019,4.15,96.55
2026-07-16 23:14:31,29103.367188,B0DB8AF16E20,0003,male,C57BL/6,1.1.1,FR1,0,Status,352,359,96,11,0,0,,,,,Disabled,25.2,44.0,996.1,15.4,0.000,0.000,247724,339964,181384,6156,4.15,96.55
2026-07-16 23:17:01,29254.000000,B0DB8AF16E20,0003,male,C57BL/6,1.1.1,FR1,0,Left,352,360,96,11,0,0,,,,,,,,,,,,,,,,,
2026-07-16 23:17:04,29256.812500,B0DB8AF16E20,0003,male,C57BL/6,1.1.1,FR1,0,PelletDrop,353,360,96,11,0,0,,,,,,,,,,,,,,,,,
2026-07-16 23:17:05,29257.861328,B0DB8AF16E20,0003,male,C57BL/6,1.1.1,FR1,0,PelletTaken,353,360,96,11,0,0,0.466,31.000,0,1,,,,,,,,,,,,,
2026-07-16 23:19:23,29396.107422,B0DB8AF16E20,0003,male,C57BL/6,1.1.1,FR1,0,Left,353,361,96,11,0,0,,,,,,,,,,,,,,,,,
2026-07-16 23:19:26,29398.919922,B0DB8AF16E20,0003,male,C57BL/6,1.1.1,FR1,0,PelletDrop,354,361,96,11,0,0,,,,,,,,,,,,,,,,,
2026-07-16 23:19:27,29399.580078,B0DB8AF16E20,0003,male,C57BL/6,1.1.1,FR1,0,PelletTaken,354,361,96,11,0,0,0.104,22.000,0,1,,,,,,,,,,,,,
2026-07-16 23:21:12,29504.654297,B0DB8AF16E20,0003,male,C57BL/6,1.1.1,FR1,0,Left,354,362,96,11,0,0,,,,,,,,,,,,,,,,,
2026-07-16 23:21:17,29509.685547,B0DB8AF16E20,0003,male,C57BL/6,1.1.1,FR1,0,PelletDrop,355,362,96,11,0,0,,,,,,,,,,,,,,,,,
2026-07-16 23:21:24,29517.462891,B0DB8AF16E20,0003,male,C57BL/6,1.1.1,FR1,0,PelletTaken,355,362,96,11,0,0,7.221,100.000,0,2,,,,,,,,,,,,,
2026-07-16 23:25:18,29751.035156,B0DB8AF16E20,0003,male,C57BL/6,1.1.1,FR1,0,Status,355,362,96,11,0,0,,,,,Disabled,25.2,43.6,996.2,15.4,0.000,0.000,247724,339964,181384,6289,4.14,96.23
2026-07-16 23:26:58,29850.947266,B0DB8AF16E20,0003,male,C57BL/6,1.1.1,FR1,0,Left,355,363,96,11,0,0,,,,,,,,,,,,,,,,,
2026-07-16 23:27:03,29855.976562,B0DB8AF16E20,0003,male,C57BL/6,1.1.1,FR1,0,PelletDrop,356,363,96,11,0,0,,,,,,,,,,,,,,,,,
2026-07-16 23:27:11,29863.876953,B0DB8AF16E20,0003,male,C57BL/6,1.1.1,FR1,0,PelletTaken,356,363,96,11,0,0,7.342,42.000,0,2,,,,,,,,,,,,,
2026-07-16 23:36:07,30400.783203,B0DB8AF16E20,0003,male,C57BL/6,1.1.1,FR1,0,Status,356,363,96,11,0,0,,,,,Disabled,25.2,43.7,996.3,15.3,0.000,0.000,247724,339964,181384,6423,4.14,96.08
2026-07-16 23:37:26,30479.203125,B0DB8AF16E20,0003,male,C57BL/6,1.1.1,FR1,0,Left,356,364,96,11,0,0,,,,,,,,,,,,,,,,,
2026-07-16 23:37:28,30482.013672,B0DB8AF16E20,0003,male,C57BL/6,1.1.1,FR1,0,PelletDrop,357,364,96,11,0,0,,,,,,,,,,,,,,,,,
2026-07-16 23:37:30,30483.164062,B0DB8AF16E20,0003,male,C57BL/6,1.1.1,FR1,0,PelletNotDetected,357,364,96,11,0,0,,,,,,,,,,,,,,,,,
2026-07-16 23:37:46,30499.320312,B0DB8AF16E20,0003,male,C57BL/6,1.1.1,FR1,0,Left,357,365,96,11,0,0,,,,,,,,,,,,,,,,,
2026-07-16 23:37:49,30502.097656,B0DB8AF16E20,0003,male,C57BL/6,1.1.1,FR1,0,PelletDrop,358,365,96,11,0,0,,,,,,,,,,,,,,,,,
2026-07-16 23:37:49,30502.830078,B0DB8AF16E20,0003,male,C57BL/6,1.1.1,FR1,0,PelletTaken,358,365,96,11,0,0,0.104,22.000,0,2,,,,,,,,,,,,,
2026-07-16 23:39:13,30586.380859,B0DB8AF16E20,0003,male,C57BL/6,1.1.1,FR1,0,Left,358,366,96,11,0,0,,,,,,,,,,,,,,,,,
2026-07-16 23:39:18,30591.410156,B0DB8AF16E20,0003,male,C57BL/6,1.1.1,FR1,0,PelletDrop,359,366,96,11,0,0,,,,,,,,,,,,,,,,,
2026-07-16 23:39:25,30598.951172,B0DB8AF16E20,0003,male,C57BL/6,1.1.1,FR1,0,PelletTaken,359,366,96,11,0,0,6.968,825.000,0,2,,,,,,,,,,,,,
2026-07-16 23:41:20,30713.759766,B0DB8AF16E20,0003,male,C57BL/6,1.1.1,FR1,0,Left,359,367,96,11,0,0,,,,,,,,,,,,,,,,,
2026-07-16 23:41:23,30716.570312,B0DB8AF16E20,0003,male,C57BL/6,1.1.1,FR1,0,PelletDrop,360,367,96,11,0,0,,,,,,,,,,,,,,,,,
2026-07-16 23:41:41,30735.271484,B0DB8AF16E20,0003,male,C57BL/6,1.1.1,FR1,0,PelletTaken,360,367,96,11,0,0,18.144,22.000,0,1,,,,,,,,,,,,,
2026-07-16 23:46:55,31049.462891,B0DB8AF16E20,0003,male,C57BL/6,1.1.1,FR1,0,Status,360,367,96,11,0,0,,,,,Disabled,25.2,43.6,996.3,15.4,0.000,0.000,247724,339964,181384,6551,4.14,95.92
2026-07-16 23:47:16,31070.269531,B0DB8AF16E20,0003,male,C57BL/6,1.1.1,FR1,0,Right,360,367,97,11,0,0,,,,,,,,,,,,,,,,,
2026-07-16 23:48:17,31131.417969,B0DB8AF16E20,0003,male,C57BL/6,1.1.1,FR1,0,Left,360,368,97,11,0,0,,,,,,,,,,,,,,,,,
2026-07-16 23:48:19,31134.230469,B0DB8AF16E20,0003,male,C57BL/6,1.1.1,FR1,0,PelletDrop,361,368,97,11,0,0,,,,,,,,,,,,,,,,,
2026-07-16 23:48:21,31135.396484,B0DB8AF16E20,0003,male,C57BL/6,1.1.1,FR1,0,PelletNotDetected,361,368,97,11,0,0,,,,,,,,,,,,,,,,,
2026-07-16 23:50:51,31286.039062,B0DB8AF16E20,0003,male,C57BL/6,1.1.1,FR1,0,Center,361,368,97,12,0,0,,,,,,,,,,,,,,,,,
2026-07-16 23:50:53,31288.371094,B0DB8AF16E20,0003,male,C57BL/6,1.1.1,FR1,0,Center,361,368,97,13,0,0,,,,,,,,,,,,,,,,,
2026-07-16 23:51:01,31295.669922,B0DB8AF16E20,0003,male,C57BL/6,1.1.1,FR1,0,Center,361,368,97,14,0,0,,,,,,,,,,,,,,,,,
2026-07-16 23:51:04,31299.212891,B0DB8AF16E20,0003,male,C57BL/6,1.1.1,FR1,0,Left,361,369,97,14,0,0,,,,,,,,,,,,,,,,,
2026-07-16 23:51:13,31308.382812,B0DB8AF16E20,0003,male,C57BL/6,1.1.1,FR1,0,PelletDrop,362,369,97,14,0,0,,,,,,,,,,,,,,,,,
2026-07-16 23:51:19,31314.236328,B0DB8AF16E20,0003,male,C57BL/6,1.1.1,FR1,0,PelletTaken,362,369,97,14,0,0,5.296,81.000,0,4,,,,,,,,,,,,,
2026-07-16 23:57:37,31692.248047,B0DB8AF16E20,0003,male,C57BL/6,1.1.1,FR1,0,Status,362,369,97,14,0,0,,,,,Disabled,25.2,43.5,996.4,15.4,0.000,0.000,247724,339964,181376,6686,4.14,95.92
2026-07-17 00:08:13,32328.902344,B0DB8AF16E20,0003,male,C57BL/6,1.1.1,FR1,0,Status,362,369,97,14,0,0,,,,,Disabled,25.2,43.9,996.4,15.4,0.000,0.000,247724,339964,181376,6823,4.14,95.76
2026-07-17 00:18:48,32964.695312,B0DB8AF16E20,0003,male,C57BL/6,1.1.1,FR1,0,Status,362,369,97,14,0,0,,,,,Disabled,25.1,43.9,996.5,15.5,0.000,0.000,247724,339964,181376,6960,4.14,95.60
2026-07-17 00:29:28,33605.398438,B0DB8AF16E20,0003,male,C57BL/6,1.1.1,FR1,0,Status,362,369,97,14,0,0,,,,,Disabled,25.1,43.8,996.5,15.5,0.000,0.000,247724,339964,181376,7097,4.15,95.60
2026-07-17 00:40:04,34242.144531,B0DB8AF16E20,0003,male,C57BL/6,1.1.1,FR1,0,Status,362,369,97,14,0,0,,,,,Disabled,25.0,43.8,996.5,15.5,0.000,0.000,247724,339964,181376,7234,4.14,95.45
2026-07-17 00:50:47,34885.703125,B0DB8AF16E20,0003,male,C57BL/6,1.1.1,FR1,0,Status,362,369,97,14,0,0,,,,,Disabled,25.0,43.6,996.4,15.6,0.000,0.000,247724,339964,181376,7371,4.14,95.29
2026-07-17 01:01:19,35518.839844,B0DB8AF16E20,0003,male,C57BL/6,1.1.1,FR1,0,Status,362,369,97,14,0,0,,,,,Disabled,25.0,43.7,996.4,15.6,0.000,0.000,247724,339964,181376,7508,4.14,95.29
2026-07-17 01:11:52,36151.949219,B0DB8AF16E20,0003,male,C57BL/6,1.1.1,FR1,0,Status,362,369,97,14,0,0,,,,,Disabled,24.9,43.7,996.4,15.6,0.000,0.000,247724,339964,181376,7645,4.15,95.13
2026-07-17 01:22:24,36785.003906,B0DB8AF16E20,0003,male,C57BL/6,1.1.1,FR1,0,Status,362,369,97,14,0,0,,,,,Disabled,24.9,43.7,996.4,15.7,0.000,0.000,247724,339964,181376,7782,4.15,95.13
2026-07-17 01:27:37,37097.820312,B0DB8AF16E20,0003,male,C57BL/6,1.1.1,FR1,0,Left,362,370,97,14,0,0,,,,,,,,,,,,,,,,,
2026-07-17 01:27:42,37102.800781,B0DB8AF16E20,0003,male,C57BL/6,1.1.1,FR1,0,PelletDrop,363,370,97,14,0,0,,,,,,,,,,,,,,,,,
2026-07-17 01:27:43,37103.953125,B0DB8AF16E20,0003,male,C57BL/6,1.1.1,FR1,0,PelletNotDetected,363,370,97,14,0,0,,,,,,,,,,,,,,,,,
2026-07-17 01:28:28,37149.093750,B0DB8AF16E20,0003,male,C57BL/6,1.1.1,FR1,0,Left,363,371,97,14,0,0,,,,,,,,,,,,,,,,,
2026-07-17 01:28:35,37156.113281,B0DB8AF16E20,0003,male,C57BL/6,1.1.1,FR1,0,PelletDrop,364,371,97,14,0,0,,,,,,,,,,,,,,,,,
2026-07-17 01:28:46,37166.839844,B0DB8AF16E20,0003,male,C57BL/6,1.1.1,FR1,0,PelletTaken,364,371,97,14,0,0,10.168,119.000,0,4,,,,,,,,,,,,,
2026-07-17 01:29:15,37196.414062,B0DB8AF16E20,0003,male,C57BL/6,1.1.1,FR1,0,Left,364,372,97,14,0,0,,,,,,,,,,,,,,,,,
2026-07-17 01:29:21,37202.421875,B0DB8AF16E20,0003,male,C57BL/6,1.1.1,FR1,0,PelletDrop,365,372,97,14,0,0,,,,,,,,,,,,,,,,,
2026-07-17 01:29:34,37214.777344,B0DB8AF16E20,0003,male,C57BL/6,1.1.1,FR1,0,PelletTaken,365,372,97,14,0,0,11.797,70.000,0,2,,,,,,,,,,,,,
2026-07-17 01:29:57,37238.457031,B0DB8AF16E20,0003,male,C57BL/6,1.1.1,FR1,0,Left,365,373,97,14,0,0,,,,,,,,,,,,,,,,,
2026-07-17 01:30:02,37243.488281,B0DB8AF16E20,0003,male,C57BL/6,1.1.1,FR1,0,PelletDrop,366,373,97,14,0,0,,,,,,,,,,,,,,,,,
2026-07-17 01:30:12,37252.949219,B0DB8AF16E20,0003,male,C57BL/6,1.1.1,FR1,0,PelletTaken,366,373,97,14,0,0,8.904,70.000,0,2,,,,,,,,,,,,,
2026-07-17 01:30:41,37281.976562,B0DB8AF16E20,0003,male,C57BL/6,1.1.1,FR1,0,Left,366,374,97,14,0,0,,,,,,,,,,,,,,,,,
2026-07-17 01:30:46,37287.007812,B0DB8AF16E20,0003,male,C57BL/6,1.1.1,FR1,0,PelletDrop,367,374,97,14,0,0,,,,,,,,,,,,,,,,,
2026-07-17 01:30:55,37296.257812,B0DB8AF16E20,0003,male,C57BL/6,1.1.1,FR1,0,PelletTaken,367,374,97,14,0,0,8.695,61.000,0,2,,,,,,,,,,,,,
2026-07-17 01:33:04,37424.718750,B0DB8AF16E20,0003,male,C57BL/6,1.1.1,FR1,0,Status,367,374,97,14,0,0,,,,,Disabled,25.0,43.1,996.5,15.6,0.000,0.000,247724,339964,181376,7905,4.11,94.97
2026-07-17 01:43:41,38063.429688,B0DB8AF16E20,0003,male,C57BL/6,1.1.1,FR1,0,Status,367,374,97,14,0,0,,,,,Disabled,25.0,43.6,996.5,15.4,0.000,0.000,247724,339964,181376,8042,4.13,94.81
2026-07-17 01:45:11,38152.968750,B0DB8AF16E20,0003,male,C57BL/6,1.1.1,FR1,0,Left,367,375,97,14,0,0,,,,,,,,,,,,,,,,,
2026-07-17 01:45:13,38155.781250,B0DB8AF16E20,0003,male,C57BL/6,1.1.1,FR1,0,PelletDrop,368,375,97,14,0,0,,,,,,,,,,,,,,,,,
2026-07-17 01:45:17,38158.851562,B0DB8AF16E20,0003,male,C57BL/6,1.1.1,FR1,0,LeftWithPellet,368,376,97,14,0,0,,,,,,,,,,,,,,,,,
2026-07-17 01:45:17,38159.742188,B0DB8AF16E20,0003,male,C57BL/6,1.1.1,FR1,0,LeftWithPellet,368,377,97,14,0,0,,,,,,,,,,,,,,,,,
2026-07-17 01:45:24,38166.796875,B0DB8AF16E20,0003,male,C57BL/6,1.1.1,FR1,0,PelletTaken,368,377,97,14,0,0,10.456,4.000,0,1,,,,,,,,,,,,,
2026-07-17 01:46:14,38216.753906,B0DB8AF16E20,0003,male,C57BL/6,1.1.1,FR1,0,Left,368,378,97,14,0,0,,,,,,,,,,,,,,,,,
2026-07-17 01:46:17,38219.566406,B0DB8AF16E20,0003,male,C57BL/6,1.1.1,FR1,0,PelletDrop,369,378,97,14,0,0,,,,,,,,,,,,,,,,,
2026-07-17 01:46:18,38220.242188,B0DB8AF16E20,0003,male,C57BL/6,1.1.1,FR1,0,PelletTaken,369,378,97,14,0,0,0.104,120.000,0,1,,,,,,,,,,,,,
2026-07-17 01:46:43,38245.351562,B0DB8AF16E20,0003,male,C57BL/6,1.1.1,FR1,0,Left,369,379,97,14,0,0,,,,,,,,,,,,,,,,,
2026-07-17 01:46:46,38248.164062,B0DB8AF16E20,0003,male,C57BL/6,1.1.1,FR1,0,PelletDrop,370,379,97,14,0,0,,,,,,,,,,,,,,,,,
2026-07-17 01:47:03,38265.382812,B0DB8AF16E20,0003,male,C57BL/6,1.1.1,FR1,0,PelletTaken,370,379,97,14,0,0,16.659,12.000,0,1,,,,,,,,,,,,,
2026-07-17 01:54:20,38703.175781,B0DB8AF16E20,0003,male,C57BL/6,1.1.1,FR1,0,Status,370,379,97,14,0,0,,,,,Disabled,25.1,43.6,996.5,15.5,0.000,0.000,247724,339964,181376,8172,4.14,94.65
2026-07-17 02:00:29,39072.480469,B0DB8AF16E20,0003,male,C57BL/6,1.1.1,FR1,0,Left,370,380,97,14,0,0,,,,,,,,,,,,,,,,,
2026-07-17 02:00:34,39077.511719,B0DB8AF16E20,0003,male,C57BL/6,1.1.1,FR1,0,PelletDrop,371,380,97,14,0,0,,,,,,,,,,,,,,,,,
2026-07-17 02:00:45,39088.503906,B0DB8AF16E20,0003,male,C57BL/6,1.1.1,FR1,0,PelletTaken,371,380,97,14,0,0,10.433,31.000,0,2,,,,,,,,,,,,,
2026-07-17 02:03:18,39242.062500,B0DB8AF16E20,0003,male,C57BL/6,1.1.1,FR1,0,Left,371,381,97,14,0,0,,,,,,,,,,,,,,,,,
2026-07-17 02:03:21,39244.875000,B0DB8AF16E20,0003,male,C57BL/6,1.1.1,FR1,0,PelletDrop,372,381,97,14,0,0,,,,,,,,,,,,,,,,,
2026-07-17 02:03:22,39246.027344,B0DB8AF16E20,0003,male,C57BL/6,1.1.1,FR1,0,PelletNotDetected,372,381,97,14,0,0,,,,,,,,,,,,,,,,,
2026-07-17 02:05:00,39343.910156,B0DB8AF16E20,0003,male,C57BL/6,1.1.1,FR1,0,Status,372,381,97,14,0,0,,,,,Disabled,25.1,43.8,996.5,15.4,0.000,0.000,247724,339964,181376,8305,4.13,94.50
2026-07-17 02:10:56,39700.308594,B0DB8AF16E20,0003,male,C57BL/6,1.1.1,FR1,0,Left,372,382,97,14,0,0,,,,,,,,,,,,,,,,,
2026-07-17 02:10:59,39703.070312,B0DB8AF16E20,0003,male,C57BL/6,1.1.1,FR1,0,PelletDrop,373,382,97,14,0,0,,,,,,,,,,,,,,,,,
2026-07-17 02:11:00,39704.222656,B0DB8AF16E20,0003,male,C57BL/6,1.1.1,FR1,0,PelletNotDetected,373,382,97,14,0,0,,,,,,,,,,,,,,,,,
2026-07-17 02:15:42,39985.687500,B0DB8AF16E20,0003,male,C57BL/6,1.1.1,FR1,0,Status,373,382,97,14,0,0,,,,,Disabled,25.1,43.7,996.5,15.5,0.000,0.000,247724,339964,181376,8442,4.13,94.34
2026-07-17 02:26:22,40627.343750,B0DB8AF16E20,0003,male,C57BL/6,1.1.1,FR1,0,Status,373,382,97,14,0,0,,,,,Disabled,25.1,43.4,996.5,15.5,0.000,0.000,247724,339964,181376,8579,4.13,94.34
2026-07-17 02:37:01,41267.156250,B0DB8AF16E20,0003,male,C57BL/6,1.1.1,FR1,0,Status,373,382,97,14,0,0,,,,,Disabled,25.1,43.4,996.5,15.6,0.000,0.000,247724,339964,181376,8716,4.14,94.18
2026-07-17 02:47:41,41907.863281,B0DB8AF16E20,0003,male,C57BL/6,1.1.1,FR1,0,Status,373,382,97,14,0,0,,,,,Disabled,25.1,43.3,996.5,15.6,0.000,0.000,247724,339964,181376,8853,4.13,94.18
2026-07-17 02:58:25,42552.578125,B0DB8AF16E20,0003,male,C57BL/6,1.1.1,FR1,0,Status,373,382,97,14,0,0,,,,,Disabled,25.1,43.1,996.6,15.6,0.000,0.000,247724,339964,181376,8990,4.13,94.02
2026-07-17 03:09:07,43195.351562,B0DB8AF16E20,0003,male,C57BL/6,1.1.1,FR1,0,Status,373,382,97,14,0,0,,,,,Disabled,25.1,43.1,996.6,15.7,0.000,0.000,247724,339964,181376,9127,4.13,93.86
2026-07-17 03:19:52,43841.101562,B0DB8AF16E20,0003,male,C57BL/6,1.1.1,FR1,0,Status,373,382,97,14,0,0,,,,,Disabled,25.0,43.0,996.7,15.7,0.000,0.000,247724,339964,181376,9264,4.12,93.86
2026-07-17 03:30:31,44480.796875,B0DB8AF16E20,0003,male,C57BL/6,1.1.1,FR1,0,Status,373,382,97,14,0,0,,,,,Disabled,25.0,43.1,996.7,15.8,0.000,0.000,247724,339964,181376,9401,4.13,93.70
2026-07-17 03:41:14,45124.480469,B0DB8AF16E20,0003,male,C57BL/6,1.1.1,FR1,0,Status,373,382,97,14,0,0,,,,,Disabled,25.0,43.0,996.7,15.9,0.000,0.000,247724,339964,181376,9538,4.13,93.55
2026-07-17 03:47:26,45496.695312,B0DB8AF16E20,0003,male,C57BL/6,1.1.1,FR1,0,Left,373,383,97,14,0,0,,,,,,,,,,,,,,,,,
2026-07-17 03:47:37,45508.082031,B0DB8AF16E20,0003,male,C57BL/6,1.1.1,FR1,0,PelletDrop,374,383,97,14,0,0,,,,,,,,,,,,,,,,,
2026-07-17 03:47:46,45516.753906,B0DB8AF16E20,0003,male,C57BL/6,1.1.1,FR1,0,PelletTaken,374,383,97,14,0,0,8.112,22.000,0,6,,,,,,,,,,,,,
2026-07-17 03:51:57,45768.210938,B0DB8AF16E20,0003,male,C57BL/6,1.1.1,FR1,0,Status,374,383,97,14,0,0,,,,,Disabled,25.0,43.1,996.7,15.8,0.000,0.000,247724,339964,181376,9670,4.12,93.39
2026-07-17 03:59:55,46246.468750,B0DB8AF16E20,0003,male,C57BL/6,1.1.1,FR1,0,Left,374,384,97,14,0,0,,,,,,,,,,,,,,,,,
2026-07-17 03:59:59,46250.402344,B0DB8AF16E20,0003,male,C57BL/6,1.1.1,FR1,0,PelletDrop,375,384,97,14,0,0,,,,,,,,,,,,,,,,,
2026-07-17 04:00:04,46255.542969,B0DB8AF16E20,0003,male,C57BL/6,1.1.1,FR1,0,PelletTaken,375,384,97,14,0,0,4.581,61.000,0,1,,,,,,,,,,,,,
2026-07-17 04:02:38,46409.933594,B0DB8AF16E20,0003,male,C57BL/6,1.1.1,FR1,0,Status,375,384,97,14,0,0,,,,,Disabled,25.0,43.4,996.6,15.7,0.000,0.000,247724,339964,181376,9805,4.12,93.23
2026-07-17 04:05:24,46576.539062,B0DB8AF16E20,0003,male,C57BL/6,1.1.1,FR1,0,Left,375,385,97,14,0,0,,,,,,,,,,,,,,,,,
2026-07-17 04:05:27,46579.351562,B0DB8AF16E20,0003,male,C57BL/6,1.1.1,FR1,0,PelletDrop,376,385,97,14,0,0,,,,,,,,,,,,,,,,,
2026-07-17 04:05:28,46580.503906,B0DB8AF16E20,0003,male,C57BL/6,1.1.1,FR1,0,PelletNotDetected,376,385,97,14,0,0,,,,,,,,,,,,,,,,,
2026-07-17 04:10:20,46872.515625,B0DB8AF16E20,0003,male,C57BL/6,1.1.1,FR1,0,Left,376,386,97,14,0,0,,,,,,,,,,,,,,,,,
2026-07-17 04:10:29,46881.683594,B0DB8AF16E20,0003,male,C57BL/6,1.1.1,FR1,0,PelletDrop,377,386,97,14,0,0,,,,,,,,,,,,,,,,,
2026-07-17 04:10:35,46887.945312,B0DB8AF16E20,0003,male,C57BL/6,1.1.1,FR1,0,PelletTaken,377,386,97,14,0,0,5.703,13.000,0,4,,,,,,,,,,,,,
2026-07-17 04:13:21,47053.730469,B0DB8AF16E20,0003,male,C57BL/6,1.1.1,FR1,0,Status,377,386,97,14,0,0,,,,,Disabled,25.0,43.5,996.6,15.7,0.000,0.000,247724,339964,181372,9938,4.12,93.07
2026-07-17 04:14:26,47119.429688,B0DB8AF16E20,0003,male,C57BL/6,1.1.1,FR1,0,Center,377,386,97,15,0,0,,,,,,,,,,,,,,,,,
2026-07-17 04:14:29,47121.507812,B0DB8AF16E20,0003,male,C57BL/6,1.1.1,FR1,0,Left,377,387,97,15,0,0,,,,,,,,,,,,,,,,,
2026-07-17 04:14:32,47125.390625,B0DB8AF16E20,0003,male,C57BL/6,1.1.1,FR1,0,PelletDrop,378,387,97,15,0,0,,,,,,,,,,,,,,,,,
2026-07-17 04:14:33,47126.406250,B0DB8AF16E20,0003,male,C57BL/6,1.1.1,FR1,0,PelletTaken,378,387,97,15,0,0,0.455,11.000,0,1,,,,,,,,,,,,,
2026-07-17 04:15:57,47209.867188,B0DB8AF16E20,0003,male,C57BL/6,1.1.1,FR1,0,Left,378,388,97,15,0,0,,,,,,,,,,,,,,,,,
2026-07-17 04:16:00,47212.679688,B0DB8AF16E20,0003,male,C57BL/6,1.1.1,FR1,0,PelletDrop,379,388,97,15,0,0,,,,,,,,,,,,,,,,,
2026-07-17 04:16:01,47213.832031,B0DB8AF16E20,0003,male,C57BL/6,1.1.1,FR1,0,PelletNotDetected,379,388,97,15,0,0,,,,,,,,,,,,,,,,,
2026-07-17 04:16:21,47234.441406,B0DB8AF16E20,0003,male,C57BL/6,1.1.1,FR1,0,Left,379,389,97,15,0,0,,,,,,,,,,,,,,,,,
2026-07-17 04:16:24,47237.218750,B0DB8AF16E20,0003,male,C57BL/6,1.1.1,FR1,0,PelletDrop,380,389,97,15,0,0,,,,,,,,,,,,,,,,,
2026-07-17 04:16:25,47238.242188,B0DB8AF16E20,0003,male,C57BL/6,1.1.1,FR1,0,PelletTaken,380,389,97,15,0,0,0.467,22.000,0,2,,,,,,,,,,,,,
2026-07-17 04:24:02,47695.464844,B0DB8AF16E20,0003,male,C57BL/6,1.1.1,FR1,0,Status,380,389,97,15,0,0,,,,,Disabled,25.0,43.7,996.6,15.6,0.000,0.000,247724,339964,181372,10074,4.12,92.91
2026-07-17 04:24:16,47709.820312,B0DB8AF16E20,0003,male,C57BL/6,1.1.1,FR1,0,Left,380,390,97,15,0,0,,,,,,,,,,,,,,,,,
2026-07-17 04:24:19,47712.632812,B0DB8AF16E20,0003,male,C57BL/6,1.1.1,FR1,0,PelletDrop,381,390,97,15,0,0,,,,,,,,,,,,,,,,,
2026-07-17 04:24:20,47713.367188,B0DB8AF16E20,0003,male,C57BL/6,1.1.1,FR1,0,PelletTaken,381,390,97,15,0,0,0.180,41.000,0,1,,,,,,,,,,,,,
2026-07-17 04:24:44,47738.011719,B0DB8AF16E20,0003,male,C57BL/6,1.1.1,FR1,0,Left,381,391,97,15,0,0,,,,,,,,,,,,,,,,,
2026-07-17 04:24:47,47740.839844,B0DB8AF16E20,0003,male,C57BL/6,1.1.1,FR1,0,PelletDrop,382,391,97,15,0,0,,,,,,,,,,,,,,,,,
2026-07-17 04:24:48,47741.863281,B0DB8AF16E20,0003,male,C57BL/6,1.1.1,FR1,0,PelletTaken,382,391,97,15,0,0,0.467,138.000,0,1,,,,,,,,,,,,,
2026-07-17 04:33:37,48270.718750,B0DB8AF16E20,0003,male,C57BL/6,1.1.1,FR1,0,Left,382,392,97,15,0,0,,,,,,,,,,,,,,,,,
2026-07-17 04:33:39,48273.527344,B0DB8AF16E20,0003,male,C57BL/6,1.1.1,FR1,0,PelletDrop,383,392,97,15,0,0,,,,,,,,,,,,,,,,,
2026-07-17 04:33:41,48274.867188,B0DB8AF16E20,0003,male,C57BL/6,1.1.1,FR1,0,PelletTaken,383,392,97,15,0,0,0.764,177.000,0,1,,,,,,,,,,,,,
2026-07-17 04:34:48,48341.164062,B0DB8AF16E20,0003,male,C57BL/6,1.1.1,FR1,0,Status,383,392,97,15,0,0,,,,,Disabled,25.0,43.7,996.7,15.7,0.000,0.000,247724,339964,181372,10209,4.12,92.91
2026-07-17 04:36:01,48415.019531,B0DB8AF16E20,0003,male,C57BL/6,1.1.1,FR1,0,Right,383,392,98,15,0,0,,,,,,,,,,,,,,,,,
2026-07-17 04:36:04,48417.800781,B0DB8AF16E20,0003,male,C57BL/6,1.1.1,FR1,0,Left,383,393,98,15,0,0,,,,,,,,,,,,,,,,,
2026-07-17 04:36:09,48422.800781,B0DB8AF16E20,0003,male,C57BL/6,1.1.1,FR1,0,PelletDrop,384,393,98,15,0,0,,,,,,,,,,,,,,,,,
2026-07-17 04:36:17,48430.324219,B0DB8AF16E20,0003,male,C57BL/6,1.1.1,FR1,0,PelletTaken,384,393,98,15,0,0,6.968,71.000,0,2,,,,,,,,,,,,,
2026-07-17 04:39:47,48641.101562,B0DB8AF16E20,0003,male,C57BL/6,1.1.1,FR1,0,Left,384,394,98,15,0,0,,,,,,,,,,,,,,,,,
2026-07-17 04:39:52,48646.132812,B0DB8AF16E20,0003,male,C57BL/6,1.1.1,FR1,0,PelletDrop,385,394,98,15,0,0,,,,,,,,,,,,,,,,,
2026-07-17 04:40:03,48657.445312,B0DB8AF16E20,0003,male,C57BL/6,1.1.1,FR1,0,PelletTaken,385,394,98,15,0,0,10.740,842.000,0,2,,,,,,,,,,,,,
2026-07-17 04:40:45,48699.378906,B0DB8AF16E20,0003,male,C57BL/6,1.1.1,FR1,0,Left,385,395,98,15,0,0,,,,,,,,,,,,,,,,,
2026-07-17 04:40:48,48702.191406,B0DB8AF16E20,0003,male,C57BL/6,1.1.1,FR1,0,PelletDrop,386,395,98,15,0,0,,,,,,,,,,,,,,,,,
2026-07-17 04:40:58,48712.234375,B0DB8AF16E20,0003,male,C57BL/6,1.1.1,FR1,0,PelletTaken,386,395,98,15,0,0,9.486,624.000,0,1,,,,,,,,,,,,,
2026-07-17 04:44:10,48904.664062,B0DB8AF16E20,0003,male,C57BL/6,1.1.1,FR1,0,Left,386,396,98,15,0,0,,,,,,,,,,,,,,,,,
2026-07-17 04:44:13,48907.476562,B0DB8AF16E20,0003,male,C57BL/6,1.1.1,FR1,0,PelletDrop,387,396,98,15,0,0,,,,,,,,,,,,,,,,,
2026-07-17 04:44:31,48924.968750,B0DB8AF16E20,0003,male,C57BL/6,1.1.1,FR1,0,PelletTaken,387,396,98,15,0,0,16.933,11.000,0,1,,,,,,,,,,,,,
2026-07-17 04:45:30,48984.847656,B0DB8AF16E20,0003,male,C57BL/6,1.1.1,FR1,0,Status,387,396,98,15,0,0,,,,,Disabled,25.1,43.5,996.7,15.7,0.000,0.000,247724,339964,181372,10332,4.12,92.60
2026-07-17 04:56:15,49630.562500,B0DB8AF16E20,0003,male,C57BL/6,1.1.1,FR1,0,Status,387,396,98,15,0,0,,,,,Disabled,25.1,43.7,996.7,15.8,0.000,0.000,247724,339964,181372,10469,4.12,92.60
2026-07-17 04:57:53,49729.121094,B0DB8AF16E20,0003,male,C57BL/6,1.1.1,FR1,0,Left,387,397,98,15,0,0,,,,,,,,,,,,,,,,,
2026-07-17 04:57:56,49731.933594,B0DB8AF16E20,0003,male,C57BL/6,1.1.1,FR1,0,PelletDrop,388,397,98,15,0,0,,,,,,,,,,,,,,,,,
2026-07-17 04:57:57,49733.222656,B0DB8AF16E20,0003,male,C57BL/6,1.1.1,FR1,0,PelletTaken,388,397,98,15,0,0,0.279,187.000,0,1,,,,,,,,,,,,,
2026-07-17 05:07:01,50277.269531,B0DB8AF16E20,0003,male,C57BL/6,1.1.1,FR1,0,Status,388,397,98,15,0,0,,,,,Disabled,25.1,43.5,996.7,15.9,0.000,0.000,247724,339964,181372,10605,4.12,92.44
2026-07-17 05:17:47,50924.019531,B0DB8AF16E20,0003,male,C57BL/6,1.1.1,FR1,0,Status,388,397,98,15,0,0,,,,,Disabled,25.0,43.4,996.7,15.9,0.000,0.000,247724,339964,181372,10742,4.11,92.28
2026-07-17 05:28:33,51570.664062,B0DB8AF16E20,0003,male,C57BL/6,1.1.1,FR1,0,Status,388,397,98,15,0,0,,,,,Disabled,25.0,43.3,996.8,15.9,0.000,0.000,247724,339964,181372,10879,4.13,92.28
2026-07-17 05:39:23,52220.449219,B0DB8AF16E20,0003,male,C57BL/6,1.1.1,FR1,0,Status,388,397,98,15,0,0,,,,,Disabled,25.0,43.2,996.9,16.0,0.000,0.000,247724,339964,181372,11016,4.11,92.12
2026-07-17 05:50:03,52862.101562,B0DB8AF16E20,0003,male,C57BL/6,1.1.1,FR1,0,Status,388,397,98,15,0,0,,,,,Disabled,24.9,43.3,997.0,16.2,0.000,0.000,247724,339964,181372,11153,4.11,91.96
2026-07-17 06:00:25,53484.933594,B0DB8AF16E20,0003,male,C57BL/6,1.1.1,FR1,0,Status,388,397,98,15,0,0,,,,,Disabled,24.8,43.6,997.0,16.2,0.000,0.000,247724,339964,181372,11290,4.12,91.96
2026-07-17 06:10:58,54118.179688,B0DB8AF16E20,0003,male,C57BL/6,1.1.1,FR1,0,Status,388,397,98,15,0,0,,,,,Disabled,24.8,43.3,997.1,16.3,0.000,0.000,247724,339964,181372,11427,4.12,91.80
2026-07-17 06:21:34,54754.421875,B0DB8AF16E20,0003,male,C57BL/6,1.1.1,FR1,0,Status,388,397,98,15,0,0,,,,,Disabled,24.8,43.2,997.1,16.3,0.000,0.000,247724,339964,181372,11564,4.11,91.80
2026-07-17 06:32:07,55389.117188,B0DB8AF16E20,0003,male,C57BL/6,1.1.1,FR1,0,Status,388,397,98,15,0,0,,,,,Disabled,24.8,43.0,997.2,16.4,0.000,0.000,247724,339964,181372,11701,4.11,91.65
2026-07-17 06:36:41,55663.597656,B0DB8AF16E20,0003,male,C57BL/6,1.1.1,FR1,0,Left,388,398,98,15,0,0,,,,,,,,,,,,,,,,,
2026-07-17 06:36:46,55668.625000,B0DB8AF16E20,0003,male,C57BL/6,1.1.1,FR1,0,PelletDrop,389,398,98,15,0,0,,,,,,,,,,,,,,,,,
2026-07-17 06:37:03,55685.449219,B0DB8AF16E20,0003,male,C57BL/6,1.1.1,FR1,0,PelletTaken,389,398,98,15,0,0,16.252,128.000,0,2,,,,,,,,,,,,,
2026-07-17 06:37:38,55720.750000,B0DB8AF16E20,0003,male,C57BL/6,1.1.1,FR1,0,Left,389,399,98,15,0,0,,,,,,,,,,,,,,,,,
2026-07-17 06:37:43,55725.781250,B0DB8AF16E20,0003,male,C57BL/6,1.1.1,FR1,0,PelletDrop,390,399,98,15,0,0,,,,,,,,,,,,,,,,,
2026-07-17 06:37:59,55741.953125,B0DB8AF16E20,0003,male,C57BL/6,1.1.1,FR1,0,PelletTaken,390,399,98,15,0,0,15.614,41.000,0,2,,,,,,,,,,,,,
2026-07-17 06:42:38,56020.769531,B0DB8AF16E20,0003,male,C57BL/6,1.1.1,FR1,0,Status,390,399,98,15,0,0,,,,,Disabled,24.8,43.1,997.2,16.4,0.000,0.000,247724,339964,181372,11828,4.11,91.49
2026-07-17 06:44:28,56131.261719,B0DB8AF16E20,0003,male,C57BL/6,1.1.1,FR1,0,Left,390,400,98,15,0,0,,,,,,,,,,,,,,,,,
2026-07-17 06:44:31,56134.070312,B0DB8AF16E20,0003,male,C57BL/6,1.1.1,FR1,0,PelletDrop,391,400,98,15,0,0,,,,,,,,,,,,,,,,,
2026-07-17 06:44:32,56135.222656,B0DB8AF16E20,0003,male,C57BL/6,1.1.1,FR1,0,PelletNotDetected,391,400,98,15,0,0,,,,,,,,,,,,,,,,,
2026-07-17 06:45:00,56162.933594,B0DB8AF16E20,0003,male,C57BL/6,1.1.1,FR1,0,Left,391,401,98,15,0,0,,,,,,,,,,,,,,,,,
2026-07-17 06:45:05,56167.925781,B0DB8AF16E20,0003,male,C57BL/6,1.1.1,FR1,0,PelletDrop,392,401,98,15,0,0,,,,,,,,,,,,,,,,,
2026-07-17 06:45:15,56178.050781,B0DB8AF16E20,0003,male,C57BL/6,1.1.1,FR1,0,PelletTaken,392,401,98,15,0,0,9.564,410.000,0,3,,,,,,,,,,,,,
2026-07-17 06:53:10,56653.738281,B0DB8AF16E20,0003,male,C57BL/6,1.1.1,FR1,0,Status,392,401,98,15,0,0,,,,,Disabled,24.8,43.9,997.3,16.2,0.000,0.000,247724,339964,181372,11961,4.11,91.33
2026-07-17 06:54:30,56733.761719,B0DB8AF16E20,0003,male,C57BL/6,1.1.1,FR1,0,Left,392,402,98,15,0,0,,,,,,,,,,,,,,,,,
2026-07-17 06:54:33,56736.574219,B0DB8AF16E20,0003,male,C57BL/6,1.1.1,FR1,0,PelletDrop,393,402,98,15,0,0,,,,,,,,,,,,,,,,,
2026-07-17 06:54:42,56745.156250,B0DB8AF16E20,0003,male,C57BL/6,1.1.1,FR1,0,PelletTaken,393,402,98,15,0,0,8.024,225.000,0,1,,,,,,,,,,,,,
2026-07-17 06:55:11,56774.824219,B0DB8AF16E20,0003,male,C57BL/6,1.1.1,FR1,0,Left,393,403,98,15,0,0,,,,,,,,,,,,,,,,,
2026-07-17 06:55:14,56777.636719,B0DB8AF16E20,0003,male,C57BL/6,1.1.1,FR1,0,PelletDrop,394,403,98,15,0,0,,,,,,,,,,,,,,,,,
2026-07-17 06:55:17,56780.632812,B0DB8AF16E20,0003,male,C57BL/6,1.1.1,FR1,0,PelletTaken,394,403,98,15,0,0,2.436,22.000,0,1,,,,,,,,,,,,,
2026-07-17 06:58:09,56952.777344,B0DB8AF16E20,0003,male,C57BL/6,1.1.1,FR1,0,Right,394,403,99,15,0,0,,,,,,,,,,,,,,,,,
2026-07-17 06:59:11,57015.265625,B0DB8AF16E20,0003,male,C57BL/6,1.1.1,FR1,0,Right,394,403,100,15,0,0,,,,,,,,,,,,,,,,,
2026-07-17 06:59:19,57023.375000,B0DB8AF16E20,0003,male,C57BL/6,1.1.1,FR1,0,Left,394,404,100,15,0,0,,,,,,,,,,,,,,,,,
2026-07-17 06:59:22,57026.187500,B0DB8AF16E20,0003,male,C57BL/6,1.1.1,FR1,0,PelletDrop,395,404,100,15,0,0,,,,,,,,,,,,,,,,,
2026-07-17 06:59:32,57035.449219,B0DB8AF16E20,0003,male,C57BL/6,1.1.1,FR1,0,PelletTaken,395,404,100,15,0,0,8.706,40.000,0,1,,,,,,,,,,,,,
2026-07-17 07:03:55,57299.171875,B0DB8AF16E20,0003,male,C57BL/6,1.1.1,FR1,0,Status,395,404,100,15,0,0,,,,,Disabled,24.9,43.5,997.4,16.2,0.000,0.000,247724,339964,181372,12094,4.11,91.17
2026-07-17 07:11:15,57739.894531,B0DB8AF16E20,0003,male,C57BL/6,1.1.1,FR1,0,Right,395,404,101,15,0,0,,,,,,,,,,,,,,,,,
2026-07-17 07:11:20,57744.667969,B0DB8AF16E20,0003,male,C57BL/6,1.1.1,FR1,0,Left,395,405,101,15,0,0,,,,,,,,,,,,,,,,,
2026-07-17 07:11:23,57747.480469,B0DB8AF16E20,0003,male,C57BL/6,1.1.1,FR1,0,PelletDrop,396,405,101,15,0,0,,,,,,,,,,,,,,,,,
2026-07-17 07:11:24,57748.156250,B0DB8AF16E20,0003,male,C57BL/6,1.1.1,FR1,0,PelletTaken,396,405,101,15,0,0,0.104,99.000,0,1,,,,,,,,,,,,,
2026-07-17 07:11:42,57766.003906,B0DB8AF16E20,0003,male,C57BL/6,1.1.1,FR1,0,Left,396,406,101,15,0,0,,,,,,,,,,,,,,,,,
2026-07-17 07:11:47,57771.035156,B0DB8AF16E20,0003,male,C57BL/6,1.1.1,FR1,0,PelletDrop,397,406,101,15,0,0,,,,,,,,,,,,,,,,,
2026-07-17 07:11:56,57780.746094,B0DB8AF16E20,0003,male,C57BL/6,1.1.1,FR1,0,PelletTaken,397,406,101,15,0,0,9.157,12.000,0,2,,,,,,,,,,,,,
2026-07-17 07:12:21,57805.683594,B0DB8AF16E20,0003,male,C57BL/6,1.1.1,FR1,0,Left,397,407,101,15,0,0,,,,,,,,,,,,,,,,,
2026-07-17 07:12:24,57808.496094,B0DB8AF16E20,0003,male,C57BL/6,1.1.1,FR1,0,PelletDrop,398,407,101,15,0,0,,,,,,,,,,,,,,,,,
2026-07-17 07:12:25,57809.644531,B0DB8AF16E20,0003,male,C57BL/6,1.1.1,FR1,0,PelletNotDetected,398,407,101,15,0,0,,,,,,,,,,,,,,,,,
2026-07-17 07:14:26,57930.976562,B0DB8AF16E20,0003,male,C57BL/6,1.1.1,FR1,0,Status,398,407,101,15,0,0,,,,,Disabled,24.9,43.5,997.5,16.2,0.000,0.000,247724,339964,181372,12226,4.12,91.17
2026-07-17 07:22:02,58387.140625,B0DB8AF16E20,0003,male,C57BL/6,1.1.1,FR1,0,Left,398,408,101,15,0,0,,,,,,,,,,,,,,,,,
2026-07-17 07:22:05,58389.902344,B0DB8AF16E20,0003,male,C57BL/6,1.1.1,FR1,0,PelletDrop,399,408,101,15,0,0,,,,,,,,,,,,,,,,,
2026-07-17 07:22:05,58390.597656,B0DB8AF16E20,0003,male,C57BL/6,1.1.1,FR1,0,PelletTaken,399,408,101,15,0,0,0.136,11.000,0,2,,,,,,,,,,,,,
2026-07-17 07:24:59,58564.394531,B0DB8AF16E20,0003,male,C57BL/6,1.1.1,FR1,0,Status,399,408,101,15,0,0,,,,,Disabled,24.9,43.8,997.5,16.2,0.000,0.000,247724,339964,181372,12363,4.11,91.02
2026-07-17 07:26:57,58682.859375,B0DB8AF16E20,0003,male,C57BL/6,1.1.1,FR1,0,Right,399,408,102,15,0,0,,,,,,,,,,,,,,,,,
2026-07-17 07:27:53,58738.367188,B0DB8AF16E20,0003,male,C57BL/6,1.1.1,FR1,0,Left,399,409,102,15,0,0,,,,,,,,,,,,,,,,,
2026-07-17 07:27:56,58741.179688,B0DB8AF16E20,0003,male,C57BL/6,1.1.1,FR1,0,PelletDrop,400,409,102,15,0,0,,,,,,,,,,,,,,,,,
2026-07-17 07:27:58,58743.617188,B0DB8AF16E20,0003,male,C57BL/6,1.1.1,FR1,0,PelletTaken,400,409,102,15,0,0,1.863,11.000,0,1,,,,,,,,,,,,,
2026-07-17 07:35:42,59208.523438,B0DB8AF16E20,0003,male,C57BL/6,1.1.1,FR1,0,Status,400,409,102,15,0,0,,,,,Disabled,24.9,43.9,997.6,16.2,0.000,0.000,247724,339964,181372,12500,4.10,91.02
2026-07-17 07:46:19,59846.140625,B0DB8AF16E20,0003,male,C57BL/6,1.1.1,FR1,0,Status,400,409,102,15,0,0,,,,,Disabled,24.9,44.1,997.6,16.0,0.000,0.000,247724,339964,181372,12637,4.11,90.86
2026-07-17 07:56:51,60479.234375,B0DB8AF16E20,0003,male,C57BL/6,1.1.1,FR1,0,Status,400,409,102,15,0,0,,,,,Disabled,24.9,44.3,997.6,16.0,0.000,0.000,247724,339964,181372,12774,4.11,90.86
2026-07-17 08:07:23,61112.398438,B0DB8AF16E20,0003,male,C57BL/6,1.1.1,FR1,0,Status,400,409,102,15,0,0,,,,,Disabled,24.9,44.3,997.7,16.1,0.000,0.000,247724,339964,181372,12911,4.10,90.70
2026-07-17 08:17:56,61745.511719,B0DB8AF16E20,0003,male,C57BL/6,1.1.1,FR1,0,Status,400,409,102,15,0,0,,,,,Disabled,24.8,44.4,997.7,16.1,0.000,0.000,247724,339964,181372,13048,4.10,90.54
2026-07-17 08:28:28,62378.613281,B0DB8AF16E20,0003,male,C57BL/6,1.1.1,FR1,0,Status,400,409,102,15,0,0,,,,,Disabled,24.8,44.4,997.8,16.1,0.000,0.000,247724,339964,181372,13185,4.10,90.54
2026-07-17 08:39:13,63023.839844,B0DB8AF16E20,0003,male,C57BL/6,1.1.1,FR1,0,Status,400,409,102,15,0,0,,,,,Disabled,24.8,44.0,997.8,16.0,0.000,0.000,247724,339964,181372,13322,4.10,90.38
2026-07-17 08:49:46,63656.964844,B0DB8AF16E20,0003,male,C57BL/6,1.1.1,FR1,0,Status,400,409,102,15,0,0,,,,,Disabled,24.8,44.3,997.8,16.1,0.000,0.000,247724,339964,181372,13459,4.11,90.38
2026-07-17 09:00:21,64293.253906,B0DB8AF16E20,0003,male,C57BL/6,1.1.1,FR1,0,Status,400,409,102,15,0,0,,,,,Disabled,24.7,44.1,997.9,16.1,0.000,0.000,247724,339964,181372,13596,4.10,90.22
2026-07-17 09:11:03,64935.996094,B0DB8AF16E20,0003,male,C57BL/6,1.1.1,FR1,0,Status,400,409,102,15,0,0,,,,,Disabled,24.8,43.9,997.9,16.1,0.000,0.000,247724,339964,181372,13733,4.10,90.07
2026-07-17 09:21:36,65569.109375,B0DB8AF16E20,0003,male,C57BL/6,1.1.1,FR1,0,Status,400,409,102,15,0,0,,,,,Disabled,24.7,44.1,997.9,16.1,0.000,0.000,247724,339964,181372,13870,4.10,90.07
2026-07-17 09:32:18,66212.140625,B0DB8AF16E20,0003,male,C57BL/6,1.1.1,FR1,0,Left,400,410,102,15,0,0,,,,,,,,,,,,,,,,,
2026-07-17 09:32:23,66217.171875,B0DB8AF16E20,0003,male,C57BL/6,1.1.1,FR1,0,PelletDrop,401,410,102,15,0,0,,,,,,,,,,,,,,,,,
2026-07-17 09:32:36,66229.437500,B0DB8AF16E20,0003,male,C57BL/6,1.1.1,FR1,0,PelletTaken,401,410,102,15,0,0,11.709,22.000,0,2,,,,,,,,,,,,,
2026-07-17 09:32:43,66237.132812,B0DB8AF16E20,0003,male,C57BL/6,1.1.1,FR1,0,Status,401,410,102,15,0,0,,,,,Disabled,24.8,43.3,997.9,16.0,0.000,0.000,247724,339964,181372,14008,4.11,89.91
2026-07-17 09:34:34,66348.320312,B0DB8AF16E20,0003,male,C57BL/6,1.1.1,FR1,0,Left,401,411,102,15,0,0,,,,,,,,,,,,,,,,,
2026-07-17 09:34:39,66353.351562,B0DB8AF16E20,0003,male,C57BL/6,1.1.1,FR1,0,PelletDrop,402,411,102,15,0,0,,,,,,,,,,,,,,,,,
2026-07-17 09:34:51,66365.062500,B0DB8AF16E20,0003,male,C57BL/6,1.1.1,FR1,0,PelletTaken,402,411,102,15,0,0,11.148,13.000,0,2,,,,,,,,,,,,,
2026-07-17 09:42:55,66849.445312,B0DB8AF16E20,0003,male,C57BL/6,1.1.1,FR1,0,Status,402,411,102,15,0,0,,,,,Disabled,24.8,44.0,997.9,16.1,0.000,0.000,247724,339964,181372,14137,4.09,89.75
2026-07-17 09:49:49,67264.179688,B0DB8AF16E20,0003,male,C57BL/6,1.1.1,FR1,0,Center,402,411,102,16,0,0,,,,,,,,,,,,,,,,,
2026-07-17 09:50:24,67299.101562,B0DB8AF16E20,0003,male,C57BL/6,1.1.1,FR1,0,Left,402,412,102,16,0,0,,,,,,,,,,,,,,,,,
2026-07-17 09:50:27,67301.914062,B0DB8AF16E20,0003,male,C57BL/6,1.1.1,FR1,0,PelletDrop,403,412,102,16,0,0,,,,,,,,,,,,,,,,,
2026-07-17 09:50:30,67304.851562,B0DB8AF16E20,0003,male,C57BL/6,1.1.1,FR1,0,PelletTaken,403,412,102,16,0,0,2.369,195.000,0,1,,,,,,,,,,,,,
2026-07-17 09:53:41,67496.851562,B0DB8AF16E20,0003,male,C57BL/6,1.1.1,FR1,0,Status,403,412,102,16,0,0,,,,,Disabled,24.8,43.7,997.9,15.9,0.000,0.000,247724,339964,181372,14273,4.09,89.75
2026-07-17 09:56:22,67657.421875,B0DB8AF16E20,0003,male,C57BL/6,1.1.1,FR1,0,Right,403,412,103,16,0,0,,,,,,,,,,,,,,,,,
2026-07-17 09:56:24,67660.125000,B0DB8AF16E20,0003,male,C57BL/6,1.1.1,FR1,0,Left,403,413,103,16,0,0,,,,,,,,,,,,,,,,,
2026-07-17 09:56:32,67667.367188,B0DB8AF16E20,0003,male,C57BL/6,1.1.1,FR1,0,PelletDrop,404,413,103,16,0,0,,,,,,,,,,,,,,,,,
2026-07-17 09:56:44,67679.843750,B0DB8AF16E20,0003,male,C57BL/6,1.1.1,FR1,0,PelletTaken,404,413,103,16,0,0,11.918,274.000,0,3,,,,,,,,,,,,,
2026-07-17 09:57:16,67711.710938,B0DB8AF16E20,0003,male,C57BL/6,1.1.1,FR1,0,Left,404,414,103,16,0,0,,,,,,,,,,,,,,,,,
2026-07-17 09:57:21,67716.757812,B0DB8AF16E20,0003,male,C57BL/6,1.1.1,FR1,0,PelletDrop,405,414,103,16,0,0,,,,,,,,,,,,,,,,,
2026-07-17 09:57:30,67725.742188,B0DB8AF16E20,0003,male,C57BL/6,1.1.1,FR1,0,PelletTaken,405,414,103,16,0,0,8.431,11.000,0,2,,,,,,,,,,,,,
2026-07-17 10:04:15,68131.429688,B0DB8AF16E20,0003,male,C57BL/6,1.1.1,FR1,0,Status,405,414,103,16,0,0,,,,,Disabled,24.8,44.2,997.8,16.0,0.000,0.000,247724,339964,181372,14404,4.11,89.59
2026-07-17 10:05:21,68196.992188,B0DB8AF16E20,0003,male,C57BL/6,1.1.1,FR1,0,Left,405,415,103,16,0,0,,,,,,,,,,,,,,,,,
2026-07-17 10:05:23,68199.812500,B0DB8AF16E20,0003,male,C57BL/6,1.1.1,FR1,0,PelletDrop,406,415,103,16,0,0,,,,,,,,,,,,,,,,,
2026-07-17 10:05:24,68200.968750,B0DB8AF16E20,0003,male,C57BL/6,1.1.1,FR1,0,PelletNotDetected,406,415,103,16,0,0,,,,,,,,,,,,,,,,,
2026-07-17 10:14:54,68771.445312,B0DB8AF16E20,0003,male,C57BL/6,1.1.1,FR1,0,Status,406,415,103,16,0,0,,,,,Disabled,24.8,43.6,997.8,15.9,0.000,0.000,247724,339964,181372,14540,4.09,89.43
2026-07-17 10:25:27,69404.562500,B0DB8AF16E20,0003,male,C57BL/6,1.1.1,FR1,0,Status,406,415,103,16,0,0,,,,,Disabled,24.8,43.8,997.8,15.8,0.000,0.000,247724,339964,181372,14677,4.09,89.27
2026-07-17 10:36:03,70041.929688,B0DB8AF16E20,0003,male,C57BL/6,1.1.1,FR1,0,Status,406,415,103,16,0,0,,,,,Disabled,24.7,43.5,997.8,15.6,0.000,0.000,247724,339964,181372,14814,4.09,89.27
2026-07-17 10:46:35,70675.015625,B0DB8AF16E20,0003,male,C57BL/6,1.1.1,FR1,0,Status,406,415,103,16,0,0,,,,,Disabled,24.7,43.5,997.8,15.6,0.000,0.000,247724,339964,181372,14951,4.09,89.12
2026-07-17 10:57:20,71320.351562,B0DB8AF16E20,0003,male,C57BL/6,1.1.1,FR1,0,Status,406,415,103,16,0,0,,,,,Disabled,24.7,43.2,997.8,15.5,0.000,0.000,247724,339964,181372,15088,4.10,88.96
2026-07-17 11:07:53,71953.460938,B0DB8AF16E20,0003,male,C57BL/6,1.1.1,FR1,0,Status,406,415,103,16,0,0,,,,,Disabled,24.6,43.4,997.8,15.5,0.000,0.000,247724,339964,181372,15225,4.09,88.96
2026-07-17 11:18:35,72597.046875,B0DB8AF16E20,0003,male,C57BL/6,1.1.1,FR1,0,Status,406,415,103,16,0,0,,,,,Disabled,24.6,43.1,997.9,15.4,0.000,0.000,247724,339964,181372,15362,4.09,88.80
2026-07-17 11:23:48,72910.234375,B0DB8AF16E20,0003,male,C57BL/6,1.1.1,FR1,0,Left,406,416,103,16,0,0,,,,,,,,,,,,,,,,,
2026-07-17 11:23:53,72915.218750,B0DB8AF16E20,0003,male,C57BL/6,1.1.1,FR1,0,PelletDrop,407,416,103,16,0,0,,,,,,,,,,,,,,,,,
2026-07-17 11:24:08,72930.828125,B0DB8AF16E20,0003,male,C57BL/6,1.1.1,FR1,0,PelletTaken,407,416,103,16,0,0,15.053,224.000,0,3,,,,,,,,,,,,,
2026-07-17 11:29:09,73231.500000,B0DB8AF16E20,0003,male,C57BL/6,1.1.1,FR1,0,Status,407,416,103,16,0,0,,,,,Disabled,24.6,43.6,997.8,15.3,0.000,0.000,247724,339964,181372,15495,4.09,88.80
2026-07-17 11:30:27,73309.625000,B0DB8AF16E20,0003,male,C57BL/6,1.1.1,FR1,0,Right,407,416,104,16,0,0,,,,,,,,,,,,,,,,,
2026-07-17 11:33:26,73489.328125,B0DB8AF16E20,0003,male,C57BL/6,1.1.1,FR1,0,Right,407,416,105,16,0,0,,,,,,,,,,,,,,,,,
2026-07-17 11:39:47,73870.398438,B0DB8AF16E20,0003,male,C57BL/6,1.1.1,FR1,0,Status,407,416,105,16,0,0,,,,,Disabled,24.6,43.5,997.8,15.3,0.000,0.000,247724,339964,181372,15632,4.10,88.64
2026-07-17 11:50:19,74503.515625,B0DB8AF16E20,0003,male,C57BL/6,1.1.1,FR1,0,Status,407,416,105,16,0,0,,,,,Disabled,24.6,43.5,997.8,15.3,0.000,0.000,247724,339964,181372,15769,4.10,88.50
2026-07-17 12:01:05,75149.812500,B0DB8AF16E20,0003,male,C57BL/6,1.1.1,FR1,0,Status,407,416,105,16,0,0,,,,,Disabled,24.7,43.0,997.7,15.3,0.000,0.000,247724,339964,181372,15906,4.09,88.50
2026-07-17 12:11:38,75782.945312,B0DB8AF16E20,0003,male,C57BL/6,1.1.1,FR1,0,Status,407,416,105,16,0,0,,,,,Disabled,24.7,43.2,997.7,15.3,0.000,0.000,247724,339964,181372,16043,4.09,88.36
2026-07-17 12:22:16,76422.289062,B0DB8AF16E20,0003,male,C57BL/6,1.1.1,FR1,0,Status,407,416,105,16,0,0,,,,,Disabled,24.7,42.9,997.6,15.4,0.000,0.000,247724,339964,181372,16180,4.09,88.21
2026-07-17 12:33:01,77068.031250,B0DB8AF16E20,0003,male,C57BL/6,1.1.1,FR1,0,Status,407,416,105,16,0,0,,,,,Disabled,24.7,42.7,997.5,15.3,0.000,0.000,247724,339964,181372,16317,4.08,88.21
2026-07-17 12:43:34,77701.195312,B0DB8AF16E20,0003,male,C57BL/6,1.1.1,FR1,0,Status,407,416,105,16,0,0,,,,,Disabled,24.6,43.1,997.6,15.4,0.000,0.000,247724,339964,181372,16454,4.08,88.07
2026-07-17 12:54:36,78364.539062,B0DB8AF16E20,0003,male,C57BL/6,1.1.1,FR1,0,Status,407,416,105,16,0,0,,,,,Disabled,24.7,42.3,997.6,15.3,0.000,0.000,247724,339964,181372,16591,4.08,87.93
2026-07-17 13:05:08,78997.320312,B0DB8AF16E20,0003,male,C57BL/6,1.1.1,FR1,0,Status,407,416,105,16,0,0,,,,,Disabled,24.4,45.4,997.5,15.5,2.578,932.000,247724,339964,181372,16728,4.08,87.93
