DateTime,ElapsedSeconds,ESP32_UID,MouseID,Sex,Strain,LibraryVer,Program,FR,Event,PelletCount,LeftCount,RightCount,CenterCount,BlockPelletCount,BlockPokeCount,RetrievalTime,PokeDuration,DispenseError,MotorTurns,Motion,Temperature,Humidity,Pressure,GasResistance,Lux,White,FreeHeap,HeapSize,MinFreeHeap,WakeCount,BatteryVoltage,BatteryPercent
2026-07-14 12:24:07,57.105999,B8DB8AF16E20,0002,male,C57BL/6,1.1.1,FR1,0,Startup,0,0,0,0,0,0,,,,,0.0,23.8,44.2,1018.3,14.9,33.199,14802.000,246300,339964,244156,0,4.13,94.18
2026-07-14 12:24:30,80.196999,B8DB8AF16E20,0002,male,C57BL/6,1.1.1,FR1,0,Left,0,1,0,0,0,0,,,,,,,,,,,,,,,,,
2026-07-14 12:24:38,87.697998,B8DB8AF16E20,0002,male,C57BL/6,1.1.1,FR1,0,PelletDrop,1,1,0,0,0,0,,,,,,,,,,,,,,,,,
2026-07-14 12:24:59,108.511002,B8DB8AF16E20,0002,male,C57BL/6,1.1.1,FR1,0,PelletTaken,1,1,0,0,0,0,TimedOut,112.000,0,3,,,,,,,,,,,,,
2026-07-14 12:27:54,283.791992,B8DB8AF16E20,0002,male,C57BL/6,1.1.1,FR1,0,Left,1,2,0,0,0,0,,,,,,,,,,,,,,,,,
2026-07-14 12:28:10,299.917999,B8DB8AF16E20,0002,male,C57BL/6,1.1.1,FR1,0,PelletDrop,2,2,0,0,0,0,,,,,,,,,,,,,,,,,
2026-07-14 12:28:31,320.735992,B8DB8AF16E20,0002,male,C57BL/6,1.1.1,FR1,0,PelletTaken,2,2,0,0,0,0,TimedOut,211.000,0,6,,,,,,,,,,,,,
2026-07-14 12:33:13,603.471985,B8DB8AF16E20,0002,male,C57BL/6,1.1.1,FR1,0,Status,2,2,0,0,0,0,,,,,Disabled,24.0,42.5,1018.2,14.3,7.117,2839.000,247264,339964,244156,109,4.07,91.96
2026-07-14 12:43:16,1206.439941,B8DB8AF16E20,0002,male,C57BL/6,1.1.1,FR1,0,Status,2,2,0,0,0,0,,,,,Disabled,23.9,43.1,1018.2,14.0,4.248,1430.000,249104,339964,187548,239,4.08,90.07
2026-07-14 12:54:31,1693.110962,B8DB8AF16E20,0002,male,C57BL/6,1.1.1,FR1,0,Right,2,2,1,0,0,0,,,,,,,,,,,,,,,,,
2026-07-14 12:56:28,1810.415039,B8DB8AF16E20,0002,male,C57BL/6,1.1.1,FR1,0,Status,2,2,1,0,0,0,,,,,Disabled,23.9,44.2,1018.2,13.7,0.050,36.000,247920,339964,180372,368,4.07,88.64
2026-07-14 13:06:12,2394.788086,B8DB8AF16E20,0002,male,C57BL/6,1.1.1,FR1,0,Right,2,2,2,0,0,0,,,,,,,,,,,,,,,,,
2026-07-14 13:06:29,2411.483887,B8DB8AF16E20,0002,male,C57BL/6,1.1.1,FR1,0,Status,2,2,2,0,0,0,,,,,Disabled,23.9,44.1,1018.2,13.7,0.043,36.000,247920,339964,180372,498,4.07,87.78
2026-07-14 13:16:31,3014.427979,B8DB8AF16E20,0002,male,C57BL/6,1.1.1,FR1,0,Status,2,2,2,0,0,0,,,,,Disabled,23.9,43.9,1018.1,13.6,0.054,38.000,247920,339964,180372,628,4.07,87.06
2026-07-14 13:21:51,3334.636963,B8DB8AF16E20,0002,male,C57BL/6,1.1.1,FR1,0,Right,2,2,3,0,0,0,,,,,,,,,,,,,,,,,
2026-07-14 13:21:56,3339.908936,B8DB8AF16E20,0002,male,C57BL/6,1.1.1,FR1,0,Center,2,2,3,1,0,0,,,,,,,,,,,,,,,,,
2026-07-14 13:22:07,3351.008057,B8DB8AF16E20,0002,male,C57BL/6,1.1.1,FR1,0,Left,2,3,3,1,0,0,,,,,,,,,,,,,,,,,
2026-07-14 13:22:15,3358.509033,B8DB8AF16E20,0002,male,C57BL/6,1.1.1,FR1,0,PelletDrop,3,3,3,1,0,0,,,,,,,,,,,,,,,,,
2026-07-14 13:22:24,3368.101074,B8DB8AF16E20,0002,male,C57BL/6,1.1.1,FR1,0,PelletTaken,3,3,3,1,0,0,8.782,12.000,0,3,,,,,,,,,,,,,
2026-07-14 13:23:08,3411.354004,B8DB8AF16E20,0002,male,C57BL/6,1.1.1,FR1,0,Left,3,4,3,1,0,0,,,,,,,,,,,,,,,,,
2026-07-14 13:23:13,3416.652100,B8DB8AF16E20,0002,male,C57BL/6,1.1.1,FR1,0,PelletDrop,4,4,3,1,0,0,,,,,,,,,,,,,,,,,
2026-07-14 13:23:34,3437.454102,B8DB8AF16E20,0002,male,C57BL/6,1.1.1,FR1,0,PelletTaken,4,4,3,1,0,0,TimedOut,133.000,0,2,,,,,,,,,,,,,
2026-07-14 13:24:36,3500.227051,B8DB8AF16E20,0002,male,C57BL/6,1.1.1,FR1,0,Left,4,5,3,1,0,0,,,,,,,,,,,,,,,,,
2026-07-14 13:24:42,3505.510010,B8DB8AF16E20,0002,male,C57BL/6,1.1.1,FR1,0,PelletDrop,5,5,3,1,0,0,,,,,,,,,,,,,,,,,
2026-07-14 13:24:48,3511.438965,B8DB8AF16E20,0002,male,C57BL/6,1.1.1,FR1,0,PelletTaken,5,5,3,1,0,0,5.119,12.000,0,2,,,,,,,,,,,,,
2026-07-14 13:25:14,3538.302002,B8DB8AF16E20,0002,male,C57BL/6,1.1.1,FR1,0,Left,5,6,3,1,0,0,,,,,,,,,,,,,,,,,
2026-07-14 13:25:22,3545.802979,B8DB8AF16E20,0002,male,C57BL/6,1.1.1,FR1,0,PelletDrop,6,6,3,1,0,0,,,,,,,,,,,,,,,,,
2026-07-14 13:25:33,3557.277100,B8DB8AF16E20,0002,male,C57BL/6,1.1.1,FR1,0,PelletTaken,6,6,3,1,0,0,10.663,209.000,0,3,,,,,,,,,,,,,
2026-07-14 13:26:07,3590.879883,B8DB8AF16E20,0002,male,C57BL/6,1.1.1,FR1,0,Left,6,7,3,1,0,0,,,,,,,,,,,,,,,,,
2026-07-14 13:26:12,3596.177979,B8DB8AF16E20,0002,male,C57BL/6,1.1.1,FR1,0,PelletDrop,7,7,3,1,0,0,,,,,,,,,,,,,,,,,
2026-07-14 13:26:19,3603.163086,B8DB8AF16E20,0002,male,C57BL/6,1.1.1,FR1,0,PelletTaken,7,7,3,1,0,0,6.175,143.000,0,2,,,,,,,,,,,,,
2026-07-14 13:26:32,3615.487061,B8DB8AF16E20,0002,male,C57BL/6,1.1.1,FR1,0,Status,7,7,3,1,0,0,,,,,Disabled,24.0,43.1,1018.0,13.6,0.036,30.000,247920,339964,180372,741,4.07,86.34
2026-07-14 13:26:37,3620.616943,B8DB8AF16E20,0002,male,C57BL/6,1.1.1,FR1,0,Left,7,8,3,1,0,0,,,,,,,,,,,,,,,,,
2026-07-14 13:26:42,3625.914062,B8DB8AF16E20,0002,male,C57BL/6,1.1.1,FR1,0,PelletDrop,8,8,3,1,0,0,,,,,,,,,,,,,,,,,
2026-07-14 13:26:52,3636.012939,B8DB8AF16E20,0002,male,C57BL/6,1.1.1,FR1,0,PelletTaken,8,8,3,1,0,0,9.288,181.000,0,2,,,,,,,,,,,,,
2026-07-14 13:27:16,3659.479004,B8DB8AF16E20,0002,male,C57BL/6,1.1.1,FR1,0,Left,8,9,3,1,0,0,,,,,,,,,,,,,,,,,
2026-07-14 13:27:23,3666.979004,B8DB8AF16E20,0002,male,C57BL/6,1.1.1,FR1,0,PelletDrop,9,9,3,1,0,0,,,,,,,,,,,,,,,,,
2026-07-14 13:27:31,3674.476074,B8DB8AF16E20,0002,male,C57BL/6,1.1.1,FR1,0,PelletTaken,9,9,3,1,0,0,6.671,181.000,0,3,,,,,,,,,,,,,
2026-07-14 13:28:05,3709.313965,B8DB8AF16E20,0002,male,C57BL/6,1.1.1,FR1,0,Left,9,10,3,1,0,0,,,,,,,,,,,,,,,,,
2026-07-14 13:28:11,3714.596924,B8DB8AF16E20,0002,male,C57BL/6,1.1.1,FR1,0,PelletDrop,10,10,3,1,0,0,,,,,,,,,,,,,,,,,
2026-07-14 13:28:20,3724.056885,B8DB8AF16E20,0002,male,C57BL/6,1.1.1,FR1,0,PelletTaken,10,10,3,1,0,0,8.650,180.000,0,2,,,,,,,,,,,,,
2026-07-14 13:28:45,3749.443115,B8DB8AF16E20,0002,male,C57BL/6,1.1.1,FR1,0,Left,10,11,3,1,0,0,,,,,,,,,,,,,,,,,
2026-07-14 13:28:51,3754.726074,B8DB8AF16E20,0002,male,C57BL/6,1.1.1,FR1,0,PelletDrop,11,11,3,1,0,0,,,,,,,,,,,,,,,,,
2026-07-14 13:29:01,3764.691895,B8DB8AF16E20,0002,male,C57BL/6,1.1.1,FR1,0,PelletTaken,11,11,3,1,0,0,9.156,171.000,0,2,,,,,,,,,,,,,
2026-07-14 13:29:56,3819.937012,B8DB8AF16E20,0002,male,C57BL/6,1.1.1,FR1,0,Left,11,12,3,1,0,0,,,,,,,,,,,,,,,,,
2026-07-14 13:30:01,3825.235107,B8DB8AF16E20,0002,male,C57BL/6,1.1.1,FR1,0,PelletDrop,12,12,3,1,0,0,,,,,,,,,,,,,,,,,
2026-07-14 13:30:10,3833.858887,B8DB8AF16E20,0002,male,C57BL/6,1.1.1,FR1,0,PelletTaken,12,12,3,1,0,0,7.814,755.000,0,2,,,,,,,,,,,,,
2026-07-14 13:30:34,3858.290039,B8DB8AF16E20,0002,male,C57BL/6,1.1.1,FR1,0,Left,12,13,3,1,0,0,,,,,,,,,,,,,,,,,
2026-07-14 13:30:40,3863.572998,B8DB8AF16E20,0002,male,C57BL/6,1.1.1,FR1,0,PelletDrop,13,13,3,1,0,0,,,,,,,,,,,,,,,,,
2026-07-14 13:30:49,3873.193115,B8DB8AF16E20,0002,male,C57BL/6,1.1.1,FR1,0,PelletTaken,13,13,3,1,0,0,8.794,388.000,0,2,,,,,,,,,,,,,
2026-07-14 13:31:13,3897.518066,B8DB8AF16E20,0002,male,C57BL/6,1.1.1,FR1,0,Left,13,14,3,1,0,0,,,,,,,,,,,,,,,,,
2026-07-14 13:31:19,3902.800049,B8DB8AF16E20,0002,male,C57BL/6,1.1.1,FR1,0,PelletDrop,14,14,3,1,0,0,,,,,,,,,,,,,,,,,
2026-07-14 13:31:29,3912.756104,B8DB8AF16E20,0002,male,C57BL/6,1.1.1,FR1,0,PelletTaken,14,14,3,1,0,0,9.145,144.000,0,2,,,,,,,,,,,,,
2026-07-14 13:32:00,3944.458984,B8DB8AF16E20,0002,male,C57BL/6,1.1.1,FR1,0,Left,14,15,3,1,0,0,,,,,,,,,,,,,,,,,
2026-07-14 13:32:06,3949.741943,B8DB8AF16E20,0002,male,C57BL/6,1.1.1,FR1,0,PelletDrop,15,15,3,1,0,0,,,,,,,,,,,,,,,,,
2026-07-14 13:32:18,3961.809082,B8DB8AF16E20,0002,male,C57BL/6,1.1.1,FR1,0,PelletTaken,15,15,3,1,0,0,11.257,500.000,0,2,,,,,,,,,,,,,
2026-07-14 13:32:51,3994.761963,B8DB8AF16E20,0002,male,C57BL/6,1.1.1,FR1,0,Left,15,16,3,1,0,0,,,,,,,,,,,,,,,,,
2026-07-14 13:32:56,4000.060059,B8DB8AF16E20,0002,male,C57BL/6,1.1.1,FR1,0,PelletDrop,16,16,3,1,0,0,,,,,,,,,,,,,,,,,
2026-07-14 13:33:08,4012.511963,B8DB8AF16E20,0002,male,C57BL/6,1.1.1,FR1,0,PelletTaken,16,16,3,1,0,0,11.642,397.000,0,2,,,,,,,,,,,,,
2026-07-14 13:36:33,4217.323242,B8DB8AF16E20,0002,male,C57BL/6,1.1.1,FR1,0,Status,16,16,3,1,0,0,,,,,Disabled,24.1,42.8,1018.0,13.5,0.007,20.000,247836,339964,180372,841,4.07,85.91
2026-07-14 13:36:40,4224.253906,B8DB8AF16E20,0002,male,C57BL/6,1.1.1,FR1,0,Left,16,17,3,1,0,0,,,,,,,,,,,,,,,,,
2026-07-14 13:36:45,4229.551758,B8DB8AF16E20,0002,male,C57BL/6,1.1.1,FR1,0,PelletDrop,17,17,3,1,0,0,,,,,,,,,,,,,,,,,
2026-07-14 13:37:06,4250.354004,B8DB8AF16E20,0002,male,C57BL/6,1.1.1,FR1,0,PelletTaken,17,17,3,1,0,0,TimedOut,565.000,0,2,,,,,,,,,,,,,
2026-07-14 13:38:27,4331.748047,B8DB8AF16E20,0002,male,C57BL/6,1.1.1,FR1,0,Left,17,18,3,1,0,0,,,,,,,,,,,,,,,,,
2026-07-14 13:38:30,4334.823242,B8DB8AF16E20,0002,male,C57BL/6,1.1.1,FR1,0,PelletDrop,18,18,3,1,0,0,,,,,,,,,,,,,,,,,
2026-07-14 13:38:32,4336.242188,B8DB8AF16E20,0002,male,C57BL/6,1.1.1,FR1,0,PelletNotDetected,18,18,3,1,0,0,,,,,,,,,,,,,,,,,
2026-07-14 13:39:37,4401.881836,B8DB8AF16E20,0002,male,C57BL/6,1.1.1,FR1,0,Right,18,18,4,1,0,0,,,,,,,,,,,,,,,,,
2026-07-14 13:41:52,4536.313965,B8DB8AF16E20,0002,male,C57BL/6,1.1.1,FR1,0,Left,18,19,4,1,0,0,,,,,,,,,,,,,,,,,
2026-07-14 13:41:57,4541.547852,B8DB8AF16E20,0002,male,C57BL/6,1.1.1,FR1,0,PelletDrop,19,19,4,1,0,0,,,,,,,,,,,,,,,,,
2026-07-14 13:42:11,4555.341797,B8DB8AF16E20,0002,male,C57BL/6,1.1.1,FR1,0,PelletTaken,19,19,4,1,0,0,12.984,265.000,0,3,,,,,,,,,,,,,
2026-07-14 13:42:43,4587.765137,B8DB8AF16E20,0002,male,C57BL/6,1.1.1,FR1,0,Left,19,20,4,1,0,0,,,,,,,,,,,,,,,,,
2026-07-14 13:42:46,4590.830078,B8DB8AF16E20,0002,male,C57BL/6,1.1.1,FR1,0,PelletDrop,20,20,4,1,0,0,,,,,,,,,,,,,,,,,
2026-07-14 13:42:48,4592.231934,B8DB8AF16E20,0002,male,C57BL/6,1.1.1,FR1,0,PelletNotDetected,20,20,4,1,0,0,,,,,,,,,,,,,,,,,
2026-07-14 13:44:07,4671.981934,B8DB8AF16E20,0002,male,C57BL/6,1.1.1,FR1,0,Left,20,21,4,1,0,0,,,,,,,,,,,,,,,,,
2026-07-14 13:44:13,4677.230957,B8DB8AF16E20,0002,male,C57BL/6,1.1.1,FR1,0,PelletDrop,21,21,4,1,0,0,,,,,,,,,,,,,,,,,
2026-07-14 13:44:26,4690.453125,B8DB8AF16E20,0002,male,C57BL/6,1.1.1,FR1,0,PelletTaken,21,21,4,1,0,0,12.412,292.000,0,3,,,,,,,,,,,,,
2026-07-14 13:46:30,4814.491211,B8DB8AF16E20,0002,male,C57BL/6,1.1.1,FR1,0,Right,21,21,5,1,0,0,,,,,,,,,,,,,,,,,
2026-07-14 13:46:38,4822.439941,B8DB8AF16E20,0002,male,C57BL/6,1.1.1,FR1,0,Status,21,21,5,1,0,0,,,,,Disabled,24.2,42.8,1017.9,13.5,0.029,27.000,247788,339964,180372,958,4.07,85.48
2026-07-14 13:48:07,4911.833008,B8DB8AF16E20,0002,male,C57BL/6,1.1.1,FR1,0,Left,21,22,5,1,0,0,,,,,,,,,,,,,,,,,
2026-07-14 13:48:10,4914.897949,B8DB8AF16E20,0002,male,C57BL/6,1.1.1,FR1,0,PelletDrop,22,22,5,1,0,0,,,,,,,,,,,,,,,,,
2026-07-14 13:48:11,4916.300781,B8DB8AF16E20,0002,male,C57BL/6,1.1.1,FR1,0,PelletNotDetected,22,22,5,1,0,0,,,,,,,,,,,,,,,,,
2026-07-14 13:56:39,5424.736816,B8DB8AF16E20,0002,male,C57BL/6,1.1.1,FR1,0,Status,22,22,5,1,0,0,,,,,Disabled,24.2,43.9,1017.8,13.5,0.029,28.000,247788,339964,180372,1088,4.07,85.34
2026-07-14 14:06:42,6027.681152,B8DB8AF16E20,0002,male,C57BL/6,1.1.1,FR1,0,Status,22,22,5,1,0,0,,,,,Disabled,24.2,43.9,1017.8,13.5,0.029,28.000,247788,339964,180372,1218,4.07,85.05
2026-07-14 14:16:44,6630.587891,B8DB8AF16E20,0002,male,C57BL/6,1.1.1,FR1,0,Status,22,22,5,1,0,0,,,,,Disabled,24.1,43.9,1017.7,13.5,0.029,28.000,247788,339964,180372,1348,4.06,84.91
2026-07-14 14:19:37,6803.470215,B8DB8AF16E20,0002,male,C57BL/6,1.1.1,FR1,0,Left,22,23,5,1,0,0,,,,,,,,,,,,,,,,,
2026-07-14 14:19:40,6806.484863,B8DB8AF16E20,0002,male,C57BL/6,1.1.1,FR1,0,PelletDrop,23,23,5,1,0,0,,,,,,,,,,,,,,,,,
2026-07-14 14:19:41,6807.498047,B8DB8AF16E20,0002,male,C57BL/6,1.1.1,FR1,0,PelletTaken,23,23,5,1,0,0,0.202,312.000,0,2,,,,,,,,,,,,,
2026-07-14 14:20:40,6866.597168,B8DB8AF16E20,0002,male,C57BL/6,1.1.1,FR1,0,Left,23,24,5,1,0,0,,,,,,,,,,,,,,,,,
2026-07-14 14:20:43,6869.675781,B8DB8AF16E20,0002,male,C57BL/6,1.1.1,FR1,0,PelletDrop,24,24,5,1,0,0,,,,,,,,,,,,,,,,,
2026-07-14 14:21:04,6890.478027,B8DB8AF16E20,0002,male,C57BL/6,1.1.1,FR1,0,PelletTaken,24,24,5,1,0,0,TimedOut,41.000,0,1,,,,,,,,,,,,,
2026-07-14 14:22:01,6948.104980,B8DB8AF16E20,0002,male,C57BL/6,1.1.1,FR1,0,Left,24,25,5,1,0,0,,,,,,,,,,,,,,,,,
2026-07-14 14:22:07,6953.387207,B8DB8AF16E20,0002,male,C57BL/6,1.1.1,FR1,0,PelletDrop,25,25,5,1,0,0,,,,,,,,,,,,,,,,,
2026-07-14 14:22:20,6967.248047,B8DB8AF16E20,0002,male,C57BL/6,1.1.1,FR1,0,PelletTaken,25,25,5,1,0,0,13.050,59.000,0,2,,,,,,,,,,,,,
2026-07-14 14:26:46,7233.356934,B8DB8AF16E20,0002,male,C57BL/6,1.1.1,FR1,0,Status,25,25,5,1,0,0,,,,,Disabled,24.1,43.6,1017.6,13.4,0.029,28.000,247788,339964,180372,1469,4.06,84.77
2026-07-14 14:27:13,7260.095215,B8DB8AF16E20,0002,male,C57BL/6,1.1.1,FR1,0,Left,25,26,5,1,0,0,,,,,,,,,,,,,,,,,
2026-07-14 14:27:16,7263.160156,B8DB8AF16E20,0002,male,C57BL/6,1.1.1,FR1,0,PelletDrop,26,26,5,1,0,0,,,,,,,,,,,,,,,,,
2026-07-14 14:27:17,7264.578125,B8DB8AF16E20,0002,male,C57BL/6,1.1.1,FR1,0,PelletNotDetected,26,26,5,1,0,0,,,,,,,,,,,,,,,,,
2026-07-14 14:27:54,7300.711914,B8DB8AF16E20,0002,male,C57BL/6,1.1.1,FR1,0,Left,26,27,5,1,0,0,,,,,,,,,,,,,,,,,
2026-07-14 14:27:57,7303.728027,B8DB8AF16E20,0002,male,C57BL/6,1.1.1,FR1,0,PelletDrop,27,27,5,1,0,0,,,,,,,,,,,,,,,,,
2026-07-14 14:27:58,7305.129883,B8DB8AF16E20,0002,male,C57BL/6,1.1.1,FR1,0,PelletNotDetected,27,27,5,1,0,0,,,,,,,,,,,,,,,,,
2026-07-14 14:28:29,7335.962891,B8DB8AF16E20,0002,male,C57BL/6,1.1.1,FR1,0,Left,27,28,5,1,0,0,,,,,,,,,,,,,,,,,
2026-07-14 14:28:36,7343.168945,B8DB8AF16E20,0002,male,C57BL/6,1.1.1,FR1,0,PelletDrop,28,28,5,1,0,0,,,,,,,,,,,,,,,,,
2026-07-14 14:28:52,7359.272949,B8DB8AF16E20,0002,male,C57BL/6,1.1.1,FR1,0,PelletTaken,28,28,5,1,0,0,15.294,462.000,0,4,,,,,,,,,,,,,
2026-07-14 14:29:41,7408.236816,B8DB8AF16E20,0002,male,C57BL/6,1.1.1,FR1,0,Left,28,29,5,1,0,0,,,,,,,,,,,,,,,,,
2026-07-14 14:29:48,7415.736816,B8DB8AF16E20,0002,male,C57BL/6,1.1.1,FR1,0,PelletDrop,29,29,5,1,0,0,,,,,,,,,,,,,,,,,
2026-07-14 14:30:03,7429.854980,B8DB8AF16E20,0002,male,C57BL/6,1.1.1,FR1,0,PelletTaken,29,29,5,1,0,0,13.281,847.000,0,3,,,,,,,,,,,,,
2026-07-14 14:30:40,7467.429199,B8DB8AF16E20,0002,male,C57BL/6,1.1.1,FR1,0,Left,29,30,5,1,0,0,,,,,,,,,,,,,,,,,
2026-07-14 14:30:43,7470.493164,B8DB8AF16E20,0002,male,C57BL/6,1.1.1,FR1,0,PelletDrop,30,30,5,1,0,0,,,,,,,,,,,,,,,,,
2026-07-14 14:30:46,7473.288086,B8DB8AF16E20,0002,male,C57BL/6,1.1.1,FR1,0,PelletTaken,30,30,5,1,0,0,1.973,1204.000,0,1,,,,,,,,,,,,,
2026-07-14 14:31:44,7530.978027,B8DB8AF16E20,0002,male,C57BL/6,1.1.1,FR1,0,Left,30,31,5,1,0,0,,,,,,,,,,,,,,,,,
2026-07-14 14:31:47,7534.041992,B8DB8AF16E20,0002,male,C57BL/6,1.1.1,FR1,0,PelletDrop,31,31,5,1,0,0,,,,,,,,,,,,,,,,,
2026-07-14 14:31:48,7535.108887,B8DB8AF16E20,0002,male,C57BL/6,1.1.1,FR1,0,PelletTaken,31,31,5,1,0,0,0.257,463.000,0,1,,,,,,,,,,,,,
2026-07-14 14:36:49,7836.195801,B8DB8AF16E20,0002,male,C57BL/6,1.1.1,FR1,0,Status,31,31,5,1,0,0,,,,,Disabled,24.1,43.6,1017.5,13.4,0.029,28.000,247788,339964,180372,1590,4.06,84.62
2026-07-14 14:46:51,8439.139648,B8DB8AF16E20,0002,male,C57BL/6,1.1.1,FR1,0,Status,31,31,5,1,0,0,,,,,Disabled,24.1,43.6,1017.4,13.4,0.029,28.000,247788,339964,180372,1720,4.06,84.48
2026-07-14 14:56:53,9042.069336,B8DB8AF16E20,0002,male,C57BL/6,1.1.1,FR1,0,Status,31,31,5,1,0,0,,,,,Disabled,24.1,43.6,1017.4,13.4,0.032,23.000,247788,339964,180372,1850,4.06,84.48
2026-07-14 15:06:56,9644.975586,B8DB8AF16E20,0002,male,C57BL/6,1.1.1,FR1,0,Status,31,31,5,1,0,0,,,,,Disabled,24.1,43.5,1017.2,13.3,0.025,23.000,247788,339964,180372,1980,4.06,84.34
2026-07-14 15:16:58,10247.920898,B8DB8AF16E20,0002,male,C57BL/6,1.1.1,FR1,0,Status,31,31,5,1,0,0,,,,,Disabled,24.1,43.4,1017.2,13.3,0.022,23.000,247788,339964,180372,2110,4.06,84.17
2026-07-14 15:27:00,10850.848633,B8DB8AF16E20,0002,male,C57BL/6,1.1.1,FR1,0,Status,31,31,5,1,0,0,,,,,Disabled,24.1,43.3,1017.1,13.4,0.022,23.000,247788,339964,180372,2240,4.06,84.17
2026-07-14 15:37:03,11453.769531,B8DB8AF16E20,0002,male,C57BL/6,1.1.1,FR1,0,Status,31,31,5,1,0,0,,,,,Disabled,24.1,43.5,1017.0,13.3,0.022,23.000,247788,339964,180372,2370,4.06,84.01
2026-07-14 15:47:22,12074.196289,B8DB8AF16E20,0002,male,C57BL/6,1.1.1,FR1,0,Status,31,31,5,1,0,0,,,,,Disabled,24.1,43.6,1017.0,13.1,0.022,23.000,247788,339964,180372,2504,4.05,84.01
2026-07-14 15:57:55,12707.743164,B8DB8AF16E20,0002,male,C57BL/6,1.1.1,FR1,0,Status,31,31,5,1,0,0,,,,,Disabled,24.1,43.5,1016.9,13.1,0.022,23.000,247788,339964,180372,2641,4.05,83.85
2026-07-14 16:08:28,13341.284180,B8DB8AF16E20,0002,male,C57BL/6,1.1.1,FR1,0,Status,31,31,5,1,0,0,,,,,Disabled,24.1,43.5,1016.8,13.0,0.022,23.000,247788,339964,180372,2778,4.05,83.68
2026-07-14 16:12:08,13561.438477,B8DB8AF16E20,0002,male,C57BL/6,1.1.1,FR1,0,Left,31,32,5,1,0,0,,,,,,,,,,,,,,,,,
2026-07-14 16:12:11,13564.501953,B8DB8AF16E20,0002,male,C57BL/6,1.1.1,FR1,0,PelletDrop,32,32,5,1,0,0,,,,,,,,,,,,,,,,,
2026-07-14 16:12:12,13565.581055,B8DB8AF16E20,0002,male,C57BL/6,1.1.1,FR1,0,PelletTaken,32,32,5,1,0,0,0.268,896.000,0,1,,,,,,,,,,,,,
2026-07-14 16:13:10,13623.135742,B8DB8AF16E20,0002,male,C57BL/6,1.1.1,FR1,0,Left,32,33,5,1,0,0,,,,,,,,,,,,,,,,,
2026-07-14 16:13:15,13628.418945,B8DB8AF16E20,0002,male,C57BL/6,1.1.1,FR1,0,PelletDrop,33,33,5,1,0,0,,,,,,,,,,,,,,,,,
2026-07-14 16:13:36,13649.220703,B8DB8AF16E20,0002,male,C57BL/6,1.1.1,FR1,0,PelletTaken,33,33,5,1,0,0,TimedOut,982.000,0,2,,,,,,,,,,,,,
2026-07-14 16:17:31,13884.978516,B8DB8AF16E20,0002,male,C57BL/6,1.1.1,FR1,0,Left,33,34,5,1,0,0,,,,,,,,,,,,,,,,,
2026-07-14 16:17:39,13892.495117,B8DB8AF16E20,0002,male,C57BL/6,1.1.1,FR1,0,PelletDrop,34,34,5,1,0,0,,,,,,,,,,,,,,,,,
2026-07-14 16:17:50,13903.715820,B8DB8AF16E20,0002,male,C57BL/6,1.1.1,FR1,0,PelletTaken,34,34,5,1,0,0,10.410,68.000,0,3,,,,,,,,,,,,,
2026-07-14 16:18:59,13972.970703,B8DB8AF16E20,0002,male,C57BL/6,1.1.1,FR1,0,Status,34,34,5,1,0,0,,,,,Disabled,24.2,43.2,1016.6,12.9,0.022,21.000,247788,339964,180372,2908,4.04,83.68
2026-07-14 16:19:26,13999.362305,B8DB8AF16E20,0002,male,C57BL/6,1.1.1,FR1,0,Left,34,35,5,1,0,0,,,,,,,,,,,,,,,,,
2026-07-14 16:19:33,14006.863281,B8DB8AF16E20,0002,male,C57BL/6,1.1.1,FR1,0,PelletDrop,35,35,5,1,0,0,,,,,,,,,,,,,,,,,
2026-07-14 16:19:46,14019.448242,B8DB8AF16E20,0002,male,C57BL/6,1.1.1,FR1,0,PelletTaken,35,35,5,1,0,0,11.775,311.000,0,3,,,,,,,,,,,,,
2026-07-14 16:22:19,14172.349609,B8DB8AF16E20,0002,male,C57BL/6,1.1.1,FR1,0,Left,35,36,5,1,0,0,,,,,,,,,,,,,,,,,
2026-07-14 16:22:22,14175.415039,B8DB8AF16E20,0002,male,C57BL/6,1.1.1,FR1,0,PelletDrop,36,36,5,1,0,0,,,,,,,,,,,,,,,,,
2026-07-14 16:22:23,14176.443359,B8DB8AF16E20,0002,male,C57BL/6,1.1.1,FR1,0,PelletTaken,36,36,5,1,0,0,0.203,256.000,0,1,,,,,,,,,,,,,
2026-07-14 16:23:06,14219.586914,B8DB8AF16E20,0002,male,C57BL/6,1.1.1,FR1,0,Left,36,37,5,1,0,0,,,,,,,,,,,,,,,,,
2026-07-14 16:23:09,14222.652344,B8DB8AF16E20,0002,male,C57BL/6,1.1.1,FR1,0,PelletDrop,37,37,5,1,0,0,,,,,,,,,,,,,,,,,
2026-07-14 16:23:10,14224.053711,B8DB8AF16E20,0002,male,C57BL/6,1.1.1,FR1,0,PelletNotDetected,37,37,5,1,0,0,,,,,,,,,,,,,,,,,
2026-07-14 16:23:39,14252.559570,B8DB8AF16E20,0002,male,C57BL/6,1.1.1,FR1,0,Left,37,38,5,1,0,0,,,,,,,,,,,,,,,,,
2026-07-14 16:23:44,14257.793945,B8DB8AF16E20,0002,male,C57BL/6,1.1.1,FR1,0,PelletDrop,38,38,5,1,0,0,,,,,,,,,,,,,,,,,
2026-07-14 16:23:59,14272.655273,B8DB8AF16E20,0002,male,C57BL/6,1.1.1,FR1,0,PelletTaken,38,38,5,1,0,0,14.051,980.000,0,3,,,,,,,,,,,,,
2026-07-14 16:24:36,14310.214844,B8DB8AF16E20,0002,male,C57BL/6,1.1.1,FR1,0,Left,38,39,5,1,0,0,,,,,,,,,,,,,,,,,
2026-07-14 16:24:42,14315.512695,B8DB8AF16E20,0002,male,C57BL/6,1.1.1,FR1,0,PelletDrop,39,39,5,1,0,0,,,,,,,,,,,,,,,,,
2026-07-14 16:24:57,14330.572266,B8DB8AF16E20,0002,male,C57BL/6,1.1.1,FR1,0,PelletTaken,39,39,5,1,0,0,14.249,133.000,0,2,,,,,,,,,,,,,
2026-07-14 16:25:40,14373.492188,B8DB8AF16E20,0002,male,C57BL/6,1.1.1,FR1,0,Left,39,40,5,1,0,0,,,,,,,,,,,,,,,,,
2026-07-14 16:25:45,14378.774414,B8DB8AF16E20,0002,male,C57BL/6,1.1.1,FR1,0,PelletDrop,40,40,5,1,0,0,,,,,,,,,,,,,,,,,
2026-07-14 16:26:01,14394.673828,B8DB8AF16E20,0002,male,C57BL/6,1.1.1,FR1,0,PelletTaken,40,40,5,1,0,0,15.074,624.000,0,2,,,,,,,,,,,,,
2026-07-14 16:29:30,14603.924805,B8DB8AF16E20,0002,male,C57BL/6,1.1.1,FR1,0,Status,40,40,5,1,0,0,,,,,Disabled,24.2,43.0,1016.5,12.9,0.022,20.000,247736,339964,180372,3026,4.04,83.52
2026-07-14 16:40:03,15237.451172,B8DB8AF16E20,0002,male,C57BL/6,1.1.1,FR1,0,Status,40,40,5,1,0,0,,,,,Disabled,24.2,43.3,1016.3,12.8,0.054,40.000,247736,339964,180372,3163,4.04,83.36
2026-07-14 16:50:36,15871.014648,B8DB8AF16E20,0002,male,C57BL/6,1.1.1,FR1,0,Status,40,40,5,1,0,0,,,,,Disabled,24.2,43.3,1016.2,12.9,0.029,28.000,247736,339964,180372,3300,4.04,83.20
2026-07-14 17:01:09,16504.564453,B8DB8AF16E20,0002,male,C57BL/6,1.1.1,FR1,0,Status,40,40,5,1,0,0,,,,,Disabled,24.2,43.3,1016.2,12.8,0.029,28.000,247736,339964,180372,3437,4.04,83.03
2026-07-14 17:11:41,17138.089844,B8DB8AF16E20,0002,male,C57BL/6,1.1.1,FR1,0,Status,40,40,5,1,0,0,,,,,Disabled,24.2,43.3,1016.1,12.8,0.022,21.000,247736,339964,180372,3574,4.04,83.03
2026-07-14 17:22:14,17771.652344,B8DB8AF16E20,0002,male,C57BL/6,1.1.1,FR1,0,Status,40,40,5,1,0,0,,,,,Disabled,24.2,43.3,1016.0,12.8,0.022,23.000,247736,339964,180372,3711,4.05,82.87
2026-07-14 17:32:47,18405.201172,B8DB8AF16E20,0002,male,C57BL/6,1.1.1,FR1,0,Status,40,40,5,1,0,0,,,,,Disabled,24.2,43.3,1016.0,12.7,0.025,20.000,247736,339964,180372,3848,4.05,82.70
2026-07-14 17:43:20,19038.726562,B8DB8AF16E20,0002,male,C57BL/6,1.1.1,FR1,0,Status,40,40,5,1,0,0,,,,,Disabled,24.2,43.3,1015.9,12.7,0.025,20.000,247736,339964,180372,3985,4.05,82.70
2026-07-14 17:45:08,19146.507812,B8DB8AF16E20,0002,male,C57BL/6,1.1.1,FR1,0,Left,40,41,5,1,0,0,,,,,,,,,,,,,,,,,
2026-07-14 17:45:11,19149.572266,B8DB8AF16E20,0002,male,C57BL/6,1.1.1,FR1,0,PelletDrop,41,41,5,1,0,0,,,,,,,,,,,,,,,,,
2026-07-14 17:45:16,19154.357422,B8DB8AF16E20,0002,male,C57BL/6,1.1.1,FR1,0,PelletTaken,41,41,5,1,0,0,3.975,40.000,0,1,,,,,,,,,,,,,
2026-07-14 17:45:47,19186.046875,B8DB8AF16E20,0002,male,C57BL/6,1.1.1,FR1,0,Left,41,42,5,1,0,0,,,,,,,,,,,,,,,,,
2026-07-14 17:45:53,19191.343750,B8DB8AF16E20,0002,male,C57BL/6,1.1.1,FR1,0,PelletDrop,42,42,5,1,0,0,,,,,,,,,,,,,,,,,
2026-07-14 17:46:07,19205.742188,B8DB8AF16E20,0002,male,C57BL/6,1.1.1,FR1,0,PelletTaken,42,42,5,1,0,0,13.589,509.000,0,2,,,,,,,,,,,,,
2026-07-14 17:47:12,19270.980469,B8DB8AF16E20,0002,male,C57BL/6,1.1.1,FR1,0,Left,42,43,5,1,0,0,,,,,,,,,,,,,,,,,
2026-07-14 17:47:18,19276.263672,B8DB8AF16E20,0002,male,C57BL/6,1.1.1,FR1,0,PelletDrop,43,43,5,1,0,0,,,,,,,,,,,,,,,,,
2026-07-14 17:47:30,19288.986328,B8DB8AF16E20,0002,male,C57BL/6,1.1.1,FR1,0,PelletTaken,43,43,5,1,0,0,11.896,40.000,0,2,,,,,,,,,,,,,
2026-07-14 17:49:53,19432.058594,B8DB8AF16E20,0002,male,C57BL/6,1.1.1,FR1,0,Left,43,44,5,1,0,0,,,,,,,,,,,,,,,,,
2026-07-14 17:49:56,19435.123047,B8DB8AF16E20,0002,male,C57BL/6,1.1.1,FR1,0,PelletDrop,44,44,5,1,0,0,,,,,,,,,,,,,,,,,
2026-07-14 17:49:58,19436.527344,B8DB8AF16E20,0002,male,C57BL/6,1.1.1,FR1,0,PelletNotDetected,44,44,5,1,0,0,,,,,,,,,,,,,,,,,
2026-07-14 17:50:38,19476.759766,B8DB8AF16E20,0002,male,C57BL/6,1.1.1,FR1,0,Left,44,45,5,1,0,0,,,,,,,,,,,,,,,,,
2026-07-14 17:50:47,19486.183594,B8DB8AF16E20,0002,male,C57BL/6,1.1.1,FR1,0,PelletDrop,45,45,5,1,0,0,,,,,,,,,,,,,,,,,
2026-07-14 17:50:57,19496.205078,B8DB8AF16E20,0002,male,C57BL/6,1.1.1,FR1,0,PelletTaken,45,45,5,1,0,0,9.211,585.000,0,4,,,,,,,,,,,,,
2026-07-14 17:51:36,19535.226562,B8DB8AF16E20,0002,male,C57BL/6,1.1.1,FR1,0,Left,45,46,5,1,0,0,,,,,,,,,,,,,,,,,
2026-07-14 17:51:48,19546.933594,B8DB8AF16E20,0002,male,C57BL/6,1.1.1,FR1,0,PelletDrop,46,46,5,1,0,0,,,,,,,,,,,,,,,,,
2026-07-14 17:52:00,19558.978516,B8DB8AF16E20,0002,male,C57BL/6,1.1.1,FR1,0,PelletTaken,46,46,5,1,0,0,11.235,256.000,0,4,,,,,,,,,,,,,
2026-07-14 17:52:54,19613.355469,B8DB8AF16E20,0002,male,C57BL/6,1.1.1,FR1,0,Left,46,47,5,1,0,0,,,,,,,,,,,,,,,,,
2026-07-14 17:52:58,19617.396484,B8DB8AF16E20,0002,male,C57BL/6,1.1.1,FR1,0,PelletDrop,47,47,5,1,0,0,,,,,,,,,,,,,,,,,
2026-07-14 17:53:00,19618.826172,B8DB8AF16E20,0002,male,C57BL/6,1.1.1,FR1,0,PelletNotDetected,47,47,5,1,0,0,,,,,,,,,,,,,,,,,
2026-07-14 17:53:52,19671.361328,B8DB8AF16E20,0002,male,C57BL/6,1.1.1,FR1,0,Status,47,47,5,1,0,0,,,,,Disabled,24.3,42.6,1015.8,12.7,0.043,38.000,247736,339964,180372,4105,4.04,82.54
2026-07-14 17:53:56,19674.689453,B8DB8AF16E20,0002,male,C57BL/6,1.1.1,FR1,0,Left,47,48,5,1,0,0,,,,,,,,,,,,,,,,,
2026-07-14 17:53:59,19677.851562,B8DB8AF16E20,0002,male,C57BL/6,1.1.1,FR1,0,PelletDrop,48,48,5,1,0,0,,,,,,,,,,,,,,,,,
2026-07-14 17:54:00,19679.271484,B8DB8AF16E20,0002,male,C57BL/6,1.1.1,FR1,0,PelletNotDetected,48,48,5,1,0,0,,,,,,,,,,,,,,,,,
2026-07-14 17:58:18,19937.039062,B8DB8AF16E20,0002,male,C57BL/6,1.1.1,FR1,0,Left,48,49,5,1,0,0,,,,,,,,,,,,,,,,,
2026-07-14 17:58:27,19946.267578,B8DB8AF16E20,0002,male,C57BL/6,1.1.1,FR1,0,PelletDrop,49,49,5,1,0,0,,,,,,,,,,,,,,,,,
2026-07-14 17:58:46,19964.955078,B8DB8AF16E20,0002,male,C57BL/6,1.1.1,FR1,0,PelletTaken,49,49,5,1,0,0,17.879,190.000,0,5,,,,,,,,,,,,,
2026-07-14 18:04:26,20305.447266,B8DB8AF16E20,0002,male,C57BL/6,1.1.1,FR1,0,Status,49,49,5,1,0,0,,,,,Disabled,24.4,43.2,1015.7,12.7,0.000,0.000,247736,339964,180372,4235,4.04,82.38
2026-07-14 18:05:56,20395.744141,B8DB8AF16E20,0002,male,C57BL/6,1.1.1,FR1,0,Left,49,50,5,1,0,0,,,,,,,,,,,,,,,,,
2026-07-14 18:06:01,20400.990234,B8DB8AF16E20,0002,male,C57BL/6,1.1.1,FR1,0,PelletDrop,50,50,5,1,0,0,,,,,,,,,,,,,,,,,
2026-07-14 18:06:22,20421.792969,B8DB8AF16E20,0002,male,C57BL/6,1.1.1,FR1,0,PelletTaken,50,50,5,1,0,0,TimedOut,1490.000,0,2,,,,,,,,,,,,,
2026-07-14 18:07:10,20470.113281,B8DB8AF16E20,0002,male,C57BL/6,1.1.1,FR1,0,Left,50,51,5,1,0,0,,,,,,,,,,,,,,,,,
2026-07-14 18:07:13,20473.130859,B8DB8AF16E20,0002,male,C57BL/6,1.1.1,FR1,0,PelletDrop,51,51,5,1,0,0,,,,,,,,,,,,,,,,,
2026-07-14 18:07:15,20474.533203,B8DB8AF16E20,0002,male,C57BL/6,1.1.1,FR1,0,PelletNotDetected,51,51,5,1,0,0,,,,,,,,,,,,,,,,,
2026-07-14 18:07:46,20505.478516,B8DB8AF16E20,0002,male,C57BL/6,1.1.1,FR1,0,Left,51,52,5,1,0,0,,,,,,,,,,,,,,,,,
2026-07-14 18:07:49,20508.511719,B8DB8AF16E20,0002,male,C57BL/6,1.1.1,FR1,0,PelletDrop,52,52,5,1,0,0,,,,,,,,,,,,,,,,,
2026-07-14 18:07:50,20509.912109,B8DB8AF16E20,0002,male,C57BL/6,1.1.1,FR1,0,PelletNotDetected,52,52,5,1,0,0,,,,,,,,,,,,,,,,,
2026-07-14 18:08:31,20550.365234,B8DB8AF16E20,0002,male,C57BL/6,1.1.1,FR1,0,Left,52,53,5,1,0,0,,,,,,,,,,,,,,,,,
2026-07-14 18:08:38,20557.621094,B8DB8AF16E20,0002,male,C57BL/6,1.1.1,FR1,0,PelletDrop,53,53,5,1,0,0,,,,,,,,,,,,,,,,,
2026-07-14 18:08:48,20567.658203,B8DB8AF16E20,0002,male,C57BL/6,1.1.1,FR1,0,PelletTaken,53,53,5,1,0,0,9.212,576.000,0,4,,,,,,,,,,,,,
2026-07-14 18:09:20,20599.458984,B8DB8AF16E20,0002,male,C57BL/6,1.1.1,FR1,0,Left,53,54,5,1,0,0,,,,,,,,,,,,,,,,,
2026-07-14 18:09:27,20606.960938,B8DB8AF16E20,0002,male,C57BL/6,1.1.1,FR1,0,PelletDrop,54,54,5,1,0,0,,,,,,,,,,,,,,,,,
2026-07-14 18:09:41,20620.888672,B8DB8AF16E20,0002,male,C57BL/6,1.1.1,FR1,0,PelletTaken,54,54,5,1,0,0,13.117,1083.000,0,3,,,,,,,,,,,,,
2026-07-14 18:10:12,20651.876953,B8DB8AF16E20,0002,male,C57BL/6,1.1.1,FR1,0,Left,54,55,5,1,0,0,,,,,,,,,,,,,,,,,
2026-07-14 18:10:15,20654.894531,B8DB8AF16E20,0002,male,C57BL/6,1.1.1,FR1,0,PelletDrop,55,55,5,1,0,0,,,,,,,,,,,,,,,,,
2026-07-14 18:10:16,20656.298828,B8DB8AF16E20,0002,male,C57BL/6,1.1.1,FR1,0,PelletNotDetected,55,55,5,1,0,0,,,,,,,,,,,,,,,,,
2026-07-14 18:15:00,20939.888672,B8DB8AF16E20,0002,male,C57BL/6,1.1.1,FR1,0,Status,55,55,5,1,0,0,,,,,Disabled,24.4,43.0,1015.6,12.6,0.000,0.000,247736,339964,180372,4355,4.03,82.05
2026-07-14 18:25:33,21573.451172,B8DB8AF16E20,0002,male,C57BL/6,1.1.1,FR1,0,Status,55,55,5,1,0,0,,,,,Disabled,24.4,43.1,1015.5,12.7,0.000,0.000,247736,339964,180372,4492,4.03,82.05
2026-07-14 18:36:06,22207.000000,B8DB8AF16E20,0002,male,C57BL/6,1.1.1,FR1,0,Status,55,55,5,1,0,0,,,,,Disabled,24.4,43.2,1015.5,12.7,0.000,0.000,247736,339964,180372,4629,4.03,81.89
2026-07-14 18:46:39,22840.525391,B8DB8AF16E20,0002,male,C57BL/6,1.1.1,FR1,0,Status,55,55,5,1,0,0,,,,,Disabled,24.4,43.2,1015.4,12.7,0.000,0.000,247736,339964,180372,4766,4.04,81.89
2026-07-14 18:57:12,23474.089844,B8DB8AF16E20,0002,male,C57BL/6,1.1.1,FR1,0,Status,55,55,5,1,0,0,,,,,Disabled,24.4,43.2,1015.4,12.8,0.000,0.000,247736,339964,180372,4903,4.04,81.73
2026-07-14 19:07:44,24107.634766,B8DB8AF16E20,0002,male,C57BL/6,1.1.1,FR1,0,Status,55,55,5,1,0,0,,,,,Disabled,24.4,43.1,1015.4,12.9,0.000,0.000,247736,339964,180372,5040,4.04,81.73
2026-07-14 19:18:17,24741.162109,B8DB8AF16E20,0002,male,C57BL/6,1.1.1,FR1,0,Status,55,55,5,1,0,0,,,,,Disabled,24.4,43.2,1015.4,12.8,0.000,0.000,247736,339964,180372,5177,4.03,81.56
2026-07-14 19:18:32,24755.685547,B8DB8AF16E20,0002,male,C57BL/6,1.1.1,FR1,0,Left,55,56,5,1,0,0,,,,,,,,,,,,,,,,,
2026-07-14 19:18:36,24759.835938,B8DB8AF16E20,0002,male,C57BL/6,1.1.1,FR1,0,PelletDrop,56,56,5,1,0,0,,,,,,,,,,,,,,,,,
2026-07-14 19:18:37,24761.236328,B8DB8AF16E20,0002,male,C57BL/6,1.1.1,FR1,0,PelletNotDetected,56,56,5,1,0,0,,,,,,,,,,,,,,,,,
2026-07-14 19:19:16,24800.177734,B8DB8AF16E20,0002,male,C57BL/6,1.1.1,FR1,0,Left,56,57,5,1,0,0,,,,,,,,,,,,,,,,,
2026-07-14 19:19:19,24803.240234,B8DB8AF16E20,0002,male,C57BL/6,1.1.1,FR1,0,PelletDrop,57,57,5,1,0,0,,,,,,,,,,,,,,,,,
2026-07-14 19:19:20,24804.242188,B8DB8AF16E20,0002,male,C57BL/6,1.1.1,FR1,0,PelletTaken,57,57,5,1,0,0,0.191,444.000,0,3,,,,,,,,,,,,,
2026-07-14 19:21:48,24951.632812,B8DB8AF16E20,0002,male,C57BL/6,1.1.1,FR1,0,Left,57,58,5,1,0,0,,,,,,,,,,,,,,,,,
2026-07-14 19:21:50,24953.615234,B8DB8AF16E20,0002,male,C57BL/6,1.1.1,FR1,0,PelletDrop,58,58,5,1,0,0,,,,,,,,,,,,,,,,,
2026-07-14 19:21:51,24955.017578,B8DB8AF16E20,0002,male,C57BL/6,1.1.1,FR1,0,PelletNotDetected,58,58,5,1,0,0,,,,,,,,,,,,,,,,,
2026-07-14 19:22:16,24979.951172,B8DB8AF16E20,0002,male,C57BL/6,1.1.1,FR1,0,Left,58,59,5,1,0,0,,,,,,,,,,,,,,,,,
2026-07-14 19:22:22,24986.281250,B8DB8AF16E20,0002,male,C57BL/6,1.1.1,FR1,0,PelletDrop,59,59,5,1,0,0,,,,,,,,,,,,,,,,,
2026-07-14 19:22:33,24997.082031,B8DB8AF16E20,0002,male,C57BL/6,1.1.1,FR1,0,PelletTaken,59,59,5,1,0,0,9.992,575.000,0,3,,,,,,,,,,,,,
2026-07-14 19:23:06,25030.199219,B8DB8AF16E20,0002,male,C57BL/6,1.1.1,FR1,0,Left,59,60,5,1,0,0,,,,,,,,,,,,,,,,,
2026-07-14 19:23:11,25035.482422,B8DB8AF16E20,0002,male,C57BL/6,1.1.1,FR1,0,PelletDrop,60,60,5,1,0,0,,,,,,,,,,,,,,,,,
2026-07-14 19:23:26,25049.980469,B8DB8AF16E20,0002,male,C57BL/6,1.1.1,FR1,0,PelletTaken,60,60,5,1,0,0,13.688,660.000,0,2,,,,,,,,,,,,,
2026-07-14 19:23:57,25081.074219,B8DB8AF16E20,0002,male,C57BL/6,1.1.1,FR1,0,Left,60,61,5,1,0,0,,,,,,,,,,,,,,,,,
2026-07-14 19:24:00,25084.107422,B8DB8AF16E20,0002,male,C57BL/6,1.1.1,FR1,0,PelletDrop,61,61,5,1,0,0,,,,,,,,,,,,,,,,,
2026-07-14 19:24:01,25085.511719,B8DB8AF16E20,0002,male,C57BL/6,1.1.1,FR1,0,PelletNotDetected,61,61,5,1,0,0,,,,,,,,,,,,,,,,,
2026-07-14 19:24:25,25109.232422,B8DB8AF16E20,0002,male,C57BL/6,1.1.1,FR1,0,Left,61,62,5,1,0,0,,,,,,,,,,,,,,,,,
2026-07-14 19:24:30,25114.515625,B8DB8AF16E20,0002,male,C57BL/6,1.1.1,FR1,0,PelletDrop,62,62,5,1,0,0,,,,,,,,,,,,,,,,,
2026-07-14 19:24:47,25131.548828,B8DB8AF16E20,0002,male,C57BL/6,1.1.1,FR1,0,PelletTaken,62,62,5,1,0,0,16.208,650.000,0,3,,,,,,,,,,,,,
2026-07-14 19:28:51,25375.771484,B8DB8AF16E20,0002,male,C57BL/6,1.1.1,FR1,0,Status,62,62,5,1,0,0,,,,,Disabled,24.5,42.7,1015.3,12.8,0.000,0.000,247736,339964,180372,5303,4.03,81.40
2026-07-14 19:34:14,25698.765625,B8DB8AF16E20,0002,male,C57BL/6,1.1.1,FR1,0,Right,62,62,6,1,0,0,,,,,,,,,,,,,,,,,
2026-07-14 19:34:16,25700.472656,B8DB8AF16E20,0002,male,C57BL/6,1.1.1,FR1,0,Right,62,62,7,1,0,0,,,,,,,,,,,,,,,,,
2026-07-14 19:34:19,25703.912109,B8DB8AF16E20,0002,male,C57BL/6,1.1.1,FR1,0,Right,62,62,8,1,0,0,,,,,,,,,,,,,,,,,
2026-07-14 19:34:20,25705.134766,B8DB8AF16E20,0002,male,C57BL/6,1.1.1,FR1,0,Right,62,62,9,1,0,0,,,,,,,,,,,,,,,,,
2026-07-14 19:34:33,25717.337891,B8DB8AF16E20,0002,male,C57BL/6,1.1.1,FR1,0,Left,62,63,9,1,0,0,,,,,,,,,,,,,,,,,
2026-07-14 19:34:38,25722.621094,B8DB8AF16E20,0002,male,C57BL/6,1.1.1,FR1,0,PelletDrop,63,63,9,1,0,0,,,,,,,,,,,,,,,,,
2026-07-14 19:34:55,25739.785156,B8DB8AF16E20,0002,male,C57BL/6,1.1.1,FR1,0,PelletTaken,63,63,9,1,0,0,16.340,302.000,0,2,,,,,,,,,,,,,
2026-07-14 19:35:33,25777.742188,B8DB8AF16E20,0002,male,C57BL/6,1.1.1,FR1,0,Left,63,64,9,1,0,0,,,,,,,,,,,,,,,,,
2026-07-14 19:35:50,25794.990234,B8DB8AF16E20,0002,male,C57BL/6,1.1.1,FR1,0,PelletDrop,64,64,9,1,0,0,,,,,,,,,,,,,,,,,
2026-07-14 19:36:06,25811.271484,B8DB8AF16E20,0002,male,C57BL/6,1.1.1,FR1,0,PelletTaken,64,64,9,1,0,0,15.471,322.000,0,6,,,,,,,,,,,,,
2026-07-14 19:39:23,26007.474609,B8DB8AF16E20,0002,male,C57BL/6,1.1.1,FR1,0,Status,64,64,9,1,0,0,,,,,Disabled,24.5,42.6,1015.3,12.9,0.000,0.000,247736,339964,180372,5430,4.03,81.24
2026-07-14 19:49:55,26641.023438,B8DB8AF16E20,0002,male,C57BL/6,1.1.1,FR1,0,Status,64,64,9,1,0,0,,,,,Disabled,24.6,42.9,1015.3,12.9,0.000,0.000,247736,339964,180372,5567,4.03,81.07
2026-07-14 20:00:28,27274.593750,B8DB8AF16E20,0002,male,C57BL/6,1.1.1,FR1,0,Status,64,64,9,1,0,0,,,,,Disabled,24.6,43.0,1015.4,12.9,0.000,0.000,247736,339964,180372,5704,4.03,81.07
2026-07-14 20:02:13,27379.466797,B8DB8AF16E20,0002,male,C57BL/6,1.1.1,FR1,0,Left,64,65,9,1,0,0,,,,,,,,,,,,,,,,,
2026-07-14 20:02:16,27382.552734,B8DB8AF16E20,0002,male,C57BL/6,1.1.1,FR1,0,PelletDrop,65,65,9,1,0,0,,,,,,,,,,,,,,,,,
2026-07-14 20:02:18,27383.990234,B8DB8AF16E20,0002,male,C57BL/6,1.1.1,FR1,0,PelletNotDetected,65,65,9,1,0,0,,,,,,,,,,,,,,,,,
2026-07-14 20:02:35,27401.650391,B8DB8AF16E20,0002,male,C57BL/6,1.1.1,FR1,0,Left,65,66,9,1,0,0,,,,,,,,,,,,,,,,,
2026-07-14 20:02:41,27406.921875,B8DB8AF16E20,0002,male,C57BL/6,1.1.1,FR1,0,PelletDrop,66,66,9,1,0,0,,,,,,,,,,,,,,,,,
2026-07-14 20:02:50,27416.648438,B8DB8AF16E20,0002,male,C57BL/6,1.1.1,FR1,0,PelletTaken,66,66,9,1,0,0,8.893,519.000,0,3,,,,,,,,,,,,,
2026-07-14 20:09:49,27835.693359,B8DB8AF16E20,0002,male,C57BL/6,1.1.1,FR1,0,Left,66,67,9,1,0,0,,,,,,,,,,,,,,,,,
2026-07-14 20:09:54,27840.998047,B8DB8AF16E20,0002,male,C57BL/6,1.1.1,FR1,0,PelletDrop,67,67,9,1,0,0,,,,,,,,,,,,,,,,,
2026-07-14 20:10:12,27859.087891,B8DB8AF16E20,0002,male,C57BL/6,1.1.1,FR1,0,PelletTaken,67,67,9,1,0,0,17.241,40.000,0,2,,,,,,,,,,,,,
2026-07-14 20:11:00,27906.492188,B8DB8AF16E20,0002,male,C57BL/6,1.1.1,FR1,0,Status,67,67,9,1,0,0,,,,,Disabled,24.6,43.1,1015.5,12.8,0.000,0.000,247736,339964,180372,5832,4.02,80.91
2026-07-14 20:21:33,28540.041016,B8DB8AF16E20,0002,male,C57BL/6,1.1.1,FR1,0,Status,67,67,9,1,0,0,,,,,Disabled,24.6,43.3,1015.5,12.8,0.000,0.000,247736,339964,180372,5969,4.03,80.91
2026-07-14 20:30:41,29089.267578,B8DB8AF16E20,0002,male,C57BL/6,1.1.1,FR1,0,Left,67,68,9,1,0,0,,,,,,,,,,,,,,,,,
2026-07-14 20:30:47,29094.572266,B8DB8AF16E20,0002,male,C57BL/6,1.1.1,FR1,0,PelletDrop,68,68,9,1,0,0,,,,,,,,,,,,,,,,,
2026-07-14 20:30:56,29104.109375,B8DB8AF16E20,0002,male,C57BL/6,1.1.1,FR1,0,PelletTaken,68,68,9,1,0,0,8.705,274.000,0,2,,,,,,,,,,,,,
2026-07-14 20:31:21,29129.253906,B8DB8AF16E20,0002,male,C57BL/6,1.1.1,FR1,0,Left,68,69,9,1,0,0,,,,,,,,,,,,,,,,,
2026-07-14 20:31:27,29134.574219,B8DB8AF16E20,0002,male,C57BL/6,1.1.1,FR1,0,PelletDrop,69,69,9,1,0,0,,,,,,,,,,,,,,,,,
2026-07-14 20:31:37,29144.970703,B8DB8AF16E20,0002,male,C57BL/6,1.1.1,FR1,0,PelletTaken,69,69,9,1,0,0,9.563,124.000,0,2,,,,,,,,,,,,,
2026-07-14 20:32:12,29179.599609,B8DB8AF16E20,0002,male,C57BL/6,1.1.1,FR1,0,Left,69,70,9,1,0,0,,,,,,,,,,,,,,,,,
2026-07-14 20:32:17,29184.904297,B8DB8AF16E20,0002,male,C57BL/6,1.1.1,FR1,0,PelletDrop,70,70,9,1,0,0,,,,,,,,,,,,,,,,,
2026-07-14 20:32:25,29192.908203,B8DB8AF16E20,0002,male,C57BL/6,1.1.1,FR1,0,PelletTaken,70,70,9,1,0,0,7.155,171.000,0,2,,,,,,,,,,,,,
2026-07-14 20:32:33,29200.880859,B8DB8AF16E20,0002,male,C57BL/6,1.1.1,FR1,0,Status,70,70,9,1,0,0,,,,,Disabled,24.7,42.8,1015.6,12.8,0.000,0.000,247736,339964,180372,6103,4.02,80.75
2026-07-14 20:33:00,29227.753906,B8DB8AF16E20,0002,male,C57BL/6,1.1.1,FR1,0,Left,70,71,9,1,0,0,,,,,,,,,,,,,,,,,
2026-07-14 20:33:05,29233.058594,B8DB8AF16E20,0002,male,C57BL/6,1.1.1,FR1,0,PelletDrop,71,71,9,1,0,0,,,,,,,,,,,,,,,,,
2026-07-14 20:33:15,29242.964844,B8DB8AF16E20,0002,male,C57BL/6,1.1.1,FR1,0,PelletTaken,71,71,9,1,0,0,9.057,77.000,0,2,,,,,,,,,,,,,
2026-07-14 20:33:52,29279.744141,B8DB8AF16E20,0002,male,C57BL/6,1.1.1,FR1,0,Left,71,72,9,1,0,0,,,,,,,,,,,,,,,,,
2026-07-14 20:33:55,29282.830078,B8DB8AF16E20,0002,male,C57BL/6,1.1.1,FR1,0,PelletDrop,72,72,9,1,0,0,,,,,,,,,,,,,,,,,
2026-07-14 20:33:57,29285.109375,B8DB8AF16E20,0002,male,C57BL/6,1.1.1,FR1,0,PelletTaken,72,72,9,1,0,0,1.446,802.000,0,1,,,,,,,,,,,,,
2026-07-14 20:42:50,29818.089844,B8DB8AF16E20,0002,male,C57BL/6,1.1.1,FR1,0,Status,72,72,9,1,0,0,,,,,Disabled,24.6,43.3,1015.7,12.9,0.000,0.000,247736,339964,180372,6232,4.02,80.59
2026-07-14 20:53:22,30451.638672,B8DB8AF16E20,0002,male,C57BL/6,1.1.1,FR1,0,Status,72,72,9,1,0,0,,,,,Disabled,24.6,43.2,1015.7,12.9,0.000,0.000,247736,339964,180372,6369,4.02,80.42
2026-07-14 21:03:55,31085.208984,B8DB8AF16E20,0002,male,C57BL/6,1.1.1,FR1,0,Status,72,72,9,1,0,0,,,,,Disabled,24.5,43.2,1015.8,12.9,0.000,0.000,247736,339964,180372,6506,4.02,80.26
2026-07-14 21:14:28,31718.796875,B8DB8AF16E20,0002,male,C57BL/6,1.1.1,FR1,0,Status,72,72,9,1,0,0,,,,,Disabled,24.5,43.2,1015.9,12.9,0.000,0.000,247736,339964,180372,6643,4.02,80.26
2026-07-14 21:25:01,32352.345703,B8DB8AF16E20,0002,male,C57BL/6,1.1.1,FR1,0,Status,72,72,9,1,0,0,,,,,Disabled,24.5,43.2,1016.0,12.9,0.000,0.000,247736,339964,180372,6780,4.02,80.09
2026-07-14 21:35:34,32985.914062,B8DB8AF16E20,0002,male,C57BL/6,1.1.1,FR1,0,Status,72,72,9,1,0,0,,,,,Disabled,24.4,43.2,1016.1,12.9,0.000,0.000,247736,339964,180372,6917,4.03,80.09
2026-07-14 21:40:57,33309.121094,B8DB8AF16E20,0002,male,C57BL/6,1.1.1,FR1,0,Left,72,73,9,1,0,0,,,,,,,,,,,,,,,,,
2026-07-14 21:41:02,33314.425781,B8DB8AF16E20,0002,male,C57BL/6,1.1.1,FR1,0,PelletDrop,73,73,9,1,0,0,,,,,,,,,,,,,,,,,
2026-07-14 21:41:17,33329.476562,B8DB8AF16E20,0002,male,C57BL/6,1.1.1,FR1,0,PelletTaken,73,73,9,1,0,0,14.216,189.000,0,2,,,,,,,,,,,,,
2026-07-14 21:41:43,33354.781250,B8DB8AF16E20,0002,male,C57BL/6,1.1.1,FR1,0,Left,73,74,9,1,0,0,,,,,,,,,,,,,,,,,
2026-07-14 21:41:46,33357.894531,B8DB8AF16E20,0002,male,C57BL/6,1.1.1,FR1,0,PelletDrop,74,74,9,1,0,0,,,,,,,,,,,,,,,,,
2026-07-14 21:41:47,33359.320312,B8DB8AF16E20,0002,male,C57BL/6,1.1.1,FR1,0,PelletNotDetected,74,74,9,1,0,0,,,,,,,,,,,,,,,,,
2026-07-14 21:42:18,33389.847656,B8DB8AF16E20,0002,male,C57BL/6,1.1.1,FR1,0,Left,74,75,9,1,0,0,,,,,,,,,,,,,,,,,
2026-07-14 21:42:21,33392.886719,B8DB8AF16E20,0002,male,C57BL/6,1.1.1,FR1,0,PelletDrop,75,75,9,1,0,0,,,,,,,,,,,,,,,,,
2026-07-14 21:42:22,33394.328125,B8DB8AF16E20,0002,male,C57BL/6,1.1.1,FR1,0,PelletNotDetected,75,75,9,1,0,0,,,,,,,,,,,,,,,,,
2026-07-14 21:42:45,33417.355469,B8DB8AF16E20,0002,male,C57BL/6,1.1.1,FR1,0,Left,75,76,9,1,0,0,,,,,,,,,,,,,,,,,
2026-07-14 21:42:48,33420.390625,B8DB8AF16E20,0002,male,C57BL/6,1.1.1,FR1,0,PelletDrop,76,76,9,1,0,0,,,,,,,,,,,,,,,,,
2026-07-14 21:42:50,33421.816406,B8DB8AF16E20,0002,male,C57BL/6,1.1.1,FR1,0,PelletNotDetected,76,76,9,1,0,0,,,,,,,,,,,,,,,,,
2026-07-14 21:43:24,33455.847656,B8DB8AF16E20,0002,male,C57BL/6,1.1.1,FR1,0,Left,76,77,9,1,0,0,,,,,,,,,,,,,,,,,
2026-07-14 21:43:33,33465.296875,B8DB8AF16E20,0002,male,C57BL/6,1.1.1,FR1,0,PelletDrop,77,77,9,1,0,0,,,,,,,,,,,,,,,,,
2026-07-14 21:43:39,33471.402344,B8DB8AF16E20,0002,male,C57BL/6,1.1.1,FR1,0,PelletTaken,77,77,9,1,0,0,5.273,425.000,0,6,,,,,,,,,,,,,
2026-07-14 21:44:10,33502.406250,B8DB8AF16E20,0002,male,C57BL/6,1.1.1,FR1,0,Left,77,78,9,1,0,0,,,,,,,,,,,,,,,,,
2026-07-14 21:44:16,33507.726562,B8DB8AF16E20,0002,male,C57BL/6,1.1.1,FR1,0,PelletDrop,78,78,9,1,0,0,,,,,,,,,,,,,,,,,
2026-07-14 21:44:24,33515.804688,B8DB8AF16E20,0002,male,C57BL/6,1.1.1,FR1,0,PelletTaken,78,78,9,1,0,0,7.242,369.000,0,2,,,,,,,,,,,,,
2026-07-14 21:46:08,33620.074219,B8DB8AF16E20,0002,male,C57BL/6,1.1.1,FR1,0,Status,78,78,9,1,0,0,,,,,Disabled,24.5,42.6,1016.2,12.9,0.000,0.000,247736,339964,180372,7041,4.02,79.93
2026-07-14 21:48:33,33765.070312,B8DB8AF16E20,0002,male,C57BL/6,1.1.1,FR1,0,Center,78,78,9,2,0,0,,,,,,,,,,,,,,,,,
2026-07-14 21:48:35,33767.117188,B8DB8AF16E20,0002,male,C57BL/6,1.1.1,FR1,0,Left,78,79,9,2,0,0,,,,,,,,,,,,,,,,,
2026-07-14 21:48:40,33772.421875,B8DB8AF16E20,0002,male,C57BL/6,1.1.1,FR1,0,PelletDrop,79,79,9,2,0,0,,,,,,,,,,,,,,,,,
2026-07-14 21:48:54,33786.789062,B8DB8AF16E20,0002,male,C57BL/6,1.1.1,FR1,0,PelletTaken,79,79,9,2,0,0,13.535,322.000,0,2,,,,,,,,,,,,,
2026-07-14 21:49:25,33817.164062,B8DB8AF16E20,0002,male,C57BL/6,1.1.1,FR1,0,Center,79,79,9,3,0,0,,,,,,,,,,,,,,,,,
2026-07-14 21:49:28,33820.335938,B8DB8AF16E20,0002,male,C57BL/6,1.1.1,FR1,0,Center,79,79,9,4,0,0,,,,,,,,,,,,,,,,,
2026-07-14 21:49:39,33831.261719,B8DB8AF16E20,0002,male,C57BL/6,1.1.1,FR1,0,Center,79,79,9,5,0,0,,,,,,,,,,,,,,,,,
2026-07-14 21:49:45,33837.214844,B8DB8AF16E20,0002,male,C57BL/6,1.1.1,FR1,0,Center,79,79,9,6,0,0,,,,,,,,,,,,,,,,,
2026-07-14 21:50:06,33858.140625,B8DB8AF16E20,0002,male,C57BL/6,1.1.1,FR1,0,Right,79,79,10,6,0,0,,,,,,,,,,,,,,,,,
2026-07-14 21:56:40,34252.628906,B8DB8AF16E20,0002,male,C57BL/6,1.1.1,FR1,0,Status,79,79,10,6,0,0,,,,,Disabled,24.5,43.0,1016.3,12.9,0.000,0.000,247736,339964,180372,7176,4.01,79.77
2026-07-14 22:07:13,34886.199219,B8DB8AF16E20,0002,male,C57BL/6,1.1.1,FR1,0,Status,79,79,10,6,0,0,,,,,Disabled,24.5,43.0,1016.3,12.9,0.000,0.000,247736,339964,180372,7313,4.01,79.61
2026-07-14 22:17:46,35519.769531,B8DB8AF16E20,0002,male,C57BL/6,1.1.1,FR1,0,Status,79,79,10,6,0,0,,,,,Disabled,24.5,43.0,1016.4,12.9,0.000,0.000,247736,339964,180372,7450,4.01,79.61
2026-07-14 22:28:19,36153.335938,B8DB8AF16E20,0002,male,C57BL/6,1.1.1,FR1,0,Status,79,79,10,6,0,0,,,,,Disabled,24.5,43.0,1016.5,12.9,0.000,0.000,247736,339964,180372,7587,4.01,79.44
2026-07-14 22:38:52,36786.906250,B8DB8AF16E20,0002,male,C57BL/6,1.1.1,FR1,0,Status,79,79,10,6,0,0,,,,,Disabled,24.5,42.9,1016.5,13.0,0.000,0.000,247736,339964,180372,7724,4.01,79.44
2026-07-14 22:49:25,37420.484375,B8DB8AF16E20,0002,male,C57BL/6,1.1.1,FR1,0,Status,79,79,10,6,0,0,,,,,Disabled,24.5,42.9,1016.5,12.9,0.000,0.000,247736,339964,180372,7861,4.01,79.28
2026-07-14 22:59:57,38054.050781,B8DB8AF16E20,0002,male,C57BL/6,1.1.1,FR1,0,Status,79,79,10,6,0,0,,,,,Disabled,24.5,42.8,1016.5,12.9,0.000,0.000,247736,339964,180372,7998,4.02,79.12
2026-07-14 23:09:08,38605.546875,B8DB8AF16E20,0002,male,C57BL/6,1.1.1,FR1,0,Left,79,80,10,6,0,0,,,,,,,,,,,,,,,,,
2026-07-14 23:09:11,38608.632812,B8DB8AF16E20,0002,male,C57BL/6,1.1.1,FR1,0,PelletDrop,80,80,10,6,0,0,,,,,,,,,,,,,,,,,
2026-07-14 23:09:13,38610.074219,B8DB8AF16E20,0002,male,C57BL/6,1.1.1,FR1,0,PelletNotDetected,80,80,10,6,0,0,,,,,,,,,,,,,,,,,
2026-07-14 23:10:26,38682.750000,B8DB8AF16E20,0002,male,C57BL/6,1.1.1,FR1,0,Left,80,81,10,6,0,0,,,,,,,,,,,,,,,,,
2026-07-14 23:10:31,38688.007812,B8DB8AF16E20,0002,male,C57BL/6,1.1.1,FR1,0,PelletDrop,81,81,10,6,0,0,,,,,,,,,,,,,,,,,
2026-07-14 23:10:44,38701.285156,B8DB8AF16E20,0002,male,C57BL/6,1.1.1,FR1,0,PelletTaken,81,81,10,6,0,0,12.446,31.000,0,3,,,,,,,,,,,,,
2026-07-14 23:10:52,38709.273438,B8DB8AF16E20,0002,male,C57BL/6,1.1.1,FR1,0,Status,81,81,10,6,0,0,,,,,Disabled,24.5,42.4,1016.5,12.8,0.000,0.000,247736,339964,180372,8136,4.01,79.12
2026-07-14 23:11:31,38748.425781,B8DB8AF16E20,0002,male,C57BL/6,1.1.1,FR1,0,Left,81,82,10,6,0,0,,,,,,,,,,,,,,,,,
2026-07-14 23:11:36,38753.730469,B8DB8AF16E20,0002,male,C57BL/6,1.1.1,FR1,0,PelletDrop,82,82,10,6,0,0,,,,,,,,,,,,,,,,,
2026-07-14 23:11:49,38765.906250,B8DB8AF16E20,0002,male,C57BL/6,1.1.1,FR1,0,PelletTaken,82,82,10,6,0,0,11.345,858.000,0,2,,,,,,,,,,,,,
2026-07-14 23:13:04,38841.605469,B8DB8AF16E20,0002,male,C57BL/6,1.1.1,FR1,0,Left,82,83,10,6,0,0,,,,,,,,,,,,,,,,,
2026-07-14 23:13:10,38846.910156,B8DB8AF16E20,0002,male,C57BL/6,1.1.1,FR1,0,PelletDrop,83,83,10,6,0,0,,,,,,,,,,,,,,,,,
2026-07-14 23:13:22,38859.179688,B8DB8AF16E20,0002,male,C57BL/6,1.1.1,FR1,0,PelletTaken,83,83,10,6,0,0,11.434,12.000,0,2,,,,,,,,,,,,,
2026-07-14 23:15:40,38997.761719,B8DB8AF16E20,0002,male,C57BL/6,1.1.1,FR1,0,Left,83,84,10,6,0,0,,,,,,,,,,,,,,,,,
2026-07-14 23:15:46,39003.132812,B8DB8AF16E20,0002,male,C57BL/6,1.1.1,FR1,0,PelletDrop,84,84,10,6,0,0,,,,,,,,,,,,,,,,,
2026-07-14 23:15:47,39004.558594,B8DB8AF16E20,0002,male,C57BL/6,1.1.1,FR1,0,PelletNotDetected,84,84,10,6,0,0,,,,,,,,,,,,,,,,,
2026-07-14 23:16:14,39031.058594,B8DB8AF16E20,0002,male,C57BL/6,1.1.1,FR1,0,Left,84,85,10,6,0,0,,,,,,,,,,,,,,,,,
2026-07-14 23:16:21,39038.238281,B8DB8AF16E20,0002,male,C57BL/6,1.1.1,FR1,0,PelletDrop,85,85,10,6,0,0,,,,,,,,,,,,,,,,,
2026-07-14 23:16:31,39048.058594,B8DB8AF16E20,0002,male,C57BL/6,1.1.1,FR1,0,PelletTaken,85,85,10,6,0,0,8.970,228.000,0,4,,,,,,,,,,,,,
2026-07-14 23:17:11,39088.070312,B8DB8AF16E20,0002,male,C57BL/6,1.1.1,FR1,0,Left,85,86,10,6,0,0,,,,,,,,,,,,,,,,,
2026-07-14 23:17:22,39099.738281,B8DB8AF16E20,0002,male,C57BL/6,1.1.1,FR1,0,PelletDrop,86,86,10,6,0,0,,,,,,,,,,,,,,,,,
2026-07-14 23:17:30,39107.613281,B8DB8AF16E20,0002,male,C57BL/6,1.1.1,FR1,0,PelletTaken,86,86,10,6,0,0,7.044,21.000,0,4,,,,,,,,,,,,,
2026-07-14 23:21:04,39321.277344,B8DB8AF16E20,0002,male,C57BL/6,1.1.1,FR1,0,Status,86,86,10,6,0,0,,,,,Disabled,24.6,42.5,1016.4,12.9,0.000,0.000,247736,339964,180372,8252,4.02,78.79
2026-07-14 23:31:36,39954.824219,B8DB8AF16E20,0002,male,C57BL/6,1.1.1,FR1,0,Status,86,86,10,6,0,0,,,,,Disabled,24.6,43.2,1016.4,12.9,0.000,0.000,247736,339964,180372,8389,4.01,78.79
2026-07-14 23:42:09,40588.394531,B8DB8AF16E20,0002,male,C57BL/6,1.1.1,FR1,0,Status,86,86,10,6,0,0,,,,,Disabled,24.6,43.2,1016.3,12.8,0.000,0.000,247736,339964,180372,8526,4.01,78.63
2026-07-14 23:50:05,41064.210938,B8DB8AF16E20,0002,male,C57BL/6,1.1.1,FR1,0,Right,86,86,11,6,0,0,,,,,,,,,,,,,,,,,
2026-07-14 23:52:41,41220.972656,B8DB8AF16E20,0002,male,C57BL/6,1.1.1,FR1,0,Status,86,86,11,6,0,0,,,,,Disabled,24.6,43.3,1016.3,12.8,0.000,0.000,247736,339964,180372,8663,4.01,78.63
2026-07-14 23:52:51,41230.339844,B8DB8AF16E20,0002,male,C57BL/6,1.1.1,FR1,0,Right,86,86,12,6,0,0,,,,,,,,,,,,,,,,,
2026-07-14 23:53:52,41291.839844,B8DB8AF16E20,0002,male,C57BL/6,1.1.1,FR1,0,Right,86,86,13,6,0,0,,,,,,,,,,,,,,,,,
2026-07-14 23:53:55,41294.222656,B8DB8AF16E20,0002,male,C57BL/6,1.1.1,FR1,0,Right,86,86,14,6,0,0,,,,,,,,,,,,,,,,,
2026-07-14 23:54:01,41300.808594,B8DB8AF16E20,0002,male,C57BL/6,1.1.1,FR1,0,Left,86,87,14,6,0,0,,,,,,,,,,,,,,,,,
2026-07-14 23:54:10,41309.406250,B8DB8AF16E20,0002,male,C57BL/6,1.1.1,FR1,0,PelletDrop,87,87,14,6,0,0,,,,,,,,,,,,,,,,,
2026-07-14 23:54:21,41320.507812,B8DB8AF16E20,0002,male,C57BL/6,1.1.1,FR1,0,PelletTaken,87,87,14,6,0,0,10.268,22.000,0,3,,,,,,,,,,,,,
2026-07-14 23:54:53,41352.753906,B8DB8AF16E20,0002,male,C57BL/6,1.1.1,FR1,0,Left,87,88,14,6,0,0,,,,,,,,,,,,,,,,,
2026-07-14 23:54:58,41358.058594,B8DB8AF16E20,0002,male,C57BL/6,1.1.1,FR1,0,PelletDrop,88,88,14,6,0,0,,,,,,,,,,,,,,,,,
2026-07-14 23:55:08,41367.367188,B8DB8AF16E20,0002,male,C57BL/6,1.1.1,FR1,0,PelletTaken,88,88,14,6,0,0,8.475,228.000,0,2,,,,,,,,,,,,,
2026-07-14 23:55:37,41396.519531,B8DB8AF16E20,0002,male,C57BL/6,1.1.1,FR1,0,Left,88,89,14,6,0,0,,,,,,,,,,,,,,,,,
2026-07-14 23:55:41,41400.746094,B8DB8AF16E20,0002,male,C57BL/6,1.1.1,FR1,0,PelletDrop,89,89,14,6,0,0,,,,,,,,,,,,,,,,,
2026-07-14 23:55:52,41411.945312,B8DB8AF16E20,0002,male,C57BL/6,1.1.1,FR1,0,PelletTaken,89,89,14,6,0,0,10.367,22.000,0,1,,,,,,,,,,,,,
2026-07-14 23:57:21,41500.957031,B8DB8AF16E20,0002,male,C57BL/6,1.1.1,FR1,0,Right,89,89,15,6,0,0,,,,,,,,,,,,,,,,,
2026-07-14 23:57:22,41502.324219,B8DB8AF16E20,0002,male,C57BL/6,1.1.1,FR1,0,Right,89,89,16,6,0,0,,,,,,,,,,,,,,,,,
2026-07-15 00:03:12,41851.914062,B8DB8AF16E20,0002,male,C57BL/6,1.1.1,FR1,0,Status,89,89,16,6,0,0,,,,,Disabled,24.7,43.1,1016.3,12.7,0.000,0.000,247736,339964,180372,8793,4.00,78.46
2026-07-15 00:13:45,42485.484375,B8DB8AF16E20,0002,male,C57BL/6,1.1.1,FR1,0,Status,89,89,16,6,0,0,,,,,Disabled,24.7,43.1,1016.3,12.7,0.000,0.000,247736,339964,180372,8930,4.01,78.30
2026-07-15 00:24:18,43119.058594,B8DB8AF16E20,0002,male,C57BL/6,1.1.1,FR1,0,Status,89,89,16,6,0,0,,,,,Disabled,24.6,43.2,1016.3,12.7,0.000,0.000,247736,339964,180372,9067,4.01,78.14
2026-07-15 00:25:49,43210.617188,B8DB8AF16E20,0002,male,C57BL/6,1.1.1,FR1,0,Left,89,90,16,6,0,0,,,,,,,,,,,,,,,,,
2026-07-15 00:25:54,43215.921875,B8DB8AF16E20,0002,male,C57BL/6,1.1.1,FR1,0,PelletDrop,90,90,16,6,0,0,,,,,,,,,,,,,,,,,
2026-07-15 00:26:05,43226.847656,B8DB8AF16E20,0002,male,C57BL/6,1.1.1,FR1,0,PelletTaken,90,90,16,6,0,0,10.092,13.000,0,2,,,,,,,,,,,,,
2026-07-15 00:26:25,43246.523438,B8DB8AF16E20,0002,male,C57BL/6,1.1.1,FR1,0,Left,90,91,16,6,0,0,,,,,,,,,,,,,,,,,
2026-07-15 00:26:30,43251.843750,B8DB8AF16E20,0002,male,C57BL/6,1.1.1,FR1,0,PelletDrop,91,91,16,6,0,0,,,,,,,,,,,,,,,,,
2026-07-15 00:26:41,43262.921875,B8DB8AF16E20,0002,male,C57BL/6,1.1.1,FR1,0,PelletTaken,91,91,16,6,0,0,10.246,21.000,0,2,,,,,,,,,,,,,
2026-07-15 00:27:08,43289.289062,B8DB8AF16E20,0002,male,C57BL/6,1.1.1,FR1,0,Left,91,92,16,6,0,0,,,,,,,,,,,,,,,,,
2026-07-15 00:27:13,43294.593750,B8DB8AF16E20,0002,male,C57BL/6,1.1.1,FR1,0,PelletDrop,92,92,16,6,0,0,,,,,,,,,,,,,,,,,
2026-07-15 00:27:23,43304.597656,B8DB8AF16E20,0002,male,C57BL/6,1.1.1,FR1,0,PelletTaken,92,92,16,6,0,0,9.156,219.000,0,2,,,,,,,,,,,,,
2026-07-15 00:27:54,43335.390625,B8DB8AF16E20,0002,male,C57BL/6,1.1.1,FR1,0,Left,92,93,16,6,0,0,,,,,,,,,,,,,,,,,
2026-07-15 00:27:59,43340.695312,B8DB8AF16E20,0002,male,C57BL/6,1.1.1,FR1,0,PelletDrop,93,93,16,6,0,0,,,,,,,,,,,,,,,,,
2026-07-15 00:28:11,43352.589844,B8DB8AF16E20,0002,male,C57BL/6,1.1.1,FR1,0,PelletTaken,93,93,16,6,0,0,11.059,154.000,0,2,,,,,,,,,,,,,
2026-07-15 00:31:11,43532.769531,B8DB8AF16E20,0002,male,C57BL/6,1.1.1,FR1,0,Left,93,94,16,6,0,0,,,,,,,,,,,,,,,,,
2026-07-15 00:31:14,43536.050781,B8DB8AF16E20,0002,male,C57BL/6,1.1.1,FR1,0,PelletDrop,94,94,16,6,0,0,,,,,,,,,,,,,,,,,
2026-07-15 00:31:16,43537.476562,B8DB8AF16E20,0002,male,C57BL/6,1.1.1,FR1,0,PelletNotDetected,94,94,16,6,0,0,,,,,,,,,,,,,,,,,
2026-07-15 00:34:49,43751.101562,B8DB8AF16E20,0002,male,C57BL/6,1.1.1,FR1,0,Status,94,94,16,6,0,0,,,,,Disabled,24.7,42.9,1016.3,12.7,0.000,0.000,247736,339964,180372,9189,4.01,77.98
2026-07-15 00:45:22,44384.687500,B8DB8AF16E20,0002,male,C57BL/6,1.1.1,FR1,0,Status,94,94,16,6,0,0,,,,,Disabled,24.6,43.0,1016.3,12.7,0.000,0.000,247736,339964,180372,9326,4.01,77.98
2026-07-15 00:55:55,45018.257812,B8DB8AF16E20,0002,male,C57BL/6,1.1.1,FR1,0,Status,94,94,16,6,0,0,,,,,Disabled,24.6,42.9,1016.3,12.7,0.000,0.000,247736,339964,180372,9463,4.01,77.98
2026-07-15 01:00:12,45275.628906,B8DB8AF16E20,0002,male,C57BL/6,1.1.1,FR1,0,Left,94,95,16,6,0,0,,,,,,,,,,,,,,,,,
2026-07-15 01:00:15,45278.484375,B8DB8AF16E20,0002,male,C57BL/6,1.1.1,FR1,0,PelletDrop,95,95,16,6,0,0,,,,,,,,,,,,,,,,,
2026-07-15 01:00:17,45279.910156,B8DB8AF16E20,0002,male,C57BL/6,1.1.1,FR1,0,PelletNotDetected,95,95,16,6,0,0,,,,,,,,,,,,,,,,,
2026-07-15 01:00:41,45304.894531,B8DB8AF16E20,0002,male,C57BL/6,1.1.1,FR1,0,Left,95,96,16,6,0,0,,,,,,,,,,,,,,,,,
2026-07-15 01:00:45,45307.980469,B8DB8AF16E20,0002,male,C57BL/6,1.1.1,FR1,0,PelletDrop,96,96,16,6,0,0,,,,,,,,,,,,,,,,,
2026-07-15 01:00:46,45309.421875,B8DB8AF16E20,0002,male,C57BL/6,1.1.1,FR1,0,PelletNotDetected,96,96,16,6,0,0,,,,,,,,,,,,,,,,,
2026-07-15 01:01:17,45340.207031,B8DB8AF16E20,0002,male,C57BL/6,1.1.1,FR1,0,Left,96,97,16,6,0,0,,,,,,,,,,,,,,,,,
2026-07-15 01:01:26,45349.605469,B8DB8AF16E20,0002,male,C57BL/6,1.1.1,FR1,0,PelletDrop,97,97,16,6,0,0,,,,,,,,,,,,,,,,,
2026-07-15 01:01:35,45358.261719,B8DB8AF16E20,0002,male,C57BL/6,1.1.1,FR1,0,PelletTaken,97,97,16,6,0,0,7.825,30.000,0,6,,,,,,,,,,,,,
2026-07-15 01:02:09,45392.265625,B8DB8AF16E20,0002,male,C57BL/6,1.1.1,FR1,0,Left,97,98,16,6,0,0,,,,,,,,,,,,,,,,,
2026-07-15 01:02:12,45395.351562,B8DB8AF16E20,0002,male,C57BL/6,1.1.1,FR1,0,PelletDrop,98,98,16,6,0,0,,,,,,,,,,,,,,,,,
2026-07-15 01:02:13,45396.777344,B8DB8AF16E20,0002,male,C57BL/6,1.1.1,FR1,0,PelletNotDetected,98,98,16,6,0,0,,,,,,,,,,,,,,,,,
2026-07-15 01:02:39,45422.906250,B8DB8AF16E20,0002,male,C57BL/6,1.1.1,FR1,0,Left,98,99,16,6,0,0,,,,,,,,,,,,,,,,,
2026-07-15 01:02:45,45428.128906,B8DB8AF16E20,0002,male,C57BL/6,1.1.1,FR1,0,PelletDrop,99,99,16,6,0,0,,,,,,,,,,,,,,,,,
2026-07-15 01:02:55,45438.722656,B8DB8AF16E20,0002,male,C57BL/6,1.1.1,FR1,0,PelletTaken,99,99,16,6,0,0,9.761,11.000,0,3,,,,,,,,,,,,,
2026-07-15 01:06:28,45651.550781,B8DB8AF16E20,0002,male,C57BL/6,1.1.1,FR1,0,Status,99,99,16,6,0,0,,,,,Disabled,24.6,42.6,1016.2,12.7,0.000,0.000,247736,339964,180372,9592,4.00,77.81
2026-07-15 01:17:01,46285.121094,B8DB8AF16E20,0002,male,C57BL/6,1.1.1,FR1,0,Status,99,99,16,6,0,0,,,,,Disabled,24.6,42.8,1016.2,12.8,0.000,0.000,247736,339964,180372,9729,4.00,77.65
2026-07-15 01:27:34,46918.707031,B8DB8AF16E20,0002,male,C57BL/6,1.1.1,FR1,0,Status,99,99,16,6,0,0,,,,,Disabled,24.6,42.8,1016.2,12.8,0.000,0.000,247736,339964,180372,9866,4.00,77.48
2026-07-15 01:38:07,47552.277344,B8DB8AF16E20,0002,male,C57BL/6,1.1.1,FR1,0,Status,99,99,16,6,0,0,,,,,Disabled,24.6,42.8,1016.1,12.8,0.000,0.000,247736,339964,180372,10003,4.00,77.48
2026-07-15 01:48:40,48185.835938,B8DB8AF16E20,0002,male,C57BL/6,1.1.1,FR1,0,Status,99,99,16,6,0,0,,,,,Disabled,24.5,42.8,1016.1,12.8,0.000,0.000,247736,339964,180372,10140,4.00,77.32
2026-07-15 01:59:13,48819.421875,B8DB8AF16E20,0002,male,C57BL/6,1.1.1,FR1,0,Status,99,99,16,6,0,0,,,,,Disabled,24.5,42.8,1016.0,12.8,0.000,0.000,247736,339964,180372,10277,4.00,77.16
2026-07-15 02:09:46,49452.992188,B8DB8AF16E20,0002,male,C57BL/6,1.1.1,FR1,0,Status,99,99,16,6,0,0,,,,,Disabled,24.5,42.8,1016.0,12.8,0.000,0.000,247736,339964,180372,10414,4.01,77.16
2026-07-15 02:14:48,49755.851562,B8DB8AF16E20,0002,male,C57BL/6,1.1.1,FR1,0,Left,99,100,16,6,0,0,,,,,,,,,,,,,,,,,
2026-07-15 02:14:54,49761.156250,B8DB8AF16E20,0002,male,C57BL/6,1.1.1,FR1,0,PelletDrop,100,100,16,6,0,0,,,,,,,,,,,,,,,,,
2026-07-15 02:15:13,49780.574219,B8DB8AF16E20,0002,male,C57BL/6,1.1.1,FR1,0,PelletTaken,100,100,16,6,0,0,18.584,237.000,0,2,,,,,,,,,,,,,
2026-07-15 02:20:18,50086.117188,B8DB8AF16E20,0002,male,C57BL/6,1.1.1,FR1,0,Status,100,100,16,6,0,0,,,,,Disabled,24.5,42.6,1015.9,12.8,0.000,0.000,247736,339964,180372,10547,4.00,77.00
2026-07-15 02:30:51,50719.839844,B8DB8AF16E20,0002,male,C57BL/6,1.1.1,FR1,0,Status,100,100,16,6,0,0,,,,,Disabled,24.5,42.8,1015.8,12.8,0.000,0.000,247736,339964,180372,10684,4.00,77.00
2026-07-15 02:41:24,51353.542969,B8DB8AF16E20,0002,male,C57BL/6,1.1.1,FR1,0,Status,100,100,16,6,0,0,,,,,Disabled,24.5,42.8,1015.8,12.8,0.000,0.000,247736,339964,180372,10821,3.99,76.83
2026-07-15 02:51:57,51987.230469,B8DB8AF16E20,0002,male,C57BL/6,1.1.1,FR1,0,Status,100,100,16,6,0,0,,,,,Disabled,24.5,42.8,1015.8,12.8,0.000,0.000,247736,339964,180372,10958,3.99,76.83
2026-07-15 03:02:31,52620.949219,B8DB8AF16E20,0002,male,C57BL/6,1.1.1,FR1,0,Status,100,100,16,6,0,0,,,,,Disabled,24.5,42.8,1015.7,12.8,0.000,0.000,247736,339964,180372,11095,3.99,76.67
2026-07-15 03:13:04,53254.656250,B8DB8AF16E20,0002,male,C57BL/6,1.1.1,FR1,0,Status,100,100,16,6,0,0,,,,,Disabled,24.5,42.8,1015.7,12.8,0.000,0.000,247736,339964,180372,11232,3.99,76.51
2026-07-15 03:23:37,53888.339844,B8DB8AF16E20,0002,male,C57BL/6,1.1.1,FR1,0,Status,100,100,16,6,0,0,,,,,Disabled,24.5,42.8,1015.7,12.8,0.000,0.000,247736,339964,180372,11369,3.99,76.51
2026-07-15 03:34:10,54522.062500,B8DB8AF16E20,0002,male,C57BL/6,1.1.1,FR1,0,Status,100,100,16,6,0,0,,,,,Disabled,24.4,42.7,1015.7,12.8,0.000,0.000,247736,339964,180372,11506,4.00,76.34
2026-07-15 03:44:43,55155.765625,B8DB8AF16E20,0002,male,C57BL/6,1.1.1,FR1,0,Status,100,100,16,6,0,0,,,,,Disabled,24.4,42.7,1015.7,12.8,0.000,0.000,247736,339964,180372,11643,4.00,76.34
2026-07-15 03:55:16,55789.464844,B8DB8AF16E20,0002,male,C57BL/6,1.1.1,FR1,0,Status,100,100,16,6,0,0,,,,,Disabled,24.4,42.7,1015.7,12.8,0.000,0.000,247736,339964,180372,11780,4.00,76.18
2026-07-15 03:59:56,56069.894531,B8DB8AF16E20,0002,male,C57BL/6,1.1.1,FR1,0,Right,100,100,17,6,0,0,,,,,,,,,,,,,,,,,
2026-07-15 04:00:27,56100.199219,B8DB8AF16E20,0002,male,C57BL/6,1.1.1,FR1,0,Left,100,101,17,6,0,0,,,,,,,,,,,,,,,,,
2026-07-15 04:00:34,56107.722656,B8DB8AF16E20,0002,male,C57BL/6,1.1.1,FR1,0,PelletDrop,101,101,17,6,0,0,,,,,,,,,,,,,,,,,
2026-07-15 04:00:36,56109.164062,B8DB8AF16E20,0002,male,C57BL/6,1.1.1,FR1,0,PelletNotDetected,101,101,17,6,0,0,,,,,,,,,,,,,,,,,
2026-07-15 04:01:09,56142.808594,B8DB8AF16E20,0002,male,C57BL/6,1.1.1,FR1,0,Left,101,102,17,6,0,0,,,,,,,,,,,,,,,,,
2026-07-15 04:01:17,56151.113281,B8DB8AF16E20,0002,male,C57BL/6,1.1.1,FR1,0,PelletDrop,102,102,17,6,0,0,,,,,,,,,,,,,,,,,
2026-07-15 04:01:28,56161.441406,B8DB8AF16E20,0002,male,C57BL/6,1.1.1,FR1,0,PelletTaken,102,102,17,6,0,0,9.497,170.000,0,5,,,,,,,,,,,,,
2026-07-15 04:02:02,56195.507812,B8DB8AF16E20,0002,male,C57BL/6,1.1.1,FR1,0,Left,102,103,17,6,0,0,,,,,,,,,,,,,,,,,
2026-07-15 04:02:07,56200.812500,B8DB8AF16E20,0002,male,C57BL/6,1.1.1,FR1,0,PelletDrop,103,103,17,6,0,0,,,,,,,,,,,,,,,,,
2026-07-15 04:02:26,56219.687500,B8DB8AF16E20,0002,male,C57BL/6,1.1.1,FR1,0,PelletTaken,103,103,17,6,0,0,18.044,11.000,0,2,,,,,,,,,,,,,
2026-07-15 04:03:12,56265.437500,B8DB8AF16E20,0002,male,C57BL/6,1.1.1,FR1,0,Left,103,104,17,6,0,0,,,,,,,,,,,,,,,,,
2026-07-15 04:03:15,56268.550781,B8DB8AF16E20,0002,male,C57BL/6,1.1.1,FR1,0,PelletDrop,104,104,17,6,0,0,,,,,,,,,,,,,,,,,
2026-07-15 04:03:16,56269.976562,B8DB8AF16E20,0002,male,C57BL/6,1.1.1,FR1,0,PelletNotDetected,104,104,17,6,0,0,,,,,,,,,,,,,,,,,
2026-07-15 04:05:48,56422.386719,B8DB8AF16E20,0002,male,C57BL/6,1.1.1,FR1,0,Status,104,104,17,6,0,0,,,,,Disabled,24.5,42.5,1015.7,12.7,0.000,0.000,247736,339964,180372,11907,3.99,76.02
2026-07-15 04:16:22,57056.093750,B8DB8AF16E20,0002,male,C57BL/6,1.1.1,FR1,0,Status,104,104,17,6,0,0,,,,,Disabled,24.5,42.7,1015.7,12.7,0.000,0.000,247736,339964,180372,12044,3.99,75.86
2026-07-15 04:26:55,57689.792969,B8DB8AF16E20,0002,male,C57BL/6,1.1.1,FR1,0,Status,104,104,17,6,0,0,,,,,Disabled,24.5,42.7,1015.7,12.8,0.000,0.000,247736,339964,180372,12181,3.98,75.86
2026-07-15 04:37:28,58323.500000,B8DB8AF16E20,0002,male,C57BL/6,1.1.1,FR1,0,Status,104,104,17,6,0,0,,,,,Disabled,24.5,42.7,1015.7,12.8,0.000,0.000,247736,339964,180372,12318,3.98,75.69
2026-07-15 04:48:01,58957.218750,B8DB8AF16E20,0002,male,C57BL/6,1.1.1,FR1,0,Status,104,104,17,6,0,0,,,,,Disabled,24.5,42.7,1015.7,12.7,0.000,0.000,247736,339964,180372,12455,3.98,75.53
2026-07-15 04:58:34,59590.902344,B8DB8AF16E20,0002,male,C57BL/6,1.1.1,FR1,0,Status,104,104,17,6,0,0,,,,,Disabled,24.5,42.8,1015.7,12.8,0.000,0.000,247736,339964,180372,12592,3.98,75.53
2026-07-15 05:00:23,59700.191406,B8DB8AF16E20,0002,male,C57BL/6,1.1.1,FR1,0,Right,104,104,18,6,0,0,,,,,,,,,,,,,,,,,
2026-07-15 05:00:24,59701.476562,B8DB8AF16E20,0002,male,C57BL/6,1.1.1,FR1,0,Right,104,104,19,6,0,0,,,,,,,,,,,,,,,,,
2026-07-15 05:00:28,59705.109375,B8DB8AF16E20,0002,male,C57BL/6,1.1.1,FR1,0,Right,104,104,20,6,0,0,,,,,,,,,,,,,,,,,
2026-07-15 05:00:31,59708.386719,B8DB8AF16E20,0002,male,C57BL/6,1.1.1,FR1,0,Left,104,105,20,6,0,0,,,,,,,,,,,,,,,,,
2026-07-15 05:00:34,59711.472656,B8DB8AF16E20,0002,male,C57BL/6,1.1.1,FR1,0,PelletDrop,105,105,20,6,0,0,,,,,,,,,,,,,,,,,
2026-07-15 05:00:36,59712.898438,B8DB8AF16E20,0002,male,C57BL/6,1.1.1,FR1,0,PelletNotDetected,105,105,20,6,0,0,,,,,,,,,,,,,,,,,
2026-07-15 05:00:53,59729.910156,B8DB8AF16E20,0002,male,C57BL/6,1.1.1,FR1,0,Left,105,106,20,6,0,0,,,,,,,,,,,,,,,,,
2026-07-15 05:01:00,59737.089844,B8DB8AF16E20,0002,male,C57BL/6,1.1.1,FR1,0,PelletDrop,106,106,20,6,0,0,,,,,,,,,,,,,,,,,
2026-07-15 05:01:05,59742.503906,B8DB8AF16E20,0002,male,C57BL/6,1.1.1,FR1,0,PelletTaken,106,106,20,6,0,0,4.581,115.000,0,4,,,,,,,,,,,,,
2026-07-15 05:01:35,59772.269531,B8DB8AF16E20,0002,male,C57BL/6,1.1.1,FR1,0,Left,106,107,20,6,0,0,,,,,,,,,,,,,,,,,
2026-07-15 05:01:47,59783.996094,B8DB8AF16E20,0002,male,C57BL/6,1.1.1,FR1,0,PelletDrop,107,107,20,6,0,0,,,,,,,,,,,,,,,,,
2026-07-15 05:01:53,59790.554688,B8DB8AF16E20,0002,male,C57BL/6,1.1.1,FR1,0,PelletTaken,107,107,20,6,0,0,5.724,142.000,0,4,,,,,,,,,,,,,
2026-07-15 05:02:44,59841.382812,B8DB8AF16E20,0002,male,C57BL/6,1.1.1,FR1,0,Left,107,108,20,6,0,0,,,,,,,,,,,,,,,,,
2026-07-15 05:02:48,59845.398438,B8DB8AF16E20,0002,male,C57BL/6,1.1.1,FR1,0,PelletDrop,108,108,20,6,0,0,,,,,,,,,,,,,,,,,
2026-07-15 05:02:50,59846.851562,B8DB8AF16E20,0002,male,C57BL/6,1.1.1,FR1,0,PelletNotDetected,108,108,20,6,0,0,,,,,,,,,,,,,,,,,
2026-07-15 05:08:06,60163.375000,B8DB8AF16E20,0002,male,C57BL/6,1.1.1,FR1,0,Left,108,109,20,6,0,0,,,,,,,,,,,,,,,,,
2026-07-15 05:08:09,60166.363281,B8DB8AF16E20,0002,male,C57BL/6,1.1.1,FR1,0,PelletDrop,109,109,20,6,0,0,,,,,,,,,,,,,,,,,
2026-07-15 05:08:10,60167.308594,B8DB8AF16E20,0002,male,C57BL/6,1.1.1,FR1,0,PelletTaken,109,109,20,6,0,0,0.114,31.000,0,2,,,,,,,,,,,,,
2026-07-15 05:09:06,60223.503906,B8DB8AF16E20,0002,male,C57BL/6,1.1.1,FR1,0,Status,109,109,20,6,0,0,,,,,Disabled,24.5,42.5,1015.7,12.7,0.000,0.000,247736,339964,180372,12723,3.99,75.37
2026-07-15 05:18:00,60757.640625,B8DB8AF16E20,0002,male,C57BL/6,1.1.1,FR1,0,Left,109,110,20,6,0,0,,,,,,,,,,,,,,,,,
2026-07-15 05:18:03,60760.777344,B8DB8AF16E20,0002,male,C57BL/6,1.1.1,FR1,0,PelletDrop,110,110,20,6,0,0,,,,,,,,,,,,,,,,,
2026-07-15 05:18:04,60762.214844,B8DB8AF16E20,0002,male,C57BL/6,1.1.1,FR1,0,PelletNotDetected,110,110,20,6,0,0,,,,,,,,,,,,,,,,,
2026-07-15 05:18:22,60779.953125,B8DB8AF16E20,0002,male,C57BL/6,1.1.1,FR1,0,Left,110,111,20,6,0,0,,,,,,,,,,,,,,,,,
2026-07-15 05:18:27,60785.164062,B8DB8AF16E20,0002,male,C57BL/6,1.1.1,FR1,0,PelletDrop,111,111,20,6,0,0,,,,,,,,,,,,,,,,,
2026-07-15 05:18:37,60794.921875,B8DB8AF16E20,0002,male,C57BL/6,1.1.1,FR1,0,PelletTaken,111,111,20,6,0,0,8.925,200.000,0,3,,,,,,,,,,,,,
2026-07-15 05:19:37,60855.468750,B8DB8AF16E20,0002,male,C57BL/6,1.1.1,FR1,0,Status,111,111,20,6,0,0,,,,,Disabled,24.6,42.6,1015.8,12.7,0.000,0.000,247736,339964,180372,12858,3.99,75.37
2026-07-15 05:20:16,60894.378906,B8DB8AF16E20,0002,male,C57BL/6,1.1.1,FR1,0,Right,111,111,21,6,0,0,,,,,,,,,,,,,,,,,
2026-07-15 05:20:17,60895.453125,B8DB8AF16E20,0002,male,C57BL/6,1.1.1,FR1,0,Right,111,111,22,6,0,0,,,,,,,,,,,,,,,,,
2026-07-15 05:20:31,60909.281250,B8DB8AF16E20,0002,male,C57BL/6,1.1.1,FR1,0,Right,111,111,23,6,0,0,,,,,,,,,,,,,,,,,
2026-07-15 05:20:32,60910.382812,B8DB8AF16E20,0002,male,C57BL/6,1.1.1,FR1,0,Right,111,111,24,6,0,0,,,,,,,,,,,,,,,,,
2026-07-15 05:20:37,60915.058594,B8DB8AF16E20,0002,male,C57BL/6,1.1.1,FR1,0,Right,111,111,25,6,0,0,,,,,,,,,,,,,,,,,
2026-07-15 05:20:41,60919.597656,B8DB8AF16E20,0002,male,C57BL/6,1.1.1,FR1,0,Right,111,111,26,6,0,0,,,,,,,,,,,,,,,,,
2026-07-15 05:20:45,60923.046875,B8DB8AF16E20,0002,male,C57BL/6,1.1.1,FR1,0,Left,111,112,26,6,0,0,,,,,,,,,,,,,,,,,
2026-07-15 05:20:50,60928.367188,B8DB8AF16E20,0002,male,C57BL/6,1.1.1,FR1,0,PelletDrop,112,112,26,6,0,0,,,,,,,,,,,,,,,,,
2026-07-15 05:20:59,60937.089844,B8DB8AF16E20,0002,male,C57BL/6,1.1.1,FR1,0,PelletTaken,112,112,26,6,0,0,7.891,30.000,0,2,,,,,,,,,,,,,
2026-07-15 05:21:20,60957.792969,B8DB8AF16E20,0002,male,C57BL/6,1.1.1,FR1,0,Left,112,113,26,6,0,0,,,,,,,,,,,,,,,,,
2026-07-15 05:21:25,60963.097656,B8DB8AF16E20,0002,male,C57BL/6,1.1.1,FR1,0,PelletDrop,113,113,26,6,0,0,,,,,,,,,,,,,,,,,
2026-07-15 05:21:34,60972.023438,B8DB8AF16E20,0002,male,C57BL/6,1.1.1,FR1,0,PelletTaken,113,113,26,6,0,0,8.079,30.000,0,2,,,,,,,,,,,,,
2026-07-15 05:22:35,61033.527344,B8DB8AF16E20,0002,male,C57BL/6,1.1.1,FR1,0,Left,113,114,26,6,0,0,,,,,,,,,,,,,,,,,
2026-07-15 05:22:41,61038.832031,B8DB8AF16E20,0002,male,C57BL/6,1.1.1,FR1,0,PelletDrop,114,114,26,6,0,0,,,,,,,,,,,,,,,,,
2026-07-15 05:22:53,61051.164062,B8DB8AF16E20,0002,male,C57BL/6,1.1.1,FR1,0,PelletTaken,114,114,26,6,0,0,11.500,134.000,0,2,,,,,,,,,,,,,
2026-07-15 05:30:09,61487.507812,B8DB8AF16E20,0002,male,C57BL/6,1.1.1,FR1,0,Status,114,114,26,6,0,0,,,,,Disabled,24.6,42.9,1015.8,12.6,0.000,0.000,247736,339964,180372,12989,3.99,75.20
2026-07-15 05:37:02,61901.089844,B8DB8AF16E20,0002,male,C57BL/6,1.1.1,FR1,0,Right,114,114,27,6,0,0,,,,,,,,,,,,,,,,,
2026-07-15 05:40:40,62119.132812,B8DB8AF16E20,0002,male,C57BL/6,1.1.1,FR1,0,Status,114,114,27,6,0,0,,,,,Disabled,24.6,43.1,1015.8,12.7,0.000,0.000,247736,339964,180372,13126,3.98,75.04
2026-07-15 05:41:37,62176.539062,B8DB8AF16E20,0002,male,C57BL/6,1.1.1,FR1,0,Left,114,115,27,6,0,0,,,,,,,,,,,,,,,,,
2026-07-15 05:41:40,62179.691406,B8DB8AF16E20,0002,male,C57BL/6,1.1.1,FR1,0,PelletDrop,115,115,27,6,0,0,,,,,,,,,,,,,,,,,
2026-07-15 05:41:42,62181.117188,B8DB8AF16E20,0002,male,C57BL/6,1.1.1,FR1,0,PelletNotDetected,115,115,27,6,0,0,,,,,,,,,,,,,,,,,
2026-07-15 05:42:25,62224.113281,B8DB8AF16E20,0002,male,C57BL/6,1.1.1,FR1,0,Left,115,116,27,6,0,0,,,,,,,,,,,,,,,,,
2026-07-15 05:42:34,62233.523438,B8DB8AF16E20,0002,male,C57BL/6,1.1.1,FR1,0,PelletDrop,116,116,27,6,0,0,,,,,,,,,,,,,,,,,
2026-07-15 05:42:41,62240.000000,B8DB8AF16E20,0002,male,C57BL/6,1.1.1,FR1,0,PelletTaken,116,116,27,6,0,0,5.592,20.000,0,4,,,,,,,,,,,,,
2026-07-15 05:43:05,62264.843750,B8DB8AF16E20,0002,male,C57BL/6,1.1.1,FR1,0,Left,116,117,27,6,0,0,,,,,,,,,,,,,,,,,
2026-07-15 05:43:10,62269.003906,B8DB8AF16E20,0002,male,C57BL/6,1.1.1,FR1,0,PelletDrop,117,117,27,6,0,0,,,,,,,,,,,,,,,,,
2026-07-15 05:43:11,62270.429688,B8DB8AF16E20,0002,male,C57BL/6,1.1.1,FR1,0,PelletNotDetected,117,117,27,6,0,0,,,,,,,,,,,,,,,,,
2026-07-15 05:43:36,62295.507812,B8DB8AF16E20,0002,male,C57BL/6,1.1.1,FR1,0,Right,117,117,28,6,0,0,,,,,,,,,,,,,,,,,
2026-07-15 05:51:10,62749.828125,B8DB8AF16E20,0002,male,C57BL/6,1.1.1,FR1,0,Status,117,117,28,6,0,0,,,,,Disabled,24.6,42.8,1015.8,12.6,0.000,0.000,247736,339964,180372,13257,3.98,74.88
2026-07-15 05:54:49,62968.558594,B8DB8AF16E20,0002,male,C57BL/6,1.1.1,FR1,0,Left,117,118,28,6,0,0,,,,,,,,,,,,,,,,,
2026-07-15 05:54:57,62976.898438,B8DB8AF16E20,0002,male,C57BL/6,1.1.1,FR1,0,PelletDrop,118,118,28,6,0,0,,,,,,,,,,,,,,,,,
2026-07-15 05:55:03,62982.675781,B8DB8AF16E20,0002,male,C57BL/6,1.1.1,FR1,0,PelletTaken,118,118,28,6,0,0,4.943,40.000,0,4,,,,,,,,,,,,,
2026-07-15 06:01:44,63384.472656,B8DB8AF16E20,0002,male,C57BL/6,1.1.1,FR1,0,Status,118,118,28,6,0,0,,,,,Disabled,24.6,43.0,1015.8,12.7,0.022,22.000,247736,339964,180372,13392,3.98,74.88
2026-07-15 06:05:25,63605.664062,B8DB8AF16E20,0002,male,C57BL/6,1.1.1,FR1,0,Left,118,119,28,6,0,0,,,,,,,,,,,,,,,,,
2026-07-15 06:05:29,63609.890625,B8DB8AF16E20,0002,male,C57BL/6,1.1.1,FR1,0,PelletDrop,119,119,28,6,0,0,,,,,,,,,,,,,,,,,
2026-07-15 06:05:31,63611.316406,B8DB8AF16E20,0002,male,C57BL/6,1.1.1,FR1,0,PelletNotDetected,119,119,28,6,0,0,,,,,,,,,,,,,,,,,
2026-07-15 06:05:57,63637.480469,B8DB8AF16E20,0002,male,C57BL/6,1.1.1,FR1,0,Left,119,120,28,6,0,0,,,,,,,,,,,,,,,,,
2026-07-15 06:06:01,63641.578125,B8DB8AF16E20,0002,male,C57BL/6,1.1.1,FR1,0,PelletDrop,120,120,28,6,0,0,,,,,,,,,,,,,,,,,
2026-07-15 06:06:02,63643.019531,B8DB8AF16E20,0002,male,C57BL/6,1.1.1,FR1,0,PelletNotDetected,120,120,28,6,0,0,,,,,,,,,,,,,,,,,
2026-07-15 06:06:41,63682.183594,B8DB8AF16E20,0002,male,C57BL/6,1.1.1,FR1,0,Center,120,120,28,7,0,0,,,,,,,,,,,,,,,,,
2026-07-15 06:06:43,63683.921875,B8DB8AF16E20,0002,male,C57BL/6,1.1.1,FR1,0,Left,120,121,28,7,0,0,,,,,,,,,,,,,,,,,
2026-07-15 06:06:45,63685.816406,B8DB8AF16E20,0002,male,C57BL/6,1.1.1,FR1,0,PelletDrop,121,121,28,7,0,0,,,,,,,,,,,,,,,,,
2026-07-15 06:06:47,63687.273438,B8DB8AF16E20,0002,male,C57BL/6,1.1.1,FR1,0,PelletNotDetected,121,121,28,7,0,0,,,,,,,,,,,,,,,,,
2026-07-15 06:07:18,63718.726562,B8DB8AF16E20,0002,male,C57BL/6,1.1.1,FR1,0,Center,121,121,28,8,0,0,,,,,,,,,,,,,,,,,
2026-07-15 06:07:21,63721.394531,B8DB8AF16E20,0002,male,C57BL/6,1.1.1,FR1,0,Center,121,121,28,9,0,0,,,,,,,,,,,,,,,,,
2026-07-15 06:07:24,63724.714844,B8DB8AF16E20,0002,male,C57BL/6,1.1.1,FR1,0,Left,121,122,28,9,0,0,,,,,,,,,,,,,,,,,
2026-07-15 06:07:31,63731.761719,B8DB8AF16E20,0002,male,C57BL/6,1.1.1,FR1,0,PelletDrop,122,122,28,9,0,0,,,,,,,,,,,,,,,,,
2026-07-15 06:07:32,63733.187500,B8DB8AF16E20,0002,male,C57BL/6,1.1.1,FR1,0,PelletNotDetected,122,122,28,9,0,0,,,,,,,,,,,,,,,,,
2026-07-15 06:08:19,63779.414062,B8DB8AF16E20,0002,male,C57BL/6,1.1.1,FR1,0,Left,122,123,28,9,0,0,,,,,,,,,,,,,,,,,
2026-07-15 06:08:22,63782.550781,B8DB8AF16E20,0002,male,C57BL/6,1.1.1,FR1,0,PelletDrop,123,123,28,9,0,0,,,,,,,,,,,,,,,,,
2026-07-15 06:08:23,63783.542969,B8DB8AF16E20,0002,male,C57BL/6,1.1.1,FR1,0,PelletTaken,123,123,28,9,0,0,0.104,134.000,0,6,,,,,,,,,,,,,
2026-07-15 06:08:55,63816.003906,B8DB8AF16E20,0002,male,C57BL/6,1.1.1,FR1,0,Left,123,124,28,9,0,0,,,,,,,,,,,,,,,,,
2026-07-15 06:08:59,63820.164062,B8DB8AF16E20,0002,male,C57BL/6,1.1.1,FR1,0,PelletDrop,124,124,28,9,0,0,,,,,,,,,,,,,,,,,
2026-07-15 06:09:12,63833.167969,B8DB8AF16E20,0002,male,C57BL/6,1.1.1,FR1,0,PelletTaken,124,124,28,9,0,0,12.170,60.000,0,1,,,,,,,,,,,,,
2026-07-15 06:09:44,63864.828125,B8DB8AF16E20,0002,male,C57BL/6,1.1.1,FR1,0,Left,124,125,28,9,0,0,,,,,,,,,,,,,,,,,
2026-07-15 06:09:49,63870.132812,B8DB8AF16E20,0002,male,C57BL/6,1.1.1,FR1,0,PelletDrop,125,125,28,9,0,0,,,,,,,,,,,,,,,,,
2026-07-15 06:10:03,63883.839844,B8DB8AF16E20,0002,male,C57BL/6,1.1.1,FR1,0,PelletTaken,125,125,28,9,0,0,12.874,360.000,0,2,,,,,,,,,,,,,
2026-07-15 06:12:18,64018.773438,B8DB8AF16E20,0002,male,C57BL/6,1.1.1,FR1,0,Status,125,125,28,9,0,0,,,,,Disabled,24.7,42.6,1015.8,12.7,0.032,22.000,247736,339964,180372,13517,3.98,74.71
2026-07-15 06:22:51,64652.632812,B8DB8AF16E20,0002,male,C57BL/6,1.1.1,FR1,0,Status,125,125,28,9,0,0,,,,,Disabled,24.7,43.3,1015.9,12.7,0.007,16.000,247736,339964,180372,13654,3.97,74.55
2026-07-15 06:33:24,65286.316406,B8DB8AF16E20,0002,male,C57BL/6,1.1.1,FR1,0,Status,125,125,28,9,0,0,,,,,Disabled,24.6,43.2,1015.9,12.7,0.025,23.000,247736,339964,180372,13791,3.98,74.38
2026-07-15 06:43:57,65920.023438,B8DB8AF16E20,0002,male,C57BL/6,1.1.1,FR1,0,Status,125,125,28,9,0,0,,,,,Disabled,24.6,43.2,1016.0,12.7,0.022,22.000,247736,339964,180372,13928,3.98,74.38
2026-07-15 06:54:30,66553.750000,B8DB8AF16E20,0002,male,C57BL/6,1.1.1,FR1,0,Status,125,125,28,9,0,0,,,,,Disabled,24.5,43.1,1016.0,12.8,0.022,22.000,247736,339964,180372,14065,3.98,74.22
2026-07-15 07:03:54,67117.750000,B8DB8AF16E20,0002,male,C57BL/6,1.1.1,FR1,0,Left,125,126,28,9,0,0,,,,,,,,,,,,,,,,,
2026-07-15 07:03:59,67123.070312,B8DB8AF16E20,0002,male,C57BL/6,1.1.1,FR1,0,PelletDrop,126,126,28,9,0,0,,,,,,,,,,,,,,,,,
2026-07-15 07:04:12,67135.593750,B8DB8AF16E20,0002,male,C57BL/6,1.1.1,FR1,0,PelletTaken,126,126,28,9,0,0,11.675,105.000,0,2,,,,,,,,,,,,,
2026-07-15 07:05:00,67183.718750,B8DB8AF16E20,0002,male,C57BL/6,1.1.1,FR1,0,Left,126,127,28,9,0,0,,,,,,,,,,,,,,,,,
2026-07-15 07:05:05,67189.023438,B8DB8AF16E20,0002,male,C57BL/6,1.1.1,FR1,0,PelletDrop,127,127,28,9,0,0,,,,,,,,,,,,,,,,,
2026-07-15 07:05:16,67199.640625,B8DB8AF16E20,0002,male,C57BL/6,1.1.1,FR1,0,PelletTaken,127,127,28,9,0,0,9.784,12.000,0,2,,,,,,,,,,,,,
2026-07-15 07:05:24,67207.625000,B8DB8AF16E20,0002,male,C57BL/6,1.1.1,FR1,0,Status,127,127,28,9,0,0,,,,,Disabled,24.6,42.5,1016.1,12.8,0.025,20.000,247736,339964,180372,14199,3.98,74.05
2026-07-15 07:06:04,67247.992188,B8DB8AF16E20,0002,male,C57BL/6,1.1.1,FR1,0,Left,127,128,28,9,0,0,,,,,,,,,,,,,,,,,
2026-07-15 07:06:09,67253.296875,B8DB8AF16E20,0002,male,C57BL/6,1.1.1,FR1,0,PelletDrop,128,128,28,9,0,0,,,,,,,,,,,,,,,,,
2026-07-15 07:06:24,67267.648438,B8DB8AF16E20,0002,male,C57BL/6,1.1.1,FR1,0,PelletTaken,128,128,28,9,0,0,13.524,1499.000,0,2,,,,,,,,,,,,,
2026-07-15 07:07:06,67309.796875,B8DB8AF16E20,0002,male,C57BL/6,1.1.1,FR1,0,Left,128,129,28,9,0,0,,,,,,,,,,,,,,,,,
2026-07-15 07:07:11,67315.101562,B8DB8AF16E20,0002,male,C57BL/6,1.1.1,FR1,0,PelletDrop,129,129,28,9,0,0,,,,,,,,,,,,,,,,,
2026-07-15 07:07:23,67327.109375,B8DB8AF16E20,0002,male,C57BL/6,1.1.1,FR1,0,PelletTaken,129,129,28,9,0,0,11.180,2001.000,0,2,,,,,,,,,,,,,
2026-07-15 07:15:36,67820.804688,B8DB8AF16E20,0002,male,C57BL/6,1.1.1,FR1,0,Status,129,129,28,9,0,0,,,,,Disabled,24.6,42.8,1016.1,12.8,0.014,20.000,247736,339964,180372,14322,3.97,73.89
2026-07-15 07:26:09,68454.507812,B8DB8AF16E20,0002,male,C57BL/6,1.1.1,FR1,0,Status,129,129,28,9,0,0,,,,,Disabled,24.6,42.8,1016.1,12.8,0.014,20.000,247736,339964,180372,14459,3.97,73.73
2026-07-15 07:37:14,69119.562500,B8DB8AF16E20,0002,male,C57BL/6,1.1.1,FR1,0,Status,129,129,28,9,0,0,,,,,Disabled,24.6,42.1,1016.1,12.8,0.029,28.000,247736,339964,180124,14596,3.97,73.56
2026-07-15 07:48:10,69776.132812,B8DB8AF16E20,0002,male,C57BL/6,1.1.1,FR1,0,Status,129,129,28,9,0,0,,,,,Disabled,24.7,42.2,1016.1,12.8,0.029,28.000,247736,339964,180108,14733,3.97,73.56
2026-07-15 07:59:18,70444.765625,B8DB8AF16E20,0002,male,C57BL/6,1.1.1,FR1,0,Status,129,129,28,9,0,0,,,,,Disabled,24.8,41.8,1016.1,12.7,0.029,26.000,247736,339964,180084,14870,3.97,73.40
2026-07-15 08:10:21,71108.414062,B8DB8AF16E20,0002,male,C57BL/6,1.1.1,FR1,0,Status,129,129,28,9,0,0,,,,,Disabled,24.8,41.9,1016.1,12.7,0.029,28.000,247736,339964,180084,15007,3.97,73.40
2026-07-15 08:14:27,71354.203125,B8DB8AF16E20,0002,male,C57BL/6,1.1.1,FR1,0,Left,129,130,28,9,0,0,,,,,,,,,,,,,,,,,
2026-07-15 08:14:30,71357.289062,B8DB8AF16E20,0002,male,C57BL/6,1.1.1,FR1,0,PelletDrop,130,130,28,9,0,0,,,,,,,,,,,,,,,,,
2026-07-15 08:14:31,71358.718750,B8DB8AF16E20,0002,male,C57BL/6,1.1.1,FR1,0,PelletNotDetected,130,130,28,9,0,0,,,,,,,,,,,,,,,,,
2026-07-15 08:21:43,71791.046875,B8DB8AF16E20,0002,male,C57BL/6,1.1.1,FR1,0,Status,130,130,28,9,0,0,,,,,Disabled,24.9,41.4,1016.1,12.7,0.014,21.000,247736,339964,180084,15143,3.96,73.23
2026-07-15 08:32:41,72448.742188,B8DB8AF16E20,0002,male,C57BL/6,1.1.1,FR1,0,Status,130,130,28,9,0,0,,,,,Disabled,25.0,41.8,1016.1,12.7,0.014,20.000,247736,339964,180084,15280,3.96,73.07
2026-07-15 08:43:45,73114.273438,B8DB8AF16E20,0002,male,C57BL/6,1.1.1,FR1,0,Status,130,130,28,9,0,0,,,,,Disabled,25.0,41.7,1016.1,12.6,0.029,26.000,247736,339964,180084,15417,3.96,72.91
2026-07-15 08:46:07,73255.984375,B8DB8AF16E20,0002,male,C57BL/6,1.1.1,FR1,0,Left,130,131,28,9,0,0,,,,,,,,,,,,,,,,,
2026-07-15 08:46:10,73259.023438,B8DB8AF16E20,0002,male,C57BL/6,1.1.1,FR1,0,PelletDrop,131,131,28,9,0,0,,,,,,,,,,,,,,,,,
2026-07-15 08:46:11,73260.445312,B8DB8AF16E20,0002,male,C57BL/6,1.1.1,FR1,0,PelletNotDetected,131,131,28,9,0,0,,,,,,,,,,,,,,,,,
2026-07-15 08:48:34,73403.343750,B8DB8AF16E20,0002,male,C57BL/6,1.1.1,FR1,0,Left,131,132,28,9,0,0,,,,,,,,,,,,,,,,,
2026-07-15 08:48:41,73410.570312,B8DB8AF16E20,0002,male,C57BL/6,1.1.1,FR1,0,PelletDrop,132,132,28,9,0,0,,,,,,,,,,,,,,,,,
2026-07-15 08:48:53,73422.156250,B8DB8AF16E20,0002,male,C57BL/6,1.1.1,FR1,0,PelletTaken,132,132,28,9,0,0,10.730,21.000,0,4,,,,,,,,,,,,,
2026-07-15 08:49:29,73458.062500,B8DB8AF16E20,0002,male,C57BL/6,1.1.1,FR1,0,Left,132,133,28,9,0,0,,,,,,,,,,,,,,,,,
2026-07-15 08:49:35,73464.484375,B8DB8AF16E20,0002,male,C57BL/6,1.1.1,FR1,0,PelletDrop,133,133,28,9,0,0,,,,,,,,,,,,,,,,,
2026-07-15 08:49:49,73477.882812,B8DB8AF16E20,0002,male,C57BL/6,1.1.1,FR1,0,PelletTaken,133,133,28,9,0,0,12.566,21.000,0,2,,,,,,,,,,,,,
2026-07-15 08:50:24,73513.367188,B8DB8AF16E20,0002,male,C57BL/6,1.1.1,FR1,0,Left,133,134,28,9,0,0,,,,,,,,,,,,,,,,,
2026-07-15 08:50:27,73516.453125,B8DB8AF16E20,0002,male,C57BL/6,1.1.1,FR1,0,PelletDrop,134,134,28,9,0,0,,,,,,,,,,,,,,,,,
2026-07-15 08:50:28,73517.429688,B8DB8AF16E20,0002,male,C57BL/6,1.1.1,FR1,0,PelletTaken,134,134,28,9,0,0,0.147,49.000,0,1,,,,,,,,,,,,,
2026-07-15 08:54:47,73775.898438,B8DB8AF16E20,0002,male,C57BL/6,1.1.1,FR1,0,Status,134,134,28,9,0,0,,,,,Disabled,25.0,41.6,1016.2,12.6,0.022,26.000,247736,339964,180084,15547,3.96,72.74
2026-07-15 09:05:47,74437.468750,B8DB8AF16E20,0002,male,C57BL/6,1.1.1,FR1,0,Status,134,134,28,9,0,0,,,,,Disabled,25.1,41.7,1016.2,12.6,0.018,21.000,247736,339964,180084,15684,3.96,72.74
2026-07-15 09:17:11,75122.101562,B8DB8AF16E20,0002,male,C57BL/6,1.1.1,FR1,0,Status,134,134,28,9,0,0,,,,,Disabled,25.1,41.2,1016.1,12.5,0.022,26.000,247736,339964,180084,15821,3.96,72.58
2026-07-15 09:28:16,75787.671875,B8DB8AF16E20,0002,male,C57BL/6,1.1.1,FR1,0,Status,134,134,28,9,0,0,,,,,Disabled,25.1,41.5,1016.1,12.6,0.029,26.000,247736,339964,180084,15958,3.96,72.41
2026-07-15 09:39:20,76452.320312,B8DB8AF16E20,0002,male,C57BL/6,1.1.1,FR1,0,Status,134,134,28,9,0,0,,,,,Disabled,25.1,41.5,1016.1,12.6,0.014,20.000,247736,339964,180084,16095,3.96,72.25
2026-07-15 09:50:20,77112.937500,B8DB8AF16E20,0002,male,C57BL/6,1.1.1,FR1,0,Status,134,134,28,9,0,0,,,,,Disabled,25.1,41.6,1016.1,12.6,0.018,20.000,247736,339964,180084,16232,3.95,72.25
2026-07-15 09:57:50,77562.710938,B8DB8AF16E20,0002,male,C57BL/6,1.1.1,FR1,0,Left,134,135,28,9,0,0,,,,,,,,,,,,,,,,,
2026-07-15 09:57:55,77568.031250,B8DB8AF16E20,0002,male,C57BL/6,1.1.1,FR1,0,PelletDrop,135,135,28,9,0,0,,,,,,,,,,,,,,,,,
2026-07-15 09:58:16,77588.851562,B8DB8AF16E20,0002,male,C57BL/6,1.1.1,FR1,0,PelletTaken,135,135,28,9,0,0,TimedOut,20.000,0,2,,,,,,,,,,,,,
2026-07-15 10:01:20,77773.523438,B8DB8AF16E20,0002,male,C57BL/6,1.1.1,FR1,0,Status,135,135,28,9,0,0,,,,,Disabled,25.1,41.4,1016.0,12.7,0.014,18.000,247736,339964,180084,16364,3.97,72.09
2026-07-15 10:12:20,78434.148438,B8DB8AF16E20,0002,male,C57BL/6,1.1.1,FR1,0,Status,135,135,28,9,0,0,,,,,Disabled,25.1,41.6,1015.9,12.6,0.036,31.000,247736,339964,180084,16501,3.95,72.09
2026-07-15 10:14:04,78538.273438,B8DB8AF16E20,0002,male,C57BL/6,1.1.1,FR1,0,Left,135,136,28,9,0,0,,,,,,,,,,,,,,,,,
2026-07-15 10:14:09,78543.578125,B8DB8AF16E20,0002,male,C57BL/6,1.1.1,FR1,0,PelletDrop,136,136,28,9,0,0,,,,,,,,,,,,,,,,,
2026-07-15 10:14:24,78558.609375,B8DB8AF16E20,0002,male,C57BL/6,1.1.1,FR1,0,PelletTaken,136,136,28,9,0,0,14.184,199.000,0,2,,,,,,,,,,,,,
2026-07-15 10:15:28,78622.632812,B8DB8AF16E20,0002,male,C57BL/6,1.1.1,FR1,0,Left,136,137,28,9,0,0,,,,,,,,,,,,,,,,,
2026-07-15 10:15:36,78630.156250,B8DB8AF16E20,0002,male,C57BL/6,1.1.1,FR1,0,PelletDrop,137,137,28,9,0,0,,,,,,,,,,,,,,,,,
2026-07-15 10:15:47,78641.109375,B8DB8AF16E20,0002,male,C57BL/6,1.1.1,FR1,0,PelletTaken,137,137,28,9,0,0,10.124,20.000,0,3,,,,,,,,,,,,,
2026-07-15 10:16:35,78689.250000,B8DB8AF16E20,0002,male,C57BL/6,1.1.1,FR1,0,Left,137,138,28,9,0,0,,,,,,,,,,,,,,,,,
2026-07-15 10:16:40,78694.554688,B8DB8AF16E20,0002,male,C57BL/6,1.1.1,FR1,0,PelletDrop,138,138,28,9,0,0,,,,,,,,,,,,,,,,,
2026-07-15 10:16:53,78707.125000,B8DB8AF16E20,0002,male,C57BL/6,1.1.1,FR1,0,PelletTaken,138,138,28,9,0,0,11.741,22.000,0,2,,,,,,,,,,,,,
2026-07-15 10:23:22,79096.765625,B8DB8AF16E20,0002,male,C57BL/6,1.1.1,FR1,0,Status,138,138,28,9,0,0,,,,,Disabled,25.1,41.3,1015.9,12.6,0.029,30.000,247736,339964,180084,16626,3.95,71.92
2026-07-15 10:34:20,79755.382812,B8DB8AF16E20,0002,male,C57BL/6,1.1.1,FR1,0,Status,138,138,28,9,0,0,,,,,Disabled,25.1,41.5,1015.9,12.6,0.036,30.000,247736,339964,180084,16763,3.95,71.76
2026-07-15 10:45:25,80420.914062,B8DB8AF16E20,0002,male,C57BL/6,1.1.1,FR1,0,Status,138,138,28,9,0,0,,,,,Disabled,25.1,41.4,1015.9,12.6,0.036,31.000,247736,339964,180084,16900,3.96,71.59
2026-07-15 10:56:30,81086.632812,B8DB8AF16E20,0002,male,C57BL/6,1.1.1,FR1,0,Status,138,138,28,9,0,0,,,,,Disabled,25.1,41.4,1015.9,12.5,0.036,30.000,247736,339964,180084,17037,3.95,71.59
2026-07-15 11:07:36,81753.132812,B8DB8AF16E20,0002,male,C57BL/6,1.1.1,FR1,0,Status,138,138,28,9,0,0,,,,,Disabled,25.1,41.4,1015.9,12.6,0.025,24.000,247736,339964,180084,17174,3.95,71.43
2026-07-15 11:18:53,82430.765625,B8DB8AF16E20,0002,male,C57BL/6,1.1.1,FR1,0,Status,138,138,28,9,0,0,,,,,Disabled,25.1,41.2,1015.8,12.5,0.029,30.000,247736,339964,180084,17311,3.95,71.27
2026-07-15 11:29:12,83050.390625,B8DB8AF16E20,0002,male,C57BL/6,1.1.1,FR1,0,Status,138,138,28,9,0,0,,,,,Disabled,24.9,42.4,1015.9,12.6,0.036,32.000,247736,339964,180084,17448,3.96,71.10
2026-07-15 11:32:55,83273.976562,B8DB8AF16E20,0002,male,C57BL/6,1.1.1,FR1,0,Left,138,139,28,9,0,0,,,,,,,,,,,,,,,,,
2026-07-15 11:32:58,83277.062500,B8DB8AF16E20,0002,male,C57BL/6,1.1.1,FR1,0,PelletDrop,139,139,28,9,0,0,,,,,,,,,,,,,,,,,
2026-07-15 11:33:00,83278.492188,B8DB8AF16E20,0002,male,C57BL/6,1.1.1,FR1,0,PelletNotDetected,139,139,28,9,0,0,,,,,,,,,,,,,,,,,
2026-07-15 11:34:20,83358.671875,B8DB8AF16E20,0002,male,C57BL/6,1.1.1,FR1,0,Left,139,140,28,9,0,0,,,,,,,,,,,,,,,,,
2026-07-15 11:34:25,83363.929688,B8DB8AF16E20,0002,male,C57BL/6,1.1.1,FR1,0,PelletDrop,140,140,28,9,0,0,,,,,,,,,,,,,,,,,
2026-07-15 11:34:37,83375.906250,B8DB8AF16E20,0002,male,C57BL/6,1.1.1,FR1,0,PelletTaken,140,140,28,9,0,0,11.147,220.000,0,3,,,,,,,,,,,,,
2026-07-15 11:40:14,83712.914062,B8DB8AF16E20,0002,male,C57BL/6,1.1.1,FR1,0,Status,140,140,28,9,0,0,,,,,Disabled,24.9,42.0,1015.9,12.6,0.043,38.000,247736,339964,180084,17580,3.95,71.10
2026-07-15 11:51:14,84373.539062,B8DB8AF16E20,0002,male,C57BL/6,1.1.1,FR1,0,Status,140,140,28,9,0,0,,,,,Disabled,24.9,42.6,1015.8,12.5,0.036,32.000,247736,339964,180084,17717,3.95,70.94
2026-07-15 12:02:11,85031.257812,B8DB8AF16E20,0002,male,C57BL/6,1.1.1,FR1,0,Status,140,140,28,9,0,0,,,,,Disabled,24.9,42.7,1015.8,12.5,0.036,32.000,247736,339964,180084,17854,3.94,70.77
2026-07-15 12:13:09,85689.882812,B8DB8AF16E20,0002,male,C57BL/6,1.1.1,FR1,0,Status,140,140,28,9,0,0,,,,,Disabled,24.9,42.6,1015.8,12.5,0.036,32.000,247736,339964,180084,17991,3.95,70.77
2026-07-15 12:24:18,86359.460938,B8DB8AF16E20,0002,male,C57BL/6,1.1.1,FR1,0,Status,140,140,28,9,0,0,,,,,Disabled,24.9,42.3,1015.7,12.5,0.050,41.000,247736,339964,180084,18128,3.95,70.61
2026-07-15 12:35:24,87026.085938,B8DB8AF16E20,0002,male,C57BL/6,1.1.1,FR1,0,Status,140,140,28,9,0,0,,,,,Disabled,24.9,42.2,1015.7,12.5,0.043,36.000,247736,339964,180084,18265,3.94,70.45
2026-07-15 12:46:32,87694.656250,B8DB8AF16E20,0002,male,C57BL/6,1.1.1,FR1,0,Status,140,140,28,9,0,0,,,,,Disabled,24.9,42.1,1015.6,12.5,0.050,42.000,247736,339964,180084,18402,3.94,70.28
2026-07-15 12:57:34,88357.343750,B8DB8AF16E20,0002,male,C57BL/6,1.1.1,FR1,0,Status,140,140,28,9,0,0,,,,,Disabled,24.9,42.2,1015.5,12.6,0.065,48.000,247736,339964,180084,18539,3.94,70.12
2026-07-15 13:08:34,89017.906250,B8DB8AF16E20,0002,male,C57BL/6,1.1.1,FR1,0,Status,140,140,28,9,0,0,,,,,Disabled,24.8,42.2,1015.4,12.6,0.040,30.000,247736,339964,180084,18676,3.94,70.12
2026-07-15 13:19:42,89685.632812,B8DB8AF16E20,0002,male,C57BL/6,1.1.1,FR1,0,Status,140,140,28,9,0,0,,,,,Disabled,24.8,42.1,1015.3,12.5,0.029,31.000,247736,339964,180084,18813,3.94,69.95
2026-07-15 13:30:44,90349.203125,B8DB8AF16E20,0002,male,C57BL/6,1.1.1,FR1,0,Status,140,140,28,9,0,0,,,,,Disabled,24.8,42.1,1015.2,12.6,0.036,30.000,247736,339964,180084,18950,3.94,69.95
2026-07-15 13:41:45,91010.835938,B8DB8AF16E20,0002,male,C57BL/6,1.1.1,FR1,0,Status,140,140,28,9,0,0,,,,,Disabled,24.8,42.2,1015.1,12.6,0.022,22.000,247736,339964,180084,19087,3.95,69.79
2026-07-15 13:52:40,91667.109375,B8DB8AF16E20,0002,male,C57BL/6,1.1.1,FR1,0,Left,140,141,28,9,0,0,,,,,,,,,,,,,,,,,
2026-07-15 13:52:43,91670.203125,B8DB8AF16E20,0002,male,C57BL/6,1.1.1,FR1,0,PelletDrop,141,141,28,9,0,0,,,,,,,,,,,,,,,,,
2026-07-15 13:52:45,91671.640625,B8DB8AF16E20,0002,male,C57BL/6,1.1.1,FR1,0,PelletNotDetected,141,141,28,9,0,0,,,,,,,,,,,,,,,,,
2026-07-15 13:52:53,91679.625000,B8DB8AF16E20,0002,male,C57BL/6,1.1.1,FR1,0,Status,141,141,28,9,0,0,,,,,Disabled,24.8,42.0,1015.0,12.6,0.022,22.000,247736,339964,180084,19226,3.93,69.62
2026-07-15 13:53:20,91707.125000,B8DB8AF16E20,0002,male,C57BL/6,1.1.1,FR1,0,Left,141,142,28,9,0,0,,,,,,,,,,,,,,,,,
2026-07-15 13:53:26,91712.382812,B8DB8AF16E20,0002,male,C57BL/6,1.1.1,FR1,0,PelletDrop,142,142,28,9,0,0,,,,,,,,,,,,,,,,,
2026-07-15 13:53:39,91725.695312,B8DB8AF16E20,0002,male,C57BL/6,1.1.1,FR1,0,PelletTaken,142,142,28,9,0,0,12.478,49.000,0,3,,,,,,,,,,,,,
2026-07-15 13:54:14,91760.515625,B8DB8AF16E20,0002,male,C57BL/6,1.1.1,FR1,0,Left,142,143,28,9,0,0,,,,,,,,,,,,,,,,,
2026-07-15 13:54:19,91765.820312,B8DB8AF16E20,0002,male,C57BL/6,1.1.1,FR1,0,PelletDrop,143,143,28,9,0,0,,,,,,,,,,,,,,,,,
2026-07-15 13:54:34,91781.054688,B8DB8AF16E20,0002,male,C57BL/6,1.1.1,FR1,0,PelletTaken,143,143,28,9,0,0,14.404,276.000,0,2,,,,,,,,,,,,,
2026-07-15 14:00:48,92155.226562,B8DB8AF16E20,0002,male,C57BL/6,1.1.1,FR1,0,Right,143,143,29,9,0,0,,,,,,,,,,,,,,,,,
2026-07-15 14:03:52,92338.992188,B8DB8AF16E20,0002,male,C57BL/6,1.1.1,FR1,0,Status,143,143,29,9,0,0,,,,,Disabled,24.8,42.2,1014.8,12.6,0.022,22.000,247736,339964,180084,19354,3.94,69.46
2026-07-15 14:13:22,92909.710938,B8DB8AF16E20,0002,male,C57BL/6,1.1.1,FR1,0,Left,143,144,29,9,0,0,,,,,,,,,,,,,,,,,
2026-07-15 14:13:27,92915.015625,B8DB8AF16E20,0002,male,C57BL/6,1.1.1,FR1,0,PelletDrop,144,144,29,9,0,0,,,,,,,,,,,,,,,,,
2026-07-15 14:13:39,92926.992188,B8DB8AF16E20,0002,male,C57BL/6,1.1.1,FR1,0,PelletTaken,144,144,29,9,0,0,11.137,21.000,0,2,,,,,,,,,,,,,
2026-07-15 14:15:08,93015.640625,B8DB8AF16E20,0002,male,C57BL/6,1.1.1,FR1,0,Status,144,144,29,9,0,0,,,,,Disabled,24.9,41.6,1014.7,12.6,0.018,21.000,247736,339964,180084,19490,3.93,69.30
2026-07-15 14:15:37,93044.945312,B8DB8AF16E20,0002,male,C57BL/6,1.1.1,FR1,0,Left,144,145,29,9,0,0,,,,,,,,,,,,,,,,,
2026-07-15 14:15:43,93050.257812,B8DB8AF16E20,0002,male,C57BL/6,1.1.1,FR1,0,PelletDrop,145,145,29,9,0,0,,,,,,,,,,,,,,,,,
2026-07-15 14:15:56,93063.937500,B8DB8AF16E20,0002,male,C57BL/6,1.1.1,FR1,0,PelletTaken,145,145,29,9,0,0,12.831,162.000,0,2,,,,,,,,,,,,,
2026-07-15 14:16:45,93112.445312,B8DB8AF16E20,0002,male,C57BL/6,1.1.1,FR1,0,Left,145,146,29,9,0,0,,,,,,,,,,,,,,,,,
2026-07-15 14:16:50,93117.750000,B8DB8AF16E20,0002,male,C57BL/6,1.1.1,FR1,0,PelletDrop,146,146,29,9,0,0,,,,,,,,,,,,,,,,,
2026-07-15 14:17:02,93129.226562,B8DB8AF16E20,0002,male,C57BL/6,1.1.1,FR1,0,PelletTaken,146,146,29,9,0,0,10.641,236.000,0,2,,,,,,,,,,,,,
2026-07-15 14:26:11,93679.125000,B8DB8AF16E20,0002,male,C57BL/6,1.1.1,FR1,0,Status,146,146,29,9,0,0,,,,,Disabled,24.8,42.1,1014.6,12.5,0.022,25.000,247736,339964,180084,19621,3.92,69.13
2026-07-15 14:36:44,94312.812500,B8DB8AF16E20,0002,male,C57BL/6,1.1.1,FR1,0,Status,146,146,29,9,0,0,,,,,Disabled,24.7,42.8,1014.5,12.7,0.025,24.000,247736,339964,180084,19758,3.93,69.13
2026-07-15 14:47:18,94946.515625,B8DB8AF16E20,0002,male,C57BL/6,1.1.1,FR1,0,Status,146,146,29,9,0,0,,,,,Disabled,24.5,42.9,1014.4,12.7,0.036,33.000,247736,339964,180084,19895,3.93,68.97
2026-07-15 14:58:24,95613.984375,B8DB8AF16E20,0002,male,C57BL/6,1.1.1,FR1,0,Status,146,146,29,9,0,0,,,,,Disabled,24.6,42.2,1014.3,12.7,0.029,31.000,247736,339964,180084,20032,3.93,68.80
2026-07-15 15:09:54,96304.648438,B8DB8AF16E20,0002,male,C57BL/6,1.1.1,FR1,0,Status,146,146,29,9,0,0,,,,,Disabled,24.6,41.7,1014.2,12.6,0.040,30.000,247736,339964,180084,20169,3.94,68.64
2026-07-15 15:20:58,96969.203125,B8DB8AF16E20,0002,male,C57BL/6,1.1.1,FR1,0,Status,146,146,29,9,0,0,,,,,Disabled,24.6,42.1,1014.1,12.6,0.022,25.000,247736,339964,180084,20306,3.93,68.64
2026-07-15 15:32:02,97633.914062,B8DB8AF16E20,0002,male,C57BL/6,1.1.1,FR1,0,Status,146,146,29,9,0,0,,,,,Disabled,24.6,42.2,1014.0,12.7,0.022,22.000,247736,339964,180084,20443,3.93,68.48
2026-07-15 15:41:00,98171.898438,B8DB8AF16E20,0002,male,C57BL/6,1.1.1,FR1,0,Left,146,147,29,9,0,0,,,,,,,,,,,,,,,,,
2026-07-15 15:41:05,98177.203125,B8DB8AF16E20,0002,male,C57BL/6,1.1.1,FR1,0,PelletDrop,147,147,29,9,0,0,,,,,,,,,,,,,,,,,
2026-07-15 15:41:23,98194.976562,B8DB8AF16E20,0002,male,C57BL/6,1.1.1,FR1,0,PelletTaken,147,147,29,9,0,0,16.912,800.000,0,2,,,,,,,,,,,,,
2026-07-15 15:43:06,98297.539062,B8DB8AF16E20,0002,male,C57BL/6,1.1.1,FR1,0,Status,147,147,29,9,0,0,,,,,Disabled,24.6,42.0,1014.0,12.6,0.029,30.000,247736,339964,180084,20575,3.93,68.48
2026-07-15 15:45:46,98458.281250,B8DB8AF16E20,0002,male,C57BL/6,1.1.1,FR1,0,Left,147,148,29,9,0,0,,,,,,,,,,,,,,,,,
2026-07-15 15:45:51,98463.585938,B8DB8AF16E20,0002,male,C57BL/6,1.1.1,FR1,0,PelletDrop,148,148,29,9,0,0,,,,,,,,,,,,,,,,,
2026-07-15 15:46:09,98481.218750,B8DB8AF16E20,0002,male,C57BL/6,1.1.1,FR1,0,PelletTaken,148,148,29,9,0,0,16.780,39.000,0,2,,,,,,,,,,,,,
2026-07-15 15:51:22,98794.734375,B8DB8AF16E20,0002,male,C57BL/6,1.1.1,FR1,0,Left,148,149,29,9,0,0,,,,,,,,,,,,,,,,,
2026-07-15 15:51:26,98798.164062,B8DB8AF16E20,0002,male,C57BL/6,1.1.1,FR1,0,PelletDrop,149,149,29,9,0,0,,,,,,,,,,,,,,,,,
2026-07-15 15:51:27,98799.585938,B8DB8AF16E20,0002,male,C57BL/6,1.1.1,FR1,0,PelletNotDetected,149,149,29,9,0,0,,,,,,,,,,,,,,,,,
2026-07-15 15:52:07,98839.468750,B8DB8AF16E20,0002,male,C57BL/6,1.1.1,FR1,0,Left,149,150,29,9,0,0,,,,,,,,,,,,,,,,,
2026-07-15 15:52:12,98844.382812,B8DB8AF16E20,0002,male,C57BL/6,1.1.1,FR1,0,PelletDrop,150,150,29,9,0,0,,,,,,,,,,,,,,,,,
2026-07-15 15:52:27,98859.609375,B8DB8AF16E20,0002,male,C57BL/6,1.1.1,FR1,0,PelletTaken,150,150,29,9,0,0,14.392,350.000,0,3,,,,,,,,,,,,,
2026-07-15 15:52:56,98888.593750,B8DB8AF16E20,0002,male,C57BL/6,1.1.1,FR1,0,Left,150,151,29,9,0,0,,,,,,,,,,,,,,,,,
2026-07-15 15:53:01,98893.898438,B8DB8AF16E20,0002,male,C57BL/6,1.1.1,FR1,0,PelletDrop,151,151,29,9,0,0,,,,,,,,,,,,,,,,,
2026-07-15 15:53:03,98895.335938,B8DB8AF16E20,0002,male,C57BL/6,1.1.1,FR1,0,PelletNotDetected,151,151,29,9,0,0,,,,,,,,,,,,,,,,,
2026-07-15 15:54:08,98961.070312,B8DB8AF16E20,0002,male,C57BL/6,1.1.1,FR1,0,Status,151,151,29,9,0,0,,,,,Disabled,24.7,41.9,1013.9,12.6,0.032,29.000,247736,339964,180084,20702,3.93,68.17
2026-07-15 16:02:06,99439.921875,B8DB8AF16E20,0002,male,C57BL/6,1.1.1,FR1,0,Right,151,151,30,9,0,0,,,,,,,,,,,,,,,,,
2026-07-15 16:02:11,99445.000000,B8DB8AF16E20,0002,male,C57BL/6,1.1.1,FR1,0,Left,151,152,30,9,0,0,,,,,,,,,,,,,,,,,
2026-07-15 16:02:18,99452.226562,B8DB8AF16E20,0002,male,C57BL/6,1.1.1,FR1,0,PelletDrop,152,152,30,9,0,0,,,,,,,,,,,,,,,,,
2026-07-15 16:02:25,99458.859375,B8DB8AF16E20,0002,male,C57BL/6,1.1.1,FR1,0,PelletTaken,152,152,30,9,0,0,5.802,288.000,0,4,,,,,,,,,,,,,
2026-07-15 16:03:57,99550.554688,B8DB8AF16E20,0002,male,C57BL/6,1.1.1,FR1,0,Left,152,153,30,9,0,0,,,,,,,,,,,,,,,,,
2026-07-15 16:04:04,99558.078125,B8DB8AF16E20,0002,male,C57BL/6,1.1.1,FR1,0,PelletDrop,153,153,30,9,0,0,,,,,,,,,,,,,,,,,
2026-07-15 16:04:14,99568.078125,B8DB8AF16E20,0002,male,C57BL/6,1.1.1,FR1,0,PelletTaken,153,153,30,9,0,0,9.167,97.000,0,3,,,,,,,,,,,,,
2026-07-15 16:05:22,99635.578125,B8DB8AF16E20,0002,male,C57BL/6,1.1.1,FR1,0,Status,153,153,30,9,0,0,,,,,Disabled,24.7,42.2,1013.8,12.5,0.014,20.000,247736,339964,180084,20835,3.93,68.02
2026-07-15 16:13:58,100152.015625,B8DB8AF16E20,0002,male,C57BL/6,1.1.1,FR1,0,Left,153,154,30,9,0,0,,,,,,,,,,,,,,,,,
2026-07-15 16:14:01,100155.101562,B8DB8AF16E20,0002,male,C57BL/6,1.1.1,FR1,0,PelletDrop,154,154,30,9,0,0,,,,,,,,,,,,,,,,,
2026-07-15 16:14:03,100156.531250,B8DB8AF16E20,0002,male,C57BL/6,1.1.1,FR1,0,PelletNotDetected,154,154,30,9,0,0,,,,,,,,,,,,,,,,,
2026-07-15 16:15:05,100218.570312,B8DB8AF16E20,0002,male,C57BL/6,1.1.1,FR1,0,Left,154,155,30,9,0,0,,,,,,,,,,,,,,,,,
2026-07-15 16:15:10,100223.843750,B8DB8AF16E20,0002,male,C57BL/6,1.1.1,FR1,0,PelletDrop,155,155,30,9,0,0,,,,,,,,,,,,,,,,,
2026-07-15 16:15:22,100235.867188,B8DB8AF16E20,0002,male,C57BL/6,1.1.1,FR1,0,PelletTaken,155,155,30,9,0,0,11.192,421.000,0,3,,,,,,,,,,,,,
2026-07-15 16:16:34,100308.218750,B8DB8AF16E20,0002,male,C57BL/6,1.1.1,FR1,0,Left,155,156,30,9,0,0,,,,,,,,,,,,,,,,,
2026-07-15 16:16:40,100313.531250,B8DB8AF16E20,0002,male,C57BL/6,1.1.1,FR1,0,PelletDrop,156,156,30,9,0,0,,,,,,,,,,,,,,,,,
2026-07-15 16:16:50,100324.257812,B8DB8AF16E20,0002,male,C57BL/6,1.1.1,FR1,0,PelletTaken,156,156,30,9,0,0,9.883,328.000,0,2,,,,,,,,,,,,,
2026-07-15 16:16:58,100332.250000,B8DB8AF16E20,0002,male,C57BL/6,1.1.1,FR1,0,Status,156,156,30,9,0,0,,,,,Disabled,24.8,41.7,1013.7,12.5,0.014,21.000,247736,339964,180084,20969,3.93,67.88
2026-07-15 16:17:53,100386.585938,B8DB8AF16E20,0002,male,C57BL/6,1.1.1,FR1,0,Left,156,157,30,9,0,0,,,,,,,,,,,,,,,,,
2026-07-15 16:18:00,100394.125000,B8DB8AF16E20,0002,male,C57BL/6,1.1.1,FR1,0,PelletDrop,157,157,30,9,0,0,,,,,,,,,,,,,,,,,
2026-07-15 16:18:09,100402.484375,B8DB8AF16E20,0002,male,C57BL/6,1.1.1,FR1,0,PelletTaken,157,157,30,9,0,0,7.518,126.000,0,3,,,,,,,,,,,,,
2026-07-15 16:27:46,100980.867188,B8DB8AF16E20,0002,male,C57BL/6,1.1.1,FR1,0,Status,157,157,30,9,0,0,,,,,Disabled,24.8,42.2,1013.6,12.5,0.065,41.000,247736,339964,180084,21098,3.93,67.88
2026-07-15 16:38:54,101649.484375,B8DB8AF16E20,0002,male,C57BL/6,1.1.1,FR1,0,Status,157,157,30,9,0,0,,,,,Disabled,24.8,42.3,1013.6,12.5,0.065,39.000,247736,339964,180084,21235,3.92,67.73
2026-07-15 16:50:04,102320.101562,B8DB8AF16E20,0002,male,C57BL/6,1.1.1,FR1,0,Status,157,157,30,9,0,0,,,,,Disabled,24.8,42.3,1013.6,12.5,0.068,39.000,247736,339964,180084,21372,3.93,67.59
2026-07-15 17:01:07,102983.796875,B8DB8AF16E20,0002,male,C57BL/6,1.1.1,FR1,0,Status,157,157,30,9,0,0,,,,,Disabled,24.8,42.4,1013.6,12.6,0.065,40.000,247736,339964,180084,21509,3.92,67.45
2026-07-15 17:12:17,103654.421875,B8DB8AF16E20,0002,male,C57BL/6,1.1.1,FR1,0,Status,157,157,30,9,0,0,,,,,Disabled,24.8,42.3,1013.6,12.6,0.065,39.000,247736,339964,180084,21646,3.92,67.45
2026-07-15 17:23:18,104316.039062,B8DB8AF16E20,0002,male,C57BL/6,1.1.1,FR1,0,Status,157,157,30,9,0,0,,,,,Disabled,24.8,42.4,1013.5,12.6,0.065,41.000,247736,339964,180084,21783,3.92,67.30
2026-07-15 17:34:32,104990.765625,B8DB8AF16E20,0002,male,C57BL/6,1.1.1,FR1,0,Status,157,157,30,9,0,0,,,,,Disabled,24.8,42.1,1013.5,12.6,0.065,38.000,247736,339964,180084,21920,3.92,67.16
2026-07-15 17:45:44,105663.312500,B8DB8AF16E20,0002,male,C57BL/6,1.1.1,FR1,0,Status,157,157,30,9,0,0,,,,,Disabled,24.9,42.1,1013.4,12.6,0.065,38.000,247736,339964,180084,22057,3.92,67.01
2026-07-15 17:56:57,106336.859375,B8DB8AF16E20,0002,male,C57BL/6,1.1.1,FR1,0,Status,157,157,30,9,0,0,,,,,Disabled,24.9,42.0,1013.3,12.6,0.058,38.000,247736,339964,180084,22194,3.92,67.01
2026-07-15 18:08:05,107005.476562,B8DB8AF16E20,0002,male,C57BL/6,1.1.1,FR1,0,Status,157,157,30,9,0,0,,,,,Disabled,24.9,42.2,1013.2,12.6,0.000,0.000,247736,339964,180084,22331,3.92,66.87
2026-07-15 18:08:36,107037.296875,B8DB8AF16E20,0002,male,C57BL/6,1.1.1,FR1,0,Left,157,158,30,9,0,0,,,,,,,,,,,,,,,,,
2026-07-15 18:08:42,107042.601562,B8DB8AF16E20,0002,male,C57BL/6,1.1.1,FR1,0,PelletDrop,158,158,30,9,0,0,,,,,,,,,,,,,,,,,
2026-07-15 18:08:55,107055.890625,B8DB8AF16E20,0002,male,C57BL/6,1.1.1,FR1,0,PelletTaken,158,158,30,9,0,0,12.457,96.000,0,2,,,,,,,,,,,,,
2026-07-15 18:12:10,107250.609375,B8DB8AF16E20,0002,male,C57BL/6,1.1.1,FR1,0,Left,158,159,30,9,0,0,,,,,,,,,,,,,,,,,
2026-07-15 18:12:15,107255.929688,B8DB8AF16E20,0002,male,C57BL/6,1.1.1,FR1,0,PelletDrop,159,159,30,9,0,0,,,,,,,,,,,,,,,,,
2026-07-15 18:12:26,107267.234375,B8DB8AF16E20,0002,male,C57BL/6,1.1.1,FR1,0,PelletTaken,159,159,30,9,0,0,10.476,67.000,0,2,,,,,,,,,,,,,
2026-07-15 18:12:56,107297.203125,B8DB8AF16E20,0002,male,C57BL/6,1.1.1,FR1,0,Left,159,160,30,9,0,0,,,,,,,,,,,,,,,,,
2026-07-15 18:13:01,107302.507812,B8DB8AF16E20,0002,male,C57BL/6,1.1.1,FR1,0,PelletDrop,160,160,30,9,0,0,,,,,,,,,,,,,,,,,
2026-07-15 18:13:12,107313.359375,B8DB8AF16E20,0002,male,C57BL/6,1.1.1,FR1,0,PelletTaken,160,160,30,9,0,0,9.993,11.000,0,2,,,,,,,,,,,,,
2026-07-15 18:14:14,107375.382812,B8DB8AF16E20,0002,male,C57BL/6,1.1.1,FR1,0,Left,160,161,30,9,0,0,,,,,,,,,,,,,,,,,
2026-07-15 18:14:20,107380.687500,B8DB8AF16E20,0002,male,C57BL/6,1.1.1,FR1,0,PelletDrop,161,161,30,9,0,0,,,,,,,,,,,,,,,,,
2026-07-15 18:14:30,107391.117188,B8DB8AF16E20,0002,male,C57BL/6,1.1.1,FR1,0,PelletTaken,161,161,30,9,0,0,9.596,1331.000,0,2,,,,,,,,,,,,,
2026-07-15 18:19:18,107679.070312,B8DB8AF16E20,0002,male,C57BL/6,1.1.1,FR1,0,Status,161,161,30,9,0,0,,,,,Disabled,24.9,41.8,1013.2,12.6,0.000,0.000,247736,339964,180084,22456,3.91,66.72
2026-07-15 18:24:34,107995.750000,B8DB8AF16E20,0002,male,C57BL/6,1.1.1,FR1,0,Left,161,162,30,9,0,0,,,,,,,,,,,,,,,,,
2026-07-15 18:24:37,107998.835938,B8DB8AF16E20,0002,male,C57BL/6,1.1.1,FR1,0,PelletDrop,162,162,30,9,0,0,,,,,,,,,,,,,,,,,
2026-07-15 18:24:39,108000.273438,B8DB8AF16E20,0002,male,C57BL/6,1.1.1,FR1,0,PelletNotDetected,162,162,30,9,0,0,,,,,,,,,,,,,,,,,
2026-07-15 18:25:05,108026.242188,B8DB8AF16E20,0002,male,C57BL/6,1.1.1,FR1,0,Left,162,163,30,9,0,0,,,,,,,,,,,,,,,,,
2026-07-15 18:25:08,108029.281250,B8DB8AF16E20,0002,male,C57BL/6,1.1.1,FR1,0,PelletDrop,163,163,30,9,0,0,,,,,,,,,,,,,,,,,
2026-07-15 18:25:09,108030.710938,B8DB8AF16E20,0002,male,C57BL/6,1.1.1,FR1,0,PelletNotDetected,163,163,30,9,0,0,,,,,,,,,,,,,,,,,
2026-07-15 18:30:26,108347.656250,B8DB8AF16E20,0002,male,C57BL/6,1.1.1,FR1,0,Status,163,163,30,9,0,0,,,,,Disabled,25.0,42.1,1013.1,12.5,0.000,0.000,247736,339964,180084,22591,3.91,66.58
2026-07-15 18:30:30,108351.632812,B8DB8AF16E20,0002,male,C57BL/6,1.1.1,FR1,0,Left,163,164,30,9,0,0,,,,,,,,,,,,,,,,,
2026-07-15 18:30:37,108358.859375,B8DB8AF16E20,0002,male,C57BL/6,1.1.1,FR1,0,PelletDrop,164,164,30,9,0,0,,,,,,,,,,,,,,,,,
2026-07-15 18:30:47,108368.398438,B8DB8AF16E20,0002,male,C57BL/6,1.1.1,FR1,0,PelletTaken,164,164,30,9,0,0,8.705,30.000,0,4,,,,,,,,,,,,,
2026-07-15 18:35:48,108669.859375,B8DB8AF16E20,0002,male,C57BL/6,1.1.1,FR1,0,Left,164,165,30,9,0,0,,,,,,,,,,,,,,,,,
2026-07-15 18:35:53,108675.171875,B8DB8AF16E20,0002,male,C57BL/6,1.1.1,FR1,0,PelletDrop,165,165,30,9,0,0,,,,,,,,,,,,,,,,,
2026-07-15 18:35:54,108676.601562,B8DB8AF16E20,0002,male,C57BL/6,1.1.1,FR1,0,PelletNotDetected,165,165,30,9,0,0,,,,,,,,,,,,,,,,,
2026-07-15 18:36:36,108717.929688,B8DB8AF16E20,0002,male,C57BL/6,1.1.1,FR1,0,Left,165,166,30,9,0,0,,,,,,,,,,,,,,,,,
2026-07-15 18:36:43,108725.265625,B8DB8AF16E20,0002,male,C57BL/6,1.1.1,FR1,0,PelletDrop,166,166,30,9,0,0,,,,,,,,,,,,,,,,,
2026-07-15 18:36:54,108736.054688,B8DB8AF16E20,0002,male,C57BL/6,1.1.1,FR1,0,PelletTaken,166,166,30,9,0,0,9.949,153.000,0,4,,,,,,,,,,,,,
2026-07-15 18:37:39,108781.296875,B8DB8AF16E20,0002,male,C57BL/6,1.1.1,FR1,0,Left,166,167,30,9,0,0,,,,,,,,,,,,,,,,,
2026-07-15 18:37:43,108785.453125,B8DB8AF16E20,0002,male,C57BL/6,1.1.1,FR1,0,PelletDrop,167,167,30,9,0,0,,,,,,,,,,,,,,,,,
2026-07-15 18:37:45,108786.898438,B8DB8AF16E20,0002,male,C57BL/6,1.1.1,FR1,0,PelletNotDetected,167,167,30,9,0,0,,,,,,,,,,,,,,,,,
2026-07-15 18:38:19,108821.679688,B8DB8AF16E20,0002,male,C57BL/6,1.1.1,FR1,0,Right,167,167,31,9,0,0,,,,,,,,,,,,,,,,,
2026-07-15 18:38:22,108824.289062,B8DB8AF16E20,0002,male,C57BL/6,1.1.1,FR1,0,Right,167,167,32,9,0,0,,,,,,,,,,,,,,,,,
2026-07-15 18:41:34,109016.250000,B8DB8AF16E20,0002,male,C57BL/6,1.1.1,FR1,0,Status,167,167,32,9,0,0,,,,,Disabled,25.0,42.0,1013.1,12.5,0.000,0.000,247736,339964,180084,22720,3.91,66.43
2026-07-15 18:49:11,109473.703125,B8DB8AF16E20,0002,male,C57BL/6,1.1.1,FR1,0,Right,167,167,33,9,0,0,,,,,,,,,,,,,,,,,
2026-07-15 18:49:19,109481.554688,B8DB8AF16E20,0002,male,C57BL/6,1.1.1,FR1,0,Right,167,167,34,9,0,0,,,,,,,,,,,,,,,,,
2026-07-15 18:49:21,109484.476562,B8DB8AF16E20,0002,male,C57BL/6,1.1.1,FR1,0,Right,167,167,35,9,0,0,,,,,,,,,,,,,,,,,
2026-07-15 18:50:12,109535.007812,B8DB8AF16E20,0002,male,C57BL/6,1.1.1,FR1,0,Left,167,168,35,9,0,0,,,,,,,,,,,,,,,,,
2026-07-15 18:50:15,109538.062500,B8DB8AF16E20,0002,male,C57BL/6,1.1.1,FR1,0,PelletDrop,168,168,35,9,0,0,,,,,,,,,,,,,,,,,
2026-07-15 18:50:16,109539.484375,B8DB8AF16E20,0002,male,C57BL/6,1.1.1,FR1,0,PelletNotDetected,168,168,35,9,0,0,,,,,,,,,,,,,,,,,
2026-07-15 18:50:37,109560.507812,B8DB8AF16E20,0002,male,C57BL/6,1.1.1,FR1,0,Left,168,169,35,9,0,0,,,,,,,,,,,,,,,,,
2026-07-15 18:50:47,109569.757812,B8DB8AF16E20,0002,male,C57BL/6,1.1.1,FR1,0,PelletDrop,169,169,35,9,0,0,,,,,,,,,,,,,,,,,
2026-07-15 18:51:01,109583.812500,B8DB8AF16E20,0002,male,C57BL/6,1.1.1,FR1,0,PelletTaken,169,169,35,9,0,0,13.205,181.000,0,5,,,,,,,,,,,,,
2026-07-15 18:52:44,109686.781250,B8DB8AF16E20,0002,male,C57BL/6,1.1.1,FR1,0,Status,169,169,35,9,0,0,,,,,Disabled,25.1,41.9,1013.1,12.5,0.000,0.000,247736,339964,180084,22854,3.91,66.29
2026-07-15 19:03:56,110359.390625,B8DB8AF16E20,0002,male,C57BL/6,1.1.1,FR1,0,Status,169,169,35,9,0,0,,,,,Disabled,25.1,42.3,1013.1,12.5,0.000,0.000,247736,339964,180068,22991,3.91,66.14
2026-07-15 19:07:45,110588.976562,B8DB8AF16E20,0002,male,C57BL/6,1.1.1,FR1,0,Right,169,169,36,9,0,0,,,,,,,,,,,,,,,,,
2026-07-15 19:08:02,110605.929688,B8DB8AF16E20,0002,male,C57BL/6,1.1.1,FR1,0,Right,169,169,37,9,0,0,,,,,,,,,,,,,,,,,
2026-07-15 19:08:18,110621.796875,B8DB8AF16E20,0002,male,C57BL/6,1.1.1,FR1,0,Right,169,169,38,9,0,0,,,,,,,,,,,,,,,,,
2026-07-15 19:09:15,110678.867188,B8DB8AF16E20,0002,male,C57BL/6,1.1.1,FR1,0,Right,169,169,39,9,0,0,,,,,,,,,,,,,,,,,
2026-07-15 19:09:22,110685.710938,B8DB8AF16E20,0002,male,C57BL/6,1.1.1,FR1,0,Left,169,170,39,9,0,0,,,,,,,,,,,,,,,,,
2026-07-15 19:09:25,110688.750000,B8DB8AF16E20,0002,male,C57BL/6,1.1.1,FR1,0,PelletDrop,170,170,39,9,0,0,,,,,,,,,,,,,,,,,
2026-07-15 19:09:26,110690.179688,B8DB8AF16E20,0002,male,C57BL/6,1.1.1,FR1,0,PelletNotDetected,170,170,39,9,0,0,,,,,,,,,,,,,,,,,
2026-07-15 19:09:55,110718.718750,B8DB8AF16E20,0002,male,C57BL/6,1.1.1,FR1,0,Left,170,171,39,9,0,0,,,,,,,,,,,,,,,,,
2026-07-15 19:10:00,110724.039062,B8DB8AF16E20,0002,male,C57BL/6,1.1.1,FR1,0,PelletDrop,171,171,39,9,0,0,,,,,,,,,,,,,,,,,
2026-07-15 19:10:09,110732.515625,B8DB8AF16E20,0002,male,C57BL/6,1.1.1,FR1,0,PelletTaken,171,171,39,9,0,0,7.638,58.000,0,3,,,,,,,,,,,,,
2026-07-15 19:10:40,110763.437500,B8DB8AF16E20,0002,male,C57BL/6,1.1.1,FR1,0,Left,171,172,39,9,0,0,,,,,,,,,,,,,,,,,
2026-07-15 19:10:45,110768.742188,B8DB8AF16E20,0002,male,C57BL/6,1.1.1,FR1,0,PelletDrop,172,172,39,9,0,0,,,,,,,,,,,,,,,,,
2026-07-15 19:10:54,110778.015625,B8DB8AF16E20,0002,male,C57BL/6,1.1.1,FR1,0,PelletTaken,172,172,39,9,0,0,8.431,20.000,0,2,,,,,,,,,,,,,
2026-07-15 19:14:57,111021.031250,B8DB8AF16E20,0002,male,C57BL/6,1.1.1,FR1,0,Status,172,172,39,9,0,0,,,,,Disabled,25.1,42.3,1013.0,12.5,0.000,0.000,247736,339964,180068,23122,3.92,66.14
2026-07-15 19:22:05,111449.148438,B8DB8AF16E20,0002,male,C57BL/6,1.1.1,FR1,0,Left,172,173,39,9,0,0,,,,,,,,,,,,,,,,,
2026-07-15 19:22:10,111454.468750,B8DB8AF16E20,0002,male,C57BL/6,1.1.1,FR1,0,PelletDrop,173,173,39,9,0,0,,,,,,,,,,,,,,,,,
2026-07-15 19:22:30,111474.500000,B8DB8AF16E20,0002,male,C57BL/6,1.1.1,FR1,0,PelletTaken,173,173,39,9,0,0,19.199,480.000,0,2,,,,,,,,,,,,,
2026-07-15 19:26:03,111686.593750,B8DB8AF16E20,0002,male,C57BL/6,1.1.1,FR1,0,Status,173,173,39,9,0,0,,,,,Disabled,25.1,42.2,1013.0,12.6,0.000,0.000,247736,339964,180068,23253,3.91,66.00
2026-07-15 19:37:04,112349.257812,B8DB8AF16E20,0002,male,C57BL/6,1.1.1,FR1,0,Status,173,173,39,9,0,0,,,,,Disabled,25.1,42.6,1013.0,12.5,0.000,0.000,247736,339964,180068,23390,3.91,65.86
2026-07-15 19:41:43,112628.789062,B8DB8AF16E20,0002,male,C57BL/6,1.1.1,FR1,0,Right,173,173,40,9,0,0,,,,,,,,,,,,,,,,,
2026-07-15 19:41:47,112632.320312,B8DB8AF16E20,0002,male,C57BL/6,1.1.1,FR1,0,Right,173,173,41,9,0,0,,,,,,,,,,,,,,,,,
2026-07-15 19:41:49,112635.148438,B8DB8AF16E20,0002,male,C57BL/6,1.1.1,FR1,0,Left,173,174,41,9,0,0,,,,,,,,,,,,,,,,,
2026-07-15 19:41:55,112640.453125,B8DB8AF16E20,0002,male,C57BL/6,1.1.1,FR1,0,PelletDrop,174,174,41,9,0,0,,,,,,,,,,,,,,,,,
2026-07-15 19:42:02,112648.007812,B8DB8AF16E20,0002,male,C57BL/6,1.1.1,FR1,0,PelletTaken,174,174,41,9,0,0,6.704,59.000,0,2,,,,,,,,,,,,,
2026-07-15 19:42:28,112674.257812,B8DB8AF16E20,0002,male,C57BL/6,1.1.1,FR1,0,Left,174,175,41,9,0,0,,,,,,,,,,,,,,,,,
2026-07-15 19:42:31,112677.296875,B8DB8AF16E20,0002,male,C57BL/6,1.1.1,FR1,0,PelletDrop,175,175,41,9,0,0,,,,,,,,,,,,,,,,,
2026-07-15 19:42:33,112678.726562,B8DB8AF16E20,0002,male,C57BL/6,1.1.1,FR1,0,PelletNotDetected,175,175,41,9,0,0,,,,,,,,,,,,,,,,,
2026-07-15 19:43:05,112711.218750,B8DB8AF16E20,0002,male,C57BL/6,1.1.1,FR1,0,Left,175,176,41,9,0,0,,,,,,,,,,,,,,,,,
2026-07-15 19:43:11,112716.523438,B8DB8AF16E20,0002,male,C57BL/6,1.1.1,FR1,0,PelletDrop,176,176,41,9,0,0,,,,,,,,,,,,,,,,,
2026-07-15 19:43:21,112727.273438,B8DB8AF16E20,0002,male,C57BL/6,1.1.1,FR1,0,PelletTaken,176,176,41,9,0,0,9.915,69.000,0,3,,,,,,,,,,,,,
2026-07-15 19:43:51,112756.914062,B8DB8AF16E20,0002,male,C57BL/6,1.1.1,FR1,0,Left,176,177,41,9,0,0,,,,,,,,,,,,,,,,,
2026-07-15 19:43:56,112762.234375,B8DB8AF16E20,0002,male,C57BL/6,1.1.1,FR1,0,PelletDrop,177,177,41,9,0,0,,,,,,,,,,,,,,,,,
2026-07-15 19:44:07,112772.507812,B8DB8AF16E20,0002,male,C57BL/6,1.1.1,FR1,0,PelletTaken,177,177,41,9,0,0,9.443,115.000,0,2,,,,,,,,,,,,,
2026-07-15 19:45:10,112835.726562,B8DB8AF16E20,0002,male,C57BL/6,1.1.1,FR1,0,Right,177,177,42,9,0,0,,,,,,,,,,,,,,,,,
2026-07-15 19:45:13,112839.164062,B8DB8AF16E20,0002,male,C57BL/6,1.1.1,FR1,0,Left,177,178,42,9,0,0,,,,,,,,,,,,,,,,,
2026-07-15 19:45:19,112844.484375,B8DB8AF16E20,0002,male,C57BL/6,1.1.1,FR1,0,PelletDrop,178,178,42,9,0,0,,,,,,,,,,,,,,,,,
2026-07-15 19:45:25,112851.101562,B8DB8AF16E20,0002,male,C57BL/6,1.1.1,FR1,0,PelletTaken,178,178,42,9,0,0,5.780,59.000,0,2,,,,,,,,,,,,,
2026-07-15 19:46:17,112903.148438,B8DB8AF16E20,0002,male,C57BL/6,1.1.1,FR1,0,Right,178,178,43,9,0,0,,,,,,,,,,,,,,,,,
2026-07-15 19:48:12,113016.757812,B8DB8AF16E20,0002,male,C57BL/6,1.1.1,FR1,0,Status,178,178,43,9,0,0,,,,,Disabled,25.1,42.6,1012.9,12.4,0.000,0.000,247736,339964,180064,23519,3.91,65.71
2026-07-15 19:55:43,113468.742188,B8DB8AF16E20,0002,male,C57BL/6,1.1.1,FR1,0,Right,178,178,44,9,0,0,,,,,,,,,,,,,,,,,
2026-07-15 19:55:46,113471.296875,B8DB8AF16E20,0002,male,C57BL/6,1.1.1,FR1,0,Right,178,178,45,9,0,0,,,,,,,,,,,,,,,,,
2026-07-15 19:55:53,113478.796875,B8DB8AF16E20,0002,male,C57BL/6,1.1.1,FR1,0,Right,178,178,46,9,0,0,,,,,,,,,,,,,,,,,
2026-07-15 19:55:55,113481.023438,B8DB8AF16E20,0002,male,C57BL/6,1.1.1,FR1,0,Left,178,179,46,9,0,0,,,,,,,,,,,,,,,,,
2026-07-15 19:56:01,113486.328125,B8DB8AF16E20,0002,male,C57BL/6,1.1.1,FR1,0,PelletDrop,179,179,46,9,0,0,,,,,,,,,,,,,,,,,
2026-07-15 19:56:02,113487.750000,B8DB8AF16E20,0002,male,C57BL/6,1.1.1,FR1,0,PelletNotDetected,179,179,46,9,0,0,,,,,,,,,,,,,,,,,
2026-07-15 19:56:25,113510.851562,B8DB8AF16E20,0002,male,C57BL/6,1.1.1,FR1,0,Right,179,179,47,9,0,0,,,,,,,,,,,,,,,,,
2026-07-15 19:56:33,113518.429688,B8DB8AF16E20,0002,male,C57BL/6,1.1.1,FR1,0,Left,179,180,47,9,0,0,,,,,,,,,,,,,,,,,
2026-07-15 19:56:40,113525.656250,B8DB8AF16E20,0002,male,C57BL/6,1.1.1,FR1,0,PelletDrop,180,180,47,9,0,0,,,,,,,,,,,,,,,,,
2026-07-15 19:56:44,113529.664062,B8DB8AF16E20,0002,male,C57BL/6,1.1.1,FR1,0,PelletTaken,180,180,47,9,0,0,3.150,229.000,0,4,,,,,,,,,,,,,
2026-07-15 19:57:12,113558.218750,B8DB8AF16E20,0002,male,C57BL/6,1.1.1,FR1,0,Left,180,181,47,9,0,0,,,,,,,,,,,,,,,,,
2026-07-15 19:57:18,113563.476562,B8DB8AF16E20,0002,male,C57BL/6,1.1.1,FR1,0,PelletDrop,181,181,47,9,0,0,,,,,,,,,,,,,,,,,
2026-07-15 19:57:19,113564.921875,B8DB8AF16E20,0002,male,C57BL/6,1.1.1,FR1,0,PelletNotDetected,181,181,47,9,0,0,,,,,,,,,,,,,,,,,
2026-07-15 19:57:39,113585.203125,B8DB8AF16E20,0002,male,C57BL/6,1.1.1,FR1,0,Left,181,182,47,9,0,0,,,,,,,,,,,,,,,,,
2026-07-15 19:57:47,113592.437500,B8DB8AF16E20,0002,male,C57BL/6,1.1.1,FR1,0,PelletDrop,182,182,47,9,0,0,,,,,,,,,,,,,,,,,
2026-07-15 19:57:54,113599.265625,B8DB8AF16E20,0002,male,C57BL/6,1.1.1,FR1,0,PelletTaken,182,182,47,9,0,0,6.000,40.000,0,4,,,,,,,,,,,,,
2026-07-15 19:59:15,113681.335938,B8DB8AF16E20,0002,male,C57BL/6,1.1.1,FR1,0,Status,182,182,47,9,0,0,,,,,Disabled,25.1,42.4,1012.9,12.4,0.000,0.000,247736,339964,180064,23651,3.90,65.42
2026-07-15 20:10:12,114338.976562,B8DB8AF16E20,0002,male,C57BL/6,1.1.1,FR1,0,Left,182,183,47,9,0,0,,,,,,,,,,,,,,,,,
2026-07-15 20:10:16,114343.085938,B8DB8AF16E20,0002,male,C57BL/6,1.1.1,FR1,0,PelletDrop,183,183,47,9,0,0,,,,,,,,,,,,,,,,,
2026-07-15 20:10:17,114344.531250,B8DB8AF16E20,0002,male,C57BL/6,1.1.1,FR1,0,PelletNotDetected,183,183,47,9,0,0,,,,,,,,,,,,,,,,,
2026-07-15 20:10:25,114352.500000,B8DB8AF16E20,0002,male,C57BL/6,1.1.1,FR1,0,Status,183,183,47,9,0,0,,,,,Disabled,25.1,42.7,1012.9,12.3,0.000,0.000,247736,339964,180064,23789,3.90,65.28
2026-07-15 20:10:40,114367.101562,B8DB8AF16E20,0002,male,C57BL/6,1.1.1,FR1,0,Left,183,184,47,9,0,0,,,,,,,,,,,,,,,,,
2026-07-15 20:10:43,114370.085938,B8DB8AF16E20,0002,male,C57BL/6,1.1.1,FR1,0,PelletDrop,184,184,47,9,0,0,,,,,,,,,,,,,,,,,
2026-07-15 20:10:44,114371.054688,B8DB8AF16E20,0002,male,C57BL/6,1.1.1,FR1,0,PelletTaken,184,184,47,9,0,0,0.115,153.000,0,2,,,,,,,,,,,,,
2026-07-15 20:11:06,114393.156250,B8DB8AF16E20,0002,male,C57BL/6,1.1.1,FR1,0,Left,184,185,47,9,0,0,,,,,,,,,,,,,,,,,
2026-07-15 20:11:11,114398.460938,B8DB8AF16E20,0002,male,C57BL/6,1.1.1,FR1,0,PelletDrop,185,185,47,9,0,0,,,,,,,,,,,,,,,,,
2026-07-15 20:11:23,114410.085938,B8DB8AF16E20,0002,male,C57BL/6,1.1.1,FR1,0,PelletTaken,185,185,47,9,0,0,10.795,246.000,0,2,,,,,,,,,,,,,
2026-07-15 20:12:01,114448.539062,B8DB8AF16E20,0002,male,C57BL/6,1.1.1,FR1,0,Left,185,186,47,9,0,0,,,,,,,,,,,,,,,,,
2026-07-15 20:12:07,114453.843750,B8DB8AF16E20,0002,male,C57BL/6,1.1.1,FR1,0,PelletDrop,186,186,47,9,0,0,,,,,,,,,,,,,,,,,
2026-07-15 20:12:16,114463.593750,B8DB8AF16E20,0002,male,C57BL/6,1.1.1,FR1,0,PelletTaken,186,186,47,9,0,0,8.915,31.000,0,2,,,,,,,,,,,,,
2026-07-15 20:21:22,115009.578125,B8DB8AF16E20,0002,male,C57BL/6,1.1.1,FR1,0,Status,186,186,47,9,0,0,,,,,Disabled,25.1,42.5,1013.0,12.2,0.000,0.000,247736,339964,180064,23917,3.90,65.28
2026-07-15 20:32:27,115675.273438,B8DB8AF16E20,0002,male,C57BL/6,1.1.1,FR1,0,Status,186,186,47,9,0,0,,,,,Disabled,25.1,42.4,1013.0,12.1,0.000,0.000,247736,339964,180064,24054,3.90,65.13
2026-07-15 20:43:34,116342.796875,B8DB8AF16E20,0002,male,C57BL/6,1.1.1,FR1,0,Status,186,186,47,9,0,0,,,,,Disabled,25.1,42.5,1013.0,12.0,0.000,0.000,247736,339964,180064,24191,3.90,65.13
2026-07-15 20:43:51,116360.085938,B8DB8AF16E20,0002,male,C57BL/6,1.1.1,FR1,0,Right,186,186,48,9,0,0,,,,,,,,,,,,,,,,,
2026-07-15 20:43:53,116362.406250,B8DB8AF16E20,0002,male,C57BL/6,1.1.1,FR1,0,Right,186,186,49,9,0,0,,,,,,,,,,,,,,,,,
2026-07-15 20:43:59,116368.226562,B8DB8AF16E20,0002,male,C57BL/6,1.1.1,FR1,0,Left,186,187,49,9,0,0,,,,,,,,,,,,,,,,,
2026-07-15 20:44:04,116373.539062,B8DB8AF16E20,0002,male,C57BL/6,1.1.1,FR1,0,PelletDrop,187,187,49,9,0,0,,,,,,,,,,,,,,,,,
2026-07-15 20:44:16,116385.664062,B8DB8AF16E20,0002,male,C57BL/6,1.1.1,FR1,0,PelletTaken,187,187,49,9,0,0,11.280,115.000,0,2,,,,,,,,,,,,,
2026-07-15 20:45:01,116430.601562,B8DB8AF16E20,0002,male,C57BL/6,1.1.1,FR1,0,Right,187,187,50,9,0,0,,,,,,,,,,,,,,,,,
2026-07-15 20:45:03,116432.007812,B8DB8AF16E20,0002,male,C57BL/6,1.1.1,FR1,0,Right,187,187,51,9,0,0,,,,,,,,,,,,,,,,,
2026-07-15 20:50:16,116745.070312,B8DB8AF16E20,0002,male,C57BL/6,1.1.1,FR1,0,Left,187,188,51,9,0,0,,,,,,,,,,,,,,,,,
2026-07-15 20:50:21,116750.390625,B8DB8AF16E20,0002,male,C57BL/6,1.1.1,FR1,0,PelletDrop,188,188,51,9,0,0,,,,,,,,,,,,,,,,,
2026-07-15 20:50:31,116760.492188,B8DB8AF16E20,0002,male,C57BL/6,1.1.1,FR1,0,PelletTaken,188,188,51,9,0,0,9.266,632.000,0,2,,,,,,,,,,,,,
2026-07-15 20:54:40,117009.375000,B8DB8AF16E20,0002,male,C57BL/6,1.1.1,FR1,0,Status,188,188,51,9,0,0,,,,,Disabled,25.1,42.5,1013.1,12.0,0.000,0.000,247736,339964,180064,24326,3.90,64.99
2026-07-15 21:05:48,117678.015625,B8DB8AF16E20,0002,male,C57BL/6,1.1.1,FR1,0,Status,188,188,51,9,0,0,,,,,Disabled,25.1,42.6,1013.1,12.0,0.000,0.000,247736,339964,180064,24463,3.90,64.84
2026-07-15 21:15:07,118236.773438,B8DB8AF16E20,0002,male,C57BL/6,1.1.1,FR1,0,Right,188,188,52,9,0,0,,,,,,,,,,,,,,,,,
2026-07-15 21:15:08,118237.968750,B8DB8AF16E20,0002,male,C57BL/6,1.1.1,FR1,0,Right,188,188,53,9,0,0,,,,,,,,,,,,,,,,,
2026-07-15 21:15:10,118240.429688,B8DB8AF16E20,0002,male,C57BL/6,1.1.1,FR1,0,Right,188,188,54,9,0,0,,,,,,,,,,,,,,,,,
2026-07-15 21:15:16,118245.968750,B8DB8AF16E20,0002,male,C57BL/6,1.1.1,FR1,0,Right,188,188,55,9,0,0,,,,,,,,,,,,,,,,,
2026-07-15 21:15:18,118248.132812,B8DB8AF16E20,0002,male,C57BL/6,1.1.1,FR1,0,Right,188,188,56,9,0,0,,,,,,,,,,,,,,,,,
2026-07-15 21:15:21,118250.718750,B8DB8AF16E20,0002,male,C57BL/6,1.1.1,FR1,0,Right,188,188,57,9,0,0,,,,,,,,,,,,,,,,,
2026-07-15 21:15:24,118253.734375,B8DB8AF16E20,0002,male,C57BL/6,1.1.1,FR1,0,Right,188,188,58,9,0,0,,,,,,,,,,,,,,,,,
2026-07-15 21:15:26,118256.632812,B8DB8AF16E20,0002,male,C57BL/6,1.1.1,FR1,0,Left,188,189,58,9,0,0,,,,,,,,,,,,,,,,,
2026-07-15 21:15:32,118261.953125,B8DB8AF16E20,0002,male,C57BL/6,1.1.1,FR1,0,PelletDrop,189,189,58,9,0,0,,,,,,,,,,,,,,,,,
2026-07-15 21:15:38,118268.617188,B8DB8AF16E20,0002,male,C57BL/6,1.1.1,FR1,0,PelletTaken,189,189,58,9,0,0,5.834,514.000,0,2,,,,,,,,,,,,,
2026-07-15 21:16:52,118342.601562,B8DB8AF16E20,0002,male,C57BL/6,1.1.1,FR1,0,Status,189,189,58,9,0,0,,,,,Disabled,25.1,42.8,1013.2,12.0,0.000,0.000,247736,339964,180056,24602,3.90,64.84
2026-07-15 21:16:59,118349.898438,B8DB8AF16E20,0002,male,C57BL/6,1.1.1,FR1,0,Left,189,190,58,9,0,0,,,,,,,,,,,,,,,,,
2026-07-15 21:17:04,118355.203125,B8DB8AF16E20,0002,male,C57BL/6,1.1.1,FR1,0,PelletDrop,190,190,58,9,0,0,,,,,,,,,,,,,,,,,
2026-07-15 21:17:13,118363.492188,B8DB8AF16E20,0002,male,C57BL/6,1.1.1,FR1,0,PelletTaken,190,190,58,9,0,0,7.462,95.000,0,2,,,,,,,,,,,,,
2026-07-15 21:17:56,118406.500000,B8DB8AF16E20,0002,male,C57BL/6,1.1.1,FR1,0,Left,190,191,58,9,0,0,,,,,,,,,,,,,,,,,
2026-07-15 21:18:01,118411.820312,B8DB8AF16E20,0002,male,C57BL/6,1.1.1,FR1,0,PelletDrop,191,191,58,9,0,0,,,,,,,,,,,,,,,,,
2026-07-15 21:18:09,118420.281250,B8DB8AF16E20,0002,male,C57BL/6,1.1.1,FR1,0,PelletTaken,191,191,58,9,0,0,7.627,31.000,0,2,,,,,,,,,,,,,
2026-07-15 21:18:45,118456.070312,B8DB8AF16E20,0002,male,C57BL/6,1.1.1,FR1,0,Left,191,192,58,9,0,0,,,,,,,,,,,,,,,,,
2026-07-15 21:18:50,118461.375000,B8DB8AF16E20,0002,male,C57BL/6,1.1.1,FR1,0,PelletDrop,192,192,58,9,0,0,,,,,,,,,,,,,,,,,
2026-07-15 21:18:59,118470.218750,B8DB8AF16E20,0002,male,C57BL/6,1.1.1,FR1,0,PelletTaken,192,192,58,9,0,0,7.991,39.000,0,2,,,,,,,,,,,,,
2026-07-15 21:19:33,118503.695312,B8DB8AF16E20,0002,male,C57BL/6,1.1.1,FR1,0,Left,192,193,58,9,0,0,,,,,,,,,,,,,,,,,
2026-07-15 21:19:38,118509.000000,B8DB8AF16E20,0002,male,C57BL/6,1.1.1,FR1,0,PelletDrop,193,193,58,9,0,0,,,,,,,,,,,,,,,,,
2026-07-15 21:19:49,118520.445312,B8DB8AF16E20,0002,male,C57BL/6,1.1.1,FR1,0,PelletTaken,193,193,58,9,0,0,10.608,330.000,0,2,,,,,,,,,,,,,
2026-07-15 21:28:02,119013.140625,B8DB8AF16E20,0002,male,C57BL/6,1.1.1,FR1,0,Status,193,193,58,9,0,0,,,,,Disabled,25.2,42.5,1013.3,12.0,0.000,0.000,247736,339964,180056,24727,3.90,64.55
2026-07-15 21:39:09,119680.742188,B8DB8AF16E20,0002,male,C57BL/6,1.1.1,FR1,0,Status,193,193,58,9,0,0,,,,,Disabled,25.2,42.6,1013.3,12.1,0.000,0.000,247736,339964,180056,24864,3.90,64.55
2026-07-15 21:39:43,119714.562500,B8DB8AF16E20,0002,male,C57BL/6,1.1.1,FR1,0,Right,193,193,59,9,0,0,,,,,,,,,,,,,,,,,
2026-07-15 21:39:55,119726.632812,B8DB8AF16E20,0002,male,C57BL/6,1.1.1,FR1,0,Right,193,193,60,9,0,0,,,,,,,,,,,,,,,,,
2026-07-15 21:43:05,119916.382812,B8DB8AF16E20,0002,male,C57BL/6,1.1.1,FR1,0,Left,193,194,60,9,0,0,,,,,,,,,,,,,,,,,
2026-07-15 21:43:08,119919.523438,B8DB8AF16E20,0002,male,C57BL/6,1.1.1,FR1,0,PelletDrop,194,194,60,9,0,0,,,,,,,,,,,,,,,,,
2026-07-15 21:43:09,119920.945312,B8DB8AF16E20,0002,male,C57BL/6,1.1.1,FR1,0,PelletNotDetected,194,194,60,9,0,0,,,,,,,,,,,,,,,,,
2026-07-15 21:43:47,119958.984375,B8DB8AF16E20,0002,male,C57BL/6,1.1.1,FR1,0,Left,194,195,60,9,0,0,,,,,,,,,,,,,,,,,
2026-07-15 21:43:52,119964.203125,B8DB8AF16E20,0002,male,C57BL/6,1.1.1,FR1,0,PelletDrop,195,195,60,9,0,0,,,,,,,,,,,,,,,,,
2026-07-15 21:44:02,119973.398438,B8DB8AF16E20,0002,male,C57BL/6,1.1.1,FR1,0,PelletTaken,195,195,60,9,0,0,8.365,294.000,0,3,,,,,,,,,,,,,
2026-07-15 21:44:36,120007.929688,B8DB8AF16E20,0002,male,C57BL/6,1.1.1,FR1,0,Left,195,196,60,9,0,0,,,,,,,,,,,,,,,,,
2026-07-15 21:44:41,120013.234375,B8DB8AF16E20,0002,male,C57BL/6,1.1.1,FR1,0,PelletDrop,196,196,60,9,0,0,,,,,,,,,,,,,,,,,
2026-07-15 21:44:48,120019.968750,B8DB8AF16E20,0002,male,C57BL/6,1.1.1,FR1,0,PelletTaken,196,196,60,9,0,0,5.879,20.000,0,2,,,,,,,,,,,,,
2026-07-15 21:45:29,120060.796875,B8DB8AF16E20,0002,male,C57BL/6,1.1.1,FR1,0,Left,196,197,60,9,0,0,,,,,,,,,,,,,,,,,
2026-07-15 21:45:34,120066.101562,B8DB8AF16E20,0002,male,C57BL/6,1.1.1,FR1,0,PelletDrop,197,197,60,9,0,0,,,,,,,,,,,,,,,,,
2026-07-15 21:45:44,120075.929688,B8DB8AF16E20,0002,male,C57BL/6,1.1.1,FR1,0,PelletTaken,197,197,60,9,0,0,8.991,142.000,0,2,,,,,,,,,,,,,
2026-07-15 21:46:14,120105.429688,B8DB8AF16E20,0002,male,C57BL/6,1.1.1,FR1,0,Left,197,198,60,9,0,0,,,,,,,,,,,,,,,,,
2026-07-15 21:46:21,120112.945312,B8DB8AF16E20,0002,male,C57BL/6,1.1.1,FR1,0,PelletDrop,198,198,60,9,0,0,,,,,,,,,,,,,,,,,
2026-07-15 21:46:31,120122.390625,B8DB8AF16E20,0002,male,C57BL/6,1.1.1,FR1,0,PelletTaken,198,198,60,9,0,0,8.606,86.000,0,3,,,,,,,,,,,,,
2026-07-15 21:47:11,120162.539062,B8DB8AF16E20,0002,male,C57BL/6,1.1.1,FR1,0,Left,198,199,60,9,0,0,,,,,,,,,,,,,,,,,
2026-07-15 21:47:16,120167.851562,B8DB8AF16E20,0002,male,C57BL/6,1.1.1,FR1,0,PelletDrop,199,199,60,9,0,0,,,,,,,,,,,,,,,,,
2026-07-15 21:47:25,120177.421875,B8DB8AF16E20,0002,male,C57BL/6,1.1.1,FR1,0,PelletTaken,199,199,60,9,0,0,8.727,136.000,0,2,,,,,,,,,,,,,
2026-07-15 21:50:21,120353.304688,B8DB8AF16E20,0002,male,C57BL/6,1.1.1,FR1,0,Status,199,199,60,9,0,0,,,,,Disabled,25.3,41.9,1013.3,12.1,0.000,0.000,247736,339964,180056,24986,3.90,64.41
2026-07-15 21:54:38,120610.906250,B8DB8AF16E20,0002,male,C57BL/6,1.1.1,FR1,0,Right,199,199,61,9,0,0,,,,,,,,,,,,,,,,,
2026-07-15 21:58:29,120842.156250,B8DB8AF16E20,0002,male,C57BL/6,1.1.1,FR1,0,Right,199,199,62,9,0,0,,,,,,,,,,,,,,,,,
2026-07-15 21:58:31,120844.023438,B8DB8AF16E20,0002,male,C57BL/6,1.1.1,FR1,0,Right,199,199,63,9,0,0,,,,,,,,,,,,,,,,,
2026-07-15 22:01:31,121023.882812,B8DB8AF16E20,0002,male,C57BL/6,1.1.1,FR1,0,Status,199,199,63,9,0,0,,,,,Disabled,25.3,42.6,1013.3,12.2,0.000,0.000,247736,339964,180056,25124,3.89,64.27
2026-07-15 22:11:16,121609.781250,B8DB8AF16E20,0002,male,C57BL/6,1.1.1,FR1,0,Right,199,199,64,9,0,0,,,,,,,,,,,,,,,,,
2026-07-15 22:11:21,121614.859375,B8DB8AF16E20,0002,male,C57BL/6,1.1.1,FR1,0,Right,199,199,65,9,0,0,,,,,,,,,,,,,,,,,
2026-07-15 22:12:39,121692.531250,B8DB8AF16E20,0002,male,C57BL/6,1.1.1,FR1,0,Status,199,199,65,9,0,0,,,,,Disabled,25.3,42.8,1013.4,12.2,0.000,0.000,247736,339964,180056,25261,3.89,64.12
2026-07-15 22:15:59,121892.625000,B8DB8AF16E20,0002,male,C57BL/6,1.1.1,FR1,0,Center,199,199,65,10,0,0,,,,,,,,,,,,,,,,,
2026-07-15 22:16:15,121908.976562,B8DB8AF16E20,0002,male,C57BL/6,1.1.1,FR1,0,Center,199,199,65,11,0,0,,,,,,,,,,,,,,,,,
2026-07-15 22:16:33,121926.875000,B8DB8AF16E20,0002,male,C57BL/6,1.1.1,FR1,0,Center,199,199,65,12,0,0,,,,,,,,,,,,,,,,,
2026-07-15 22:16:36,121929.453125,B8DB8AF16E20,0002,male,C57BL/6,1.1.1,FR1,0,Center,199,199,65,13,0,0,,,,,,,,,,,,,,,,,
2026-07-15 22:16:38,121931.687500,B8DB8AF16E20,0002,male,C57BL/6,1.1.1,FR1,0,Center,199,199,65,14,0,0,,,,,,,,,,,,,,,,,
2026-07-15 22:16:49,121943.203125,B8DB8AF16E20,0002,male,C57BL/6,1.1.1,FR1,0,Right,199,199,66,14,0,0,,,,,,,,,,,,,,,,,
2026-07-15 22:16:52,121946.070312,B8DB8AF16E20,0002,male,C57BL/6,1.1.1,FR1,0,Center,199,199,66,15,0,0,,,,,,,,,,,,,,,,,
2026-07-15 22:17:05,121959.265625,B8DB8AF16E20,0002,male,C57BL/6,1.1.1,FR1,0,Left,199,200,66,15,0,0,,,,,,,,,,,,,,,,,
2026-07-15 22:17:08,121962.351562,B8DB8AF16E20,0002,male,C57BL/6,1.1.1,FR1,0,PelletDrop,200,200,66,15,0,0,,,,,,,,,,,,,,,,,
2026-07-15 22:17:10,121963.796875,B8DB8AF16E20,0002,male,C57BL/6,1.1.1,FR1,0,PelletNotDetected,200,200,66,15,0,0,,,,,,,,,,,,,,,,,
2026-07-15 22:17:28,121981.820312,B8DB8AF16E20,0002,male,C57BL/6,1.1.1,FR1,0,Center,200,200,66,16,0,0,,,,,,,,,,,,,,,,,
2026-07-15 22:17:43,121996.898438,B8DB8AF16E20,0002,male,C57BL/6,1.1.1,FR1,0,Center,200,200,66,17,0,0,,,,,,,,,,,,,,,,,
2026-07-15 22:17:46,121999.476562,B8DB8AF16E20,0002,male,C57BL/6,1.1.1,FR1,0,Center,200,200,66,18,0,0,,,,,,,,,,,,,,,,,
2026-07-15 22:19:41,122114.968750,B8DB8AF16E20,0002,male,C57BL/6,1.1.1,FR1,0,Center,200,200,66,19,0,0,,,,,,,,,,,,,,,,,
2026-07-15 22:20:38,122172.109375,B8DB8AF16E20,0002,male,C57BL/6,1.1.1,FR1,0,Right,200,200,67,19,0,0,,,,,,,,,,,,,,,,,
2026-07-15 22:23:52,122366.203125,B8DB8AF16E20,0002,male,C57BL/6,1.1.1,FR1,0,Status,200,200,67,19,0,0,,,,,Disabled,25.3,42.6,1013.4,12.2,0.000,0.000,247736,339964,180056,25401,3.89,63.98
2026-07-15 22:29:55,122729.390625,B8DB8AF16E20,0002,male,C57BL/6,1.1.1,FR1,0,Right,200,200,68,19,0,0,,,,,,,,,,,,,,,,,
2026-07-15 22:29:56,122730.742188,B8DB8AF16E20,0002,male,C57BL/6,1.1.1,FR1,0,Right,200,200,69,19,0,0,,,,,,,,,,,,,,,,,
2026-07-15 22:30:02,122736.820312,B8DB8AF16E20,0002,male,C57BL/6,1.1.1,FR1,0,Left,200,201,69,19,0,0,,,,,,,,,,,,,,,,,
2026-07-15 22:30:08,122742.070312,B8DB8AF16E20,0002,male,C57BL/6,1.1.1,FR1,0,PelletDrop,201,201,69,19,0,0,,,,,,,,,,,,,,,,,
2026-07-15 22:30:17,122751.710938,B8DB8AF16E20,0002,male,C57BL/6,1.1.1,FR1,0,PelletTaken,201,201,69,19,0,0,8.805,180.000,0,3,,,,,,,,,,,,,
2026-07-15 22:30:38,122772.718750,B8DB8AF16E20,0002,male,C57BL/6,1.1.1,FR1,0,Left,201,202,69,19,0,0,,,,,,,,,,,,,,,,,
2026-07-15 22:30:44,122778.023438,B8DB8AF16E20,0002,male,C57BL/6,1.1.1,FR1,0,PelletDrop,202,202,69,19,0,0,,,,,,,,,,,,,,,,,
2026-07-15 22:30:52,122786.328125,B8DB8AF16E20,0002,male,C57BL/6,1.1.1,FR1,0,PelletTaken,202,202,69,19,0,0,7.473,238.000,0,2,,,,,,,,,,,,,
2026-07-15 22:31:21,122815.093750,B8DB8AF16E20,0002,male,C57BL/6,1.1.1,FR1,0,Left,202,203,69,19,0,0,,,,,,,,,,,,,,,,,
2026-07-15 22:31:26,122820.398438,B8DB8AF16E20,0002,male,C57BL/6,1.1.1,FR1,0,PelletDrop,203,203,69,19,0,0,,,,,,,,,,,,,,,,,
2026-07-15 22:31:34,122828.023438,B8DB8AF16E20,0002,male,C57BL/6,1.1.1,FR1,0,PelletTaken,203,203,69,19,0,0,6.792,30.000,0,2,,,,,,,,,,,,,
2026-07-15 22:31:58,122852.773438,B8DB8AF16E20,0002,male,C57BL/6,1.1.1,FR1,0,Left,203,204,69,19,0,0,,,,,,,,,,,,,,,,,
2026-07-15 22:32:04,122858.093750,B8DB8AF16E20,0002,male,C57BL/6,1.1.1,FR1,0,PelletDrop,204,204,69,19,0,0,,,,,,,,,,,,,,,,,
2026-07-15 22:32:12,122866.867188,B8DB8AF16E20,0002,male,C57BL/6,1.1.1,FR1,0,PelletTaken,204,204,69,19,0,0,7.946,246.000,0,2,,,,,,,,,,,,,
2026-07-15 22:32:44,122898.617188,B8DB8AF16E20,0002,male,C57BL/6,1.1.1,FR1,0,Left,204,205,69,19,0,0,,,,,,,,,,,,,,,,,
2026-07-15 22:32:49,122903.929688,B8DB8AF16E20,0002,male,C57BL/6,1.1.1,FR1,0,PelletDrop,205,205,69,19,0,0,,,,,,,,,,,,,,,,,
2026-07-15 22:33:02,122916.054688,B8DB8AF16E20,0002,male,C57BL/6,1.1.1,FR1,0,PelletTaken,205,205,69,19,0,0,11.280,59.000,0,2,,,,,,,,,,,,,
2026-07-15 22:34:59,123033.773438,B8DB8AF16E20,0002,male,C57BL/6,1.1.1,FR1,0,Status,205,205,69,19,0,0,,,,,Disabled,25.4,42.2,1013.4,12.2,0.000,0.000,247736,339964,180056,25527,3.89,63.83
2026-07-15 22:46:11,123706.304688,B8DB8AF16E20,0002,male,C57BL/6,1.1.1,FR1,0,Status,205,205,69,19,0,0,,,,,Disabled,25.4,42.4,1013.4,12.2,0.000,0.000,247736,339964,180056,25664,3.89,63.69
2026-07-15 22:51:11,124006.609375,B8DB8AF16E20,0002,male,C57BL/6,1.1.1,FR1,0,Left,205,206,69,19,0,0,,,,,,,,,,,,,,,,,
2026-07-15 22:51:16,124011.914062,B8DB8AF16E20,0002,male,C57BL/6,1.1.1,FR1,0,PelletDrop,206,206,69,19,0,0,,,,,,,,,,,,,,,,,
2026-07-15 22:51:28,124023.320312,B8DB8AF16E20,0002,male,C57BL/6,1.1.1,FR1,0,PelletTaken,206,206,69,19,0,0,10.576,284.000,0,2,,,,,,,,,,,,,
2026-07-15 22:52:05,124061.109375,B8DB8AF16E20,0002,male,C57BL/6,1.1.1,FR1,0,Left,206,207,69,19,0,0,,,,,,,,,,,,,,,,,
2026-07-15 22:52:11,124066.429688,B8DB8AF16E20,0002,male,C57BL/6,1.1.1,FR1,0,PelletDrop,207,207,69,19,0,0,,,,,,,,,,,,,,,,,
2026-07-15 22:52:21,124077.078125,B8DB8AF16E20,0002,male,C57BL/6,1.1.1,FR1,0,PelletTaken,207,207,69,19,0,0,9.816,78.000,0,2,,,,,,,,,,,,,
2026-07-15 22:57:25,124380.921875,B8DB8AF16E20,0002,male,C57BL/6,1.1.1,FR1,0,Status,207,207,69,19,0,0,,,,,Disabled,25.4,42.2,1013.4,12.2,0.000,0.000,247736,339964,180056,25795,3.89,63.69
2026-07-15 23:04:47,124822.906250,B8DB8AF16E20,0002,male,C57BL/6,1.1.1,FR1,0,Right,207,207,70,19,0,0,,,,,,,,,,,,,,,,,
2026-07-15 23:08:39,125055.562500,B8DB8AF16E20,0002,male,C57BL/6,1.1.1,FR1,0,Status,207,207,70,19,0,0,,,,,Disabled,25.4,42.3,1013.4,12.3,0.000,0.000,247736,339964,180056,25932,3.88,63.54
2026-07-15 23:10:00,125135.906250,B8DB8AF16E20,0002,male,C57BL/6,1.1.1,FR1,0,Right,207,207,71,19,0,0,,,,,,,,,,,,,,,,,
2026-07-15 23:10:33,125168.835938,B8DB8AF16E20,0002,male,C57BL/6,1.1.1,FR1,0,Left,207,208,71,19,0,0,,,,,,,,,,,,,,,,,
2026-07-15 23:10:38,125174.156250,B8DB8AF16E20,0002,male,C57BL/6,1.1.1,FR1,0,PelletDrop,208,208,71,19,0,0,,,,,,,,,,,,,,,,,
2026-07-15 23:10:46,125182.242188,B8DB8AF16E20,0002,male,C57BL/6,1.1.1,FR1,0,PelletTaken,208,208,71,19,0,0,7.253,30.000,0,2,,,,,,,,,,,,,
2026-07-15 23:15:23,125459.632812,B8DB8AF16E20,0002,male,C57BL/6,1.1.1,FR1,0,Center,208,208,71,20,0,0,,,,,,,,,,,,,,,,,
2026-07-15 23:15:32,125468.265625,B8DB8AF16E20,0002,male,C57BL/6,1.1.1,FR1,0,Center,208,208,71,21,0,0,,,,,,,,,,,,,,,,,
2026-07-15 23:15:33,125469.968750,B8DB8AF16E20,0002,male,C57BL/6,1.1.1,FR1,0,Center,208,208,71,22,0,0,,,,,,,,,,,,,,,,,
2026-07-15 23:15:36,125472.953125,B8DB8AF16E20,0002,male,C57BL/6,1.1.1,FR1,0,Center,208,208,71,23,0,0,,,,,,,,,,,,,,,,,
2026-07-15 23:15:38,125474.554688,B8DB8AF16E20,0002,male,C57BL/6,1.1.1,FR1,0,Left,208,209,71,23,0,0,,,,,,,,,,,,,,,,,
2026-07-15 23:15:46,125482.523438,B8DB8AF16E20,0002,male,C57BL/6,1.1.1,FR1,0,PelletDrop,209,209,71,23,0,0,,,,,,,,,,,,,,,,,
2026-07-15 23:15:52,125488.718750,B8DB8AF16E20,0002,male,C57BL/6,1.1.1,FR1,0,PelletTaken,209,209,71,23,0,0,5.362,78.000,0,3,,,,,,,,,,,,,
2026-07-15 23:19:55,125732.117188,B8DB8AF16E20,0002,male,C57BL/6,1.1.1,FR1,0,Status,209,209,71,23,0,0,,,,,Disabled,25.4,42.2,1013.5,12.2,0.000,0.000,247736,339964,180056,26067,3.88,63.40
2026-07-15 23:20:20,125756.195312,B8DB8AF16E20,0002,male,C57BL/6,1.1.1,FR1,0,Right,209,209,72,23,0,0,,,,,,,,,,,,,,,,,
2026-07-15 23:24:44,126021.296875,B8DB8AF16E20,0002,male,C57BL/6,1.1.1,FR1,0,Right,209,209,73,23,0,0,,,,,,,,,,,,,,,,,
2026-07-15 23:26:06,126102.570312,B8DB8AF16E20,0002,male,C57BL/6,1.1.1,FR1,0,Right,209,209,74,23,0,0,,,,,,,,,,,,,,,,,
2026-07-15 23:26:08,126104.867188,B8DB8AF16E20,0002,male,C57BL/6,1.1.1,FR1,0,Left,209,210,74,23,0,0,,,,,,,,,,,,,,,,,
2026-07-15 23:26:11,126107.906250,B8DB8AF16E20,0002,male,C57BL/6,1.1.1,FR1,0,PelletDrop,210,210,74,23,0,0,,,,,,,,,,,,,,,,,
2026-07-15 23:26:12,126109.335938,B8DB8AF16E20,0002,male,C57BL/6,1.1.1,FR1,0,PelletNotDetected,210,210,74,23,0,0,,,,,,,,,,,,,,,,,
2026-07-15 23:26:26,126122.718750,B8DB8AF16E20,0002,male,C57BL/6,1.1.1,FR1,0,Left,210,211,74,23,0,0,,,,,,,,,,,,,,,,,
2026-07-15 23:26:31,126128.023438,B8DB8AF16E20,0002,male,C57BL/6,1.1.1,FR1,0,PelletDrop,211,211,74,23,0,0,,,,,,,,,,,,,,,,,
2026-07-15 23:26:41,126137.906250,B8DB8AF16E20,0002,male,C57BL/6,1.1.1,FR1,0,PelletTaken,211,211,74,23,0,0,9.046,48.000,0,3,,,,,,,,,,,,,
2026-07-15 23:27:10,126167.148438,B8DB8AF16E20,0002,male,C57BL/6,1.1.1,FR1,0,Left,211,212,74,23,0,0,,,,,,,,,,,,,,,,,
2026-07-15 23:27:15,126172.468750,B8DB8AF16E20,0002,male,C57BL/6,1.1.1,FR1,0,PelletDrop,212,212,74,23,0,0,,,,,,,,,,,,,,,,,
2026-07-15 23:27:30,126187.320312,B8DB8AF16E20,0002,male,C57BL/6,1.1.1,FR1,0,PelletTaken,212,212,74,23,0,0,14.018,11.000,0,2,,,,,,,,,,,,,
2026-07-15 23:31:11,126408.679688,B8DB8AF16E20,0002,male,C57BL/6,1.1.1,FR1,0,Status,212,212,74,23,0,0,,,,,Disabled,25.5,42.1,1013.5,12.2,0.000,0.000,247736,339964,180056,26198,3.89,63.25
2026-07-15 23:42:19,127077.312500,B8DB8AF16E20,0002,male,C57BL/6,1.1.1,FR1,0,Status,212,212,74,23,0,0,,,,,Disabled,25.5,42.3,1013.5,12.2,0.000,0.000,247736,339964,180056,26335,3.88,63.11
2026-07-15 23:42:54,127112.578125,B8DB8AF16E20,0002,male,C57BL/6,1.1.1,FR1,0,Left,212,213,74,23,0,0,,,,,,,,,,,,,,,,,
2026-07-15 23:42:59,127117.882812,B8DB8AF16E20,0002,male,C57BL/6,1.1.1,FR1,0,PelletDrop,213,213,74,23,0,0,,,,,,,,,,,,,,,,,
2026-07-15 23:43:14,127132.031250,B8DB8AF16E20,0002,male,C57BL/6,1.1.1,FR1,0,PelletTaken,213,213,74,23,0,0,13.314,198.000,0,2,,,,,,,,,,,,,
2026-07-15 23:43:49,127167.867188,B8DB8AF16E20,0002,male,C57BL/6,1.1.1,FR1,0,Left,213,214,74,23,0,0,,,,,,,,,,,,,,,,,
2026-07-15 23:43:55,127173.187500,B8DB8AF16E20,0002,male,C57BL/6,1.1.1,FR1,0,PelletDrop,214,214,74,23,0,0,,,,,,,,,,,,,,,,,
2026-07-15 23:44:03,127181.492188,B8DB8AF16E20,0002,male,C57BL/6,1.1.1,FR1,0,PelletTaken,214,214,74,23,0,0,7.474,31.000,0,2,,,,,,,,,,,,,
2026-07-15 23:44:34,127212.929688,B8DB8AF16E20,0002,male,C57BL/6,1.1.1,FR1,0,Left,214,215,74,23,0,0,,,,,,,,,,,,,,,,,
2026-07-15 23:44:40,127218.250000,B8DB8AF16E20,0002,male,C57BL/6,1.1.1,FR1,0,PelletDrop,215,215,74,23,0,0,,,,,,,,,,,,,,,,,
2026-07-15 23:44:53,127231.375000,B8DB8AF16E20,0002,male,C57BL/6,1.1.1,FR1,0,PelletTaken,215,215,74,23,0,0,12.291,199.000,0,2,,,,,,,,,,,,,
2026-07-15 23:45:38,127276.171875,B8DB8AF16E20,0002,male,C57BL/6,1.1.1,FR1,0,Left,215,216,74,23,0,0,,,,,,,,,,,,,,,,,
2026-07-15 23:45:45,127283.695312,B8DB8AF16E20,0002,male,C57BL/6,1.1.1,FR1,0,PelletDrop,216,216,74,23,0,0,,,,,,,,,,,,,,,,,
2026-07-15 23:45:55,127293.859375,B8DB8AF16E20,0002,male,C57BL/6,1.1.1,FR1,0,PelletTaken,216,216,74,23,0,0,9.311,114.000,0,3,,,,,,,,,,,,,
2026-07-15 23:52:50,127708.804688,B8DB8AF16E20,0002,male,C57BL/6,1.1.1,FR1,0,Status,216,216,74,23,0,0,,,,,Disabled,25.3,43.0,1013.6,12.3,0.000,0.000,247736,339964,180056,26458,3.89,62.96
2026-07-16 00:04:06,128385.453125,B8DB8AF16E20,0002,male,C57BL/6,1.1.1,FR1,0,Status,216,216,74,23,0,0,,,,,Disabled,25.4,42.1,1013.6,12.3,0.000,0.000,247736,339964,180056,26595,3.89,62.82
2026-07-16 00:15:37,129077.085938,B8DB8AF16E20,0002,male,C57BL/6,1.1.1,FR1,0,Status,216,216,74,23,0,0,,,,,Disabled,25.4,41.7,1013.5,12.2,0.000,0.000,247736,339964,180056,26732,3.88,62.82
2026-07-16 00:26:56,129756.718750,B8DB8AF16E20,0002,male,C57BL/6,1.1.1,FR1,0,Status,216,216,74,23,0,0,,,,,Disabled,25.4,41.8,1013.5,12.3,0.000,0.000,247736,339964,180056,26869,3.87,62.68
2026-07-16 00:38:11,130432.437500,B8DB8AF16E20,0002,male,C57BL/6,1.1.1,FR1,0,Status,216,216,74,23,0,0,,,,,Disabled,25.4,41.8,1013.5,12.3,0.000,0.000,247736,339964,180056,27006,3.88,62.53
2026-07-16 00:44:20,130801.843750,B8DB8AF16E20,0002,male,C57BL/6,1.1.1,FR1,0,Left,216,217,74,23,0,0,,,,,,,,,,,,,,,,,
2026-07-16 00:44:26,130807.156250,B8DB8AF16E20,0002,male,C57BL/6,1.1.1,FR1,0,PelletDrop,217,217,74,23,0,0,,,,,,,,,,,,,,,,,
2026-07-16 00:44:40,130821.632812,B8DB8AF16E20,0002,male,C57BL/6,1.1.1,FR1,0,PelletTaken,217,217,74,23,0,0,13.634,1249.000,0,2,,,,,,,,,,,,,
2026-07-16 00:49:21,131102.859375,B8DB8AF16E20,0002,male,C57BL/6,1.1.1,FR1,0,Status,217,217,74,23,0,0,,,,,Disabled,25.4,41.8,1013.5,12.3,0.000,0.000,247736,339964,180056,27141,3.87,62.39
2026-07-16 00:59:04,131687.250000,B8DB8AF16E20,0002,male,C57BL/6,1.1.1,FR1,0,Left,217,218,74,23,0,0,,,,,,,,,,,,,,,,,
2026-07-16 00:59:10,131692.562500,B8DB8AF16E20,0002,male,C57BL/6,1.1.1,FR1,0,PelletDrop,218,218,74,23,0,0,,,,,,,,,,,,,,,,,
2026-07-16 00:59:24,131706.343750,B8DB8AF16E20,0002,male,C57BL/6,1.1.1,FR1,0,PelletTaken,218,218,74,23,0,0,12.930,39.000,0,2,,,,,,,,,,,,,
2026-07-16 01:00:41,131783.453125,B8DB8AF16E20,0002,male,C57BL/6,1.1.1,FR1,0,Status,218,218,74,23,0,0,,,,,Disabled,25.4,41.7,1013.5,12.3,0.000,0.000,247736,339964,180056,27277,3.88,62.24
2026-07-16 01:00:44,131785.843750,B8DB8AF16E20,0002,male,C57BL/6,1.1.1,FR1,0,Left,218,219,74,23,0,0,,,,,,,,,,,,,,,,,
2026-07-16 01:00:47,131789.093750,B8DB8AF16E20,0002,male,C57BL/6,1.1.1,FR1,0,PelletDrop,219,219,74,23,0,0,,,,,,,,,,,,,,,,,
2026-07-16 01:00:48,131790.531250,B8DB8AF16E20,0002,male,C57BL/6,1.1.1,FR1,0,PelletNotDetected,219,219,74,23,0,0,,,,,,,,,,,,,,,,,
2026-07-16 01:01:24,131826.843750,B8DB8AF16E20,0002,male,C57BL/6,1.1.1,FR1,0,Left,219,220,74,23,0,0,,,,,,,,,,,,,,,,,
2026-07-16 01:01:30,131831.968750,B8DB8AF16E20,0002,male,C57BL/6,1.1.1,FR1,0,PelletDrop,220,220,74,23,0,0,,,,,,,,,,,,,,,,,
2026-07-16 01:01:41,131843.140625,B8DB8AF16E20,0002,male,C57BL/6,1.1.1,FR1,0,PelletTaken,220,220,74,23,0,0,10.322,529.000,0,3,,,,,,,,,,,,,
2026-07-16 01:11:48,132451.125000,B8DB8AF16E20,0002,male,C57BL/6,1.1.1,FR1,0,Status,220,220,74,23,0,0,,,,,Disabled,25.4,41.9,1013.4,12.3,0.000,0.000,247736,339964,180056,27412,3.88,62.10
2026-07-16 01:23:08,133131.703125,B8DB8AF16E20,0002,male,C57BL/6,1.1.1,FR1,0,Status,220,220,74,23,0,0,,,,,Disabled,25.4,41.7,1013.4,12.4,0.000,0.000,247736,339964,180056,27549,3.88,61.95
2026-07-16 01:34:15,133799.375000,B8DB8AF16E20,0002,male,C57BL/6,1.1.1,FR1,0,Status,220,220,74,23,0,0,,,,,Disabled,25.4,41.9,1013.4,12.4,0.000,0.000,247736,339964,180056,27686,3.87,61.95
2026-07-16 01:45:34,134478.984375,B8DB8AF16E20,0002,male,C57BL/6,1.1.1,FR1,0,Status,220,220,74,23,0,0,,,,,Disabled,25.4,41.8,1013.4,12.4,0.000,0.000,247736,339964,180056,27823,3.87,61.81
2026-07-16 01:56:45,135150.640625,B8DB8AF16E20,0002,male,C57BL/6,1.1.1,FR1,0,Status,220,220,74,23,0,0,,,,,Disabled,25.3,41.9,1013.4,12.4,0.000,0.000,247736,339964,180056,27960,3.87,61.81
2026-07-16 02:07:56,135822.296875,B8DB8AF16E20,0002,male,C57BL/6,1.1.1,FR1,0,Status,220,220,74,23,0,0,,,,,Disabled,25.3,41.9,1013.4,12.3,0.000,0.000,247736,339964,180052,28097,3.87,61.66
2026-07-16 02:19:06,136492.906250,B8DB8AF16E20,0002,male,C57BL/6,1.1.1,FR1,0,Status,220,220,74,23,0,0,,,,,Disabled,25.3,41.9,1013.4,12.4,0.000,0.000,247736,339964,180052,28234,3.87,61.52
2026-07-16 02:25:58,136904.906250,B8DB8AF16E20,0002,male,C57BL/6,1.1.1,FR1,0,Left,220,221,74,23,0,0,,,,,,,,,,,,,,,,,
2026-07-16 02:26:01,136908.015625,B8DB8AF16E20,0002,male,C57BL/6,1.1.1,FR1,0,PelletDrop,221,221,74,23,0,0,,,,,,,,,,,,,,,,,
2026-07-16 02:26:02,136909.468750,B8DB8AF16E20,0002,male,C57BL/6,1.1.1,FR1,0,PelletNotDetected,221,221,74,23,0,0,,,,,,,,,,,,,,,,,
2026-07-16 02:30:17,137164.515625,B8DB8AF16E20,0002,male,C57BL/6,1.1.1,FR1,0,Status,221,221,74,23,0,0,,,,,Disabled,25.3,42.0,1013.4,12.4,0.000,0.000,247736,339964,180052,28370,3.87,61.52
2026-07-16 02:31:52,137260.109375,B8DB8AF16E20,0002,male,C57BL/6,1.1.1,FR1,0,Right,221,221,75,23,0,0,,,,,,,,,,,,,,,,,
2026-07-16 02:31:53,137261.218750,B8DB8AF16E20,0002,male,C57BL/6,1.1.1,FR1,0,Right,221,221,76,23,0,0,,,,,,,,,,,,,,,,,
2026-07-16 02:31:56,137264.265625,B8DB8AF16E20,0002,male,C57BL/6,1.1.1,FR1,0,Right,221,221,77,23,0,0,,,,,,,,,,,,,,,,,
2026-07-16 02:32:40,137307.890625,B8DB8AF16E20,0002,male,C57BL/6,1.1.1,FR1,0,Left,221,222,77,23,0,0,,,,,,,,,,,,,,,,,
2026-07-16 02:32:45,137313.156250,B8DB8AF16E20,0002,male,C57BL/6,1.1.1,FR1,0,PelletDrop,222,222,77,23,0,0,,,,,,,,,,,,,,,,,
2026-07-16 02:32:57,137325.187500,B8DB8AF16E20,0002,male,C57BL/6,1.1.1,FR1,0,PelletTaken,222,222,77,23,0,0,11.181,105.000,0,3,,,,,,,,,,,,,
2026-07-16 02:41:25,137833.109375,B8DB8AF16E20,0002,male,C57BL/6,1.1.1,FR1,0,Status,222,222,77,23,0,0,,,,,Disabled,25.3,41.9,1013.4,12.4,0.000,0.000,247736,339964,180052,28506,3.87,61.38
2026-07-16 02:51:04,138412.109375,B8DB8AF16E20,0002,male,C57BL/6,1.1.1,FR1,0,Left,222,223,77,23,0,0,,,,,,,,,,,,,,,,,
2026-07-16 02:51:07,138415.312500,B8DB8AF16E20,0002,male,C57BL/6,1.1.1,FR1,0,PelletDrop,223,223,77,23,0,0,,,,,,,,,,,,,,,,,
2026-07-16 02:51:08,138416.750000,B8DB8AF16E20,0002,male,C57BL/6,1.1.1,FR1,0,PelletNotDetected,223,223,77,23,0,0,,,,,,,,,,,,,,,,,
2026-07-16 02:52:35,138503.656250,B8DB8AF16E20,0002,male,C57BL/6,1.1.1,FR1,0,Left,223,224,77,23,0,0,,,,,,,,,,,,,,,,,
2026-07-16 02:52:38,138506.609375,B8DB8AF16E20,0002,male,C57BL/6,1.1.1,FR1,0,PelletDrop,224,224,77,23,0,0,,,,,,,,,,,,,,,,,
2026-07-16 02:52:39,138508.046875,B8DB8AF16E20,0002,male,C57BL/6,1.1.1,FR1,0,PelletNotDetected,224,224,77,23,0,0,,,,,,,,,,,,,,,,,
2026-07-16 02:52:47,138516.062500,B8DB8AF16E20,0002,male,C57BL/6,1.1.1,FR1,0,Status,224,224,77,23,0,0,,,,,Disabled,25.4,41.5,1013.4,12.3,0.000,0.000,247736,339964,180052,28643,3.85,61.06
2026-07-16 02:53:05,138533.406250,B8DB8AF16E20,0002,male,C57BL/6,1.1.1,FR1,0,Left,224,225,77,23,0,0,,,,,,,,,,,,,,,,,
2026-07-16 02:53:12,138540.640625,B8DB8AF16E20,0002,male,C57BL/6,1.1.1,FR1,0,PelletDrop,225,225,77,23,0,0,,,,,,,,,,,,,,,,,
2026-07-16 02:53:20,138549.156250,B8DB8AF16E20,0002,male,C57BL/6,1.1.1,FR1,0,PelletTaken,225,225,77,23,0,0,7.672,106.000,0,4,,,,,,,,,,,,,
2026-07-16 02:53:56,138584.328125,B8DB8AF16E20,0002,male,C57BL/6,1.1.1,FR1,0,Left,225,226,77,23,0,0,,,,,,,,,,,,,,,,,
2026-07-16 02:54:01,138589.593750,B8DB8AF16E20,0002,male,C57BL/6,1.1.1,FR1,0,PelletDrop,226,226,77,23,0,0,,,,,,,,,,,,,,,,,
2026-07-16 02:54:02,138591.031250,B8DB8AF16E20,0002,male,C57BL/6,1.1.1,FR1,0,PelletNotDetected,226,226,77,23,0,0,,,,,,,,,,,,,,,,,
2026-07-16 02:54:25,138613.593750,B8DB8AF16E20,0002,male,C57BL/6,1.1.1,FR1,0,Left,226,227,77,23,0,0,,,,,,,,,,,,,,,,,
2026-07-16 02:54:32,138620.906250,B8DB8AF16E20,0002,male,C57BL/6,1.1.1,FR1,0,PelletDrop,227,227,77,23,0,0,,,,,,,,,,,,,,,,,
2026-07-16 02:54:42,138630.593750,B8DB8AF16E20,0002,male,C57BL/6,1.1.1,FR1,0,PelletTaken,227,227,77,23,0,0,8.838,828.000,0,4,,,,,,,,,,,,,
2026-07-16 02:55:14,138662.500000,B8DB8AF16E20,0002,male,C57BL/6,1.1.1,FR1,0,Left,227,228,77,23,0,0,,,,,,,,,,,,,,,,,
2026-07-16 02:55:18,138666.671875,B8DB8AF16E20,0002,male,C57BL/6,1.1.1,FR1,0,PelletDrop,228,228,77,23,0,0,,,,,,,,,,,,,,,,,
2026-07-16 02:55:19,138668.125000,B8DB8AF16E20,0002,male,C57BL/6,1.1.1,FR1,0,PelletNotDetected,228,228,77,23,0,0,,,,,,,,,,,,,,,,,
2026-07-16 02:56:15,138723.609375,B8DB8AF16E20,0002,male,C57BL/6,1.1.1,FR1,0,Left,228,229,77,23,0,0,,,,,,,,,,,,,,,,,
2026-07-16 02:56:18,138726.562500,B8DB8AF16E20,0002,male,C57BL/6,1.1.1,FR1,0,PelletDrop,229,229,77,23,0,0,,,,,,,,,,,,,,,,,
2026-07-16 02:56:19,138728.000000,B8DB8AF16E20,0002,male,C57BL/6,1.1.1,FR1,0,PelletNotDetected,229,229,77,23,0,0,,,,,,,,,,,,,,,,,
2026-07-16 03:03:52,139181.250000,B8DB8AF16E20,0002,male,C57BL/6,1.1.1,FR1,0,Status,229,229,77,23,0,0,,,,,Disabled,25.4,41.6,1013.4,12.4,0.000,0.000,247736,339964,180052,28767,3.87,61.06
2026-07-16 03:15:05,139854.937500,B8DB8AF16E20,0002,male,C57BL/6,1.1.1,FR1,0,Status,229,229,77,23,0,0,,,,,Disabled,25.4,41.7,1013.3,12.4,0.000,0.000,247736,339964,180052,28904,3.86,60.74
2026-07-16 03:26:15,140525.546875,B8DB8AF16E20,0002,male,C57BL/6,1.1.1,FR1,0,Status,229,229,77,23,0,0,,,,,Disabled,25.4,41.7,1013.4,12.4,0.000,0.000,247736,339964,180052,29041,3.87,60.74
2026-07-16 03:37:32,141203.171875,B8DB8AF16E20,0002,male,C57BL/6,1.1.1,FR1,0,Status,229,229,77,23,0,0,,,,,Disabled,25.4,41.6,1013.4,12.5,0.000,0.000,247736,339964,180052,29178,3.86,60.43
2026-07-16 03:48:52,141883.781250,B8DB8AF16E20,0002,male,C57BL/6,1.1.1,FR1,0,Status,229,229,77,23,0,0,,,,,Disabled,25.4,41.5,1013.4,12.4,0.000,0.000,247736,339964,180052,29315,3.86,60.11
2026-07-16 03:56:38,142349.890625,B8DB8AF16E20,0002,male,C57BL/6,1.1.1,FR1,0,Left,229,230,77,23,0,0,,,,,,,,,,,,,,,,,
2026-07-16 03:56:47,142359.312500,B8DB8AF16E20,0002,male,C57BL/6,1.1.1,FR1,0,PelletDrop,230,230,77,23,0,0,,,,,,,,,,,,,,,,,
2026-07-16 03:56:49,142360.765625,B8DB8AF16E20,0002,male,C57BL/6,1.1.1,FR1,0,PelletNotDetected,230,230,77,23,0,0,,,,,,,,,,,,,,,,,
2026-07-16 03:57:11,142382.578125,B8DB8AF16E20,0002,male,C57BL/6,1.1.1,FR1,0,Left,230,231,77,23,0,0,,,,,,,,,,,,,,,,,
2026-07-16 03:57:14,142385.578125,B8DB8AF16E20,0002,male,C57BL/6,1.1.1,FR1,0,PelletDrop,231,231,77,23,0,0,,,,,,,,,,,,,,,,,
2026-07-16 03:57:15,142387.031250,B8DB8AF16E20,0002,male,C57BL/6,1.1.1,FR1,0,PelletNotDetected,231,231,77,23,0,0,,,,,,,,,,,,,,,,,
2026-07-16 03:57:38,142410.484375,B8DB8AF16E20,0002,male,C57BL/6,1.1.1,FR1,0,Left,231,232,77,23,0,0,,,,,,,,,,,,,,,,,
2026-07-16 03:57:42,142413.578125,B8DB8AF16E20,0002,male,C57BL/6,1.1.1,FR1,0,PelletDrop,232,232,77,23,0,0,,,,,,,,,,,,,,,,,
2026-07-16 03:57:42,142414.562500,B8DB8AF16E20,0002,male,C57BL/6,1.1.1,FR1,0,PelletTaken,232,232,77,23,0,0,0.104,12.000,0,7,,,,,,,,,,,,,
2026-07-16 04:00:04,142556.328125,B8DB8AF16E20,0002,male,C57BL/6,1.1.1,FR1,0,Status,232,232,77,23,0,0,,,,,Disabled,25.4,41.4,1013.4,12.4,0.000,0.000,247736,339964,180052,29451,3.86,60.11
2026-07-16 04:11:16,143229.000000,B8DB8AF16E20,0002,male,C57BL/6,1.1.1,FR1,0,Status,232,232,77,23,0,0,,,,,Disabled,25.4,41.6,1013.5,12.4,0.000,0.000,247736,339964,180052,29588,3.86,59.79
2026-07-16 04:22:23,143897.156250,B8DB8AF16E20,0002,male,C57BL/6,1.1.1,FR1,0,Left,232,233,77,23,0,0,,,,,,,,,,,,,,,,,
2026-07-16 04:22:29,143902.437500,B8DB8AF16E20,0002,male,C57BL/6,1.1.1,FR1,0,PelletDrop,233,233,77,23,0,0,,,,,,,,,,,,,,,,,
2026-07-16 04:22:41,143915.328125,B8DB8AF16E20,0002,male,C57BL/6,1.1.1,FR1,0,PelletTaken,233,233,77,23,0,0,12.050,96.000,0,2,,,,,,,,,,,,,
2026-07-16 04:22:49,143923.343750,B8DB8AF16E20,0002,male,C57BL/6,1.1.1,FR1,0,Status,233,233,77,23,0,0,,,,,Disabled,25.5,41.3,1013.5,12.3,0.000,0.000,247736,339964,180052,29726,3.86,59.48
2026-07-16 04:29:33,144327.359375,B8DB8AF16E20,0002,male,C57BL/6,1.1.1,FR1,0,Left,233,234,77,23,0,0,,,,,,,,,,,,,,,,,
2026-07-16 04:29:38,144332.671875,B8DB8AF16E20,0002,male,C57BL/6,1.1.1,FR1,0,PelletDrop,234,234,77,23,0,0,,,,,,,,,,,,,,,,,
2026-07-16 04:29:46,144340.437500,B8DB8AF16E20,0002,male,C57BL/6,1.1.1,FR1,0,PelletTaken,234,234,77,23,0,0,6.913,21.000,0,2,,,,,,,,,,,,,
2026-07-16 04:33:43,144576.171875,B8DB8AF16E20,0002,male,C57BL/6,1.1.1,FR1,0,Status,234,234,77,23,0,0,,,,,Disabled,25.5,42.1,1013.5,12.4,0.000,0.000,247736,339964,180052,29856,3.86,59.16
2026-07-16 04:44:54,145248.734375,B8DB8AF16E20,0002,male,C57BL/6,1.1.1,FR1,0,Status,234,234,77,23,0,0,,,,,Disabled,25.5,42.4,1013.5,12.4,0.000,0.000,247736,339964,180052,29993,3.86,59.16
2026-07-16 04:46:55,145369.703125,B8DB8AF16E20,0002,male,C57BL/6,1.1.1,FR1,0,Left,234,235,77,23,0,0,,,,,,,,,,,,,,,,,
2026-07-16 04:47:00,145375.015625,B8DB8AF16E20,0002,male,C57BL/6,1.1.1,FR1,0,PelletDrop,235,235,77,23,0,0,,,,,,,,,,,,,,,,,
2026-07-16 04:47:15,145390.046875,B8DB8AF16E20,0002,male,C57BL/6,1.1.1,FR1,0,PelletTaken,235,235,77,23,0,0,14.173,21.000,0,2,,,,,,,,,,,,,
2026-07-16 04:47:53,145428.593750,B8DB8AF16E20,0002,male,C57BL/6,1.1.1,FR1,0,Left,235,236,77,23,0,0,,,,,,,,,,,,,,,,,
2026-07-16 04:47:59,145433.906250,B8DB8AF16E20,0002,male,C57BL/6,1.1.1,FR1,0,PelletDrop,236,236,77,23,0,0,,,,,,,,,,,,,,,,,
2026-07-16 04:48:08,145443.312500,B8DB8AF16E20,0002,male,C57BL/6,1.1.1,FR1,0,PelletTaken,236,236,77,23,0,0,8.563,274.000,0,2,,,,,,,,,,,,,
2026-07-16 04:49:04,145499.250000,B8DB8AF16E20,0002,male,C57BL/6,1.1.1,FR1,0,Right,236,236,78,23,0,0,,,,,,,,,,,,,,,,,
2026-07-16 04:49:05,145500.328125,B8DB8AF16E20,0002,male,C57BL/6,1.1.1,FR1,0,Right,236,236,79,23,0,0,,,,,,,,,,,,,,,,,
2026-07-16 04:56:11,145926.375000,B8DB8AF16E20,0002,male,C57BL/6,1.1.1,FR1,0,Status,236,236,79,23,0,0,,,,,Disabled,25.5,42.5,1013.5,12.3,0.000,0.000,247736,339964,180052,30125,3.86,58.84
2026-07-16 04:58:09,146044.609375,B8DB8AF16E20,0002,male,C57BL/6,1.1.1,FR1,0,Left,236,237,79,23,0,0,,,,,,,,,,,,,,,,,
2026-07-16 04:58:14,146049.953125,B8DB8AF16E20,0002,male,C57BL/6,1.1.1,FR1,0,PelletDrop,237,237,79,23,0,0,,,,,,,,,,,,,,,,,
2026-07-16 04:58:23,146058.390625,B8DB8AF16E20,0002,male,C57BL/6,1.1.1,FR1,0,PelletTaken,237,237,79,23,0,0,7.595,11.000,0,2,,,,,,,,,,,,,
2026-07-16 04:58:46,146081.359375,B8DB8AF16E20,0002,male,C57BL/6,1.1.1,FR1,0,Left,237,238,79,23,0,0,,,,,,,,,,,,,,,,,
2026-07-16 04:58:51,146086.671875,B8DB8AF16E20,0002,male,C57BL/6,1.1.1,FR1,0,PelletDrop,238,238,79,23,0,0,,,,,,,,,,,,,,,,,
2026-07-16 04:58:59,146094.796875,B8DB8AF16E20,0002,male,C57BL/6,1.1.1,FR1,0,PelletTaken,238,238,79,23,0,0,7.265,209.000,0,2,,,,,,,,,,,,,
2026-07-16 05:00:22,146177.875000,B8DB8AF16E20,0002,male,C57BL/6,1.1.1,FR1,0,Right,238,238,80,23,0,0,,,,,,,,,,,,,,,,,
2026-07-16 05:00:53,146208.578125,B8DB8AF16E20,0002,male,C57BL/6,1.1.1,FR1,0,Right,238,238,81,23,0,0,,,,,,,,,,,,,,,,,
2026-07-16 05:07:27,146602.937500,B8DB8AF16E20,0002,male,C57BL/6,1.1.1,FR1,0,Status,238,238,81,23,0,0,,,,,Disabled,25.5,42.5,1013.5,12.3,0.000,0.000,247736,339964,180052,30257,3.86,58.53
2026-07-16 05:13:26,146961.984375,B8DB8AF16E20,0002,male,C57BL/6,1.1.1,FR1,0,Left,238,239,81,23,0,0,,,,,,,,,,,,,,,,,
2026-07-16 05:13:29,146965.140625,B8DB8AF16E20,0002,male,C57BL/6,1.1.1,FR1,0,PelletDrop,239,239,81,23,0,0,,,,,,,,,,,,,,,,,
2026-07-16 05:13:30,146966.578125,B8DB8AF16E20,0002,male,C57BL/6,1.1.1,FR1,0,PelletNotDetected,239,239,81,23,0,0,,,,,,,,,,,,,,,,,
2026-07-16 05:14:01,146997.515625,B8DB8AF16E20,0002,male,C57BL/6,1.1.1,FR1,0,Left,239,240,81,23,0,0,,,,,,,,,,,,,,,,,
2026-07-16 05:14:06,147002.734375,B8DB8AF16E20,0002,male,C57BL/6,1.1.1,FR1,0,PelletDrop,240,240,81,23,0,0,,,,,,,,,,,,,,,,,
2026-07-16 05:14:16,147012.406250,B8DB8AF16E20,0002,male,C57BL/6,1.1.1,FR1,0,PelletTaken,240,240,81,23,0,0,8.827,227.000,0,3,,,,,,,,,,,,,
2026-07-16 05:18:39,147275.515625,B8DB8AF16E20,0002,male,C57BL/6,1.1.1,FR1,0,Status,240,240,81,23,0,0,,,,,Disabled,25.5,42.3,1013.5,12.2,0.000,0.000,247736,339964,180052,30389,3.85,58.21
2026-07-16 05:23:17,147553.718750,B8DB8AF16E20,0002,male,C57BL/6,1.1.1,FR1,0,Right,240,240,82,23,0,0,,,,,,,,,,,,,,,,,
2026-07-16 05:29:56,147953.093750,B8DB8AF16E20,0002,male,C57BL/6,1.1.1,FR1,0,Status,240,240,82,23,0,0,,,,,Disabled,25.5,42.3,1013.6,12.3,0.000,0.000,247736,339964,180052,30528,3.85,57.89
2026-07-16 05:30:45,148001.906250,B8DB8AF16E20,0002,male,C57BL/6,1.1.1,FR1,0,Right,240,240,83,23,0,0,,,,,,,,,,,,,,,,,
2026-07-16 05:30:51,148008.046875,B8DB8AF16E20,0002,male,C57BL/6,1.1.1,FR1,0,Left,240,241,83,23,0,0,,,,,,,,,,,,,,,,,
2026-07-16 05:30:57,148013.390625,B8DB8AF16E20,0002,male,C57BL/6,1.1.1,FR1,0,PelletDrop,241,241,83,23,0,0,,,,,,,,,,,,,,,,,
2026-07-16 05:31:03,148020.156250,B8DB8AF16E20,0002,male,C57BL/6,1.1.1,FR1,0,PelletTaken,241,241,83,23,0,0,5.922,11.000,0,2,,,,,,,,,,,,,
2026-07-16 05:31:30,148046.484375,B8DB8AF16E20,0002,male,C57BL/6,1.1.1,FR1,0,Left,241,242,83,23,0,0,,,,,,,,,,,,,,,,,
2026-07-16 05:31:35,148051.796875,B8DB8AF16E20,0002,male,C57BL/6,1.1.1,FR1,0,PelletDrop,242,242,83,23,0,0,,,,,,,,,,,,,,,,,
2026-07-16 05:31:44,148060.296875,B8DB8AF16E20,0002,male,C57BL/6,1.1.1,FR1,0,PelletTaken,242,242,83,23,0,0,7.628,265.000,0,2,,,,,,,,,,,,,
2026-07-16 05:32:24,148101.046875,B8DB8AF16E20,0002,male,C57BL/6,1.1.1,FR1,0,Right,242,242,84,23,0,0,,,,,,,,,,,,,,,,,
2026-07-16 05:32:27,148103.546875,B8DB8AF16E20,0002,male,C57BL/6,1.1.1,FR1,0,Left,242,243,84,23,0,0,,,,,,,,,,,,,,,,,
2026-07-16 05:32:32,148108.859375,B8DB8AF16E20,0002,male,C57BL/6,1.1.1,FR1,0,PelletDrop,243,243,84,23,0,0,,,,,,,,,,,,,,,,,
2026-07-16 05:32:40,148117.015625,B8DB8AF16E20,0002,male,C57BL/6,1.1.1,FR1,0,PelletTaken,243,243,84,23,0,0,7.287,116.000,0,2,,,,,,,,,,,,,
2026-07-16 05:33:03,148139.343750,B8DB8AF16E20,0002,male,C57BL/6,1.1.1,FR1,0,Left,243,244,84,23,0,0,,,,,,,,,,,,,,,,,
2026-07-16 05:33:06,148142.750000,B8DB8AF16E20,0002,male,C57BL/6,1.1.1,FR1,0,PelletDrop,244,244,84,23,0,0,,,,,,,,,,,,,,,,,
2026-07-16 05:33:08,148144.500000,B8DB8AF16E20,0002,male,C57BL/6,1.1.1,FR1,0,PelletNotDetected,244,244,84,23,0,0,,,,,,,,,,,,,,,,,
2026-07-16 05:33:28,148164.531250,B8DB8AF16E20,0002,male,C57BL/6,1.1.1,FR1,0,Left,244,245,84,23,0,0,,,,,,,,,,,,,,,,,
2026-07-16 05:33:33,148169.812500,B8DB8AF16E20,0002,male,C57BL/6,1.1.1,FR1,0,PelletDrop,245,245,84,23,0,0,,,,,,,,,,,,,,,,,
2026-07-16 05:33:42,148178.890625,B8DB8AF16E20,0002,male,C57BL/6,1.1.1,FR1,0,PelletTaken,245,245,84,23,0,0,8.232,20.000,0,3,,,,,,,,,,,,,
2026-07-16 05:41:08,148625.656250,B8DB8AF16E20,0002,male,C57BL/6,1.1.1,FR1,0,Status,245,245,84,23,0,0,,,,,Disabled,25.4,42.4,1013.7,12.4,0.000,0.000,247736,339964,180052,30655,3.85,57.58
2026-07-16 05:43:16,148754.093750,B8DB8AF16E20,0002,male,C57BL/6,1.1.1,FR1,0,Right,245,245,85,23,0,0,,,,,,,,,,,,,,,,,
2026-07-16 05:52:23,149301.312500,B8DB8AF16E20,0002,male,C57BL/6,1.1.1,FR1,0,Status,245,245,85,23,0,0,,,,,Disabled,25.4,42.5,1013.7,12.2,0.000,0.000,247736,339964,180052,30792,3.85,57.26
2026-07-16 05:52:38,149316.437500,B8DB8AF16E20,0002,male,C57BL/6,1.1.1,FR1,0,Center,245,245,85,24,0,0,,,,,,,,,,,,,,,,,
2026-07-16 05:52:41,149319.500000,B8DB8AF16E20,0002,male,C57BL/6,1.1.1,FR1,0,Center,245,245,85,25,0,0,,,,,,,,,,,,,,,,,
2026-07-16 05:52:47,149325.593750,B8DB8AF16E20,0002,male,C57BL/6,1.1.1,FR1,0,Center,245,245,85,26,0,0,,,,,,,,,,,,,,,,,
2026-07-16 05:52:55,149333.343750,B8DB8AF16E20,0002,male,C57BL/6,1.1.1,FR1,0,Left,245,246,85,26,0,0,,,,,,,,,,,,,,,,,
2026-07-16 05:52:58,149336.453125,B8DB8AF16E20,0002,male,C57BL/6,1.1.1,FR1,0,PelletDrop,246,246,85,26,0,0,,,,,,,,,,,,,,,,,
2026-07-16 05:53:00,149337.906250,B8DB8AF16E20,0002,male,C57BL/6,1.1.1,FR1,0,PelletNotDetected,246,246,85,26,0,0,,,,,,,,,,,,,,,,,
2026-07-16 05:53:19,149356.890625,B8DB8AF16E20,0002,male,C57BL/6,1.1.1,FR1,0,Center,246,246,85,27,0,0,,,,,,,,,,,,,,,,,
2026-07-16 05:53:26,149364.750000,B8DB8AF16E20,0002,male,C57BL/6,1.1.1,FR1,0,Center,246,246,85,28,0,0,,,,,,,,,,,,,,,,,
2026-07-16 05:53:30,149367.921875,B8DB8AF16E20,0002,male,C57BL/6,1.1.1,FR1,0,Center,246,246,85,29,0,0,,,,,,,,,,,,,,,,,
2026-07-16 05:53:33,149371.234375,B8DB8AF16E20,0002,male,C57BL/6,1.1.1,FR1,0,Left,246,247,85,29,0,0,,,,,,,,,,,,,,,,,
2026-07-16 05:53:36,149374.296875,B8DB8AF16E20,0002,male,C57BL/6,1.1.1,FR1,0,PelletDrop,247,247,85,29,0,0,,,,,,,,,,,,,,,,,
2026-07-16 05:53:37,149375.734375,B8DB8AF16E20,0002,male,C57BL/6,1.1.1,FR1,0,PelletNotDetected,247,247,85,29,0,0,,,,,,,,,,,,,,,,,
2026-07-16 05:53:52,149390.265625,B8DB8AF16E20,0002,male,C57BL/6,1.1.1,FR1,0,Center,247,247,85,30,0,0,,,,,,,,,,,,,,,,,
2026-07-16 05:54:53,149451.671875,B8DB8AF16E20,0002,male,C57BL/6,1.1.1,FR1,0,Center,247,247,85,31,0,0,,,,,,,,,,,,,,,,,
2026-07-16 05:54:59,149457.265625,B8DB8AF16E20,0002,male,C57BL/6,1.1.1,FR1,0,Center,247,247,85,32,0,0,,,,,,,,,,,,,,,,,
2026-07-16 05:59:01,149699.187500,B8DB8AF16E20,0002,male,C57BL/6,1.1.1,FR1,0,Right,247,247,86,32,0,0,,,,,,,,,,,,,,,,,
2026-07-16 06:03:45,149983.906250,B8DB8AF16E20,0002,male,C57BL/6,1.1.1,FR1,0,Status,247,247,86,32,0,0,,,,,Disabled,25.5,42.2,1013.7,12.3,0.029,26.000,247736,339964,180052,30936,3.85,56.95
2026-07-16 06:15:03,150662.500000,B8DB8AF16E20,0002,male,C57BL/6,1.1.1,FR1,0,Status,247,247,86,32,0,0,,,,,Disabled,25.5,42.2,1013.7,12.3,0.050,36.000,247736,339964,180052,31073,3.85,56.63
2026-07-16 06:26:17,151337.140625,B8DB8AF16E20,0002,male,C57BL/6,1.1.1,FR1,0,Status,247,247,86,32,0,0,,,,,Disabled,25.5,42.2,1013.7,12.3,0.036,30.000,247736,339964,180052,31210,3.85,56.63
2026-07-16 06:37:33,152013.765625,B8DB8AF16E20,0002,male,C57BL/6,1.1.1,FR1,0,Status,247,247,86,32,0,0,,,,,Disabled,25.5,42.0,1013.7,12.3,0.050,40.000,247736,339964,180052,31347,3.85,56.31
2026-07-16 06:48:57,152698.312500,B8DB8AF16E20,0002,male,C57BL/6,1.1.1,FR1,0,Status,247,247,86,32,0,0,,,,,Disabled,25.5,41.7,1013.7,12.3,0.050,40.000,247736,339964,180052,31484,3.84,56.00
2026-07-16 07:00:17,153378.921875,B8DB8AF16E20,0002,male,C57BL/6,1.1.1,FR1,0,Status,247,247,86,32,0,0,,,,,Disabled,25.5,41.7,1013.8,12.4,0.036,29.000,247736,339964,180052,31621,3.84,56.00
2026-07-16 07:11:34,154056.625000,B8DB8AF16E20,0002,male,C57BL/6,1.1.1,FR1,0,Status,247,247,86,32,0,0,,,,,Disabled,25.5,41.6,1013.8,12.3,0.047,36.000,247736,339964,180052,31758,3.85,55.68
2026-07-16 07:22:53,154736.140625,B8DB8AF16E20,0002,male,C57BL/6,1.1.1,FR1,0,Status,247,247,86,32,0,0,,,,,Disabled,25.5,41.5,1013.8,12.4,0.050,35.000,247736,339964,180052,31895,3.84,55.36
2026-07-16 07:28:03,155046.859375,B8DB8AF16E20,0002,male,C57BL/6,1.1.1,FR1,0,Left,247,248,86,32,0,0,,,,,,,,,,,,,,,,,
2026-07-16 07:28:06,155049.937500,B8DB8AF16E20,0002,male,C57BL/6,1.1.1,FR1,0,PelletDrop,248,248,86,32,0,0,,,,,,,,,,,,,,,,,
2026-07-16 07:28:08,155051.390625,B8DB8AF16E20,0002,male,C57BL/6,1.1.1,FR1,0,PelletNotDetected,248,248,86,32,0,0,,,,,,,,,,,,,,,,,
2026-07-16 07:28:41,155085.031250,B8DB8AF16E20,0002,male,C57BL/6,1.1.1,FR1,0,Left,248,249,86,32,0,0,,,,,,,,,,,,,,,,,
2026-07-16 07:28:51,155094.500000,B8DB8AF16E20,0002,male,C57BL/6,1.1.1,FR1,0,PelletDrop,249,249,86,32,0,0,,,,,,,,,,,,,,,,,
2026-07-16 07:29:00,155103.953125,B8DB8AF16E20,0002,male,C57BL/6,1.1.1,FR1,0,PelletTaken,249,249,86,32,0,0,8.574,350.000,0,6,,,,,,,,,,,,,
2026-07-16 07:29:44,155148.062500,B8DB8AF16E20,0002,male,C57BL/6,1.1.1,FR1,0,Left,249,250,86,32,0,0,,,,,,,,,,,,,,,,,
2026-07-16 07:29:50,155153.390625,B8DB8AF16E20,0002,male,C57BL/6,1.1.1,FR1,0,PelletDrop,250,250,86,32,0,0,,,,,,,,,,,,,,,,,
2026-07-16 07:30:03,155166.812500,B8DB8AF16E20,0002,male,C57BL/6,1.1.1,FR1,0,PelletTaken,250,250,86,32,0,0,12.567,22.000,0,2,,,,,,,,,,,,,
2026-07-16 07:30:34,155198.281250,B8DB8AF16E20,0002,male,C57BL/6,1.1.1,FR1,0,Left,250,251,86,32,0,0,,,,,,,,,,,,,,,,,
2026-07-16 07:30:40,155203.609375,B8DB8AF16E20,0002,male,C57BL/6,1.1.1,FR1,0,PelletDrop,251,251,86,32,0,0,,,,,,,,,,,,,,,,,
2026-07-16 07:30:51,155214.515625,B8DB8AF16E20,0002,male,C57BL/6,1.1.1,FR1,0,PelletTaken,251,251,86,32,0,0,10.047,124.000,0,2,,,,,,,,,,,,,
2026-07-16 07:34:04,155407.718750,B8DB8AF16E20,0002,male,C57BL/6,1.1.1,FR1,0,Status,251,251,86,32,0,0,,,,,Disabled,25.5,41.4,1013.9,12.4,0.036,30.000,247736,339964,180052,32020,3.84,55.05
2026-07-16 07:45:27,156091.343750,B8DB8AF16E20,0002,male,C57BL/6,1.1.1,FR1,0,Status,251,251,86,32,0,0,,,,,Disabled,25.5,41.6,1014.0,12.3,0.050,36.000,247736,339964,180052,32157,3.84,54.73
2026-07-16 07:56:44,156768.000000,B8DB8AF16E20,0002,male,C57BL/6,1.1.1,FR1,0,Status,251,251,86,32,0,0,,,,,Disabled,25.5,41.7,1014.0,12.3,0.050,39.000,247736,339964,180052,32294,3.84,54.73
2026-07-16 08:08:01,157446.593750,B8DB8AF16E20,0002,male,C57BL/6,1.1.1,FR1,0,Status,251,251,86,32,0,0,,,,,Disabled,25.5,41.6,1014.0,12.4,0.050,38.000,247736,339964,180052,32431,3.84,54.41
2026-07-16 08:19:18,158124.171875,B8DB8AF16E20,0002,male,C57BL/6,1.1.1,FR1,0,Status,251,251,86,32,0,0,,,,,Disabled,25.5,41.7,1014.1,12.3,0.072,50.000,247736,339964,180052,32568,3.84,54.10
2026-07-16 08:27:40,158626.984375,B8DB8AF16E20,0002,male,C57BL/6,1.1.1,FR1,0,Left,251,252,86,32,0,0,,,,,,,,,,,,,,,,,
2026-07-16 08:27:43,158630.109375,B8DB8AF16E20,0002,male,C57BL/6,1.1.1,FR1,0,PelletDrop,252,252,86,32,0,0,,,,,,,,,,,,,,,,,
2026-07-16 08:27:44,158631.562500,B8DB8AF16E20,0002,male,C57BL/6,1.1.1,FR1,0,PelletNotDetected,252,252,86,32,0,0,,,,,,,,,,,,,,,,,
2026-07-16 08:30:41,158807.843750,B8DB8AF16E20,0002,male,C57BL/6,1.1.1,FR1,0,Status,252,252,86,32,0,0,,,,,Disabled,25.5,41.6,1014.1,12.3,0.050,36.000,247736,339964,180052,32705,3.84,53.78
2026-07-16 08:40:17,159384.359375,B8DB8AF16E20,0002,male,C57BL/6,1.1.1,FR1,0,Left,252,253,86,32,0,0,,,,,,,,,,,,,,,,,
2026-07-16 08:40:22,159389.656250,B8DB8AF16E20,0002,male,C57BL/6,1.1.1,FR1,0,PelletDrop,253,253,86,32,0,0,,,,,,,,,,,,,,,,,
2026-07-16 08:40:43,159410.515625,B8DB8AF16E20,0002,male,C57BL/6,1.1.1,FR1,0,PelletTaken,253,253,86,32,0,0,TimedOut,106.000,0,3,,,,,,,,,,,,,
2026-07-16 08:42:08,159495.421875,B8DB8AF16E20,0002,male,C57BL/6,1.1.1,FR1,0,Left,253,254,86,32,0,0,,,,,,,,,,,,,,,,,
2026-07-16 08:42:13,159500.750000,B8DB8AF16E20,0002,male,C57BL/6,1.1.1,FR1,0,PelletDrop,254,254,86,32,0,0,,,,,,,,,,,,,,,,,
2026-07-16 08:42:24,159511.593750,B8DB8AF16E20,0002,male,C57BL/6,1.1.1,FR1,0,PelletTaken,254,254,86,32,0,0,9.960,78.000,0,2,,,,,,,,,,,,,
2026-07-16 08:42:32,159519.593750,B8DB8AF16E20,0002,male,C57BL/6,1.1.1,FR1,0,Status,254,254,86,32,0,0,,,,,Disabled,25.5,41.1,1014.2,12.2,0.040,34.000,247736,339964,180052,32839,3.84,53.46
2026-07-16 08:46:51,159779.312500,B8DB8AF16E20,0002,male,C57BL/6,1.1.1,FR1,0,Left,254,255,86,32,0,0,,,,,,,,,,,,,,,,,
2026-07-16 08:46:57,159784.640625,B8DB8AF16E20,0002,male,C57BL/6,1.1.1,FR1,0,PelletDrop,255,255,86,32,0,0,,,,,,,,,,,,,,,,,
2026-07-16 08:47:08,159795.375000,B8DB8AF16E20,0002,male,C57BL/6,1.1.1,FR1,0,PelletTaken,255,255,86,32,0,0,9.861,191.000,0,2,,,,,,,,,,,,,
2026-07-16 08:53:41,160189.015625,B8DB8AF16E20,0002,male,C57BL/6,1.1.1,FR1,0,Status,255,255,86,32,0,0,,,,,Disabled,25.5,41.5,1014.2,12.3,0.083,54.000,247736,339964,180052,32969,3.84,53.46
2026-07-16 09:05:00,160868.640625,B8DB8AF16E20,0002,male,C57BL/6,1.1.1,FR1,0,Status,255,255,86,32,0,0,,,,,Disabled,25.5,41.6,1014.2,12.4,0.090,56.000,247736,339964,180052,33106,3.83,53.08
2026-07-16 09:16:26,161555.281250,B8DB8AF16E20,0002,male,C57BL/6,1.1.1,FR1,0,Status,255,255,86,32,0,0,,,,,Disabled,25.5,41.6,1014.3,12.3,0.079,57.000,247736,339964,180052,33243,3.83,52.70
2026-07-16 09:27:53,162242.875000,B8DB8AF16E20,0002,male,C57BL/6,1.1.1,FR1,0,Status,255,255,86,32,0,0,,,,,Disabled,25.5,41.6,1014.3,12.4,0.058,41.000,247736,339964,180052,33380,3.83,52.31
2026-07-16 09:39:12,162922.421875,B8DB8AF16E20,0002,male,C57BL/6,1.1.1,FR1,0,Status,255,255,86,32,0,0,,,,,Disabled,25.4,41.8,1014.3,12.4,0.058,40.000,247736,339964,180052,33517,3.83,52.31
2026-07-16 09:50:52,163623.031250,B8DB8AF16E20,0002,male,C57BL/6,1.1.1,FR1,0,Status,255,255,86,32,0,0,,,,,Disabled,25.5,41.4,1014.3,12.3,0.058,38.000,247736,339964,180052,33654,3.82,51.93
2026-07-16 10:02:18,164309.687500,B8DB8AF16E20,0002,male,C57BL/6,1.1.1,FR1,0,Status,255,255,86,32,0,0,,,,,Disabled,25.5,41.6,1014.4,12.3,0.047,30.000,247736,339964,180052,33791,3.83,51.55
2026-07-16 10:04:27,164438.109375,B8DB8AF16E20,0002,male,C57BL/6,1.1.1,FR1,0,Left,255,256,86,32,0,0,,,,,,,,,,,,,,,,,
2026-07-16 10:04:32,164443.421875,B8DB8AF16E20,0002,male,C57BL/6,1.1.1,FR1,0,PelletDrop,256,256,86,32,0,0,,,,,,,,,,,,,,,,,
2026-07-16 10:04:47,164458.031250,B8DB8AF16E20,0002,male,C57BL/6,1.1.1,FR1,0,PelletTaken,256,256,86,32,0,0,13.744,595.000,0,2,,,,,,,,,,,,,
2026-07-16 10:13:36,164987.343750,B8DB8AF16E20,0002,male,C57BL/6,1.1.1,FR1,0,Status,256,256,86,32,0,0,,,,,Disabled,25.5,41.6,1014.4,12.3,0.050,38.000,247736,339964,180052,33924,3.83,51.16
2026-07-16 10:24:52,165664.937500,B8DB8AF16E20,0002,male,C57BL/6,1.1.1,FR1,0,Status,256,256,86,32,0,0,,,,,Disabled,25.5,41.6,1014.4,12.3,0.050,38.000,247736,339964,180052,34061,3.84,51.16
2026-07-16 10:36:09,166342.562500,B8DB8AF16E20,0002,male,C57BL/6,1.1.1,FR1,0,Status,256,256,86,32,0,0,,,,,Disabled,25.4,41.5,1014.4,12.3,0.058,40.000,247736,339964,180052,34198,3.83,50.78
2026-07-16 10:47:24,167018.093750,B8DB8AF16E20,0002,male,C57BL/6,1.1.1,FR1,0,Status,256,256,86,32,0,0,,,,,Disabled,25.4,41.5,1014.4,12.3,0.043,32.000,247736,339964,180052,34335,3.83,50.39
2026-07-16 10:47:53,167046.843750,B8DB8AF16E20,0002,male,C57BL/6,1.1.1,FR1,0,Left,256,257,86,32,0,0,,,,,,,,,,,,,,,,,
2026-07-16 10:47:58,167052.171875,B8DB8AF16E20,0002,male,C57BL/6,1.1.1,FR1,0,PelletDrop,257,257,86,32,0,0,,,,,,,,,,,,,,,,,
2026-07-16 10:48:17,167071.234375,B8DB8AF16E20,0002,male,C57BL/6,1.1.1,FR1,0,PelletTaken,257,257,86,32,0,0,18.200,407.000,0,2,,,,,,,,,,,,,
2026-07-16 10:49:25,167139.812500,B8DB8AF16E20,0002,male,C57BL/6,1.1.1,FR1,0,Left,257,258,86,32,0,0,,,,,,,,,,,,,,,,,
2026-07-16 10:49:31,167145.140625,B8DB8AF16E20,0002,male,C57BL/6,1.1.1,FR1,0,PelletDrop,258,258,86,32,0,0,,,,,,,,,,,,,,,,,
2026-07-16 10:49:42,167156.625000,B8DB8AF16E20,0002,male,C57BL/6,1.1.1,FR1,0,PelletTaken,258,258,86,32,0,0,10.630,97.000,0,2,,,,,,,,,,,,,
2026-07-16 10:50:21,167195.328125,B8DB8AF16E20,0002,male,C57BL/6,1.1.1,FR1,0,Left,258,259,86,32,0,0,,,,,,,,,,,,,,,,,
2026-07-16 10:50:26,167200.671875,B8DB8AF16E20,0002,male,C57BL/6,1.1.1,FR1,0,PelletDrop,259,259,86,32,0,0,,,,,,,,,,,,,,,,,
2026-07-16 10:50:40,167214.484375,B8DB8AF16E20,0002,male,C57BL/6,1.1.1,FR1,0,PelletTaken,259,259,86,32,0,0,12.962,530.000,0,2,,,,,,,,,,,,,
2026-07-16 10:51:14,167248.656250,B8DB8AF16E20,0002,male,C57BL/6,1.1.1,FR1,0,Left,259,260,86,32,0,0,,,,,,,,,,,,,,,,,
2026-07-16 10:51:20,167253.984375,B8DB8AF16E20,0002,male,C57BL/6,1.1.1,FR1,0,PelletDrop,260,260,86,32,0,0,,,,,,,,,,,,,,,,,
2026-07-16 10:51:34,167268.140625,B8DB8AF16E20,0002,male,C57BL/6,1.1.1,FR1,0,PelletTaken,260,260,86,32,0,0,13.293,219.000,0,2,,,,,,,,,,,,,
2026-07-16 10:52:33,167327.359375,B8DB8AF16E20,0002,male,C57BL/6,1.1.1,FR1,0,Center,260,260,86,33,0,0,,,,,,,,,,,,,,,,,
2026-07-16 10:58:43,167697.640625,B8DB8AF16E20,0002,male,C57BL/6,1.1.1,FR1,0,Status,260,260,86,33,0,0,,,,,Disabled,25.5,41.1,1014.3,12.2,0.036,28.000,247736,339964,180052,34458,3.82,50.01
2026-07-16 11:10:05,168380.281250,B8DB8AF16E20,0002,male,C57BL/6,1.1.1,FR1,0,Status,260,260,86,33,0,0,,,,,Disabled,25.5,41.1,1014.2,12.3,0.040,30.000,247736,339964,180052,34595,3.82,49.62
2026-07-16 11:21:23,169058.875000,B8DB8AF16E20,0002,male,C57BL/6,1.1.1,FR1,0,Status,260,260,86,33,0,0,,,,,Disabled,25.5,41.2,1014.2,12.3,0.036,31.000,247736,339964,180052,34732,3.82,49.24
2026-07-16 11:32:45,169741.500000,B8DB8AF16E20,0002,male,C57BL/6,1.1.1,FR1,0,Status,260,260,86,33,0,0,,,,,Disabled,25.6,41.1,1014.2,12.3,0.050,37.000,247736,339964,180052,34869,3.82,49.24
2026-07-16 11:44:11,170428.171875,B8DB8AF16E20,0002,male,C57BL/6,1.1.1,FR1,0,Status,260,260,86,33,0,0,,,,,Disabled,25.6,41.0,1014.2,12.4,0.043,36.000,247736,339964,180052,35006,3.82,48.86
2026-07-16 11:55:33,171109.796875,B8DB8AF16E20,0002,male,C57BL/6,1.1.1,FR1,0,Status,260,260,86,33,0,0,,,,,Disabled,25.6,41.1,1014.1,12.2,0.036,30.000,247736,339964,180052,35143,3.82,48.48
2026-07-16 12:04:21,171638.843750,B8DB8AF16E20,0002,male,C57BL/6,1.1.1,FR1,0,Left,260,261,86,33,0,0,,,,,,,,,,,,,,,,,
2026-07-16 12:05:02,171680.296875,B8DB8AF16E20,0002,male,C57BL/6,1.1.1,FR1,0,Left,260,262,86,33,0,0,,,,,,,,,,,,,,,,,
2026-07-16 12:05:15,171692.890625,B8DB8AF16E20,0002,male,C57BL/6,1.1.1,FR1,0,LeftWithPellet,260,262,86,34,0,0,,,,,,,,,,,,,,,,,
2026-07-16 12:05:20,171697.406250,B8DB8AF16E20,0002,male,C57BL/6,1.1.1,FR1,0,LeftWithPellet,260,263,86,34,0,0,,,,,,,,,,,,,,,,,
2026-07-16 12:05:26,171704.156250,B8DB8AF16E20,0002,male,C57BL/6,1.1.1,FR1,0,Left,260,264,86,34,0,0,,,,,,,,,,,,,,,,,
2026-07-16 12:05:34,171712.250000,B8DB8AF16E20,0002,male,C57BL/6,1.1.1,FR1,0,LeftWithPellet,260,265,86,34,0,0,,,,,,,,,,,,,,,,,
2026-07-16 12:05:36,171713.500000,B8DB8AF16E20,0002,male,C57BL/6,1.1.1,FR1,0,LeftWithPellet,260,266,86,34,0,0,,,,,,,,,,,,,,,,,
2026-07-16 12:05:41,171718.609375,B8DB8AF16E20,0002,male,C57BL/6,1.1.1,FR1,0,LeftWithPellet,260,267,86,34,0,0,,,,,,,,,,,,,,,,,
2026-07-16 12:05:43,171721.093750,B8DB8AF16E20,0002,male,C57BL/6,1.1.1,FR1,0,LeftWithPellet,260,268,86,34,0,0,,,,,,,,,,,,,,,,,
2026-07-16 12:05:45,171722.593750,B8DB8AF16E20,0002,male,C57BL/6,1.1.1,FR1,0,LeftWithPellet,260,269,86,34,0,0,,,,,,,,,,,,,,,,,
2026-07-16 12:07:19,171817.296875,B8DB8AF16E20,0002,male,C57BL/6,1.1.1,FR1,0,Status,260,269,86,34,0,0,,,,,Disabled,25.7,40.6,1014.2,12.1,0.086,58.000,247736,339964,180052,35271,3.82,48.09
2026-07-16 12:14:11,172230.375000,B8DB8AF16E20,0002,male,C57BL/6,1.1.1,FR1,0,Left,260,270,86,34,0,0,,,,,,,,,,,,,,,,,
2026-07-16 12:14:14,172233.640625,B8DB8AF16E20,0002,male,C57BL/6,1.1.1,FR1,0,LeftWithPellet,260,271,86,34,0,0,,,,,,,,,,,,,,,,,
2026-07-16 12:14:16,172235.234375,B8DB8AF16E20,0002,male,C57BL/6,1.1.1,FR1,0,LeftWithPellet,260,272,86,34,0,0,,,,,,,,,,,,,,,,,
2026-07-16 12:14:44,172262.796875,B8DB8AF16E20,0002,male,C57BL/6,1.1.1,FR1,0,Center,260,272,86,35,0,0,,,,,,,,,,,,,,,,,
2026-07-16 12:14:48,172266.984375,B8DB8AF16E20,0002,male,C57BL/6,1.1.1,FR1,0,Center,260,272,86,36,0,0,,,,,,,,,,,,,,,,,
2026-07-16 12:14:51,172269.937500,B8DB8AF16E20,0002,male,C57BL/6,1.1.1,FR1,0,Left,260,273,86,36,0,0,,,,,,,,,,,,,,,,,
2026-07-16 12:14:53,172272.015625,B8DB8AF16E20,0002,male,C57BL/6,1.1.1,FR1,0,LeftWithPellet,260,273,86,36,0,0,,,,,,,,,,,,,,,,,
2026-07-16 12:14:54,172273.343750,B8DB8AF16E20,0002,male,C57BL/6,1.1.1,FR1,0,LeftWithPellet,260,274,86,36,0,0,,,,,,,,,,,,,,,,,
2026-07-16 12:14:59,172278.062500,B8DB8AF16E20,0002,male,C57BL/6,1.1.1,FR1,0,LeftWithPellet,260,275,86,36,0,0,,,,,,,,,,,,,,,,,
2026-07-16 12:17:52,172451.187500,B8DB8AF16E20,0002,male,C57BL/6,1.1.1,FR1,0,Status,260,275,86,36,0,0,,,,,Disabled,25.5,42.1,1014.2,12.3,1.058,441.000,247736,339964,180052,35407,3.82,48.09
2026-07-16 12:22:55,172754.328125,B8DB8AF16E20,0002,male,C57BL/6,1.1.1,FR1,0,Right,260,275,87,36,0,0,,,,,,,,,,,,,,,,,
2026-07-16 12:23:11,172770.953125,B8DB8AF16E20,0002,male,C57BL/6,1.1.1,FR1,0,Left,260,276,87,36,0,0,,,,,,,,,,,,,,,,,
2026-07-16 12:23:14,172773.203125,B8DB8AF16E20,0002,male,C57BL/6,1.1.1,FR1,0,LeftWithPellet,260,276,87,36,0,0,,,,,,,,,,,,,,,,,
2026-07-16 12:23:18,172777.500000,B8DB8AF16E20,0002,male,C57BL/6,1.1.1,FR1,0,LeftWithPellet,260,277,87,36,0,0,,,,,,,,,,,,,,,,,
2026-07-16 12:23:21,172781.093750,B8DB8AF16E20,0002,male,C57BL/6,1.1.1,FR1,0,LeftWithPellet,260,278,87,36,0,0,,,,,,,,,,,,,,,,,
2026-07-16 12:23:23,172782.187500,B8DB8AF16E20,0002,male,C57BL/6,1.1.1,FR1,0,LeftWithPellet,260,279,87,36,0,0,,,,,,,,,,,,,,,,,
2026-07-16 12:23:24,172783.375000,B8DB8AF16E20,0002,male,C57BL/6,1.1.1,FR1,0,LeftWithPellet,260,280,87,36,0,0,,,,,,,,,,,,,,,,,
2026-07-16 12:23:33,172792.812500,B8DB8AF16E20,0002,male,C57BL/6,1.1.1,FR1,0,Left,260,281,87,36,0,0,,,,,,,,,,,,,,,,,
2026-07-16 12:23:38,172797.296875,B8DB8AF16E20,0002,male,C57BL/6,1.1.1,FR1,0,LeftWithPellet,260,282,87,36,0,0,,,,,,,,,,,,,,,,,
2026-07-16 12:23:39,172798.656250,B8DB8AF16E20,0002,male,C57BL/6,1.1.1,FR1,0,LeftWithPellet,260,283,87,36,0,0,,,,,,,,,,,,,,,,,
2026-07-16 12:23:42,172801.390625,B8DB8AF16E20,0002,male,C57BL/6,1.1.1,FR1,0,LeftWithPellet,260,284,87,36,0,0,,,,,,,,,,,,,,,,,
2026-07-16 12:23:43,172803.046875,B8DB8AF16E20,0002,male,C57BL/6,1.1.1,FR1,0,LeftWithPellet,260,285,87,36,0,0,,,,,,,,,,,,,,,,,
2026-07-16 12:23:45,172804.906250,B8DB8AF16E20,0002,male,C57BL/6,1.1.1,FR1,0,LeftWithPellet,260,286,87,36,0,0,,,,,,,,,,,,,,,,,
2026-07-16 12:23:46,172805.984375,B8DB8AF16E20,0002,male,C57BL/6,1.1.1,FR1,0,LeftWithPellet,260,287,87,36,0,0,,,,,,,,,,,,,,,,,
2026-07-16 12:23:52,172811.781250,B8DB8AF16E20,0002,male,C57BL/6,1.1.1,FR1,0,LeftWithPellet,260,288,87,36,0,0,,,,,,,,,,,,,,,,,
2026-07-16 12:23:53,172813.031250,B8DB8AF16E20,0002,male,C57BL/6,1.1.1,FR1,0,LeftWithPellet,260,289,87,36,0,0,,,,,,,,,,,,,,,,,
2026-07-16 12:23:57,172817.062500,B8DB8AF16E20,0002,male,C57BL/6,1.1.1,FR1,0,Left,260,290,87,36,0,0,,,,,,,,,,,,,,,,,
2026-07-16 12:24:02,172822.140625,B8DB8AF16E20,0002,male,C57BL/6,1.1.1,FR1,0,LeftWithPellet,260,291,87,36,0,0,,,,,,,,,,,,,,,,,
2026-07-16 12:24:07,172826.171875,B8DB8AF16E20,0002,male,C57BL/6,1.1.1,FR1,0,LeftWithPellet,260,292,87,36,0,0,,,,,,,,,,,,,,,,,
2026-07-16 12:24:29,172849.031250,B8DB8AF16E20,0002,male,C57BL/6,1.1.1,FR1,0,Left,260,293,87,36,0,0,,,,,,,,,,,,,,,,,
2026-07-16 12:24:34,172853.546875,B8DB8AF16E20,0002,male,C57BL/6,1.1.1,FR1,0,LeftWithPellet,260,294,87,36,0,0,,,,,,,,,,,,,,,,,
2026-07-16 12:24:35,172854.687500,B8DB8AF16E20,0002,male,C57BL/6,1.1.1,FR1,0,LeftWithPellet,260,295,87,36,0,0,,,,,,,,,,,,,,,,,
2026-07-16 12:24:36,172855.781250,B8DB8AF16E20,0002,male,C57BL/6,1.1.1,FR1,0,LeftWithPellet,260,296,87,36,0,0,,,,,,,,,,,,,,,,,
2026-07-16 12:24:38,172857.890625,B8DB8AF16E20,0002,male,C57BL/6,1.1.1,FR1,0,LeftWithPellet,260,297,87,36,0,0,,,,,,,,,,,,,,,,,
2026-07-16 12:24:46,172865.218750,B8DB8AF16E20,0002,male,C57BL/6,1.1.1,FR1,0,RightWithPellet,260,297,88,36,0,0,,,,,,,,,,,,,,,,,
2026-07-16 12:24:49,172868.187500,B8DB8AF16E20,0002,male,C57BL/6,1.1.1,FR1,0,RightWithPellet,260,297,89,36,0,0,,,,,,,,,,,,,,,,,
2026-07-16 12:24:50,172869.359375,B8DB8AF16E20,0002,male,C57BL/6,1.1.1,FR1,0,RightWithPellet,260,297,90,36,0,0,,,,,,,,,,,,,,,,,
2026-07-16 12:24:54,172874.046875,B8DB8AF16E20,0002,male,C57BL/6,1.1.1,FR1,0,Left,260,298,90,36,0,0,,,,,,,,,,,,,,,,,
2026-07-16 12:29:20,173139.453125,B8DB8AF16E20,0002,male,C57BL/6,1.1.1,FR1,0,Status,260,298,90,36,0,0,,,,,Disabled,25.6,41.0,1014.1,12.2,0.083,53.000,247736,339964,180052,35526,3.81,47.71
2026-07-16 12:39:54,173773.187500,B8DB8AF16E20,0002,male,C57BL/6,1.1.1,FR1,0,Status,260,298,90,36,0,0,,,,,Disabled,25.4,42.6,1014.2,12.3,0.043,36.000,247736,339964,180052,35663,3.81,47.32
2026-07-16 12:51:21,174461.781250,B8DB8AF16E20,0002,male,C57BL/6,1.1.1,FR1,0,Status,260,298,90,36,0,0,,,,,Disabled,25.5,41.4,1014.2,12.3,0.040,28.000,247736,339964,180052,35800,3.81,46.91
2026-07-16 13:03:05,175166.265625,B8DB8AF16E20,0002,male,C57BL/6,1.1.1,FR1,0,Status,260,298,90,36,0,0,,,,,Disabled,25.5,41.0,1014.3,12.3,0.043,32.000,247736,339964,180052,35937,3.81,46.50
2026-07-16 13:14:30,175850.937500,B8DB8AF16E20,0002,male,C57BL/6,1.1.1,FR1,0,Status,260,298,90,36,0,0,,,,,Disabled,25.5,41.2,1014.2,12.4,0.032,26.000,247736,339964,180052,36074,3.82,46.50
2026-07-16 13:25:59,176541.578125,B8DB8AF16E20,0002,male,C57BL/6,1.1.1,FR1,0,Status,260,298,90,36,0,0,,,,,Disabled,25.5,41.1,1014.2,12.4,0.043,35.000,247736,339964,180052,36211,3.81,46.10
2026-07-16 13:37:30,177233.203125,B8DB8AF16E20,0002,male,C57BL/6,1.1.1,FR1,0,Status,260,298,90,36,0,0,,,,,Disabled,25.6,41.0,1014.2,12.4,0.043,35.000,247736,339964,180052,36348,3.80,45.69
2026-07-16 13:40:07,177390.187500,B8DB8AF16E20,0002,male,C57BL/6,1.1.1,FR1,0,Left,260,299,90,36,0,0,,,,,,,,,,,,,,,,,
2026-07-16 13:40:09,177391.906250,B8DB8AF16E20,0002,male,C57BL/6,1.1.1,FR1,0,LeftWithPellet,260,300,90,36,0,0,,,,,,,,,,,,,,,,,
2026-07-16 13:40:11,177393.687500,B8DB8AF16E20,0002,male,C57BL/6,1.1.1,FR1,0,LeftWithPellet,260,301,90,36,0,0,,,,,,,,,,,,,,,,,
2026-07-16 13:40:15,177397.921875,B8DB8AF16E20,0002,male,C57BL/6,1.1.1,FR1,0,LeftWithPellet,260,302,90,36,0,0,,,,,,,,,,,,,,,,,
2026-07-16 13:40:16,177399.093750,B8DB8AF16E20,0002,male,C57BL/6,1.1.1,FR1,0,LeftWithPellet,260,303,90,36,0,0,,,,,,,,,,,,,,,,,
2026-07-16 13:40:23,177406.125000,B8DB8AF16E20,0002,male,C57BL/6,1.1.1,FR1,0,LeftWithPellet,260,304,90,36,0,0,,,,,,,,,,,,,,,,,
2026-07-16 13:40:29,177412.453125,B8DB8AF16E20,0002,male,C57BL/6,1.1.1,FR1,0,Left,260,305,90,36,0,0,,,,,,,,,,,,,,,,,
2026-07-16 13:40:34,177417.468750,B8DB8AF16E20,0002,male,C57BL/6,1.1.1,FR1,0,LeftWithPellet,260,306,90,36,0,0,,,,,,,,,,,,,,,,,
2026-07-16 13:40:37,177420.234375,B8DB8AF16E20,0002,male,C57BL/6,1.1.1,FR1,0,LeftWithPellet,260,307,90,36,0,0,,,,,,,,,,,,,,,,,
2026-07-16 13:40:42,177425.406250,B8DB8AF16E20,0002,male,C57BL/6,1.1.1,FR1,0,LeftWithPellet,260,308,90,36,0,0,,,,,,,,,,,,,,,,,
2026-07-16 13:40:44,177427.296875,B8DB8AF16E20,0002,male,C57BL/6,1.1.1,FR1,0,LeftWithPellet,260,309,90,36,0,0,,,,,,,,,,,,,,,,,
2026-07-16 13:48:58,177920.718750,B8DB8AF16E20,0002,male,C57BL/6,1.1.1,FR1,0,Status,260,309,90,36,0,0,,,,,Disabled,25.6,41.0,1014.2,12.3,0.029,26.000,247736,339964,180052,36476,3.81,45.28
2026-07-16 14:00:25,178609.281250,B8DB8AF16E20,0002,male,C57BL/6,1.1.1,FR1,0,Status,260,309,90,36,0,0,,,,,Disabled,25.6,41.0,1014.1,12.3,0.043,34.000,247736,339964,180052,36613,3.81,44.87
2026-07-16 14:11:55,179299.968750,B8DB8AF16E20,0002,male,C57BL/6,1.1.1,FR1,0,Status,260,309,90,36,0,0,,,,,Disabled,25.6,40.9,1014.0,12.5,0.043,32.000,247736,339964,180052,36750,3.81,44.46
2026-07-16 14:17:52,179657.687500,B8DB8AF16E20,0002,male,C57BL/6,1.1.1,FR1,0,Left,260,310,90,36,0,0,,,,,,,,,,,,,,,,,
2026-07-16 14:17:56,179661.375000,B8DB8AF16E20,0002,male,C57BL/6,1.1.1,FR1,0,LeftWithPellet,260,311,90,36,0,0,,,,,,,,,,,,,,,,,
2026-07-16 14:17:57,179662.484375,B8DB8AF16E20,0002,male,C57BL/6,1.1.1,FR1,0,LeftWithPellet,260,312,90,36,0,0,,,,,,,,,,,,,,,,,
2026-07-16 14:17:59,179663.843750,B8DB8AF16E20,0002,male,C57BL/6,1.1.1,FR1,0,LeftWithPellet,260,313,90,36,0,0,,,,,,,,,,,,,,,,,
2026-07-16 14:18:02,179667.093750,B8DB8AF16E20,0002,male,C57BL/6,1.1.1,FR1,0,LeftWithPellet,260,314,90,36,0,0,,,,,,,,,,,,,,,,,
2026-07-16 14:18:03,179668.187500,B8DB8AF16E20,0002,male,C57BL/6,1.1.1,FR1,0,LeftWithPellet,260,315,90,36,0,0,,,,,,,,,,,,,,,,,
2026-07-16 14:18:04,179669.546875,B8DB8AF16E20,0002,male,C57BL/6,1.1.1,FR1,0,LeftWithPellet,260,316,90,36,0,0,,,,,,,,,,,,,,,,,
2026-07-16 14:18:05,179670.625000,B8DB8AF16E20,0002,male,C57BL/6,1.1.1,FR1,0,LeftWithPellet,260,317,90,36,0,0,,,,,,,,,,,,,,,,,
2026-07-16 14:18:07,179671.859375,B8DB8AF16E20,0002,male,C57BL/6,1.1.1,FR1,0,LeftWithPellet,260,318,90,36,0,0,,,,,,,,,,,,,,,,,
2026-07-16 14:18:33,179697.953125,B8DB8AF16E20,0002,male,C57BL/6,1.1.1,FR1,0,Left,260,319,90,36,0,0,,,,,,,,,,,,,,,,,
2026-07-16 14:19:12,179736.890625,B8DB8AF16E20,0002,male,C57BL/6,1.1.1,FR1,0,Left,260,320,90,36,0,0,,,,,,,,,,,,,,,,,
2026-07-16 14:19:13,179738.500000,B8DB8AF16E20,0002,male,C57BL/6,1.1.1,FR1,0,LeftWithPellet,260,320,90,36,0,0,,,,,,,,,,,,,,,,,
2026-07-16 14:19:15,179740.109375,B8DB8AF16E20,0002,male,C57BL/6,1.1.1,FR1,0,LeftWithPellet,260,321,90,36,0,0,,,,,,,,,,,,,,,,,
2026-07-16 14:19:16,179741.296875,B8DB8AF16E20,0002,male,C57BL/6,1.1.1,FR1,0,LeftWithPellet,260,322,90,36,0,0,,,,,,,,,,,,,,,,,
2026-07-16 14:23:21,179986.500000,B8DB8AF16E20,0002,male,C57BL/6,1.1.1,FR1,0,Status,260,322,90,36,0,0,,,,,Disabled,25.6,40.7,1013.9,12.3,0.029,27.000,247736,339964,180052,36874,3.81,44.05
2026-07-16 14:34:49,180675.046875,B8DB8AF16E20,0002,male,C57BL/6,1.1.1,FR1,0,Status,260,322,90,36,0,0,,,,,Disabled,25.6,40.9,1013.9,12.2,0.029,26.000,247736,339964,180052,37011,3.80,44.05
2026-07-16 14:46:11,181357.671875,B8DB8AF16E20,0002,male,C57BL/6,1.1.1,FR1,0,Status,260,322,90,36,0,0,,,,,Disabled,25.6,41.0,1013.9,12.4,0.029,27.000,247736,339964,180052,37148,3.80,43.64
2026-07-16 14:57:33,182040.281250,B8DB8AF16E20,0002,male,C57BL/6,1.1.1,FR1,0,Status,260,322,90,36,0,0,,,,,Disabled,25.6,41.0,1013.8,12.5,0.036,27.000,247736,339964,180052,37285,3.81,43.23
2026-07-16 15:09:53,57.423000,B8DB8AF16E20,0002,male,C57BL/6,1.1.1,FR1,0,Startup,260,322,90,36,0,0,,,,,0.0,25.4,40.4,1013.5,11.1,21.420,7540.000,246300,339964,244156,0,4.10,90.70
2026-07-16 15:15:31,395.303009,B8DB8AF16E20,0002,male,C57BL/6,1.1.1,FR1,0,Right,260,322,91,36,0,0,,,,,,,,,,,,,,,,,
2026-07-16 15:15:33,397.576996,B8DB8AF16E20,0002,male,C57BL/6,1.1.1,FR1,0,Right,260,322,92,36,0,0,,,,,,,,,,,,,,,,,
2026-07-16 15:15:38,402.579010,B8DB8AF16E20,0002,male,C57BL/6,1.1.1,FR1,0,Right,260,322,93,36,0,0,,,,,,,,,,,,,,,,,
2026-07-16 15:15:41,405.453003,B8DB8AF16E20,0002,male,C57BL/6,1.1.1,FR1,0,Left,260,323,93,36,0,0,,,,,,,,,,,,,,,,,
2026-07-16 15:15:46,410.769989,B8DB8AF16E20,0002,male,C57BL/6,1.1.1,FR1,0,PelletDrop,261,323,93,36,0,0,,,,,,,,,,,,,,,,,
2026-07-16 15:15:55,419.641998,B8DB8AF16E20,0002,male,C57BL/6,1.1.1,FR1,0,PelletTaken,261,323,93,36,0,0,8.012,49.000,0,2,,,,,,,,,,,,,
2026-07-16 15:16:19,443.696014,B8DB8AF16E20,0002,male,C57BL/6,1.1.1,FR1,0,Left,261,324,93,36,0,0,,,,,,,,,,,,,,,,,
2026-07-16 15:16:24,449.013000,B8DB8AF16E20,0002,male,C57BL/6,1.1.1,FR1,0,PelletDrop,262,324,93,36,0,0,,,,,,,,,,,,,,,,,
2026-07-16 15:16:33,458.069000,B8DB8AF16E20,0002,male,C57BL/6,1.1.1,FR1,0,PelletTaken,262,324,93,36,0,0,8.211,125.000,0,2,,,,,,,,,,,,,
2026-07-16 15:19:01,606.151978,B8DB8AF16E20,0002,male,C57BL/6,1.1.1,FR1,0,Status,262,324,93,36,0,0,,,,,Disabled,25.2,42.4,1013.6,12.3,0.040,30.000,247264,339964,244156,122,4.11,90.54
2026-07-16 15:20:55,719.935974,B8DB8AF16E20,0002,male,C57BL/6,1.1.1,FR1,0,Left,262,325,93,36,0,0,,,,,,,,,,,,,,,,,
2026-07-16 15:21:01,725.263977,B8DB8AF16E20,0002,male,C57BL/6,1.1.1,FR1,0,PelletDrop,263,325,93,36,0,0,,,,,,,,,,,,,,,,,
2026-07-16 15:21:10,734.473999,B8DB8AF16E20,0002,male,C57BL/6,1.1.1,FR1,0,PelletTaken,263,325,93,36,0,0,8.365,40.000,0,2,,,,,,,,,,,,,
2026-07-16 15:23:58,902.835022,B8DB8AF16E20,0002,male,C57BL/6,1.1.1,FR1,0,Left,263,326,93,36,0,0,,,,,,,,,,,,,,,,,
2026-07-16 15:24:10,914.559998,B8DB8AF16E20,0002,male,C57BL/6,1.1.1,FR1,0,PelletDrop,264,326,93,36,0,0,,,,,,,,,,,,,,,,,
2026-07-16 15:24:13,918.093018,B8DB8AF16E20,0002,male,C57BL/6,1.1.1,FR1,0,PelletTaken,264,326,93,36,0,0,2.688,30.000,0,4,,,,,,,,,,,,,
2026-07-16 15:25:18,982.737000,B8DB8AF16E20,0002,male,C57BL/6,1.1.1,FR1,0,Left,264,327,93,36,0,0,,,,,,,,,,,,,,,,,
2026-07-16 15:25:26,990.286987,B8DB8AF16E20,0002,male,C57BL/6,1.1.1,FR1,0,PelletDrop,265,327,93,36,0,0,,,,,,,,,,,,,,,,,
2026-07-16 15:25:37,1001.817017,B8DB8AF16E20,0002,male,C57BL/6,1.1.1,FR1,0,PelletTaken,265,327,93,36,0,0,10.685,30.000,0,3,,,,,,,,,,,,,
2026-07-16 15:26:07,1031.740967,B8DB8AF16E20,0002,male,C57BL/6,1.1.1,FR1,0,Left,265,328,93,36,0,0,,,,,,,,,,,,,,,,,
2026-07-16 15:26:12,1037.057983,B8DB8AF16E20,0002,male,C57BL/6,1.1.1,FR1,0,PelletDrop,266,328,93,36,0,0,,,,,,,,,,,,,,,,,
2026-07-16 15:26:24,1049.208008,B8DB8AF16E20,0002,male,C57BL/6,1.1.1,FR1,0,PelletTaken,266,328,93,36,0,0,11.290,312.000,0,2,,,,,,,,,,,,,
2026-07-16 15:29:05,1210.329956,B8DB8AF16E20,0002,male,C57BL/6,1.1.1,FR1,0,Status,266,328,93,36,0,0,,,,,Disabled,25.1,42.6,1013.7,12.7,0.054,39.000,247908,339964,178252,226,4.11,90.22
2026-07-16 15:39:08,1814.182983,B8DB8AF16E20,0002,male,C57BL/6,1.1.1,FR1,0,Status,266,328,93,36,0,0,,,,,Disabled,24.9,43.1,1013.6,12.8,0.094,54.000,247908,339964,178252,354,4.11,90.07
2026-07-16 15:49:10,2415.456055,B8DB8AF16E20,0002,male,C57BL/6,1.1.1,FR1,0,Status,266,328,93,36,0,0,,,,,Disabled,24.7,43.1,1013.6,13.0,0.086,52.000,247908,339964,178252,482,4.11,89.91
2026-07-16 15:59:12,3018.457031,B8DB8AF16E20,0002,male,C57BL/6,1.1.1,FR1,0,Status,266,328,93,36,0,0,,,,,Disabled,24.6,43.2,1013.6,12.9,0.086,55.000,247908,339964,178252,612,4.09,89.91
2026-07-16 16:09:12,3619.297119,B8DB8AF16E20,0002,male,C57BL/6,1.1.1,FR1,0,Status,266,328,93,36,0,0,,,,,Disabled,24.5,43.1,1013.6,13.1,0.086,55.000,247908,339964,178252,739,4.10,89.59
2026-07-16 16:19:16,4223.142090,B8DB8AF16E20,0002,male,C57BL/6,1.1.1,FR1,0,Status,266,328,93,36,0,0,,,,,Disabled,24.5,43.0,1013.5,13.1,0.076,44.000,247908,339964,178252,866,4.11,89.59
2026-07-16 16:29:17,4826.304199,B8DB8AF16E20,0002,male,C57BL/6,1.1.1,FR1,0,Status,266,328,93,36,0,0,,,,,Disabled,24.5,42.9,1013.4,13.1,0.079,44.000,247908,339964,178252,994,4.10,89.43
2026-07-16 16:39:20,5429.290039,B8DB8AF16E20,0002,male,C57BL/6,1.1.1,FR1,0,Status,266,328,93,36,0,0,,,,,Disabled,24.4,43.0,1013.3,13.2,0.072,44.000,247908,339964,178252,1124,4.11,89.27
2026-07-16 16:49:23,6032.543945,B8DB8AF16E20,0002,male,C57BL/6,1.1.1,FR1,0,Status,266,328,93,36,0,0,,,,,Disabled,24.4,42.7,1013.3,13.2,0.086,52.000,247908,339964,178252,1249,4.10,89.27
2026-07-16 16:59:22,6632.745117,B8DB8AF16E20,0002,male,C57BL/6,1.1.1,FR1,0,Status,266,328,93,36,0,0,,,,,Disabled,24.4,42.6,1013.3,13.2,0.086,50.000,247908,339964,178252,1377,4.10,89.12
2026-07-16 17:09:26,7236.365234,B8DB8AF16E20,0002,male,C57BL/6,1.1.1,FR1,0,Status,266,328,93,36,0,0,,,,,Disabled,24.4,42.5,1013.2,13.2,0.076,42.000,247816,339964,178252,1506,4.10,89.12
2026-07-16 17:19:24,7834.888184,B8DB8AF16E20,0002,male,C57BL/6,1.1.1,FR1,0,Left,266,329,93,36,0,0,,,,,,,,,,,,,,,,,
2026-07-16 17:19:29,7840.205078,B8DB8AF16E20,0002,male,C57BL/6,1.1.1,FR1,0,PelletDrop,267,329,93,36,0,0,,,,,,,,,,,,,,,,,
2026-07-16 17:19:43,7854.022949,B8DB8AF16E20,0002,male,C57BL/6,1.1.1,FR1,0,PelletTaken,267,329,93,36,0,0,12.973,248.000,0,2,,,,,,,,,,,,,
2026-07-16 17:19:51,7862.006836,B8DB8AF16E20,0002,male,C57BL/6,1.1.1,FR1,0,Status,267,329,93,36,0,0,,,,,Disabled,24.5,42.2,1013.2,13.2,0.065,40.000,247824,339964,178252,1634,4.10,88.96
2026-07-16 17:20:22,7893.147949,B8DB8AF16E20,0002,male,C57BL/6,1.1.1,FR1,0,Left,267,330,93,36,0,0,,,,,,,,,,,,,,,,,
2026-07-16 17:20:30,7900.683105,B8DB8AF16E20,0002,male,C57BL/6,1.1.1,FR1,0,PelletDrop,268,330,93,36,0,0,,,,,,,,,,,,,,,,,
2026-07-16 17:20:50,7921.520020,B8DB8AF16E20,0002,male,C57BL/6,1.1.1,FR1,0,PelletTaken,268,330,93,36,0,0,TimedOut,247.000,0,3,,,,,,,,,,,,,
2026-07-16 17:22:19,8010.480957,B8DB8AF16E20,0002,male,C57BL/6,1.1.1,FR1,0,Left,268,331,93,36,0,0,,,,,,,,,,,,,,,,,
2026-07-16 17:22:22,8013.596191,B8DB8AF16E20,0002,male,C57BL/6,1.1.1,FR1,0,PelletDrop,269,331,93,36,0,0,,,,,,,,,,,,,,,,,
2026-07-16 17:22:24,8015.034180,B8DB8AF16E20,0002,male,C57BL/6,1.1.1,FR1,0,PelletNotDetected,269,331,93,36,0,0,,,,,,,,,,,,,,,,,
2026-07-16 17:23:03,8054.122070,B8DB8AF16E20,0002,male,C57BL/6,1.1.1,FR1,0,Left,269,332,93,36,0,0,,,,,,,,,,,,,,,,,
2026-07-16 17:23:08,8059.390137,B8DB8AF16E20,0002,male,C57BL/6,1.1.1,FR1,0,PelletDrop,270,332,93,36,0,0,,,,,,,,,,,,,,,,,
2026-07-16 17:23:18,8068.889160,B8DB8AF16E20,0002,male,C57BL/6,1.1.1,FR1,0,PelletTaken,270,332,93,36,0,0,8.639,154.000,0,3,,,,,,,,,,,,,
2026-07-16 17:23:53,8103.844238,B8DB8AF16E20,0002,male,C57BL/6,1.1.1,FR1,0,Left,270,333,93,36,0,0,,,,,,,,,,,,,,,,,
2026-07-16 17:23:58,8109.161133,B8DB8AF16E20,0002,male,C57BL/6,1.1.1,FR1,0,PelletDrop,271,333,93,36,0,0,,,,,,,,,,,,,,,,,
2026-07-16 17:24:10,8121.351074,B8DB8AF16E20,0002,male,C57BL/6,1.1.1,FR1,0,PelletTaken,271,333,93,36,0,0,11.345,397.000,0,2,,,,,,,,,,,,,
2026-07-16 17:24:44,8155.734863,B8DB8AF16E20,0002,male,C57BL/6,1.1.1,FR1,0,Left,271,334,93,36,0,0,,,,,,,,,,,,,,,,,
2026-07-16 17:24:50,8161.050781,B8DB8AF16E20,0002,male,C57BL/6,1.1.1,FR1,0,PelletDrop,272,334,93,36,0,0,,,,,,,,,,,,,,,,,
2026-07-16 17:25:01,8172.285156,B8DB8AF16E20,0002,male,C57BL/6,1.1.1,FR1,0,PelletTaken,272,334,93,36,0,0,10.389,50.000,0,2,,,,,,,,,,,,,
2026-07-16 17:25:36,8207.373047,B8DB8AF16E20,0002,male,C57BL/6,1.1.1,FR1,0,Left,272,335,93,36,0,0,,,,,,,,,,,,,,,,,
2026-07-16 17:25:41,8212.690430,B8DB8AF16E20,0002,male,C57BL/6,1.1.1,FR1,0,PelletDrop,273,335,93,36,0,0,,,,,,,,,,,,,,,,,
2026-07-16 17:25:56,8227.172852,B8DB8AF16E20,0002,male,C57BL/6,1.1.1,FR1,0,PelletTaken,273,335,93,36,0,0,13.623,247.000,0,2,,,,,,,,,,,,,
2026-07-16 17:29:52,8463.509766,B8DB8AF16E20,0002,male,C57BL/6,1.1.1,FR1,0,Status,273,335,93,36,0,0,,,,,Disabled,24.7,41.8,1013.2,13.1,0.058,36.000,247776,339964,178252,1741,4.10,88.64
2026-07-16 17:39:53,9065.336914,B8DB8AF16E20,0002,male,C57BL/6,1.1.1,FR1,0,Status,273,335,93,36,0,0,,,,,Disabled,24.7,42.4,1013.1,13.2,0.061,38.000,247776,339964,178252,1868,4.08,88.50
2026-07-16 17:50:34,9706.936523,B8DB8AF16E20,0002,male,C57BL/6,1.1.1,FR1,0,Status,273,335,93,36,0,0,,,,,Disabled,24.7,42.5,1013.0,13.0,0.065,38.000,247776,339964,178252,2005,4.09,88.50
2026-07-16 18:01:12,10345.566406,B8DB8AF16E20,0002,male,C57BL/6,1.1.1,FR1,0,Status,273,335,93,36,0,0,,,,,Disabled,24.7,42.5,1012.9,13.0,0.000,0.000,247776,339964,178252,2142,4.08,88.36
2026-07-16 18:11:51,10985.128906,B8DB8AF16E20,0002,male,C57BL/6,1.1.1,FR1,0,Status,273,335,93,36,0,0,,,,,Disabled,24.7,42.5,1012.9,13.1,0.000,0.000,247776,339964,178252,2279,4.08,88.36
2026-07-16 18:15:50,11224.165039,B8DB8AF16E20,0002,male,C57BL/6,1.1.1,FR1,0,Left,273,336,93,36,0,0,,,,,,,,,,,,,,,,,
2026-07-16 18:15:56,11229.482422,B8DB8AF16E20,0002,male,C57BL/6,1.1.1,FR1,0,PelletDrop,274,336,93,36,0,0,,,,,,,,,,,,,,,,,
2026-07-16 18:16:11,11244.983398,B8DB8AF16E20,0002,male,C57BL/6,1.1.1,FR1,0,PelletTaken,274,336,93,36,0,0,14.656,594.000,0,2,,,,,,,,,,,,,
2026-07-16 18:22:30,11624.820312,B8DB8AF16E20,0002,male,C57BL/6,1.1.1,FR1,0,Status,274,336,93,36,0,0,,,,,Disabled,24.7,42.4,1012.9,13.0,0.000,0.000,247724,339964,178252,2411,4.08,88.21
2026-07-16 18:31:50,12186.025391,B8DB8AF16E20,0002,male,C57BL/6,1.1.1,FR1,0,Right,274,336,94,36,0,0,,,,,,,,,,,,,,,,,
2026-07-16 18:33:20,12275.420898,B8DB8AF16E20,0002,male,C57BL/6,1.1.1,FR1,0,Status,274,336,94,36,0,0,,,,,Disabled,24.8,42.5,1013.0,13.0,0.000,0.000,247724,339964,178252,2549,4.08,88.21
2026-07-16 18:34:55,12370.136719,B8DB8AF16E20,0002,male,C57BL/6,1.1.1,FR1,0,Left,274,337,94,36,0,0,,,,,,,,,,,,,,,,,
2026-07-16 18:35:03,12377.688477,B8DB8AF16E20,0002,male,C57BL/6,1.1.1,FR1,0,PelletDrop,275,337,94,36,0,0,,,,,,,,,,,,,,,,,
2026-07-16 18:35:10,12384.983398,B8DB8AF16E20,0002,male,C57BL/6,1.1.1,FR1,0,PelletTaken,275,337,94,36,0,0,6.439,86.000,0,3,,,,,,,,,,,,,
2026-07-16 18:44:01,12916.054688,B8DB8AF16E20,0002,male,C57BL/6,1.1.1,FR1,0,Status,275,337,94,36,0,0,,,,,Disabled,24.8,42.5,1013.0,13.0,0.000,0.000,247724,339964,178252,2684,4.08,88.07
2026-07-16 18:54:41,13557.701172,B8DB8AF16E20,0002,male,C57BL/6,1.1.1,FR1,0,Status,275,337,94,36,0,0,,,,,Disabled,24.8,42.5,1013.1,13.0,0.000,0.000,247724,339964,178252,2821,4.08,87.93
2026-07-16 19:04:31,14147.631836,B8DB8AF16E20,0002,male,C57BL/6,1.1.1,FR1,0,Left,275,338,94,36,0,0,,,,,,,,,,,,,,,,,
2026-07-16 19:04:34,14150.731445,B8DB8AF16E20,0002,male,C57BL/6,1.1.1,FR1,0,PelletDrop,276,338,94,36,0,0,,,,,,,,,,,,,,,,,
2026-07-16 19:04:35,14152.167969,B8DB8AF16E20,0002,male,C57BL/6,1.1.1,FR1,0,PelletNotDetected,276,338,94,36,0,0,,,,,,,,,,,,,,,,,
2026-07-16 19:05:21,14198.214844,B8DB8AF16E20,0002,male,C57BL/6,1.1.1,FR1,0,Left,276,339,94,36,0,0,,,,,,,,,,,,,,,,,
2026-07-16 19:05:27,14203.484375,B8DB8AF16E20,0002,male,C57BL/6,1.1.1,FR1,0,PelletDrop,277,339,94,36,0,0,,,,,,,,,,,,,,,,,
2026-07-16 19:05:28,14204.921875,B8DB8AF16E20,0002,male,C57BL/6,1.1.1,FR1,0,PelletNotDetected,277,339,94,36,0,0,,,,,,,,,,,,,,,,,
2026-07-16 19:05:36,14212.925781,B8DB8AF16E20,0002,male,C57BL/6,1.1.1,FR1,0,Status,277,339,94,36,0,0,,,,,Disabled,24.8,42.2,1013.1,13.0,0.000,0.000,247724,339964,178252,2959,4.07,87.93
2026-07-16 19:05:55,14232.106445,B8DB8AF16E20,0002,male,C57BL/6,1.1.1,FR1,0,Left,277,340,94,36,0,0,,,,,,,,,,,,,,,,,
2026-07-16 19:06:05,14241.564453,B8DB8AF16E20,0002,male,C57BL/6,1.1.1,FR1,0,PelletDrop,278,340,94,36,0,0,,,,,,,,,,,,,,,,,
2026-07-16 19:06:11,14247.572266,B8DB8AF16E20,0002,male,C57BL/6,1.1.1,FR1,0,PelletTaken,278,340,94,36,0,0,5.163,237.000,0,6,,,,,,,,,,,,,
2026-07-16 19:11:43,14579.913086,B8DB8AF16E20,0002,male,C57BL/6,1.1.1,FR1,0,Left,278,341,94,36,0,0,,,,,,,,,,,,,,,,,
2026-07-16 19:11:48,14585.246094,B8DB8AF16E20,0002,male,C57BL/6,1.1.1,FR1,0,PelletDrop,279,341,94,36,0,0,,,,,,,,,,,,,,,,,
2026-07-16 19:12:01,14597.809570,B8DB8AF16E20,0002,male,C57BL/6,1.1.1,FR1,0,PelletTaken,279,341,94,36,0,0,11.719,29.000,0,2,,,,,,,,,,,,,
2026-07-16 19:12:39,14636.680664,B8DB8AF16E20,0002,male,C57BL/6,1.1.1,FR1,0,Left,279,342,94,36,0,0,,,,,,,,,,,,,,,,,
2026-07-16 19:12:45,14641.998047,B8DB8AF16E20,0002,male,C57BL/6,1.1.1,FR1,0,PelletDrop,280,342,94,36,0,0,,,,,,,,,,,,,,,,,
2026-07-16 19:12:54,14650.880859,B8DB8AF16E20,0002,male,C57BL/6,1.1.1,FR1,0,PelletTaken,280,342,94,36,0,0,8.023,613.000,0,2,,,,,,,,,,,,,
2026-07-16 19:13:32,14689.416016,B8DB8AF16E20,0002,male,C57BL/6,1.1.1,FR1,0,Left,280,343,94,36,0,0,,,,,,,,,,,,,,,,,
2026-07-16 19:13:37,14694.733398,B8DB8AF16E20,0002,male,C57BL/6,1.1.1,FR1,0,PelletDrop,281,343,94,36,0,0,,,,,,,,,,,,,,,,,
2026-07-16 19:13:49,14705.878906,B8DB8AF16E20,0002,male,C57BL/6,1.1.1,FR1,0,PelletTaken,281,343,94,36,0,0,10.301,727.000,0,2,,,,,,,,,,,,,
2026-07-16 19:14:34,14751.085938,B8DB8AF16E20,0002,male,C57BL/6,1.1.1,FR1,0,Center,281,343,94,37,0,0,,,,,,,,,,,,,,,,,
2026-07-16 19:14:40,14757.559570,B8DB8AF16E20,0002,male,C57BL/6,1.1.1,FR1,0,Center,281,343,94,38,0,0,,,,,,,,,,,,,,,,,
2026-07-16 19:14:43,14760.547852,B8DB8AF16E20,0002,male,C57BL/6,1.1.1,FR1,0,Center,281,343,94,39,0,0,,,,,,,,,,,,,,,,,
2026-07-16 19:14:46,14763.867188,B8DB8AF16E20,0002,male,C57BL/6,1.1.1,FR1,0,Right,281,343,95,39,0,0,,,,,,,,,,,,,,,,,
2026-07-16 19:16:08,14845.787109,B8DB8AF16E20,0002,male,C57BL/6,1.1.1,FR1,0,Status,281,343,95,39,0,0,,,,,Disabled,24.9,42.2,1013.2,13.0,0.000,0.000,247724,339964,178252,3086,4.07,87.78
2026-07-16 19:18:43,15001.440430,B8DB8AF16E20,0002,male,C57BL/6,1.1.1,FR1,0,Right,281,343,96,39,0,0,,,,,,,,,,,,,,,,,
2026-07-16 19:20:13,15091.283203,B8DB8AF16E20,0002,male,C57BL/6,1.1.1,FR1,0,Left,281,344,96,39,0,0,,,,,,,,,,,,,,,,,
2026-07-16 19:20:18,15096.598633,B8DB8AF16E20,0002,male,C57BL/6,1.1.1,FR1,0,PelletDrop,282,344,96,39,0,0,,,,,,,,,,,,,,,,,
2026-07-16 19:20:32,15109.949219,B8DB8AF16E20,0002,male,C57BL/6,1.1.1,FR1,0,PelletTaken,282,344,96,39,0,0,12.489,106.000,0,2,,,,,,,,,,,,,
2026-07-16 19:21:05,15143.413086,B8DB8AF16E20,0002,male,C57BL/6,1.1.1,FR1,0,Left,282,345,96,39,0,0,,,,,,,,,,,,,,,,,
2026-07-16 19:21:10,15148.730469,B8DB8AF16E20,0002,male,C57BL/6,1.1.1,FR1,0,PelletDrop,283,345,96,39,0,0,,,,,,,,,,,,,,,,,
2026-07-16 19:21:22,15160.501953,B8DB8AF16E20,0002,male,C57BL/6,1.1.1,FR1,0,PelletTaken,283,345,96,39,0,0,10.927,302.000,0,2,,,,,,,,,,,,,
2026-07-16 19:24:53,15371.626953,B8DB8AF16E20,0002,male,C57BL/6,1.1.1,FR1,0,Left,283,346,96,39,0,0,,,,,,,,,,,,,,,,,
2026-07-16 19:25:05,15383.363281,B8DB8AF16E20,0002,male,C57BL/6,1.1.1,FR1,0,PelletDrop,284,346,96,39,0,0,,,,,,,,,,,,,,,,,
2026-07-16 19:25:08,15387.072266,B8DB8AF16E20,0002,male,C57BL/6,1.1.1,FR1,0,PelletTaken,284,346,96,39,0,0,2.864,143.000,0,4,,,,,,,,,,,,,
2026-07-16 19:26:50,15487.889648,B8DB8AF16E20,0002,male,C57BL/6,1.1.1,FR1,0,Left,284,347,96,39,0,0,,,,,,,,,,,,,,,,,
2026-07-16 19:26:54,15492.079102,B8DB8AF16E20,0002,male,C57BL/6,1.1.1,FR1,0,PelletDrop,285,347,96,39,0,0,,,,,,,,,,,,,,,,,
2026-07-16 19:26:56,15493.515625,B8DB8AF16E20,0002,male,C57BL/6,1.1.1,FR1,0,PelletNotDetected,285,347,96,39,0,0,,,,,,,,,,,,,,,,,
2026-07-16 19:27:04,15501.500977,B8DB8AF16E20,0002,male,C57BL/6,1.1.1,FR1,0,Status,285,347,96,39,0,0,,,,,Disabled,25.0,42.0,1013.2,12.9,0.000,0.000,247724,339964,178252,3214,4.08,87.64
2026-07-16 19:36:20,16058.727539,B8DB8AF16E20,0002,male,C57BL/6,1.1.1,FR1,0,Right,285,347,97,39,0,0,,,,,,,,,,,,,,,,,
2026-07-16 19:37:45,16143.933594,B8DB8AF16E20,0002,male,C57BL/6,1.1.1,FR1,0,Status,285,347,97,39,0,0,,,,,Disabled,25.0,42.6,1013.2,12.9,0.000,0.000,247724,339964,178252,3350,4.07,87.49
2026-07-16 19:46:45,16684.505859,B8DB8AF16E20,0002,male,C57BL/6,1.1.1,FR1,0,Center,285,347,97,40,0,0,,,,,,,,,,,,,,,,,
2026-07-16 19:46:55,16694.861328,B8DB8AF16E20,0002,male,C57BL/6,1.1.1,FR1,0,Left,285,348,97,40,0,0,,,,,,,,,,,,,,,,,
2026-07-16 19:47:07,16706.488281,B8DB8AF16E20,0002,male,C57BL/6,1.1.1,FR1,0,PelletDrop,286,348,97,40,0,0,,,,,,,,,,,,,,,,,
2026-07-16 19:47:24,16723.363281,B8DB8AF16E20,0002,male,C57BL/6,1.1.1,FR1,0,PelletTaken,286,348,97,40,0,0,15.999,97.000,0,5,,,,,,,,,,,,,
2026-07-16 19:48:33,16792.523438,B8DB8AF16E20,0002,male,C57BL/6,1.1.1,FR1,0,Status,286,348,97,40,0,0,,,,,Disabled,25.0,42.4,1013.2,12.9,0.000,0.000,247724,339964,178252,3482,4.09,87.35
2026-07-16 19:52:26,17025.683594,B8DB8AF16E20,0002,male,C57BL/6,1.1.1,FR1,0,Right,286,348,98,40,0,0,,,,,,,,,,,,,,,,,
2026-07-16 19:52:31,17030.621094,B8DB8AF16E20,0002,male,C57BL/6,1.1.1,FR1,0,Right,286,348,99,40,0,0,,,,,,,,,,,,,,,,,
2026-07-16 19:52:38,17037.914062,B8DB8AF16E20,0002,male,C57BL/6,1.1.1,FR1,0,Center,286,348,99,41,0,0,,,,,,,,,,,,,,,,,
2026-07-16 19:52:42,17041.724609,B8DB8AF16E20,0002,male,C57BL/6,1.1.1,FR1,0,Center,286,348,99,42,0,0,,,,,,,,,,,,,,,,,
2026-07-16 19:52:54,17053.740234,B8DB8AF16E20,0002,male,C57BL/6,1.1.1,FR1,0,Left,286,349,99,42,0,0,,,,,,,,,,,,,,,,,
2026-07-16 19:52:59,17059.058594,B8DB8AF16E20,0002,male,C57BL/6,1.1.1,FR1,0,PelletDrop,287,349,99,42,0,0,,,,,,,,,,,,,,,,,
2026-07-16 19:53:13,17072.285156,B8DB8AF16E20,0002,male,C57BL/6,1.1.1,FR1,0,PelletTaken,287,349,99,42,0,0,12.368,21.000,0,2,,,,,,,,,,,,,
2026-07-16 19:53:54,17114.058594,B8DB8AF16E20,0002,male,C57BL/6,1.1.1,FR1,0,Left,287,350,99,42,0,0,,,,,,,,,,,,,,,,,
2026-07-16 19:54:00,17119.328125,B8DB8AF16E20,0002,male,C57BL/6,1.1.1,FR1,0,PelletDrop,288,350,99,42,0,0,,,,,,,,,,,,,,,,,
2026-07-16 19:54:09,17128.957031,B8DB8AF16E20,0002,male,C57BL/6,1.1.1,FR1,0,PelletTaken,288,350,99,42,0,0,8.783,763.000,0,2,,,,,,,,,,,,,
2026-07-16 19:54:46,17165.666016,B8DB8AF16E20,0002,male,C57BL/6,1.1.1,FR1,0,Center,288,350,99,43,0,0,,,,,,,,,,,,,,,,,
2026-07-16 19:54:49,17168.974609,B8DB8AF16E20,0002,male,C57BL/6,1.1.1,FR1,0,Left,288,351,99,43,0,0,,,,,,,,,,,,,,,,,
2026-07-16 19:54:55,17174.291016,B8DB8AF16E20,0002,male,C57BL/6,1.1.1,FR1,0,PelletDrop,289,351,99,43,0,0,,,,,,,,,,,,,,,,,
2026-07-16 19:55:05,17184.710938,B8DB8AF16E20,0002,male,C57BL/6,1.1.1,FR1,0,PelletTaken,289,351,99,43,0,0,9.575,1768.000,0,2,,,,,,,,,,,,,
2026-07-16 19:55:31,17210.560547,B8DB8AF16E20,0002,male,C57BL/6,1.1.1,FR1,0,Center,289,351,99,44,0,0,,,,,,,,,,,,,,,,,
2026-07-16 19:55:59,17239.171875,B8DB8AF16E20,0002,male,C57BL/6,1.1.1,FR1,0,Center,289,351,99,45,0,0,,,,,,,,,,,,,,,,,
2026-07-16 19:56:04,17243.361328,B8DB8AF16E20,0002,male,C57BL/6,1.1.1,FR1,0,Center,289,351,99,46,0,0,,,,,,,,,,,,,,,,,
2026-07-16 19:56:18,17257.888672,B8DB8AF16E20,0002,male,C57BL/6,1.1.1,FR1,0,Left,289,352,99,46,0,0,,,,,,,,,,,,,,,,,
2026-07-16 19:56:23,17263.222656,B8DB8AF16E20,0002,male,C57BL/6,1.1.1,FR1,0,PelletDrop,290,352,99,46,0,0,,,,,,,,,,,,,,,,,
2026-07-16 19:56:35,17274.873047,B8DB8AF16E20,0002,male,C57BL/6,1.1.1,FR1,0,PelletTaken,290,352,99,46,0,0,10.807,21.000,0,2,,,,,,,,,,,,,
2026-07-16 19:59:24,17444.095703,B8DB8AF16E20,0002,male,C57BL/6,1.1.1,FR1,0,Status,290,352,99,46,0,0,,,,,Disabled,25.0,42.4,1013.2,12.9,0.000,0.000,247724,339964,178252,3610,4.07,87.21
2026-07-16 20:10:15,18095.707031,B8DB8AF16E20,0002,male,C57BL/6,1.1.1,FR1,0,Status,290,352,99,46,0,0,,,,,Disabled,25.0,42.5,1013.2,12.9,0.000,0.000,247724,339964,178252,3747,4.08,87.06
2026-07-16 20:20:57,18738.326172,B8DB8AF16E20,0002,male,C57BL/6,1.1.1,FR1,0,Status,290,352,99,46,0,0,,,,,Disabled,25.0,42.7,1013.2,12.9,0.000,0.000,247724,339964,178252,3884,4.07,87.06
2026-07-16 20:24:18,18939.445312,B8DB8AF16E20,0002,male,C57BL/6,1.1.1,FR1,0,Left,290,353,99,46,0,0,,,,,,,,,,,,,,,,,
2026-07-16 20:24:24,18944.761719,B8DB8AF16E20,0002,male,C57BL/6,1.1.1,FR1,0,PelletDrop,291,353,99,46,0,0,,,,,,,,,,,,,,,,,
2026-07-16 20:24:36,18956.724609,B8DB8AF16E20,0002,male,C57BL/6,1.1.1,FR1,0,PelletTaken,291,353,99,46,0,0,11.104,116.000,0,2,,,,,,,,,,,,,
2026-07-16 20:25:51,19032.609375,B8DB8AF16E20,0002,male,C57BL/6,1.1.1,FR1,0,Left,291,354,99,46,0,0,,,,,,,,,,,,,,,,,
2026-07-16 20:25:57,19037.927734,B8DB8AF16E20,0002,male,C57BL/6,1.1.1,FR1,0,PelletDrop,292,354,99,46,0,0,,,,,,,,,,,,,,,,,
2026-07-16 20:26:06,19047.498047,B8DB8AF16E20,0002,male,C57BL/6,1.1.1,FR1,0,PelletTaken,292,354,99,46,0,0,8.727,143.000,0,2,,,,,,,,,,,,,
2026-07-16 20:26:33,19074.470703,B8DB8AF16E20,0002,male,C57BL/6,1.1.1,FR1,0,Left,292,355,99,46,0,0,,,,,,,,,,,,,,,,,
2026-07-16 20:26:41,19082.005859,B8DB8AF16E20,0002,male,C57BL/6,1.1.1,FR1,0,PelletDrop,293,355,99,46,0,0,,,,,,,,,,,,,,,,,
2026-07-16 20:27:00,19101.345703,B8DB8AF16E20,0002,male,C57BL/6,1.1.1,FR1,0,PelletTaken,293,355,99,46,0,0,18.495,744.000,0,3,,,,,,,,,,,,,
2026-07-16 20:31:39,19380.855469,B8DB8AF16E20,0002,male,C57BL/6,1.1.1,FR1,0,Status,293,355,99,46,0,0,,,,,Disabled,25.0,42.7,1013.2,12.9,0.000,0.000,247724,339964,178252,4009,4.07,86.92
2026-07-16 20:42:22,20024.498047,B8DB8AF16E20,0002,male,C57BL/6,1.1.1,FR1,0,Status,293,355,99,46,0,0,,,,,Disabled,25.0,42.9,1013.3,12.9,0.000,0.000,247724,339964,178252,4146,4.08,86.92
2026-07-16 20:49:26,20448.222656,B8DB8AF16E20,0002,male,C57BL/6,1.1.1,FR1,0,Center,293,355,99,47,0,0,,,,,,,,,,,,,,,,,
2026-07-16 20:49:39,20461.130859,B8DB8AF16E20,0002,male,C57BL/6,1.1.1,FR1,0,Center,293,355,99,48,0,0,,,,,,,,,,,,,,,,,
2026-07-16 20:53:03,20666.140625,B8DB8AF16E20,0002,male,C57BL/6,1.1.1,FR1,0,Status,293,355,99,48,0,0,,,,,Disabled,25.0,43.6,1013.3,12.8,0.000,0.000,247724,339964,178252,4285,4.07,86.92
2026-07-16 20:53:08,20670.595703,B8DB8AF16E20,0002,male,C57BL/6,1.1.1,FR1,0,Left,293,356,99,48,0,0,,,,,,,,,,,,,,,,,
2026-07-16 20:53:13,20675.912109,B8DB8AF16E20,0002,male,C57BL/6,1.1.1,FR1,0,PelletDrop,294,356,99,48,0,0,,,,,,,,,,,,,,,,,
2026-07-16 20:53:21,20683.537109,B8DB8AF16E20,0002,male,C57BL/6,1.1.1,FR1,0,PelletTaken,294,356,99,48,0,0,6.781,96.000,0,2,,,,,,,,,,,,,
2026-07-16 20:53:40,20702.636719,B8DB8AF16E20,0002,male,C57BL/6,1.1.1,FR1,0,Left,294,357,99,48,0,0,,,,,,,,,,,,,,,,,
2026-07-16 20:53:45,20707.953125,B8DB8AF16E20,0002,male,C57BL/6,1.1.1,FR1,0,PelletDrop,295,357,99,48,0,0,,,,,,,,,,,,,,,,,
2026-07-16 20:53:53,20715.898438,B8DB8AF16E20,0002,male,C57BL/6,1.1.1,FR1,0,PelletTaken,295,357,99,48,0,0,7.099,30.000,0,2,,,,,,,,,,,,,
2026-07-16 20:54:28,20750.837891,B8DB8AF16E20,0002,male,C57BL/6,1.1.1,FR1,0,Left,295,358,99,48,0,0,,,,,,,,,,,,,,,,,
2026-07-16 20:54:31,20753.951172,B8DB8AF16E20,0002,male,C57BL/6,1.1.1,FR1,0,PelletDrop,296,358,99,48,0,0,,,,,,,,,,,,,,,,,
2026-07-16 20:54:51,20774.166016,B8DB8AF16E20,0002,male,C57BL/6,1.1.1,FR1,0,LeftWithPellet,296,358,99,48,0,0,,,,,,,,,,,,,,,,,
2026-07-16 20:54:52,20775.222656,B8DB8AF16E20,0002,male,C57BL/6,1.1.1,FR1,0,PelletTaken,296,358,99,48,0,0,TimedOut,4.000,0,1,,,,,,,,,,,,,
2026-07-16 20:55:00,20782.769531,B8DB8AF16E20,0002,male,C57BL/6,1.1.1,FR1,0,Left,296,359,99,48,0,0,,,,,,,,,,,,,,,,,
2026-07-16 20:55:06,20788.634766,B8DB8AF16E20,0002,male,C57BL/6,1.1.1,FR1,0,LeftWithPellet,296,359,99,48,0,0,,,,,,,,,,,,,,,,,
2026-07-16 20:55:14,20796.640625,B8DB8AF16E20,0002,male,C57BL/6,1.1.1,FR1,0,LeftWithPellet,296,360,99,48,0,0,,,,,,,,,,,,,,,,,
2026-07-16 20:55:28,20810.664062,B8DB8AF16E20,0002,male,C57BL/6,1.1.1,FR1,0,Right,296,360,100,48,0,0,,,,,,,,,,,,,,,,,
2026-07-16 20:57:09,20912.134766,B8DB8AF16E20,0002,male,C57BL/6,1.1.1,FR1,0,Center,296,360,100,49,0,0,,,,,,,,,,,,,,,,,
2026-07-16 20:57:25,20928.353516,B8DB8AF16E20,0002,male,C57BL/6,1.1.1,FR1,0,Center,296,360,100,50,0,0,,,,,,,,,,,,,,,,,
2026-07-16 20:57:28,20931.050781,B8DB8AF16E20,0002,male,C57BL/6,1.1.1,FR1,0,Center,296,360,100,51,0,0,,,,,,,,,,,,,,,,,
2026-07-16 20:57:31,20933.560547,B8DB8AF16E20,0002,male,C57BL/6,1.1.1,FR1,0,Left,296,361,100,51,0,0,,,,,,,,,,,,,,,,,
2026-07-16 20:57:38,20941.095703,B8DB8AF16E20,0002,male,C57BL/6,1.1.1,FR1,0,PelletDrop,297,361,100,51,0,0,,,,,,,,,,,,,,,,,
2026-07-16 20:57:45,20947.763672,B8DB8AF16E20,0002,male,C57BL/6,1.1.1,FR1,0,PelletTaken,297,361,100,51,0,0,5.823,21.000,0,3,,,,,,,,,,,,,
2026-07-16 20:58:11,20974.103516,B8DB8AF16E20,0002,male,C57BL/6,1.1.1,FR1,0,Left,297,362,100,51,0,0,,,,,,,,,,,,,,,,,
2026-07-16 20:58:16,20979.431641,B8DB8AF16E20,0002,male,C57BL/6,1.1.1,FR1,0,PelletDrop,298,362,100,51,0,0,,,,,,,,,,,,,,,,,
2026-07-16 20:58:29,20991.785156,B8DB8AF16E20,0002,male,C57BL/6,1.1.1,FR1,0,PelletTaken,298,362,100,51,0,0,11.510,350.000,0,2,,,,,,,,,,,,,
2026-07-16 20:59:02,21024.847656,B8DB8AF16E20,0002,male,C57BL/6,1.1.1,FR1,0,Left,298,363,100,51,0,0,,,,,,,,,,,,,,,,,
2026-07-16 20:59:09,21032.408203,B8DB8AF16E20,0002,male,C57BL/6,1.1.1,FR1,0,PelletDrop,299,363,100,51,0,0,,,,,,,,,,,,,,,,,
2026-07-16 20:59:16,21038.812500,B8DB8AF16E20,0002,male,C57BL/6,1.1.1,FR1,0,PelletTaken,299,363,100,51,0,0,5.560,181.000,0,3,,,,,,,,,,,,,
2026-07-16 21:03:50,21313.630859,B8DB8AF16E20,0002,male,C57BL/6,1.1.1,FR1,0,Status,299,363,100,51,0,0,,,,,Disabled,25.0,42.8,1013.3,12.8,0.000,0.000,247724,339964,178252,4402,4.07,86.78
2026-07-16 21:11:19,21763.025391,B8DB8AF16E20,0002,male,C57BL/6,1.1.1,FR1,0,Right,299,363,101,51,0,0,,,,,,,,,,,,,,,,,
2026-07-16 21:14:38,21962.283203,B8DB8AF16E20,0002,male,C57BL/6,1.1.1,FR1,0,Status,299,363,101,51,0,0,,,,,Disabled,25.1,43.0,1013.4,12.8,0.000,0.000,247724,339964,178252,4540,4.07,86.78
2026-07-16 21:17:37,22140.955078,B8DB8AF16E20,0002,male,C57BL/6,1.1.1,FR1,0,Right,299,363,102,51,0,0,,,,,,,,,,,,,,,,,
2026-07-16 21:25:25,22609.892578,B8DB8AF16E20,0002,male,C57BL/6,1.1.1,FR1,0,Status,299,363,102,51,0,0,,,,,Disabled,25.1,43.3,1013.5,12.8,0.000,0.000,247724,339964,178252,4677,4.06,86.78
2026-07-16 21:26:00,22645.394531,B8DB8AF16E20,0002,male,C57BL/6,1.1.1,FR1,0,Right,299,363,103,51,0,0,,,,,,,,,,,,,,,,,
2026-07-16 21:26:02,22646.691406,B8DB8AF16E20,0002,male,C57BL/6,1.1.1,FR1,0,Right,299,363,104,51,0,0,,,,,,,,,,,,,,,,,
2026-07-16 21:26:09,22653.656250,B8DB8AF16E20,0002,male,C57BL/6,1.1.1,FR1,0,Left,299,364,104,51,0,0,,,,,,,,,,,,,,,,,
2026-07-16 21:26:14,22658.972656,B8DB8AF16E20,0002,male,C57BL/6,1.1.1,FR1,0,PelletDrop,300,364,104,51,0,0,,,,,,,,,,,,,,,,,
2026-07-16 21:26:23,22667.712891,B8DB8AF16E20,0002,male,C57BL/6,1.1.1,FR1,0,PelletTaken,300,364,104,51,0,0,7.880,22.000,0,2,,,,,,,,,,,,,
2026-07-16 21:26:40,22685.505859,B8DB8AF16E20,0002,male,C57BL/6,1.1.1,FR1,0,Left,300,365,104,51,0,0,,,,,,,,,,,,,,,,,
2026-07-16 21:26:44,22688.603516,B8DB8AF16E20,0002,male,C57BL/6,1.1.1,FR1,0,PelletDrop,301,365,104,51,0,0,,,,,,,,,,,,,,,,,
2026-07-16 21:26:45,22690.042969,B8DB8AF16E20,0002,male,C57BL/6,1.1.1,FR1,0,PelletNotDetected,301,365,104,51,0,0,,,,,,,,,,,,,,,,,
2026-07-16 21:27:21,22725.876953,B8DB8AF16E20,0002,male,C57BL/6,1.1.1,FR1,0,Left,301,366,104,51,0,0,,,,,,,,,,,,,,,,,
2026-07-16 21:27:30,22735.335938,B8DB8AF16E20,0002,male,C57BL/6,1.1.1,FR1,0,PelletDrop,302,366,104,51,0,0,,,,,,,,,,,,,,,,,
2026-07-16 21:27:35,22740.121094,B8DB8AF16E20,0002,male,C57BL/6,1.1.1,FR1,0,PelletTaken,302,366,104,51,0,0,3.942,208.000,0,4,,,,,,,,,,,,,
2026-07-16 21:27:59,22764.238281,B8DB8AF16E20,0002,male,C57BL/6,1.1.1,FR1,0,Left,302,367,104,51,0,0,,,,,,,,,,,,,,,,,
2026-07-16 21:28:11,22775.980469,B8DB8AF16E20,0002,male,C57BL/6,1.1.1,FR1,0,PelletDrop,303,367,104,51,0,0,,,,,,,,,,,,,,,,,
2026-07-16 21:28:30,22795.507812,B8DB8AF16E20,0002,male,C57BL/6,1.1.1,FR1,0,PelletTaken,303,367,104,51,0,0,18.683,31.000,0,4,,,,,,,,,,,,,
2026-07-16 21:29:13,22838.621094,B8DB8AF16E20,0002,male,C57BL/6,1.1.1,FR1,0,Left,303,368,104,51,0,0,,,,,,,,,,,,,,,,,
2026-07-16 21:29:18,22842.695312,B8DB8AF16E20,0002,male,C57BL/6,1.1.1,FR1,0,PelletDrop,304,368,104,51,0,0,,,,,,,,,,,,,,,,,
2026-07-16 21:29:19,22843.660156,B8DB8AF16E20,0002,male,C57BL/6,1.1.1,FR1,0,PelletTaken,304,368,104,51,0,0,0.104,409.000,0,1,,,,,,,,,,,,,
2026-07-16 21:29:42,22867.220703,B8DB8AF16E20,0002,male,C57BL/6,1.1.1,FR1,0,Left,304,369,104,51,0,0,,,,,,,,,,,,,,,,,
2026-07-16 21:29:47,22872.537109,B8DB8AF16E20,0002,male,C57BL/6,1.1.1,FR1,0,PelletDrop,305,369,104,51,0,0,,,,,,,,,,,,,,,,,
2026-07-16 21:29:57,22882.318359,B8DB8AF16E20,0002,male,C57BL/6,1.1.1,FR1,0,PelletTaken,305,369,104,51,0,0,8.937,143.000,0,2,,,,,,,,,,,,,
2026-07-16 21:32:55,23060.652344,B8DB8AF16E20,0002,male,C57BL/6,1.1.1,FR1,0,Right,305,369,105,51,0,0,,,,,,,,,,,,,,,,,
2026-07-16 21:36:15,23260.347656,B8DB8AF16E20,0002,male,C57BL/6,1.1.1,FR1,0,Status,305,369,105,51,0,0,,,,,Disabled,25.1,42.9,1013.5,12.8,0.000,0.000,247724,339964,178252,4798,4.07,86.49
2026-07-16 21:40:10,23495.429688,B8DB8AF16E20,0002,male,C57BL/6,1.1.1,FR1,0,Center,305,369,105,52,0,0,,,,,,,,,,,,,,,,,
2026-07-16 21:40:13,23499.054688,B8DB8AF16E20,0002,male,C57BL/6,1.1.1,FR1,0,Left,305,370,105,52,0,0,,,,,,,,,,,,,,,,,
2026-07-16 21:40:17,23502.363281,B8DB8AF16E20,0002,male,C57BL/6,1.1.1,FR1,0,PelletDrop,306,370,105,52,0,0,,,,,,,,,,,,,,,,,
2026-07-16 21:40:18,23503.812500,B8DB8AF16E20,0002,male,C57BL/6,1.1.1,FR1,0,PelletNotDetected,306,370,105,52,0,0,,,,,,,,,,,,,,,,,
2026-07-16 21:46:58,23904.003906,B8DB8AF16E20,0002,male,C57BL/6,1.1.1,FR1,0,Status,306,370,105,52,0,0,,,,,Disabled,25.1,43.2,1013.6,12.8,0.000,0.000,247724,339964,178252,4934,4.06,86.49
2026-07-16 21:54:46,24372.158203,B8DB8AF16E20,0002,male,C57BL/6,1.1.1,FR1,0,Right,306,370,106,52,0,0,,,,,,,,,,,,,,,,,
2026-07-16 21:57:47,24553.574219,B8DB8AF16E20,0002,male,C57BL/6,1.1.1,FR1,0,Status,306,370,106,52,0,0,,,,,Disabled,25.1,43.2,1013.7,12.8,0.000,0.000,247724,339964,178252,5071,4.07,86.49
2026-07-16 22:07:20,25126.857422,B8DB8AF16E20,0002,male,C57BL/6,1.1.1,FR1,0,Right,306,370,107,52,0,0,,,,,,,,,,,,,,,,,
2026-07-16 22:08:34,25201.001953,B8DB8AF16E20,0002,male,C57BL/6,1.1.1,FR1,0,Left,306,371,107,52,0,0,,,,,,,,,,,,,,,,,
2026-07-16 22:08:39,25206.089844,B8DB8AF16E20,0002,male,C57BL/6,1.1.1,FR1,0,PelletDrop,307,371,107,52,0,0,,,,,,,,,,,,,,,,,
2026-07-16 22:08:46,25212.615234,B8DB8AF16E20,0002,male,C57BL/6,1.1.1,FR1,0,PelletTaken,307,371,107,52,0,0,5.681,31.000,0,3,,,,,,,,,,,,,
2026-07-16 22:08:54,25220.599609,B8DB8AF16E20,0002,male,C57BL/6,1.1.1,FR1,0,Status,307,371,107,52,0,0,,,,,Disabled,25.1,43.0,1013.7,12.8,0.000,0.000,247724,339964,178252,5210,4.06,86.34
2026-07-16 22:09:25,25252.246094,B8DB8AF16E20,0002,male,C57BL/6,1.1.1,FR1,0,Left,307,372,107,52,0,0,,,,,,,,,,,,,,,,,
2026-07-16 22:09:31,25257.589844,B8DB8AF16E20,0002,male,C57BL/6,1.1.1,FR1,0,PelletDrop,308,372,107,52,0,0,,,,,,,,,,,,,,,,,
2026-07-16 22:09:37,25263.806641,B8DB8AF16E20,0002,male,C57BL/6,1.1.1,FR1,0,PelletTaken,308,372,107,52,0,0,5.373,13.000,0,2,,,,,,,,,,,,,
2026-07-16 22:10:05,25292.246094,B8DB8AF16E20,0002,male,C57BL/6,1.1.1,FR1,0,Left,308,373,107,52,0,0,,,,,,,,,,,,,,,,,
2026-07-16 22:10:11,25297.564453,B8DB8AF16E20,0002,male,C57BL/6,1.1.1,FR1,0,PelletDrop,309,373,107,52,0,0,,,,,,,,,,,,,,,,,
2026-07-16 22:10:18,25304.732422,B8DB8AF16E20,0002,male,C57BL/6,1.1.1,FR1,0,PelletTaken,309,373,107,52,0,0,6.308,144.000,0,2,,,,,,,,,,,,,
2026-07-16 22:10:46,25332.806641,B8DB8AF16E20,0002,male,C57BL/6,1.1.1,FR1,0,Left,309,374,107,52,0,0,,,,,,,,,,,,,,,,,
2026-07-16 22:10:51,25338.123047,B8DB8AF16E20,0002,male,C57BL/6,1.1.1,FR1,0,PelletDrop,310,374,107,52,0,0,,,,,,,,,,,,,,,,,
2026-07-16 22:10:58,25345.318359,B8DB8AF16E20,0002,male,C57BL/6,1.1.1,FR1,0,PelletTaken,310,374,107,52,0,0,6.351,189.000,0,2,,,,,,,,,,,,,
2026-07-16 22:11:20,25367.503906,B8DB8AF16E20,0002,male,C57BL/6,1.1.1,FR1,0,Left,310,375,107,52,0,0,,,,,,,,,,,,,,,,,
2026-07-16 22:11:26,25372.820312,B8DB8AF16E20,0002,male,C57BL/6,1.1.1,FR1,0,PelletDrop,311,375,107,52,0,0,,,,,,,,,,,,,,,,,
2026-07-16 22:11:38,25385.494141,B8DB8AF16E20,0002,male,C57BL/6,1.1.1,FR1,0,PelletTaken,311,375,107,52,0,0,11.829,11.000,0,2,,,,,,,,,,,,,
2026-07-16 22:12:20,25427.525391,B8DB8AF16E20,0002,male,C57BL/6,1.1.1,FR1,0,Left,311,376,107,52,0,0,,,,,,,,,,,,,,,,,
2026-07-16 22:12:26,25432.869141,B8DB8AF16E20,0002,male,C57BL/6,1.1.1,FR1,0,PelletDrop,312,376,107,52,0,0,,,,,,,,,,,,,,,,,
2026-07-16 22:12:35,25442.132812,B8DB8AF16E20,0002,male,C57BL/6,1.1.1,FR1,0,PelletTaken,312,376,107,52,0,0,8.419,143.000,0,2,,,,,,,,,,,,,
2026-07-16 22:19:30,25857.734375,B8DB8AF16E20,0002,male,C57BL/6,1.1.1,FR1,0,Status,312,376,107,52,0,0,,,,,Disabled,25.1,42.9,1013.7,12.9,0.000,0.000,247724,339964,178252,5330,4.08,86.20
2026-07-16 22:19:49,25877.316406,B8DB8AF16E20,0002,male,C57BL/6,1.1.1,FR1,0,Center,312,376,107,53,0,0,,,,,,,,,,,,,,,,,
2026-07-16 22:20:00,25887.589844,B8DB8AF16E20,0002,male,C57BL/6,1.1.1,FR1,0,Center,312,376,107,54,0,0,,,,,,,,,,,,,,,,,
2026-07-16 22:23:17,26085.689453,B8DB8AF16E20,0002,male,C57BL/6,1.1.1,FR1,0,Center,312,376,107,55,0,0,,,,,,,,,,,,,,,,,
2026-07-16 22:23:20,26088.583984,B8DB8AF16E20,0002,male,C57BL/6,1.1.1,FR1,0,Right,312,376,108,55,0,0,,,,,,,,,,,,,,,,,
2026-07-16 22:23:22,26090.072266,B8DB8AF16E20,0002,male,C57BL/6,1.1.1,FR1,0,Center,312,376,108,56,0,0,,,,,,,,,,,,,,,,,
2026-07-16 22:30:23,26511.361328,B8DB8AF16E20,0002,male,C57BL/6,1.1.1,FR1,0,Status,312,376,108,56,0,0,,,,,Disabled,25.1,43.1,1013.7,12.9,0.000,0.000,247724,339964,178252,5470,4.06,86.06
2026-07-16 22:37:04,26912.640625,B8DB8AF16E20,0002,male,C57BL/6,1.1.1,FR1,0,Center,312,376,108,57,0,0,,,,,,,,,,,,,,,,,
2026-07-16 22:37:39,26947.664062,B8DB8AF16E20,0002,male,C57BL/6,1.1.1,FR1,0,Center,312,376,108,58,0,0,,,,,,,,,,,,,,,,,
2026-07-16 22:37:41,26949.480469,B8DB8AF16E20,0002,male,C57BL/6,1.1.1,FR1,0,Center,312,376,108,59,0,0,,,,,,,,,,,,,,,,,
2026-07-16 22:41:15,27163.990234,B8DB8AF16E20,0002,male,C57BL/6,1.1.1,FR1,0,Status,312,376,108,59,0,0,,,,,Disabled,25.1,43.4,1013.8,12.8,0.000,0.000,247724,339964,178252,5610,4.07,86.06
2026-07-16 22:45:25,27413.859375,B8DB8AF16E20,0002,male,C57BL/6,1.1.1,FR1,0,Left,312,377,108,59,0,0,,,,,,,,,,,,,,,,,
2026-07-16 22:45:28,27416.980469,B8DB8AF16E20,0002,male,C57BL/6,1.1.1,FR1,0,PelletDrop,313,377,108,59,0,0,,,,,,,,,,,,,,,,,
2026-07-16 22:45:29,27418.457031,B8DB8AF16E20,0002,male,C57BL/6,1.1.1,FR1,0,PelletNotDetected,313,377,108,59,0,0,,,,,,,,,,,,,,,,,
2026-07-16 22:48:32,27601.589844,B8DB8AF16E20,0002,male,C57BL/6,1.1.1,FR1,0,Center,313,377,108,60,0,0,,,,,,,,,,,,,,,,,
2026-07-16 22:48:38,27607.052734,B8DB8AF16E20,0002,male,C57BL/6,1.1.1,FR1,0,Left,313,378,108,60,0,0,,,,,,,,,,,,,,,,,
2026-07-16 22:48:43,27612.343750,B8DB8AF16E20,0002,male,C57BL/6,1.1.1,FR1,0,PelletDrop,314,378,108,60,0,0,,,,,,,,,,,,,,,,,
2026-07-16 22:48:50,27619.478516,B8DB8AF16E20,0002,male,C57BL/6,1.1.1,FR1,0,PelletTaken,314,378,108,60,0,0,6.253,50.000,0,3,,,,,,,,,,,,,
2026-07-16 22:49:11,27640.394531,B8DB8AF16E20,0002,male,C57BL/6,1.1.1,FR1,0,Left,314,379,108,60,0,0,,,,,,,,,,,,,,,,,
2026-07-16 22:49:16,27645.734375,B8DB8AF16E20,0002,male,C57BL/6,1.1.1,FR1,0,PelletDrop,315,379,108,60,0,0,,,,,,,,,,,,,,,,,
2026-07-16 22:49:24,27653.515625,B8DB8AF16E20,0002,male,C57BL/6,1.1.1,FR1,0,PelletTaken,315,379,108,60,0,0,6.913,267.000,0,2,,,,,,,,,,,,,
2026-07-16 22:49:48,27676.837891,B8DB8AF16E20,0002,male,C57BL/6,1.1.1,FR1,0,Left,315,380,108,60,0,0,,,,,,,,,,,,,,,,,
2026-07-16 22:49:51,27679.958984,B8DB8AF16E20,0002,male,C57BL/6,1.1.1,FR1,0,PelletDrop,316,380,108,60,0,0,,,,,,,,,,,,,,,,,
2026-07-16 22:49:52,27681.419922,B8DB8AF16E20,0002,male,C57BL/6,1.1.1,FR1,0,PelletNotDetected,316,380,108,60,0,0,,,,,,,,,,,,,,,,,
2026-07-16 22:52:09,27818.537109,B8DB8AF16E20,0002,male,C57BL/6,1.1.1,FR1,0,Status,316,380,108,60,0,0,,,,,Disabled,25.1,43.0,1013.8,12.8,0.000,0.000,247724,339964,178252,5742,4.06,85.91
2026-07-16 23:03:03,28473.183594,B8DB8AF16E20,0002,male,C57BL/6,1.1.1,FR1,0,Status,316,380,108,60,0,0,,,,,Disabled,25.1,43.1,1013.9,12.8,0.000,0.000,247724,339964,178252,5879,4.06,85.91
2026-07-16 23:04:00,28530.748047,B8DB8AF16E20,0002,male,C57BL/6,1.1.1,FR1,0,Center,316,380,108,61,0,0,,,,,,,,,,,,,,,,,
2026-07-16 23:04:04,28534.314453,B8DB8AF16E20,0002,male,C57BL/6,1.1.1,FR1,0,Center,316,380,108,62,0,0,,,,,,,,,,,,,,,,,
2026-07-16 23:04:38,28569.044922,B8DB8AF16E20,0002,male,C57BL/6,1.1.1,FR1,0,Center,316,380,108,63,0,0,,,,,,,,,,,,,,,,,
2026-07-16 23:04:42,28572.453125,B8DB8AF16E20,0002,male,C57BL/6,1.1.1,FR1,0,Center,316,380,108,64,0,0,,,,,,,,,,,,,,,,,
2026-07-16 23:04:51,28581.566406,B8DB8AF16E20,0002,male,C57BL/6,1.1.1,FR1,0,Center,316,380,108,65,0,0,,,,,,,,,,,,,,,,,
2026-07-16 23:04:53,28583.390625,B8DB8AF16E20,0002,male,C57BL/6,1.1.1,FR1,0,Center,316,380,108,66,0,0,,,,,,,,,,,,,,,,,
2026-07-16 23:05:51,28642.169922,B8DB8AF16E20,0002,male,C57BL/6,1.1.1,FR1,0,Center,316,380,108,67,0,0,,,,,,,,,,,,,,,,,
2026-07-16 23:06:03,28653.302734,B8DB8AF16E20,0002,male,C57BL/6,1.1.1,FR1,0,Center,316,380,108,68,0,0,,,,,,,,,,,,,,,,,
2026-07-16 23:06:15,28665.953125,B8DB8AF16E20,0002,male,C57BL/6,1.1.1,FR1,0,Right,316,380,109,68,0,0,,,,,,,,,,,,,,,,,
2026-07-16 23:06:52,28702.242188,B8DB8AF16E20,0002,male,C57BL/6,1.1.1,FR1,0,Center,316,380,109,69,0,0,,,,,,,,,,,,,,,,,
2026-07-16 23:12:11,29021.927734,B8DB8AF16E20,0002,male,C57BL/6,1.1.1,FR1,0,Right,316,380,110,69,0,0,,,,,,,,,,,,,,,,,
2026-07-16 23:12:19,29029.753906,B8DB8AF16E20,0002,male,C57BL/6,1.1.1,FR1,0,Center,316,380,110,70,0,0,,,,,,,,,,,,,,,,,
2026-07-16 23:13:53,29123.695312,B8DB8AF16E20,0002,male,C57BL/6,1.1.1,FR1,0,Status,316,380,110,70,0,0,,,,,Disabled,25.1,43.4,1013.9,12.9,0.000,0.000,247724,339964,178252,6023,4.06,85.77
2026-07-16 23:18:53,29424.175781,B8DB8AF16E20,0002,male,C57BL/6,1.1.1,FR1,0,Left,316,381,110,70,0,0,,,,,,,,,,,,,,,,,
2026-07-16 23:18:59,29429.466797,B8DB8AF16E20,0002,male,C57BL/6,1.1.1,FR1,0,PelletDrop,317,381,110,70,0,0,,,,,,,,,,,,,,,,,
2026-07-16 23:19:09,29440.287109,B8DB8AF16E20,0002,male,C57BL/6,1.1.1,FR1,0,PelletTaken,317,381,110,70,0,0,9.937,32.000,0,3,,,,,,,,,,,,,
2026-07-16 23:19:38,29469.392578,B8DB8AF16E20,0002,male,C57BL/6,1.1.1,FR1,0,Left,317,382,110,70,0,0,,,,,,,,,,,,,,,,,
2026-07-16 23:19:44,29474.732422,B8DB8AF16E20,0002,male,C57BL/6,1.1.1,FR1,0,PelletDrop,318,382,110,70,0,0,,,,,,,,,,,,,,,,,
2026-07-16 23:19:50,29480.994141,B8DB8AF16E20,0002,male,C57BL/6,1.1.1,FR1,0,PelletTaken,318,382,110,70,0,0,5.394,20.000,0,2,,,,,,,,,,,,,
2026-07-16 23:20:22,29512.904297,B8DB8AF16E20,0002,male,C57BL/6,1.1.1,FR1,0,Left,318,383,110,70,0,0,,,,,,,,,,,,,,,,,
2026-07-16 23:20:27,29518.255859,B8DB8AF16E20,0002,male,C57BL/6,1.1.1,FR1,0,PelletDrop,319,383,110,70,0,0,,,,,,,,,,,,,,,,,
2026-07-16 23:20:35,29525.671875,B8DB8AF16E20,0002,male,C57BL/6,1.1.1,FR1,0,PelletTaken,319,383,110,70,0,0,6.549,152.000,0,2,,,,,,,,,,,,,
2026-07-16 23:21:13,29563.851562,B8DB8AF16E20,0002,male,C57BL/6,1.1.1,FR1,0,Left,319,384,110,70,0,0,,,,,,,,,,,,,,,,,
2026-07-16 23:21:18,29569.205078,B8DB8AF16E20,0002,male,C57BL/6,1.1.1,FR1,0,PelletDrop,320,384,110,70,0,0,,,,,,,,,,,,,,,,,
2026-07-16 23:21:31,29581.750000,B8DB8AF16E20,0002,male,C57BL/6,1.1.1,FR1,0,PelletTaken,320,384,110,70,0,0,11.676,210.000,0,2,,,,,,,,,,,,,
2026-07-16 23:24:42,29772.267578,B8DB8AF16E20,0002,male,C57BL/6,1.1.1,FR1,0,Status,320,384,110,70,0,0,,,,,Disabled,25.1,43.0,1014.0,12.9,0.000,0.000,247724,339964,178252,6151,4.06,85.77
2026-07-16 23:30:25,30115.875000,B8DB8AF16E20,0002,male,C57BL/6,1.1.1,FR1,0,Left,320,385,110,70,0,0,,,,,,,,,,,,,,,,,
2026-07-16 23:30:30,30121.214844,B8DB8AF16E20,0002,male,C57BL/6,1.1.1,FR1,0,PelletDrop,321,385,110,70,0,0,,,,,,,,,,,,,,,,,
2026-07-16 23:30:44,30135.023438,B8DB8AF16E20,0002,male,C57BL/6,1.1.1,FR1,0,PelletTaken,321,385,110,70,0,0,12.941,58.000,0,2,,,,,,,,,,,,,
2026-07-16 23:31:13,30163.673828,B8DB8AF16E20,0002,male,C57BL/6,1.1.1,FR1,0,Left,321,386,110,70,0,0,,,,,,,,,,,,,,,,,
2026-07-16 23:31:18,30169.029297,B8DB8AF16E20,0002,male,C57BL/6,1.1.1,FR1,0,PelletDrop,322,386,110,70,0,0,,,,,,,,,,,,,,,,,
2026-07-16 23:31:27,30177.767578,B8DB8AF16E20,0002,male,C57BL/6,1.1.1,FR1,0,PelletTaken,322,386,110,70,0,0,7.869,30.000,0,2,,,,,,,,,,,,,
2026-07-16 23:35:29,30420.787109,B8DB8AF16E20,0002,male,C57BL/6,1.1.1,FR1,0,Status,322,386,110,70,0,0,,,,,Disabled,25.1,43.2,1014.1,12.9,0.000,0.000,247724,339964,178252,6281,4.05,85.63
2026-07-16 23:36:37,30488.509766,B8DB8AF16E20,0002,male,C57BL/6,1.1.1,FR1,0,Right,322,386,111,70,0,0,,,,,,,,,,,,,,,,,
2026-07-16 23:36:43,30494.738281,B8DB8AF16E20,0002,male,C57BL/6,1.1.1,FR1,0,Left,322,387,111,70,0,0,,,,,,,,,,,,,,,,,
2026-07-16 23:36:48,30500.078125,B8DB8AF16E20,0002,male,C57BL/6,1.1.1,FR1,0,PelletDrop,323,387,111,70,0,0,,,,,,,,,,,,,,,,,
2026-07-16 23:36:58,30510.123047,B8DB8AF16E20,0002,male,C57BL/6,1.1.1,FR1,0,PelletTaken,323,387,111,70,0,0,9.178,59.000,0,2,,,,,,,,,,,,,
2026-07-16 23:37:50,30562.363281,B8DB8AF16E20,0002,male,C57BL/6,1.1.1,FR1,0,Left,323,388,111,70,0,0,,,,,,,,,,,,,,,,,
2026-07-16 23:37:56,30567.718750,B8DB8AF16E20,0002,male,C57BL/6,1.1.1,FR1,0,PelletDrop,324,388,111,70,0,0,,,,,,,,,,,,,,,,,
2026-07-16 23:38:06,30578.019531,B8DB8AF16E20,0002,male,C57BL/6,1.1.1,FR1,0,PelletTaken,324,388,111,70,0,0,9.432,13.000,0,2,,,,,,,,,,,,,
2026-07-16 23:38:40,30611.570312,B8DB8AF16E20,0002,male,C57BL/6,1.1.1,FR1,0,Left,324,389,111,70,0,0,,,,,,,,,,,,,,,,,
2026-07-16 23:38:45,30616.910156,B8DB8AF16E20,0002,male,C57BL/6,1.1.1,FR1,0,PelletDrop,325,389,111,70,0,0,,,,,,,,,,,,,,,,,
2026-07-16 23:38:54,30626.486328,B8DB8AF16E20,0002,male,C57BL/6,1.1.1,FR1,0,PelletTaken,325,389,111,70,0,0,8.694,162.000,0,2,,,,,,,,,,,,,
2026-07-16 23:46:16,31068.445312,B8DB8AF16E20,0002,male,C57BL/6,1.1.1,FR1,0,Status,325,389,111,70,0,0,,,,,Disabled,25.1,43.3,1014.1,12.9,0.000,0.000,247724,339964,178252,6409,4.06,85.63
2026-07-16 23:56:49,31702.046875,B8DB8AF16E20,0002,male,C57BL/6,1.1.1,FR1,0,Status,325,389,111,70,0,0,,,,,Disabled,25.0,43.6,1014.2,13.0,0.000,0.000,247724,339964,178252,6546,4.06,85.48
2026-07-17 00:07:22,32335.689453,B8DB8AF16E20,0002,male,C57BL/6,1.1.1,FR1,0,Status,325,389,111,70,0,0,,,,,Disabled,24.9,43.6,1014.3,13.1,0.000,0.000,247724,339964,178252,6683,4.06,85.48
2026-07-17 00:18:10,32984.234375,B8DB8AF16E20,0002,male,C57BL/6,1.1.1,FR1,0,Status,325,389,111,70,0,0,,,,,Disabled,24.9,43.2,1014.3,13.1,0.000,0.000,247724,339964,178252,6820,4.05,85.34
2026-07-17 00:27:46,33560.308594,B8DB8AF16E20,0002,male,C57BL/6,1.1.1,FR1,0,Left,325,390,111,70,0,0,,,,,,,,,,,,,,,,,
2026-07-17 00:27:49,33563.445312,B8DB8AF16E20,0002,male,C57BL/6,1.1.1,FR1,0,PelletDrop,326,390,111,70,0,0,,,,,,,,,,,,,,,,,
2026-07-17 00:27:50,33564.902344,B8DB8AF16E20,0002,male,C57BL/6,1.1.1,FR1,0,PelletNotDetected,326,390,111,70,0,0,,,,,,,,,,,,,,,,,
2026-07-17 00:28:36,33610.316406,B8DB8AF16E20,0002,male,C57BL/6,1.1.1,FR1,0,Left,326,391,111,70,0,0,,,,,,,,,,,,,,,,,
2026-07-17 00:28:39,33613.386719,B8DB8AF16E20,0002,male,C57BL/6,1.1.1,FR1,0,PelletDrop,327,391,111,70,0,0,,,,,,,,,,,,,,,,,
2026-07-17 00:28:40,33614.359375,B8DB8AF16E20,0002,male,C57BL/6,1.1.1,FR1,0,PelletTaken,327,391,111,70,0,0,0.104,13.000,0,2,,,,,,,,,,,,,
2026-07-17 00:28:48,33622.390625,B8DB8AF16E20,0002,male,C57BL/6,1.1.1,FR1,0,Status,327,391,111,70,0,0,,,,,Disabled,24.8,43.2,1014.3,13.1,0.000,0.000,247724,339964,178252,6957,4.07,85.34
2026-07-17 00:30:04,33698.546875,B8DB8AF16E20,0002,male,C57BL/6,1.1.1,FR1,0,Left,327,392,111,70,0,0,,,,,,,,,,,,,,,,,
2026-07-17 00:30:11,33706.113281,B8DB8AF16E20,0002,male,C57BL/6,1.1.1,FR1,0,PelletDrop,328,392,111,70,0,0,,,,,,,,,,,,,,,,,
2026-07-17 00:30:21,33716.328125,B8DB8AF16E20,0002,male,C57BL/6,1.1.1,FR1,0,PelletTaken,328,392,111,70,0,0,9.333,31.000,0,3,,,,,,,,,,,,,
2026-07-17 00:31:10,33764.515625,B8DB8AF16E20,0002,male,C57BL/6,1.1.1,FR1,0,Left,328,393,111,70,0,0,,,,,,,,,,,,,,,,,
2026-07-17 00:31:15,33769.855469,B8DB8AF16E20,0002,male,C57BL/6,1.1.1,FR1,0,PelletDrop,329,393,111,70,0,0,,,,,,,,,,,,,,,,,
2026-07-17 00:31:28,33783.070312,B8DB8AF16E20,0002,male,C57BL/6,1.1.1,FR1,0,PelletTaken,329,393,111,70,0,0,12.347,13.000,0,2,,,,,,,,,,,,,
2026-07-17 00:39:15,34250.515625,B8DB8AF16E20,0002,male,C57BL/6,1.1.1,FR1,0,Status,329,393,111,70,0,0,,,,,Disabled,24.8,43.5,1014.3,13.1,0.000,0.000,247724,339964,178252,7085,4.07,85.34
2026-07-17 00:50:08,34904.195312,B8DB8AF16E20,0002,male,C57BL/6,1.1.1,FR1,0,Status,329,393,111,70,0,0,,,,,Disabled,24.8,43.0,1014.3,13.1,0.000,0.000,247724,339964,178252,7222,4.05,85.34
2026-07-17 01:01:20,35576.746094,B8DB8AF16E20,0002,male,C57BL/6,1.1.1,FR1,0,Status,329,393,111,70,0,0,,,,,Disabled,24.9,42.6,1014.2,13.0,0.000,0.000,247724,339964,178252,7359,4.05,85.20
2026-07-17 01:12:14,36231.296875,B8DB8AF16E20,0002,male,C57BL/6,1.1.1,FR1,0,Status,329,393,111,70,0,0,,,,,Disabled,24.9,42.8,1014.2,13.0,0.000,0.000,247724,339964,178252,7496,4.04,85.05
2026-07-17 01:23:20,36897.964844,B8DB8AF16E20,0002,male,C57BL/6,1.1.1,FR1,0,Status,329,393,111,70,0,0,,,,,Disabled,25.0,42.5,1014.2,13.1,0.000,0.000,247724,339964,178252,7633,4.07,84.91
2026-07-17 01:31:11,37369.132812,B8DB8AF16E20,0002,male,C57BL/6,1.1.1,FR1,0,Left,329,394,111,70,0,0,,,,,,,,,,,,,,,,,
2026-07-17 01:31:14,37372.363281,B8DB8AF16E20,0002,male,C57BL/6,1.1.1,FR1,0,PelletDrop,330,394,111,70,0,0,,,,,,,,,,,,,,,,,
2026-07-17 01:31:16,37373.824219,B8DB8AF16E20,0002,male,C57BL/6,1.1.1,FR1,0,PelletNotDetected,330,394,111,70,0,0,,,,,,,,,,,,,,,,,
2026-07-17 01:31:52,37409.527344,B8DB8AF16E20,0002,male,C57BL/6,1.1.1,FR1,0,Left,330,395,111,70,0,0,,,,,,,,,,,,,,,,,
2026-07-17 01:31:57,37415.160156,B8DB8AF16E20,0002,male,C57BL/6,1.1.1,FR1,0,PelletDrop,331,395,111,70,0,0,,,,,,,,,,,,,,,,,
2026-07-17 01:32:08,37426.269531,B8DB8AF16E20,0002,male,C57BL/6,1.1.1,FR1,0,PelletTaken,331,395,111,70,0,0,10.223,20.000,0,3,,,,,,,,,,,,,
2026-07-17 01:32:40,37458.191406,B8DB8AF16E20,0002,male,C57BL/6,1.1.1,FR1,0,Left,331,396,111,70,0,0,,,,,,,,,,,,,,,,,
2026-07-17 01:32:45,37463.484375,B8DB8AF16E20,0002,male,C57BL/6,1.1.1,FR1,0,PelletDrop,332,396,111,70,0,0,,,,,,,,,,,,,,,,,
2026-07-17 01:32:55,37472.859375,B8DB8AF16E20,0002,male,C57BL/6,1.1.1,FR1,0,PelletTaken,332,396,111,70,0,0,8.507,424.000,0,2,,,,,,,,,,,,,
2026-07-17 01:34:11,37548.527344,B8DB8AF16E20,0002,male,C57BL/6,1.1.1,FR1,0,Status,332,396,111,70,0,0,,,,,Disabled,25.0,42.3,1014.2,13.0,0.000,0.000,247724,339964,178252,7763,4.05,84.91
2026-07-17 01:45:00,38199.171875,B8DB8AF16E20,0002,male,C57BL/6,1.1.1,FR1,0,Status,332,396,111,70,0,0,,,,,Disabled,25.0,42.8,1014.3,13.1,0.000,0.000,247724,339964,178252,7900,4.07,84.77
2026-07-17 01:55:51,38850.765625,B8DB8AF16E20,0002,male,C57BL/6,1.1.1,FR1,0,Status,332,396,111,70,0,0,,,,,Disabled,25.0,43.2,1014.3,13.0,0.000,0.000,247724,339964,178252,8037,4.05,84.77
2026-07-17 02:04:08,39348.000000,B8DB8AF16E20,0002,male,C57BL/6,1.1.1,FR1,0,Right,332,396,112,70,0,0,,,,,,,,,,,,,,,,,
2026-07-17 02:04:17,39357.031250,B8DB8AF16E20,0002,male,C57BL/6,1.1.1,FR1,0,Left,332,397,112,70,0,0,,,,,,,,,,,,,,,,,
2026-07-17 02:04:22,39362.371094,B8DB8AF16E20,0002,male,C57BL/6,1.1.1,FR1,0,PelletDrop,333,397,112,70,0,0,,,,,,,,,,,,,,,,,
2026-07-17 02:04:31,39371.054688,B8DB8AF16E20,0002,male,C57BL/6,1.1.1,FR1,0,PelletTaken,333,397,112,70,0,0,7.815,125.000,0,2,,,,,,,,,,,,,
2026-07-17 02:06:42,39502.335938,B8DB8AF16E20,0002,male,C57BL/6,1.1.1,FR1,0,Status,333,397,112,70,0,0,,,,,Disabled,25.0,43.1,1014.3,13.1,0.000,0.000,247724,339964,178252,8171,4.05,84.62
2026-07-17 02:17:36,40155.929688,B8DB8AF16E20,0002,male,C57BL/6,1.1.1,FR1,0,Status,333,397,112,70,0,0,,,,,Disabled,25.0,43.2,1014.3,13.0,0.000,0.000,247724,339964,178252,8308,4.05,84.48
2026-07-17 02:28:26,40807.582031,B8DB8AF16E20,0002,male,C57BL/6,1.1.1,FR1,0,Status,333,397,112,70,0,0,,,,,Disabled,25.0,43.2,1014.3,13.0,0.000,0.000,247724,339964,178252,8445,4.05,84.48
2026-07-17 02:39:17,41459.207031,B8DB8AF16E20,0002,male,C57BL/6,1.1.1,FR1,0,Status,333,397,112,70,0,0,,,,,Disabled,25.0,43.0,1014.3,13.1,0.000,0.000,247724,339964,178252,8582,4.04,84.48
2026-07-17 02:50:09,42111.808594,B8DB8AF16E20,0002,male,C57BL/6,1.1.1,FR1,0,Status,333,397,112,70,0,0,,,,,Disabled,25.0,42.8,1014.4,13.0,0.000,0.000,247724,339964,178252,8719,4.05,84.34
2026-07-17 02:58:40,42623.617188,B8DB8AF16E20,0002,male,C57BL/6,1.1.1,FR1,0,Left,333,398,112,70,0,0,,,,,,,,,,,,,,,,,
2026-07-17 02:58:43,42626.753906,B8DB8AF16E20,0002,male,C57BL/6,1.1.1,FR1,0,PelletDrop,334,398,112,70,0,0,,,,,,,,,,,,,,,,,
2026-07-17 02:58:45,42628.214844,B8DB8AF16E20,0002,male,C57BL/6,1.1.1,FR1,0,PelletNotDetected,334,398,112,70,0,0,,,,,,,,,,,,,,,,,
2026-07-17 03:01:02,42764.808594,B8DB8AF16E20,0002,male,C57BL/6,1.1.1,FR1,0,Left,334,399,112,70,0,0,,,,,,,,,,,,,,,,,
2026-07-17 03:01:07,42770.113281,B8DB8AF16E20,0002,male,C57BL/6,1.1.1,FR1,0,PelletDrop,335,399,112,70,0,0,,,,,,,,,,,,,,,,,
2026-07-17 03:01:19,42782.332031,B8DB8AF16E20,0002,male,C57BL/6,1.1.1,FR1,0,PelletTaken,335,399,112,70,0,0,11.335,294.000,0,3,,,,,,,,,,,,,
2026-07-17 03:01:27,42790.335938,B8DB8AF16E20,0002,male,C57BL/6,1.1.1,FR1,0,Status,335,399,112,70,0,0,,,,,Disabled,25.1,42.1,1014.4,13.0,0.000,0.000,247724,339964,178252,8859,4.05,84.17
2026-07-17 03:11:59,43423.027344,B8DB8AF16E20,0002,male,C57BL/6,1.1.1,FR1,0,Status,335,399,112,70,0,0,,,,,Disabled,25.1,42.6,1014.5,13.0,0.000,0.000,247724,339964,178252,8991,4.04,84.17
2026-07-17 03:22:52,44076.640625,B8DB8AF16E20,0002,male,C57BL/6,1.1.1,FR1,0,Status,335,399,112,70,0,0,,,,,Disabled,25.1,42.5,1014.5,13.0,0.000,0.000,247724,339964,178252,9128,4.06,84.01
2026-07-17 03:33:46,44731.210938,B8DB8AF16E20,0002,male,C57BL/6,1.1.1,FR1,0,Status,335,399,112,70,0,0,,,,,Disabled,25.0,42.4,1014.5,13.0,0.000,0.000,247724,339964,178252,9265,4.04,84.01
2026-07-17 03:35:01,44806.148438,B8DB8AF16E20,0002,male,C57BL/6,1.1.1,FR1,0,Left,335,400,112,70,0,0,,,,,,,,,,,,,,,,,
2026-07-17 03:35:06,44811.503906,B8DB8AF16E20,0002,male,C57BL/6,1.1.1,FR1,0,PelletDrop,336,400,112,70,0,0,,,,,,,,,,,,,,,,,
2026-07-17 03:35:22,44827.566406,B8DB8AF16E20,0002,male,C57BL/6,1.1.1,FR1,0,PelletTaken,336,400,112,70,0,0,15.196,49.000,0,2,,,,,,,,,,,,,
2026-07-17 03:36:02,44867.218750,B8DB8AF16E20,0002,male,C57BL/6,1.1.1,FR1,0,Left,336,401,112,70,0,0,,,,,,,,,,,,,,,,,
2026-07-17 03:36:09,44874.777344,B8DB8AF16E20,0002,male,C57BL/6,1.1.1,FR1,0,PelletDrop,337,401,112,70,0,0,,,,,,,,,,,,,,,,,
2026-07-17 03:36:19,44884.222656,B8DB8AF16E20,0002,male,C57BL/6,1.1.1,FR1,0,PelletTaken,337,401,112,70,0,0,8.563,276.000,0,3,,,,,,,,,,,,,
2026-07-17 03:37:05,44930.199219,B8DB8AF16E20,0002,male,C57BL/6,1.1.1,FR1,0,Left,337,402,112,70,0,0,,,,,,,,,,,,,,,,,
2026-07-17 03:37:10,44935.539062,B8DB8AF16E20,0002,male,C57BL/6,1.1.1,FR1,0,PelletDrop,338,402,112,70,0,0,,,,,,,,,,,,,,,,,
2026-07-17 03:37:22,44947.050781,B8DB8AF16E20,0002,male,C57BL/6,1.1.1,FR1,0,PelletTaken,338,402,112,70,0,0,10.641,790.000,0,2,,,,,,,,,,,,,
2026-07-17 03:44:39,45384.792969,B8DB8AF16E20,0002,male,C57BL/6,1.1.1,FR1,0,Status,338,402,112,70,0,0,,,,,Disabled,25.1,42.3,1014.5,13.1,0.000,0.000,247724,339964,178252,9392,4.04,83.85
2026-07-17 03:55:32,46038.343750,B8DB8AF16E20,0002,male,C57BL/6,1.1.1,FR1,0,Status,338,402,112,70,0,0,,,,,Disabled,25.1,42.4,1014.5,13.0,0.000,0.000,247724,339964,178252,9529,4.04,83.68
2026-07-17 04:06:27,46692.941406,B8DB8AF16E20,0002,male,C57BL/6,1.1.1,FR1,0,Status,338,402,112,70,0,0,,,,,Disabled,25.0,42.4,1014.5,13.0,0.000,0.000,247724,339964,178252,9666,4.04,83.68
2026-07-17 04:09:45,46891.984375,B8DB8AF16E20,0002,male,C57BL/6,1.1.1,FR1,0,Left,338,403,112,70,0,0,,,,,,,,,,,,,,,,,
2026-07-17 04:09:48,46895.105469,B8DB8AF16E20,0002,male,C57BL/6,1.1.1,FR1,0,PelletDrop,339,403,112,70,0,0,,,,,,,,,,,,,,,,,
2026-07-17 04:09:50,46896.683594,B8DB8AF16E20,0002,male,C57BL/6,1.1.1,FR1,0,PelletTaken,339,403,112,70,0,0,0.708,171.000,0,1,,,,,,,,,,,,,
2026-07-17 04:10:32,46938.460938,B8DB8AF16E20,0002,male,C57BL/6,1.1.1,FR1,0,Left,339,404,112,70,0,0,,,,,,,,,,,,,,,,,
2026-07-17 04:10:37,46943.816406,B8DB8AF16E20,0002,male,C57BL/6,1.1.1,FR1,0,PelletDrop,340,404,112,70,0,0,,,,,,,,,,,,,,,,,
2026-07-17 04:10:51,46957.945312,B8DB8AF16E20,0002,male,C57BL/6,1.1.1,FR1,0,PelletTaken,340,404,112,70,0,0,13.260,331.000,0,2,,,,,,,,,,,,,
2026-07-17 04:17:19,47346.550781,B8DB8AF16E20,0002,male,C57BL/6,1.1.1,FR1,0,Status,340,404,112,70,0,0,,,,,Disabled,25.1,42.4,1014.5,13.1,0.000,0.000,247724,339964,178252,9799,4.04,83.36
2026-07-17 04:28:13,48001.171875,B8DB8AF16E20,0002,male,C57BL/6,1.1.1,FR1,0,Status,340,404,112,70,0,0,,,,,Disabled,25.1,42.5,1014.4,13.0,0.000,0.000,247724,339964,178252,9936,4.04,83.36
2026-07-17 04:30:31,48139.343750,B8DB8AF16E20,0002,male,C57BL/6,1.1.1,FR1,0,Left,340,405,112,70,0,0,,,,,,,,,,,,,,,,,
2026-07-17 04:30:36,48144.683594,B8DB8AF16E20,0002,male,C57BL/6,1.1.1,FR1,0,PelletDrop,341,405,112,70,0,0,,,,,,,,,,,,,,,,,
2026-07-17 04:30:49,48157.214844,B8DB8AF16E20,0002,male,C57BL/6,1.1.1,FR1,0,PelletTaken,341,405,112,70,0,0,11.665,368.000,0,2,,,,,,,,,,,,,
2026-07-17 04:31:48,48216.281250,B8DB8AF16E20,0002,male,C57BL/6,1.1.1,FR1,0,Left,341,406,112,70,0,0,,,,,,,,,,,,,,,,,
2026-07-17 04:31:53,48221.617188,B8DB8AF16E20,0002,male,C57BL/6,1.1.1,FR1,0,PelletDrop,342,406,112,70,0,0,,,,,,,,,,,,,,,,,
2026-07-17 04:32:05,48233.128906,B8DB8AF16E20,0002,male,C57BL/6,1.1.1,FR1,0,PelletTaken,342,406,112,70,0,0,10.642,285.000,0,2,,,,,,,,,,,,,
2026-07-17 04:39:09,48657.761719,B8DB8AF16E20,0002,male,C57BL/6,1.1.1,FR1,0,Status,342,406,112,70,0,0,,,,,Disabled,25.1,42.5,1014.4,13.0,0.000,0.000,247724,339964,178252,10067,4.04,83.20
2026-07-17 04:41:18,48786.972656,B8DB8AF16E20,0002,male,C57BL/6,1.1.1,FR1,0,Right,342,406,113,70,0,0,,,,,,,,,,,,,,,,,
2026-07-17 04:42:09,48837.726562,B8DB8AF16E20,0002,male,C57BL/6,1.1.1,FR1,0,Center,342,406,113,71,0,0,,,,,,,,,,,,,,,,,
2026-07-17 04:42:13,48841.574219,B8DB8AF16E20,0002,male,C57BL/6,1.1.1,FR1,0,Center,342,406,113,72,0,0,,,,,,,,,,,,,,,,,
2026-07-17 04:42:16,48845.125000,B8DB8AF16E20,0002,male,C57BL/6,1.1.1,FR1,0,Left,342,407,113,72,0,0,,,,,,,,,,,,,,,,,
2026-07-17 04:42:24,48852.695312,B8DB8AF16E20,0002,male,C57BL/6,1.1.1,FR1,0,PelletDrop,343,407,113,72,0,0,,,,,,,,,,,,,,,,,
2026-07-17 04:42:33,48861.324219,B8DB8AF16E20,0002,male,C57BL/6,1.1.1,FR1,0,PelletTaken,343,407,113,72,0,0,7.759,21.000,0,3,,,,,,,,,,,,,
2026-07-17 04:43:10,48898.378906,B8DB8AF16E20,0002,male,C57BL/6,1.1.1,FR1,0,Left,343,408,113,72,0,0,,,,,,,,,,,,,,,,,
2026-07-17 04:43:13,48901.839844,B8DB8AF16E20,0002,male,C57BL/6,1.1.1,FR1,0,PelletDrop,344,408,113,72,0,0,,,,,,,,,,,,,,,,,
2026-07-17 04:43:14,48903.316406,B8DB8AF16E20,0002,male,C57BL/6,1.1.1,FR1,0,PelletNotDetected,344,408,113,72,0,0,,,,,,,,,,,,,,,,,
2026-07-17 04:43:58,48947.296875,B8DB8AF16E20,0002,male,C57BL/6,1.1.1,FR1,0,Center,344,408,113,73,0,0,,,,,,,,,,,,,,,,,
2026-07-17 04:44:14,48962.554688,B8DB8AF16E20,0002,male,C57BL/6,1.1.1,FR1,0,Center,344,408,113,74,0,0,,,,,,,,,,,,,,,,,
2026-07-17 04:44:15,48964.363281,B8DB8AF16E20,0002,male,C57BL/6,1.1.1,FR1,0,Center,344,408,113,75,0,0,,,,,,,,,,,,,,,,,
2026-07-17 04:44:33,48982.175781,B8DB8AF16E20,0002,male,C57BL/6,1.1.1,FR1,0,Left,344,409,113,75,0,0,,,,,,,,,,,,,,,,,
2026-07-17 04:44:42,48991.316406,B8DB8AF16E20,0002,male,C57BL/6,1.1.1,FR1,0,PelletDrop,345,409,113,75,0,0,,,,,,,,,,,,,,,,,
2026-07-17 04:44:52,49001.011719,B8DB8AF16E20,0002,male,C57BL/6,1.1.1,FR1,0,PelletTaken,345,409,113,75,0,0,8.827,229.000,0,4,,,,,,,,,,,,,
2026-07-17 04:45:19,49027.980469,B8DB8AF16E20,0002,male,C57BL/6,1.1.1,FR1,0,Left,345,410,113,75,0,0,,,,,,,,,,,,,,,,,
2026-07-17 04:45:27,49035.554688,B8DB8AF16E20,0002,male,C57BL/6,1.1.1,FR1,0,PelletDrop,346,410,113,75,0,0,,,,,,,,,,,,,,,,,
2026-07-17 04:45:36,49045.070312,B8DB8AF16E20,0002,male,C57BL/6,1.1.1,FR1,0,PelletTaken,346,410,113,75,0,0,8.651,40.000,0,3,,,,,,,,,,,,,
2026-07-17 04:50:05,49314.359375,B8DB8AF16E20,0002,male,C57BL/6,1.1.1,FR1,0,Status,346,410,113,75,0,0,,,,,Disabled,25.1,42.4,1014.5,12.9,0.000,0.000,247724,339964,178252,10196,4.03,83.03
2026-07-17 05:01:01,49970.984375,B8DB8AF16E20,0002,male,C57BL/6,1.1.1,FR1,0,Status,346,410,113,75,0,0,,,,,Disabled,25.2,42.4,1014.5,12.9,0.000,0.000,247724,339964,178252,10333,4.04,83.03
2026-07-17 05:11:57,50627.652344,B8DB8AF16E20,0002,male,C57BL/6,1.1.1,FR1,0,Status,346,410,113,75,0,0,,,,,Disabled,25.2,42.4,1014.5,13.0,0.000,0.000,247724,339964,178252,10470,4.05,82.87
2026-07-17 05:22:55,51286.265625,B8DB8AF16E20,0002,male,C57BL/6,1.1.1,FR1,0,Status,346,410,113,75,0,0,,,,,Disabled,25.2,42.4,1014.6,13.0,0.000,0.000,247724,339964,178252,10607,4.03,82.87
2026-07-17 05:30:01,51712.375000,B8DB8AF16E20,0002,male,C57BL/6,1.1.1,FR1,0,Left,346,411,113,75,0,0,,,,,,,,,,,,,,,,,
2026-07-17 05:30:06,51717.714844,B8DB8AF16E20,0002,male,C57BL/6,1.1.1,FR1,0,PelletDrop,347,411,113,75,0,0,,,,,,,,,,,,,,,,,
2026-07-17 05:30:19,51730.929688,B8DB8AF16E20,0002,male,C57BL/6,1.1.1,FR1,0,PelletTaken,347,411,113,75,0,0,12.347,21.000,0,2,,,,,,,,,,,,,
2026-07-17 05:33:54,51945.796875,B8DB8AF16E20,0002,male,C57BL/6,1.1.1,FR1,0,Status,347,411,113,75,0,0,,,,,Disabled,25.2,42.2,1014.7,13.0,0.000,0.000,247724,339964,178252,10740,4.03,82.70
2026-07-17 05:34:27,51978.945312,B8DB8AF16E20,0002,male,C57BL/6,1.1.1,FR1,0,Left,347,412,113,75,0,0,,,,,,,,,,,,,,,,,
2026-07-17 05:34:32,51984.285156,B8DB8AF16E20,0002,male,C57BL/6,1.1.1,FR1,0,PelletDrop,348,412,113,75,0,0,,,,,,,,,,,,,,,,,
2026-07-17 05:34:48,51999.765625,B8DB8AF16E20,0002,male,C57BL/6,1.1.1,FR1,0,PelletTaken,348,412,113,75,0,0,14.613,50.000,0,2,,,,,,,,,,,,,
2026-07-17 05:44:46,52598.335938,B8DB8AF16E20,0002,male,C57BL/6,1.1.1,FR1,0,Status,348,412,113,75,0,0,,,,,Disabled,25.2,42.4,1014.7,12.9,0.000,0.000,247724,339964,178252,10872,4.03,82.54
2026-07-17 05:51:08,52980.484375,B8DB8AF16E20,0002,male,C57BL/6,1.1.1,FR1,0,Left,348,413,113,75,0,0,,,,,,,,,,,,,,,,,
2026-07-17 05:51:13,52985.824219,B8DB8AF16E20,0002,male,C57BL/6,1.1.1,FR1,0,PelletDrop,349,413,113,75,0,0,,,,,,,,,,,,,,,,,
2026-07-17 05:51:24,52997.324219,B8DB8AF16E20,0002,male,C57BL/6,1.1.1,FR1,0,PelletTaken,349,413,113,75,0,0,10.631,275.000,0,2,,,,,,,,,,,,,
2026-07-17 05:52:28,53061.054688,B8DB8AF16E20,0002,male,C57BL/6,1.1.1,FR1,0,Left,349,414,113,75,0,0,,,,,,,,,,,,,,,,,
2026-07-17 05:52:33,53066.410156,B8DB8AF16E20,0002,male,C57BL/6,1.1.1,FR1,0,PelletDrop,350,414,113,75,0,0,,,,,,,,,,,,,,,,,
2026-07-17 05:52:47,53079.863281,B8DB8AF16E20,0002,male,C57BL/6,1.1.1,FR1,0,PelletTaken,350,414,113,75,0,0,12.589,199.000,0,2,,,,,,,,,,,,,
2026-07-17 05:55:45,53257.980469,B8DB8AF16E20,0002,male,C57BL/6,1.1.1,FR1,0,Status,350,414,113,75,0,0,,,,,Disabled,25.3,42.1,1014.8,12.9,0.000,0.000,247724,339964,178252,11010,4.03,82.54
2026-07-17 06:06:40,53913.609375,B8DB8AF16E20,0002,male,C57BL/6,1.1.1,FR1,0,Status,350,414,113,75,0,0,,,,,Disabled,25.3,42.2,1014.8,12.9,0.043,32.000,247724,339964,178252,11147,4.03,82.38
2026-07-17 06:17:38,54571.625000,B8DB8AF16E20,0002,male,C57BL/6,1.1.1,FR1,0,Status,350,414,113,75,0,0,,,,,Disabled,25.3,42.2,1014.9,12.9,0.043,33.000,247724,339964,178252,11284,4.03,82.21
2026-07-17 06:28:35,55229.839844,B8DB8AF16E20,0002,male,C57BL/6,1.1.1,FR1,0,Status,350,414,113,75,0,0,,,,,Disabled,25.3,42.2,1014.9,13.0,0.050,40.000,247724,339964,178252,11421,4.03,82.05
2026-07-17 06:39:32,55887.363281,B8DB8AF16E20,0002,male,C57BL/6,1.1.1,FR1,0,Status,350,414,113,75,0,0,,,,,Disabled,25.3,42.1,1015.0,13.0,0.050,40.000,247724,339964,178252,11558,4.03,81.89
2026-07-17 06:50:31,56547.003906,B8DB8AF16E20,0002,male,C57BL/6,1.1.1,FR1,0,Status,350,414,113,75,0,0,,,,,Disabled,25.3,42.1,1015.0,13.0,0.144,76.000,247724,339964,178252,11695,4.03,81.89
2026-07-17 07:01:31,57207.636719,B8DB8AF16E20,0002,male,C57BL/6,1.1.1,FR1,0,Status,350,414,113,75,0,0,,,,,Disabled,25.3,42.0,1015.1,13.0,0.050,43.000,247724,339964,178252,11832,4.02,81.73
2026-07-17 07:08:19,57616.238281,B8DB8AF16E20,0002,male,C57BL/6,1.1.1,FR1,0,Left,350,415,113,75,0,0,,,,,,,,,,,,,,,,,
2026-07-17 07:08:22,57619.371094,B8DB8AF16E20,0002,male,C57BL/6,1.1.1,FR1,0,PelletDrop,351,415,113,75,0,0,,,,,,,,,,,,,,,,,
2026-07-17 07:08:23,57620.343750,B8DB8AF16E20,0002,male,C57BL/6,1.1.1,FR1,0,PelletTaken,351,415,113,75,0,0,0.104,378.000,0,1,,,,,,,,,,,,,
2026-07-17 07:12:27,57864.230469,B8DB8AF16E20,0002,male,C57BL/6,1.1.1,FR1,0,Status,351,415,113,75,0,0,,,,,Disabled,25.3,42.1,1015.2,13.0,0.054,41.000,247724,339964,178252,11968,4.03,81.56
2026-07-17 07:23:29,58526.832031,B8DB8AF16E20,0002,male,C57BL/6,1.1.1,FR1,0,Status,351,415,113,75,0,0,,,,,Disabled,25.3,42.0,1015.3,13.0,0.036,31.000,247724,339964,178252,12105,4.03,81.40
2026-07-17 07:34:35,59193.394531,B8DB8AF16E20,0002,male,C57BL/6,1.1.1,FR1,0,Status,351,415,113,75,0,0,,,,,Disabled,25.3,41.9,1015.3,12.9,0.036,31.000,247724,339964,178252,12242,4.02,81.40
2026-07-17 07:39:26,59484.906250,B8DB8AF16E20,0002,male,C57BL/6,1.1.1,FR1,0,Left,351,416,113,75,0,0,,,,,,,,,,,,,,,,,
2026-07-17 07:39:30,59488.027344,B8DB8AF16E20,0002,male,C57BL/6,1.1.1,FR1,0,PelletDrop,352,416,113,75,0,0,,,,,,,,,,,,,,,,,
2026-07-17 07:39:31,59489.488281,B8DB8AF16E20,0002,male,C57BL/6,1.1.1,FR1,0,PelletNotDetected,352,416,113,75,0,0,,,,,,,,,,,,,,,,,
2026-07-17 07:40:13,59531.906250,B8DB8AF16E20,0002,male,C57BL/6,1.1.1,FR1,0,Left,352,417,113,75,0,0,,,,,,,,,,,,,,,,,
2026-07-17 07:40:16,59534.992188,B8DB8AF16E20,0002,male,C57BL/6,1.1.1,FR1,0,PelletDrop,353,417,113,75,0,0,,,,,,,,,,,,,,,,,
2026-07-17 07:40:18,59536.453125,B8DB8AF16E20,0002,male,C57BL/6,1.1.1,FR1,0,PelletNotDetected,353,417,113,75,0,0,,,,,,,,,,,,,,,,,
2026-07-17 07:41:13,59591.894531,B8DB8AF16E20,0002,male,C57BL/6,1.1.1,FR1,0,Left,353,418,113,75,0,0,,,,,,,,,,,,,,,,,
2026-07-17 07:41:21,59599.160156,B8DB8AF16E20,0002,male,C57BL/6,1.1.1,FR1,0,PelletDrop,354,418,113,75,0,0,,,,,,,,,,,,,,,,,
2026-07-17 07:41:32,59610.339844,B8DB8AF16E20,0002,male,C57BL/6,1.1.1,FR1,0,PelletTaken,354,418,113,75,0,0,10.311,142.000,0,4,,,,,,,,,,,,,
2026-07-17 07:42:07,59645.515625,B8DB8AF16E20,0002,male,C57BL/6,1.1.1,FR1,0,Left,354,419,113,75,0,0,,,,,,,,,,,,,,,,,
2026-07-17 07:42:13,59651.929688,B8DB8AF16E20,0002,male,C57BL/6,1.1.1,FR1,0,PelletDrop,355,419,113,75,0,0,,,,,,,,,,,,,,,,,
2026-07-17 07:42:25,59663.769531,B8DB8AF16E20,0002,male,C57BL/6,1.1.1,FR1,0,PelletTaken,355,419,113,75,0,0,10.972,331.000,0,2,,,,,,,,,,,,,
2026-07-17 07:43:30,59728.503906,B8DB8AF16E20,0002,male,C57BL/6,1.1.1,FR1,0,Left,355,420,113,75,0,0,,,,,,,,,,,,,,,,,
2026-07-17 07:43:35,59733.843750,B8DB8AF16E20,0002,male,C57BL/6,1.1.1,FR1,0,PelletDrop,356,420,113,75,0,0,,,,,,,,,,,,,,,,,
2026-07-17 07:43:49,59747.410156,B8DB8AF16E20,0002,male,C57BL/6,1.1.1,FR1,0,PelletTaken,356,420,113,75,0,0,12.698,11.000,0,2,,,,,,,,,,,,,
2026-07-17 07:45:34,59852.996094,B8DB8AF16E20,0002,male,C57BL/6,1.1.1,FR1,0,Status,356,420,113,75,0,0,,,,,Disabled,25.3,41.6,1015.3,12.9,0.040,29.000,247724,339964,178252,12371,4.02,81.24
2026-07-17 07:56:39,60518.621094,B8DB8AF16E20,0002,male,C57BL/6,1.1.1,FR1,0,Status,356,420,113,75,0,0,,,,,Disabled,25.3,41.8,1015.3,12.9,0.054,36.000,247724,339964,178252,12508,4.02,81.07
2026-07-17 08:07:34,61174.261719,B8DB8AF16E20,0002,male,C57BL/6,1.1.1,FR1,0,Status,356,420,113,75,0,0,,,,,Disabled,25.3,42.0,1015.4,13.0,0.054,39.000,247724,339964,178252,12645,4.02,81.07
2026-07-17 08:18:54,61854.925781,B8DB8AF16E20,0002,male,C57BL/6,1.1.1,FR1,0,Status,356,420,113,75,0,0,,,,,Disabled,25.3,41.6,1015.4,12.9,0.036,32.000,247724,339964,178252,12782,4.01,80.91
2026-07-17 08:21:57,62038.242188,B8DB8AF16E20,0002,male,C57BL/6,1.1.1,FR1,0,Left,356,421,113,75,0,0,,,,,,,,,,,,,,,,,
2026-07-17 08:22:00,62041.363281,B8DB8AF16E20,0002,male,C57BL/6,1.1.1,FR1,0,PelletDrop,357,421,113,75,0,0,,,,,,,,,,,,,,,,,
2026-07-17 08:22:02,62042.824219,B8DB8AF16E20,0002,male,C57BL/6,1.1.1,FR1,0,PelletNotDetected,357,421,113,75,0,0,,,,,,,,,,,,,,,,,
2026-07-17 08:27:23,62364.921875,B8DB8AF16E20,0002,male,C57BL/6,1.1.1,FR1,0,Left,357,422,113,75,0,0,,,,,,,,,,,,,,,,,
2026-07-17 08:27:29,62370.238281,B8DB8AF16E20,0002,male,C57BL/6,1.1.1,FR1,0,PelletDrop,358,422,113,75,0,0,,,,,,,,,,,,,,,,,
2026-07-17 08:27:44,62385.101562,B8DB8AF16E20,0002,male,C57BL/6,1.1.1,FR1,0,PelletTaken,358,422,113,75,0,0,13.997,706.000,0,3,,,,,,,,,,,,,
2026-07-17 08:29:59,62520.406250,B8DB8AF16E20,0002,male,C57BL/6,1.1.1,FR1,0,Status,358,422,113,75,0,0,,,,,Disabled,25.3,41.7,1015.5,12.9,0.050,39.000,247724,339964,178252,12918,4.02,80.75
2026-07-17 08:32:34,62675.632812,B8DB8AF16E20,0002,male,C57BL/6,1.1.1,FR1,0,Right,358,422,114,75,0,0,,,,,,,,,,,,,,,,,
2026-07-17 08:32:47,62688.539062,B8DB8AF16E20,0002,male,C57BL/6,1.1.1,FR1,0,Left,358,423,114,75,0,0,,,,,,,,,,,,,,,,,
2026-07-17 08:32:52,62693.878906,B8DB8AF16E20,0002,male,C57BL/6,1.1.1,FR1,0,PelletDrop,359,423,114,75,0,0,,,,,,,,,,,,,,,,,
2026-07-17 08:33:04,62705.980469,B8DB8AF16E20,0002,male,C57BL/6,1.1.1,FR1,0,PelletTaken,359,423,114,75,0,0,11.235,30.000,0,2,,,,,,,,,,,,,
2026-07-17 08:33:38,62739.148438,B8DB8AF16E20,0002,male,C57BL/6,1.1.1,FR1,0,Left,359,424,114,75,0,0,,,,,,,,,,,,,,,,,
2026-07-17 08:33:43,62744.488281,B8DB8AF16E20,0002,male,C57BL/6,1.1.1,FR1,0,PelletDrop,360,424,114,75,0,0,,,,,,,,,,,,,,,,,
2026-07-17 08:33:53,62754.347656,B8DB8AF16E20,0002,male,C57BL/6,1.1.1,FR1,0,PelletTaken,360,424,114,75,0,0,8.992,20.000,0,2,,,,,,,,,,,,,
2026-07-17 08:37:17,62958.996094,B8DB8AF16E20,0002,male,C57BL/6,1.1.1,FR1,0,Center,360,424,114,76,0,0,,,,,,,,,,,,,,,,,
2026-07-17 08:37:45,62987.347656,B8DB8AF16E20,0002,male,C57BL/6,1.1.1,FR1,0,Left,360,425,114,76,0,0,,,,,,,,,,,,,,,,,
2026-07-17 08:37:51,62992.687500,B8DB8AF16E20,0002,male,C57BL/6,1.1.1,FR1,0,PelletDrop,361,425,114,76,0,0,,,,,,,,,,,,,,,,,
2026-07-17 08:38:03,63005.238281,B8DB8AF16E20,0002,male,C57BL/6,1.1.1,FR1,0,PelletTaken,361,425,114,76,0,0,11.687,20.000,0,2,,,,,,,,,,,,,
2026-07-17 08:38:38,63039.820312,B8DB8AF16E20,0002,male,C57BL/6,1.1.1,FR1,0,Left,361,426,114,76,0,0,,,,,,,,,,,,,,,,,
2026-07-17 08:38:43,63045.179688,B8DB8AF16E20,0002,male,C57BL/6,1.1.1,FR1,0,PelletDrop,362,426,114,76,0,0,,,,,,,,,,,,,,,,,
2026-07-17 08:38:52,63054.312500,B8DB8AF16E20,0002,male,C57BL/6,1.1.1,FR1,0,PelletTaken,362,426,114,76,0,0,8.266,548.000,0,2,,,,,,,,,,,,,
2026-07-17 08:41:02,63182.964844,B8DB8AF16E20,0002,male,C57BL/6,1.1.1,FR1,0,Status,362,426,114,76,0,0,,,,,Disabled,25.4,41.7,1015.5,12.9,0.043,36.000,247724,339964,178252,13046,4.01,80.42
2026-07-17 08:52:04,63846.613281,B8DB8AF16E20,0002,male,C57BL/6,1.1.1,FR1,0,Status,362,426,114,76,0,0,,,,,Disabled,25.3,42.0,1015.6,12.9,0.036,32.000,247724,339964,178252,13183,4.01,80.26
2026-07-17 09:03:06,64508.167969,B8DB8AF16E20,0002,male,C57BL/6,1.1.1,FR1,0,Status,362,426,114,76,0,0,,,,,Disabled,25.3,42.3,1015.6,13.0,0.014,21.000,247724,339964,178252,13320,4.02,80.26
2026-07-17 09:13:59,65162.832031,B8DB8AF16E20,0002,male,C57BL/6,1.1.1,FR1,0,Status,362,426,114,76,0,0,,,,,Disabled,25.2,42.6,1015.7,13.0,0.065,42.000,247724,339964,178252,13457,4.02,80.09
2026-07-17 09:18:01,65405.136719,B8DB8AF16E20,0002,male,C57BL/6,1.1.1,FR1,0,Left,362,427,114,76,0,0,,,,,,,,,,,,,,,,,
2026-07-17 09:18:07,65410.531250,B8DB8AF16E20,0002,male,C57BL/6,1.1.1,FR1,0,PelletDrop,363,427,114,76,0,0,,,,,,,,,,,,,,,,,
2026-07-17 09:18:19,65422.503906,B8DB8AF16E20,0002,male,C57BL/6,1.1.1,FR1,0,PelletTaken,363,427,114,76,0,0,11.104,31.000,0,2,,,,,,,,,,,,,
2026-07-17 09:24:59,65823.414062,B8DB8AF16E20,0002,male,C57BL/6,1.1.1,FR1,0,Status,363,427,114,76,0,0,,,,,Disabled,25.2,42.4,1015.7,13.0,0.050,41.000,247724,339964,178252,13590,4.01,80.09
2026-07-17 09:36:02,66487.031250,B8DB8AF16E20,0002,male,C57BL/6,1.1.1,FR1,0,Status,363,427,114,76,0,0,,,,,Disabled,25.2,42.4,1015.7,13.0,0.050,42.000,247724,339964,178252,13727,4.01,79.93
2026-07-17 09:46:58,67143.632812,B8DB8AF16E20,0002,male,C57BL/6,1.1.1,FR1,0,Status,363,427,114,76,0,0,,,,,Disabled,25.2,42.5,1015.6,13.0,0.043,38.000,247724,339964,178252,13864,4.01,79.77
2026-07-17 09:57:55,67801.210938,B8DB8AF16E20,0002,male,C57BL/6,1.1.1,FR1,0,Status,363,427,114,76,0,0,,,,,Disabled,25.1,42.3,1015.6,13.0,0.050,43.000,247724,339964,178252,14001,4.01,79.61
2026-07-17 10:08:51,68457.875000,B8DB8AF16E20,0002,male,C57BL/6,1.1.1,FR1,0,Status,363,427,114,76,0,0,,,,,Disabled,25.1,42.3,1015.6,13.1,0.058,40.000,247724,339964,178252,14138,4.01,79.61
2026-07-17 10:19:54,69121.414062,B8DB8AF16E20,0002,male,C57BL/6,1.1.1,FR1,0,Status,363,427,114,76,0,0,,,,,Disabled,25.1,42.2,1015.6,13.0,0.047,30.000,247724,339964,178252,14275,4.01,79.61
2026-07-17 10:30:57,69785.101562,B8DB8AF16E20,0002,male,C57BL/6,1.1.1,FR1,0,Status,363,427,114,76,0,0,,,,,Disabled,25.1,42.1,1015.6,13.0,0.047,30.000,247724,339964,178252,14412,4.02,79.44
2026-07-17 10:42:01,70449.648438,B8DB8AF16E20,0002,male,C57BL/6,1.1.1,FR1,0,Status,363,427,114,76,0,0,,,,,Disabled,25.2,42.0,1015.6,13.0,0.058,41.000,247724,339964,178252,14549,4.01,79.28
2026-07-17 10:52:57,71106.265625,B8DB8AF16E20,0002,male,C57BL/6,1.1.1,FR1,0,Status,363,427,114,76,0,0,,,,,Disabled,25.1,42.1,1015.6,13.0,0.050,38.000,247724,339964,178252,14686,3.98,79.28
2026-07-17 11:03:52,71761.804688,B8DB8AF16E20,0002,male,C57BL/6,1.1.1,FR1,0,Status,363,427,114,76,0,0,,,,,Disabled,25.1,42.1,1015.6,13.0,0.050,38.000,247724,339964,178252,14823,4.02,79.12
2026-07-17 11:14:47,72417.429688,B8DB8AF16E20,0002,male,C57BL/6,1.1.1,FR1,0,Status,363,427,114,76,0,0,,,,,Disabled,25.1,42.0,1015.6,13.0,0.043,32.000,247724,339964,178252,14960,4.00,79.12
2026-07-17 11:23:30,72941.015625,B8DB8AF16E20,0002,male,C57BL/6,1.1.1,FR1,0,Left,363,428,114,76,0,0,,,,,,,,,,,,,,,,,
2026-07-17 11:23:35,72946.351562,B8DB8AF16E20,0002,male,C57BL/6,1.1.1,FR1,0,PelletDrop,364,428,114,76,0,0,,,,,,,,,,,,,,,,,
2026-07-17 11:23:47,72957.906250,B8DB8AF16E20,0002,male,C57BL/6,1.1.1,FR1,0,PelletTaken,364,428,114,76,0,0,10.674,49.000,0,2,,,,,,,,,,,,,
2026-07-17 11:24:39,73010.210938,B8DB8AF16E20,0002,male,C57BL/6,1.1.1,FR1,0,Left,364,429,114,76,0,0,,,,,,,,,,,,,,,,,
2026-07-17 11:24:44,73015.554688,B8DB8AF16E20,0002,male,C57BL/6,1.1.1,FR1,0,PelletDrop,365,429,114,76,0,0,,,,,,,,,,,,,,,,,
2026-07-17 11:24:59,73030.195312,B8DB8AF16E20,0002,male,C57BL/6,1.1.1,FR1,0,PelletTaken,365,429,114,76,0,0,13.777,12.000,0,2,,,,,,,,,,,,,
2026-07-17 11:26:04,73094.093750,B8DB8AF16E20,0002,male,C57BL/6,1.1.1,FR1,0,Status,365,429,114,76,0,0,,,,,Disabled,25.2,41.7,1015.6,13.0,0.058,43.000,247724,339964,178252,15094,4.00,78.95
2026-07-17 11:27:04,73154.109375,B8DB8AF16E20,0002,male,C57BL/6,1.1.1,FR1,0,Right,365,429,115,76,0,0,,,,,,,,,,,,,,,,,
2026-07-17 11:37:02,73753.656250,B8DB8AF16E20,0002,male,C57BL/6,1.1.1,FR1,0,Status,365,429,115,76,0,0,,,,,Disabled,25.2,42.1,1015.6,13.0,0.058,42.000,247724,339964,178252,15231,4.00,78.79
2026-07-17 11:48:01,74413.289062,B8DB8AF16E20,0002,male,C57BL/6,1.1.1,FR1,0,Status,365,429,115,76,0,0,,,,,Disabled,25.2,42.0,1015.6,13.0,0.058,43.000,247724,339964,178252,15368,4.00,78.63
2026-07-17 11:58:58,75070.843750,B8DB8AF16E20,0002,male,C57BL/6,1.1.1,FR1,0,Status,365,429,115,76,0,0,,,,,Disabled,25.2,42.0,1015.5,13.0,0.058,42.000,247724,339964,178252,15505,4.00,78.63
2026-07-17 12:09:54,75727.406250,B8DB8AF16E20,0002,male,C57BL/6,1.1.1,FR1,0,Status,365,429,115,76,0,0,,,,,Disabled,25.1,41.9,1015.5,13.0,0.050,34.000,247724,339964,178252,15642,4.00,78.46
2026-07-17 12:20:54,76388.078125,B8DB8AF16E20,0002,male,C57BL/6,1.1.1,FR1,0,Status,365,429,115,76,0,0,,,,,Disabled,25.1,41.8,1015.4,13.0,0.050,35.000,247724,339964,178252,15779,4.00,78.30
2026-07-17 12:31:50,77044.765625,B8DB8AF16E20,0002,male,C57BL/6,1.1.1,FR1,0,Status,365,429,115,76,0,0,,,,,Disabled,25.1,41.9,1015.3,13.0,0.043,35.000,247724,339964,178252,15916,4.00,78.14
2026-07-17 12:41:24,77619.562500,B8DB8AF16E20,0002,male,C57BL/6,1.1.1,FR1,0,Left,365,430,115,76,0,0,,,,,,,,,,,,,,,,,
2026-07-17 12:41:28,77622.687500,B8DB8AF16E20,0002,male,C57BL/6,1.1.1,FR1,0,PelletDrop,366,430,115,76,0,0,,,,,,,,,,,,,,,,,
2026-07-17 12:41:29,77623.812500,B8DB8AF16E20,0002,male,C57BL/6,1.1.1,FR1,0,PelletTaken,366,430,115,76,0,0,0.258,59.000,0,1,,,,,,,,,,,,,
2026-07-17 12:42:49,77703.289062,B8DB8AF16E20,0002,male,C57BL/6,1.1.1,FR1,0,Status,366,430,115,76,0,0,,,,,Disabled,25.1,41.7,1015.3,13.0,0.029,28.000,247724,339964,178252,16052,4.00,78.14
2026-07-17 12:43:09,77723.851562,B8DB8AF16E20,0002,male,C57BL/6,1.1.1,FR1,0,Left,366,431,115,76,0,0,,,,,,,,,,,,,,,,,
2026-07-17 12:43:12,77726.976562,B8DB8AF16E20,0002,male,C57BL/6,1.1.1,FR1,0,PelletDrop,367,431,115,76,0,0,,,,,,,,,,,,,,,,,
2026-07-17 12:43:14,77728.445312,B8DB8AF16E20,0002,male,C57BL/6,1.1.1,FR1,0,PelletNotDetected,367,431,115,76,0,0,,,,,,,,,,,,,,,,,
2026-07-17 12:53:47,78362.914062,B8DB8AF16E20,0002,male,C57BL/6,1.1.1,FR1,0,Status,367,431,115,76,0,0,,,,,Disabled,25.1,41.9,1015.4,13.0,0.040,30.000,247724,339964,178252,16189,4.00,77.98
2026-07-17 13:04:20,78997.242188,B8DB8AF16E20,0002,male,C57BL/6,1.1.1,FR1,0,Status,367,431,115,76,0,0,,,,,Disabled,24.8,43.7,1015.4,12.8,13.547,4655.000,247724,339964,178252,16327,4.00,77.98
