DateTime,ElapsedSeconds,ESP32_UID,MouseID,Sex,Strain,LibraryVer,Program,FR,Event,PelletCount,LeftCount,RightCount,CenterCount,BlockPelletCount,BlockPokeCount,RetrievalTime,PokeDuration,DispenseError,MotorTurns,Motion,Temperature,Humidity,Pressure,GasResistance,Lux,White,FreeHeap,HeapSize,MinFreeHeap,WakeCount,BatteryVoltage,BatteryPercent
2026-07-20 16:23:35,59.820000,A0DB8AF16E20,0002,male,C57BL/6,1.1.1,FR1_Approach,0,Startup,0,0,0,0,0,0,,,,,0.0,24.4,44.2,997.0,5.1,47.628,21884.000,246300,339964,244140,0,4.16,96.23
2026-07-20 16:26:40,245.416000,A0DB8AF16E20,0002,male,C57BL/6,1.1.1,FR1_Approach,0,Left,0,1,0,0,0,0,,,,,,,,,,,,,,,,,,,,
2026-07-20 16:26:42,246.863998,A0DB8AF16E20,0002,male,C57BL/6,1.1.1,FR1_Approach,0,Approach,0,1,0,0,0,0,,,,,,,,,,,,,,,,,,,,
2026-07-20 16:26:45,249.964996,A0DB8AF16E20,0002,male,C57BL/6,1.1.1,FR1_Approach,0,PelletDrop,1,1,0,0,0,0,,,,,,,,,,,,,,,,,,,,
2026-07-20 16:26:47,251.804993,A0DB8AF16E20,0002,male,C57BL/6,1.1.1,FR1_Approach,0,PelletTaken,1,1,0,0,0,0,0.994,155.000,0,1,,,,,,,,,,,,,,,,
2026-07-20 16:32:40,605.304016,A0DB8AF16E20,0002,male,C57BL/6,1.1.1,FR1_Approach,0,Status,1,1,0,0,0,0,,,,,Disabled,24.6,43.1,996.9,6.0,14.105,6282.000,247264,339964,244140,122,4.05,93.86
2026-07-20 16:39:22,1007.898010,A0DB8AF16E20,0002,male,C57BL/6,1.1.1,FR1_Approach,0,Left,1,2,0,0,0,0,,,,,,,,,,,,,,,,,,,,
2026-07-20 16:39:24,1009.835999,A0DB8AF16E20,0002,male,C57BL/6,1.1.1,FR1_Approach,0,Approach,1,2,0,0,0,0,,,,,,,,,,,,,,,,,,,,
2026-07-20 16:39:31,1017.372009,A0DB8AF16E20,0002,male,C57BL/6,1.1.1,FR1_Approach,0,PelletDrop,2,2,0,0,0,0,,,,,,,,,,,,,,,,,,,,
2026-07-20 16:39:52,1038.224976,A0DB8AF16E20,0002,male,C57BL/6,1.1.1,FR1_Approach,0,PelletTaken,2,2,0,0,0,0,TimedOut,187.000,0,3,,,,,,,,,,,,,,,,
2026-07-20 16:40:45,1091.048950,A0DB8AF16E20,0002,male,C57BL/6,1.1.1,FR1_Approach,0,Right,2,2,1,0,0,0,,,,,,,,,,,,,,,,,,,,
2026-07-20 16:40:46,1092.254028,A0DB8AF16E20,0002,male,C57BL/6,1.1.1,FR1_Approach,0,Right,2,2,2,0,0,0,,,,,,,,,,,,,,,,,,,,
2026-07-20 16:41:04,1110.140015,A0DB8AF16E20,0002,male,C57BL/6,1.1.1,FR1_Approach,0,Right,2,2,3,0,0,0,,,,,,,,,,,,,,,,,,,,
2026-07-20 16:41:28,1133.854980,A0DB8AF16E20,0002,male,C57BL/6,1.1.1,FR1_Approach,0,Left,2,3,3,0,0,0,,,,,,,,,,,,,,,,,,,,
2026-07-20 16:41:29,1135.302979,A0DB8AF16E20,0002,male,C57BL/6,1.1.1,FR1_Approach,0,Approach,2,3,3,0,0,0,,,,,,,,,,,,,,,,,,,,
2026-07-20 16:41:32,1138.404053,A0DB8AF16E20,0002,male,C57BL/6,1.1.1,FR1_Approach,0,PelletDrop,3,3,3,0,0,0,,,,,,,,,,,,,,,,,,,,
2026-07-20 16:41:40,1146.327026,A0DB8AF16E20,0002,male,C57BL/6,1.1.1,FR1_Approach,0,PelletTaken,3,3,3,0,0,0,7.077,117.000,0,1,,,,,,,,,,,,,,,,
2026-07-20 16:42:13,1179.389038,A0DB8AF16E20,0002,male,C57BL/6,1.1.1,FR1_Approach,0,Right,3,3,4,0,0,0,,,,,,,,,,,,,,,,,,,,
2026-07-20 16:42:20,1186.203979,A0DB8AF16E20,0002,male,C57BL/6,1.1.1,FR1_Approach,0,Right,3,3,5,0,0,0,,,,,,,,,,,,,,,,,,,,
2026-07-20 16:42:26,1192.395020,A0DB8AF16E20,0002,male,C57BL/6,1.1.1,FR1_Approach,0,Left,3,4,5,0,0,0,,,,,,,,,,,,,,,,,,,,
2026-07-20 16:42:28,1193.843018,A0DB8AF16E20,0002,male,C57BL/6,1.1.1,FR1_Approach,0,Approach,3,4,5,0,0,0,,,,,,,,,,,,,,,,,,,,
2026-07-20 16:42:31,1196.958984,A0DB8AF16E20,0002,male,C57BL/6,1.1.1,FR1_Approach,0,PelletDrop,4,4,5,0,0,0,,,,,,,,,,,,,,,,,,,,
2026-07-20 16:42:32,1198.397949,A0DB8AF16E20,0002,male,C57BL/6,1.1.1,FR1_Approach,0,PelletNotDetected,4,4,5,0,0,0,,,,,,,,,,,,,,,,,,,,
2026-07-20 16:42:40,1206.401978,A0DB8AF16E20,0002,male,C57BL/6,1.1.1,FR1_Approach,0,Status,4,4,5,0,0,0,,,,,Disabled,24.8,41.4,996.7,6.7,0.176,94.000,249060,339964,187548,246,4.05,90.70
2026-07-20 16:52:19,1374.192017,A0DB8AF16E20,0002,male,C57BL/6,1.1.1,FR1_Approach,0,Right,4,4,6,0,0,0,,,,,,,,,,,,,,,,,,,,
2026-07-20 16:52:44,1398.642944,A0DB8AF16E20,0002,male,C57BL/6,1.1.1,FR1_Approach,0,Left,4,5,6,0,0,0,,,,,,,,,,,,,,,,,,,,
2026-07-20 16:52:47,1401.672974,A0DB8AF16E20,0002,male,C57BL/6,1.1.1,FR1_Approach,0,No_approach,4,5,6,0,0,0,,,,,,,,,,,,,,,,,,,,
2026-07-20 16:52:51,1406.144043,A0DB8AF16E20,0002,male,C57BL/6,1.1.1,FR1_Approach,0,Center,4,5,6,1,0,0,,,,,,,,,,,,,,,,,,,,
2026-07-20 16:53:04,1419.060059,A0DB8AF16E20,0002,male,C57BL/6,1.1.1,FR1_Approach,0,Center,4,5,6,2,0,0,,,,,,,,,,,,,,,,,,,,
2026-07-20 16:53:08,1422.599976,A0DB8AF16E20,0002,male,C57BL/6,1.1.1,FR1_Approach,0,Left,4,6,6,2,0,0,,,,,,,,,,,,,,,,,,,,
2026-07-20 16:53:10,1424.547974,A0DB8AF16E20,0002,male,C57BL/6,1.1.1,FR1_Approach,0,Approach,4,6,6,2,0,0,,,,,,,,,,,,,,,,,,,,
2026-07-20 16:53:13,1427.598999,A0DB8AF16E20,0002,male,C57BL/6,1.1.1,FR1_Approach,0,PelletDrop,5,6,6,2,0,0,,,,,,,,,,,,,,,,,,,,
2026-07-20 16:53:14,1428.569946,A0DB8AF16E20,0002,male,C57BL/6,1.1.1,FR1_Approach,0,PelletTaken,5,6,6,2,0,0,0.104,362.000,0,2,,,,,,,,,,,,,,,,
2026-07-20 16:55:59,1594.155029,A0DB8AF16E20,0002,male,C57BL/6,1.1.1,FR1_Approach,0,Left,5,7,6,2,0,0,,,,,,,,,,,,,,,,,,,,
2026-07-20 16:56:00,1595.618042,A0DB8AF16E20,0002,male,C57BL/6,1.1.1,FR1_Approach,0,Approach,5,7,6,2,0,0,,,,,,,,,,,,,,,,,,,,
2026-07-20 16:56:03,1598.718018,A0DB8AF16E20,0002,male,C57BL/6,1.1.1,FR1_Approach,0,PelletDrop,6,7,6,2,0,0,,,,,,,,,,,,,,,,,,,,
2026-07-20 16:56:05,1600.156006,A0DB8AF16E20,0002,male,C57BL/6,1.1.1,FR1_Approach,0,PelletNotDetected,6,7,6,2,0,0,,,,,,,,,,,,,,,,,,,,
2026-07-20 16:56:28,1623.459961,A0DB8AF16E20,0002,male,C57BL/6,1.1.1,FR1_Approach,0,Center,6,7,6,3,0,0,,,,,,,,,,,,,,,,,,,,
2026-07-20 16:56:31,1626.302979,A0DB8AF16E20,0002,male,C57BL/6,1.1.1,FR1_Approach,0,Left,6,8,6,3,0,0,,,,,,,,,,,,,,,,,,,,
2026-07-20 16:56:32,1627.750000,A0DB8AF16E20,0002,male,C57BL/6,1.1.1,FR1_Approach,0,Approach,6,8,6,3,0,0,,,,,,,,,,,,,,,,,,,,
2026-07-20 16:56:36,1630.802002,A0DB8AF16E20,0002,male,C57BL/6,1.1.1,FR1_Approach,0,PelletDrop,7,8,6,3,0,0,,,,,,,,,,,,,,,,,,,,
2026-07-20 16:56:37,1632.255981,A0DB8AF16E20,0002,male,C57BL/6,1.1.1,FR1_Approach,0,PelletNotDetected,7,8,6,3,0,0,,,,,,,,,,,,,,,,,,,,
2026-07-20 16:58:04,1718.980957,A0DB8AF16E20,0002,male,C57BL/6,1.1.1,FR1_Approach,0,Right,7,8,7,3,0,0,,,,,,,,,,,,,,,,,,,,
2026-07-20 16:59:18,1793.137939,A0DB8AF16E20,0002,male,C57BL/6,1.1.1,FR1_Approach,0,Left,7,9,7,3,0,0,,,,,,,,,,,,,,,,,,,,
2026-07-20 16:59:21,1796.167969,A0DB8AF16E20,0002,male,C57BL/6,1.1.1,FR1_Approach,0,No_approach,7,9,7,3,0,0,,,,,,,,,,,,,,,,,,,,
2026-07-20 16:59:23,1798.172974,A0DB8AF16E20,0002,male,C57BL/6,1.1.1,FR1_Approach,0,Left,7,10,7,3,0,0,,,,,,,,,,,,,,,,,,,,
2026-07-20 16:59:26,1801.203003,A0DB8AF16E20,0002,male,C57BL/6,1.1.1,FR1_Approach,0,No_approach,7,10,7,3,0,0,,,,,,,,,,,,,,,,,,,,
2026-07-20 16:59:34,1809.187988,A0DB8AF16E20,0002,male,C57BL/6,1.1.1,FR1_Approach,0,Status,7,10,7,3,0,0,,,,,Disabled,24.8,42.8,996.5,7.2,0.173,92.000,247864,339964,180236,367,4.05,88.36
2026-07-20 17:00:04,1839.791016,A0DB8AF16E20,0002,male,C57BL/6,1.1.1,FR1_Approach,0,Right,7,10,8,3,0,0,,,,,,,,,,,,,,,,,,,,
2026-07-20 17:00:07,1842.488037,A0DB8AF16E20,0002,male,C57BL/6,1.1.1,FR1_Approach,0,Right,7,10,9,3,0,0,,,,,,,,,,,,,,,,,,,,
2026-07-20 17:00:29,1864.860962,A0DB8AF16E20,0002,male,C57BL/6,1.1.1,FR1_Approach,0,Right,7,10,10,3,0,0,,,,,,,,,,,,,,,,,,,,
2026-07-20 17:00:36,1871.484985,A0DB8AF16E20,0002,male,C57BL/6,1.1.1,FR1_Approach,0,Right,7,10,11,3,0,0,,,,,,,,,,,,,,,,,,,,
2026-07-20 17:00:39,1874.880981,A0DB8AF16E20,0002,male,C57BL/6,1.1.1,FR1_Approach,0,Left,7,11,11,3,0,0,,,,,,,,,,,,,,,,,,,,
2026-07-20 17:00:41,1876.328003,A0DB8AF16E20,0002,male,C57BL/6,1.1.1,FR1_Approach,0,Approach,7,11,11,3,0,0,,,,,,,,,,,,,,,,,,,,
2026-07-20 17:00:44,1879.817993,A0DB8AF16E20,0002,male,C57BL/6,1.1.1,FR1_Approach,0,PelletDrop,8,11,11,3,0,0,,,,,,,,,,,,,,,,,,,,
2026-07-20 17:00:46,1881.461060,A0DB8AF16E20,0002,male,C57BL/6,1.1.1,FR1_Approach,0,PelletTaken,8,11,11,3,0,0,0.797,151.000,0,3,,,,,,,,,,,,,,,,
2026-07-20 17:02:36,1992.040039,A0DB8AF16E20,0002,male,C57BL/6,1.1.1,FR1_Approach,0,Right,8,11,12,3,0,0,,,,,,,,,,,,,,,,,,,,
2026-07-20 17:04:21,2097.101074,A0DB8AF16E20,0002,male,C57BL/6,1.1.1,FR1_Approach,0,Left,8,12,12,3,0,0,,,,,,,,,,,,,,,,,,,,
2026-07-20 17:04:24,2100.131104,A0DB8AF16E20,0002,male,C57BL/6,1.1.1,FR1_Approach,0,No_approach,8,12,12,3,0,0,,,,,,,,,,,,,,,,,,,,
2026-07-20 17:04:26,2102.024902,A0DB8AF16E20,0002,male,C57BL/6,1.1.1,FR1_Approach,0,Left,8,13,12,3,0,0,,,,,,,,,,,,,,,,,,,,
2026-07-20 17:04:28,2104.222900,A0DB8AF16E20,0002,male,C57BL/6,1.1.1,FR1_Approach,0,Approach,8,13,12,3,0,0,,,,,,,,,,,,,,,,,,,,
2026-07-20 17:04:34,2109.541016,A0DB8AF16E20,0002,male,C57BL/6,1.1.1,FR1_Approach,0,PelletDrop,9,13,12,3,0,0,,,,,,,,,,,,,,,,,,,,
2026-07-20 17:04:41,2116.847900,A0DB8AF16E20,0002,male,C57BL/6,1.1.1,FR1_Approach,0,PelletTaken,9,13,12,3,0,0,6.461,235.000,0,2,,,,,,,,,,,,,,,,
2026-07-20 17:06:15,2210.691895,A0DB8AF16E20,0002,male,C57BL/6,1.1.1,FR1_Approach,0,Right,9,13,13,3,0,0,,,,,,,,,,,,,,,,,,,,
2026-07-20 17:07:18,2274.341064,A0DB8AF16E20,0002,male,C57BL/6,1.1.1,FR1_Approach,0,Right,9,13,14,3,0,0,,,,,,,,,,,,,,,,,,,,
2026-07-20 17:08:08,2323.891113,A0DB8AF16E20,0002,male,C57BL/6,1.1.1,FR1_Approach,0,Center,9,13,14,4,0,0,,,,,,,,,,,,,,,,,,,,
2026-07-20 17:08:10,2326.444092,A0DB8AF16E20,0002,male,C57BL/6,1.1.1,FR1_Approach,0,Center,9,13,14,5,0,0,,,,,,,,,,,,,,,,,,,,
2026-07-20 17:08:14,2330.020020,A0DB8AF16E20,0002,male,C57BL/6,1.1.1,FR1_Approach,0,Center,9,13,14,6,0,0,,,,,,,,,,,,,,,,,,,,
2026-07-20 17:08:16,2332.132080,A0DB8AF16E20,0002,male,C57BL/6,1.1.1,FR1_Approach,0,Left,9,14,14,6,0,0,,,,,,,,,,,,,,,,,,,,
2026-07-20 17:08:19,2335.162109,A0DB8AF16E20,0002,male,C57BL/6,1.1.1,FR1_Approach,0,No_approach,9,14,14,6,0,0,,,,,,,,,,,,,,,,,,,,
2026-07-20 17:08:21,2337.445068,A0DB8AF16E20,0002,male,C57BL/6,1.1.1,FR1_Approach,0,Right,9,14,15,6,0,0,,,,,,,,,,,,,,,,,,,,
2026-07-20 17:08:29,2345.620117,A0DB8AF16E20,0002,male,C57BL/6,1.1.1,FR1_Approach,0,Left,9,15,15,6,0,0,,,,,,,,,,,,,,,,,,,,
2026-07-20 17:08:31,2347.572998,A0DB8AF16E20,0002,male,C57BL/6,1.1.1,FR1_Approach,0,Approach,9,15,15,6,0,0,,,,,,,,,,,,,,,,,,,,
2026-07-20 17:08:40,2355.694092,A0DB8AF16E20,0002,male,C57BL/6,1.1.1,FR1_Approach,0,PelletDrop,10,15,15,6,0,0,,,,,,,,,,,,,,,,,,,,
2026-07-20 17:08:45,2361.593018,A0DB8AF16E20,0002,male,C57BL/6,1.1.1,FR1_Approach,0,PelletTaken,10,15,15,6,0,0,5.053,485.000,0,3,,,,,,,,,,,,,,,,
2026-07-20 17:09:21,2396.794922,A0DB8AF16E20,0002,male,C57BL/6,1.1.1,FR1_Approach,0,Left,10,16,15,6,0,0,,,,,,,,,,,,,,,,,,,,
2026-07-20 17:09:23,2399.733887,A0DB8AF16E20,0002,male,C57BL/6,1.1.1,FR1_Approach,0,Approach,10,16,15,6,0,0,,,,,,,,,,,,,,,,,,,,
2026-07-20 17:09:25,2401.542969,A0DB8AF16E20,0002,male,C57BL/6,1.1.1,FR1_Approach,0,PelletDrop,11,16,15,6,0,0,,,,,,,,,,,,,,,,,,,,
2026-07-20 17:09:27,2403.272949,A0DB8AF16E20,0002,male,C57BL/6,1.1.1,FR1_Approach,0,PelletTaken,11,16,15,6,0,0,0.884,61.000,0,0,,,,,,,,,,,,,,,,
2026-07-20 17:09:35,2411.258057,A0DB8AF16E20,0002,male,C57BL/6,1.1.1,FR1_Approach,0,Status,11,16,15,6,0,0,,,,,Disabled,24.9,42.7,996.2,7.7,0.166,91.000,247864,339964,180172,488,4.05,86.63
2026-07-20 17:09:51,2426.937012,A0DB8AF16E20,0002,male,C57BL/6,1.1.1,FR1_Approach,0,Center,11,16,15,7,0,0,,,,,,,,,,,,,,,,,,,,
2026-07-20 17:09:52,2428.591064,A0DB8AF16E20,0002,male,C57BL/6,1.1.1,FR1_Approach,0,Center,11,16,15,8,0,0,,,,,,,,,,,,,,,,,,,,
2026-07-20 17:09:59,2435.572998,A0DB8AF16E20,0002,male,C57BL/6,1.1.1,FR1_Approach,0,Right,11,16,16,8,0,0,,,,,,,,,,,,,,,,,,,,
2026-07-20 17:12:53,2609.056885,A0DB8AF16E20,0002,male,C57BL/6,1.1.1,FR1_Approach,0,Center,11,16,16,9,0,0,,,,,,,,,,,,,,,,,,,,
2026-07-20 17:12:56,2611.988037,A0DB8AF16E20,0002,male,C57BL/6,1.1.1,FR1_Approach,0,Center,11,16,16,10,0,0,,,,,,,,,,,,,,,,,,,,
2026-07-20 17:12:59,2615.472900,A0DB8AF16E20,0002,male,C57BL/6,1.1.1,FR1_Approach,0,Left,11,17,16,10,0,0,,,,,,,,,,,,,,,,,,,,
2026-07-20 17:13:00,2616.922119,A0DB8AF16E20,0002,male,C57BL/6,1.1.1,FR1_Approach,0,Approach,11,17,16,10,0,0,,,,,,,,,,,,,,,,,,,,
2026-07-20 17:13:04,2619.976074,A0DB8AF16E20,0002,male,C57BL/6,1.1.1,FR1_Approach,0,PelletDrop,12,17,16,10,0,0,,,,,,,,,,,,,,,,,,,,
2026-07-20 17:13:05,2621.429932,A0DB8AF16E20,0002,male,C57BL/6,1.1.1,FR1_Approach,0,PelletNotDetected,12,17,16,10,0,0,,,,,,,,,,,,,,,,,,,,
2026-07-20 17:13:30,2646.972900,A0DB8AF16E20,0002,male,C57BL/6,1.1.1,FR1_Approach,0,Center,12,17,16,11,0,0,,,,,,,,,,,,,,,,,,,,
2026-07-20 17:13:36,2652.988037,A0DB8AF16E20,0002,male,C57BL/6,1.1.1,FR1_Approach,0,Center,12,17,16,12,0,0,,,,,,,,,,,,,,,,,,,,
2026-07-20 17:13:44,2660.031982,A0DB8AF16E20,0002,male,C57BL/6,1.1.1,FR1_Approach,0,Center,12,17,16,13,0,0,,,,,,,,,,,,,,,,,,,,
2026-07-20 17:13:49,2665.053955,A0DB8AF16E20,0002,male,C57BL/6,1.1.1,FR1_Approach,0,Center,12,17,16,14,0,0,,,,,,,,,,,,,,,,,,,,
2026-07-20 17:13:53,2669.518066,A0DB8AF16E20,0002,male,C57BL/6,1.1.1,FR1_Approach,0,Center,12,17,16,15,0,0,,,,,,,,,,,,,,,,,,,,
2026-07-20 17:13:56,2672.132080,A0DB8AF16E20,0002,male,C57BL/6,1.1.1,FR1_Approach,0,Right,12,17,17,15,0,0,,,,,,,,,,,,,,,,,,,,
2026-07-20 17:18:41,2958.107910,A0DB8AF16E20,0002,male,C57BL/6,1.1.1,FR1_Approach,0,Left,12,18,17,15,0,0,,,,,,,,,,,,,,,,,,,,
2026-07-20 17:18:43,2959.573975,A0DB8AF16E20,0002,male,C57BL/6,1.1.1,FR1_Approach,0,Approach,12,18,17,15,0,0,,,,,,,,,,,,,,,,,,,,
2026-07-20 17:18:46,2962.626953,A0DB8AF16E20,0002,male,C57BL/6,1.1.1,FR1_Approach,0,PelletDrop,13,18,17,15,0,0,,,,,,,,,,,,,,,,,,,,
2026-07-20 17:18:47,2964.064941,A0DB8AF16E20,0002,male,C57BL/6,1.1.1,FR1_Approach,0,PelletNotDetected,13,18,17,15,0,0,,,,,,,,,,,,,,,,,,,,
2026-07-20 17:19:06,2982.791016,A0DB8AF16E20,0002,male,C57BL/6,1.1.1,FR1_Approach,0,Right,13,18,18,15,0,0,,,,,,,,,,,,,,,,,,,,
2026-07-20 17:19:36,3012.658936,A0DB8AF16E20,0002,male,C57BL/6,1.1.1,FR1_Approach,0,Status,13,18,18,15,0,0,,,,,Disabled,24.9,43.1,995.8,8.1,0.137,72.000,247864,339964,180156,618,4.05,85.63
2026-07-20 17:29:38,3615.150879,A0DB8AF16E20,0002,male,C57BL/6,1.1.1,FR1_Approach,0,Status,13,18,18,15,0,0,,,,,Disabled,24.9,43.2,995.6,8.4,0.155,78.000,247864,339964,180144,745,4.05,84.91
2026-07-20 17:39:41,4219.182129,A0DB8AF16E20,0002,male,C57BL/6,1.1.1,FR1_Approach,0,Status,13,18,18,15,0,0,,,,,Disabled,24.8,43.2,995.4,8.7,0.158,89.000,247864,339964,180144,872,4.05,84.34
2026-07-20 17:49:41,4820.270996,A0DB8AF16E20,0002,male,C57BL/6,1.1.1,FR1_Approach,0,Status,13,18,18,15,0,0,,,,,Disabled,24.8,43.0,995.3,8.9,0.158,89.000,247864,339964,180144,999,4.05,83.85
2026-07-20 17:54:55,5133.819824,A0DB8AF16E20,0002,male,C57BL/6,1.1.1,FR1_Approach,0,Left,13,19,18,15,0,0,,,,,,,,,,,,,,,,,,,,
2026-07-20 17:54:56,5135.268066,A0DB8AF16E20,0002,male,C57BL/6,1.1.1,FR1_Approach,0,Approach,13,19,18,15,0,0,,,,,,,,,,,,,,,,,,,,
2026-07-20 17:55:03,5142.574219,A0DB8AF16E20,0002,male,C57BL/6,1.1.1,FR1_Approach,0,PelletDrop,14,19,18,15,0,0,,,,,,,,,,,,,,,,,,,,
2026-07-20 17:55:17,5156.007812,A0DB8AF16E20,0002,male,C57BL/6,1.1.1,FR1_Approach,0,PelletTaken,14,19,18,15,0,0,12.588,742.000,0,4,,,,,,,,,,,,,,,,
2026-07-20 17:55:57,5196.106934,A0DB8AF16E20,0002,male,C57BL/6,1.1.1,FR1_Approach,0,Left,14,20,18,15,0,0,,,,,,,,,,,,,,,,,,,,
2026-07-20 17:55:58,5197.569824,A0DB8AF16E20,0002,male,C57BL/6,1.1.1,FR1_Approach,0,Approach,14,20,18,15,0,0,,,,,,,,,,,,,,,,,,,,
2026-07-20 17:56:02,5201.694824,A0DB8AF16E20,0002,male,C57BL/6,1.1.1,FR1_Approach,0,PelletDrop,15,20,18,15,0,0,,,,,,,,,,,,,,,,,,,,
2026-07-20 17:56:04,5203.133789,A0DB8AF16E20,0002,male,C57BL/6,1.1.1,FR1_Approach,0,PelletNotDetected,15,20,18,15,0,0,,,,,,,,,,,,,,,,,,,,
2026-07-20 17:56:27,5226.051758,A0DB8AF16E20,0002,male,C57BL/6,1.1.1,FR1_Approach,0,Left,15,21,18,15,0,0,,,,,,,,,,,,,,,,,,,,
2026-07-20 17:56:30,5229.098145,A0DB8AF16E20,0002,male,C57BL/6,1.1.1,FR1_Approach,0,No_approach,15,21,18,15,0,0,,,,,,,,,,,,,,,,,,,,
2026-07-20 17:56:37,5236.416016,A0DB8AF16E20,0002,male,C57BL/6,1.1.1,FR1_Approach,0,Left,15,22,18,15,0,0,,,,,,,,,,,,,,,,,,,,
2026-07-20 17:56:38,5237.863770,A0DB8AF16E20,0002,male,C57BL/6,1.1.1,FR1_Approach,0,Approach,15,22,18,15,0,0,,,,,,,,,,,,,,,,,,,,
2026-07-20 17:56:41,5240.915039,A0DB8AF16E20,0002,male,C57BL/6,1.1.1,FR1_Approach,0,PelletDrop,16,22,18,15,0,0,,,,,,,,,,,,,,,,,,,,
2026-07-20 17:56:44,5243.331055,A0DB8AF16E20,0002,male,C57BL/6,1.1.1,FR1_Approach,0,PelletTaken,16,22,18,15,0,0,1.545,2002.000,0,2,,,,,,,,,,,,,,,,
2026-07-20 17:57:08,5267.378906,A0DB8AF16E20,0002,male,C57BL/6,1.1.1,FR1_Approach,0,Left,16,23,18,15,0,0,,,,,,,,,,,,,,,,,,,,
2026-07-20 17:57:11,5270.409180,A0DB8AF16E20,0002,male,C57BL/6,1.1.1,FR1_Approach,0,No_approach,16,23,18,15,0,0,,,,,,,,,,,,,,,,,,,,
2026-07-20 17:57:15,5274.333984,A0DB8AF16E20,0002,male,C57BL/6,1.1.1,FR1_Approach,0,Left,16,24,18,15,0,0,,,,,,,,,,,,,,,,,,,,
2026-07-20 17:57:18,5277.376953,A0DB8AF16E20,0002,male,C57BL/6,1.1.1,FR1_Approach,0,No_approach,16,24,18,15,0,0,,,,,,,,,,,,,,,,,,,,
2026-07-20 17:57:58,5317.367188,A0DB8AF16E20,0002,male,C57BL/6,1.1.1,FR1_Approach,0,Right,16,24,19,15,0,0,,,,,,,,,,,,,,,,,,,,
2026-07-20 17:57:59,5319.036133,A0DB8AF16E20,0002,male,C57BL/6,1.1.1,FR1_Approach,0,Right,16,24,20,15,0,0,,,,,,,,,,,,,,,,,,,,
2026-07-20 17:59:44,5423.253906,A0DB8AF16E20,0002,male,C57BL/6,1.1.1,FR1_Approach,0,Status,16,24,20,15,0,0,,,,,Disabled,24.8,42.7,995.3,9.1,0.166,88.000,247772,339964,180064,1117,4.05,83.68
2026-07-20 18:05:34,5774.138184,A0DB8AF16E20,0002,male,C57BL/6,1.1.1,FR1_Approach,0,Right,16,24,21,15,0,0,,,,,,,,,,,,,,,,,,,,
2026-07-20 18:05:42,5782.236816,A0DB8AF16E20,0002,male,C57BL/6,1.1.1,FR1_Approach,0,Center,16,24,21,16,0,0,,,,,,,,,,,,,,,,,,,,
2026-07-20 18:05:52,5791.854980,A0DB8AF16E20,0002,male,C57BL/6,1.1.1,FR1_Approach,0,Left,16,25,21,16,0,0,,,,,,,,,,,,,,,,,,,,
2026-07-20 18:05:53,5793.306152,A0DB8AF16E20,0002,male,C57BL/6,1.1.1,FR1_Approach,0,Approach,16,25,21,16,0,0,,,,,,,,,,,,,,,,,,,,
2026-07-20 18:05:56,5796.421875,A0DB8AF16E20,0002,male,C57BL/6,1.1.1,FR1_Approach,0,PelletDrop,17,25,21,16,0,0,,,,,,,,,,,,,,,,,,,,
2026-07-20 18:05:58,5798.053223,A0DB8AF16E20,0002,male,C57BL/6,1.1.1,FR1_Approach,0,PelletTaken,17,25,21,16,0,0,0.785,257.000,0,1,,,,,,,,,,,,,,,,
2026-07-20 18:06:45,5845.556152,A0DB8AF16E20,0002,male,C57BL/6,1.1.1,FR1_Approach,0,Right,17,25,22,16,0,0,,,,,,,,,,,,,,,,,,,,
2026-07-20 18:06:49,5849.762207,A0DB8AF16E20,0002,male,C57BL/6,1.1.1,FR1_Approach,0,Right,17,25,23,16,0,0,,,,,,,,,,,,,,,,,,,,
2026-07-20 18:06:52,5852.573242,A0DB8AF16E20,0002,male,C57BL/6,1.1.1,FR1_Approach,0,Right,17,25,24,16,0,0,,,,,,,,,,,,,,,,,,,,
2026-07-20 18:07:01,5861.089844,A0DB8AF16E20,0002,male,C57BL/6,1.1.1,FR1_Approach,0,Left,17,26,24,16,0,0,,,,,,,,,,,,,,,,,,,,
2026-07-20 18:07:04,5864.131836,A0DB8AF16E20,0002,male,C57BL/6,1.1.1,FR1_Approach,0,No_approach,17,26,24,16,0,0,,,,,,,,,,,,,,,,,,,,
2026-07-20 18:08:03,5923.837891,A0DB8AF16E20,0002,male,C57BL/6,1.1.1,FR1_Approach,0,Left,17,27,24,16,0,0,,,,,,,,,,,,,,,,,,,,
2026-07-20 18:08:05,5925.286133,A0DB8AF16E20,0002,male,C57BL/6,1.1.1,FR1_Approach,0,Approach,17,27,24,16,0,0,,,,,,,,,,,,,,,,,,,,
2026-07-20 18:08:10,5930.604980,A0DB8AF16E20,0002,male,C57BL/6,1.1.1,FR1_Approach,0,PelletDrop,18,27,24,16,0,0,,,,,,,,,,,,,,,,,,,,
2026-07-20 18:08:23,5943.160156,A0DB8AF16E20,0002,male,C57BL/6,1.1.1,FR1_Approach,0,PelletTaken,18,27,24,16,0,0,11.709,514.000,0,2,,,,,,,,,,,,,,,,
2026-07-20 18:08:48,5968.395020,A0DB8AF16E20,0002,male,C57BL/6,1.1.1,FR1_Approach,0,Left,18,28,24,16,0,0,,,,,,,,,,,,,,,,,,,,
2026-07-20 18:08:51,5971.553223,A0DB8AF16E20,0002,male,C57BL/6,1.1.1,FR1_Approach,0,Approach,18,28,24,16,0,0,,,,,,,,,,,,,,,,,,,,
2026-07-20 18:08:58,5979.088867,A0DB8AF16E20,0002,male,C57BL/6,1.1.1,FR1_Approach,0,PelletDrop,19,28,24,16,0,0,,,,,,,,,,,,,,,,,,,,
2026-07-20 18:09:08,5988.188965,A0DB8AF16E20,0002,male,C57BL/6,1.1.1,FR1_Approach,0,PelletTaken,19,28,24,16,0,0,8.254,476.000,0,3,,,,,,,,,,,,,,,,
2026-07-20 18:09:40,6020.854980,A0DB8AF16E20,0002,male,C57BL/6,1.1.1,FR1_Approach,0,Left,19,29,24,16,0,0,,,,,,,,,,,,,,,,,,,,
2026-07-20 18:09:43,6023.277832,A0DB8AF16E20,0002,male,C57BL/6,1.1.1,FR1_Approach,0,Approach,19,29,24,16,0,0,,,,,,,,,,,,,,,,,,,,
2026-07-20 18:09:46,6026.378906,A0DB8AF16E20,0002,male,C57BL/6,1.1.1,FR1_Approach,0,PelletDrop,20,29,24,16,0,0,,,,,,,,,,,,,,,,,,,,
2026-07-20 18:09:47,6027.817871,A0DB8AF16E20,0002,male,C57BL/6,1.1.1,FR1_Approach,0,PelletNotDetected,20,29,24,16,0,0,,,,,,,,,,,,,,,,,,,,
2026-07-20 18:09:55,6035.838867,A0DB8AF16E20,0002,male,C57BL/6,1.1.1,FR1_Approach,0,Status,20,29,24,16,0,0,,,,,Disabled,24.9,42.2,995.4,9.2,0.000,0.000,247772,339964,180060,1236,4.05,83.20
2026-07-20 18:19:58,6638.999023,A0DB8AF16E20,0002,male,C57BL/6,1.1.1,FR1_Approach,0,Status,20,29,24,16,0,0,,,,,Disabled,24.9,42.4,995.5,9.3,0.000,0.000,247772,339964,180060,1362,4.04,83.03
2026-07-20 18:30:01,7242.732910,A0DB8AF16E20,0002,male,C57BL/6,1.1.1,FR1_Approach,0,Status,20,29,24,16,0,0,,,,,Disabled,24.9,42.3,995.5,9.5,0.000,0.000,247772,339964,180060,1488,4.04,82.87
2026-07-20 18:31:36,7337.428223,A0DB8AF16E20,0002,male,C57BL/6,1.1.1,FR1_Approach,0,Right,20,29,25,16,0,0,,,,,,,,,,,,,,,,,,,,
2026-07-20 18:31:38,7340.155762,A0DB8AF16E20,0002,male,C57BL/6,1.1.1,FR1_Approach,0,Right,20,29,26,16,0,0,,,,,,,,,,,,,,,,,,,,
2026-07-20 18:31:46,7347.442871,A0DB8AF16E20,0002,male,C57BL/6,1.1.1,FR1_Approach,0,Left,20,30,26,16,0,0,,,,,,,,,,,,,,,,,,,,
2026-07-20 18:31:47,7348.910156,A0DB8AF16E20,0002,male,C57BL/6,1.1.1,FR1_Approach,0,Approach,20,30,26,16,0,0,,,,,,,,,,,,,,,,,,,,
2026-07-20 18:31:50,7351.961914,A0DB8AF16E20,0002,male,C57BL/6,1.1.1,FR1_Approach,0,PelletDrop,21,30,26,16,0,0,,,,,,,,,,,,,,,,,,,,
2026-07-20 18:31:51,7353.400879,A0DB8AF16E20,0002,male,C57BL/6,1.1.1,FR1_Approach,0,PelletNotDetected,21,30,26,16,0,0,,,,,,,,,,,,,,,,,,,,
2026-07-20 18:32:23,7384.652832,A0DB8AF16E20,0002,male,C57BL/6,1.1.1,FR1_Approach,0,Left,21,31,26,16,0,0,,,,,,,,,,,,,,,,,,,,
2026-07-20 18:32:25,7386.604004,A0DB8AF16E20,0002,male,C57BL/6,1.1.1,FR1_Approach,0,Approach,21,31,26,16,0,0,,,,,,,,,,,,,,,,,,,,
2026-07-20 18:32:34,7396.074219,A0DB8AF16E20,0002,male,C57BL/6,1.1.1,FR1_Approach,0,PelletDrop,22,31,26,16,0,0,,,,,,,,,,,,,,,,,,,,
2026-07-20 18:32:42,7404.403809,A0DB8AF16E20,0002,male,C57BL/6,1.1.1,FR1_Approach,0,PelletTaken,22,31,26,16,0,0,7.484,128.000,0,5,,,,,,,,,,,,,,,,
2026-07-20 18:33:18,7439.617188,A0DB8AF16E20,0002,male,C57BL/6,1.1.1,FR1_Approach,0,Left,22,32,26,16,0,0,,,,,,,,,,,,,,,,,,,,
2026-07-20 18:33:21,7442.663086,A0DB8AF16E20,0002,male,C57BL/6,1.1.1,FR1_Approach,0,No_approach,22,32,26,16,0,0,,,,,,,,,,,,,,,,,,,,
2026-07-20 18:33:28,7450.168945,A0DB8AF16E20,0002,male,C57BL/6,1.1.1,FR1_Approach,0,Center,22,32,26,17,0,0,,,,,,,,,,,,,,,,,,,,
2026-07-20 18:33:33,7454.976074,A0DB8AF16E20,0002,male,C57BL/6,1.1.1,FR1_Approach,0,Center,22,32,26,18,0,0,,,,,,,,,,,,,,,,,,,,
2026-07-20 18:33:36,7458.023926,A0DB8AF16E20,0002,male,C57BL/6,1.1.1,FR1_Approach,0,Left,22,33,26,18,0,0,,,,,,,,,,,,,,,,,,,,
2026-07-20 18:33:39,7461.069824,A0DB8AF16E20,0002,male,C57BL/6,1.1.1,FR1_Approach,0,No_approach,22,33,26,18,0,0,,,,,,,,,,,,,,,,,,,,
2026-07-20 18:33:45,7466.598145,A0DB8AF16E20,0002,male,C57BL/6,1.1.1,FR1_Approach,0,Right,22,33,27,18,0,0,,,,,,,,,,,,,,,,,,,,
2026-07-20 18:33:48,7470.170898,A0DB8AF16E20,0002,male,C57BL/6,1.1.1,FR1_Approach,0,Center,22,33,27,19,0,0,,,,,,,,,,,,,,,,,,,,
2026-07-20 18:33:51,7472.946777,A0DB8AF16E20,0002,male,C57BL/6,1.1.1,FR1_Approach,0,Center,22,33,27,20,0,0,,,,,,,,,,,,,,,,,,,,
2026-07-20 18:33:54,7476.113770,A0DB8AF16E20,0002,male,C57BL/6,1.1.1,FR1_Approach,0,Center,22,33,27,21,0,0,,,,,,,,,,,,,,,,,,,,
2026-07-20 18:33:57,7479.430176,A0DB8AF16E20,0002,male,C57BL/6,1.1.1,FR1_Approach,0,Center,22,33,27,22,0,0,,,,,,,,,,,,,,,,,,,,
2026-07-20 18:34:00,7482.484863,A0DB8AF16E20,0002,male,C57BL/6,1.1.1,FR1_Approach,0,Left,22,34,27,22,0,0,,,,,,,,,,,,,,,,,,,,
2026-07-20 18:34:02,7484.176758,A0DB8AF16E20,0002,male,C57BL/6,1.1.1,FR1_Approach,0,Approach,22,34,27,22,0,0,,,,,,,,,,,,,,,,,,,,
2026-07-20 18:34:14,7495.917969,A0DB8AF16E20,0002,male,C57BL/6,1.1.1,FR1_Approach,0,PelletDrop,23,34,27,22,0,0,,,,,,,,,,,,,,,,,,,,
2026-07-20 18:34:23,7504.997070,A0DB8AF16E20,0002,male,C57BL/6,1.1.1,FR1_Approach,0,PelletTaken,23,34,27,22,0,0,8.233,116.000,0,4,,,,,,,,,,,,,,,,
2026-07-20 18:37:44,7706.338867,A0DB8AF16E20,0002,male,C57BL/6,1.1.1,FR1_Approach,0,Left,23,35,27,22,0,0,,,,,,,,,,,,,,,,,,,,
2026-07-20 18:37:45,7707.790039,A0DB8AF16E20,0002,male,C57BL/6,1.1.1,FR1_Approach,0,Approach,23,35,27,22,0,0,,,,,,,,,,,,,,,,,,,,
2026-07-20 18:37:53,7715.341797,A0DB8AF16E20,0002,male,C57BL/6,1.1.1,FR1_Approach,0,PelletDrop,24,35,27,22,0,0,,,,,,,,,,,,,,,,,,,,
2026-07-20 18:38:05,7727.511230,A0DB8AF16E20,0002,male,C57BL/6,1.1.1,FR1_Approach,0,PelletTaken,24,35,27,22,0,0,11.324,42.000,0,3,,,,,,,,,,,,,,,,
2026-07-20 18:40:01,7842.982910,A0DB8AF16E20,0002,male,C57BL/6,1.1.1,FR1_Approach,0,Status,24,35,27,22,0,0,,,,,Disabled,25.0,41.7,995.6,9.5,0.000,0.000,247772,339964,180060,1600,4.05,82.70
2026-07-20 18:40:50,7892.585938,A0DB8AF16E20,0002,male,C57BL/6,1.1.1,FR1_Approach,0,Center,24,35,27,23,0,0,,,,,,,,,,,,,,,,,,,,
2026-07-20 18:48:29,8352.077148,A0DB8AF16E20,0002,male,C57BL/6,1.1.1,FR1_Approach,0,Center,24,35,27,24,0,0,,,,,,,,,,,,,,,,,,,,
2026-07-20 18:48:42,8364.784180,A0DB8AF16E20,0002,male,C57BL/6,1.1.1,FR1_Approach,0,Center,24,35,27,25,0,0,,,,,,,,,,,,,,,,,,,,
2026-07-20 18:48:54,8376.431641,A0DB8AF16E20,0002,male,C57BL/6,1.1.1,FR1_Approach,0,Center,24,35,27,26,0,0,,,,,,,,,,,,,,,,,,,,
2026-07-20 18:48:55,8378.263672,A0DB8AF16E20,0002,male,C57BL/6,1.1.1,FR1_Approach,0,Left,24,36,27,26,0,0,,,,,,,,,,,,,,,,,,,,
2026-07-20 18:48:57,8379.711914,A0DB8AF16E20,0002,male,C57BL/6,1.1.1,FR1_Approach,0,Approach,24,36,27,26,0,0,,,,,,,,,,,,,,,,,,,,
2026-07-20 18:49:02,8385.030273,A0DB8AF16E20,0002,male,C57BL/6,1.1.1,FR1_Approach,0,PelletDrop,25,36,27,26,0,0,,,,,,,,,,,,,,,,,,,,
2026-07-20 18:49:13,8396.320312,A0DB8AF16E20,0002,male,C57BL/6,1.1.1,FR1_Approach,0,PelletTaken,25,36,27,26,0,0,10.444,203.000,0,2,,,,,,,,,,,,,,,,
2026-07-20 18:50:11,8454.387695,A0DB8AF16E20,0002,male,C57BL/6,1.1.1,FR1_Approach,0,Status,25,36,27,26,0,0,,,,,Disabled,25.1,42.1,995.5,9.5,0.000,0.000,247772,339964,180060,1725,4.02,82.54
2026-07-20 18:50:52,8495.581055,A0DB8AF16E20,0002,male,C57BL/6,1.1.1,FR1_Approach,0,Right,25,36,28,26,0,0,,,,,,,,,,,,,,,,,,,,
2026-07-20 18:50:54,8498.271484,A0DB8AF16E20,0002,male,C57BL/6,1.1.1,FR1_Approach,0,Right,25,36,29,26,0,0,,,,,,,,,,,,,,,,,,,,
2026-07-20 18:50:59,8502.335938,A0DB8AF16E20,0002,male,C57BL/6,1.1.1,FR1_Approach,0,Right,25,36,30,26,0,0,,,,,,,,,,,,,,,,,,,,
2026-07-20 18:51:03,8506.787109,A0DB8AF16E20,0002,male,C57BL/6,1.1.1,FR1_Approach,0,Left,25,37,30,26,0,0,,,,,,,,,,,,,,,,,,,,
2026-07-20 18:51:06,8509.817383,A0DB8AF16E20,0002,male,C57BL/6,1.1.1,FR1_Approach,0,No_approach,25,37,30,26,0,0,,,,,,,,,,,,,,,,,,,,
2026-07-20 18:51:08,8512.241211,A0DB8AF16E20,0002,male,C57BL/6,1.1.1,FR1_Approach,0,Left,25,38,30,26,0,0,,,,,,,,,,,,,,,,,,,,
2026-07-20 18:51:11,8515.272461,A0DB8AF16E20,0002,male,C57BL/6,1.1.1,FR1_Approach,0,No_approach,25,38,30,26,0,0,,,,,,,,,,,,,,,,,,,,
2026-07-20 18:51:13,8516.996094,A0DB8AF16E20,0002,male,C57BL/6,1.1.1,FR1_Approach,0,Left,25,39,30,26,0,0,,,,,,,,,,,,,,,,,,,,
2026-07-20 18:51:16,8520.026367,A0DB8AF16E20,0002,male,C57BL/6,1.1.1,FR1_Approach,0,No_approach,25,39,30,26,0,0,,,,,,,,,,,,,,,,,,,,
2026-07-20 18:51:19,8523.121094,A0DB8AF16E20,0002,male,C57BL/6,1.1.1,FR1_Approach,0,Left,25,40,30,26,0,0,,,,,,,,,,,,,,,,,,,,
2026-07-20 18:51:22,8526.161133,A0DB8AF16E20,0002,male,C57BL/6,1.1.1,FR1_Approach,0,No_approach,25,40,30,26,0,0,,,,,,,,,,,,,,,,,,,,
2026-07-20 18:51:42,8546.213867,A0DB8AF16E20,0002,male,C57BL/6,1.1.1,FR1_Approach,0,Right,25,40,31,26,0,0,,,,,,,,,,,,,,,,,,,,
2026-07-20 18:51:45,8549.235352,A0DB8AF16E20,0002,male,C57BL/6,1.1.1,FR1_Approach,0,Left,25,41,31,26,0,0,,,,,,,,,,,,,,,,,,,,
2026-07-20 18:51:47,8550.682617,A0DB8AF16E20,0002,male,C57BL/6,1.1.1,FR1_Approach,0,Approach,25,41,31,26,0,0,,,,,,,,,,,,,,,,,,,,
2026-07-20 18:51:52,8556.000000,A0DB8AF16E20,0002,male,C57BL/6,1.1.1,FR1_Approach,0,PelletDrop,26,41,31,26,0,0,,,,,,,,,,,,,,,,,,,,
2026-07-20 18:52:01,8564.521484,A0DB8AF16E20,0002,male,C57BL/6,1.1.1,FR1_Approach,0,PelletTaken,26,41,31,26,0,0,7.649,283.000,0,2,,,,,,,,,,,,,,,,
2026-07-20 18:52:56,8620.143555,A0DB8AF16E20,0002,male,C57BL/6,1.1.1,FR1_Approach,0,Center,26,41,31,27,0,0,,,,,,,,,,,,,,,,,,,,
2026-07-20 18:53:01,8624.588867,A0DB8AF16E20,0002,male,C57BL/6,1.1.1,FR1_Approach,0,Right,26,41,32,27,0,0,,,,,,,,,,,,,,,,,,,,
2026-07-20 18:53:04,8627.576172,A0DB8AF16E20,0002,male,C57BL/6,1.1.1,FR1_Approach,0,Center,26,41,32,28,0,0,,,,,,,,,,,,,,,,,,,,
2026-07-20 18:53:05,8629.134766,A0DB8AF16E20,0002,male,C57BL/6,1.1.1,FR1_Approach,0,Center,26,41,32,29,0,0,,,,,,,,,,,,,,,,,,,,
2026-07-20 18:53:07,8631.216797,A0DB8AF16E20,0002,male,C57BL/6,1.1.1,FR1_Approach,0,Center,26,41,32,30,0,0,,,,,,,,,,,,,,,,,,,,
2026-07-20 18:53:11,8634.484375,A0DB8AF16E20,0002,male,C57BL/6,1.1.1,FR1_Approach,0,Left,26,42,32,30,0,0,,,,,,,,,,,,,,,,,,,,
2026-07-20 18:53:12,8635.950195,A0DB8AF16E20,0002,male,C57BL/6,1.1.1,FR1_Approach,0,Approach,26,42,32,30,0,0,,,,,,,,,,,,,,,,,,,,
2026-07-20 18:53:15,8639.049805,A0DB8AF16E20,0002,male,C57BL/6,1.1.1,FR1_Approach,0,PelletDrop,27,42,32,30,0,0,,,,,,,,,,,,,,,,,,,,
2026-07-20 18:53:17,8640.489258,A0DB8AF16E20,0002,male,C57BL/6,1.1.1,FR1_Approach,0,PelletNotDetected,27,42,32,30,0,0,,,,,,,,,,,,,,,,,,,,
2026-07-20 18:53:38,8662.031250,A0DB8AF16E20,0002,male,C57BL/6,1.1.1,FR1_Approach,0,Center,27,42,32,31,0,0,,,,,,,,,,,,,,,,,,,,
2026-07-20 18:54:58,8742.321289,A0DB8AF16E20,0002,male,C57BL/6,1.1.1,FR1_Approach,0,Right,27,42,33,31,0,0,,,,,,,,,,,,,,,,,,,,
2026-07-20 18:55:14,8758.108398,A0DB8AF16E20,0002,male,C57BL/6,1.1.1,FR1_Approach,0,Left,27,43,33,31,0,0,,,,,,,,,,,,,,,,,,,,
2026-07-20 18:55:15,8759.558594,A0DB8AF16E20,0002,male,C57BL/6,1.1.1,FR1_Approach,0,Approach,27,43,33,31,0,0,,,,,,,,,,,,,,,,,,,,
2026-07-20 18:55:21,8765.366211,A0DB8AF16E20,0002,male,C57BL/6,1.1.1,FR1_Approach,0,PelletDrop,28,43,33,31,0,0,,,,,,,,,,,,,,,,,,,,
2026-07-20 18:55:22,8766.365234,A0DB8AF16E20,0002,male,C57BL/6,1.1.1,FR1_Approach,0,PelletTaken,28,43,33,31,0,0,0.137,13.000,0,3,,,,,,,,,,,,,,,,
2026-07-20 19:00:57,9101.125977,A0DB8AF16E20,0002,male,C57BL/6,1.1.1,FR1_Approach,0,Status,28,43,33,31,0,0,,,,,Disabled,25.1,42.6,995.5,9.4,0.000,0.000,247772,339964,180060,1859,4.05,82.38
2026-07-20 19:02:13,9177.180664,A0DB8AF16E20,0002,male,C57BL/6,1.1.1,FR1_Approach,0,Right,28,43,34,31,0,0,,,,,,,,,,,,,,,,,,,,
2026-07-20 19:05:45,9389.288086,A0DB8AF16E20,0002,male,C57BL/6,1.1.1,FR1_Approach,0,Center,28,43,34,32,0,0,,,,,,,,,,,,,,,,,,,,
2026-07-20 19:05:58,9401.912109,A0DB8AF16E20,0002,male,C57BL/6,1.1.1,FR1_Approach,0,Center,28,43,34,33,0,0,,,,,,,,,,,,,,,,,,,,
2026-07-20 19:06:02,9406.287109,A0DB8AF16E20,0002,male,C57BL/6,1.1.1,FR1_Approach,0,Center,28,43,34,34,0,0,,,,,,,,,,,,,,,,,,,,
2026-07-20 19:06:04,9408.282227,A0DB8AF16E20,0002,male,C57BL/6,1.1.1,FR1_Approach,0,Left,28,44,34,34,0,0,,,,,,,,,,,,,,,,,,,,
2026-07-20 19:06:05,9409.730469,A0DB8AF16E20,0002,male,C57BL/6,1.1.1,FR1_Approach,0,Approach,28,44,34,34,0,0,,,,,,,,,,,,,,,,,,,,
2026-07-20 19:06:13,9417.235352,A0DB8AF16E20,0002,male,C57BL/6,1.1.1,FR1_Approach,0,PelletDrop,29,44,34,34,0,0,,,,,,,,,,,,,,,,,,,,
2026-07-20 19:06:22,9426.654297,A0DB8AF16E20,0002,male,C57BL/6,1.1.1,FR1_Approach,0,PelletTaken,29,44,34,34,0,0,8.574,324.000,0,3,,,,,,,,,,,,,,,,
2026-07-20 19:06:57,9461.837891,A0DB8AF16E20,0002,male,C57BL/6,1.1.1,FR1_Approach,0,Right,29,44,35,34,0,0,,,,,,,,,,,,,,,,,,,,
2026-07-20 19:07:07,9471.236328,A0DB8AF16E20,0002,male,C57BL/6,1.1.1,FR1_Approach,0,Left,29,45,35,34,0,0,,,,,,,,,,,,,,,,,,,,
2026-07-20 19:07:09,9473.662109,A0DB8AF16E20,0002,male,C57BL/6,1.1.1,FR1_Approach,0,Approach,29,45,35,34,0,0,,,,,,,,,,,,,,,,,,,,
2026-07-20 19:07:14,9478.980469,A0DB8AF16E20,0002,male,C57BL/6,1.1.1,FR1_Approach,0,PelletDrop,30,45,35,34,0,0,,,,,,,,,,,,,,,,,,,,
2026-07-20 19:07:24,9488.829102,A0DB8AF16E20,0002,male,C57BL/6,1.1.1,FR1_Approach,0,PelletTaken,30,45,35,34,0,0,9.003,491.000,0,2,,,,,,,,,,,,,,,,
2026-07-20 19:08:00,9524.323242,A0DB8AF16E20,0002,male,C57BL/6,1.1.1,FR1_Approach,0,Left,30,46,35,34,0,0,,,,,,,,,,,,,,,,,,,,
2026-07-20 19:08:03,9527.352539,A0DB8AF16E20,0002,male,C57BL/6,1.1.1,FR1_Approach,0,No_approach,30,46,35,34,0,0,,,,,,,,,,,,,,,,,,,,
2026-07-20 19:09:14,9598.686523,A0DB8AF16E20,0002,male,C57BL/6,1.1.1,FR1_Approach,0,Right,30,46,36,34,0,0,,,,,,,,,,,,,,,,,,,,
2026-07-20 19:11:41,9746.052734,A0DB8AF16E20,0002,male,C57BL/6,1.1.1,FR1_Approach,0,Left,30,47,36,34,0,0,,,,,,,,,,,,,,,,,,,,
2026-07-20 19:11:43,9747.515625,A0DB8AF16E20,0002,male,C57BL/6,1.1.1,FR1_Approach,0,Approach,30,47,36,34,0,0,,,,,,,,,,,,,,,,,,,,
2026-07-20 19:11:48,9752.843750,A0DB8AF16E20,0002,male,C57BL/6,1.1.1,FR1_Approach,0,PelletDrop,31,47,36,34,0,0,,,,,,,,,,,,,,,,,,,,
2026-07-20 19:11:58,9762.516602,A0DB8AF16E20,0002,male,C57BL/6,1.1.1,FR1_Approach,0,PelletTaken,31,47,36,34,0,0,8.827,184.000,0,2,,,,,,,,,,,,,,,,
2026-07-20 19:12:06,9770.532227,A0DB8AF16E20,0002,male,C57BL/6,1.1.1,FR1_Approach,0,Status,31,47,36,34,0,0,,,,,Disabled,25.1,42.0,995.4,9.4,0.000,0.000,247772,339964,180060,1992,4.03,82.21
2026-07-20 19:17:09,10073.725586,A0DB8AF16E20,0002,male,C57BL/6,1.1.1,FR1_Approach,0,Right,31,47,37,34,0,0,,,,,,,,,,,,,,,,,,,,
2026-07-20 19:20:44,10289.623047,A0DB8AF16E20,0002,male,C57BL/6,1.1.1,FR1_Approach,0,Right,31,47,38,34,0,0,,,,,,,,,,,,,,,,,,,,
2026-07-20 19:20:58,10303.619141,A0DB8AF16E20,0002,male,C57BL/6,1.1.1,FR1_Approach,0,Center,31,47,38,35,0,0,,,,,,,,,,,,,,,,,,,,
2026-07-20 19:21:19,10324.357422,A0DB8AF16E20,0002,male,C57BL/6,1.1.1,FR1_Approach,0,Center,31,47,38,36,0,0,,,,,,,,,,,,,,,,,,,,
2026-07-20 19:22:31,10396.658203,A0DB8AF16E20,0002,male,C57BL/6,1.1.1,FR1_Approach,0,Status,31,47,38,36,0,0,,,,,Disabled,25.1,42.6,995.3,9.5,0.000,0.000,247772,339964,180060,2125,4.03,82.05
2026-07-20 19:23:09,10434.657227,A0DB8AF16E20,0002,male,C57BL/6,1.1.1,FR1_Approach,0,Right,31,47,39,36,0,0,,,,,,,,,,,,,,,,,,,,
2026-07-20 19:26:03,10608.669922,A0DB8AF16E20,0002,male,C57BL/6,1.1.1,FR1_Approach,0,Left,31,48,39,36,0,0,,,,,,,,,,,,,,,,,,,,
2026-07-20 19:26:04,10610.159180,A0DB8AF16E20,0002,male,C57BL/6,1.1.1,FR1_Approach,0,Approach,31,48,39,36,0,0,,,,,,,,,,,,,,,,,,,,
2026-07-20 19:26:10,10615.499023,A0DB8AF16E20,0002,male,C57BL/6,1.1.1,FR1_Approach,0,PelletDrop,32,48,39,36,0,0,,,,,,,,,,,,,,,,,,,,
2026-07-20 19:26:20,10625.657227,A0DB8AF16E20,0002,male,C57BL/6,1.1.1,FR1_Approach,0,PelletTaken,32,48,39,36,0,0,9.289,22.000,0,2,,,,,,,,,,,,,,,,
2026-07-20 19:30:02,10847.841797,A0DB8AF16E20,0002,male,C57BL/6,1.1.1,FR1_Approach,0,Center,32,48,39,37,0,0,,,,,,,,,,,,,,,,,,,,
2026-07-20 19:30:04,10850.089844,A0DB8AF16E20,0002,male,C57BL/6,1.1.1,FR1_Approach,0,Left,32,49,39,37,0,0,,,,,,,,,,,,,,,,,,,,
2026-07-20 19:30:06,10852.293945,A0DB8AF16E20,0002,male,C57BL/6,1.1.1,FR1_Approach,0,Approach,32,49,39,37,0,0,,,,,,,,,,,,,,,,,,,,
2026-07-20 19:30:09,10855.416992,A0DB8AF16E20,0002,male,C57BL/6,1.1.1,FR1_Approach,0,PelletDrop,33,49,39,37,0,0,,,,,,,,,,,,,,,,,,,,
2026-07-20 19:30:11,10856.878906,A0DB8AF16E20,0002,male,C57BL/6,1.1.1,FR1_Approach,0,PelletNotDetected,33,49,39,37,0,0,,,,,,,,,,,,,,,,,,,,
2026-07-20 19:30:38,10884.565430,A0DB8AF16E20,0002,male,C57BL/6,1.1.1,FR1_Approach,0,Left,33,50,39,37,0,0,,,,,,,,,,,,,,,,,,,,
2026-07-20 19:30:40,10886.038086,A0DB8AF16E20,0002,male,C57BL/6,1.1.1,FR1_Approach,0,Approach,33,50,39,37,0,0,,,,,,,,,,,,,,,,,,,,
2026-07-20 19:30:49,10895.519531,A0DB8AF16E20,0002,male,C57BL/6,1.1.1,FR1_Approach,0,PelletDrop,34,50,39,37,0,0,,,,,,,,,,,,,,,,,,,,
2026-07-20 19:30:58,10904.719727,A0DB8AF16E20,0002,male,C57BL/6,1.1.1,FR1_Approach,0,PelletTaken,34,50,39,37,0,0,8.332,391.000,0,4,,,,,,,,,,,,,,,,
2026-07-20 19:33:21,11047.425781,A0DB8AF16E20,0002,male,C57BL/6,1.1.1,FR1_Approach,0,Status,34,50,39,37,0,0,,,,,Disabled,25.1,42.4,995.2,9.5,0.000,0.000,247772,339964,180060,2253,4.04,81.89
2026-07-20 19:36:09,11215.217773,A0DB8AF16E20,0002,male,C57BL/6,1.1.1,FR1_Approach,0,Right,34,50,40,37,0,0,,,,,,,,,,,,,,,,,,,,
2026-07-20 19:44:12,11699.284180,A0DB8AF16E20,0002,male,C57BL/6,1.1.1,FR1_Approach,0,Status,34,50,40,37,0,0,,,,,Disabled,25.0,42.6,995.1,9.6,0.000,0.000,247772,339964,180048,2390,4.02,81.89
2026-07-20 19:45:18,11765.541992,A0DB8AF16E20,0002,male,C57BL/6,1.1.1,FR1_Approach,0,Center,34,50,40,38,0,0,,,,,,,,,,,,,,,,,,,,
2026-07-20 19:45:24,11772.004883,A0DB8AF16E20,0002,male,C57BL/6,1.1.1,FR1_Approach,0,Left,34,51,40,38,0,0,,,,,,,,,,,,,,,,,,,,
2026-07-20 19:45:26,11773.477539,A0DB8AF16E20,0002,male,C57BL/6,1.1.1,FR1_Approach,0,Approach,34,51,40,38,0,0,,,,,,,,,,,,,,,,,,,,
2026-07-20 19:45:31,11778.819336,A0DB8AF16E20,0002,male,C57BL/6,1.1.1,FR1_Approach,0,PelletDrop,35,51,40,38,0,0,,,,,,,,,,,,,,,,,,,,
2026-07-20 19:45:33,11780.295898,A0DB8AF16E20,0002,male,C57BL/6,1.1.1,FR1_Approach,0,PelletNotDetected,35,51,40,38,0,0,,,,,,,,,,,,,,,,,,,,
2026-07-20 19:45:57,11804.916992,A0DB8AF16E20,0002,male,C57BL/6,1.1.1,FR1_Approach,0,Left,35,52,40,38,0,0,,,,,,,,,,,,,,,,,,,,
2026-07-20 19:46:00,11807.365234,A0DB8AF16E20,0002,male,C57BL/6,1.1.1,FR1_Approach,0,Approach,35,52,40,38,0,0,,,,,,,,,,,,,,,,,,,,
2026-07-20 19:46:07,11814.644531,A0DB8AF16E20,0002,male,C57BL/6,1.1.1,FR1_Approach,0,PelletDrop,36,52,40,38,0,0,,,,,,,,,,,,,,,,,,,,
2026-07-20 19:46:17,11824.494141,A0DB8AF16E20,0002,male,C57BL/6,1.1.1,FR1_Approach,0,PelletTaken,36,52,40,38,0,0,8.980,106.000,0,4,,,,,,,,,,,,,,,,
2026-07-20 19:46:53,11860.646484,A0DB8AF16E20,0002,male,C57BL/6,1.1.1,FR1_Approach,0,Left,36,53,40,38,0,0,,,,,,,,,,,,,,,,,,,,
2026-07-20 19:46:55,11863.093750,A0DB8AF16E20,0002,male,C57BL/6,1.1.1,FR1_Approach,0,Approach,36,53,40,38,0,0,,,,,,,,,,,,,,,,,,,,
2026-07-20 19:47:03,11870.679688,A0DB8AF16E20,0002,male,C57BL/6,1.1.1,FR1_Approach,0,PelletDrop,37,53,40,38,0,0,,,,,,,,,,,,,,,,,,,,
2026-07-20 19:47:12,11879.539062,A0DB8AF16E20,0002,male,C57BL/6,1.1.1,FR1_Approach,0,PelletTaken,37,53,40,38,0,0,7.991,565.000,0,3,,,,,,,,,,,,,,,,
2026-07-20 19:47:50,11917.857422,A0DB8AF16E20,0002,male,C57BL/6,1.1.1,FR1_Approach,0,Right,37,53,41,38,0,0,,,,,,,,,,,,,,,,,,,,
2026-07-20 19:52:51,12218.753906,A0DB8AF16E20,0002,male,C57BL/6,1.1.1,FR1_Approach,0,Center,37,53,41,39,0,0,,,,,,,,,,,,,,,,,,,,
2026-07-20 19:52:56,12223.715820,A0DB8AF16E20,0002,male,C57BL/6,1.1.1,FR1_Approach,0,Left,37,54,41,39,0,0,,,,,,,,,,,,,,,,,,,,
2026-07-20 19:52:57,12225.189453,A0DB8AF16E20,0002,male,C57BL/6,1.1.1,FR1_Approach,0,Approach,37,54,41,39,0,0,,,,,,,,,,,,,,,,,,,,
2026-07-20 19:53:05,12232.748047,A0DB8AF16E20,0002,male,C57BL/6,1.1.1,FR1_Approach,0,PelletDrop,38,54,41,39,0,0,,,,,,,,,,,,,,,,,,,,
2026-07-20 19:53:11,12239.066406,A0DB8AF16E20,0002,male,C57BL/6,1.1.1,FR1_Approach,0,PelletTaken,38,54,41,39,0,0,5.438,322.000,0,3,,,,,,,,,,,,,,,,
2026-07-20 19:55:06,12353.973633,A0DB8AF16E20,0002,male,C57BL/6,1.1.1,FR1_Approach,0,Status,38,54,41,39,0,0,,,,,Disabled,25.1,42.4,994.9,9.7,0.000,0.000,247720,339964,180044,2514,4.02,81.89
2026-07-20 20:06:00,13008.785156,A0DB8AF16E20,0002,male,C57BL/6,1.1.1,FR1_Approach,0,Status,38,54,41,39,0,0,,,,,Disabled,25.0,42.6,994.8,9.7,0.000,0.000,247720,339964,180032,2651,4.03,81.73
2026-07-20 20:08:31,13160.007812,A0DB8AF16E20,0002,male,C57BL/6,1.1.1,FR1_Approach,0,Left,38,55,41,39,0,0,,,,,,,,,,,,,,,,,,,,
2026-07-20 20:08:33,13161.496094,A0DB8AF16E20,0002,male,C57BL/6,1.1.1,FR1_Approach,0,Approach,38,55,41,39,0,0,,,,,,,,,,,,,,,,,,,,
2026-07-20 20:08:38,13166.835938,A0DB8AF16E20,0002,male,C57BL/6,1.1.1,FR1_Approach,0,PelletDrop,39,55,41,39,0,0,,,,,,,,,,,,,,,,,,,,
2026-07-20 20:08:48,13176.960938,A0DB8AF16E20,0002,male,C57BL/6,1.1.1,FR1_Approach,0,PelletTaken,39,55,41,39,0,0,9.256,329.000,0,2,,,,,,,,,,,,,,,,
2026-07-20 20:09:14,13202.620117,A0DB8AF16E20,0002,male,C57BL/6,1.1.1,FR1_Approach,0,Left,39,56,41,39,0,0,,,,,,,,,,,,,,,,,,,,
2026-07-20 20:09:17,13205.689453,A0DB8AF16E20,0002,male,C57BL/6,1.1.1,FR1_Approach,0,No_approach,39,56,41,39,0,0,,,,,,,,,,,,,,,,,,,,
2026-07-20 20:09:21,13210.473633,A0DB8AF16E20,0002,male,C57BL/6,1.1.1,FR1_Approach,0,Left,39,57,41,39,0,0,,,,,,,,,,,,,,,,,,,,
2026-07-20 20:09:23,13211.947266,A0DB8AF16E20,0002,male,C57BL/6,1.1.1,FR1_Approach,0,Approach,39,57,41,39,0,0,,,,,,,,,,,,,,,,,,,,
2026-07-20 20:09:28,13217.288086,A0DB8AF16E20,0002,male,C57BL/6,1.1.1,FR1_Approach,0,PelletDrop,40,57,41,39,0,0,,,,,,,,,,,,,,,,,,,,
2026-07-20 20:09:38,13226.932617,A0DB8AF16E20,0002,male,C57BL/6,1.1.1,FR1_Approach,0,PelletTaken,40,57,41,39,0,0,8.761,244.000,0,2,,,,,,,,,,,,,,,,
2026-07-20 20:11:50,13359.621094,A0DB8AF16E20,0002,male,C57BL/6,1.1.1,FR1_Approach,0,Center,40,57,41,40,0,0,,,,,,,,,,,,,,,,,,,,
2026-07-20 20:11:55,13364.456055,A0DB8AF16E20,0002,male,C57BL/6,1.1.1,FR1_Approach,0,Left,40,58,41,40,0,0,,,,,,,,,,,,,,,,,,,,
2026-07-20 20:11:57,13365.955078,A0DB8AF16E20,0002,male,C57BL/6,1.1.1,FR1_Approach,0,Approach,40,58,41,40,0,0,,,,,,,,,,,,,,,,,,,,
2026-07-20 20:12:02,13371.295898,A0DB8AF16E20,0002,male,C57BL/6,1.1.1,FR1_Approach,0,PelletDrop,41,58,41,40,0,0,,,,,,,,,,,,,,,,,,,,
2026-07-20 20:12:13,13381.860352,A0DB8AF16E20,0002,male,C57BL/6,1.1.1,FR1_Approach,0,PelletTaken,41,58,41,40,0,0,9.696,528.000,0,2,,,,,,,,,,,,,,,,
2026-07-20 20:12:52,13420.778320,A0DB8AF16E20,0002,male,C57BL/6,1.1.1,FR1_Approach,0,Center,41,58,41,41,0,0,,,,,,,,,,,,,,,,,,,,
2026-07-20 20:15:23,13572.857422,A0DB8AF16E20,0002,male,C57BL/6,1.1.1,FR1_Approach,0,Center,41,58,41,42,0,0,,,,,,,,,,,,,,,,,,,,
2026-07-20 20:15:26,13574.968750,A0DB8AF16E20,0002,male,C57BL/6,1.1.1,FR1_Approach,0,Center,41,58,41,43,0,0,,,,,,,,,,,,,,,,,,,,
2026-07-20 20:16:55,13664.589844,A0DB8AF16E20,0002,male,C57BL/6,1.1.1,FR1_Approach,0,Status,41,58,41,43,0,0,,,,,Disabled,25.0,42.3,994.8,9.6,0.000,0.000,247720,339964,180032,2777,4.03,81.56
2026-07-20 20:25:17,14167.082031,A0DB8AF16E20,0002,male,C57BL/6,1.1.1,FR1_Approach,0,Center,41,58,41,44,0,0,,,,,,,,,,,,,,,,,,,,
2026-07-20 20:25:53,14202.743164,A0DB8AF16E20,0002,male,C57BL/6,1.1.1,FR1_Approach,0,Center,41,58,41,45,0,0,,,,,,,,,,,,,,,,,,,,
2026-07-20 20:25:54,14204.311523,A0DB8AF16E20,0002,male,C57BL/6,1.1.1,FR1_Approach,0,Center,41,58,41,46,0,0,,,,,,,,,,,,,,,,,,,,
2026-07-20 20:25:58,14208.429688,A0DB8AF16E20,0002,male,C57BL/6,1.1.1,FR1_Approach,0,Right,41,58,42,46,0,0,,,,,,,,,,,,,,,,,,,,
2026-07-20 20:26:07,14216.921875,A0DB8AF16E20,0002,male,C57BL/6,1.1.1,FR1_Approach,0,Right,41,58,43,46,0,0,,,,,,,,,,,,,,,,,,,,
2026-07-20 20:26:12,14222.051758,A0DB8AF16E20,0002,male,C57BL/6,1.1.1,FR1_Approach,0,Right,41,58,44,46,0,0,,,,,,,,,,,,,,,,,,,,
2026-07-20 20:26:17,14227.154297,A0DB8AF16E20,0002,male,C57BL/6,1.1.1,FR1_Approach,0,Left,41,59,44,46,0,0,,,,,,,,,,,,,,,,,,,,
2026-07-20 20:26:20,14230.206055,A0DB8AF16E20,0002,male,C57BL/6,1.1.1,FR1_Approach,0,No_approach,41,59,44,46,0,0,,,,,,,,,,,,,,,,,,,,
2026-07-20 20:26:22,14232.071289,A0DB8AF16E20,0002,male,C57BL/6,1.1.1,FR1_Approach,0,Center,41,59,44,47,0,0,,,,,,,,,,,,,,,,,,,,
2026-07-20 20:26:26,14235.999023,A0DB8AF16E20,0002,male,C57BL/6,1.1.1,FR1_Approach,0,Left,41,60,44,47,0,0,,,,,,,,,,,,,,,,,,,,
2026-07-20 20:26:28,14238.203125,A0DB8AF16E20,0002,male,C57BL/6,1.1.1,FR1_Approach,0,Approach,41,60,44,47,0,0,,,,,,,,,,,,,,,,,,,,
2026-07-20 20:26:34,14243.883789,A0DB8AF16E20,0002,male,C57BL/6,1.1.1,FR1_Approach,0,PelletDrop,42,60,44,47,0,0,,,,,,,,,,,,,,,,,,,,
2026-07-20 20:26:42,14251.681641,A0DB8AF16E20,0002,male,C57BL/6,1.1.1,FR1_Approach,0,PelletTaken,42,60,44,47,0,0,6.913,173.000,0,2,,,,,,,,,,,,,,,,
2026-07-20 20:27:50,14320.341797,A0DB8AF16E20,0002,male,C57BL/6,1.1.1,FR1_Approach,0,Status,42,60,44,47,0,0,,,,,Disabled,25.1,42.3,994.8,9.7,0.000,0.000,247720,339964,180020,2913,4.03,81.56
2026-07-20 20:29:07,14397.649414,A0DB8AF16E20,0002,male,C57BL/6,1.1.1,FR1_Approach,0,Center,42,60,44,48,0,0,,,,,,,,,,,,,,,,,,,,
2026-07-20 20:29:16,14405.940430,A0DB8AF16E20,0002,male,C57BL/6,1.1.1,FR1_Approach,0,Left,42,61,44,48,0,0,,,,,,,,,,,,,,,,,,,,
2026-07-20 20:29:17,14407.426758,A0DB8AF16E20,0002,male,C57BL/6,1.1.1,FR1_Approach,0,Approach,42,61,44,48,0,0,,,,,,,,,,,,,,,,,,,,
2026-07-20 20:29:20,14410.549805,A0DB8AF16E20,0002,male,C57BL/6,1.1.1,FR1_Approach,0,PelletDrop,43,61,44,48,0,0,,,,,,,,,,,,,,,,,,,,
2026-07-20 20:29:22,14412.011719,A0DB8AF16E20,0002,male,C57BL/6,1.1.1,FR1_Approach,0,PelletNotDetected,43,61,44,48,0,0,,,,,,,,,,,,,,,,,,,,
2026-07-20 20:30:15,14465.093750,A0DB8AF16E20,0002,male,C57BL/6,1.1.1,FR1_Approach,0,Right,43,61,45,48,0,0,,,,,,,,,,,,,,,,,,,,
2026-07-20 20:30:56,14506.522461,A0DB8AF16E20,0002,male,C57BL/6,1.1.1,FR1_Approach,0,Center,43,61,45,49,0,0,,,,,,,,,,,,,,,,,,,,
2026-07-20 20:31:05,14514.899414,A0DB8AF16E20,0002,male,C57BL/6,1.1.1,FR1_Approach,0,Center,43,61,45,50,0,0,,,,,,,,,,,,,,,,,,,,
2026-07-20 20:31:09,14519.419922,A0DB8AF16E20,0002,male,C57BL/6,1.1.1,FR1_Approach,0,Center,43,61,45,51,0,0,,,,,,,,,,,,,,,,,,,,
2026-07-20 20:31:11,14521.403320,A0DB8AF16E20,0002,male,C57BL/6,1.1.1,FR1_Approach,0,Center,43,61,45,52,0,0,,,,,,,,,,,,,,,,,,,,
2026-07-20 20:31:13,14523.040039,A0DB8AF16E20,0002,male,C57BL/6,1.1.1,FR1_Approach,0,Center,43,61,45,53,0,0,,,,,,,,,,,,,,,,,,,,
2026-07-20 20:31:15,14525.162109,A0DB8AF16E20,0002,male,C57BL/6,1.1.1,FR1_Approach,0,Center,43,61,45,54,0,0,,,,,,,,,,,,,,,,,,,,
2026-07-20 20:31:18,14528.522461,A0DB8AF16E20,0002,male,C57BL/6,1.1.1,FR1_Approach,0,Center,43,61,45,55,0,0,,,,,,,,,,,,,,,,,,,,
2026-07-20 20:31:22,14532.211914,A0DB8AF16E20,0002,male,C57BL/6,1.1.1,FR1_Approach,0,Center,43,61,45,56,0,0,,,,,,,,,,,,,,,,,,,,
2026-07-20 20:31:24,14534.017578,A0DB8AF16E20,0002,male,C57BL/6,1.1.1,FR1_Approach,0,Center,43,61,45,57,0,0,,,,,,,,,,,,,,,,,,,,
2026-07-20 20:31:33,14543.127930,A0DB8AF16E20,0002,male,C57BL/6,1.1.1,FR1_Approach,0,Center,43,61,45,58,0,0,,,,,,,,,,,,,,,,,,,,
2026-07-20 20:31:36,14546.564453,A0DB8AF16E20,0002,male,C57BL/6,1.1.1,FR1_Approach,0,Center,43,61,45,59,0,0,,,,,,,,,,,,,,,,,,,,
2026-07-20 20:31:39,14549.132812,A0DB8AF16E20,0002,male,C57BL/6,1.1.1,FR1_Approach,0,Left,43,62,45,59,0,0,,,,,,,,,,,,,,,,,,,,
2026-07-20 20:31:41,14551.594727,A0DB8AF16E20,0002,male,C57BL/6,1.1.1,FR1_Approach,0,Approach,43,62,45,59,0,0,,,,,,,,,,,,,,,,,,,,
2026-07-20 20:31:44,14554.668945,A0DB8AF16E20,0002,male,C57BL/6,1.1.1,FR1_Approach,0,PelletDrop,44,62,45,59,0,0,,,,,,,,,,,,,,,,,,,,
2026-07-20 20:31:46,14556.129883,A0DB8AF16E20,0002,male,C57BL/6,1.1.1,FR1_Approach,0,PelletNotDetected,44,62,45,59,0,0,,,,,,,,,,,,,,,,,,,,
2026-07-20 20:32:11,14581.544922,A0DB8AF16E20,0002,male,C57BL/6,1.1.1,FR1_Approach,0,Center,44,62,45,60,0,0,,,,,,,,,,,,,,,,,,,,
2026-07-20 20:32:16,14585.956055,A0DB8AF16E20,0002,male,C57BL/6,1.1.1,FR1_Approach,0,Center,44,62,45,61,0,0,,,,,,,,,,,,,,,,,,,,
2026-07-20 20:32:20,14590.621094,A0DB8AF16E20,0002,male,C57BL/6,1.1.1,FR1_Approach,0,Center,44,62,45,62,0,0,,,,,,,,,,,,,,,,,,,,
2026-07-20 20:32:25,14595.741211,A0DB8AF16E20,0002,male,C57BL/6,1.1.1,FR1_Approach,0,Center,44,62,45,63,0,0,,,,,,,,,,,,,,,,,,,,
2026-07-20 20:32:27,14597.904297,A0DB8AF16E20,0002,male,C57BL/6,1.1.1,FR1_Approach,0,Center,44,62,45,64,0,0,,,,,,,,,,,,,,,,,,,,
2026-07-20 20:32:33,14603.179688,A0DB8AF16E20,0002,male,C57BL/6,1.1.1,FR1_Approach,0,Left,44,63,45,64,0,0,,,,,,,,,,,,,,,,,,,,
2026-07-20 20:32:34,14604.897461,A0DB8AF16E20,0002,male,C57BL/6,1.1.1,FR1_Approach,0,Approach,44,63,45,64,0,0,,,,,,,,,,,,,,,,,,,,
2026-07-20 20:32:42,14612.161133,A0DB8AF16E20,0002,male,C57BL/6,1.1.1,FR1_Approach,0,PelletDrop,45,63,45,64,0,0,,,,,,,,,,,,,,,,,,,,
2026-07-20 20:32:48,14618.319336,A0DB8AF16E20,0002,male,C57BL/6,1.1.1,FR1_Approach,0,PelletTaken,45,63,45,64,0,0,5.274,284.000,0,4,,,,,,,,,,,,,,,,
2026-07-20 20:38:46,14977.138672,A0DB8AF16E20,0002,male,C57BL/6,1.1.1,FR1_Approach,0,Status,45,63,45,64,0,0,,,,,Disabled,25.1,42.5,994.9,9.7,0.000,0.000,247720,339964,180020,3049,4.02,81.40
2026-07-20 20:40:24,15075.519531,A0DB8AF16E20,0002,male,C57BL/6,1.1.1,FR1_Approach,0,Center,45,63,45,65,0,0,,,,,,,,,,,,,,,,,,,,
2026-07-20 20:48:15,15547.086914,A0DB8AF16E20,0002,male,C57BL/6,1.1.1,FR1_Approach,0,Center,45,63,45,66,0,0,,,,,,,,,,,,,,,,,,,,
2026-07-20 20:48:24,15555.546875,A0DB8AF16E20,0002,male,C57BL/6,1.1.1,FR1_Approach,0,Center,45,63,45,67,0,0,,,,,,,,,,,,,,,,,,,,
2026-07-20 20:49:44,15635.919922,A0DB8AF16E20,0002,male,C57BL/6,1.1.1,FR1_Approach,0,Status,45,63,45,67,0,0,,,,,Disabled,25.1,42.8,995.0,9.6,0.000,0.000,247720,339964,180020,3188,4.03,81.40
2026-07-20 20:50:58,15709.640625,A0DB8AF16E20,0002,male,C57BL/6,1.1.1,FR1_Approach,0,Left,45,64,45,67,0,0,,,,,,,,,,,,,,,,,,,,
2026-07-20 20:50:59,15711.372070,A0DB8AF16E20,0002,male,C57BL/6,1.1.1,FR1_Approach,0,Approach,45,64,45,67,0,0,,,,,,,,,,,,,,,,,,,,
2026-07-20 20:51:07,15718.930664,A0DB8AF16E20,0002,male,C57BL/6,1.1.1,FR1_Approach,0,PelletDrop,46,64,45,67,0,0,,,,,,,,,,,,,,,,,,,,
2026-07-20 20:51:16,15728.428711,A0DB8AF16E20,0002,male,C57BL/6,1.1.1,FR1_Approach,0,PelletTaken,46,64,45,67,0,0,8.629,129.000,0,3,,,,,,,,,,,,,,,,
2026-07-20 20:51:43,15754.993164,A0DB8AF16E20,0002,male,C57BL/6,1.1.1,FR1_Approach,0,Left,46,65,45,67,0,0,,,,,,,,,,,,,,,,,,,,
2026-07-20 20:51:44,15756.480469,A0DB8AF16E20,0002,male,C57BL/6,1.1.1,FR1_Approach,0,Approach,46,65,45,67,0,0,,,,,,,,,,,,,,,,,,,,
2026-07-20 20:51:50,15761.820312,A0DB8AF16E20,0002,male,C57BL/6,1.1.1,FR1_Approach,0,PelletDrop,47,65,45,67,0,0,,,,,,,,,,,,,,,,,,,,
2026-07-20 20:51:58,15769.899414,A0DB8AF16E20,0002,male,C57BL/6,1.1.1,FR1_Approach,0,PelletTaken,47,65,45,67,0,0,7.210,448.000,0,2,,,,,,,,,,,,,,,,
2026-07-20 20:52:28,15799.945312,A0DB8AF16E20,0002,male,C57BL/6,1.1.1,FR1_Approach,0,Left,47,66,45,67,0,0,,,,,,,,,,,,,,,,,,,,
2026-07-20 20:52:31,15803.010742,A0DB8AF16E20,0002,male,C57BL/6,1.1.1,FR1_Approach,0,No_approach,47,66,45,67,0,0,,,,,,,,,,,,,,,,,,,,
2026-07-20 20:52:34,15806.167969,A0DB8AF16E20,0002,male,C57BL/6,1.1.1,FR1_Approach,0,Left,47,67,45,67,0,0,,,,,,,,,,,,,,,,,,,,
2026-07-20 20:52:37,15808.859375,A0DB8AF16E20,0002,male,C57BL/6,1.1.1,FR1_Approach,0,Approach,47,67,45,67,0,0,,,,,,,,,,,,,,,,,,,,
2026-07-20 20:52:42,15814.210938,A0DB8AF16E20,0002,male,C57BL/6,1.1.1,FR1_Approach,0,PelletDrop,48,67,45,67,0,0,,,,,,,,,,,,,,,,,,,,
2026-07-20 20:52:51,15823.051758,A0DB8AF16E20,0002,male,C57BL/6,1.1.1,FR1_Approach,0,PelletTaken,48,67,45,67,0,0,7.958,177.000,0,2,,,,,,,,,,,,,,,,
2026-07-20 20:54:08,15899.820312,A0DB8AF16E20,0002,male,C57BL/6,1.1.1,FR1_Approach,0,Right,48,67,46,67,0,0,,,,,,,,,,,,,,,,,,,,
2026-07-20 21:00:45,16297.732422,A0DB8AF16E20,0002,male,C57BL/6,1.1.1,FR1_Approach,0,Status,48,67,46,67,0,0,,,,,Disabled,25.1,42.7,995.1,9.8,0.000,0.000,247720,339964,180020,3314,4.02,81.24
2026-07-20 21:01:48,16360.697266,A0DB8AF16E20,0002,male,C57BL/6,1.1.1,FR1_Approach,0,Center,48,67,46,68,0,0,,,,,,,,,,,,,,,,,,,,
2026-07-20 21:11:44,16957.498047,A0DB8AF16E20,0002,male,C57BL/6,1.1.1,FR1_Approach,0,Status,48,67,46,68,0,0,,,,,Disabled,25.0,42.8,995.2,9.7,0.000,0.000,247720,339964,180016,3452,4.02,81.24
2026-07-20 21:12:38,17011.537109,A0DB8AF16E20,0002,male,C57BL/6,1.1.1,FR1_Approach,0,Center,48,67,46,69,0,0,,,,,,,,,,,,,,,,,,,,
2026-07-20 21:12:44,17017.685547,A0DB8AF16E20,0002,male,C57BL/6,1.1.1,FR1_Approach,0,Center,48,67,46,70,0,0,,,,,,,,,,,,,,,,,,,,
2026-07-20 21:13:21,17054.900391,A0DB8AF16E20,0002,male,C57BL/6,1.1.1,FR1_Approach,0,Left,48,68,46,70,0,0,,,,,,,,,,,,,,,,,,,,
2026-07-20 21:13:23,17056.375000,A0DB8AF16E20,0002,male,C57BL/6,1.1.1,FR1_Approach,0,Approach,48,68,46,70,0,0,,,,,,,,,,,,,,,,,,,,
2026-07-20 21:13:26,17059.496094,A0DB8AF16E20,0002,male,C57BL/6,1.1.1,FR1_Approach,0,PelletDrop,49,68,46,70,0,0,,,,,,,,,,,,,,,,,,,,
2026-07-20 21:13:28,17060.974609,A0DB8AF16E20,0002,male,C57BL/6,1.1.1,FR1_Approach,0,PelletNotDetected,49,68,46,70,0,0,,,,,,,,,,,,,,,,,,,,
2026-07-20 21:13:53,17086.945312,A0DB8AF16E20,0002,male,C57BL/6,1.1.1,FR1_Approach,0,Right,49,68,47,70,0,0,,,,,,,,,,,,,,,,,,,,
2026-07-20 21:13:58,17091.164062,A0DB8AF16E20,0002,male,C57BL/6,1.1.1,FR1_Approach,0,Right,49,68,48,70,0,0,,,,,,,,,,,,,,,,,,,,
2026-07-20 21:14:02,17095.320312,A0DB8AF16E20,0002,male,C57BL/6,1.1.1,FR1_Approach,0,Left,49,69,48,70,0,0,,,,,,,,,,,,,,,,,,,,
2026-07-20 21:14:03,17096.818359,A0DB8AF16E20,0002,male,C57BL/6,1.1.1,FR1_Approach,0,Approach,49,69,48,70,0,0,,,,,,,,,,,,,,,,,,,,
2026-07-20 21:14:09,17102.451172,A0DB8AF16E20,0002,male,C57BL/6,1.1.1,FR1_Approach,0,PelletDrop,50,69,48,70,0,0,,,,,,,,,,,,,,,,,,,,
2026-07-20 21:14:16,17109.408203,A0DB8AF16E20,0002,male,C57BL/6,1.1.1,FR1_Approach,0,PelletTaken,50,69,48,70,0,0,6.087,361.000,0,3,,,,,,,,,,,,,,,,
2026-07-20 21:14:46,17139.949219,A0DB8AF16E20,0002,male,C57BL/6,1.1.1,FR1_Approach,0,Center,50,69,48,71,0,0,,,,,,,,,,,,,,,,,,,,
2026-07-20 21:14:49,17142.445312,A0DB8AF16E20,0002,male,C57BL/6,1.1.1,FR1_Approach,0,Right,50,69,49,71,0,0,,,,,,,,,,,,,,,,,,,,
2026-07-20 21:14:59,17152.285156,A0DB8AF16E20,0002,male,C57BL/6,1.1.1,FR1_Approach,0,Left,50,70,49,71,0,0,,,,,,,,,,,,,,,,,,,,
2026-07-20 21:15:00,17154.003906,A0DB8AF16E20,0002,male,C57BL/6,1.1.1,FR1_Approach,0,Approach,50,70,49,71,0,0,,,,,,,,,,,,,,,,,,,,
2026-07-20 21:15:06,17159.343750,A0DB8AF16E20,0002,male,C57BL/6,1.1.1,FR1_Approach,0,PelletDrop,51,70,49,71,0,0,,,,,,,,,,,,,,,,,,,,
2026-07-20 21:15:14,17167.503906,A0DB8AF16E20,0002,male,C57BL/6,1.1.1,FR1_Approach,0,PelletTaken,51,70,49,71,0,0,7.275,410.000,0,2,,,,,,,,,,,,,,,,
2026-07-20 21:15:39,17192.919922,A0DB8AF16E20,0002,male,C57BL/6,1.1.1,FR1_Approach,0,Left,51,71,49,71,0,0,,,,,,,,,,,,,,,,,,,,
2026-07-20 21:15:41,17194.392578,A0DB8AF16E20,0002,male,C57BL/6,1.1.1,FR1_Approach,0,Approach,51,71,49,71,0,0,,,,,,,,,,,,,,,,,,,,
2026-07-20 21:15:46,17199.734375,A0DB8AF16E20,0002,male,C57BL/6,1.1.1,FR1_Approach,0,PelletDrop,52,71,49,71,0,0,,,,,,,,,,,,,,,,,,,,
2026-07-20 21:15:57,17210.796875,A0DB8AF16E20,0002,male,C57BL/6,1.1.1,FR1_Approach,0,PelletTaken,52,71,49,71,0,0,10.179,12.000,0,2,,,,,,,,,,,,,,,,
2026-07-20 21:22:36,17610.218750,A0DB8AF16E20,0002,male,C57BL/6,1.1.1,FR1_Approach,0,Status,52,71,49,71,0,0,,,,,Disabled,25.0,42.8,995.4,9.8,0.000,0.000,247720,339964,180016,3580,4.02,81.07
2026-07-20 21:33:28,18262.119141,A0DB8AF16E20,0002,male,C57BL/6,1.1.1,FR1_Approach,0,Status,52,71,49,71,0,0,,,,,Disabled,25.0,43.0,995.5,9.8,0.000,0.000,247720,339964,180016,3717,4.00,81.07
2026-07-20 21:44:19,18914.863281,A0DB8AF16E20,0002,male,C57BL/6,1.1.1,FR1_Approach,0,Status,52,71,49,71,0,0,,,,,Disabled,24.9,43.1,995.7,9.8,0.000,0.000,247720,339964,180016,3855,4.02,80.91
2026-07-20 21:47:38,19114.398438,A0DB8AF16E20,0002,male,C57BL/6,1.1.1,FR1_Approach,0,Center,52,71,49,72,0,0,,,,,,,,,,,,,,,,,,,,
2026-07-20 21:47:46,19122.642578,A0DB8AF16E20,0002,male,C57BL/6,1.1.1,FR1_Approach,0,Center,52,71,49,73,0,0,,,,,,,,,,,,,,,,,,,,
2026-07-20 21:47:52,19128.501953,A0DB8AF16E20,0002,male,C57BL/6,1.1.1,FR1_Approach,0,Left,52,72,49,73,0,0,,,,,,,,,,,,,,,,,,,,
2026-07-20 21:47:54,19129.972656,A0DB8AF16E20,0002,male,C57BL/6,1.1.1,FR1_Approach,0,Approach,52,72,49,73,0,0,,,,,,,,,,,,,,,,,,,,
2026-07-20 21:47:59,19135.314453,A0DB8AF16E20,0002,male,C57BL/6,1.1.1,FR1_Approach,0,PelletDrop,53,72,49,73,0,0,,,,,,,,,,,,,,,,,,,,
2026-07-20 21:48:07,19142.974609,A0DB8AF16E20,0002,male,C57BL/6,1.1.1,FR1_Approach,0,PelletTaken,53,72,49,73,0,0,6.791,582.000,0,2,,,,,,,,,,,,,,,,
2026-07-20 21:49:18,19214.203125,A0DB8AF16E20,0002,male,C57BL/6,1.1.1,FR1_Approach,0,Right,53,72,50,73,0,0,,,,,,,,,,,,,,,,,,,,
2026-07-20 21:49:30,19226.064453,A0DB8AF16E20,0002,male,C57BL/6,1.1.1,FR1_Approach,0,Left,53,73,50,73,0,0,,,,,,,,,,,,,,,,,,,,
2026-07-20 21:49:31,19227.537109,A0DB8AF16E20,0002,male,C57BL/6,1.1.1,FR1_Approach,0,Approach,53,73,50,73,0,0,,,,,,,,,,,,,,,,,,,,
2026-07-20 21:49:39,19235.095703,A0DB8AF16E20,0002,male,C57BL/6,1.1.1,FR1_Approach,0,PelletDrop,54,73,50,73,0,0,,,,,,,,,,,,,,,,,,,,
2026-07-20 21:49:40,19236.689453,A0DB8AF16E20,0002,male,C57BL/6,1.1.1,FR1_Approach,0,PelletTaken,54,73,50,73,0,0,0.710,462.000,0,3,,,,,,,,,,,,,,,,
2026-07-20 21:50:08,19264.425781,A0DB8AF16E20,0002,male,C57BL/6,1.1.1,FR1_Approach,0,Center,54,73,50,74,0,0,,,,,,,,,,,,,,,,,,,,
2026-07-20 21:50:11,19267.222656,A0DB8AF16E20,0002,male,C57BL/6,1.1.1,FR1_Approach,0,Left,54,74,50,74,0,0,,,,,,,,,,,,,,,,,,,,
2026-07-20 21:50:14,19270.644531,A0DB8AF16E20,0002,male,C57BL/6,1.1.1,FR1_Approach,0,Approach,54,74,50,74,0,0,,,,,,,,,,,,,,,,,,,,
2026-07-20 21:50:20,19276.490234,A0DB8AF16E20,0002,male,C57BL/6,1.1.1,FR1_Approach,0,PelletDrop,55,74,50,74,0,0,,,,,,,,,,,,,,,,,,,,
2026-07-20 21:50:27,19283.841797,A0DB8AF16E20,0002,male,C57BL/6,1.1.1,FR1_Approach,0,PelletTaken,55,74,50,74,0,0,6.483,399.000,0,2,,,,,,,,,,,,,,,,
2026-07-20 21:53:11,19447.730469,A0DB8AF16E20,0002,male,C57BL/6,1.1.1,FR1_Approach,0,Center,55,74,50,75,0,0,,,,,,,,,,,,,,,,,,,,
2026-07-20 21:53:15,19451.716797,A0DB8AF16E20,0002,male,C57BL/6,1.1.1,FR1_Approach,0,Left,55,75,50,75,0,0,,,,,,,,,,,,,,,,,,,,
2026-07-20 21:53:16,19453.214844,A0DB8AF16E20,0002,male,C57BL/6,1.1.1,FR1_Approach,0,Approach,55,75,50,75,0,0,,,,,,,,,,,,,,,,,,,,
2026-07-20 21:53:22,19458.554688,A0DB8AF16E20,0002,male,C57BL/6,1.1.1,FR1_Approach,0,PelletDrop,56,75,50,75,0,0,,,,,,,,,,,,,,,,,,,,
2026-07-20 21:53:31,19467.755859,A0DB8AF16E20,0002,male,C57BL/6,1.1.1,FR1_Approach,0,PelletTaken,56,75,50,75,0,0,8.331,224.000,0,2,,,,,,,,,,,,,,,,
2026-07-20 21:55:12,19568.640625,A0DB8AF16E20,0002,male,C57BL/6,1.1.1,FR1_Approach,0,Status,56,75,50,75,0,0,,,,,Disabled,25.0,42.6,995.8,9.8,0.000,0.000,247720,339964,179992,3981,4.02,80.91
2026-07-20 21:58:11,19747.906250,A0DB8AF16E20,0002,male,C57BL/6,1.1.1,FR1_Approach,0,Right,56,75,51,75,0,0,,,,,,,,,,,,,,,,,,,,
2026-07-20 21:58:16,19752.646484,A0DB8AF16E20,0002,male,C57BL/6,1.1.1,FR1_Approach,0,Right,56,75,52,75,0,0,,,,,,,,,,,,,,,,,,,,
2026-07-20 21:58:18,19755.388672,A0DB8AF16E20,0002,male,C57BL/6,1.1.1,FR1_Approach,0,Right,56,75,53,75,0,0,,,,,,,,,,,,,,,,,,,,
2026-07-20 21:58:21,19758.181641,A0DB8AF16E20,0002,male,C57BL/6,1.1.1,FR1_Approach,0,Right,56,75,54,75,0,0,,,,,,,,,,,,,,,,,,,,
2026-07-20 21:58:36,19773.312500,A0DB8AF16E20,0002,male,C57BL/6,1.1.1,FR1_Approach,0,Right,56,75,55,75,0,0,,,,,,,,,,,,,,,,,,,,
2026-07-20 21:58:39,19775.738281,A0DB8AF16E20,0002,male,C57BL/6,1.1.1,FR1_Approach,0,Left,56,76,55,75,0,0,,,,,,,,,,,,,,,,,,,,
2026-07-20 21:58:42,19778.791016,A0DB8AF16E20,0002,male,C57BL/6,1.1.1,FR1_Approach,0,No_approach,56,76,55,75,0,0,,,,,,,,,,,,,,,,,,,,
2026-07-20 21:58:47,19784.332031,A0DB8AF16E20,0002,male,C57BL/6,1.1.1,FR1_Approach,0,Left,56,77,55,75,0,0,,,,,,,,,,,,,,,,,,,,
2026-07-20 21:58:49,19785.806641,A0DB8AF16E20,0002,male,C57BL/6,1.1.1,FR1_Approach,0,Approach,56,77,55,75,0,0,,,,,,,,,,,,,,,,,,,,
2026-07-20 21:58:54,19791.146484,A0DB8AF16E20,0002,male,C57BL/6,1.1.1,FR1_Approach,0,PelletDrop,57,77,55,75,0,0,,,,,,,,,,,,,,,,,,,,
2026-07-20 21:59:05,19801.699219,A0DB8AF16E20,0002,male,C57BL/6,1.1.1,FR1_Approach,0,PelletTaken,57,77,55,75,0,0,9.684,59.000,0,2,,,,,,,,,,,,,,,,
2026-07-20 22:06:06,20223.492188,A0DB8AF16E20,0002,male,C57BL/6,1.1.1,FR1_Approach,0,Status,57,77,55,75,0,0,,,,,Disabled,25.0,42.8,995.9,9.8,0.000,0.000,247720,339964,179992,4115,4.01,80.91
2026-07-20 22:07:28,20305.621094,A0DB8AF16E20,0002,male,C57BL/6,1.1.1,FR1_Approach,0,Right,57,77,56,75,0,0,,,,,,,,,,,,,,,,,,,,
2026-07-20 22:07:30,20307.355469,A0DB8AF16E20,0002,male,C57BL/6,1.1.1,FR1_Approach,0,Right,57,77,57,75,0,0,,,,,,,,,,,,,,,,,,,,
2026-07-20 22:07:34,20310.884766,A0DB8AF16E20,0002,male,C57BL/6,1.1.1,FR1_Approach,0,Left,57,78,57,75,0,0,,,,,,,,,,,,,,,,,,,,
2026-07-20 22:07:35,20312.603516,A0DB8AF16E20,0002,male,C57BL/6,1.1.1,FR1_Approach,0,Approach,57,78,57,75,0,0,,,,,,,,,,,,,,,,,,,,
2026-07-20 22:07:41,20317.943359,A0DB8AF16E20,0002,male,C57BL/6,1.1.1,FR1_Approach,0,PelletDrop,58,78,57,75,0,0,,,,,,,,,,,,,,,,,,,,
2026-07-20 22:07:50,20327.408203,A0DB8AF16E20,0002,male,C57BL/6,1.1.1,FR1_Approach,0,PelletTaken,58,78,57,75,0,0,8.596,100.000,0,2,,,,,,,,,,,,,,,,
2026-07-20 22:08:20,20356.824219,A0DB8AF16E20,0002,male,C57BL/6,1.1.1,FR1_Approach,0,Left,58,79,57,75,0,0,,,,,,,,,,,,,,,,,,,,
2026-07-20 22:08:21,20358.294922,A0DB8AF16E20,0002,male,C57BL/6,1.1.1,FR1_Approach,0,Approach,58,79,57,75,0,0,,,,,,,,,,,,,,,,,,,,
2026-07-20 22:08:24,20361.417969,A0DB8AF16E20,0002,male,C57BL/6,1.1.1,FR1_Approach,0,PelletDrop,59,79,57,75,0,0,,,,,,,,,,,,,,,,,,,,
2026-07-20 22:08:26,20362.880859,A0DB8AF16E20,0002,male,C57BL/6,1.1.1,FR1_Approach,0,PelletNotDetected,59,79,57,75,0,0,,,,,,,,,,,,,,,,,,,,
2026-07-20 22:17:02,20880.232422,A0DB8AF16E20,0002,male,C57BL/6,1.1.1,FR1_Approach,0,Status,59,79,57,75,0,0,,,,,Disabled,25.0,42.7,996.0,9.7,0.000,0.000,247720,339964,179992,4248,4.03,80.75
2026-07-20 22:27:57,21535.966797,A0DB8AF16E20,0002,male,C57BL/6,1.1.1,FR1_Approach,0,Status,59,79,57,75,0,0,,,,,Disabled,25.0,42.7,996.1,9.8,0.000,0.000,247720,339964,179992,4385,4.02,80.75
2026-07-20 22:38:54,22192.802734,A0DB8AF16E20,0002,male,C57BL/6,1.1.1,FR1_Approach,0,Status,59,79,57,75,0,0,,,,,Disabled,25.0,42.6,996.2,9.8,0.000,0.000,247720,339964,179992,4522,4.01,80.75
2026-07-20 22:49:49,22849.628906,A0DB8AF16E20,0002,male,C57BL/6,1.1.1,FR1_Approach,0,Status,59,79,57,75,0,0,,,,,Disabled,24.9,42.6,996.3,9.7,0.000,0.000,247720,339964,179992,4659,4.01,80.59
2026-07-20 22:50:40,22900.781250,A0DB8AF16E20,0002,male,C57BL/6,1.1.1,FR1_Approach,0,Center,59,79,57,76,0,0,,,,,,,,,,,,,,,,,,,,
2026-07-20 22:51:06,22926.156250,A0DB8AF16E20,0002,male,C57BL/6,1.1.1,FR1_Approach,0,Left,59,80,57,76,0,0,,,,,,,,,,,,,,,,,,,,
2026-07-20 22:51:07,22927.644531,A0DB8AF16E20,0002,male,C57BL/6,1.1.1,FR1_Approach,0,Approach,59,80,57,76,0,0,,,,,,,,,,,,,,,,,,,,
2026-07-20 22:51:10,22930.718750,A0DB8AF16E20,0002,male,C57BL/6,1.1.1,FR1_Approach,0,PelletDrop,60,80,57,76,0,0,,,,,,,,,,,,,,,,,,,,
2026-07-20 22:51:12,22932.191406,A0DB8AF16E20,0002,male,C57BL/6,1.1.1,FR1_Approach,0,PelletNotDetected,60,80,57,76,0,0,,,,,,,,,,,,,,,,,,,,
2026-07-20 22:51:41,22961.183594,A0DB8AF16E20,0002,male,C57BL/6,1.1.1,FR1_Approach,0,Left,60,81,57,76,0,0,,,,,,,,,,,,,,,,,,,,
2026-07-20 22:51:42,22962.671875,A0DB8AF16E20,0002,male,C57BL/6,1.1.1,FR1_Approach,0,Approach,60,81,57,76,0,0,,,,,,,,,,,,,,,,,,,,
2026-07-20 22:51:52,22972.152344,A0DB8AF16E20,0002,male,C57BL/6,1.1.1,FR1_Approach,0,PelletDrop,61,81,57,76,0,0,,,,,,,,,,,,,,,,,,,,
2026-07-20 22:51:58,22978.833984,A0DB8AF16E20,0002,male,C57BL/6,1.1.1,FR1_Approach,0,PelletTaken,61,81,57,76,0,0,5.812,391.000,0,5,,,,,,,,,,,,,,,,
2026-07-20 22:52:38,23018.593750,A0DB8AF16E20,0002,male,C57BL/6,1.1.1,FR1_Approach,0,Left,61,82,57,76,0,0,,,,,,,,,,,,,,,,,,,,
2026-07-20 22:52:40,23020.080078,A0DB8AF16E20,0002,male,C57BL/6,1.1.1,FR1_Approach,0,Approach,61,82,57,76,0,0,,,,,,,,,,,,,,,,,,,,
2026-07-20 22:52:45,23025.421875,A0DB8AF16E20,0002,male,C57BL/6,1.1.1,FR1_Approach,0,PelletDrop,62,82,57,76,0,0,,,,,,,,,,,,,,,,,,,,
2026-07-20 22:52:56,23036.591797,A0DB8AF16E20,0002,male,C57BL/6,1.1.1,FR1_Approach,0,PelletTaken,62,82,57,76,0,0,10.300,132.000,0,2,,,,,,,,,,,,,,,,
2026-07-20 23:00:46,23507.335938,A0DB8AF16E20,0002,male,C57BL/6,1.1.1,FR1_Approach,0,Status,62,82,57,76,0,0,,,,,Disabled,25.0,42.4,996.4,9.7,0.000,0.000,247720,339964,179992,4788,4.01,80.59
2026-07-20 23:03:17,23658.154297,A0DB8AF16E20,0002,male,C57BL/6,1.1.1,FR1_Approach,0,Center,62,82,57,77,0,0,,,,,,,,,,,,,,,,,,,,
2026-07-20 23:03:20,23660.593750,A0DB8AF16E20,0002,male,C57BL/6,1.1.1,FR1_Approach,0,Center,62,82,57,78,0,0,,,,,,,,,,,,,,,,,,,,
2026-07-20 23:04:40,23740.769531,A0DB8AF16E20,0002,male,C57BL/6,1.1.1,FR1_Approach,0,Center,62,82,57,79,0,0,,,,,,,,,,,,,,,,,,,,
2026-07-20 23:04:45,23745.722656,A0DB8AF16E20,0002,male,C57BL/6,1.1.1,FR1_Approach,0,Center,62,82,57,80,0,0,,,,,,,,,,,,,,,,,,,,
2026-07-20 23:04:47,23748.214844,A0DB8AF16E20,0002,male,C57BL/6,1.1.1,FR1_Approach,0,Left,62,83,57,80,0,0,,,,,,,,,,,,,,,,,,,,
2026-07-20 23:04:49,23749.685547,A0DB8AF16E20,0002,male,C57BL/6,1.1.1,FR1_Approach,0,Approach,62,83,57,80,0,0,,,,,,,,,,,,,,,,,,,,
2026-07-20 23:04:54,23755.027344,A0DB8AF16E20,0002,male,C57BL/6,1.1.1,FR1_Approach,0,PelletDrop,63,83,57,80,0,0,,,,,,,,,,,,,,,,,,,,
2026-07-20 23:05:03,23764.408203,A0DB8AF16E20,0002,male,C57BL/6,1.1.1,FR1_Approach,0,PelletTaken,63,83,57,80,0,0,8.497,119.000,0,2,,,,,,,,,,,,,,,,
2026-07-20 23:11:44,24165.167969,A0DB8AF16E20,0002,male,C57BL/6,1.1.1,FR1_Approach,0,Status,63,83,57,80,0,0,,,,,Disabled,25.0,42.4,996.3,9.6,0.000,0.000,247720,339964,179992,4924,4.02,80.59
2026-07-20 23:22:42,24824.992188,A0DB8AF16E20,0002,male,C57BL/6,1.1.1,FR1_Approach,0,Status,63,83,57,80,0,0,,,,,Disabled,25.0,42.4,996.3,9.8,0.000,0.000,247720,339964,179992,5061,4.03,80.42
2026-07-20 23:33:42,25485.765625,A0DB8AF16E20,0002,male,C57BL/6,1.1.1,FR1_Approach,0,Status,63,83,57,80,0,0,,,,,Disabled,25.0,42.4,996.3,9.8,0.000,0.000,247720,339964,179992,5198,4.01,80.42
2026-07-20 23:39:06,25810.066406,A0DB8AF16E20,0002,male,C57BL/6,1.1.1,FR1_Approach,0,Left,63,84,57,80,0,0,,,,,,,,,,,,,,,,,,,,
2026-07-20 23:39:07,25811.537109,A0DB8AF16E20,0002,male,C57BL/6,1.1.1,FR1_Approach,0,Approach,63,84,57,80,0,0,,,,,,,,,,,,,,,,,,,,
2026-07-20 23:39:15,25819.560547,A0DB8AF16E20,0002,male,C57BL/6,1.1.1,FR1_Approach,0,PelletDrop,64,84,57,80,0,0,,,,,,,,,,,,,,,,,,,,
2026-07-20 23:39:24,25828.652344,A0DB8AF16E20,0002,male,C57BL/6,1.1.1,FR1_Approach,0,PelletTaken,64,84,57,80,0,0,8.222,381.000,0,3,,,,,,,,,,,,,,,,
2026-07-20 23:39:56,25860.207031,A0DB8AF16E20,0002,male,C57BL/6,1.1.1,FR1_Approach,0,Left,64,85,57,80,0,0,,,,,,,,,,,,,,,,,,,,
2026-07-20 23:39:57,25861.679688,A0DB8AF16E20,0002,male,C57BL/6,1.1.1,FR1_Approach,0,Approach,64,85,57,80,0,0,,,,,,,,,,,,,,,,,,,,
2026-07-20 23:40:09,25873.443359,A0DB8AF16E20,0002,male,C57BL/6,1.1.1,FR1_Approach,0,PelletDrop,65,85,57,80,0,0,,,,,,,,,,,,,,,,,,,,
2026-07-20 23:40:14,25878.607422,A0DB8AF16E20,0002,male,C57BL/6,1.1.1,FR1_Approach,0,PelletTaken,65,85,57,80,0,0,4.295,353.000,0,4,,,,,,,,,,,,,,,,
2026-07-20 23:40:44,25908.890625,A0DB8AF16E20,0002,male,C57BL/6,1.1.1,FR1_Approach,0,Left,65,86,57,80,0,0,,,,,,,,,,,,,,,,,,,,
2026-07-20 23:40:46,25910.361328,A0DB8AF16E20,0002,male,C57BL/6,1.1.1,FR1_Approach,0,Approach,65,86,57,80,0,0,,,,,,,,,,,,,,,,,,,,
2026-07-20 23:40:52,25916.828125,A0DB8AF16E20,0002,male,C57BL/6,1.1.1,FR1_Approach,0,PelletDrop,66,86,57,80,0,0,,,,,,,,,,,,,,,,,,,,
2026-07-20 23:41:02,25926.447266,A0DB8AF16E20,0002,male,C57BL/6,1.1.1,FR1_Approach,0,PelletTaken,66,86,57,80,0,0,8.750,580.000,0,2,,,,,,,,,,,,,,,,
2026-07-20 23:41:41,25965.312500,A0DB8AF16E20,0002,male,C57BL/6,1.1.1,FR1_Approach,0,Left,66,87,57,80,0,0,,,,,,,,,,,,,,,,,,,,
2026-07-20 23:41:42,25966.783203,A0DB8AF16E20,0002,male,C57BL/6,1.1.1,FR1_Approach,0,Approach,66,87,57,80,0,0,,,,,,,,,,,,,,,,,,,,
2026-07-20 23:41:47,25972.138672,A0DB8AF16E20,0002,male,C57BL/6,1.1.1,FR1_Approach,0,PelletDrop,67,87,57,80,0,0,,,,,,,,,,,,,,,,,,,,
2026-07-20 23:41:59,25983.638672,A0DB8AF16E20,0002,male,C57BL/6,1.1.1,FR1_Approach,0,PelletTaken,67,87,57,80,0,0,10.631,169.000,0,2,,,,,,,,,,,,,,,,
2026-07-20 23:44:41,26145.562500,A0DB8AF16E20,0002,male,C57BL/6,1.1.1,FR1_Approach,0,Status,67,87,57,80,0,0,,,,,Disabled,25.0,42.0,996.1,9.8,0.000,0.000,247720,339964,179992,5318,4.02,80.26
2026-07-20 23:55:43,26808.365234,A0DB8AF16E20,0002,male,C57BL/6,1.1.1,FR1_Approach,0,Status,67,87,57,80,0,0,,,,,Disabled,25.0,42.3,996.0,9.6,0.000,0.000,247720,339964,179992,5455,4.01,80.26
2026-07-21 00:00:58,27123.441406,A0DB8AF16E20,0002,male,C57BL/6,1.1.1,FR1_Approach,0,Center,67,87,57,81,0,0,,,,,,,,,,,,,,,,,,,,
2026-07-21 00:06:45,27471.214844,A0DB8AF16E20,0002,male,C57BL/6,1.1.1,FR1_Approach,0,Status,67,87,57,81,0,0,,,,,Disabled,25.0,42.4,995.8,9.7,0.000,0.000,247720,339964,179992,5592,4.02,80.26
2026-07-21 00:08:46,27592.070312,A0DB8AF16E20,0002,male,C57BL/6,1.1.1,FR1_Approach,0,Center,67,87,57,82,0,0,,,,,,,,,,,,,,,,,,,,
2026-07-21 00:08:49,27595.015625,A0DB8AF16E20,0002,male,C57BL/6,1.1.1,FR1_Approach,0,Center,67,87,57,83,0,0,,,,,,,,,,,,,,,,,,,,
2026-07-21 00:08:52,27598.394531,A0DB8AF16E20,0002,male,C57BL/6,1.1.1,FR1_Approach,0,Left,67,88,57,83,0,0,,,,,,,,,,,,,,,,,,,,
2026-07-21 00:08:54,27600.113281,A0DB8AF16E20,0002,male,C57BL/6,1.1.1,FR1_Approach,0,Approach,67,88,57,83,0,0,,,,,,,,,,,,,,,,,,,,
2026-07-21 00:08:59,27605.470703,A0DB8AF16E20,0002,male,C57BL/6,1.1.1,FR1_Approach,0,PelletDrop,68,88,57,83,0,0,,,,,,,,,,,,,,,,,,,,
2026-07-21 00:09:07,27613.009766,A0DB8AF16E20,0002,male,C57BL/6,1.1.1,FR1_Approach,0,PelletTaken,68,88,57,83,0,0,6.670,109.000,0,2,,,,,,,,,,,,,,,,
2026-07-21 00:09:26,27632.417969,A0DB8AF16E20,0002,male,C57BL/6,1.1.1,FR1_Approach,0,Left,68,89,57,83,0,0,,,,,,,,,,,,,,,,,,,,
2026-07-21 00:09:28,27633.890625,A0DB8AF16E20,0002,male,C57BL/6,1.1.1,FR1_Approach,0,Approach,68,89,57,83,0,0,,,,,,,,,,,,,,,,,,,,
2026-07-21 00:09:33,27639.248047,A0DB8AF16E20,0002,male,C57BL/6,1.1.1,FR1_Approach,0,PelletDrop,69,89,57,83,0,0,,,,,,,,,,,,,,,,,,,,
2026-07-21 00:09:41,27646.951172,A0DB8AF16E20,0002,male,C57BL/6,1.1.1,FR1_Approach,0,PelletTaken,69,89,57,83,0,0,6.836,276.000,0,2,,,,,,,,,,,,,,,,
2026-07-21 00:10:19,27685.341797,A0DB8AF16E20,0002,male,C57BL/6,1.1.1,FR1_Approach,0,Right,69,89,58,83,0,0,,,,,,,,,,,,,,,,,,,,
2026-07-21 00:10:21,27687.289062,A0DB8AF16E20,0002,male,C57BL/6,1.1.1,FR1_Approach,0,Right,69,89,59,83,0,0,,,,,,,,,,,,,,,,,,,,
2026-07-21 00:10:27,27693.507812,A0DB8AF16E20,0002,male,C57BL/6,1.1.1,FR1_Approach,0,Right,69,89,60,83,0,0,,,,,,,,,,,,,,,,,,,,
2026-07-21 00:10:42,27708.484375,A0DB8AF16E20,0002,male,C57BL/6,1.1.1,FR1_Approach,0,Left,69,90,60,83,0,0,,,,,,,,,,,,,,,,,,,,
2026-07-21 00:10:44,27709.953125,A0DB8AF16E20,0002,male,C57BL/6,1.1.1,FR1_Approach,0,Approach,69,90,60,83,0,0,,,,,,,,,,,,,,,,,,,,
2026-07-21 00:10:49,27715.310547,A0DB8AF16E20,0002,male,C57BL/6,1.1.1,FR1_Approach,0,PelletDrop,70,90,60,83,0,0,,,,,,,,,,,,,,,,,,,,
2026-07-21 00:10:58,27723.937500,A0DB8AF16E20,0002,male,C57BL/6,1.1.1,FR1_Approach,0,PelletTaken,70,90,60,83,0,0,7.760,158.000,0,2,,,,,,,,,,,,,,,,
2026-07-21 00:11:25,27750.863281,A0DB8AF16E20,0002,male,C57BL/6,1.1.1,FR1_Approach,0,Center,70,90,60,84,0,0,,,,,,,,,,,,,,,,,,,,
2026-07-21 00:16:09,28035.871094,A0DB8AF16E20,0002,male,C57BL/6,1.1.1,FR1_Approach,0,Left,70,91,60,84,0,0,,,,,,,,,,,,,,,,,,,,
2026-07-21 00:16:11,28038.093750,A0DB8AF16E20,0002,male,C57BL/6,1.1.1,FR1_Approach,0,Approach,70,91,60,84,0,0,,,,,,,,,,,,,,,,,,,,
2026-07-21 00:16:17,28043.435547,A0DB8AF16E20,0002,male,C57BL/6,1.1.1,FR1_Approach,0,PelletDrop,71,91,60,84,0,0,,,,,,,,,,,,,,,,,,,,
2026-07-21 00:16:26,28052.416016,A0DB8AF16E20,0002,male,C57BL/6,1.1.1,FR1_Approach,0,PelletTaken,71,91,60,84,0,0,8.112,977.000,0,2,,,,,,,,,,,,,,,,
2026-07-21 00:17:47,28133.960938,A0DB8AF16E20,0002,male,C57BL/6,1.1.1,FR1_Approach,0,Status,71,91,60,84,0,0,,,,,Disabled,25.1,42.2,995.7,9.6,0.000,0.000,247720,339964,179992,5719,4.01,80.09
2026-07-21 00:26:04,28632.255859,A0DB8AF16E20,0002,male,C57BL/6,1.1.1,FR1_Approach,0,Right,71,91,61,84,0,0,,,,,,,,,,,,,,,,,,,,
2026-07-21 00:28:51,28798.785156,A0DB8AF16E20,0002,male,C57BL/6,1.1.1,FR1_Approach,0,Status,71,91,61,84,0,0,,,,,Disabled,25.1,42.6,995.5,9.6,0.000,0.000,247720,339964,179992,5856,4.01,79.93
2026-07-21 00:29:02,28809.890625,A0DB8AF16E20,0002,male,C57BL/6,1.1.1,FR1_Approach,0,Center,71,91,61,85,0,0,,,,,,,,,,,,,,,,,,,,
2026-07-21 00:39:51,29458.691406,A0DB8AF16E20,0002,male,C57BL/6,1.1.1,FR1_Approach,0,Status,71,91,61,85,0,0,,,,,Disabled,25.0,42.7,995.4,9.5,0.000,0.000,247720,339964,179992,5993,4.01,79.93
2026-07-21 00:45:42,29810.380859,A0DB8AF16E20,0002,male,C57BL/6,1.1.1,FR1_Approach,0,Right,71,91,62,85,0,0,,,,,,,,,,,,,,,,,,,,
2026-07-21 00:47:57,29945.943359,A0DB8AF16E20,0002,male,C57BL/6,1.1.1,FR1_Approach,0,Center,71,91,62,86,0,0,,,,,,,,,,,,,,,,,,,,
2026-07-21 00:48:48,29996.638672,A0DB8AF16E20,0002,male,C57BL/6,1.1.1,FR1_Approach,0,Right,71,91,63,86,0,0,,,,,,,,,,,,,,,,,,,,
2026-07-21 00:48:55,30004.414062,A0DB8AF16E20,0002,male,C57BL/6,1.1.1,FR1_Approach,0,Right,71,91,64,86,0,0,,,,,,,,,,,,,,,,,,,,
2026-07-21 00:48:58,30007.007812,A0DB8AF16E20,0002,male,C57BL/6,1.1.1,FR1_Approach,0,Center,71,91,64,87,0,0,,,,,,,,,,,,,,,,,,,,
2026-07-21 00:49:11,30019.912109,A0DB8AF16E20,0002,male,C57BL/6,1.1.1,FR1_Approach,0,Right,71,91,65,87,0,0,,,,,,,,,,,,,,,,,,,,
2026-07-21 00:50:51,30120.482422,A0DB8AF16E20,0002,male,C57BL/6,1.1.1,FR1_Approach,0,Status,71,91,65,87,0,0,,,,,Disabled,25.0,42.9,995.3,9.6,0.000,0.000,247720,339964,179992,6133,4.01,79.93
2026-07-21 00:56:09,30439.542969,A0DB8AF16E20,0002,male,C57BL/6,1.1.1,FR1_Approach,0,Left,71,92,65,87,0,0,,,,,,,,,,,,,,,,,,,,
2026-07-21 00:56:11,30441.259766,A0DB8AF16E20,0002,male,C57BL/6,1.1.1,FR1_Approach,0,Approach,71,92,65,87,0,0,,,,,,,,,,,,,,,,,,,,
2026-07-21 00:56:14,30444.382812,A0DB8AF16E20,0002,male,C57BL/6,1.1.1,FR1_Approach,0,PelletDrop,72,92,65,87,0,0,,,,,,,,,,,,,,,,,,,,
2026-07-21 00:56:16,30445.859375,A0DB8AF16E20,0002,male,C57BL/6,1.1.1,FR1_Approach,0,PelletNotDetected,72,92,65,87,0,0,,,,,,,,,,,,,,,,,,,,
2026-07-21 00:56:54,30484.724609,A0DB8AF16E20,0002,male,C57BL/6,1.1.1,FR1_Approach,0,Left,72,93,65,87,0,0,,,,,,,,,,,,,,,,,,,,
2026-07-21 00:56:57,30487.777344,A0DB8AF16E20,0002,male,C57BL/6,1.1.1,FR1_Approach,0,No_approach,72,93,65,87,0,0,,,,,,,,,,,,,,,,,,,,
2026-07-21 00:57:04,30494.511719,A0DB8AF16E20,0002,male,C57BL/6,1.1.1,FR1_Approach,0,Left,72,94,65,87,0,0,,,,,,,,,,,,,,,,,,,,
2026-07-21 00:57:06,30495.998047,A0DB8AF16E20,0002,male,C57BL/6,1.1.1,FR1_Approach,0,Approach,72,94,65,87,0,0,,,,,,,,,,,,,,,,,,,,
2026-07-21 00:57:09,30499.560547,A0DB8AF16E20,0002,male,C57BL/6,1.1.1,FR1_Approach,0,PelletDrop,73,94,65,87,0,0,,,,,,,,,,,,,,,,,,,,
2026-07-21 00:57:11,30501.031250,A0DB8AF16E20,0002,male,C57BL/6,1.1.1,FR1_Approach,0,PelletNotDetected,73,94,65,87,0,0,,,,,,,,,,,,,,,,,,,,
2026-07-21 00:57:38,30528.609375,A0DB8AF16E20,0002,male,C57BL/6,1.1.1,FR1_Approach,0,Left,73,95,65,87,0,0,,,,,,,,,,,,,,,,,,,,
2026-07-21 00:57:41,30531.677734,A0DB8AF16E20,0002,male,C57BL/6,1.1.1,FR1_Approach,0,No_approach,73,95,65,87,0,0,,,,,,,,,,,,,,,,,,,,
2026-07-21 00:57:45,30535.322266,A0DB8AF16E20,0002,male,C57BL/6,1.1.1,FR1_Approach,0,Left,73,96,65,87,0,0,,,,,,,,,,,,,,,,,,,,
2026-07-21 00:57:47,30537.039062,A0DB8AF16E20,0002,male,C57BL/6,1.1.1,FR1_Approach,0,Approach,73,96,65,87,0,0,,,,,,,,,,,,,,,,,,,,
2026-07-21 00:57:50,30540.113281,A0DB8AF16E20,0002,male,C57BL/6,1.1.1,FR1_Approach,0,PelletDrop,74,96,65,87,0,0,,,,,,,,,,,,,,,,,,,,
2026-07-21 00:57:51,30541.685547,A0DB8AF16E20,0002,male,C57BL/6,1.1.1,FR1_Approach,0,PelletTaken,74,96,65,87,0,0,0.687,2002.000,0,3,,,,,,,,,,,,,,,,
2026-07-21 00:58:21,30571.476562,A0DB8AF16E20,0002,male,C57BL/6,1.1.1,FR1_Approach,0,Left,74,97,65,87,0,0,,,,,,,,,,,,,,,,,,,,
2026-07-21 00:58:24,30573.929688,A0DB8AF16E20,0002,male,C57BL/6,1.1.1,FR1_Approach,0,Approach,74,97,65,87,0,0,,,,,,,,,,,,,,,,,,,,
2026-07-21 00:58:31,30581.503906,A0DB8AF16E20,0002,male,C57BL/6,1.1.1,FR1_Approach,0,PelletDrop,75,97,65,87,0,0,,,,,,,,,,,,,,,,,,,,
2026-07-21 00:58:39,30589.658203,A0DB8AF16E20,0002,male,C57BL/6,1.1.1,FR1_Approach,0,PelletTaken,75,97,65,87,0,0,7.287,1166.000,0,3,,,,,,,,,,,,,,,,
2026-07-21 01:01:25,30755.277344,A0DB8AF16E20,0002,male,C57BL/6,1.1.1,FR1_Approach,0,Status,75,97,65,87,0,0,,,,,Disabled,25.0,43.1,995.2,9.6,0.000,0.000,247720,339964,179992,6260,4.03,79.77
2026-07-21 01:09:02,31213.697266,A0DB8AF16E20,0002,male,C57BL/6,1.1.1,FR1_Approach,0,Left,75,98,65,87,0,0,,,,,,,,,,,,,,,,,,,,
2026-07-21 01:09:06,31216.767578,A0DB8AF16E20,0002,male,C57BL/6,1.1.1,FR1_Approach,0,No_approach,75,98,65,87,0,0,,,,,,,,,,,,,,,,,,,,
2026-07-21 01:09:10,31220.894531,A0DB8AF16E20,0002,male,C57BL/6,1.1.1,FR1_Approach,0,Left,75,99,65,87,0,0,,,,,,,,,,,,,,,,,,,,
2026-07-21 01:09:13,31223.947266,A0DB8AF16E20,0002,male,C57BL/6,1.1.1,FR1_Approach,0,No_approach,75,99,65,87,0,0,,,,,,,,,,,,,,,,,,,,
2026-07-21 01:09:19,31229.869141,A0DB8AF16E20,0002,male,C57BL/6,1.1.1,FR1_Approach,0,Left,75,100,65,87,0,0,,,,,,,,,,,,,,,,,,,,
2026-07-21 01:09:22,31232.937500,A0DB8AF16E20,0002,male,C57BL/6,1.1.1,FR1_Approach,0,No_approach,75,100,65,87,0,0,,,,,,,,,,,,,,,,,,,,
2026-07-21 01:09:26,31237.314453,A0DB8AF16E20,0002,male,C57BL/6,1.1.1,FR1_Approach,0,Left,75,101,65,87,0,0,,,,,,,,,,,,,,,,,,,,
2026-07-21 01:09:29,31240.005859,A0DB8AF16E20,0002,male,C57BL/6,1.1.1,FR1_Approach,0,Approach,75,101,65,87,0,0,,,,,,,,,,,,,,,,,,,,
2026-07-21 01:09:32,31243.128906,A0DB8AF16E20,0002,male,C57BL/6,1.1.1,FR1_Approach,0,PelletDrop,76,101,65,87,0,0,,,,,,,,,,,,,,,,,,,,
2026-07-21 01:09:33,31244.605469,A0DB8AF16E20,0002,male,C57BL/6,1.1.1,FR1_Approach,0,PelletNotDetected,76,101,65,87,0,0,,,,,,,,,,,,,,,,,,,,
2026-07-21 01:10:26,31297.755859,A0DB8AF16E20,0002,male,C57BL/6,1.1.1,FR1_Approach,0,Left,76,102,65,87,0,0,,,,,,,,,,,,,,,,,,,,
2026-07-21 01:10:28,31299.482422,A0DB8AF16E20,0002,male,C57BL/6,1.1.1,FR1_Approach,0,Approach,76,102,65,87,0,0,,,,,,,,,,,,,,,,,,,,
2026-07-21 01:10:31,31302.572266,A0DB8AF16E20,0002,male,C57BL/6,1.1.1,FR1_Approach,0,PelletDrop,77,102,65,87,0,0,,,,,,,,,,,,,,,,,,,,
2026-07-21 01:10:33,31304.033203,A0DB8AF16E20,0002,male,C57BL/6,1.1.1,FR1_Approach,0,PelletNotDetected,77,102,65,87,0,0,,,,,,,,,,,,,,,,,,,,
2026-07-21 01:11:04,31335.441406,A0DB8AF16E20,0002,male,C57BL/6,1.1.1,FR1_Approach,0,Left,77,103,65,87,0,0,,,,,,,,,,,,,,,,,,,,
2026-07-21 01:11:07,31338.494141,A0DB8AF16E20,0002,male,C57BL/6,1.1.1,FR1_Approach,0,No_approach,77,103,65,87,0,0,,,,,,,,,,,,,,,,,,,,
2026-07-21 01:11:59,31390.355469,A0DB8AF16E20,0002,male,C57BL/6,1.1.1,FR1_Approach,0,Status,77,103,65,87,0,0,,,,,Disabled,24.9,42.9,995.1,9.7,0.000,0.000,247720,339964,179992,6391,4.03,79.77
2026-07-21 01:22:32,32024.123047,A0DB8AF16E20,0002,male,C57BL/6,1.1.1,FR1_Approach,0,Status,77,103,65,87,0,0,,,,,Disabled,24.8,43.3,994.9,9.7,0.000,0.000,247720,339964,179992,6528,4.03,79.77
2026-07-21 01:33:32,32684.650391,A0DB8AF16E20,0002,male,C57BL/6,1.1.1,FR1_Approach,0,Status,77,103,65,87,0,0,,,,,Disabled,24.8,42.6,994.8,9.7,0.000,0.000,247720,339964,179992,6665,4.01,79.77
2026-07-21 01:44:45,33358.433594,A0DB8AF16E20,0002,male,C57BL/6,1.1.1,FR1_Approach,0,Status,77,103,65,87,0,0,,,,,Disabled,24.9,42.3,994.8,9.6,0.000,0.000,247720,339964,179992,6802,4.01,79.61
2026-07-21 01:55:42,34016.250000,A0DB8AF16E20,0002,male,C57BL/6,1.1.1,FR1_Approach,0,Status,77,103,65,87,0,0,,,,,Disabled,24.9,42.5,994.8,9.7,0.000,0.000,247720,339964,179992,6939,4.01,79.61
2026-07-21 02:06:51,34685.125000,A0DB8AF16E20,0002,male,C57BL/6,1.1.1,FR1_Approach,0,Status,77,103,65,87,0,0,,,,,Disabled,24.9,42.2,994.8,9.5,0.000,0.000,247720,339964,179992,7076,4.01,79.61
2026-07-21 02:17:47,35342.976562,A0DB8AF16E20,0002,male,C57BL/6,1.1.1,FR1_Approach,0,Status,77,103,65,87,0,0,,,,,Disabled,24.9,42.4,994.8,9.5,0.000,0.000,247720,339964,179992,7213,4.01,79.61
2026-07-21 02:28:45,36001.730469,A0DB8AF16E20,0002,male,C57BL/6,1.1.1,FR1_Approach,0,Status,77,103,65,87,0,0,,,,,Disabled,24.9,42.4,994.8,9.6,0.000,0.000,247720,339964,179992,7350,4.00,79.44
2026-07-21 02:37:24,36521.570312,A0DB8AF16E20,0002,male,C57BL/6,1.1.1,FR1_Approach,0,Left,77,104,65,87,0,0,,,,,,,,,,,,,,,,,,,,
2026-07-21 02:37:26,36523.042969,A0DB8AF16E20,0002,male,C57BL/6,1.1.1,FR1_Approach,0,Approach,77,104,65,87,0,0,,,,,,,,,,,,,,,,,,,,
2026-07-21 02:37:33,36530.308594,A0DB8AF16E20,0002,male,C57BL/6,1.1.1,FR1_Approach,0,PelletDrop,78,104,65,87,0,0,,,,,,,,,,,,,,,,,,,,
2026-07-21 02:37:43,36540.046875,A0DB8AF16E20,0002,male,C57BL/6,1.1.1,FR1_Approach,0,PelletTaken,78,104,65,87,0,0,8.870,1530.000,0,4,,,,,,,,,,,,,,,,
2026-07-21 02:39:43,36660.531250,A0DB8AF16E20,0002,male,C57BL/6,1.1.1,FR1_Approach,0,Status,78,104,65,87,0,0,,,,,Disabled,24.9,42.2,994.7,9.5,0.000,0.000,247720,339964,179992,7484,3.97,79.28
2026-07-21 02:40:10,36687.414062,A0DB8AF16E20,0002,male,C57BL/6,1.1.1,FR1_Approach,0,Left,78,105,65,87,0,0,,,,,,,,,,,,,,,,,,,,
2026-07-21 02:40:13,36690.468750,A0DB8AF16E20,0002,male,C57BL/6,1.1.1,FR1_Approach,0,No_approach,78,105,65,87,0,0,,,,,,,,,,,,,,,,,,,,
2026-07-21 02:40:23,36700.855469,A0DB8AF16E20,0002,male,C57BL/6,1.1.1,FR1_Approach,0,Left,78,106,65,87,0,0,,,,,,,,,,,,,,,,,,,,
2026-07-21 02:40:26,36703.906250,A0DB8AF16E20,0002,male,C57BL/6,1.1.1,FR1_Approach,0,No_approach,78,106,65,87,0,0,,,,,,,,,,,,,,,,,,,,
2026-07-21 02:40:31,36709.007812,A0DB8AF16E20,0002,male,C57BL/6,1.1.1,FR1_Approach,0,Left,78,107,65,87,0,0,,,,,,,,,,,,,,,,,,,,
2026-07-21 02:40:33,36710.968750,A0DB8AF16E20,0002,male,C57BL/6,1.1.1,FR1_Approach,0,Approach,78,107,65,87,0,0,,,,,,,,,,,,,,,,,,,,
2026-07-21 02:40:41,36718.546875,A0DB8AF16E20,0002,male,C57BL/6,1.1.1,FR1_Approach,0,PelletDrop,79,107,65,87,0,0,,,,,,,,,,,,,,,,,,,,
2026-07-21 02:40:49,36727.171875,A0DB8AF16E20,0002,male,C57BL/6,1.1.1,FR1_Approach,0,PelletTaken,79,107,65,87,0,0,7.760,620.000,0,3,,,,,,,,,,,,,,,,
2026-07-21 02:41:19,36756.410156,A0DB8AF16E20,0002,male,C57BL/6,1.1.1,FR1_Approach,0,Center,79,107,65,88,0,0,,,,,,,,,,,,,,,,,,,,
2026-07-21 02:41:23,36760.816406,A0DB8AF16E20,0002,male,C57BL/6,1.1.1,FR1_Approach,0,Left,79,108,65,88,0,0,,,,,,,,,,,,,,,,,,,,
2026-07-21 02:41:26,36763.886719,A0DB8AF16E20,0002,male,C57BL/6,1.1.1,FR1_Approach,0,No_approach,79,108,65,88,0,0,,,,,,,,,,,,,,,,,,,,
2026-07-21 02:41:29,36766.441406,A0DB8AF16E20,0002,male,C57BL/6,1.1.1,FR1_Approach,0,Left,79,109,65,88,0,0,,,,,,,,,,,,,,,,,,,,
2026-07-21 02:41:30,36768.160156,A0DB8AF16E20,0002,male,C57BL/6,1.1.1,FR1_Approach,0,Approach,79,109,65,88,0,0,,,,,,,,,,,,,,,,,,,,
2026-07-21 02:41:36,36773.500000,A0DB8AF16E20,0002,male,C57BL/6,1.1.1,FR1_Approach,0,PelletDrop,80,109,65,88,0,0,,,,,,,,,,,,,,,,,,,,
2026-07-21 02:41:44,36781.804688,A0DB8AF16E20,0002,male,C57BL/6,1.1.1,FR1_Approach,0,PelletTaken,80,109,65,88,0,0,7.420,208.000,0,2,,,,,,,,,,,,,,,,
2026-07-21 02:50:40,37318.339844,A0DB8AF16E20,0002,male,C57BL/6,1.1.1,FR1_Approach,0,Status,80,109,65,88,0,0,,,,,Disabled,24.9,42.2,994.7,9.5,0.000,0.000,247720,339964,179992,7611,4.00,79.12
2026-07-21 03:01:37,37976.085938,A0DB8AF16E20,0002,male,C57BL/6,1.1.1,FR1_Approach,0,Status,80,109,65,88,0,0,,,,,Disabled,24.9,42.3,994.6,9.5,0.000,0.000,247720,339964,179992,7748,4.01,79.12
2026-07-21 03:12:35,38634.925781,A0DB8AF16E20,0002,male,C57BL/6,1.1.1,FR1_Approach,0,Status,80,109,65,88,0,0,,,,,Disabled,24.9,42.3,994.5,9.5,0.000,0.000,247720,339964,179992,7885,4.00,79.12
2026-07-21 03:23:32,39292.707031,A0DB8AF16E20,0002,male,C57BL/6,1.1.1,FR1_Approach,0,Status,80,109,65,88,0,0,,,,,Disabled,24.9,42.3,994.3,9.6,0.000,0.000,247720,339964,179992,8022,4.00,79.12
2026-07-21 03:23:45,39305.085938,A0DB8AF16E20,0002,male,C57BL/6,1.1.1,FR1_Approach,0,Left,80,110,65,88,0,0,,,,,,,,,,,,,,,,,,,,
2026-07-21 03:23:46,39306.570312,A0DB8AF16E20,0002,male,C57BL/6,1.1.1,FR1_Approach,0,Approach,80,110,65,88,0,0,,,,,,,,,,,,,,,,,,,,
2026-07-21 03:23:52,39311.910156,A0DB8AF16E20,0002,male,C57BL/6,1.1.1,FR1_Approach,0,PelletDrop,81,110,65,88,0,0,,,,,,,,,,,,,,,,,,,,
2026-07-21 03:24:01,39321.042969,A0DB8AF16E20,0002,male,C57BL/6,1.1.1,FR1_Approach,0,PelletTaken,81,110,65,88,0,0,8.265,2001.000,0,2,,,,,,,,,,,,,,,,
2026-07-21 03:24:41,39361.453125,A0DB8AF16E20,0002,male,C57BL/6,1.1.1,FR1_Approach,0,Left,81,111,65,88,0,0,,,,,,,,,,,,,,,,,,,,
2026-07-21 03:24:42,39362.953125,A0DB8AF16E20,0002,male,C57BL/6,1.1.1,FR1_Approach,0,Approach,81,111,65,88,0,0,,,,,,,,,,,,,,,,,,,,
2026-07-21 03:24:48,39368.292969,A0DB8AF16E20,0002,male,C57BL/6,1.1.1,FR1_Approach,0,PelletDrop,82,111,65,88,0,0,,,,,,,,,,,,,,,,,,,,
2026-07-21 03:24:58,39378.683594,A0DB8AF16E20,0002,male,C57BL/6,1.1.1,FR1_Approach,0,PelletTaken,82,111,65,88,0,0,9.519,1286.000,0,2,,,,,,,,,,,,,,,,
2026-07-21 03:26:15,39455.371094,A0DB8AF16E20,0002,male,C57BL/6,1.1.1,FR1_Approach,0,Right,82,111,66,88,0,0,,,,,,,,,,,,,,,,,,,,
2026-07-21 03:34:42,39962.562500,A0DB8AF16E20,0002,male,C57BL/6,1.1.1,FR1_Approach,0,Status,82,111,66,88,0,0,,,,,Disabled,24.9,42.0,994.1,9.5,0.000,0.000,247720,339964,179992,8152,4.02,78.95
2026-07-21 03:45:39,40621.308594,A0DB8AF16E20,0002,male,C57BL/6,1.1.1,FR1_Approach,0,Status,82,111,66,88,0,0,,,,,Disabled,24.9,42.2,993.9,9.4,0.000,0.000,247720,339964,179992,8289,4.01,78.95
2026-07-21 03:50:42,40924.695312,A0DB8AF16E20,0002,male,C57BL/6,1.1.1,FR1_Approach,0,Center,82,111,66,89,0,0,,,,,,,,,,,,,,,,,,,,
2026-07-21 03:56:38,41281.210938,A0DB8AF16E20,0002,male,C57BL/6,1.1.1,FR1_Approach,0,Status,82,111,66,89,0,0,,,,,Disabled,24.9,42.2,993.7,9.5,0.000,0.000,247720,339964,179992,8426,4.01,78.95
2026-07-21 04:04:25,41748.796875,A0DB8AF16E20,0002,male,C57BL/6,1.1.1,FR1_Approach,0,Center,82,111,66,90,0,0,,,,,,,,,,,,,,,,,,,,
2026-07-21 04:04:34,41758.140625,A0DB8AF16E20,0002,male,C57BL/6,1.1.1,FR1_Approach,0,Center,82,111,66,91,0,0,,,,,,,,,,,,,,,,,,,,
2026-07-21 04:04:50,41774.308594,A0DB8AF16E20,0002,male,C57BL/6,1.1.1,FR1_Approach,0,Center,82,111,66,92,0,0,,,,,,,,,,,,,,,,,,,,
2026-07-21 04:04:55,41778.488281,A0DB8AF16E20,0002,male,C57BL/6,1.1.1,FR1_Approach,0,Center,82,111,66,93,0,0,,,,,,,,,,,,,,,,,,,,
2026-07-21 04:04:56,41780.273438,A0DB8AF16E20,0002,male,C57BL/6,1.1.1,FR1_Approach,0,Left,82,112,66,93,0,0,,,,,,,,,,,,,,,,,,,,
2026-07-21 04:04:58,41781.746094,A0DB8AF16E20,0002,male,C57BL/6,1.1.1,FR1_Approach,0,Approach,82,112,66,93,0,0,,,,,,,,,,,,,,,,,,,,
2026-07-21 04:05:03,41787.105469,A0DB8AF16E20,0002,male,C57BL/6,1.1.1,FR1_Approach,0,PelletDrop,83,112,66,93,0,0,,,,,,,,,,,,,,,,,,,,
2026-07-21 04:05:13,41796.800781,A0DB8AF16E20,0002,male,C57BL/6,1.1.1,FR1_Approach,0,PelletTaken,83,112,66,93,0,0,8.826,78.000,0,2,,,,,,,,,,,,,,,,
2026-07-21 04:07:37,41940.960938,A0DB8AF16E20,0002,male,C57BL/6,1.1.1,FR1_Approach,0,Status,83,112,66,93,0,0,,,,,Disabled,24.9,42.1,993.5,9.4,0.000,0.000,247720,339964,179992,8561,4.00,78.79
2026-07-21 04:15:20,42404.312500,A0DB8AF16E20,0002,male,C57BL/6,1.1.1,FR1_Approach,0,Left,83,113,66,93,0,0,,,,,,,,,,,,,,,,,,,,
2026-07-21 04:15:22,42406.285156,A0DB8AF16E20,0002,male,C57BL/6,1.1.1,FR1_Approach,0,Approach,83,113,66,93,0,0,,,,,,,,,,,,,,,,,,,,
2026-07-21 04:15:26,42409.847656,A0DB8AF16E20,0002,male,C57BL/6,1.1.1,FR1_Approach,0,PelletDrop,84,113,66,93,0,0,,,,,,,,,,,,,,,,,,,,
2026-07-21 04:15:27,42410.816406,A0DB8AF16E20,0002,male,C57BL/6,1.1.1,FR1_Approach,0,PelletTaken,84,113,66,93,0,0,0.104,229.000,0,1,,,,,,,,,,,,,,,,
2026-07-21 04:15:52,42436.015625,A0DB8AF16E20,0002,male,C57BL/6,1.1.1,FR1_Approach,0,Left,84,114,66,93,0,0,,,,,,,,,,,,,,,,,,,,
2026-07-21 04:15:53,42437.488281,A0DB8AF16E20,0002,male,C57BL/6,1.1.1,FR1_Approach,0,Approach,84,114,66,93,0,0,,,,,,,,,,,,,,,,,,,,
2026-07-21 04:16:01,42445.046875,A0DB8AF16E20,0002,male,C57BL/6,1.1.1,FR1_Approach,0,PelletDrop,85,114,66,93,0,0,,,,,,,,,,,,,,,,,,,,
2026-07-21 04:16:07,42450.914062,A0DB8AF16E20,0002,male,C57BL/6,1.1.1,FR1_Approach,0,PelletTaken,85,114,66,93,0,0,4.998,534.000,0,3,,,,,,,,,,,,,,,,
2026-07-21 04:16:33,42477.566406,A0DB8AF16E20,0002,male,C57BL/6,1.1.1,FR1_Approach,0,Left,85,115,66,93,0,0,,,,,,,,,,,,,,,,,,,,
2026-07-21 04:16:36,42480.621094,A0DB8AF16E20,0002,male,C57BL/6,1.1.1,FR1_Approach,0,No_approach,85,115,66,93,0,0,,,,,,,,,,,,,,,,,,,,
2026-07-21 04:16:43,42487.199219,A0DB8AF16E20,0002,male,C57BL/6,1.1.1,FR1_Approach,0,Left,85,116,66,93,0,0,,,,,,,,,,,,,,,,,,,,
2026-07-21 04:16:46,42490.382812,A0DB8AF16E20,0002,male,C57BL/6,1.1.1,FR1_Approach,0,Approach,85,116,66,93,0,0,,,,,,,,,,,,,,,,,,,,
2026-07-21 04:16:54,42497.957031,A0DB8AF16E20,0002,male,C57BL/6,1.1.1,FR1_Approach,0,PelletDrop,86,116,66,93,0,0,,,,,,,,,,,,,,,,,,,,
2026-07-21 04:17:02,42506.265625,A0DB8AF16E20,0002,male,C57BL/6,1.1.1,FR1_Approach,0,PelletTaken,86,116,66,93,0,0,7.440,88.000,0,3,,,,,,,,,,,,,,,,
2026-07-21 04:18:41,42605.699219,A0DB8AF16E20,0002,male,C57BL/6,1.1.1,FR1_Approach,0,Status,86,116,66,93,0,0,,,,,Disabled,25.0,42.0,993.2,9.4,0.000,0.000,247720,339964,179992,8689,4.00,78.63
2026-07-21 04:20:35,42719.929688,A0DB8AF16E20,0002,male,C57BL/6,1.1.1,FR1_Approach,0,Left,86,117,66,93,0,0,,,,,,,,,,,,,,,,,,,,
2026-07-21 04:20:37,42721.890625,A0DB8AF16E20,0002,male,C57BL/6,1.1.1,FR1_Approach,0,Approach,86,117,66,93,0,0,,,,,,,,,,,,,,,,,,,,
2026-07-21 04:20:40,42725.062500,A0DB8AF16E20,0002,male,C57BL/6,1.1.1,FR1_Approach,0,PelletDrop,87,117,66,93,0,0,,,,,,,,,,,,,,,,,,,,
2026-07-21 04:20:42,42726.523438,A0DB8AF16E20,0002,male,C57BL/6,1.1.1,FR1_Approach,0,PelletNotDetected,87,117,66,93,0,0,,,,,,,,,,,,,,,,,,,,
2026-07-21 04:21:23,42768.246094,A0DB8AF16E20,0002,male,C57BL/6,1.1.1,FR1_Approach,0,Left,87,118,66,93,0,0,,,,,,,,,,,,,,,,,,,,
2026-07-21 04:21:25,42769.718750,A0DB8AF16E20,0002,male,C57BL/6,1.1.1,FR1_Approach,0,Approach,87,118,66,93,0,0,,,,,,,,,,,,,,,,,,,,
2026-07-21 04:21:30,42774.964844,A0DB8AF16E20,0002,male,C57BL/6,1.1.1,FR1_Approach,0,PelletDrop,88,118,66,93,0,0,,,,,,,,,,,,,,,,,,,,
2026-07-21 04:21:39,42783.558594,A0DB8AF16E20,0002,male,C57BL/6,1.1.1,FR1_Approach,0,PelletTaken,88,118,66,93,0,0,7.727,263.000,0,3,,,,,,,,,,,,,,,,
2026-07-21 04:22:43,42848.574219,A0DB8AF16E20,0002,male,C57BL/6,1.1.1,FR1_Approach,0,Right,88,118,67,93,0,0,,,,,,,,,,,,,,,,,,,,
2026-07-21 04:22:47,42851.906250,A0DB8AF16E20,0002,male,C57BL/6,1.1.1,FR1_Approach,0,Right,88,118,68,93,0,0,,,,,,,,,,,,,,,,,,,,
2026-07-21 04:23:59,42924.671875,A0DB8AF16E20,0002,male,C57BL/6,1.1.1,FR1_Approach,0,Left,88,119,68,93,0,0,,,,,,,,,,,,,,,,,,,,
2026-07-21 04:24:01,42926.160156,A0DB8AF16E20,0002,male,C57BL/6,1.1.1,FR1_Approach,0,Approach,88,119,68,93,0,0,,,,,,,,,,,,,,,,,,,,
2026-07-21 04:24:06,42931.500000,A0DB8AF16E20,0002,male,C57BL/6,1.1.1,FR1_Approach,0,PelletDrop,89,119,68,93,0,0,,,,,,,,,,,,,,,,,,,,
2026-07-21 04:24:15,42940.218750,A0DB8AF16E20,0002,male,C57BL/6,1.1.1,FR1_Approach,0,PelletTaken,89,119,68,93,0,0,7.847,712.000,0,2,,,,,,,,,,,,,,,,
2026-07-21 04:25:01,42986.664062,A0DB8AF16E20,0002,male,C57BL/6,1.1.1,FR1_Approach,0,Right,89,119,69,93,0,0,,,,,,,,,,,,,,,,,,,,
2026-07-21 04:25:05,42990.507812,A0DB8AF16E20,0002,male,C57BL/6,1.1.1,FR1_Approach,0,Left,89,120,69,93,0,0,,,,,,,,,,,,,,,,,,,,
2026-07-21 04:25:07,42991.980469,A0DB8AF16E20,0002,male,C57BL/6,1.1.1,FR1_Approach,0,Approach,89,120,69,93,0,0,,,,,,,,,,,,,,,,,,,,
2026-07-21 04:25:10,42995.589844,A0DB8AF16E20,0002,male,C57BL/6,1.1.1,FR1_Approach,0,PelletDrop,90,120,69,93,0,0,,,,,,,,,,,,,,,,,,,,
2026-07-21 04:25:12,42997.054688,A0DB8AF16E20,0002,male,C57BL/6,1.1.1,FR1_Approach,0,PelletNotDetected,90,120,69,93,0,0,,,,,,,,,,,,,,,,,,,,
2026-07-21 04:25:35,43020.511719,A0DB8AF16E20,0002,male,C57BL/6,1.1.1,FR1_Approach,0,Left,90,121,69,93,0,0,,,,,,,,,,,,,,,,,,,,
2026-07-21 04:25:38,43022.960938,A0DB8AF16E20,0002,male,C57BL/6,1.1.1,FR1_Approach,0,Approach,90,121,69,93,0,0,,,,,,,,,,,,,,,,,,,,
2026-07-21 04:25:41,43026.230469,A0DB8AF16E20,0002,male,C57BL/6,1.1.1,FR1_Approach,0,PelletDrop,91,121,69,93,0,0,,,,,,,,,,,,,,,,,,,,
2026-07-21 04:25:42,43027.691406,A0DB8AF16E20,0002,male,C57BL/6,1.1.1,FR1_Approach,0,PelletNotDetected,91,121,69,93,0,0,,,,,,,,,,,,,,,,,,,,
2026-07-21 04:26:12,43057.382812,A0DB8AF16E20,0002,male,C57BL/6,1.1.1,FR1_Approach,0,Left,91,122,69,93,0,0,,,,,,,,,,,,,,,,,,,,
2026-07-21 04:26:14,43059.585938,A0DB8AF16E20,0002,male,C57BL/6,1.1.1,FR1_Approach,0,Approach,91,122,69,93,0,0,,,,,,,,,,,,,,,,,,,,
2026-07-21 04:26:23,43068.382812,A0DB8AF16E20,0002,male,C57BL/6,1.1.1,FR1_Approach,0,PelletDrop,92,122,69,93,0,0,,,,,,,,,,,,,,,,,,,,
2026-07-21 04:26:30,43075.636719,A0DB8AF16E20,0002,male,C57BL/6,1.1.1,FR1_Approach,0,PelletTaken,92,122,69,93,0,0,6.384,214.000,0,5,,,,,,,,,,,,,,,,
2026-07-21 04:29:41,43266.476562,A0DB8AF16E20,0002,male,C57BL/6,1.1.1,FR1_Approach,0,Status,92,122,69,93,0,0,,,,,Disabled,25.1,42.2,993.0,9.2,0.000,0.000,247720,339964,179992,8811,4.01,78.46
2026-07-21 04:33:58,43523.285156,A0DB8AF16E20,0002,male,C57BL/6,1.1.1,FR1_Approach,0,Center,92,122,69,94,0,0,,,,,,,,,,,,,,,,,,,,
2026-07-21 04:40:43,43928.328125,A0DB8AF16E20,0002,male,C57BL/6,1.1.1,FR1_Approach,0,Status,92,122,69,94,0,0,,,,,Disabled,25.1,42.7,992.8,9.2,0.000,0.000,247720,339964,179992,8948,4.00,78.46
2026-07-21 04:51:47,44594.140625,A0DB8AF16E20,0002,male,C57BL/6,1.1.1,FR1_Approach,0,Status,92,122,69,94,0,0,,,,,Disabled,25.0,42.7,992.6,9.2,0.000,0.000,247720,339964,179992,9085,4.00,78.30
2026-07-21 04:54:46,44773.410156,A0DB8AF16E20,0002,male,C57BL/6,1.1.1,FR1_Approach,0,Right,92,122,70,94,0,0,,,,,,,,,,,,,,,,,,,,
2026-07-21 04:54:50,44777.894531,A0DB8AF16E20,0002,male,C57BL/6,1.1.1,FR1_Approach,0,Right,92,122,71,94,0,0,,,,,,,,,,,,,,,,,,,,
2026-07-21 04:55:01,44788.054688,A0DB8AF16E20,0002,male,C57BL/6,1.1.1,FR1_Approach,0,Left,92,123,71,94,0,0,,,,,,,,,,,,,,,,,,,,
2026-07-21 04:55:02,44789.527344,A0DB8AF16E20,0002,male,C57BL/6,1.1.1,FR1_Approach,0,Approach,92,123,71,94,0,0,,,,,,,,,,,,,,,,,,,,
2026-07-21 04:55:06,44793.187500,A0DB8AF16E20,0002,male,C57BL/6,1.1.1,FR1_Approach,0,PelletDrop,93,123,71,94,0,0,,,,,,,,,,,,,,,,,,,,
2026-07-21 04:55:07,44794.648438,A0DB8AF16E20,0002,male,C57BL/6,1.1.1,FR1_Approach,0,PelletNotDetected,93,123,71,94,0,0,,,,,,,,,,,,,,,,,,,,
2026-07-21 04:55:26,44813.949219,A0DB8AF16E20,0002,male,C57BL/6,1.1.1,FR1_Approach,0,Left,93,124,71,94,0,0,,,,,,,,,,,,,,,,,,,,
2026-07-21 04:55:28,44815.667969,A0DB8AF16E20,0002,male,C57BL/6,1.1.1,FR1_Approach,0,Approach,93,124,71,94,0,0,,,,,,,,,,,,,,,,,,,,
2026-07-21 04:55:31,44818.789062,A0DB8AF16E20,0002,male,C57BL/6,1.1.1,FR1_Approach,0,PelletDrop,94,124,71,94,0,0,,,,,,,,,,,,,,,,,,,,
2026-07-21 04:55:33,44820.253906,A0DB8AF16E20,0002,male,C57BL/6,1.1.1,FR1_Approach,0,PelletNotDetected,94,124,71,94,0,0,,,,,,,,,,,,,,,,,,,,
2026-07-21 04:55:54,44841.781250,A0DB8AF16E20,0002,male,C57BL/6,1.1.1,FR1_Approach,0,Left,94,125,71,94,0,0,,,,,,,,,,,,,,,,,,,,
2026-07-21 04:55:56,44843.253906,A0DB8AF16E20,0002,male,C57BL/6,1.1.1,FR1_Approach,0,Approach,94,125,71,94,0,0,,,,,,,,,,,,,,,,,,,,
2026-07-21 04:55:59,44846.375000,A0DB8AF16E20,0002,male,C57BL/6,1.1.1,FR1_Approach,0,PelletDrop,95,125,71,94,0,0,,,,,,,,,,,,,,,,,,,,
2026-07-21 04:56:00,44847.835938,A0DB8AF16E20,0002,male,C57BL/6,1.1.1,FR1_Approach,0,PelletNotDetected,95,125,71,94,0,0,,,,,,,,,,,,,,,,,,,,
2026-07-21 04:56:30,44877.667969,A0DB8AF16E20,0002,male,C57BL/6,1.1.1,FR1_Approach,0,Left,95,126,71,94,0,0,,,,,,,,,,,,,,,,,,,,
2026-07-21 04:56:32,44879.386719,A0DB8AF16E20,0002,male,C57BL/6,1.1.1,FR1_Approach,0,Approach,95,126,71,94,0,0,,,,,,,,,,,,,,,,,,,,
2026-07-21 04:56:39,44886.652344,A0DB8AF16E20,0002,male,C57BL/6,1.1.1,FR1_Approach,0,PelletDrop,96,126,71,94,0,0,,,,,,,,,,,,,,,,,,,,
2026-07-21 04:56:41,44888.128906,A0DB8AF16E20,0002,male,C57BL/6,1.1.1,FR1_Approach,0,PelletNotDetected,96,126,71,94,0,0,,,,,,,,,,,,,,,,,,,,
2026-07-21 04:57:02,44909.460938,A0DB8AF16E20,0002,male,C57BL/6,1.1.1,FR1_Approach,0,Left,96,127,71,94,0,0,,,,,,,,,,,,,,,,,,,,
2026-07-21 04:57:03,44910.933594,A0DB8AF16E20,0002,male,C57BL/6,1.1.1,FR1_Approach,0,Approach,96,127,71,94,0,0,,,,,,,,,,,,,,,,,,,,
2026-07-21 04:57:06,44913.957031,A0DB8AF16E20,0002,male,C57BL/6,1.1.1,FR1_Approach,0,PelletDrop,97,127,71,94,0,0,,,,,,,,,,,,,,,,,,,,
2026-07-21 04:57:07,44914.945312,A0DB8AF16E20,0002,male,C57BL/6,1.1.1,FR1_Approach,0,PelletTaken,97,127,71,94,0,0,0.104,332.000,0,6,,,,,,,,,,,,,,,,
2026-07-21 05:02:52,45259.902344,A0DB8AF16E20,0002,male,C57BL/6,1.1.1,FR1_Approach,0,Status,97,127,71,94,0,0,,,,,Disabled,25.1,42.5,992.5,9.2,0.000,0.000,247720,339964,179992,9215,3.99,78.30
2026-07-21 05:06:33,45480.574219,A0DB8AF16E20,0002,male,C57BL/6,1.1.1,FR1_Approach,0,Right,97,127,72,94,0,0,,,,,,,,,,,,,,,,,,,,
2026-07-21 05:06:35,45482.777344,A0DB8AF16E20,0002,male,C57BL/6,1.1.1,FR1_Approach,0,Center,97,127,72,95,0,0,,,,,,,,,,,,,,,,,,,,
2026-07-21 05:06:39,45486.382812,A0DB8AF16E20,0002,male,C57BL/6,1.1.1,FR1_Approach,0,Right,97,127,73,95,0,0,,,,,,,,,,,,,,,,,,,,
2026-07-21 05:06:41,45488.824219,A0DB8AF16E20,0002,male,C57BL/6,1.1.1,FR1_Approach,0,Right,97,127,74,95,0,0,,,,,,,,,,,,,,,,,,,,
2026-07-21 05:06:43,45491.238281,A0DB8AF16E20,0002,male,C57BL/6,1.1.1,FR1_Approach,0,Left,97,128,74,95,0,0,,,,,,,,,,,,,,,,,,,,
2026-07-21 05:06:45,45493.199219,A0DB8AF16E20,0002,male,C57BL/6,1.1.1,FR1_Approach,0,Approach,97,128,74,95,0,0,,,,,,,,,,,,,,,,,,,,
2026-07-21 05:06:48,45496.339844,A0DB8AF16E20,0002,male,C57BL/6,1.1.1,FR1_Approach,0,PelletDrop,98,128,74,95,0,0,,,,,,,,,,,,,,,,,,,,
2026-07-21 05:06:50,45497.800781,A0DB8AF16E20,0002,male,C57BL/6,1.1.1,FR1_Approach,0,PelletNotDetected,98,128,74,95,0,0,,,,,,,,,,,,,,,,,,,,
2026-07-21 05:07:15,45523.078125,A0DB8AF16E20,0002,male,C57BL/6,1.1.1,FR1_Approach,0,Left,98,129,74,95,0,0,,,,,,,,,,,,,,,,,,,,
2026-07-21 05:07:17,45524.562500,A0DB8AF16E20,0002,male,C57BL/6,1.1.1,FR1_Approach,0,Approach,98,129,74,95,0,0,,,,,,,,,,,,,,,,,,,,
2026-07-21 05:07:22,45529.855469,A0DB8AF16E20,0002,male,C57BL/6,1.1.1,FR1_Approach,0,PelletDrop,99,129,74,95,0,0,,,,,,,,,,,,,,,,,,,,
2026-07-21 05:07:30,45537.878906,A0DB8AF16E20,0002,male,C57BL/6,1.1.1,FR1_Approach,0,PelletTaken,99,129,74,95,0,0,7.143,137.000,0,3,,,,,,,,,,,,,,,,
2026-07-21 05:07:56,45563.906250,A0DB8AF16E20,0002,male,C57BL/6,1.1.1,FR1_Approach,0,Right,99,129,75,95,0,0,,,,,,,,,,,,,,,,,,,,
2026-07-21 05:07:59,45566.898438,A0DB8AF16E20,0002,male,C57BL/6,1.1.1,FR1_Approach,0,Right,99,129,76,95,0,0,,,,,,,,,,,,,,,,,,,,
2026-07-21 05:13:58,45926.667969,A0DB8AF16E20,0002,male,C57BL/6,1.1.1,FR1_Approach,0,Status,99,129,76,95,0,0,,,,,Disabled,25.1,42.7,992.4,9.1,0.000,0.000,247720,339964,179992,9350,4.00,78.30
2026-07-21 05:25:00,46589.488281,A0DB8AF16E20,0002,male,C57BL/6,1.1.1,FR1_Approach,0,Status,99,129,76,95,0,0,,,,,Disabled,25.1,42.8,992.4,9.1,0.000,0.000,247720,339964,179992,9487,4.00,78.14
2026-07-21 05:26:51,46699.953125,A0DB8AF16E20,0002,male,C57BL/6,1.1.1,FR1_Approach,0,Left,99,130,76,95,0,0,,,,,,,,,,,,,,,,,,,,
2026-07-21 05:26:52,46701.425781,A0DB8AF16E20,0002,male,C57BL/6,1.1.1,FR1_Approach,0,Approach,99,130,76,95,0,0,,,,,,,,,,,,,,,,,,,,
2026-07-21 05:26:57,46706.769531,A0DB8AF16E20,0002,male,C57BL/6,1.1.1,FR1_Approach,0,PelletDrop,100,130,76,95,0,0,,,,,,,,,,,,,,,,,,,,
2026-07-21 05:27:09,46717.937500,A0DB8AF16E20,0002,male,C57BL/6,1.1.1,FR1_Approach,0,PelletTaken,100,130,76,95,0,0,10.301,80.000,0,2,,,,,,,,,,,,,,,,
2026-07-21 05:29:55,46884.453125,A0DB8AF16E20,0002,male,C57BL/6,1.1.1,FR1_Approach,0,Center,100,130,76,96,0,0,,,,,,,,,,,,,,,,,,,,
2026-07-21 05:30:31,46920.683594,A0DB8AF16E20,0002,male,C57BL/6,1.1.1,FR1_Approach,0,Right,100,130,77,96,0,0,,,,,,,,,,,,,,,,,,,,
2026-07-21 05:34:43,47173.394531,A0DB8AF16E20,0002,male,C57BL/6,1.1.1,FR1_Approach,0,Right,100,130,78,96,0,0,,,,,,,,,,,,,,,,,,,,
2026-07-21 05:36:03,47253.339844,A0DB8AF16E20,0002,male,C57BL/6,1.1.1,FR1_Approach,0,Status,100,130,78,96,0,0,,,,,Disabled,25.1,42.8,992.5,9.1,0.000,0.000,247720,339964,179992,9620,3.99,77.98
2026-07-21 05:36:31,47282.148438,A0DB8AF16E20,0002,male,C57BL/6,1.1.1,FR1_Approach,0,Right,100,130,79,96,0,0,,,,,,,,,,,,,,,,,,,,
2026-07-21 05:36:35,47285.878906,A0DB8AF16E20,0002,male,C57BL/6,1.1.1,FR1_Approach,0,Center,100,130,79,97,0,0,,,,,,,,,,,,,,,,,,,,
2026-07-21 05:36:38,47288.914062,A0DB8AF16E20,0002,male,C57BL/6,1.1.1,FR1_Approach,0,Center,100,130,79,98,0,0,,,,,,,,,,,,,,,,,,,,
2026-07-21 05:36:43,47293.402344,A0DB8AF16E20,0002,male,C57BL/6,1.1.1,FR1_Approach,0,Center,100,130,79,99,0,0,,,,,,,,,,,,,,,,,,,,
2026-07-21 05:36:49,47299.644531,A0DB8AF16E20,0002,male,C57BL/6,1.1.1,FR1_Approach,0,Center,100,130,79,100,0,0,,,,,,,,,,,,,,,,,,,,
2026-07-21 05:36:56,47306.335938,A0DB8AF16E20,0002,male,C57BL/6,1.1.1,FR1_Approach,0,Left,100,131,79,100,0,0,,,,,,,,,,,,,,,,,,,,
2026-07-21 05:36:59,47309.390625,A0DB8AF16E20,0002,male,C57BL/6,1.1.1,FR1_Approach,0,No_approach,100,131,79,100,0,0,,,,,,,,,,,,,,,,,,,,
2026-07-21 05:37:02,47312.906250,A0DB8AF16E20,0002,male,C57BL/6,1.1.1,FR1_Approach,0,Left,100,132,79,100,0,0,,,,,,,,,,,,,,,,,,,,
2026-07-21 05:37:04,47314.867188,A0DB8AF16E20,0002,male,C57BL/6,1.1.1,FR1_Approach,0,Approach,100,132,79,100,0,0,,,,,,,,,,,,,,,,,,,,
2026-07-21 05:37:07,47317.992188,A0DB8AF16E20,0002,male,C57BL/6,1.1.1,FR1_Approach,0,PelletDrop,101,132,79,100,0,0,,,,,,,,,,,,,,,,,,,,
2026-07-21 05:37:09,47319.453125,A0DB8AF16E20,0002,male,C57BL/6,1.1.1,FR1_Approach,0,PelletNotDetected,101,132,79,100,0,0,,,,,,,,,,,,,,,,,,,,
2026-07-21 05:37:38,47348.531250,A0DB8AF16E20,0002,male,C57BL/6,1.1.1,FR1_Approach,0,Right,101,132,80,100,0,0,,,,,,,,,,,,,,,,,,,,
2026-07-21 05:37:43,47353.558594,A0DB8AF16E20,0002,male,C57BL/6,1.1.1,FR1_Approach,0,Right,101,132,81,100,0,0,,,,,,,,,,,,,,,,,,,,
2026-07-21 05:37:50,47360.750000,A0DB8AF16E20,0002,male,C57BL/6,1.1.1,FR1_Approach,0,Center,101,132,81,101,0,0,,,,,,,,,,,,,,,,,,,,
2026-07-21 05:37:54,47364.765625,A0DB8AF16E20,0002,male,C57BL/6,1.1.1,FR1_Approach,0,Center,101,132,81,102,0,0,,,,,,,,,,,,,,,,,,,,
2026-07-21 05:38:03,47374.125000,A0DB8AF16E20,0002,male,C57BL/6,1.1.1,FR1_Approach,0,Center,101,132,81,103,0,0,,,,,,,,,,,,,,,,,,,,
2026-07-21 05:38:06,47376.933594,A0DB8AF16E20,0002,male,C57BL/6,1.1.1,FR1_Approach,0,Center,101,132,81,104,0,0,,,,,,,,,,,,,,,,,,,,
2026-07-21 05:40:08,47499.058594,A0DB8AF16E20,0002,male,C57BL/6,1.1.1,FR1_Approach,0,Center,101,132,81,105,0,0,,,,,,,,,,,,,,,,,,,,
2026-07-21 05:46:36,47887.796875,A0DB8AF16E20,0002,male,C57BL/6,1.1.1,FR1_Approach,0,Status,101,132,81,105,0,0,,,,,Disabled,25.0,43.4,992.7,9.1,0.000,0.000,247720,339964,179992,9758,4.01,77.98
2026-07-21 05:56:21,48473.269531,A0DB8AF16E20,0002,male,C57BL/6,1.1.1,FR1_Approach,0,Left,101,133,81,105,0,0,,,,,,,,,,,,,,,,,,,,
2026-07-21 05:56:23,48474.742188,A0DB8AF16E20,0002,male,C57BL/6,1.1.1,FR1_Approach,0,Approach,101,133,81,105,0,0,,,,,,,,,,,,,,,,,,,,
2026-07-21 05:56:26,48477.816406,A0DB8AF16E20,0002,male,C57BL/6,1.1.1,FR1_Approach,0,PelletDrop,102,133,81,105,0,0,,,,,,,,,,,,,,,,,,,,
2026-07-21 05:56:27,48479.304688,A0DB8AF16E20,0002,male,C57BL/6,1.1.1,FR1_Approach,0,PelletNotDetected,102,133,81,105,0,0,,,,,,,,,,,,,,,,,,,,
2026-07-21 05:57:10,48522.398438,A0DB8AF16E20,0002,male,C57BL/6,1.1.1,FR1_Approach,0,Status,102,133,81,105,0,0,,,,,Disabled,24.9,43.3,993.0,9.4,0.000,0.000,247720,339964,179992,9895,4.00,77.98
2026-07-21 06:00:26,48718.167969,A0DB8AF16E20,0002,male,C57BL/6,1.1.1,FR1_Approach,0,Left,102,134,81,105,0,0,,,,,,,,,,,,,,,,,,,,
2026-07-21 06:00:27,48719.902344,A0DB8AF16E20,0002,male,C57BL/6,1.1.1,FR1_Approach,0,Approach,102,134,81,105,0,0,,,,,,,,,,,,,,,,,,,,
2026-07-21 06:00:35,48727.164062,A0DB8AF16E20,0002,male,C57BL/6,1.1.1,FR1_Approach,0,PelletDrop,103,134,81,105,0,0,,,,,,,,,,,,,,,,,,,,
2026-07-21 06:00:44,48736.421875,A0DB8AF16E20,0002,male,C57BL/6,1.1.1,FR1_Approach,0,PelletTaken,103,134,81,105,0,0,8.387,119.000,0,4,,,,,,,,,,,,,,,,
2026-07-21 06:01:11,48763.863281,A0DB8AF16E20,0002,male,C57BL/6,1.1.1,FR1_Approach,0,Right,103,134,82,105,0,0,,,,,,,,,,,,,,,,,,,,
2026-07-21 06:01:13,48765.320312,A0DB8AF16E20,0002,male,C57BL/6,1.1.1,FR1_Approach,0,Right,103,134,83,105,0,0,,,,,,,,,,,,,,,,,,,,
2026-07-21 06:07:41,49154.093750,A0DB8AF16E20,0002,male,C57BL/6,1.1.1,FR1_Approach,0,Status,103,134,83,105,0,0,,,,,Disabled,24.8,43.5,993.1,9.4,0.173,88.000,247720,339964,179992,10029,4.01,77.98
2026-07-21 06:18:14,49787.839844,A0DB8AF16E20,0002,male,C57BL/6,1.1.1,FR1_Approach,0,Status,103,134,83,105,0,0,,,,,Disabled,24.7,43.7,993.2,9.4,0.166,89.000,247720,339964,179992,10166,4.01,77.98
2026-07-21 06:28:47,50421.644531,A0DB8AF16E20,0002,male,C57BL/6,1.1.1,FR1_Approach,0,Status,103,134,83,105,0,0,,,,,Disabled,24.6,43.7,993.3,9.5,0.158,84.000,247720,339964,179992,10303,4.01,77.98
2026-07-21 06:39:20,51055.414062,A0DB8AF16E20,0002,male,C57BL/6,1.1.1,FR1_Approach,0,Status,103,134,83,105,0,0,,,,,Disabled,24.5,43.6,993.4,9.5,0.166,86.000,247720,339964,179992,10440,4.01,77.81
2026-07-21 06:49:53,51689.160156,A0DB8AF16E20,0002,male,C57BL/6,1.1.1,FR1_Approach,0,Status,103,134,83,105,0,0,,,,,Disabled,24.5,43.6,993.4,9.5,0.173,84.000,247720,339964,179992,10577,4.01,77.81
2026-07-21 07:00:59,52354.796875,A0DB8AF16E20,0002,male,C57BL/6,1.1.1,FR1_Approach,0,Status,103,134,83,105,0,0,,,,,Disabled,24.6,42.7,993.4,9.4,0.158,82.000,247720,339964,179988,10714,3.99,77.81
2026-07-21 07:12:22,53039.546875,A0DB8AF16E20,0002,male,C57BL/6,1.1.1,FR1_Approach,0,Status,103,134,83,105,0,0,,,,,Disabled,24.7,42.3,993.4,9.3,0.158,82.000,247720,339964,179988,10851,3.98,77.48
2026-07-21 07:23:33,53711.390625,A0DB8AF16E20,0002,male,C57BL/6,1.1.1,FR1_Approach,0,Status,103,134,83,105,0,0,,,,,Disabled,24.7,42.4,993.6,9.3,0.158,82.000,247720,339964,179984,10988,3.99,77.48
2026-07-21 07:34:46,54385.281250,A0DB8AF16E20,0002,male,C57BL/6,1.1.1,FR1_Approach,0,Status,103,134,83,105,0,0,,,,,Disabled,24.8,42.4,993.8,9.3,0.158,83.000,247720,339964,179984,11125,3.99,77.32
2026-07-21 07:45:59,55059.125000,A0DB8AF16E20,0002,male,C57BL/6,1.1.1,FR1_Approach,0,Status,103,134,83,105,0,0,,,,,Disabled,24.8,42.3,994.0,9.2,0.158,82.000,247720,339964,179984,11262,3.99,77.16
2026-07-21 07:57:13,55733.917969,A0DB8AF16E20,0002,male,C57BL/6,1.1.1,FR1_Approach,0,Status,103,134,83,105,0,0,,,,,Disabled,24.9,42.3,994.2,9.3,0.158,86.000,247720,339964,179984,11399,3.99,77.16
2026-07-21 08:02:59,56079.777344,A0DB8AF16E20,0002,male,C57BL/6,1.1.1,FR1_Approach,0,Left,103,135,83,105,0,0,,,,,,,,,,,,,,,,,,,,
2026-07-21 08:03:02,56082.828125,A0DB8AF16E20,0002,male,C57BL/6,1.1.1,FR1_Approach,0,No_approach,103,135,83,105,0,0,,,,,,,,,,,,,,,,,,,,
2026-07-21 08:03:07,56088.308594,A0DB8AF16E20,0002,male,C57BL/6,1.1.1,FR1_Approach,0,Left,103,136,83,105,0,0,,,,,,,,,,,,,,,,,,,,
2026-07-21 08:03:10,56091.363281,A0DB8AF16E20,0002,male,C57BL/6,1.1.1,FR1_Approach,0,No_approach,103,136,83,105,0,0,,,,,,,,,,,,,,,,,,,,
2026-07-21 08:03:15,56096.316406,A0DB8AF16E20,0002,male,C57BL/6,1.1.1,FR1_Approach,0,Left,103,137,83,105,0,0,,,,,,,,,,,,,,,,,,,,
2026-07-21 08:03:18,56099.367188,A0DB8AF16E20,0002,male,C57BL/6,1.1.1,FR1_Approach,0,No_approach,103,137,83,105,0,0,,,,,,,,,,,,,,,,,,,,
2026-07-21 08:03:36,56117.335938,A0DB8AF16E20,0002,male,C57BL/6,1.1.1,FR1_Approach,0,Left,103,138,83,105,0,0,,,,,,,,,,,,,,,,,,,,
2026-07-21 08:03:38,56119.292969,A0DB8AF16E20,0002,male,C57BL/6,1.1.1,FR1_Approach,0,Approach,103,138,83,105,0,0,,,,,,,,,,,,,,,,,,,,
2026-07-21 08:03:44,56124.632812,A0DB8AF16E20,0002,male,C57BL/6,1.1.1,FR1_Approach,0,PelletDrop,104,138,83,105,0,0,,,,,,,,,,,,,,,,,,,,
2026-07-21 08:03:45,56126.097656,A0DB8AF16E20,0002,male,C57BL/6,1.1.1,FR1_Approach,0,PelletNotDetected,104,138,83,105,0,0,,,,,,,,,,,,,,,,,,,,
2026-07-21 08:08:19,56400.699219,A0DB8AF16E20,0002,male,C57BL/6,1.1.1,FR1_Approach,0,Status,104,138,83,105,0,0,,,,,Disabled,24.9,42.3,994.3,9.2,0.158,83.000,247720,339964,179984,11531,3.98,77.00
2026-07-21 08:10:04,56505.906250,A0DB8AF16E20,0002,male,C57BL/6,1.1.1,FR1_Approach,0,Left,104,139,83,105,0,0,,,,,,,,,,,,,,,,,,,,
2026-07-21 08:10:07,56508.601562,A0DB8AF16E20,0002,male,C57BL/6,1.1.1,FR1_Approach,0,Approach,104,139,83,105,0,0,,,,,,,,,,,,,,,,,,,,
2026-07-21 08:10:10,56511.691406,A0DB8AF16E20,0002,male,C57BL/6,1.1.1,FR1_Approach,0,PelletDrop,105,139,83,105,0,0,,,,,,,,,,,,,,,,,,,,
2026-07-21 08:10:11,56513.152344,A0DB8AF16E20,0002,male,C57BL/6,1.1.1,FR1_Approach,0,PelletNotDetected,105,139,83,105,0,0,,,,,,,,,,,,,,,,,,,,
2026-07-21 08:10:47,56548.519531,A0DB8AF16E20,0002,male,C57BL/6,1.1.1,FR1_Approach,0,Left,105,140,83,105,0,0,,,,,,,,,,,,,,,,,,,,
2026-07-21 08:10:49,56550.492188,A0DB8AF16E20,0002,male,C57BL/6,1.1.1,FR1_Approach,0,Approach,105,140,83,105,0,0,,,,,,,,,,,,,,,,,,,,
2026-07-21 08:10:58,56559.988281,A0DB8AF16E20,0002,male,C57BL/6,1.1.1,FR1_Approach,0,PelletDrop,106,140,83,105,0,0,,,,,,,,,,,,,,,,,,,,
2026-07-21 08:11:04,56565.472656,A0DB8AF16E20,0002,male,C57BL/6,1.1.1,FR1_Approach,0,PelletTaken,106,140,83,105,0,0,4.613,2001.000,0,6,,,,,,,,,,,,,,,,
2026-07-21 08:11:34,56596.203125,A0DB8AF16E20,0002,male,C57BL/6,1.1.1,FR1_Approach,0,Left,106,141,83,105,0,0,,,,,,,,,,,,,,,,,,,,
2026-07-21 08:11:36,56597.675781,A0DB8AF16E20,0002,male,C57BL/6,1.1.1,FR1_Approach,0,Approach,106,141,83,105,0,0,,,,,,,,,,,,,,,,,,,,
2026-07-21 08:11:41,56603.031250,A0DB8AF16E20,0002,male,C57BL/6,1.1.1,FR1_Approach,0,PelletDrop,107,141,83,105,0,0,,,,,,,,,,,,,,,,,,,,
2026-07-21 08:11:51,56613.367188,A0DB8AF16E20,0002,male,C57BL/6,1.1.1,FR1_Approach,0,PelletTaken,107,141,83,105,0,0,9.465,2002.000,0,2,,,,,,,,,,,,,,,,
2026-07-21 08:12:28,56650.074219,A0DB8AF16E20,0002,male,C57BL/6,1.1.1,FR1_Approach,0,Left,107,142,83,105,0,0,,,,,,,,,,,,,,,,,,,,
2026-07-21 08:12:30,56651.562500,A0DB8AF16E20,0002,male,C57BL/6,1.1.1,FR1_Approach,0,Approach,107,142,83,105,0,0,,,,,,,,,,,,,,,,,,,,
2026-07-21 08:12:35,56656.902344,A0DB8AF16E20,0002,male,C57BL/6,1.1.1,FR1_Approach,0,PelletDrop,108,142,83,105,0,0,,,,,,,,,,,,,,,,,,,,
2026-07-21 08:12:46,56668.347656,A0DB8AF16E20,0002,male,C57BL/6,1.1.1,FR1_Approach,0,PelletTaken,108,142,83,105,0,0,10.575,2001.000,0,2,,,,,,,,,,,,,,,,
2026-07-21 08:13:20,56702.464844,A0DB8AF16E20,0002,male,C57BL/6,1.1.1,FR1_Approach,0,Center,108,142,83,106,0,0,,,,,,,,,,,,,,,,,,,,
2026-07-21 08:13:23,56705.523438,A0DB8AF16E20,0002,male,C57BL/6,1.1.1,FR1_Approach,0,Center,108,142,83,107,0,0,,,,,,,,,,,,,,,,,,,,
2026-07-21 08:13:28,56709.835938,A0DB8AF16E20,0002,male,C57BL/6,1.1.1,FR1_Approach,0,Center,108,142,83,108,0,0,,,,,,,,,,,,,,,,,,,,
2026-07-21 08:19:35,57077.425781,A0DB8AF16E20,0002,male,C57BL/6,1.1.1,FR1_Approach,0,Status,108,142,83,108,0,0,,,,,Disabled,25.0,42.0,994.4,9.2,0.173,97.000,247720,339964,179984,11655,3.99,76.83
2026-07-21 08:30:52,57755.296875,A0DB8AF16E20,0002,male,C57BL/6,1.1.1,FR1_Approach,0,Status,108,142,83,108,0,0,,,,,Disabled,25.0,42.0,994.4,9.1,0.180,96.000,247720,339964,179984,11792,3.99,76.83
2026-07-21 08:42:08,58431.085938,A0DB8AF16E20,0002,male,C57BL/6,1.1.1,FR1_Approach,0,Status,108,142,83,108,0,0,,,,,Disabled,25.0,42.1,994.4,9.1,0.184,96.000,247720,339964,179984,11929,3.99,76.67
2026-07-21 08:53:27,59110.957031,A0DB8AF16E20,0002,male,C57BL/6,1.1.1,FR1_Approach,0,Status,108,142,83,108,0,0,,,,,Disabled,25.0,41.9,994.5,9.2,0.184,99.000,247720,339964,179984,12066,3.97,76.51
2026-07-21 09:04:41,59786.898438,A0DB8AF16E20,0002,male,C57BL/6,1.1.1,FR1_Approach,0,Status,108,142,83,108,0,0,,,,,Disabled,25.0,42.0,994.5,9.0,0.180,94.000,247720,339964,179984,12203,3.99,76.51
2026-07-21 09:15:51,60456.527344,A0DB8AF16E20,0002,male,C57BL/6,1.1.1,FR1_Approach,0,Status,108,142,83,108,0,0,,,,,Disabled,25.0,42.2,994.7,9.1,0.101,68.000,247720,339964,179984,12340,3.98,76.34
2026-07-21 09:17:38,60564.617188,A0DB8AF16E20,0002,male,C57BL/6,1.1.1,FR1_Approach,0,Left,108,143,83,108,0,0,,,,,,,,,,,,,,,,,,,,
2026-07-21 09:17:40,60566.597656,A0DB8AF16E20,0002,male,C57BL/6,1.1.1,FR1_Approach,0,Approach,108,143,83,108,0,0,,,,,,,,,,,,,,,,,,,,
2026-07-21 09:17:44,60569.722656,A0DB8AF16E20,0002,male,C57BL/6,1.1.1,FR1_Approach,0,PelletDrop,109,143,83,108,0,0,,,,,,,,,,,,,,,,,,,,
2026-07-21 09:17:45,60571.183594,A0DB8AF16E20,0002,male,C57BL/6,1.1.1,FR1_Approach,0,PelletNotDetected,109,143,83,108,0,0,,,,,,,,,,,,,,,,,,,,
2026-07-21 09:23:38,60924.503906,A0DB8AF16E20,0002,male,C57BL/6,1.1.1,FR1_Approach,0,Left,109,144,83,108,0,0,,,,,,,,,,,,,,,,,,,,
2026-07-21 09:23:41,60927.460938,A0DB8AF16E20,0002,male,C57BL/6,1.1.1,FR1_Approach,0,Approach,109,144,83,108,0,0,,,,,,,,,,,,,,,,,,,,
2026-07-21 09:23:46,60932.750000,A0DB8AF16E20,0002,male,C57BL/6,1.1.1,FR1_Approach,0,PelletDrop,110,144,83,108,0,0,,,,,,,,,,,,,,,,,,,,
2026-07-21 09:24:00,60946.757812,A0DB8AF16E20,0002,male,C57BL/6,1.1.1,FR1_Approach,0,PelletTaken,110,144,83,108,0,0,13.138,508.000,0,3,,,,,,,,,,,,,,,,
2026-07-21 09:24:40,60986.816406,A0DB8AF16E20,0002,male,C57BL/6,1.1.1,FR1_Approach,0,Left,110,145,83,108,0,0,,,,,,,,,,,,,,,,,,,,
2026-07-21 09:24:42,60988.292969,A0DB8AF16E20,0002,male,C57BL/6,1.1.1,FR1_Approach,0,Approach,110,145,83,108,0,0,,,,,,,,,,,,,,,,,,,,
2026-07-21 09:24:47,60993.632812,A0DB8AF16E20,0002,male,C57BL/6,1.1.1,FR1_Approach,0,PelletDrop,111,145,83,108,0,0,,,,,,,,,,,,,,,,,,,,
2026-07-21 09:24:57,61003.964844,A0DB8AF16E20,0002,male,C57BL/6,1.1.1,FR1_Approach,0,PelletTaken,111,145,83,108,0,0,9.464,2001.000,0,2,,,,,,,,,,,,,,,,
2026-07-21 09:25:25,61031.394531,A0DB8AF16E20,0002,male,C57BL/6,1.1.1,FR1_Approach,0,Left,111,146,83,108,0,0,,,,,,,,,,,,,,,,,,,,
2026-07-21 09:25:28,61034.445312,A0DB8AF16E20,0002,male,C57BL/6,1.1.1,FR1_Approach,0,No_approach,111,146,83,108,0,0,,,,,,,,,,,,,,,,,,,,
2026-07-21 09:26:58,61124.296875,A0DB8AF16E20,0002,male,C57BL/6,1.1.1,FR1_Approach,0,Status,111,146,83,108,0,0,,,,,Disabled,25.0,42.1,994.8,9.2,0.176,95.000,247720,339964,179984,12466,4.00,76.18
2026-07-21 09:38:03,61791.132812,A0DB8AF16E20,0002,male,C57BL/6,1.1.1,FR1_Approach,0,Status,111,146,83,108,0,0,,,,,Disabled,25.0,42.4,994.9,9.2,0.187,98.000,247720,339964,179968,12603,3.98,76.18
2026-07-21 09:49:10,62458.914062,A0DB8AF16E20,0002,male,C57BL/6,1.1.1,FR1_Approach,0,Status,111,146,83,108,0,0,,,,,Disabled,25.0,42.5,995.0,9.0,0.184,98.000,247720,339964,179968,12740,3.98,76.18
2026-07-21 10:00:22,63131.781250,A0DB8AF16E20,0002,male,C57BL/6,1.1.1,FR1_Approach,0,Status,111,146,83,108,0,0,,,,,Disabled,25.0,42.4,995.0,9.1,0.184,96.000,247720,339964,179968,12877,3.98,76.02
2026-07-21 10:11:39,63809.597656,A0DB8AF16E20,0002,male,C57BL/6,1.1.1,FR1_Approach,0,Status,111,146,83,108,0,0,,,,,Disabled,25.1,42.2,995.0,9.1,0.180,96.000,247720,339964,179968,13014,3.98,75.86
2026-07-21 10:22:12,64443.343750,A0DB8AF16E20,0002,male,C57BL/6,1.1.1,FR1_Approach,0,Status,111,146,83,108,0,0,,,,,Disabled,24.9,43.1,995.0,9.0,0.180,100.000,247720,339964,179968,13151,3.98,75.86
2026-07-21 10:32:45,65077.109375,A0DB8AF16E20,0002,male,C57BL/6,1.1.1,FR1_Approach,0,Status,111,146,83,108,0,0,,,,,Disabled,24.8,43.2,995.0,9.2,0.187,98.000,247720,339964,179968,13288,3.98,75.86
2026-07-21 10:43:17,65710.898438,A0DB8AF16E20,0002,male,C57BL/6,1.1.1,FR1_Approach,0,Status,111,146,83,108,0,0,,,,,Disabled,24.7,43.2,995.1,9.2,0.158,84.000,247720,339964,179968,13425,3.98,75.69
2026-07-21 10:53:50,66344.640625,A0DB8AF16E20,0002,male,C57BL/6,1.1.1,FR1_Approach,0,Status,111,146,83,108,0,0,,,,,Disabled,24.7,43.2,995.1,9.2,0.158,84.000,247720,339964,179968,13562,3.98,75.69
2026-07-21 11:05:02,67016.617188,A0DB8AF16E20,0002,male,C57BL/6,1.1.1,FR1_Approach,0,Status,111,146,83,108,0,0,,,,,Disabled,24.8,42.3,995.1,9.1,0.162,82.000,247720,339964,179968,13699,3.98,75.53
2026-07-21 11:16:32,67707.429688,A0DB8AF16E20,0002,male,C57BL/6,1.1.1,FR1_Approach,0,Status,111,146,83,108,0,0,,,,,Disabled,24.9,41.8,995.2,9.0,0.158,82.000,247720,339964,179968,13836,3.96,75.37
2026-07-21 11:27:47,68383.304688,A0DB8AF16E20,0002,male,C57BL/6,1.1.1,FR1_Approach,0,Status,111,146,83,108,0,0,,,,,Disabled,25.0,42.0,995.2,8.9,0.162,82.000,247720,339964,179968,13973,3.98,75.20
2026-07-21 11:29:18,68474.804688,A0DB8AF16E20,0002,male,C57BL/6,1.1.1,FR1_Approach,0,Left,111,147,83,108,0,0,,,,,,,,,,,,,,,,,,,,
2026-07-21 11:29:21,68477.007812,A0DB8AF16E20,0002,male,C57BL/6,1.1.1,FR1_Approach,0,Approach,111,147,83,108,0,0,,,,,,,,,,,,,,,,,,,,
2026-07-21 11:29:24,68480.132812,A0DB8AF16E20,0002,male,C57BL/6,1.1.1,FR1_Approach,0,PelletDrop,112,147,83,108,0,0,,,,,,,,,,,,,,,,,,,,
2026-07-21 11:29:25,68481.273438,A0DB8AF16E20,0002,male,C57BL/6,1.1.1,FR1_Approach,0,PelletTaken,112,147,83,108,0,0,0.258,355.000,0,1,,,,,,,,,,,,,,,,
2026-07-21 11:30:30,68546.937500,A0DB8AF16E20,0002,male,C57BL/6,1.1.1,FR1_Approach,0,Right,112,147,84,108,0,0,,,,,,,,,,,,,,,,,,,,
2026-07-21 11:34:49,68805.437500,A0DB8AF16E20,0002,male,C57BL/6,1.1.1,FR1_Approach,0,Left,112,148,84,108,0,0,,,,,,,,,,,,,,,,,,,,
2026-07-21 11:34:50,68806.906250,A0DB8AF16E20,0002,male,C57BL/6,1.1.1,FR1_Approach,0,Approach,112,148,84,108,0,0,,,,,,,,,,,,,,,,,,,,
2026-07-21 11:34:53,68810.046875,A0DB8AF16E20,0002,male,C57BL/6,1.1.1,FR1_Approach,0,PelletDrop,113,148,84,108,0,0,,,,,,,,,,,,,,,,,,,,
2026-07-21 11:34:55,68811.507812,A0DB8AF16E20,0002,male,C57BL/6,1.1.1,FR1_Approach,0,PelletNotDetected,113,148,84,108,0,0,,,,,,,,,,,,,,,,,,,,
2026-07-21 11:38:51,69048.109375,A0DB8AF16E20,0002,male,C57BL/6,1.1.1,FR1_Approach,0,Status,113,148,84,108,0,0,,,,,Disabled,25.0,42.2,995.2,8.9,0.176,96.000,247720,339964,179968,14107,3.97,75.20
2026-07-21 11:50:07,69724.882812,A0DB8AF16E20,0002,male,C57BL/6,1.1.1,FR1_Approach,0,Status,113,148,84,108,0,0,,,,,Disabled,25.0,41.9,995.2,8.9,0.173,94.000,247720,339964,179968,14244,3.97,75.04
2026-07-21 12:01:19,70397.781250,A0DB8AF16E20,0002,male,C57BL/6,1.1.1,FR1_Approach,0,Status,113,148,84,108,0,0,,,,,Disabled,25.0,41.9,995.2,8.9,0.198,106.000,247720,339964,179968,14381,3.98,75.04
2026-07-21 12:09:04,70864.132812,A0DB8AF16E20,0002,male,C57BL/6,1.1.1,FR1_Approach,0,Right,113,148,85,108,0,0,,,,,,,,,,,,,,,,,,,,
2026-07-21 12:12:25,71064.546875,A0DB8AF16E20,0002,male,C57BL/6,1.1.1,FR1_Approach,0,Status,113,148,85,108,0,0,,,,,Disabled,25.0,42.0,995.3,8.9,0.194,110.000,247720,339964,179968,14518,3.97,74.88
2026-07-21 12:18:23,71423.039062,A0DB8AF16E20,0002,male,C57BL/6,1.1.1,FR1_Approach,0,Left,113,149,85,108,0,0,,,,,,,,,,,,,,,,,,,,
2026-07-21 12:18:26,71426.093750,A0DB8AF16E20,0002,male,C57BL/6,1.1.1,FR1_Approach,0,No_approach,113,149,85,108,0,0,,,,,,,,,,,,,,,,,,,,
2026-07-21 12:18:34,71433.937500,A0DB8AF16E20,0002,male,C57BL/6,1.1.1,FR1_Approach,0,Left,113,150,85,108,0,0,,,,,,,,,,,,,,,,,,,,
2026-07-21 12:18:37,71437.007812,A0DB8AF16E20,0002,male,C57BL/6,1.1.1,FR1_Approach,0,No_approach,113,150,85,108,0,0,,,,,,,,,,,,,,,,,,,,
2026-07-21 12:18:41,71441.351562,A0DB8AF16E20,0002,male,C57BL/6,1.1.1,FR1_Approach,0,Left,113,151,85,108,0,0,,,,,,,,,,,,,,,,,,,,
2026-07-21 12:18:43,71442.820312,A0DB8AF16E20,0002,male,C57BL/6,1.1.1,FR1_Approach,0,Approach,113,151,85,108,0,0,,,,,,,,,,,,,,,,,,,,
2026-07-21 12:18:48,71448.703125,A0DB8AF16E20,0002,male,C57BL/6,1.1.1,FR1_Approach,0,PelletDrop,114,151,85,108,0,0,,,,,,,,,,,,,,,,,,,,
2026-07-21 12:18:50,71450.179688,A0DB8AF16E20,0002,male,C57BL/6,1.1.1,FR1_Approach,0,PelletNotDetected,114,151,85,108,0,0,,,,,,,,,,,,,,,,,,,,
2026-07-21 12:23:38,71738.406250,A0DB8AF16E20,0002,male,C57BL/6,1.1.1,FR1_Approach,0,Status,114,151,85,108,0,0,,,,,Disabled,25.0,41.9,995.3,9.0,0.202,109.000,247720,339964,179968,14652,3.97,74.71
2026-07-21 12:34:47,72407.195312,A0DB8AF16E20,0002,male,C57BL/6,1.1.1,FR1_Approach,0,Status,114,151,85,108,0,0,,,,,Disabled,25.0,42.1,995.4,8.9,0.209,110.000,247720,339964,179968,14789,3.96,74.71
2026-07-21 12:45:57,73078.945312,A0DB8AF16E20,0002,male,C57BL/6,1.1.1,FR1_Approach,0,Status,114,151,85,108,0,0,,,,,Disabled,25.0,42.0,995.4,9.0,0.209,110.000,247720,339964,179968,14926,3.97,74.55
2026-07-21 12:57:14,73756.859375,A0DB8AF16E20,0002,male,C57BL/6,1.1.1,FR1_Approach,0,Status,114,151,85,108,0,0,,,,,Disabled,25.0,42.0,995.4,9.0,0.212,110.000,247720,339964,179968,15063,3.97,74.55
2026-07-21 13:08:25,74428.710938,A0DB8AF16E20,0002,male,C57BL/6,1.1.1,FR1_Approach,0,Status,114,151,85,108,0,0,,,,,Disabled,24.9,42.1,995.4,9.1,0.209,110.000,247720,339964,179968,15200,3.97,74.38
2026-07-21 13:19:38,75102.453125,A0DB8AF16E20,0002,male,C57BL/6,1.1.1,FR1_Approach,0,Status,114,151,85,108,0,0,,,,,Disabled,24.9,42.0,995.4,9.1,0.191,95.000,247720,339964,179968,15337,3.97,74.22
2026-07-21 13:30:55,75780.351562,A0DB8AF16E20,0002,male,C57BL/6,1.1.1,FR1_Approach,0,Status,114,151,85,108,0,0,,,,,Disabled,24.9,41.9,995.4,9.1,0.187,94.000,247720,339964,179964,15474,3.97,74.05
2026-07-21 13:42:11,76457.187500,A0DB8AF16E20,0002,male,C57BL/6,1.1.1,FR1_Approach,0,Status,114,151,85,108,0,0,,,,,Disabled,24.9,41.9,995.4,9.1,0.187,94.000,247720,339964,179964,15611,3.97,74.05
2026-07-21 13:53:20,77126.968750,A0DB8AF16E20,0002,male,C57BL/6,1.1.1,FR1_Approach,0,Status,114,151,85,108,0,0,,,,,Disabled,24.9,42.0,995.4,9.0,0.209,110.000,247720,339964,179964,15748,3.98,73.89
2026-07-21 14:04:34,77801.851562,A0DB8AF16E20,0002,male,C57BL/6,1.1.1,FR1_Approach,0,Status,114,151,85,108,0,0,,,,,Disabled,24.9,41.9,995.4,9.0,0.270,143.000,247720,339964,179964,15885,3.96,73.73
2026-07-21 14:15:43,78471.601562,A0DB8AF16E20,0002,male,C57BL/6,1.1.1,FR1_Approach,0,Status,114,151,85,108,0,0,,,,,Disabled,24.8,41.9,995.4,9.0,0.220,110.000,247720,339964,179964,16022,3.96,73.73
2026-07-21 14:25:35,79064.429688,A0DB8AF16E20,0002,male,C57BL/6,1.1.1,FR1_Approach,0,Left,114,152,85,108,0,0,,,,,,,,,,,,,,,,,,,,
2026-07-21 14:25:38,79067.484375,A0DB8AF16E20,0002,male,C57BL/6,1.1.1,FR1_Approach,0,No_approach,114,152,85,108,0,0,,,,,,,,,,,,,,,,,,,,
2026-07-21 14:26:54,79143.367188,A0DB8AF16E20,0002,male,C57BL/6,1.1.1,FR1_Approach,0,Status,114,152,85,108,0,0,,,,,Disabled,24.8,41.9,995.4,9.0,0.209,111.000,247720,339964,179964,16158,3.96,73.56
2026-07-21 14:28:12,79221.835938,A0DB8AF16E20,0002,male,C57BL/6,1.1.1,FR1_Approach,0,Left,114,153,85,108,0,0,,,,,,,,,,,,,,,,,,,,
2026-07-21 14:28:14,79223.796875,A0DB8AF16E20,0002,male,C57BL/6,1.1.1,FR1_Approach,0,Approach,114,153,85,108,0,0,,,,,,,,,,,,,,,,,,,,
2026-07-21 14:28:21,79230.492188,A0DB8AF16E20,0002,male,C57BL/6,1.1.1,FR1_Approach,0,PelletDrop,115,153,85,108,0,0,,,,,,,,,,,,,,,,,,,,
2026-07-21 14:28:22,79231.953125,A0DB8AF16E20,0002,male,C57BL/6,1.1.1,FR1_Approach,0,PelletNotDetected,115,153,85,108,0,0,,,,,,,,,,,,,,,,,,,,
2026-07-21 14:28:58,79267.656250,A0DB8AF16E20,0002,male,C57BL/6,1.1.1,FR1_Approach,0,Left,115,154,85,108,0,0,,,,,,,,,,,,,,,,,,,,
2026-07-21 14:29:00,79270.101562,A0DB8AF16E20,0002,male,C57BL/6,1.1.1,FR1_Approach,0,Approach,115,154,85,108,0,0,,,,,,,,,,,,,,,,,,,,
2026-07-21 14:29:04,79273.195312,A0DB8AF16E20,0002,male,C57BL/6,1.1.1,FR1_Approach,0,PelletDrop,116,154,85,108,0,0,,,,,,,,,,,,,,,,,,,,
2026-07-21 14:29:05,79274.656250,A0DB8AF16E20,0002,male,C57BL/6,1.1.1,FR1_Approach,0,PelletNotDetected,116,154,85,108,0,0,,,,,,,,,,,,,,,,,,,,
2026-07-21 14:30:24,79353.437500,A0DB8AF16E20,0002,male,C57BL/6,1.1.1,FR1_Approach,0,Left,116,155,85,108,0,0,,,,,,,,,,,,,,,,,,,,
2026-07-21 14:30:26,79355.640625,A0DB8AF16E20,0002,male,C57BL/6,1.1.1,FR1_Approach,0,Approach,116,155,85,108,0,0,,,,,,,,,,,,,,,,,,,,
2026-07-21 14:30:29,79359.125000,A0DB8AF16E20,0002,male,C57BL/6,1.1.1,FR1_Approach,0,PelletDrop,117,155,85,108,0,0,,,,,,,,,,,,,,,,,,,,
2026-07-21 14:30:31,79360.585938,A0DB8AF16E20,0002,male,C57BL/6,1.1.1,FR1_Approach,0,PelletNotDetected,117,155,85,108,0,0,,,,,,,,,,,,,,,,,,,,
2026-07-21 14:31:15,79404.820312,A0DB8AF16E20,0002,male,C57BL/6,1.1.1,FR1_Approach,0,Left,117,156,85,108,0,0,,,,,,,,,,,,,,,,,,,,
2026-07-21 14:31:17,79406.554688,A0DB8AF16E20,0002,male,C57BL/6,1.1.1,FR1_Approach,0,Approach,117,156,85,108,0,0,,,,,,,,,,,,,,,,,,,,
2026-07-21 14:31:28,79417.734375,A0DB8AF16E20,0002,male,C57BL/6,1.1.1,FR1_Approach,0,PelletDrop,118,156,85,108,0,0,,,,,,,,,,,,,,,,,,,,
2026-07-21 14:31:39,79428.921875,A0DB8AF16E20,0002,male,C57BL/6,1.1.1,FR1_Approach,0,PelletTaken,118,156,85,108,0,0,10.323,1927.000,0,8,,,,,,,,,,,,,,,,
2026-07-21 14:32:19,79468.507812,A0DB8AF16E20,0002,male,C57BL/6,1.1.1,FR1_Approach,0,Left,118,157,85,108,0,0,,,,,,,,,,,,,,,,,,,,
2026-07-21 14:32:20,79470.234375,A0DB8AF16E20,0002,male,C57BL/6,1.1.1,FR1_Approach,0,Approach,118,157,85,108,0,0,,,,,,,,,,,,,,,,,,,,
2026-07-21 14:32:23,79473.375000,A0DB8AF16E20,0002,male,C57BL/6,1.1.1,FR1_Approach,0,PelletDrop,119,157,85,108,0,0,,,,,,,,,,,,,,,,,,,,
2026-07-21 14:32:25,79474.835938,A0DB8AF16E20,0002,male,C57BL/6,1.1.1,FR1_Approach,0,PelletNotDetected,119,157,85,108,0,0,,,,,,,,,,,,,,,,,,,,
2026-07-21 14:32:50,79499.757812,A0DB8AF16E20,0002,male,C57BL/6,1.1.1,FR1_Approach,0,Left,119,158,85,108,0,0,,,,,,,,,,,,,,,,,,,,
2026-07-21 14:32:53,79502.843750,A0DB8AF16E20,0002,male,C57BL/6,1.1.1,FR1_Approach,0,No_approach,119,158,85,108,0,0,,,,,,,,,,,,,,,,,,,,
2026-07-21 14:32:57,79507.039062,A0DB8AF16E20,0002,male,C57BL/6,1.1.1,FR1_Approach,0,Left,119,159,85,108,0,0,,,,,,,,,,,,,,,,,,,,
2026-07-21 14:33:00,79510.093750,A0DB8AF16E20,0002,male,C57BL/6,1.1.1,FR1_Approach,0,No_approach,119,159,85,108,0,0,,,,,,,,,,,,,,,,,,,,
2026-07-21 14:33:04,79513.742188,A0DB8AF16E20,0002,male,C57BL/6,1.1.1,FR1_Approach,0,Left,119,160,85,108,0,0,,,,,,,,,,,,,,,,,,,,
2026-07-21 14:33:07,79516.945312,A0DB8AF16E20,0002,male,C57BL/6,1.1.1,FR1_Approach,0,Approach,119,160,85,108,0,0,,,,,,,,,,,,,,,,,,,,
2026-07-21 14:33:12,79522.234375,A0DB8AF16E20,0002,male,C57BL/6,1.1.1,FR1_Approach,0,PelletDrop,120,160,85,108,0,0,,,,,,,,,,,,,,,,,,,,
2026-07-21 14:33:23,79533.171875,A0DB8AF16E20,0002,male,C57BL/6,1.1.1,FR1_Approach,0,PelletTaken,120,160,85,108,0,0,10.069,2001.000,0,3,,,,,,,,,,,,,,,,
2026-07-21 14:37:27,79777.546875,A0DB8AF16E20,0002,male,C57BL/6,1.1.1,FR1_Approach,0,Status,120,160,85,108,0,0,,,,,Disabled,24.7,42.3,995.5,9.1,0.212,110.000,247720,339964,179964,16276,3.96,73.40
2026-07-21 14:48:41,80451.937500,A0DB8AF16E20,0002,male,C57BL/6,1.1.1,FR1_Approach,0,Status,120,160,85,108,0,0,,,,,Disabled,24.8,41.6,995.5,9.1,0.252,132.000,247720,339964,179964,16413,3.96,73.23
2026-07-21 14:59:14,81085.687500,A0DB8AF16E20,0002,male,C57BL/6,1.1.1,FR1_Approach,0,Status,120,160,85,108,0,0,,,,,Disabled,24.6,42.6,995.5,9.2,0.220,115.000,247720,339964,179964,16550,3.96,73.23
2026-07-21 15:09:47,81719.476562,A0DB8AF16E20,0002,male,C57BL/6,1.1.1,FR1_Approach,0,Status,120,160,85,108,0,0,,,,,Disabled,24.5,42.7,995.4,9.2,0.220,112.000,247720,339964,179964,16687,3.96,73.07
2026-07-21 15:21:14,82407.390625,A0DB8AF16E20,0002,male,C57BL/6,1.1.1,FR1_Approach,0,Status,120,160,85,108,0,0,,,,,Disabled,24.6,41.6,995.4,9.1,0.209,110.000,247720,339964,179964,16824,3.96,72.91
2026-07-21 15:31:47,83041.140625,A0DB8AF16E20,0002,male,C57BL/6,1.1.1,FR1_Approach,0,Status,120,160,85,108,0,0,,,,,Disabled,24.5,42.7,995.4,9.2,0.220,112.000,247720,339964,179964,16961,3.96,72.91
2026-07-21 15:43:02,83716.062500,A0DB8AF16E20,0002,male,C57BL/6,1.1.1,FR1_Approach,0,Status,120,160,85,108,0,0,,,,,Disabled,24.5,41.8,995.4,9.1,0.209,110.000,247720,339964,179964,17098,3.95,72.74
2026-07-21 15:53:35,84349.828125,A0DB8AF16E20,0002,male,C57BL/6,1.1.1,FR1_Approach,0,Status,120,160,85,108,0,0,,,,,Disabled,24.4,42.7,995.3,9.2,0.198,96.000,247720,339964,179964,17235,3.95,72.58
2026-07-21 16:04:43,85019.687500,A0DB8AF16E20,0002,male,C57BL/6,1.1.1,FR1_Approach,0,Status,120,160,85,108,0,0,,,,,Disabled,24.5,42.0,995.3,9.1,0.191,94.000,247720,339964,179964,17372,3.95,72.41
2026-07-21 16:15:16,85653.453125,A0DB8AF16E20,0002,male,C57BL/6,1.1.1,FR1_Approach,0,Status,120,160,85,108,0,0,,,,,Disabled,24.4,42.8,995.2,9.2,0.187,96.000,247720,339964,179964,17509,3.95,72.41
2026-07-21 16:25:49,86287.226562,A0DB8AF16E20,0002,male,C57BL/6,1.1.1,FR1_Approach,0,Status,120,160,85,108,0,0,,,,,Disabled,24.3,42.8,995.2,9.3,0.209,110.000,247720,339964,179964,17646,3.97,72.41
2026-07-21 16:32:25,86683.570312,A0DB8AF16E20,0002,male,C57BL/6,1.1.1,FR1_Approach,0,Left,120,161,85,108,0,0,,,,,,,,,,,,,,,,,,,,
2026-07-21 16:32:26,86685.039062,A0DB8AF16E20,0002,male,C57BL/6,1.1.1,FR1_Approach,0,Approach,120,161,85,108,0,0,,,,,,,,,,,,,,,,,,,,
2026-07-21 16:32:32,86690.382812,A0DB8AF16E20,0002,male,C57BL/6,1.1.1,FR1_Approach,0,PelletDrop,121,161,85,108,0,0,,,,,,,,,,,,,,,,,,,,
2026-07-21 16:32:42,86700.710938,A0DB8AF16E20,0002,male,C57BL/6,1.1.1,FR1_Approach,0,PelletTaken,121,161,85,108,0,0,9.443,514.000,0,2,,,,,,,,,,,,,,,,
2026-07-21 16:34:03,86782.234375,A0DB8AF16E20,0002,male,C57BL/6,1.1.1,FR1_Approach,0,Left,121,162,85,108,0,0,,,,,,,,,,,,,,,,,,,,
2026-07-21 16:34:05,86783.710938,A0DB8AF16E20,0002,male,C57BL/6,1.1.1,FR1_Approach,0,Approach,121,162,85,108,0,0,,,,,,,,,,,,,,,,,,,,
2026-07-21 16:34:10,86789.054688,A0DB8AF16E20,0002,male,C57BL/6,1.1.1,FR1_Approach,0,PelletDrop,122,162,85,108,0,0,,,,,,,,,,,,,,,,,,,,
2026-07-21 16:34:20,86799.343750,A0DB8AF16E20,0002,male,C57BL/6,1.1.1,FR1_Approach,0,PelletTaken,122,162,85,108,0,0,9.410,265.000,0,2,,,,,,,,,,,,,,,,
2026-07-21 16:37:05,86964.117188,A0DB8AF16E20,0002,male,C57BL/6,1.1.1,FR1_Approach,0,Status,122,162,85,108,0,0,,,,,Disabled,24.5,41.8,995.1,9.1,0.209,108.000,247720,339964,179964,17776,3.96,72.09
2026-07-21 16:37:30,86989.312500,A0DB8AF16E20,0002,male,C57BL/6,1.1.1,FR1_Approach,0,Left,122,163,85,108,0,0,,,,,,,,,,,,,,,,,,,,
2026-07-21 16:37:32,86990.796875,A0DB8AF16E20,0002,male,C57BL/6,1.1.1,FR1_Approach,0,Approach,122,163,85,108,0,0,,,,,,,,,,,,,,,,,,,,
2026-07-21 16:37:37,86996.140625,A0DB8AF16E20,0002,male,C57BL/6,1.1.1,FR1_Approach,0,PelletDrop,123,163,85,108,0,0,,,,,,,,,,,,,,,,,,,,
2026-07-21 16:37:48,87007.187500,A0DB8AF16E20,0002,male,C57BL/6,1.1.1,FR1_Approach,0,PelletTaken,123,163,85,108,0,0,10.180,223.000,0,2,,,,,,,,,,,,,,,,
2026-07-21 16:47:37,87597.203125,A0DB8AF16E20,0002,male,C57BL/6,1.1.1,FR1_Approach,0,Status,123,163,85,108,0,0,,,,,Disabled,24.4,42.8,995.0,9.0,0.216,112.000,247720,339964,179964,17909,3.96,72.09
2026-07-21 16:58:46,88266.695312,A0DB8AF16E20,0002,male,C57BL/6,1.1.1,FR1_Approach,0,Status,123,163,85,108,0,0,,,,,Disabled,24.5,42.1,995.0,9.0,0.220,112.000,247720,339964,179964,18047,3.95,71.92
2026-07-21 17:09:19,88900.437500,A0DB8AF16E20,0002,male,C57BL/6,1.1.1,FR1_Approach,0,Status,123,163,85,108,0,0,,,,,Disabled,24.5,42.8,995.0,9.0,0.220,112.000,247720,339964,179964,18184,3.96,71.92
2026-07-21 17:20:30,89572.421875,A0DB8AF16E20,0002,male,C57BL/6,1.1.1,FR1_Approach,0,Status,123,163,85,108,0,0,,,,,Disabled,24.6,41.9,994.9,8.9,0.396,201.000,247720,339964,179964,18321,3.92,71.76
2026-07-21 17:31:03,90206.187500,A0DB8AF16E20,0002,male,C57BL/6,1.1.1,FR1_Approach,0,Status,123,163,85,108,0,0,,,,,Disabled,24.6,42.7,994.9,8.9,0.324,170.000,247720,339964,179964,18458,3.95,71.59
2026-07-21 17:42:21,90884.976562,A0DB8AF16E20,0002,male,C57BL/6,1.1.1,FR1_Approach,0,Status,123,163,85,108,0,0,,,,,Disabled,24.7,41.7,994.9,8.9,0.230,122.000,247720,339964,179964,18595,3.95,71.43
2026-07-21 17:52:54,91518.757812,A0DB8AF16E20,0002,male,C57BL/6,1.1.1,FR1_Approach,0,Status,123,163,85,108,0,0,,,,,Disabled,24.6,42.7,994.9,8.8,0.238,126.000,247720,339964,179964,18732,3.95,71.27
2026-07-21 18:04:02,92187.687500,A0DB8AF16E20,0002,male,C57BL/6,1.1.1,FR1_Approach,0,Status,123,163,85,108,0,0,,,,,Disabled,24.7,41.9,995.0,8.8,0.000,0.000,247720,339964,179964,18869,3.94,71.10
2026-07-21 18:14:35,92821.453125,A0DB8AF16E20,0002,male,C57BL/6,1.1.1,FR1_Approach,0,Status,123,163,85,108,0,0,,,,,Disabled,24.7,42.7,995.1,9.0,0.000,0.000,247720,339964,179964,19006,3.94,71.10
2026-07-21 18:25:44,93491.242188,A0DB8AF16E20,0002,male,C57BL/6,1.1.1,FR1_Approach,0,Status,123,163,85,108,0,0,,,,,Disabled,24.8,41.9,995.2,8.9,0.000,0.000,247720,339964,179964,19143,3.96,70.94
2026-07-21 18:29:35,93722.492188,A0DB8AF16E20,0002,male,C57BL/6,1.1.1,FR1_Approach,0,Left,123,164,85,108,0,0,,,,,,,,,,,,,,,,,,,,
2026-07-21 18:29:36,93723.968750,A0DB8AF16E20,0002,male,C57BL/6,1.1.1,FR1_Approach,0,Approach,123,164,85,108,0,0,,,,,,,,,,,,,,,,,,,,
2026-07-21 18:29:42,93729.320312,A0DB8AF16E20,0002,male,C57BL/6,1.1.1,FR1_Approach,0,PelletDrop,124,164,85,108,0,0,,,,,,,,,,,,,,,,,,,,
2026-07-21 18:29:54,93741.445312,A0DB8AF16E20,0002,male,C57BL/6,1.1.1,FR1_Approach,0,PelletTaken,124,164,85,108,0,0,11.257,128.000,0,2,,,,,,,,,,,,,,,,
2026-07-21 18:30:59,93806.671875,A0DB8AF16E20,0002,male,C57BL/6,1.1.1,FR1_Approach,0,Left,124,165,85,108,0,0,,,,,,,,,,,,,,,,,,,,
2026-07-21 18:31:00,93808.156250,A0DB8AF16E20,0002,male,C57BL/6,1.1.1,FR1_Approach,0,Approach,124,165,85,108,0,0,,,,,,,,,,,,,,,,,,,,
2026-07-21 18:31:06,93814.085938,A0DB8AF16E20,0002,male,C57BL/6,1.1.1,FR1_Approach,0,PelletDrop,125,165,85,108,0,0,,,,,,,,,,,,,,,,,,,,
2026-07-21 18:31:17,93825.015625,A0DB8AF16E20,0002,male,C57BL/6,1.1.1,FR1_Approach,0,PelletTaken,125,165,85,108,0,0,10.059,2002.000,0,2,,,,,,,,,,,,,,,,
2026-07-21 18:32:08,93876.171875,A0DB8AF16E20,0002,male,C57BL/6,1.1.1,FR1_Approach,0,Center,125,165,85,109,0,0,,,,,,,,,,,,,,,,,,,,
2026-07-21 18:32:32,93899.609375,A0DB8AF16E20,0002,male,C57BL/6,1.1.1,FR1_Approach,0,Left,125,166,85,109,0,0,,,,,,,,,,,,,,,,,,,,
2026-07-21 18:32:33,93901.078125,A0DB8AF16E20,0002,male,C57BL/6,1.1.1,FR1_Approach,0,Approach,125,166,85,109,0,0,,,,,,,,,,,,,,,,,,,,
2026-07-21 18:32:35,93902.960938,A0DB8AF16E20,0002,male,C57BL/6,1.1.1,FR1_Approach,0,PelletDrop,126,166,85,109,0,0,,,,,,,,,,,,,,,,,,,,
2026-07-21 18:32:36,93903.992188,A0DB8AF16E20,0002,male,C57BL/6,1.1.1,FR1_Approach,0,PelletTaken,126,166,85,109,0,0,0.159,1693.000,0,0,,,,,,,,,,,,,,,,
2026-07-21 18:33:04,93931.796875,A0DB8AF16E20,0002,male,C57BL/6,1.1.1,FR1_Approach,0,Left,126,167,85,109,0,0,,,,,,,,,,,,,,,,,,,,
2026-07-21 18:33:06,93933.507812,A0DB8AF16E20,0002,male,C57BL/6,1.1.1,FR1_Approach,0,Approach,126,167,85,109,0,0,,,,,,,,,,,,,,,,,,,,
2026-07-21 18:33:11,93938.851562,A0DB8AF16E20,0002,male,C57BL/6,1.1.1,FR1_Approach,0,PelletDrop,127,167,85,109,0,0,,,,,,,,,,,,,,,,,,,,
2026-07-21 18:33:22,93950.171875,A0DB8AF16E20,0002,male,C57BL/6,1.1.1,FR1_Approach,0,PelletTaken,127,167,85,109,0,0,10.454,1720.000,0,2,,,,,,,,,,,,,,,,
2026-07-21 18:36:18,94126.414062,A0DB8AF16E20,0002,male,C57BL/6,1.1.1,FR1_Approach,0,Status,127,167,85,109,0,0,,,,,Disabled,24.8,42.5,995.2,8.8,0.000,0.000,247720,339964,179964,19267,3.96,70.77
2026-07-21 18:38:29,94257.539062,A0DB8AF16E20,0002,male,C57BL/6,1.1.1,FR1_Approach,0,Left,127,168,85,109,0,0,,,,,,,,,,,,,,,,,,,,
2026-07-21 18:38:31,94259.007812,A0DB8AF16E20,0002,male,C57BL/6,1.1.1,FR1_Approach,0,Approach,127,168,85,109,0,0,,,,,,,,,,,,,,,,,,,,
2026-07-21 18:38:36,94264.367188,A0DB8AF16E20,0002,male,C57BL/6,1.1.1,FR1_Approach,0,PelletDrop,128,168,85,109,0,0,,,,,,,,,,,,,,,,,,,,
2026-07-21 18:38:45,94273.218750,A0DB8AF16E20,0002,male,C57BL/6,1.1.1,FR1_Approach,0,PelletTaken,128,168,85,109,0,0,7.979,30.000,0,2,,,,,,,,,,,,,,,,
2026-07-21 18:39:37,94325.312500,A0DB8AF16E20,0002,male,C57BL/6,1.1.1,FR1_Approach,0,Right,128,168,86,109,0,0,,,,,,,,,,,,,,,,,,,,
2026-07-21 18:43:08,94536.296875,A0DB8AF16E20,0002,male,C57BL/6,1.1.1,FR1_Approach,0,Left,128,169,86,109,0,0,,,,,,,,,,,,,,,,,,,,
2026-07-21 18:43:09,94537.781250,A0DB8AF16E20,0002,male,C57BL/6,1.1.1,FR1_Approach,0,Approach,128,169,86,109,0,0,,,,,,,,,,,,,,,,,,,,
2026-07-21 18:43:17,94545.343750,A0DB8AF16E20,0002,male,C57BL/6,1.1.1,FR1_Approach,0,PelletDrop,129,169,86,109,0,0,,,,,,,,,,,,,,,,,,,,
2026-07-21 18:43:25,94554.000000,A0DB8AF16E20,0002,male,C57BL/6,1.1.1,FR1_Approach,0,PelletTaken,129,169,86,109,0,0,7.792,707.000,0,3,,,,,,,,,,,,,,,,
2026-07-21 18:47:28,94796.742188,A0DB8AF16E20,0002,male,C57BL/6,1.1.1,FR1_Approach,0,Status,129,169,86,109,0,0,,,,,Disabled,24.9,41.8,995.3,8.7,0.000,0.000,247720,339964,179964,19397,3.94,70.77
2026-07-21 18:58:01,95430.523438,A0DB8AF16E20,0002,male,C57BL/6,1.1.1,FR1_Approach,0,Status,129,169,86,109,0,0,,,,,Disabled,24.8,42.7,995.4,8.7,0.000,0.000,247720,339964,179964,19534,3.95,70.61
2026-07-21 19:08:34,96064.289062,A0DB8AF16E20,0002,male,C57BL/6,1.1.1,FR1_Approach,0,Status,129,169,86,109,0,0,,,,,Disabled,24.8,42.7,995.5,8.9,0.000,0.000,247720,339964,179964,19671,3.95,70.61
2026-07-21 19:19:52,96743.164062,A0DB8AF16E20,0002,male,C57BL/6,1.1.1,FR1_Approach,0,Status,129,169,86,109,0,0,,,,,Disabled,24.9,41.6,995.5,8.8,0.000,0.000,247720,339964,179964,19808,3.94,70.45
2026-07-21 19:22:35,96906.851562,A0DB8AF16E20,0002,male,C57BL/6,1.1.1,FR1_Approach,0,Left,129,170,86,109,0,0,,,,,,,,,,,,,,,,,,,,
2026-07-21 19:22:37,96908.570312,A0DB8AF16E20,0002,male,C57BL/6,1.1.1,FR1_Approach,0,Approach,129,170,86,109,0,0,,,,,,,,,,,,,,,,,,,,
2026-07-21 19:22:43,96914.312500,A0DB8AF16E20,0002,male,C57BL/6,1.1.1,FR1_Approach,0,PelletDrop,130,170,86,109,0,0,,,,,,,,,,,,,,,,,,,,
2026-07-21 19:22:54,96925.406250,A0DB8AF16E20,0002,male,C57BL/6,1.1.1,FR1_Approach,0,PelletTaken,130,170,86,109,0,0,10.224,69.000,0,2,,,,,,,,,,,,,,,,
2026-07-21 19:23:52,96983.968750,A0DB8AF16E20,0002,male,C57BL/6,1.1.1,FR1_Approach,0,Left,130,171,86,109,0,0,,,,,,,,,,,,,,,,,,,,
2026-07-21 19:23:54,96985.445312,A0DB8AF16E20,0002,male,C57BL/6,1.1.1,FR1_Approach,0,Approach,130,171,86,109,0,0,,,,,,,,,,,,,,,,,,,,
2026-07-21 19:23:59,96990.804688,A0DB8AF16E20,0002,male,C57BL/6,1.1.1,FR1_Approach,0,PelletDrop,131,171,86,109,0,0,,,,,,,,,,,,,,,,,,,,
2026-07-21 19:24:10,97001.328125,A0DB8AF16E20,0002,male,C57BL/6,1.1.1,FR1_Approach,0,PelletTaken,131,171,86,109,0,0,9.662,2001.000,0,2,,,,,,,,,,,,,,,,
2026-07-21 19:31:03,97414.929688,A0DB8AF16E20,0002,male,C57BL/6,1.1.1,FR1_Approach,0,Status,131,171,86,109,0,0,,,,,Disabled,25.0,41.6,995.6,8.7,0.000,0.000,247720,339964,179964,19937,3.94,70.28
2026-07-21 19:36:08,97720.554688,A0DB8AF16E20,0002,male,C57BL/6,1.1.1,FR1_Approach,0,Right,131,171,87,109,0,0,,,,,,,,,,,,,,,,,,,,
2026-07-21 19:36:18,97730.039062,A0DB8AF16E20,0002,male,C57BL/6,1.1.1,FR1_Approach,0,Right,131,171,88,109,0,0,,,,,,,,,,,,,,,,,,,,
2026-07-21 19:37:47,97820.023438,A0DB8AF16E20,0002,male,C57BL/6,1.1.1,FR1_Approach,0,Left,131,172,88,109,0,0,,,,,,,,,,,,,,,,,,,,
2026-07-21 19:37:49,97821.492188,A0DB8AF16E20,0002,male,C57BL/6,1.1.1,FR1_Approach,0,Approach,131,172,88,109,0,0,,,,,,,,,,,,,,,,,,,,
2026-07-21 19:37:52,97824.632812,A0DB8AF16E20,0002,male,C57BL/6,1.1.1,FR1_Approach,0,PelletDrop,132,172,88,109,0,0,,,,,,,,,,,,,,,,,,,,
2026-07-21 19:37:54,97826.093750,A0DB8AF16E20,0002,male,C57BL/6,1.1.1,FR1_Approach,0,PelletNotDetected,132,172,88,109,0,0,,,,,,,,,,,,,,,,,,,,
2026-07-21 19:38:54,97886.687500,A0DB8AF16E20,0002,male,C57BL/6,1.1.1,FR1_Approach,0,Left,132,173,88,109,0,0,,,,,,,,,,,,,,,,,,,,
2026-07-21 19:38:56,97888.398438,A0DB8AF16E20,0002,male,C57BL/6,1.1.1,FR1_Approach,0,Approach,132,173,88,109,0,0,,,,,,,,,,,,,,,,,,,,
2026-07-21 19:39:01,97893.710938,A0DB8AF16E20,0002,male,C57BL/6,1.1.1,FR1_Approach,0,PelletDrop,133,173,88,109,0,0,,,,,,,,,,,,,,,,,,,,
2026-07-21 19:39:10,97902.609375,A0DB8AF16E20,0002,male,C57BL/6,1.1.1,FR1_Approach,0,PelletTaken,133,173,88,109,0,0,8.034,79.000,0,3,,,,,,,,,,,,,,,,
2026-07-21 19:39:39,97931.445312,A0DB8AF16E20,0002,male,C57BL/6,1.1.1,FR1_Approach,0,Right,133,173,89,109,0,0,,,,,,,,,,,,,,,,,,,,
2026-07-21 19:39:50,97942.382812,A0DB8AF16E20,0002,male,C57BL/6,1.1.1,FR1_Approach,0,Left,133,174,89,109,0,0,,,,,,,,,,,,,,,,,,,,
2026-07-21 19:39:51,97943.851562,A0DB8AF16E20,0002,male,C57BL/6,1.1.1,FR1_Approach,0,Approach,133,174,89,109,0,0,,,,,,,,,,,,,,,,,,,,
2026-07-21 19:39:57,97949.195312,A0DB8AF16E20,0002,male,C57BL/6,1.1.1,FR1_Approach,0,PelletDrop,134,174,89,109,0,0,,,,,,,,,,,,,,,,,,,,
2026-07-21 19:40:04,97956.343750,A0DB8AF16E20,0002,male,C57BL/6,1.1.1,FR1_Approach,0,PelletTaken,134,174,89,109,0,0,6.275,265.000,0,2,,,,,,,,,,,,,,,,
2026-07-21 19:40:44,97997.070312,A0DB8AF16E20,0002,male,C57BL/6,1.1.1,FR1_Approach,0,Left,134,175,89,109,0,0,,,,,,,,,,,,,,,,,,,,
2026-07-21 19:40:47,98000.125000,A0DB8AF16E20,0002,male,C57BL/6,1.1.1,FR1_Approach,0,No_approach,134,175,89,109,0,0,,,,,,,,,,,,,,,,,,,,
2026-07-21 19:41:35,98047.593750,A0DB8AF16E20,0002,male,C57BL/6,1.1.1,FR1_Approach,0,Status,134,175,89,109,0,0,,,,,Disabled,25.0,42.2,995.7,8.7,0.000,0.000,247720,339964,179964,20066,3.93,70.12
2026-07-21 19:44:25,98218.328125,A0DB8AF16E20,0002,male,C57BL/6,1.1.1,FR1_Approach,0,Center,134,175,89,110,0,0,,,,,,,,,,,,,,,,,,,,
2026-07-21 19:45:00,98252.656250,A0DB8AF16E20,0002,male,C57BL/6,1.1.1,FR1_Approach,0,Center,134,175,89,111,0,0,,,,,,,,,,,,,,,,,,,,
2026-07-21 19:45:08,98261.062500,A0DB8AF16E20,0002,male,C57BL/6,1.1.1,FR1_Approach,0,Left,134,176,89,111,0,0,,,,,,,,,,,,,,,,,,,,
2026-07-21 19:45:10,98263.265625,A0DB8AF16E20,0002,male,C57BL/6,1.1.1,FR1_Approach,0,Approach,134,176,89,111,0,0,,,,,,,,,,,,,,,,,,,,
2026-07-21 19:45:18,98271.328125,A0DB8AF16E20,0002,male,C57BL/6,1.1.1,FR1_Approach,0,PelletDrop,135,176,89,111,0,0,,,,,,,,,,,,,,,,,,,,
2026-07-21 19:45:25,98277.703125,A0DB8AF16E20,0002,male,C57BL/6,1.1.1,FR1_Approach,0,PelletTaken,135,176,89,111,0,0,5.493,68.000,0,3,,,,,,,,,,,,,,,,
2026-07-21 19:46:03,98316.250000,A0DB8AF16E20,0002,male,C57BL/6,1.1.1,FR1_Approach,0,Center,135,176,89,112,0,0,,,,,,,,,,,,,,,,,,,,
2026-07-21 19:46:09,98322.187500,A0DB8AF16E20,0002,male,C57BL/6,1.1.1,FR1_Approach,0,Center,135,176,89,113,0,0,,,,,,,,,,,,,,,,,,,,
2026-07-21 19:46:13,98326.117188,A0DB8AF16E20,0002,male,C57BL/6,1.1.1,FR1_Approach,0,Center,135,176,89,114,0,0,,,,,,,,,,,,,,,,,,,,
2026-07-21 19:46:55,98368.039062,A0DB8AF16E20,0002,male,C57BL/6,1.1.1,FR1_Approach,0,Left,135,177,89,114,0,0,,,,,,,,,,,,,,,,,,,,
2026-07-21 19:46:57,98369.757812,A0DB8AF16E20,0002,male,C57BL/6,1.1.1,FR1_Approach,0,Approach,135,177,89,114,0,0,,,,,,,,,,,,,,,,,,,,
2026-07-21 19:47:04,98377.320312,A0DB8AF16E20,0002,male,C57BL/6,1.1.1,FR1_Approach,0,PelletDrop,136,177,89,114,0,0,,,,,,,,,,,,,,,,,,,,
2026-07-21 19:47:13,98385.851562,A0DB8AF16E20,0002,male,C57BL/6,1.1.1,FR1_Approach,0,PelletTaken,136,177,89,114,0,0,7.650,330.000,0,3,,,,,,,,,,,,,,,,
2026-07-21 19:52:05,98678.335938,A0DB8AF16E20,0002,male,C57BL/6,1.1.1,FR1_Approach,0,Status,136,177,89,114,0,0,,,,,Disabled,25.0,42.6,995.8,8.8,0.000,0.000,247720,339964,179964,20196,3.93,69.95
2026-07-21 19:53:37,98770.445312,A0DB8AF16E20,0002,male,C57BL/6,1.1.1,FR1_Approach,0,Left,136,178,89,114,0,0,,,,,,,,,,,,,,,,,,,,
2026-07-21 19:53:39,98772.664062,A0DB8AF16E20,0002,male,C57BL/6,1.1.1,FR1_Approach,0,Approach,136,178,89,114,0,0,,,,,,,,,,,,,,,,,,,,
2026-07-21 19:53:44,98778.007812,A0DB8AF16E20,0002,male,C57BL/6,1.1.1,FR1_Approach,0,PelletDrop,137,178,89,114,0,0,,,,,,,,,,,,,,,,,,,,
2026-07-21 19:53:53,98786.953125,A0DB8AF16E20,0002,male,C57BL/6,1.1.1,FR1_Approach,0,PelletTaken,137,178,89,114,0,0,8.078,312.000,0,2,,,,,,,,,,,,,,,,
2026-07-21 20:03:20,99354.304688,A0DB8AF16E20,0002,male,C57BL/6,1.1.1,FR1_Approach,0,Status,137,178,89,114,0,0,,,,,Disabled,25.0,41.8,995.9,8.7,0.000,0.000,247720,339964,179964,20329,3.89,69.79
2026-07-21 20:05:23,99477.718750,A0DB8AF16E20,0002,male,C57BL/6,1.1.1,FR1_Approach,0,Left,137,179,89,114,0,0,,,,,,,,,,,,,,,,,,,,
2026-07-21 20:05:24,99479.195312,A0DB8AF16E20,0002,male,C57BL/6,1.1.1,FR1_Approach,0,Approach,137,179,89,114,0,0,,,,,,,,,,,,,,,,,,,,
2026-07-21 20:05:30,99484.539062,A0DB8AF16E20,0002,male,C57BL/6,1.1.1,FR1_Approach,0,PelletDrop,138,179,89,114,0,0,,,,,,,,,,,,,,,,,,,,
2026-07-21 20:05:41,99495.664062,A0DB8AF16E20,0002,male,C57BL/6,1.1.1,FR1_Approach,0,PelletTaken,138,179,89,114,0,0,10.235,478.000,0,2,,,,,,,,,,,,,,,,
2026-07-21 20:06:19,99534.007812,A0DB8AF16E20,0002,male,C57BL/6,1.1.1,FR1_Approach,0,Right,138,179,90,114,0,0,,,,,,,,,,,,,,,,,,,,
2026-07-21 20:06:24,99539.101562,A0DB8AF16E20,0002,male,C57BL/6,1.1.1,FR1_Approach,0,Left,138,180,90,114,0,0,,,,,,,,,,,,,,,,,,,,
2026-07-21 20:06:26,99540.578125,A0DB8AF16E20,0002,male,C57BL/6,1.1.1,FR1_Approach,0,Approach,138,180,90,114,0,0,,,,,,,,,,,,,,,,,,,,
2026-07-21 20:06:33,99548.164062,A0DB8AF16E20,0002,male,C57BL/6,1.1.1,FR1_Approach,0,PelletDrop,139,180,90,114,0,0,,,,,,,,,,,,,,,,,,,,
2026-07-21 20:06:43,99557.453125,A0DB8AF16E20,0002,male,C57BL/6,1.1.1,FR1_Approach,0,PelletTaken,139,180,90,114,0,0,8.419,445.000,0,3,,,,,,,,,,,,,,,,
2026-07-21 20:12:35,99909.906250,A0DB8AF16E20,0002,male,C57BL/6,1.1.1,FR1_Approach,0,Left,139,181,90,114,0,0,,,,,,,,,,,,,,,,,,,,
2026-07-21 20:12:36,99911.382812,A0DB8AF16E20,0002,male,C57BL/6,1.1.1,FR1_Approach,0,Approach,139,181,90,114,0,0,,,,,,,,,,,,,,,,,,,,
2026-07-21 20:12:41,99916.734375,A0DB8AF16E20,0002,male,C57BL/6,1.1.1,FR1_Approach,0,PelletDrop,140,181,90,114,0,0,,,,,,,,,,,,,,,,,,,,
2026-07-21 20:12:51,99926.171875,A0DB8AF16E20,0002,male,C57BL/6,1.1.1,FR1_Approach,0,PelletTaken,140,181,90,114,0,0,8.563,164.000,0,2,,,,,,,,,,,,,,,,
2026-07-21 20:13:51,99986.765625,A0DB8AF16E20,0002,male,C57BL/6,1.1.1,FR1_Approach,0,Status,140,181,90,114,0,0,,,,,Disabled,25.0,42.5,996.0,8.7,0.000,0.000,247720,339964,179964,20454,3.93,69.46
2026-07-21 20:25:13,100668.851562,A0DB8AF16E20,0002,male,C57BL/6,1.1.1,FR1_Approach,0,Status,140,181,90,114,0,0,,,,,Disabled,25.1,41.8,996.1,8.7,0.000,0.000,247720,339964,179964,20591,3.93,69.30
2026-07-21 20:33:13,101149.718750,A0DB8AF16E20,0002,male,C57BL/6,1.1.1,FR1_Approach,0,Left,140,182,90,114,0,0,,,,,,,,,,,,,,,,,,,,
2026-07-21 20:33:14,101151.187500,A0DB8AF16E20,0002,male,C57BL/6,1.1.1,FR1_Approach,0,Approach,140,182,90,114,0,0,,,,,,,,,,,,,,,,,,,,
2026-07-21 20:33:20,101157.031250,A0DB8AF16E20,0002,male,C57BL/6,1.1.1,FR1_Approach,0,PelletDrop,141,182,90,114,0,0,,,,,,,,,,,,,,,,,,,,
2026-07-21 20:33:30,101167.210938,A0DB8AF16E20,0002,male,C57BL/6,1.1.1,FR1_Approach,0,PelletTaken,141,182,90,114,0,0,9.311,359.000,0,2,,,,,,,,,,,,,,,,
2026-07-21 20:35:45,101302.187500,A0DB8AF16E20,0002,male,C57BL/6,1.1.1,FR1_Approach,0,Status,141,182,90,114,0,0,,,,,Disabled,25.0,42.7,996.2,8.7,0.000,0.000,247720,339964,179964,20724,3.93,69.30
2026-07-21 20:40:11,101568.492188,A0DB8AF16E20,0002,male,C57BL/6,1.1.1,FR1_Approach,0,Right,141,182,91,114,0,0,,,,,,,,,,,,,,,,,,,,
2026-07-21 20:40:19,101575.945312,A0DB8AF16E20,0002,male,C57BL/6,1.1.1,FR1_Approach,0,Center,141,182,91,115,0,0,,,,,,,,,,,,,,,,,,,,
2026-07-21 20:42:19,101696.695312,A0DB8AF16E20,0002,male,C57BL/6,1.1.1,FR1_Approach,0,Right,141,182,92,115,0,0,,,,,,,,,,,,,,,,,,,,
2026-07-21 20:47:04,101981.523438,A0DB8AF16E20,0002,male,C57BL/6,1.1.1,FR1_Approach,0,Status,141,182,92,115,0,0,,,,,Disabled,25.1,42.0,996.4,8.7,0.000,0.000,247720,339964,179964,20863,3.93,69.13
2026-07-21 20:47:33,102011.132812,A0DB8AF16E20,0002,male,C57BL/6,1.1.1,FR1_Approach,0,Left,141,183,92,115,0,0,,,,,,,,,,,,,,,,,,,,
2026-07-21 20:47:35,102012.601562,A0DB8AF16E20,0002,male,C57BL/6,1.1.1,FR1_Approach,0,Approach,141,183,92,115,0,0,,,,,,,,,,,,,,,,,,,,
2026-07-21 20:47:40,102017.898438,A0DB8AF16E20,0002,male,C57BL/6,1.1.1,FR1_Approach,0,PelletDrop,142,183,92,115,0,0,,,,,,,,,,,,,,,,,,,,
2026-07-21 20:47:48,102026.109375,A0DB8AF16E20,0002,male,C57BL/6,1.1.1,FR1_Approach,0,PelletTaken,142,183,92,115,0,0,7.341,41.000,0,2,,,,,,,,,,,,,,,,
2026-07-21 20:48:25,102063.367188,A0DB8AF16E20,0002,male,C57BL/6,1.1.1,FR1_Approach,0,Left,142,184,92,115,0,0,,,,,,,,,,,,,,,,,,,,
2026-07-21 20:48:27,102064.835938,A0DB8AF16E20,0002,male,C57BL/6,1.1.1,FR1_Approach,0,Approach,142,184,92,115,0,0,,,,,,,,,,,,,,,,,,,,
2026-07-21 20:48:32,102070.179688,A0DB8AF16E20,0002,male,C57BL/6,1.1.1,FR1_Approach,0,PelletDrop,143,184,92,115,0,0,,,,,,,,,,,,,,,,,,,,
2026-07-21 20:48:42,102079.757812,A0DB8AF16E20,0002,male,C57BL/6,1.1.1,FR1_Approach,0,PelletTaken,143,184,92,115,0,0,8.716,255.000,0,2,,,,,,,,,,,,,,,,
2026-07-21 20:53:16,102354.375000,A0DB8AF16E20,0002,male,C57BL/6,1.1.1,FR1_Approach,0,Left,143,185,92,115,0,0,,,,,,,,,,,,,,,,,,,,
2026-07-21 20:53:18,102355.851562,A0DB8AF16E20,0002,male,C57BL/6,1.1.1,FR1_Approach,0,Approach,143,185,92,115,0,0,,,,,,,,,,,,,,,,,,,,
2026-07-21 20:53:23,102361.187500,A0DB8AF16E20,0002,male,C57BL/6,1.1.1,FR1_Approach,0,PelletDrop,144,185,92,115,0,0,,,,,,,,,,,,,,,,,,,,
2026-07-21 20:53:32,102370.054688,A0DB8AF16E20,0002,male,C57BL/6,1.1.1,FR1_Approach,0,PelletTaken,144,185,92,115,0,0,7.980,254.000,0,2,,,,,,,,,,,,,,,,
2026-07-21 20:54:09,102406.906250,A0DB8AF16E20,0002,male,C57BL/6,1.1.1,FR1_Approach,0,Left,144,186,92,115,0,0,,,,,,,,,,,,,,,,,,,,
2026-07-21 20:54:10,102408.382812,A0DB8AF16E20,0002,male,C57BL/6,1.1.1,FR1_Approach,0,Approach,144,186,92,115,0,0,,,,,,,,,,,,,,,,,,,,
2026-07-21 20:54:15,102413.718750,A0DB8AF16E20,0002,male,C57BL/6,1.1.1,FR1_Approach,0,PelletDrop,145,186,92,115,0,0,,,,,,,,,,,,,,,,,,,,
2026-07-21 20:54:26,102424.531250,A0DB8AF16E20,0002,male,C57BL/6,1.1.1,FR1_Approach,0,PelletTaken,145,186,92,115,0,0,9.927,1165.000,0,2,,,,,,,,,,,,,,,,
2026-07-21 20:57:38,102616.406250,A0DB8AF16E20,0002,male,C57BL/6,1.1.1,FR1_Approach,0,Status,145,186,92,115,0,0,,,,,Disabled,25.0,42.7,996.6,8.6,0.000,0.000,247720,339964,179964,20986,3.93,68.97
2026-07-21 20:59:07,102705.375000,A0DB8AF16E20,0002,male,C57BL/6,1.1.1,FR1_Approach,0,Right,145,186,93,115,0,0,,,,,,,,,,,,,,,,,,,,
2026-07-21 21:03:27,102965.757812,A0DB8AF16E20,0002,male,C57BL/6,1.1.1,FR1_Approach,0,Center,145,186,93,116,0,0,,,,,,,,,,,,,,,,,,,,
2026-07-21 21:03:29,102967.882812,A0DB8AF16E20,0002,male,C57BL/6,1.1.1,FR1_Approach,0,Left,145,187,93,116,0,0,,,,,,,,,,,,,,,,,,,,
2026-07-21 21:03:31,102969.593750,A0DB8AF16E20,0002,male,C57BL/6,1.1.1,FR1_Approach,0,Approach,145,187,93,116,0,0,,,,,,,,,,,,,,,,,,,,
2026-07-21 21:03:36,102974.945312,A0DB8AF16E20,0002,male,C57BL/6,1.1.1,FR1_Approach,0,PelletDrop,146,187,93,116,0,0,,,,,,,,,,,,,,,,,,,,
2026-07-21 21:03:46,102984.953125,A0DB8AF16E20,0002,male,C57BL/6,1.1.1,FR1_Approach,0,PelletTaken,146,187,93,116,0,0,9.124,21.000,0,2,,,,,,,,,,,,,,,,
2026-07-21 21:04:20,103019.289062,A0DB8AF16E20,0002,male,C57BL/6,1.1.1,FR1_Approach,0,Right,146,187,94,116,0,0,,,,,,,,,,,,,,,,,,,,
2026-07-21 21:04:25,103024.382812,A0DB8AF16E20,0002,male,C57BL/6,1.1.1,FR1_Approach,0,Left,146,188,94,116,0,0,,,,,,,,,,,,,,,,,,,,
2026-07-21 21:04:27,103026.101562,A0DB8AF16E20,0002,male,C57BL/6,1.1.1,FR1_Approach,0,Approach,146,188,94,116,0,0,,,,,,,,,,,,,,,,,,,,
2026-07-21 21:04:32,103031.453125,A0DB8AF16E20,0002,male,C57BL/6,1.1.1,FR1_Approach,0,PelletDrop,147,188,94,116,0,0,,,,,,,,,,,,,,,,,,,,
2026-07-21 21:04:41,103039.914062,A0DB8AF16E20,0002,male,C57BL/6,1.1.1,FR1_Approach,0,PelletTaken,147,188,94,116,0,0,7.595,129.000,0,2,,,,,,,,,,,,,,,,
2026-07-21 21:08:10,103249.281250,A0DB8AF16E20,0002,male,C57BL/6,1.1.1,FR1_Approach,0,Status,147,188,94,116,0,0,,,,,Disabled,25.0,42.9,996.7,8.8,0.000,0.000,247720,339964,179964,21117,3.93,68.80
2026-07-21 21:10:21,103380.734375,A0DB8AF16E20,0002,male,C57BL/6,1.1.1,FR1_Approach,0,Right,147,188,95,116,0,0,,,,,,,,,,,,,,,,,,,,
2026-07-21 21:10:47,103406.367188,A0DB8AF16E20,0002,male,C57BL/6,1.1.1,FR1_Approach,0,Right,147,188,96,116,0,0,,,,,,,,,,,,,,,,,,,,
2026-07-21 21:11:02,103421.859375,A0DB8AF16E20,0002,male,C57BL/6,1.1.1,FR1_Approach,0,Center,147,188,96,117,0,0,,,,,,,,,,,,,,,,,,,,
2026-07-21 21:11:08,103427.781250,A0DB8AF16E20,0002,male,C57BL/6,1.1.1,FR1_Approach,0,Center,147,188,96,118,0,0,,,,,,,,,,,,,,,,,,,,
2026-07-21 21:19:22,103921.898438,A0DB8AF16E20,0002,male,C57BL/6,1.1.1,FR1_Approach,0,Left,147,189,96,118,0,0,,,,,,,,,,,,,,,,,,,,
2026-07-21 21:19:25,103925.328125,A0DB8AF16E20,0002,male,C57BL/6,1.1.1,FR1_Approach,0,Approach,147,189,96,118,0,0,,,,,,,,,,,,,,,,,,,,
2026-07-21 21:19:31,103930.664062,A0DB8AF16E20,0002,male,C57BL/6,1.1.1,FR1_Approach,0,PelletDrop,148,189,96,118,0,0,,,,,,,,,,,,,,,,,,,,
2026-07-21 21:19:42,103941.671875,A0DB8AF16E20,0002,male,C57BL/6,1.1.1,FR1_Approach,0,PelletTaken,148,189,96,118,0,0,10.135,2001.000,0,2,,,,,,,,,,,,,,,,
2026-07-21 21:19:50,103949.695312,A0DB8AF16E20,0002,male,C57BL/6,1.1.1,FR1_Approach,0,Status,148,189,96,118,0,0,,,,,Disabled,25.1,41.8,996.9,8.6,0.000,0.000,247720,339964,179964,21256,3.93,68.64
2026-07-21 21:20:14,103974.093750,A0DB8AF16E20,0002,male,C57BL/6,1.1.1,FR1_Approach,0,Left,148,190,96,118,0,0,,,,,,,,,,,,,,,,,,,,
2026-07-21 21:20:17,103976.781250,A0DB8AF16E20,0002,male,C57BL/6,1.1.1,FR1_Approach,0,Approach,148,190,96,118,0,0,,,,,,,,,,,,,,,,,,,,
2026-07-21 21:20:20,103980.656250,A0DB8AF16E20,0002,male,C57BL/6,1.1.1,FR1_Approach,0,PelletDrop,149,190,96,118,0,0,,,,,,,,,,,,,,,,,,,,
2026-07-21 21:20:22,103982.117188,A0DB8AF16E20,0002,male,C57BL/6,1.1.1,FR1_Approach,0,PelletNotDetected,149,190,96,118,0,0,,,,,,,,,,,,,,,,,,,,
2026-07-21 21:20:58,104017.953125,A0DB8AF16E20,0002,male,C57BL/6,1.1.1,FR1_Approach,0,Left,149,191,96,118,0,0,,,,,,,,,,,,,,,,,,,,
2026-07-21 21:20:59,104019.671875,A0DB8AF16E20,0002,male,C57BL/6,1.1.1,FR1_Approach,0,Approach,149,191,96,118,0,0,,,,,,,,,,,,,,,,,,,,
2026-07-21 21:21:02,104022.617188,A0DB8AF16E20,0002,male,C57BL/6,1.1.1,FR1_Approach,0,PelletDrop,150,191,96,118,0,0,,,,,,,,,,,,,,,,,,,,
2026-07-21 21:21:04,104024.078125,A0DB8AF16E20,0002,male,C57BL/6,1.1.1,FR1_Approach,0,PelletNotDetected,150,191,96,118,0,0,,,,,,,,,,,,,,,,,,,,
2026-07-21 21:21:34,104054.101562,A0DB8AF16E20,0002,male,C57BL/6,1.1.1,FR1_Approach,0,Left,150,192,96,118,0,0,,,,,,,,,,,,,,,,,,,,
2026-07-21 21:21:37,104057.171875,A0DB8AF16E20,0002,male,C57BL/6,1.1.1,FR1_Approach,0,No_approach,150,192,96,118,0,0,,,,,,,,,,,,,,,,,,,,
2026-07-21 21:21:45,104065.007812,A0DB8AF16E20,0002,male,C57BL/6,1.1.1,FR1_Approach,0,Left,150,193,96,118,0,0,,,,,,,,,,,,,,,,,,,,
2026-07-21 21:21:48,104068.062500,A0DB8AF16E20,0002,male,C57BL/6,1.1.1,FR1_Approach,0,No_approach,150,193,96,118,0,0,,,,,,,,,,,,,,,,,,,,
2026-07-21 21:21:54,104073.921875,A0DB8AF16E20,0002,male,C57BL/6,1.1.1,FR1_Approach,0,Left,150,194,96,118,0,0,,,,,,,,,,,,,,,,,,,,
2026-07-21 21:21:57,104077.117188,A0DB8AF16E20,0002,male,C57BL/6,1.1.1,FR1_Approach,0,Approach,150,194,96,118,0,0,,,,,,,,,,,,,,,,,,,,
2026-07-21 21:22:00,104080.484375,A0DB8AF16E20,0002,male,C57BL/6,1.1.1,FR1_Approach,0,PelletDrop,151,194,96,118,0,0,,,,,,,,,,,,,,,,,,,,
2026-07-21 21:22:02,104081.945312,A0DB8AF16E20,0002,male,C57BL/6,1.1.1,FR1_Approach,0,PelletNotDetected,151,194,96,118,0,0,,,,,,,,,,,,,,,,,,,,
2026-07-21 21:29:57,104558.210938,A0DB8AF16E20,0002,male,C57BL/6,1.1.1,FR1_Approach,0,Status,151,194,96,118,0,0,,,,,Disabled,25.0,43.1,997.1,8.7,0.000,0.000,247720,339964,179964,21381,3.92,68.64
2026-07-21 21:30:50,104611.398438,A0DB8AF16E20,0002,male,C57BL/6,1.1.1,FR1_Approach,0,Left,151,195,96,118,0,0,,,,,,,,,,,,,,,,,,,,
2026-07-21 21:30:52,104613.117188,A0DB8AF16E20,0002,male,C57BL/6,1.1.1,FR1_Approach,0,Approach,151,195,96,118,0,0,,,,,,,,,,,,,,,,,,,,
2026-07-21 21:30:59,104620.039062,A0DB8AF16E20,0002,male,C57BL/6,1.1.1,FR1_Approach,0,PelletDrop,152,195,96,118,0,0,,,,,,,,,,,,,,,,,,,,
2026-07-21 21:31:01,104621.515625,A0DB8AF16E20,0002,male,C57BL/6,1.1.1,FR1_Approach,0,PelletNotDetected,152,195,96,118,0,0,,,,,,,,,,,,,,,,,,,,
2026-07-21 21:31:49,104670.281250,A0DB8AF16E20,0002,male,C57BL/6,1.1.1,FR1_Approach,0,Left,152,196,96,118,0,0,,,,,,,,,,,,,,,,,,,,
2026-07-21 21:31:52,104672.976562,A0DB8AF16E20,0002,male,C57BL/6,1.1.1,FR1_Approach,0,Approach,152,196,96,118,0,0,,,,,,,,,,,,,,,,,,,,
2026-07-21 21:31:57,104678.312500,A0DB8AF16E20,0002,male,C57BL/6,1.1.1,FR1_Approach,0,PelletDrop,153,196,96,118,0,0,,,,,,,,,,,,,,,,,,,,
2026-07-21 21:31:58,104679.312500,A0DB8AF16E20,0002,male,C57BL/6,1.1.1,FR1_Approach,0,PelletTaken,153,196,96,118,0,0,0.104,168.000,0,7,,,,,,,,,,,,,,,,
2026-07-21 21:32:31,104711.929688,A0DB8AF16E20,0002,male,C57BL/6,1.1.1,FR1_Approach,0,Left,153,197,96,118,0,0,,,,,,,,,,,,,,,,,,,,
2026-07-21 21:32:32,104713.406250,A0DB8AF16E20,0002,male,C57BL/6,1.1.1,FR1_Approach,0,Approach,153,197,96,118,0,0,,,,,,,,,,,,,,,,,,,,
2026-07-21 21:32:34,104715.429688,A0DB8AF16E20,0002,male,C57BL/6,1.1.1,FR1_Approach,0,PelletDrop,154,197,96,118,0,0,,,,,,,,,,,,,,,,,,,,
2026-07-21 21:32:39,104720.531250,A0DB8AF16E20,0002,male,C57BL/6,1.1.1,FR1_Approach,0,PelletTaken,154,197,96,118,0,0,4.207,361.000,0,0,,,,,,,,,,,,,,,,
2026-07-21 21:33:23,104763.976562,A0DB8AF16E20,0002,male,C57BL/6,1.1.1,FR1_Approach,0,Left,154,198,96,118,0,0,,,,,,,,,,,,,,,,,,,,
2026-07-21 21:33:26,104766.671875,A0DB8AF16E20,0002,male,C57BL/6,1.1.1,FR1_Approach,0,Approach,154,198,96,118,0,0,,,,,,,,,,,,,,,,,,,,
2026-07-21 21:33:31,104772.023438,A0DB8AF16E20,0002,male,C57BL/6,1.1.1,FR1_Approach,0,PelletDrop,155,198,96,118,0,0,,,,,,,,,,,,,,,,,,,,
2026-07-21 21:33:38,104778.687500,A0DB8AF16E20,0002,male,C57BL/6,1.1.1,FR1_Approach,0,PelletTaken,155,198,96,118,0,0,5.790,933.000,0,2,,,,,,,,,,,,,,,,
2026-07-21 21:39:44,105146.039062,A0DB8AF16E20,0002,male,C57BL/6,1.1.1,FR1_Approach,0,Center,155,198,96,119,0,0,,,,,,,,,,,,,,,,,,,,
2026-07-21 21:41:09,105230.257812,A0DB8AF16E20,0002,male,C57BL/6,1.1.1,FR1_Approach,0,Status,155,198,96,119,0,0,,,,,Disabled,25.1,42.2,997.3,8.6,0.000,0.000,247720,339964,179964,21508,3.94,68.48
2026-07-21 21:42:35,105316.460938,A0DB8AF16E20,0002,male,C57BL/6,1.1.1,FR1_Approach,0,Right,155,198,97,119,0,0,,,,,,,,,,,,,,,,,,,,
2026-07-21 21:42:37,105318.984375,A0DB8AF16E20,0002,male,C57BL/6,1.1.1,FR1_Approach,0,Center,155,198,97,120,0,0,,,,,,,,,,,,,,,,,,,,
2026-07-21 21:51:43,105865.250000,A0DB8AF16E20,0002,male,C57BL/6,1.1.1,FR1_Approach,0,Status,155,198,97,120,0,0,,,,,Disabled,25.0,43.2,997.5,8.6,0.000,0.000,247720,339964,179964,21647,3.93,68.31
2026-07-21 21:56:22,106145.070312,A0DB8AF16E20,0002,male,C57BL/6,1.1.1,FR1_Approach,0,Left,155,199,97,120,0,0,,,,,,,,,,,,,,,,,,,,
2026-07-21 21:56:24,106146.546875,A0DB8AF16E20,0002,male,C57BL/6,1.1.1,FR1_Approach,0,Approach,155,199,97,120,0,0,,,,,,,,,,,,,,,,,,,,
2026-07-21 21:56:29,106151.890625,A0DB8AF16E20,0002,male,C57BL/6,1.1.1,FR1_Approach,0,PelletDrop,156,199,97,120,0,0,,,,,,,,,,,,,,,,,,,,
2026-07-21 21:56:39,106161.656250,A0DB8AF16E20,0002,male,C57BL/6,1.1.1,FR1_Approach,0,PelletTaken,156,199,97,120,0,0,8.903,78.000,0,2,,,,,,,,,,,,,,,,
2026-07-21 21:57:15,106197.406250,A0DB8AF16E20,0002,male,C57BL/6,1.1.1,FR1_Approach,0,Center,156,199,97,121,0,0,,,,,,,,,,,,,,,,,,,,
2026-07-21 21:57:19,106201.609375,A0DB8AF16E20,0002,male,C57BL/6,1.1.1,FR1_Approach,0,Left,156,200,97,121,0,0,,,,,,,,,,,,,,,,,,,,
2026-07-21 21:57:20,106203.078125,A0DB8AF16E20,0002,male,C57BL/6,1.1.1,FR1_Approach,0,Approach,156,200,97,121,0,0,,,,,,,,,,,,,,,,,,,,
2026-07-21 21:57:26,106208.437500,A0DB8AF16E20,0002,male,C57BL/6,1.1.1,FR1_Approach,0,PelletDrop,157,200,97,121,0,0,,,,,,,,,,,,,,,,,,,,
2026-07-21 21:57:35,106217.390625,A0DB8AF16E20,0002,male,C57BL/6,1.1.1,FR1_Approach,0,PelletTaken,157,200,97,121,0,0,8.089,536.000,0,2,,,,,,,,,,,,,,,,
2026-07-21 21:58:23,106265.515625,A0DB8AF16E20,0002,male,C57BL/6,1.1.1,FR1_Approach,0,Left,157,201,97,121,0,0,,,,,,,,,,,,,,,,,,,,
2026-07-21 21:58:24,106266.984375,A0DB8AF16E20,0002,male,C57BL/6,1.1.1,FR1_Approach,0,Approach,157,201,97,121,0,0,,,,,,,,,,,,,,,,,,,,
2026-07-21 21:58:30,106272.343750,A0DB8AF16E20,0002,male,C57BL/6,1.1.1,FR1_Approach,0,PelletDrop,158,201,97,121,0,0,,,,,,,,,,,,,,,,,,,,
2026-07-21 21:58:39,106281.570312,A0DB8AF16E20,0002,male,C57BL/6,1.1.1,FR1_Approach,0,PelletTaken,158,201,97,121,0,0,8.353,1195.000,0,2,,,,,,,,,,,,,,,,
2026-07-21 21:59:16,106318.539062,A0DB8AF16E20,0002,male,C57BL/6,1.1.1,FR1_Approach,0,Right,158,201,98,121,0,0,,,,,,,,,,,,,,,,,,,,
2026-07-21 21:59:29,106332.070312,A0DB8AF16E20,0002,male,C57BL/6,1.1.1,FR1_Approach,0,Left,158,202,98,121,0,0,,,,,,,,,,,,,,,,,,,,
2026-07-21 21:59:31,106333.562500,A0DB8AF16E20,0002,male,C57BL/6,1.1.1,FR1_Approach,0,Approach,158,202,98,121,0,0,,,,,,,,,,,,,,,,,,,,
2026-07-21 21:59:36,106338.898438,A0DB8AF16E20,0002,male,C57BL/6,1.1.1,FR1_Approach,0,PelletDrop,159,202,98,121,0,0,,,,,,,,,,,,,,,,,,,,
2026-07-21 21:59:43,106346.226562,A0DB8AF16E20,0002,male,C57BL/6,1.1.1,FR1_Approach,0,PelletTaken,159,202,98,121,0,0,6.462,158.000,0,2,,,,,,,,,,,,,,,,
2026-07-21 22:03:06,106547.867188,A0DB8AF16E20,0002,male,C57BL/6,1.1.1,FR1_Approach,0,Status,159,202,98,121,0,0,,,,,Disabled,25.2,42.0,997.7,8.7,0.000,0.000,247720,339964,179964,21770,3.92,68.17
2026-07-21 22:03:20,106562.093750,A0DB8AF16E20,0002,male,C57BL/6,1.1.1,FR1_Approach,0,Left,159,203,98,121,0,0,,,,,,,,,,,,,,,,,,,,
2026-07-21 22:03:23,106565.273438,A0DB8AF16E20,0002,male,C57BL/6,1.1.1,FR1_Approach,0,Approach,159,203,98,121,0,0,,,,,,,,,,,,,,,,,,,,
2026-07-21 22:03:28,106570.617188,A0DB8AF16E20,0002,male,C57BL/6,1.1.1,FR1_Approach,0,PelletDrop,160,203,98,121,0,0,,,,,,,,,,,,,,,,,,,,
2026-07-21 22:03:38,106580.453125,A0DB8AF16E20,0002,male,C57BL/6,1.1.1,FR1_Approach,0,PelletTaken,160,203,98,121,0,0,8.959,109.000,0,2,,,,,,,,,,,,,,,,
2026-07-21 22:13:36,107179.226562,A0DB8AF16E20,0002,male,C57BL/6,1.1.1,FR1_Approach,0,Status,160,203,98,121,0,0,,,,,Disabled,25.1,43.1,997.9,8.7,0.000,0.000,247720,339964,179964,21902,3.93,68.02
2026-07-21 22:16:13,107336.039062,A0DB8AF16E20,0002,male,C57BL/6,1.1.1,FR1_Approach,0,Left,160,204,98,121,0,0,,,,,,,,,,,,,,,,,,,,
2026-07-21 22:16:14,107337.531250,A0DB8AF16E20,0002,male,C57BL/6,1.1.1,FR1_Approach,0,Approach,160,204,98,121,0,0,,,,,,,,,,,,,,,,,,,,
2026-07-21 22:16:17,107340.804688,A0DB8AF16E20,0002,male,C57BL/6,1.1.1,FR1_Approach,0,PelletDrop,161,204,98,121,0,0,,,,,,,,,,,,,,,,,,,,
2026-07-21 22:16:19,107342.265625,A0DB8AF16E20,0002,male,C57BL/6,1.1.1,FR1_Approach,0,PelletNotDetected,161,204,98,121,0,0,,,,,,,,,,,,,,,,,,,,
2026-07-21 22:16:41,107364.601562,A0DB8AF16E20,0002,male,C57BL/6,1.1.1,FR1_Approach,0,Left,161,205,98,121,0,0,,,,,,,,,,,,,,,,,,,,
2026-07-21 22:16:43,107366.085938,A0DB8AF16E20,0002,male,C57BL/6,1.1.1,FR1_Approach,0,Approach,161,205,98,121,0,0,,,,,,,,,,,,,,,,,,,,
2026-07-21 22:16:46,107369.546875,A0DB8AF16E20,0002,male,C57BL/6,1.1.1,FR1_Approach,0,PelletDrop,162,205,98,121,0,0,,,,,,,,,,,,,,,,,,,,
2026-07-21 22:16:48,107371.015625,A0DB8AF16E20,0002,male,C57BL/6,1.1.1,FR1_Approach,0,PelletNotDetected,162,205,98,121,0,0,,,,,,,,,,,,,,,,,,,,
2026-07-21 22:17:11,107394.601562,A0DB8AF16E20,0002,male,C57BL/6,1.1.1,FR1_Approach,0,Center,162,205,98,122,0,0,,,,,,,,,,,,,,,,,,,,
2026-07-21 22:24:53,107857.445312,A0DB8AF16E20,0002,male,C57BL/6,1.1.1,FR1_Approach,0,Status,162,205,98,122,0,0,,,,,Disabled,25.1,42.3,998.1,8.7,0.000,0.000,247720,339964,179964,22037,3.93,68.02
2026-07-21 22:29:11,108115.289062,A0DB8AF16E20,0002,male,C57BL/6,1.1.1,FR1_Approach,0,Center,162,205,98,123,0,0,,,,,,,,,,,,,,,,,,,,
2026-07-21 22:30:42,108206.335938,A0DB8AF16E20,0002,male,C57BL/6,1.1.1,FR1_Approach,0,Right,162,205,99,123,0,0,,,,,,,,,,,,,,,,,,,,
2026-07-21 22:30:50,108214.507812,A0DB8AF16E20,0002,male,C57BL/6,1.1.1,FR1_Approach,0,Left,162,206,99,123,0,0,,,,,,,,,,,,,,,,,,,,
2026-07-21 22:30:51,108215.984375,A0DB8AF16E20,0002,male,C57BL/6,1.1.1,FR1_Approach,0,Approach,162,206,99,123,0,0,,,,,,,,,,,,,,,,,,,,
2026-07-21 22:30:55,108219.304688,A0DB8AF16E20,0002,male,C57BL/6,1.1.1,FR1_Approach,0,PelletDrop,163,206,99,123,0,0,,,,,,,,,,,,,,,,,,,,
2026-07-21 22:30:56,108220.765625,A0DB8AF16E20,0002,male,C57BL/6,1.1.1,FR1_Approach,0,PelletNotDetected,163,206,99,123,0,0,,,,,,,,,,,,,,,,,,,,
2026-07-21 22:31:21,108245.593750,A0DB8AF16E20,0002,male,C57BL/6,1.1.1,FR1_Approach,0,Center,163,206,99,124,0,0,,,,,,,,,,,,,,,,,,,,
2026-07-21 22:31:23,108247.757812,A0DB8AF16E20,0002,male,C57BL/6,1.1.1,FR1_Approach,0,Left,163,207,99,124,0,0,,,,,,,,,,,,,,,,,,,,
2026-07-21 22:31:25,108249.476562,A0DB8AF16E20,0002,male,C57BL/6,1.1.1,FR1_Approach,0,Approach,163,207,99,124,0,0,,,,,,,,,,,,,,,,,,,,
2026-07-21 22:31:33,108258.187500,A0DB8AF16E20,0002,male,C57BL/6,1.1.1,FR1_Approach,0,PelletDrop,164,207,99,124,0,0,,,,,,,,,,,,,,,,,,,,
2026-07-21 22:31:41,108265.445312,A0DB8AF16E20,0002,male,C57BL/6,1.1.1,FR1_Approach,0,PelletTaken,164,207,99,124,0,0,6.385,166.000,0,6,,,,,,,,,,,,,,,,
2026-07-21 22:32:12,108297.257812,A0DB8AF16E20,0002,male,C57BL/6,1.1.1,FR1_Approach,0,Right,164,207,100,124,0,0,,,,,,,,,,,,,,,,,,,,
2026-07-21 22:32:18,108302.476562,A0DB8AF16E20,0002,male,C57BL/6,1.1.1,FR1_Approach,0,Left,164,208,100,124,0,0,,,,,,,,,,,,,,,,,,,,
2026-07-21 22:32:19,108303.960938,A0DB8AF16E20,0002,male,C57BL/6,1.1.1,FR1_Approach,0,Approach,164,208,100,124,0,0,,,,,,,,,,,,,,,,,,,,
2026-07-21 22:32:25,108309.789062,A0DB8AF16E20,0002,male,C57BL/6,1.1.1,FR1_Approach,0,PelletDrop,165,208,100,124,0,0,,,,,,,,,,,,,,,,,,,,
2026-07-21 22:32:26,108311.257812,A0DB8AF16E20,0002,male,C57BL/6,1.1.1,FR1_Approach,0,PelletNotDetected,165,208,100,124,0,0,,,,,,,,,,,,,,,,,,,,
2026-07-21 22:33:05,108350.273438,A0DB8AF16E20,0002,male,C57BL/6,1.1.1,FR1_Approach,0,Center,165,208,100,125,0,0,,,,,,,,,,,,,,,,,,,,
2026-07-21 22:35:23,108487.867188,A0DB8AF16E20,0002,male,C57BL/6,1.1.1,FR1_Approach,0,Left,165,209,100,125,0,0,,,,,,,,,,,,,,,,,,,,
2026-07-21 22:35:24,108489.343750,A0DB8AF16E20,0002,male,C57BL/6,1.1.1,FR1_Approach,0,Approach,165,209,100,125,0,0,,,,,,,,,,,,,,,,,,,,
2026-07-21 22:35:28,108492.851562,A0DB8AF16E20,0002,male,C57BL/6,1.1.1,FR1_Approach,0,PelletDrop,166,209,100,125,0,0,,,,,,,,,,,,,,,,,,,,
2026-07-21 22:35:29,108494.320312,A0DB8AF16E20,0002,male,C57BL/6,1.1.1,FR1_Approach,0,PelletNotDetected,166,209,100,125,0,0,,,,,,,,,,,,,,,,,,,,
2026-07-21 22:35:37,108502.343750,A0DB8AF16E20,0002,male,C57BL/6,1.1.1,FR1_Approach,0,Status,166,209,100,125,0,0,,,,,Disabled,25.1,42.9,998.2,8.7,0.000,0.000,247720,339964,179964,22170,3.92,67.73
2026-07-21 22:42:07,108892.242188,A0DB8AF16E20,0002,male,C57BL/6,1.1.1,FR1_Approach,0,Center,166,209,100,126,0,0,,,,,,,,,,,,,,,,,,,,
2026-07-21 22:42:15,108900.851562,A0DB8AF16E20,0002,male,C57BL/6,1.1.1,FR1_Approach,0,Left,166,210,100,126,0,0,,,,,,,,,,,,,,,,,,,,
2026-07-21 22:42:17,108902.343750,A0DB8AF16E20,0002,male,C57BL/6,1.1.1,FR1_Approach,0,Approach,166,210,100,126,0,0,,,,,,,,,,,,,,,,,,,,
2026-07-21 22:42:23,108908.679688,A0DB8AF16E20,0002,male,C57BL/6,1.1.1,FR1_Approach,0,PelletDrop,167,210,100,126,0,0,,,,,,,,,,,,,,,,,,,,
2026-07-21 22:42:24,108909.812500,A0DB8AF16E20,0002,male,C57BL/6,1.1.1,FR1_Approach,0,PelletTaken,167,210,100,126,0,0,0.258,1041.000,0,5,,,,,,,,,,,,,,,,
2026-07-21 22:42:55,108940.750000,A0DB8AF16E20,0002,male,C57BL/6,1.1.1,FR1_Approach,0,Left,167,211,100,126,0,0,,,,,,,,,,,,,,,,,,,,
2026-07-21 22:42:57,108942.484375,A0DB8AF16E20,0002,male,C57BL/6,1.1.1,FR1_Approach,0,Approach,167,211,100,126,0,0,,,,,,,,,,,,,,,,,,,,
2026-07-21 22:43:02,108947.828125,A0DB8AF16E20,0002,male,C57BL/6,1.1.1,FR1_Approach,0,PelletDrop,168,211,100,126,0,0,,,,,,,,,,,,,,,,,,,,
2026-07-21 22:43:12,108957.523438,A0DB8AF16E20,0002,male,C57BL/6,1.1.1,FR1_Approach,0,PelletTaken,168,211,100,126,0,0,8.827,947.000,0,2,,,,,,,,,,,,,,,,
2026-07-21 22:46:43,109169.070312,A0DB8AF16E20,0002,male,C57BL/6,1.1.1,FR1_Approach,0,Status,168,211,100,126,0,0,,,,,Disabled,25.2,42.0,998.4,8.6,0.000,0.000,247720,339964,179964,22298,3.92,67.59
2026-07-21 22:57:16,109802.835938,A0DB8AF16E20,0002,male,C57BL/6,1.1.1,FR1_Approach,0,Status,168,211,100,126,0,0,,,,,Disabled,25.1,43.0,998.5,8.7,0.000,0.000,247720,339964,179964,22435,3.93,67.59
2026-07-21 23:07:49,110436.585938,A0DB8AF16E20,0002,male,C57BL/6,1.1.1,FR1_Approach,0,Status,168,211,100,126,0,0,,,,,Disabled,25.0,43.0,998.6,8.7,0.000,0.000,247720,339964,179964,22572,3.93,67.59
2026-07-21 23:19:09,111116.523438,A0DB8AF16E20,0002,male,C57BL/6,1.1.1,FR1_Approach,0,Status,168,211,100,126,0,0,,,,,Disabled,25.1,42.0,998.7,8.8,0.000,0.000,247720,339964,179964,22709,3.91,67.45
2026-07-21 23:29:41,111750.304688,A0DB8AF16E20,0002,male,C57BL/6,1.1.1,FR1_Approach,0,Status,168,211,100,126,0,0,,,,,Disabled,25.0,42.9,998.7,8.8,0.000,0.000,247720,339964,179964,22846,3.93,67.45
2026-07-21 23:34:44,112053.578125,A0DB8AF16E20,0002,male,C57BL/6,1.1.1,FR1_Approach,0,Left,168,212,100,126,0,0,,,,,,,,,,,,,,,,,,,,
2026-07-21 23:34:46,112055.312500,A0DB8AF16E20,0002,male,C57BL/6,1.1.1,FR1_Approach,0,Approach,168,212,100,126,0,0,,,,,,,,,,,,,,,,,,,,
2026-07-21 23:34:52,112061.187500,A0DB8AF16E20,0002,male,C57BL/6,1.1.1,FR1_Approach,0,PelletDrop,169,212,100,126,0,0,,,,,,,,,,,,,,,,,,,,
2026-07-21 23:35:03,112071.851562,A0DB8AF16E20,0002,male,C57BL/6,1.1.1,FR1_Approach,0,PelletTaken,169,212,100,126,0,0,9.795,2002.000,0,2,,,,,,,,,,,,,,,,
2026-07-21 23:35:41,112109.937500,A0DB8AF16E20,0002,male,C57BL/6,1.1.1,FR1_Approach,0,Left,169,213,100,126,0,0,,,,,,,,,,,,,,,,,,,,
2026-07-21 23:35:42,112111.406250,A0DB8AF16E20,0002,male,C57BL/6,1.1.1,FR1_Approach,0,Approach,169,213,100,126,0,0,,,,,,,,,,,,,,,,,,,,
2026-07-21 23:35:47,112116.750000,A0DB8AF16E20,0002,male,C57BL/6,1.1.1,FR1_Approach,0,PelletDrop,170,213,100,126,0,0,,,,,,,,,,,,,,,,,,,,
2026-07-21 23:35:54,112123.312500,A0DB8AF16E20,0002,male,C57BL/6,1.1.1,FR1_Approach,0,PelletTaken,170,213,100,126,0,0,5.692,701.000,0,2,,,,,,,,,,,,,,,,
2026-07-21 23:37:14,112203.218750,A0DB8AF16E20,0002,male,C57BL/6,1.1.1,FR1_Approach,0,Left,170,214,100,126,0,0,,,,,,,,,,,,,,,,,,,,
2026-07-21 23:37:15,112204.687500,A0DB8AF16E20,0002,male,C57BL/6,1.1.1,FR1_Approach,0,Approach,170,214,100,126,0,0,,,,,,,,,,,,,,,,,,,,
2026-07-21 23:37:18,112207.765625,A0DB8AF16E20,0002,male,C57BL/6,1.1.1,FR1_Approach,0,PelletDrop,171,214,100,126,0,0,,,,,,,,,,,,,,,,,,,,
2026-07-21 23:37:20,112209.226562,A0DB8AF16E20,0002,male,C57BL/6,1.1.1,FR1_Approach,0,PelletNotDetected,171,214,100,126,0,0,,,,,,,,,,,,,,,,,,,,
2026-07-21 23:37:59,112248.046875,A0DB8AF16E20,0002,male,C57BL/6,1.1.1,FR1_Approach,0,Left,171,215,100,126,0,0,,,,,,,,,,,,,,,,,,,,
2026-07-21 23:38:00,112249.523438,A0DB8AF16E20,0002,male,C57BL/6,1.1.1,FR1_Approach,0,Approach,171,215,100,126,0,0,,,,,,,,,,,,,,,,,,,,
2026-07-21 23:38:05,112254.859375,A0DB8AF16E20,0002,male,C57BL/6,1.1.1,FR1_Approach,0,PelletDrop,172,215,100,126,0,0,,,,,,,,,,,,,,,,,,,,
2026-07-21 23:38:13,112262.718750,A0DB8AF16E20,0002,male,C57BL/6,1.1.1,FR1_Approach,0,PelletTaken,172,215,100,126,0,0,6.968,332.000,0,3,,,,,,,,,,,,,,,,
2026-07-21 23:38:41,112290.343750,A0DB8AF16E20,0002,male,C57BL/6,1.1.1,FR1_Approach,0,Left,172,216,100,126,0,0,,,,,,,,,,,,,,,,,,,,
2026-07-21 23:38:42,112291.820312,A0DB8AF16E20,0002,male,C57BL/6,1.1.1,FR1_Approach,0,Approach,172,216,100,126,0,0,,,,,,,,,,,,,,,,,,,,
2026-07-21 23:38:48,112297.156250,A0DB8AF16E20,0002,male,C57BL/6,1.1.1,FR1_Approach,0,PelletDrop,173,216,100,126,0,0,,,,,,,,,,,,,,,,,,,,
2026-07-21 23:38:56,112305.757812,A0DB8AF16E20,0002,male,C57BL/6,1.1.1,FR1_Approach,0,PelletTaken,173,216,100,126,0,0,7.716,972.000,0,2,,,,,,,,,,,,,,,,
2026-07-21 23:39:34,112343.601562,A0DB8AF16E20,0002,male,C57BL/6,1.1.1,FR1_Approach,0,Left,173,217,100,126,0,0,,,,,,,,,,,,,,,,,,,,
2026-07-21 23:39:36,112345.078125,A0DB8AF16E20,0002,male,C57BL/6,1.1.1,FR1_Approach,0,Approach,173,217,100,126,0,0,,,,,,,,,,,,,,,,,,,,
2026-07-21 23:39:39,112348.203125,A0DB8AF16E20,0002,male,C57BL/6,1.1.1,FR1_Approach,0,PelletDrop,174,217,100,126,0,0,,,,,,,,,,,,,,,,,,,,
2026-07-21 23:39:40,112349.679688,A0DB8AF16E20,0002,male,C57BL/6,1.1.1,FR1_Approach,0,PelletNotDetected,174,217,100,126,0,0,,,,,,,,,,,,,,,,,,,,
2026-07-21 23:41:03,112433.062500,A0DB8AF16E20,0002,male,C57BL/6,1.1.1,FR1_Approach,0,Status,174,217,100,126,0,0,,,,,Disabled,25.1,41.5,998.8,8.8,0.000,0.000,247720,339964,179964,22967,3.92,67.16
2026-07-21 23:51:36,113066.843750,A0DB8AF16E20,0002,male,C57BL/6,1.1.1,FR1_Approach,0,Status,174,217,100,126,0,0,,,,,Disabled,25.0,42.9,998.9,8.7,0.000,0.000,247720,339964,179964,23104,3.93,67.01
2026-07-21 23:53:11,113162.796875,A0DB8AF16E20,0002,male,C57BL/6,1.1.1,FR1_Approach,0,Left,174,218,100,126,0,0,,,,,,,,,,,,,,,,,,,,
2026-07-21 23:53:13,113164.273438,A0DB8AF16E20,0002,male,C57BL/6,1.1.1,FR1_Approach,0,Approach,174,218,100,126,0,0,,,,,,,,,,,,,,,,,,,,
2026-07-21 23:53:18,113169.570312,A0DB8AF16E20,0002,male,C57BL/6,1.1.1,FR1_Approach,0,PelletDrop,175,218,100,126,0,0,,,,,,,,,,,,,,,,,,,,
2026-07-21 23:53:26,113177.554688,A0DB8AF16E20,0002,male,C57BL/6,1.1.1,FR1_Approach,0,PelletTaken,175,218,100,126,0,0,7.100,22.000,0,3,,,,,,,,,,,,,,,,
2026-07-22 00:03:00,113751.687500,A0DB8AF16E20,0002,male,C57BL/6,1.1.1,FR1_Approach,0,Status,175,218,100,126,0,0,,,,,Disabled,25.1,42.0,998.9,8.7,0.000,0.000,247720,339964,179964,23237,3.90,67.01
2026-07-22 00:13:33,114385.437500,A0DB8AF16E20,0002,male,C57BL/6,1.1.1,FR1_Approach,0,Status,175,218,100,126,0,0,,,,,Disabled,25.0,43.2,999.0,8.7,0.000,0.000,247720,339964,179964,23374,3.91,66.87
2026-07-22 00:16:30,114562.148438,A0DB8AF16E20,0002,male,C57BL/6,1.1.1,FR1_Approach,0,Right,175,218,101,126,0,0,,,,,,,,,,,,,,,,,,,,
2026-07-22 00:16:42,114574.148438,A0DB8AF16E20,0002,male,C57BL/6,1.1.1,FR1_Approach,0,Right,175,218,102,126,0,0,,,,,,,,,,,,,,,,,,,,
2026-07-22 00:16:44,114576.734375,A0DB8AF16E20,0002,male,C57BL/6,1.1.1,FR1_Approach,0,Left,175,219,102,126,0,0,,,,,,,,,,,,,,,,,,,,
2026-07-22 00:16:46,114578.210938,A0DB8AF16E20,0002,male,C57BL/6,1.1.1,FR1_Approach,0,Approach,175,219,102,126,0,0,,,,,,,,,,,,,,,,,,,,
2026-07-22 00:16:49,114581.351562,A0DB8AF16E20,0002,male,C57BL/6,1.1.1,FR1_Approach,0,PelletDrop,176,219,102,126,0,0,,,,,,,,,,,,,,,,,,,,
2026-07-22 00:16:50,114582.812500,A0DB8AF16E20,0002,male,C57BL/6,1.1.1,FR1_Approach,0,PelletNotDetected,176,219,102,126,0,0,,,,,,,,,,,,,,,,,,,,
2026-07-22 00:17:15,114608.054688,A0DB8AF16E20,0002,male,C57BL/6,1.1.1,FR1_Approach,0,Left,176,220,102,126,0,0,,,,,,,,,,,,,,,,,,,,
2026-07-22 00:17:17,114609.773438,A0DB8AF16E20,0002,male,C57BL/6,1.1.1,FR1_Approach,0,Approach,176,220,102,126,0,0,,,,,,,,,,,,,,,,,,,,
2026-07-22 00:17:23,114615.617188,A0DB8AF16E20,0002,male,C57BL/6,1.1.1,FR1_Approach,0,PelletDrop,177,220,102,126,0,0,,,,,,,,,,,,,,,,,,,,
2026-07-22 00:17:30,114623.031250,A0DB8AF16E20,0002,male,C57BL/6,1.1.1,FR1_Approach,0,PelletTaken,177,220,102,126,0,0,6.539,80.000,0,3,,,,,,,,,,,,,,,,
2026-07-22 00:22:46,114939.171875,A0DB8AF16E20,0002,male,C57BL/6,1.1.1,FR1_Approach,0,Right,177,220,103,126,0,0,,,,,,,,,,,,,,,,,,,,
2026-07-22 00:24:50,115063.367188,A0DB8AF16E20,0002,male,C57BL/6,1.1.1,FR1_Approach,0,Status,177,220,103,126,0,0,,,,,Disabled,25.1,42.3,999.0,8.7,0.000,0.000,247720,339964,179964,23510,3.92,66.87
2026-07-22 00:29:41,115354.835938,A0DB8AF16E20,0002,male,C57BL/6,1.1.1,FR1_Approach,0,Left,177,221,103,126,0,0,,,,,,,,,,,,,,,,,,,,
2026-07-22 00:29:43,115356.312500,A0DB8AF16E20,0002,male,C57BL/6,1.1.1,FR1_Approach,0,Approach,177,221,103,126,0,0,,,,,,,,,,,,,,,,,,,,
2026-07-22 00:29:47,115360.507812,A0DB8AF16E20,0002,male,C57BL/6,1.1.1,FR1_Approach,0,PelletDrop,178,221,103,126,0,0,,,,,,,,,,,,,,,,,,,,
2026-07-22 00:29:55,115368.484375,A0DB8AF16E20,0002,male,C57BL/6,1.1.1,FR1_Approach,0,PelletTaken,178,221,103,126,0,0,7.089,525.000,0,1,,,,,,,,,,,,,,,,
2026-07-22 00:30:30,115403.406250,A0DB8AF16E20,0002,male,C57BL/6,1.1.1,FR1_Approach,0,Left,178,222,103,126,0,0,,,,,,,,,,,,,,,,,,,,
2026-07-22 00:30:31,115404.875000,A0DB8AF16E20,0002,male,C57BL/6,1.1.1,FR1_Approach,0,Approach,178,222,103,126,0,0,,,,,,,,,,,,,,,,,,,,
2026-07-22 00:30:36,115410.234375,A0DB8AF16E20,0002,male,C57BL/6,1.1.1,FR1_Approach,0,PelletDrop,179,222,103,126,0,0,,,,,,,,,,,,,,,,,,,,
2026-07-22 00:30:44,115417.718750,A0DB8AF16E20,0002,male,C57BL/6,1.1.1,FR1_Approach,0,PelletTaken,179,222,103,126,0,0,6.616,158.000,0,2,,,,,,,,,,,,,,,,
2026-07-22 00:33:48,115602.406250,A0DB8AF16E20,0002,male,C57BL/6,1.1.1,FR1_Approach,0,Center,179,222,103,127,0,0,,,,,,,,,,,,,,,,,,,,
2026-07-22 00:33:57,115610.882812,A0DB8AF16E20,0002,male,C57BL/6,1.1.1,FR1_Approach,0,Center,179,222,103,128,0,0,,,,,,,,,,,,,,,,,,,,
2026-07-22 00:35:24,115697.742188,A0DB8AF16E20,0002,male,C57BL/6,1.1.1,FR1_Approach,0,Status,179,222,103,128,0,0,,,,,Disabled,25.0,43.2,999.1,8.7,0.000,0.000,247720,339964,179964,23641,3.92,66.72
2026-07-22 00:35:38,115711.687500,A0DB8AF16E20,0002,male,C57BL/6,1.1.1,FR1_Approach,0,Center,179,222,103,129,0,0,,,,,,,,,,,,,,,,,,,,
2026-07-22 00:35:45,115719.179688,A0DB8AF16E20,0002,male,C57BL/6,1.1.1,FR1_Approach,0,Center,179,222,103,130,0,0,,,,,,,,,,,,,,,,,,,,
2026-07-22 00:35:47,115721.187500,A0DB8AF16E20,0002,male,C57BL/6,1.1.1,FR1_Approach,0,Left,179,223,103,130,0,0,,,,,,,,,,,,,,,,,,,,
2026-07-22 00:35:49,115722.664062,A0DB8AF16E20,0002,male,C57BL/6,1.1.1,FR1_Approach,0,Approach,179,223,103,130,0,0,,,,,,,,,,,,,,,,,,,,
2026-07-22 00:35:54,115728.007812,A0DB8AF16E20,0002,male,C57BL/6,1.1.1,FR1_Approach,0,PelletDrop,180,223,103,130,0,0,,,,,,,,,,,,,,,,,,,,
2026-07-22 00:36:02,115736.656250,A0DB8AF16E20,0002,male,C57BL/6,1.1.1,FR1_Approach,0,PelletTaken,180,223,103,130,0,0,7.771,97.000,0,2,,,,,,,,,,,,,,,,
2026-07-22 00:36:29,115763.609375,A0DB8AF16E20,0002,male,C57BL/6,1.1.1,FR1_Approach,0,Center,180,223,103,131,0,0,,,,,,,,,,,,,,,,,,,,
2026-07-22 00:37:17,115810.812500,A0DB8AF16E20,0002,male,C57BL/6,1.1.1,FR1_Approach,0,Center,180,223,103,132,0,0,,,,,,,,,,,,,,,,,,,,
2026-07-22 00:46:39,116373.953125,A0DB8AF16E20,0002,male,C57BL/6,1.1.1,FR1_Approach,0,Status,180,223,103,132,0,0,,,,,Disabled,25.1,42.2,999.1,8.7,0.000,0.000,247720,339964,179964,23775,3.89,66.58
2026-07-22 00:54:45,116860.375000,A0DB8AF16E20,0002,male,C57BL/6,1.1.1,FR1_Approach,0,Left,180,224,103,132,0,0,,,,,,,,,,,,,,,,,,,,
2026-07-22 00:54:47,116861.851562,A0DB8AF16E20,0002,male,C57BL/6,1.1.1,FR1_Approach,0,Approach,180,224,103,132,0,0,,,,,,,,,,,,,,,,,,,,
2026-07-22 00:54:52,116867.195312,A0DB8AF16E20,0002,male,C57BL/6,1.1.1,FR1_Approach,0,PelletDrop,181,224,103,132,0,0,,,,,,,,,,,,,,,,,,,,
2026-07-22 00:54:59,116874.062500,A0DB8AF16E20,0002,male,C57BL/6,1.1.1,FR1_Approach,0,PelletTaken,181,224,103,132,0,0,6.001,167.000,0,2,,,,,,,,,,,,,,,,
2026-07-22 00:57:09,117004.695312,A0DB8AF16E20,0002,male,C57BL/6,1.1.1,FR1_Approach,0,Status,181,224,103,132,0,0,,,,,Disabled,25.1,43.2,999.1,8.7,0.000,0.000,247720,339964,179964,23908,3.92,66.58
2026-07-22 01:04:59,117475.242188,A0DB8AF16E20,0002,male,C57BL/6,1.1.1,FR1_Approach,0,Right,181,224,104,132,0,0,,,,,,,,,,,,,,,,,,,,
2026-07-22 01:05:06,117482.046875,A0DB8AF16E20,0002,male,C57BL/6,1.1.1,FR1_Approach,0,Right,181,224,105,132,0,0,,,,,,,,,,,,,,,,,,,,
2026-07-22 01:05:09,117484.890625,A0DB8AF16E20,0002,male,C57BL/6,1.1.1,FR1_Approach,0,Right,181,224,106,132,0,0,,,,,,,,,,,,,,,,,,,,
2026-07-22 01:05:19,117494.695312,A0DB8AF16E20,0002,male,C57BL/6,1.1.1,FR1_Approach,0,Left,181,225,106,132,0,0,,,,,,,,,,,,,,,,,,,,
2026-07-22 01:05:20,117496.406250,A0DB8AF16E20,0002,male,C57BL/6,1.1.1,FR1_Approach,0,Approach,181,225,106,132,0,0,,,,,,,,,,,,,,,,,,,,
2026-07-22 01:05:26,117501.750000,A0DB8AF16E20,0002,male,C57BL/6,1.1.1,FR1_Approach,0,PelletDrop,182,225,106,132,0,0,,,,,,,,,,,,,,,,,,,,
2026-07-22 01:05:34,117509.875000,A0DB8AF16E20,0002,male,C57BL/6,1.1.1,FR1_Approach,0,PelletTaken,182,225,106,132,0,0,7.243,167.000,0,2,,,,,,,,,,,,,,,,
2026-07-22 01:06:20,117556.617188,A0DB8AF16E20,0002,male,C57BL/6,1.1.1,FR1_Approach,0,Left,182,226,106,132,0,0,,,,,,,,,,,,,,,,,,,,
2026-07-22 01:06:22,117558.335938,A0DB8AF16E20,0002,male,C57BL/6,1.1.1,FR1_Approach,0,Approach,182,226,106,132,0,0,,,,,,,,,,,,,,,,,,,,
2026-07-22 01:06:30,117566.382812,A0DB8AF16E20,0002,male,C57BL/6,1.1.1,FR1_Approach,0,PelletDrop,183,226,106,132,0,0,,,,,,,,,,,,,,,,,,,,
2026-07-22 01:06:36,117571.937500,A0DB8AF16E20,0002,male,C57BL/6,1.1.1,FR1_Approach,0,PelletTaken,183,226,106,132,0,0,4.669,143.000,0,3,,,,,,,,,,,,,,,,
2026-07-22 01:08:27,117683.445312,A0DB8AF16E20,0002,male,C57BL/6,1.1.1,FR1_Approach,0,Status,183,226,106,132,0,0,,,,,Disabled,25.2,42.0,999.2,8.7,0.000,0.000,247720,339964,179964,24039,3.91,66.43
2026-07-22 01:19:00,118317.195312,A0DB8AF16E20,0002,male,C57BL/6,1.1.1,FR1_Approach,0,Status,183,226,106,132,0,0,,,,,Disabled,25.1,43.1,999.2,8.7,0.000,0.000,247720,339964,179964,24176,3.92,66.29
2026-07-22 01:30:30,119008.125000,A0DB8AF16E20,0002,male,C57BL/6,1.1.1,FR1_Approach,0,Status,183,226,106,132,0,0,,,,,Disabled,25.2,41.9,999.2,8.7,0.000,0.000,247720,339964,179964,24313,3.92,66.29
2026-07-22 01:41:03,119641.890625,A0DB8AF16E20,0002,male,C57BL/6,1.1.1,FR1_Approach,0,Status,183,226,106,132,0,0,,,,,Disabled,25.1,43.0,999.2,8.7,0.000,0.000,247720,339964,179964,24450,3.92,66.29
2026-07-22 01:51:36,120275.656250,A0DB8AF16E20,0002,male,C57BL/6,1.1.1,FR1_Approach,0,Status,183,226,106,132,0,0,,,,,Disabled,25.0,43.1,999.2,8.8,0.000,0.000,247720,339964,179964,24587,3.92,66.14
2026-07-22 02:03:02,120962.609375,A0DB8AF16E20,0002,male,C57BL/6,1.1.1,FR1_Approach,0,Status,183,226,106,132,0,0,,,,,Disabled,25.1,41.8,999.2,8.7,0.000,0.000,247720,339964,179964,24724,3.90,66.00
2026-07-22 02:13:35,121596.382812,A0DB8AF16E20,0002,male,C57BL/6,1.1.1,FR1_Approach,0,Status,183,226,106,132,0,0,,,,,Disabled,25.0,42.9,999.2,8.7,0.000,0.000,247720,339964,179964,24861,3.90,66.00
2026-07-22 02:24:57,122279.226562,A0DB8AF16E20,0002,male,C57BL/6,1.1.1,FR1_Approach,0,Status,183,226,106,132,0,0,,,,,Disabled,25.1,41.8,999.2,8.7,0.000,0.000,247720,339964,179964,24998,3.90,65.86
2026-07-22 02:35:30,122912.992188,A0DB8AF16E20,0002,male,C57BL/6,1.1.1,FR1_Approach,0,Status,183,226,106,132,0,0,,,,,Disabled,25.0,42.8,999.2,8.7,0.000,0.000,247720,339964,179964,25135,3.89,65.71
2026-07-22 02:47:00,123603.851562,A0DB8AF16E20,0002,male,C57BL/6,1.1.1,FR1_Approach,0,Status,183,226,106,132,0,0,,,,,Disabled,25.1,41.6,999.2,8.7,0.000,0.000,247720,339964,179964,25272,3.90,65.57
2026-07-22 02:57:33,124237.640625,A0DB8AF16E20,0002,male,C57BL/6,1.1.1,FR1_Approach,0,Status,183,226,106,132,0,0,,,,,Disabled,25.0,42.7,999.2,8.6,0.000,0.000,247720,339964,179964,25409,3.90,65.57
2026-07-22 03:05:07,124692.906250,A0DB8AF16E20,0002,male,C57BL/6,1.1.1,FR1_Approach,0,Left,183,227,106,132,0,0,,,,,,,,,,,,,,,,,,,,
2026-07-22 03:05:10,124695.851562,A0DB8AF16E20,0002,male,C57BL/6,1.1.1,FR1_Approach,0,Approach,183,227,106,132,0,0,,,,,,,,,,,,,,,,,,,,
2026-07-22 03:05:16,124701.203125,A0DB8AF16E20,0002,male,C57BL/6,1.1.1,FR1_Approach,0,PelletDrop,184,227,106,132,0,0,,,,,,,,,,,,,,,,,,,,
2026-07-22 03:05:27,124712.804688,A0DB8AF16E20,0002,male,C57BL/6,1.1.1,FR1_Approach,0,PelletTaken,184,227,106,132,0,0,10.719,506.000,0,2,,,,,,,,,,,,,,,,
2026-07-22 03:08:54,124918.515625,A0DB8AF16E20,0002,male,C57BL/6,1.1.1,FR1_Approach,0,Status,184,227,106,132,0,0,,,,,Disabled,25.1,41.6,999.3,8.7,0.000,0.000,247720,339964,179964,25541,3.90,65.42
2026-07-22 03:09:22,124946.585938,A0DB8AF16E20,0002,male,C57BL/6,1.1.1,FR1_Approach,0,Left,184,228,106,132,0,0,,,,,,,,,,,,,,,,,,,,
2026-07-22 03:09:24,124949.281250,A0DB8AF16E20,0002,male,C57BL/6,1.1.1,FR1_Approach,0,Approach,184,228,106,132,0,0,,,,,,,,,,,,,,,,,,,,
2026-07-22 03:09:32,124956.843750,A0DB8AF16E20,0002,male,C57BL/6,1.1.1,FR1_Approach,0,PelletDrop,185,228,106,132,0,0,,,,,,,,,,,,,,,,,,,,
2026-07-22 03:09:43,124968.320312,A0DB8AF16E20,0002,male,C57BL/6,1.1.1,FR1_Approach,0,PelletTaken,185,228,106,132,0,0,10.608,2001.000,0,3,,,,,,,,,,,,,,,,
2026-07-22 03:19:24,125549.601562,A0DB8AF16E20,0002,male,C57BL/6,1.1.1,FR1_Approach,0,Status,185,228,106,132,0,0,,,,,Disabled,25.0,42.7,999.3,8.7,0.000,0.000,247720,339964,179964,25672,3.90,65.42
2026-07-22 03:30:45,126232.187500,A0DB8AF16E20,0002,male,C57BL/6,1.1.1,FR1_Approach,0,Status,185,228,106,132,0,0,,,,,Disabled,25.1,41.7,999.3,8.6,0.000,0.000,247720,339964,179964,25809,3.90,65.28
2026-07-22 03:38:27,126695.281250,A0DB8AF16E20,0002,male,C57BL/6,1.1.1,FR1_Approach,0,Left,185,229,106,132,0,0,,,,,,,,,,,,,,,,,,,,
2026-07-22 03:38:29,126696.757812,A0DB8AF16E20,0002,male,C57BL/6,1.1.1,FR1_Approach,0,Approach,185,229,106,132,0,0,,,,,,,,,,,,,,,,,,,,
2026-07-22 03:38:34,126702.093750,A0DB8AF16E20,0002,male,C57BL/6,1.1.1,FR1_Approach,0,PelletDrop,186,229,106,132,0,0,,,,,,,,,,,,,,,,,,,,
2026-07-22 03:38:45,126713.023438,A0DB8AF16E20,0002,male,C57BL/6,1.1.1,FR1_Approach,0,PelletTaken,186,229,106,132,0,0,10.058,721.000,0,2,,,,,,,,,,,,,,,,
2026-07-22 03:39:35,126763.570312,A0DB8AF16E20,0002,male,C57BL/6,1.1.1,FR1_Approach,0,Left,186,230,106,132,0,0,,,,,,,,,,,,,,,,,,,,
2026-07-22 03:39:37,126765.289062,A0DB8AF16E20,0002,male,C57BL/6,1.1.1,FR1_Approach,0,Approach,186,230,106,132,0,0,,,,,,,,,,,,,,,,,,,,
2026-07-22 03:39:42,126770.632812,A0DB8AF16E20,0002,male,C57BL/6,1.1.1,FR1_Approach,0,PelletDrop,187,230,106,132,0,0,,,,,,,,,,,,,,,,,,,,
2026-07-22 03:39:55,126782.882812,A0DB8AF16E20,0002,male,C57BL/6,1.1.1,FR1_Approach,0,PelletTaken,187,230,106,132,0,0,11.379,1703.000,0,2,,,,,,,,,,,,,,,,
2026-07-22 03:41:17,126865.390625,A0DB8AF16E20,0002,male,C57BL/6,1.1.1,FR1_Approach,0,Status,187,230,106,132,0,0,,,,,Disabled,25.1,42.4,999.3,8.6,0.000,0.000,247720,339964,179964,25937,3.89,65.13
2026-07-22 03:49:32,127361.328125,A0DB8AF16E20,0002,male,C57BL/6,1.1.1,FR1_Approach,0,Right,187,230,107,132,0,0,,,,,,,,,,,,,,,,,,,,
2026-07-22 03:49:36,127364.835938,A0DB8AF16E20,0002,male,C57BL/6,1.1.1,FR1_Approach,0,Left,187,231,107,132,0,0,,,,,,,,,,,,,,,,,,,,
2026-07-22 03:49:37,127366.328125,A0DB8AF16E20,0002,male,C57BL/6,1.1.1,FR1_Approach,0,Approach,187,231,107,132,0,0,,,,,,,,,,,,,,,,,,,,
2026-07-22 03:49:40,127369.453125,A0DB8AF16E20,0002,male,C57BL/6,1.1.1,FR1_Approach,0,PelletDrop,188,231,107,132,0,0,,,,,,,,,,,,,,,,,,,,
2026-07-22 03:49:42,127370.914062,A0DB8AF16E20,0002,male,C57BL/6,1.1.1,FR1_Approach,0,PelletNotDetected,188,231,107,132,0,0,,,,,,,,,,,,,,,,,,,,
2026-07-22 03:50:13,127402.335938,A0DB8AF16E20,0002,male,C57BL/6,1.1.1,FR1_Approach,0,Left,188,232,107,132,0,0,,,,,,,,,,,,,,,,,,,,
2026-07-22 03:50:15,127403.820312,A0DB8AF16E20,0002,male,C57BL/6,1.1.1,FR1_Approach,0,Approach,188,232,107,132,0,0,,,,,,,,,,,,,,,,,,,,
2026-07-22 03:50:20,127409.117188,A0DB8AF16E20,0002,male,C57BL/6,1.1.1,FR1_Approach,0,PelletDrop,189,232,107,132,0,0,,,,,,,,,,,,,,,,,,,,
2026-07-22 03:50:30,127419.515625,A0DB8AF16E20,0002,male,C57BL/6,1.1.1,FR1_Approach,0,PelletTaken,189,232,107,132,0,0,9.531,137.000,0,3,,,,,,,,,,,,,,,,
2026-07-22 03:52:41,127548.656250,A0DB8AF16E20,0002,male,C57BL/6,1.1.1,FR1_Approach,0,Status,189,232,107,132,0,0,,,,,Disabled,25.2,41.6,999.4,8.6,0.000,0.000,247720,339964,179964,26069,3.90,64.99
2026-07-22 04:03:13,128182.429688,A0DB8AF16E20,0002,male,C57BL/6,1.1.1,FR1_Approach,0,Status,189,232,107,132,0,0,,,,,Disabled,25.1,42.8,999.4,8.5,0.000,0.000,247720,339964,179964,26206,3.90,64.99
2026-07-22 04:13:46,128816.171875,A0DB8AF16E20,0002,male,C57BL/6,1.1.1,FR1_Approach,0,Status,189,232,107,132,0,0,,,,,Disabled,25.0,42.9,999.5,8.6,0.000,0.000,247720,339964,179964,26343,3.89,64.99
2026-07-22 04:14:54,128884.203125,A0DB8AF16E20,0002,male,C57BL/6,1.1.1,FR1_Approach,0,Left,189,233,107,132,0,0,,,,,,,,,,,,,,,,,,,,
2026-07-22 04:14:56,128885.687500,A0DB8AF16E20,0002,male,C57BL/6,1.1.1,FR1_Approach,0,Approach,189,233,107,132,0,0,,,,,,,,,,,,,,,,,,,,
2026-07-22 04:15:01,128891.031250,A0DB8AF16E20,0002,male,C57BL/6,1.1.1,FR1_Approach,0,PelletDrop,190,233,107,132,0,0,,,,,,,,,,,,,,,,,,,,
2026-07-22 04:15:13,128903.382812,A0DB8AF16E20,0002,male,C57BL/6,1.1.1,FR1_Approach,0,PelletTaken,190,233,107,132,0,0,11.488,351.000,0,2,,,,,,,,,,,,,,,,
2026-07-22 04:16:00,128949.695312,A0DB8AF16E20,0002,male,C57BL/6,1.1.1,FR1_Approach,0,Left,190,234,107,132,0,0,,,,,,,,,,,,,,,,,,,,
2026-07-22 04:16:01,128951.414062,A0DB8AF16E20,0002,male,C57BL/6,1.1.1,FR1_Approach,0,Approach,190,234,107,132,0,0,,,,,,,,,,,,,,,,,,,,
2026-07-22 04:16:07,128957.257812,A0DB8AF16E20,0002,male,C57BL/6,1.1.1,FR1_Approach,0,PelletDrop,191,234,107,132,0,0,,,,,,,,,,,,,,,,,,,,
2026-07-22 04:16:19,128968.968750,A0DB8AF16E20,0002,male,C57BL/6,1.1.1,FR1_Approach,0,PelletTaken,191,234,107,132,0,0,10.828,2002.000,0,2,,,,,,,,,,,,,,,,
2026-07-22 04:17:22,129031.929688,A0DB8AF16E20,0002,male,C57BL/6,1.1.1,FR1_Approach,0,Left,191,235,107,132,0,0,,,,,,,,,,,,,,,,,,,,
2026-07-22 04:17:24,129034.140625,A0DB8AF16E20,0002,male,C57BL/6,1.1.1,FR1_Approach,0,Approach,191,235,107,132,0,0,,,,,,,,,,,,,,,,,,,,
2026-07-22 04:17:27,129037.265625,A0DB8AF16E20,0002,male,C57BL/6,1.1.1,FR1_Approach,0,PelletDrop,192,235,107,132,0,0,,,,,,,,,,,,,,,,,,,,
2026-07-22 04:17:48,129057.953125,A0DB8AF16E20,0002,male,C57BL/6,1.1.1,FR1_Approach,0,PelletTaken,192,235,107,132,0,0,19.805,2001.000,0,1,,,,,,,,,,,,,,,,
2026-07-22 04:19:40,129170.398438,A0DB8AF16E20,0002,male,C57BL/6,1.1.1,FR1_Approach,0,Left,192,236,107,132,0,0,,,,,,,,,,,,,,,,,,,,
2026-07-22 04:19:42,129171.867188,A0DB8AF16E20,0002,male,C57BL/6,1.1.1,FR1_Approach,0,Approach,192,236,107,132,0,0,,,,,,,,,,,,,,,,,,,,
2026-07-22 04:19:47,129177.226562,A0DB8AF16E20,0002,male,C57BL/6,1.1.1,FR1_Approach,0,PelletDrop,193,236,107,132,0,0,,,,,,,,,,,,,,,,,,,,
2026-07-22 04:20:01,129190.859375,A0DB8AF16E20,0002,male,C57BL/6,1.1.1,FR1_Approach,0,PelletTaken,193,236,107,132,0,0,12.764,488.000,0,2,,,,,,,,,,,,,,,,
2026-07-22 04:25:08,129499.109375,A0DB8AF16E20,0002,male,C57BL/6,1.1.1,FR1_Approach,0,Status,193,236,107,132,0,0,,,,,Disabled,25.2,41.7,999.5,8.5,0.000,0.000,247720,339964,179964,26460,3.89,64.84
2026-07-22 04:25:14,129505.039062,A0DB8AF16E20,0002,male,C57BL/6,1.1.1,FR1_Approach,0,Right,193,236,108,132,0,0,,,,,,,,,,,,,,,,,,,,
2026-07-22 04:28:53,129723.640625,A0DB8AF16E20,0002,male,C57BL/6,1.1.1,FR1_Approach,0,Right,193,236,109,132,0,0,,,,,,,,,,,,,,,,,,,,
2026-07-22 04:28:58,129729.046875,A0DB8AF16E20,0002,male,C57BL/6,1.1.1,FR1_Approach,0,Right,193,236,110,132,0,0,,,,,,,,,,,,,,,,,,,,
2026-07-22 04:29:00,129731.210938,A0DB8AF16E20,0002,male,C57BL/6,1.1.1,FR1_Approach,0,Right,193,236,111,132,0,0,,,,,,,,,,,,,,,,,,,,
2026-07-22 04:31:49,129900.625000,A0DB8AF16E20,0002,male,C57BL/6,1.1.1,FR1_Approach,0,Left,193,237,111,132,0,0,,,,,,,,,,,,,,,,,,,,
2026-07-22 04:31:51,129902.101562,A0DB8AF16E20,0002,male,C57BL/6,1.1.1,FR1_Approach,0,Approach,193,237,111,132,0,0,,,,,,,,,,,,,,,,,,,,
2026-07-22 04:31:56,129907.445312,A0DB8AF16E20,0002,male,C57BL/6,1.1.1,FR1_Approach,0,PelletDrop,194,237,111,132,0,0,,,,,,,,,,,,,,,,,,,,
2026-07-22 04:32:06,129916.742188,A0DB8AF16E20,0002,male,C57BL/6,1.1.1,FR1_Approach,0,PelletTaken,194,237,111,132,0,0,8.432,203.000,0,2,,,,,,,,,,,,,,,,
2026-07-22 04:35:39,130130.507812,A0DB8AF16E20,0002,male,C57BL/6,1.1.1,FR1_Approach,0,Status,194,237,111,132,0,0,,,,,Disabled,25.1,42.9,999.5,8.6,0.000,0.000,247720,339964,179964,26595,3.89,64.70
2026-07-22 04:36:31,130182.601562,A0DB8AF16E20,0002,male,C57BL/6,1.1.1,FR1_Approach,0,Left,194,238,111,132,0,0,,,,,,,,,,,,,,,,,,,,
2026-07-22 04:36:33,130184.070312,A0DB8AF16E20,0002,male,C57BL/6,1.1.1,FR1_Approach,0,Approach,194,238,111,132,0,0,,,,,,,,,,,,,,,,,,,,
2026-07-22 04:36:38,130189.429688,A0DB8AF16E20,0002,male,C57BL/6,1.1.1,FR1_Approach,0,PelletDrop,195,238,111,132,0,0,,,,,,,,,,,,,,,,,,,,
2026-07-22 04:36:50,130201.250000,A0DB8AF16E20,0002,male,C57BL/6,1.1.1,FR1_Approach,0,PelletTaken,195,238,111,132,0,0,10.950,362.000,0,2,,,,,,,,,,,,,,,,
2026-07-22 04:47:10,130822.695312,A0DB8AF16E20,0002,male,C57BL/6,1.1.1,FR1_Approach,0,Status,195,238,111,132,0,0,,,,,Disabled,25.2,41.8,999.5,8.4,0.000,0.000,247720,339964,179964,26728,3.89,64.55
2026-07-22 04:56:53,131406.000000,A0DB8AF16E20,0002,male,C57BL/6,1.1.1,FR1_Approach,0,Left,195,239,111,132,0,0,,,,,,,,,,,,,,,,,,,,
2026-07-22 04:56:54,131407.734375,A0DB8AF16E20,0002,male,C57BL/6,1.1.1,FR1_Approach,0,Approach,195,239,111,132,0,0,,,,,,,,,,,,,,,,,,,,
2026-07-22 04:57:00,131413.078125,A0DB8AF16E20,0002,male,C57BL/6,1.1.1,FR1_Approach,0,PelletDrop,196,239,111,132,0,0,,,,,,,,,,,,,,,,,,,,
2026-07-22 04:57:09,131422.296875,A0DB8AF16E20,0002,male,C57BL/6,1.1.1,FR1_Approach,0,PelletTaken,196,239,111,132,0,0,8.354,419.000,0,2,,,,,,,,,,,,,,,,
2026-07-22 04:57:43,131456.093750,A0DB8AF16E20,0002,male,C57BL/6,1.1.1,FR1_Approach,0,Left,196,240,111,132,0,0,,,,,,,,,,,,,,,,,,,,
2026-07-22 04:57:44,131457.796875,A0DB8AF16E20,0002,male,C57BL/6,1.1.1,FR1_Approach,0,Approach,196,240,111,132,0,0,,,,,,,,,,,,,,,,,,,,
2026-07-22 04:57:50,131463.140625,A0DB8AF16E20,0002,male,C57BL/6,1.1.1,FR1_Approach,0,PelletDrop,197,240,111,132,0,0,,,,,,,,,,,,,,,,,,,,
2026-07-22 04:58:01,131474.546875,A0DB8AF16E20,0002,male,C57BL/6,1.1.1,FR1_Approach,0,PelletTaken,197,240,111,132,0,0,10.532,488.000,0,2,,,,,,,,,,,,,,,,
2026-07-22 04:58:09,131482.593750,A0DB8AF16E20,0002,male,C57BL/6,1.1.1,FR1_Approach,0,Status,197,240,111,132,0,0,,,,,Disabled,25.2,42.5,999.6,8.4,0.000,0.000,247720,339964,179964,26863,3.90,64.55
2026-07-22 04:58:27,131500.921875,A0DB8AF16E20,0002,male,C57BL/6,1.1.1,FR1_Approach,0,Left,197,241,111,132,0,0,,,,,,,,,,,,,,,,,,,,
2026-07-22 04:58:30,131503.125000,A0DB8AF16E20,0002,male,C57BL/6,1.1.1,FR1_Approach,0,Approach,197,241,111,132,0,0,,,,,,,,,,,,,,,,,,,,
2026-07-22 04:58:36,131508.968750,A0DB8AF16E20,0002,male,C57BL/6,1.1.1,FR1_Approach,0,PelletDrop,198,241,111,132,0,0,,,,,,,,,,,,,,,,,,,,
2026-07-22 04:58:48,131520.921875,A0DB8AF16E20,0002,male,C57BL/6,1.1.1,FR1_Approach,0,PelletTaken,198,241,111,132,0,0,11.071,2002.000,0,2,,,,,,,,,,,,,,,,
2026-07-22 05:03:02,131775.843750,A0DB8AF16E20,0002,male,C57BL/6,1.1.1,FR1_Approach,0,Left,198,242,111,132,0,0,,,,,,,,,,,,,,,,,,,,
2026-07-22 05:03:04,131777.312500,A0DB8AF16E20,0002,male,C57BL/6,1.1.1,FR1_Approach,0,Approach,198,242,111,132,0,0,,,,,,,,,,,,,,,,,,,,
2026-07-22 05:03:06,131779.359375,A0DB8AF16E20,0002,male,C57BL/6,1.1.1,FR1_Approach,0,PelletDrop,199,242,111,132,0,0,,,,,,,,,,,,,,,,,,,,
2026-07-22 05:03:07,131780.812500,A0DB8AF16E20,0002,male,C57BL/6,1.1.1,FR1_Approach,0,PelletNotDetected,199,242,111,132,0,0,,,,,,,,,,,,,,,,,,,,
2026-07-22 05:03:42,131815.625000,A0DB8AF16E20,0002,male,C57BL/6,1.1.1,FR1_Approach,0,Left,199,243,111,132,0,0,,,,,,,,,,,,,,,,,,,,
2026-07-22 05:03:43,131817.109375,A0DB8AF16E20,0002,male,C57BL/6,1.1.1,FR1_Approach,0,Approach,199,243,111,132,0,0,,,,,,,,,,,,,,,,,,,,
2026-07-22 05:03:46,131820.187500,A0DB8AF16E20,0002,male,C57BL/6,1.1.1,FR1_Approach,0,PelletDrop,200,243,111,132,0,0,,,,,,,,,,,,,,,,,,,,
2026-07-22 05:03:48,131821.656250,A0DB8AF16E20,0002,male,C57BL/6,1.1.1,FR1_Approach,0,PelletNotDetected,200,243,111,132,0,0,,,,,,,,,,,,,,,,,,,,
2026-07-22 05:09:09,132143.140625,A0DB8AF16E20,0002,male,C57BL/6,1.1.1,FR1_Approach,0,Status,200,243,111,132,0,0,,,,,Disabled,25.3,41.8,999.6,8.4,0.000,0.000,247720,339964,179964,26987,3.89,64.41
2026-07-22 05:19:42,132776.921875,A0DB8AF16E20,0002,male,C57BL/6,1.1.1,FR1_Approach,0,Status,200,243,111,132,0,0,,,,,Disabled,25.1,42.9,999.7,8.5,0.000,0.000,247720,339964,179964,27124,3.91,64.41
2026-07-22 05:31:04,133459.859375,A0DB8AF16E20,0002,male,C57BL/6,1.1.1,FR1_Approach,0,Status,200,243,111,132,0,0,,,,,Disabled,25.2,41.9,999.7,8.4,0.000,0.000,247720,339964,179964,27261,3.89,64.41
2026-07-22 05:41:37,134093.609375,A0DB8AF16E20,0002,male,C57BL/6,1.1.1,FR1_Approach,0,Status,200,243,111,132,0,0,,,,,Disabled,25.1,42.9,999.8,8.5,0.000,0.000,247720,339964,179964,27398,3.90,64.41
2026-07-22 05:46:38,134395.062500,A0DB8AF16E20,0002,male,C57BL/6,1.1.1,FR1_Approach,0,Left,200,244,111,132,0,0,,,,,,,,,,,,,,,,,,,,
2026-07-22 05:46:39,134396.781250,A0DB8AF16E20,0002,male,C57BL/6,1.1.1,FR1_Approach,0,Approach,200,244,111,132,0,0,,,,,,,,,,,,,,,,,,,,
2026-07-22 05:46:48,134405.140625,A0DB8AF16E20,0002,male,C57BL/6,1.1.1,FR1_Approach,0,PelletDrop,201,244,111,132,0,0,,,,,,,,,,,,,,,,,,,,
2026-07-22 05:47:00,134416.828125,A0DB8AF16E20,0002,male,C57BL/6,1.1.1,FR1_Approach,0,PelletTaken,201,244,111,132,0,0,10.807,603.000,0,4,,,,,,,,,,,,,,,,
2026-07-22 05:48:54,134531.390625,A0DB8AF16E20,0002,male,C57BL/6,1.1.1,FR1_Approach,0,Left,201,245,111,132,0,0,,,,,,,,,,,,,,,,,,,,
2026-07-22 05:48:55,134532.859375,A0DB8AF16E20,0002,male,C57BL/6,1.1.1,FR1_Approach,0,Approach,201,245,111,132,0,0,,,,,,,,,,,,,,,,,,,,
2026-07-22 05:49:02,134539.328125,A0DB8AF16E20,0002,male,C57BL/6,1.1.1,FR1_Approach,0,PelletDrop,202,245,111,132,0,0,,,,,,,,,,,,,,,,,,,,
2026-07-22 05:49:13,134550.640625,A0DB8AF16E20,0002,male,C57BL/6,1.1.1,FR1_Approach,0,PelletTaken,202,245,111,132,0,0,10.433,2002.000,0,2,,,,,,,,,,,,,,,,
2026-07-22 05:53:04,134781.437500,A0DB8AF16E20,0002,male,C57BL/6,1.1.1,FR1_Approach,0,Status,202,245,111,132,0,0,,,,,Disabled,25.2,41.6,999.9,8.6,0.000,0.000,247720,339964,179964,27525,3.90,64.12
2026-07-22 06:03:37,135415.203125,A0DB8AF16E20,0002,male,C57BL/6,1.1.1,FR1_Approach,0,Status,202,245,111,132,0,0,,,,,Disabled,25.0,42.9,1000.0,8.6,0.202,104.000,247720,339964,179964,27662,3.90,64.12
2026-07-22 06:14:10,136048.968750,A0DB8AF16E20,0002,male,C57BL/6,1.1.1,FR1_Approach,0,Status,202,245,111,132,0,0,,,,,Disabled,24.9,42.9,1000.1,8.7,0.202,102.000,247720,339964,179964,27799,3.89,64.12
2026-07-22 06:17:59,136278.843750,A0DB8AF16E20,0002,male,C57BL/6,1.1.1,FR1_Approach,0,Left,202,246,111,132,0,0,,,,,,,,,,,,,,,,,,,,
2026-07-22 06:18:01,136280.312500,A0DB8AF16E20,0002,male,C57BL/6,1.1.1,FR1_Approach,0,Approach,202,246,111,132,0,0,,,,,,,,,,,,,,,,,,,,
2026-07-22 06:18:08,136287.890625,A0DB8AF16E20,0002,male,C57BL/6,1.1.1,FR1_Approach,0,PelletDrop,203,246,111,132,0,0,,,,,,,,,,,,,,,,,,,,
2026-07-22 06:18:22,136301.421875,A0DB8AF16E20,0002,male,C57BL/6,1.1.1,FR1_Approach,0,PelletTaken,203,246,111,132,0,0,12.655,566.000,0,3,,,,,,,,,,,,,,,,
2026-07-22 06:18:48,136327.578125,A0DB8AF16E20,0002,male,C57BL/6,1.1.1,FR1_Approach,0,Left,203,247,111,132,0,0,,,,,,,,,,,,,,,,,,,,
2026-07-22 06:18:51,136330.656250,A0DB8AF16E20,0002,male,C57BL/6,1.1.1,FR1_Approach,0,No_approach,203,247,111,132,0,0,,,,,,,,,,,,,,,,,,,,
2026-07-22 06:18:56,136335.375000,A0DB8AF16E20,0002,male,C57BL/6,1.1.1,FR1_Approach,0,Left,203,248,111,132,0,0,,,,,,,,,,,,,,,,,,,,
2026-07-22 06:18:59,136338.421875,A0DB8AF16E20,0002,male,C57BL/6,1.1.1,FR1_Approach,0,No_approach,203,248,111,132,0,0,,,,,,,,,,,,,,,,,,,,
2026-07-22 06:19:06,136345.953125,A0DB8AF16E20,0002,male,C57BL/6,1.1.1,FR1_Approach,0,Left,203,249,111,132,0,0,,,,,,,,,,,,,,,,,,,,
2026-07-22 06:19:09,136349.031250,A0DB8AF16E20,0002,male,C57BL/6,1.1.1,FR1_Approach,0,No_approach,203,249,111,132,0,0,,,,,,,,,,,,,,,,,,,,
2026-07-22 06:19:18,136357.734375,A0DB8AF16E20,0002,male,C57BL/6,1.1.1,FR1_Approach,0,Left,203,250,111,132,0,0,,,,,,,,,,,,,,,,,,,,
2026-07-22 06:19:21,136361.156250,A0DB8AF16E20,0002,male,C57BL/6,1.1.1,FR1_Approach,0,Approach,203,250,111,132,0,0,,,,,,,,,,,,,,,,,,,,
2026-07-22 06:19:27,136366.500000,A0DB8AF16E20,0002,male,C57BL/6,1.1.1,FR1_Approach,0,PelletDrop,204,250,111,132,0,0,,,,,,,,,,,,,,,,,,,,
2026-07-22 06:19:36,136375.250000,A0DB8AF16E20,0002,male,C57BL/6,1.1.1,FR1_Approach,0,PelletTaken,204,250,111,132,0,0,7.870,1215.000,0,2,,,,,,,,,,,,,,,,
2026-07-22 06:21:08,136467.421875,A0DB8AF16E20,0002,male,C57BL/6,1.1.1,FR1_Approach,0,Left,204,251,111,132,0,0,,,,,,,,,,,,,,,,,,,,
2026-07-22 06:21:11,136470.484375,A0DB8AF16E20,0002,male,C57BL/6,1.1.1,FR1_Approach,0,No_approach,204,251,111,132,0,0,,,,,,,,,,,,,,,,,,,,
2026-07-22 06:21:58,136518.093750,A0DB8AF16E20,0002,male,C57BL/6,1.1.1,FR1_Approach,0,Center,204,251,111,133,0,0,,,,,,,,,,,,,,,,,,,,
2026-07-22 06:22:11,136531.250000,A0DB8AF16E20,0002,male,C57BL/6,1.1.1,FR1_Approach,0,Left,204,252,111,133,0,0,,,,,,,,,,,,,,,,,,,,
2026-07-22 06:22:13,136532.734375,A0DB8AF16E20,0002,male,C57BL/6,1.1.1,FR1_Approach,0,Approach,204,252,111,133,0,0,,,,,,,,,,,,,,,,,,,,
2026-07-22 06:22:18,136538.062500,A0DB8AF16E20,0002,male,C57BL/6,1.1.1,FR1_Approach,0,PelletDrop,205,252,111,133,0,0,,,,,,,,,,,,,,,,,,,,
2026-07-22 06:22:29,136549.171875,A0DB8AF16E20,0002,male,C57BL/6,1.1.1,FR1_Approach,0,PelletTaken,205,252,111,133,0,0,10.213,215.000,0,2,,,,,,,,,,,,,,,,
2026-07-22 06:25:33,136732.718750,A0DB8AF16E20,0002,male,C57BL/6,1.1.1,FR1_Approach,0,Status,205,252,111,133,0,0,,,,,Disabled,25.1,41.6,1000.2,8.7,0.198,98.000,247720,339964,179964,27920,3.90,63.98
2026-07-22 06:36:06,137366.484375,A0DB8AF16E20,0002,male,C57BL/6,1.1.1,FR1_Approach,0,Status,205,252,111,133,0,0,,,,,Disabled,25.0,42.8,1000.3,8.6,0.194,98.000,247720,339964,179964,28057,3.90,63.83
2026-07-22 06:46:39,138000.281250,A0DB8AF16E20,0002,male,C57BL/6,1.1.1,FR1_Approach,0,Status,205,252,111,133,0,0,,,,,Disabled,24.9,42.9,1000.4,8.8,0.187,98.000,247720,339964,179964,28194,3.90,63.83
2026-07-22 06:57:12,138634.046875,A0DB8AF16E20,0002,male,C57BL/6,1.1.1,FR1_Approach,0,Status,205,252,111,133,0,0,,,,,Disabled,24.8,43.0,1000.5,8.8,0.198,100.000,247720,339964,179964,28331,3.90,63.83
2026-07-22 07:06:49,139211.531250,A0DB8AF16E20,0002,male,C57BL/6,1.1.1,FR1_Approach,0,Left,205,253,111,133,0,0,,,,,,,,,,,,,,,,,,,,
2026-07-22 07:06:51,139213.515625,A0DB8AF16E20,0002,male,C57BL/6,1.1.1,FR1_Approach,0,Approach,205,253,111,133,0,0,,,,,,,,,,,,,,,,,,,,
2026-07-22 07:06:56,139218.859375,A0DB8AF16E20,0002,male,C57BL/6,1.1.1,FR1_Approach,0,PelletDrop,206,253,111,133,0,0,,,,,,,,,,,,,,,,,,,,
2026-07-22 07:07:05,139228.062500,A0DB8AF16E20,0002,male,C57BL/6,1.1.1,FR1_Approach,0,PelletTaken,206,253,111,133,0,0,8.342,311.000,0,2,,,,,,,,,,,,,,,,
2026-07-22 07:08:34,139317.046875,A0DB8AF16E20,0002,male,C57BL/6,1.1.1,FR1_Approach,0,Status,206,253,111,133,0,0,,,,,Disabled,24.9,41.7,1000.6,8.7,0.187,96.000,247720,339964,179964,28464,3.90,63.54
2026-07-22 07:20:19,140022.921875,A0DB8AF16E20,0002,male,C57BL/6,1.1.1,FR1_Approach,0,Status,206,253,111,133,0,0,,,,,Disabled,25.0,41.4,1000.7,8.5,0.187,97.000,247720,339964,179964,28601,3.88,63.40
2026-07-22 07:21:53,140116.750000,A0DB8AF16E20,0002,male,C57BL/6,1.1.1,FR1_Approach,0,Left,206,254,111,133,0,0,,,,,,,,,,,,,,,,,,,,
2026-07-22 07:21:54,140118.468750,A0DB8AF16E20,0002,male,C57BL/6,1.1.1,FR1_Approach,0,Approach,206,254,111,133,0,0,,,,,,,,,,,,,,,,,,,,
2026-07-22 07:22:00,140123.828125,A0DB8AF16E20,0002,male,C57BL/6,1.1.1,FR1_Approach,0,PelletDrop,207,254,111,133,0,0,,,,,,,,,,,,,,,,,,,,
2026-07-22 07:22:13,140137.593750,A0DB8AF16E20,0002,male,C57BL/6,1.1.1,FR1_Approach,0,PelletTaken,207,254,111,133,0,0,12.897,303.000,0,2,,,,,,,,,,,,,,,,
2026-07-22 07:23:32,140216.734375,A0DB8AF16E20,0002,male,C57BL/6,1.1.1,FR1_Approach,0,Left,207,255,111,133,0,0,,,,,,,,,,,,,,,,,,,,
2026-07-22 07:23:34,140218.468750,A0DB8AF16E20,0002,male,C57BL/6,1.1.1,FR1_Approach,0,Approach,207,255,111,133,0,0,,,,,,,,,,,,,,,,,,,,
2026-07-22 07:23:40,140224.343750,A0DB8AF16E20,0002,male,C57BL/6,1.1.1,FR1_Approach,0,PelletDrop,208,255,111,133,0,0,,,,,,,,,,,,,,,,,,,,
2026-07-22 07:23:52,140235.984375,A0DB8AF16E20,0002,male,C57BL/6,1.1.1,FR1_Approach,0,PelletTaken,208,255,111,133,0,0,10.764,2002.000,0,2,,,,,,,,,,,,,,,,
2026-07-22 07:31:41,140705.562500,A0DB8AF16E20,0002,male,C57BL/6,1.1.1,FR1_Approach,0,Status,208,255,111,133,0,0,,,,,Disabled,25.1,41.6,1000.8,8.5,0.187,98.000,247720,339964,179952,28729,3.88,63.25
2026-07-22 07:43:14,141399.437500,A0DB8AF16E20,0002,male,C57BL/6,1.1.1,FR1_Approach,0,Status,208,255,111,133,0,0,,,,,Disabled,25.2,41.4,1000.9,8.5,0.187,96.000,247720,339964,179952,28866,3.89,63.11
2026-07-22 07:54:40,142086.218750,A0DB8AF16E20,0002,male,C57BL/6,1.1.1,FR1_Approach,0,Status,208,255,111,133,0,0,,,,,Disabled,25.2,41.5,1001.1,8.5,0.216,114.000,247720,339964,179952,29003,3.87,63.11
2026-07-22 08:06:11,142778.031250,A0DB8AF16E20,0002,male,C57BL/6,1.1.1,FR1_Approach,0,Status,208,255,111,133,0,0,,,,,Disabled,25.3,41.4,1001.2,8.5,0.223,118.000,247720,339964,179952,29140,3.88,62.96
2026-07-22 08:17:48,143475.890625,A0DB8AF16E20,0002,male,C57BL/6,1.1.1,FR1_Approach,0,Status,208,255,111,133,0,0,,,,,Disabled,25.3,41.3,1001.4,8.5,0.216,114.000,247720,339964,179952,29277,3.87,62.82
2026-07-22 08:29:25,144173.656250,A0DB8AF16E20,0002,male,C57BL/6,1.1.1,FR1_Approach,0,Status,208,255,111,133,0,0,,,,,Disabled,25.3,41.3,1001.5,8.4,0.216,115.000,247720,339964,179952,29414,3.88,62.82
2026-07-22 08:40:58,144867.437500,A0DB8AF16E20,0002,male,C57BL/6,1.1.1,FR1_Approach,0,Status,208,255,111,133,0,0,,,,,Disabled,25.3,41.4,1001.5,8.4,0.209,115.000,247720,339964,179952,29551,3.88,62.82
2026-07-22 08:41:08,144877.578125,A0DB8AF16E20,0002,male,C57BL/6,1.1.1,FR1_Approach,0,Left,208,256,111,133,0,0,,,,,,,,,,,,,,,,,,,,
2026-07-22 08:41:11,144880.625000,A0DB8AF16E20,0002,male,C57BL/6,1.1.1,FR1_Approach,0,No_approach,208,256,111,133,0,0,,,,,,,,,,,,,,,,,,,,
2026-07-22 08:41:18,144887.265625,A0DB8AF16E20,0002,male,C57BL/6,1.1.1,FR1_Approach,0,Left,208,257,111,133,0,0,,,,,,,,,,,,,,,,,,,,
2026-07-22 08:41:21,144890.328125,A0DB8AF16E20,0002,male,C57BL/6,1.1.1,FR1_Approach,0,No_approach,208,257,111,133,0,0,,,,,,,,,,,,,,,,,,,,
2026-07-22 08:41:26,144895.062500,A0DB8AF16E20,0002,male,C57BL/6,1.1.1,FR1_Approach,0,Left,208,258,111,133,0,0,,,,,,,,,,,,,,,,,,,,
2026-07-22 08:41:27,144897.015625,A0DB8AF16E20,0002,male,C57BL/6,1.1.1,FR1_Approach,0,Approach,208,258,111,133,0,0,,,,,,,,,,,,,,,,,,,,
2026-07-22 08:41:31,144900.109375,A0DB8AF16E20,0002,male,C57BL/6,1.1.1,FR1_Approach,0,PelletDrop,209,258,111,133,0,0,,,,,,,,,,,,,,,,,,,,
2026-07-22 08:41:32,144901.578125,A0DB8AF16E20,0002,male,C57BL/6,1.1.1,FR1_Approach,0,PelletNotDetected,209,258,111,133,0,0,,,,,,,,,,,,,,,,,,,,
2026-07-22 08:43:10,144999.453125,A0DB8AF16E20,0002,male,C57BL/6,1.1.1,FR1_Approach,0,Left,209,259,111,133,0,0,,,,,,,,,,,,,,,,,,,,
2026-07-22 08:43:12,145001.906250,A0DB8AF16E20,0002,male,C57BL/6,1.1.1,FR1_Approach,0,Approach,209,259,111,133,0,0,,,,,,,,,,,,,,,,,,,,
2026-07-22 08:43:15,145005.031250,A0DB8AF16E20,0002,male,C57BL/6,1.1.1,FR1_Approach,0,PelletDrop,210,259,111,133,0,0,,,,,,,,,,,,,,,,,,,,
2026-07-22 08:43:17,145006.500000,A0DB8AF16E20,0002,male,C57BL/6,1.1.1,FR1_Approach,0,PelletNotDetected,210,259,111,133,0,0,,,,,,,,,,,,,,,,,,,,
2026-07-22 08:53:01,145590.281250,A0DB8AF16E20,0002,male,C57BL/6,1.1.1,FR1_Approach,0,Status,210,259,111,133,0,0,,,,,Disabled,25.4,40.9,1001.6,8.4,0.209,112.000,247720,339964,179952,29682,3.88,62.68
2026-07-22 09:02:52,146182.515625,A0DB8AF16E20,0002,male,C57BL/6,1.1.1,FR1_Approach,0,Left,210,260,111,133,0,0,,,,,,,,,,,,,,,,,,,,
2026-07-22 09:02:54,146184.468750,A0DB8AF16E20,0002,male,C57BL/6,1.1.1,FR1_Approach,0,Approach,210,260,111,133,0,0,,,,,,,,,,,,,,,,,,,,
2026-07-22 09:02:57,146187.546875,A0DB8AF16E20,0002,male,C57BL/6,1.1.1,FR1_Approach,0,PelletDrop,211,260,111,133,0,0,,,,,,,,,,,,,,,,,,,,
2026-07-22 09:02:58,146189.015625,A0DB8AF16E20,0002,male,C57BL/6,1.1.1,FR1_Approach,0,PelletNotDetected,211,260,111,133,0,0,,,,,,,,,,,,,,,,,,,,
2026-07-22 09:03:37,146227.765625,A0DB8AF16E20,0002,male,C57BL/6,1.1.1,FR1_Approach,0,Status,211,260,111,133,0,0,,,,,Disabled,25.2,42.6,1001.7,8.5,0.292,150.000,247720,339964,179952,29818,3.88,62.53
2026-07-22 09:04:12,146262.156250,A0DB8AF16E20,0002,male,C57BL/6,1.1.1,FR1_Approach,0,Left,211,261,111,133,0,0,,,,,,,,,,,,,,,,,,,,
2026-07-22 09:04:15,146265.218750,A0DB8AF16E20,0002,male,C57BL/6,1.1.1,FR1_Approach,0,No_approach,211,261,111,133,0,0,,,,,,,,,,,,,,,,,,,,
2026-07-22 09:04:22,146272.828125,A0DB8AF16E20,0002,male,C57BL/6,1.1.1,FR1_Approach,0,Left,211,262,111,133,0,0,,,,,,,,,,,,,,,,,,,,
2026-07-22 09:04:24,146274.296875,A0DB8AF16E20,0002,male,C57BL/6,1.1.1,FR1_Approach,0,Approach,211,262,111,133,0,0,,,,,,,,,,,,,,,,,,,,
2026-07-22 09:04:32,146282.687500,A0DB8AF16E20,0002,male,C57BL/6,1.1.1,FR1_Approach,0,PelletDrop,212,262,111,133,0,0,,,,,,,,,,,,,,,,,,,,
2026-07-22 09:04:38,146288.843750,A0DB8AF16E20,0002,male,C57BL/6,1.1.1,FR1_Approach,0,PelletTaken,212,262,111,133,0,0,5.285,1498.000,0,5,,,,,,,,,,,,,,,,
2026-07-22 09:06:06,146377.046875,A0DB8AF16E20,0002,male,C57BL/6,1.1.1,FR1_Approach,0,Center,212,262,111,134,0,0,,,,,,,,,,,,,,,,,,,,
2026-07-22 09:06:22,146392.781250,A0DB8AF16E20,0002,male,C57BL/6,1.1.1,FR1_Approach,0,Right,212,262,112,134,0,0,,,,,,,,,,,,,,,,,,,,
2026-07-22 09:08:38,146528.609375,A0DB8AF16E20,0002,male,C57BL/6,1.1.1,FR1_Approach,0,Center,212,262,112,135,0,0,,,,,,,,,,,,,,,,,,,,
2026-07-22 09:08:50,146540.531250,A0DB8AF16E20,0002,male,C57BL/6,1.1.1,FR1_Approach,0,Center,212,262,112,136,0,0,,,,,,,,,,,,,,,,,,,,
2026-07-22 09:08:59,146549.593750,A0DB8AF16E20,0002,male,C57BL/6,1.1.1,FR1_Approach,0,Center,212,262,112,137,0,0,,,,,,,,,,,,,,,,,,,,
2026-07-22 09:09:05,146555.968750,A0DB8AF16E20,0002,male,C57BL/6,1.1.1,FR1_Approach,0,Left,212,263,112,137,0,0,,,,,,,,,,,,,,,,,,,,
2026-07-22 09:09:08,146559.031250,A0DB8AF16E20,0002,male,C57BL/6,1.1.1,FR1_Approach,0,No_approach,212,263,112,137,0,0,,,,,,,,,,,,,,,,,,,,
2026-07-22 09:09:13,146563.703125,A0DB8AF16E20,0002,male,C57BL/6,1.1.1,FR1_Approach,0,Center,212,263,112,138,0,0,,,,,,,,,,,,,,,,,,,,
2026-07-22 09:09:20,146570.781250,A0DB8AF16E20,0002,male,C57BL/6,1.1.1,FR1_Approach,0,Left,212,264,112,138,0,0,,,,,,,,,,,,,,,,,,,,
2026-07-22 09:09:23,146573.828125,A0DB8AF16E20,0002,male,C57BL/6,1.1.1,FR1_Approach,0,No_approach,212,264,112,138,0,0,,,,,,,,,,,,,,,,,,,,
2026-07-22 09:09:26,146577.312500,A0DB8AF16E20,0002,male,C57BL/6,1.1.1,FR1_Approach,0,Center,212,264,112,139,0,0,,,,,,,,,,,,,,,,,,,,
2026-07-22 09:09:37,146588.125000,A0DB8AF16E20,0002,male,C57BL/6,1.1.1,FR1_Approach,0,Left,212,265,112,139,0,0,,,,,,,,,,,,,,,,,,,,
2026-07-22 09:09:40,146591.187500,A0DB8AF16E20,0002,male,C57BL/6,1.1.1,FR1_Approach,0,No_approach,212,265,112,139,0,0,,,,,,,,,,,,,,,,,,,,
2026-07-22 09:09:43,146594.359375,A0DB8AF16E20,0002,male,C57BL/6,1.1.1,FR1_Approach,0,Left,212,266,112,139,0,0,,,,,,,,,,,,,,,,,,,,
2026-07-22 09:09:46,146596.578125,A0DB8AF16E20,0002,male,C57BL/6,1.1.1,FR1_Approach,0,Approach,212,266,112,139,0,0,,,,,,,,,,,,,,,,,,,,
2026-07-22 09:09:49,146599.921875,A0DB8AF16E20,0002,male,C57BL/6,1.1.1,FR1_Approach,0,PelletDrop,213,266,112,139,0,0,,,,,,,,,,,,,,,,,,,,
2026-07-22 09:09:50,146601.390625,A0DB8AF16E20,0002,male,C57BL/6,1.1.1,FR1_Approach,0,PelletNotDetected,213,266,112,139,0,0,,,,,,,,,,,,,,,,,,,,
2026-07-22 09:10:03,146613.765625,A0DB8AF16E20,0002,male,C57BL/6,1.1.1,FR1_Approach,0,Left,213,267,112,139,0,0,,,,,,,,,,,,,,,,,,,,
2026-07-22 09:10:06,146616.843750,A0DB8AF16E20,0002,male,C57BL/6,1.1.1,FR1_Approach,0,No_approach,213,267,112,139,0,0,,,,,,,,,,,,,,,,,,,,
2026-07-22 09:10:10,146621.437500,A0DB8AF16E20,0002,male,C57BL/6,1.1.1,FR1_Approach,0,Left,213,268,112,139,0,0,,,,,,,,,,,,,,,,,,,,
2026-07-22 09:10:12,146623.156250,A0DB8AF16E20,0002,male,C57BL/6,1.1.1,FR1_Approach,0,Approach,213,268,112,139,0,0,,,,,,,,,,,,,,,,,,,,
2026-07-22 09:10:15,146625.984375,A0DB8AF16E20,0002,male,C57BL/6,1.1.1,FR1_Approach,0,PelletDrop,214,268,112,139,0,0,,,,,,,,,,,,,,,,,,,,
2026-07-22 09:10:16,146627.468750,A0DB8AF16E20,0002,male,C57BL/6,1.1.1,FR1_Approach,0,PelletNotDetected,214,268,112,139,0,0,,,,,,,,,,,,,,,,,,,,
2026-07-22 09:15:06,146917.843750,A0DB8AF16E20,0002,male,C57BL/6,1.1.1,FR1_Approach,0,Status,214,268,112,139,0,0,,,,,Disabled,25.3,41.4,1001.7,8.5,0.212,110.000,247720,339964,179952,29948,3.87,62.53
2026-07-22 09:25:39,147551.609375,A0DB8AF16E20,0002,male,C57BL/6,1.1.1,FR1_Approach,0,Status,214,268,112,139,0,0,,,,,Disabled,25.1,43.0,1001.8,8.5,0.151,86.000,247720,339964,179952,30085,3.87,62.39
2026-07-22 09:28:58,147750.843750,A0DB8AF16E20,0002,male,C57BL/6,1.1.1,FR1_Approach,0,Left,214,269,112,139,0,0,,,,,,,,,,,,,,,,,,,,
2026-07-22 09:29:01,147753.890625,A0DB8AF16E20,0002,male,C57BL/6,1.1.1,FR1_Approach,0,No_approach,214,269,112,139,0,0,,,,,,,,,,,,,,,,,,,,
2026-07-22 09:37:13,148245.468750,A0DB8AF16E20,0002,male,C57BL/6,1.1.1,FR1_Approach,0,Status,214,269,112,139,0,0,,,,,Disabled,25.2,41.9,1001.8,8.5,0.302,156.000,247720,339964,179952,30222,3.89,62.39
2026-07-22 09:40:12,148425.406250,A0DB8AF16E20,0002,male,C57BL/6,1.1.1,FR1_Approach,0,Left,214,270,112,139,0,0,,,,,,,,,,,,,,,,,,,,
2026-07-22 09:40:15,148428.468750,A0DB8AF16E20,0002,male,C57BL/6,1.1.1,FR1_Approach,0,No_approach,214,270,112,139,0,0,,,,,,,,,,,,,,,,,,,,
2026-07-22 09:40:24,148436.843750,A0DB8AF16E20,0002,male,C57BL/6,1.1.1,FR1_Approach,0,Left,214,271,112,139,0,0,,,,,,,,,,,,,,,,,,,,
2026-07-22 09:40:25,148438.328125,A0DB8AF16E20,0002,male,C57BL/6,1.1.1,FR1_Approach,0,Approach,214,271,112,139,0,0,,,,,,,,,,,,,,,,,,,,
2026-07-22 09:40:32,148445.609375,A0DB8AF16E20,0002,male,C57BL/6,1.1.1,FR1_Approach,0,PelletDrop,215,271,112,139,0,0,,,,,,,,,,,,,,,,,,,,
2026-07-22 09:40:39,148452.062500,A0DB8AF16E20,0002,male,C57BL/6,1.1.1,FR1_Approach,0,PelletTaken,215,271,112,139,0,0,5.582,226.000,0,4,,,,,,,,,,,,,,,,
2026-07-22 09:42:19,148552.281250,A0DB8AF16E20,0002,male,C57BL/6,1.1.1,FR1_Approach,0,Left,215,272,112,139,0,0,,,,,,,,,,,,,,,,,,,,
2026-07-22 09:42:20,148553.750000,A0DB8AF16E20,0002,male,C57BL/6,1.1.1,FR1_Approach,0,Approach,215,272,112,139,0,0,,,,,,,,,,,,,,,,,,,,
2026-07-22 09:42:28,148561.328125,A0DB8AF16E20,0002,male,C57BL/6,1.1.1,FR1_Approach,0,PelletDrop,216,272,112,139,0,0,,,,,,,,,,,,,,,,,,,,
2026-07-22 09:42:38,148571.156250,A0DB8AF16E20,0002,male,C57BL/6,1.1.1,FR1_Approach,0,PelletTaken,216,272,112,139,0,0,8.970,41.000,0,3,,,,,,,,,,,,,,,,
2026-07-22 09:47:43,148876.765625,A0DB8AF16E20,0002,male,C57BL/6,1.1.1,FR1_Approach,0,Status,216,272,112,139,0,0,,,,,Disabled,25.0,43.1,1001.8,8.5,2.246,952.000,247720,339964,179952,30350,3.89,62.24
2026-07-22 09:50:16,149029.921875,A0DB8AF16E20,0002,male,C57BL/6,1.1.1,FR1_Approach,0,Center,216,272,112,140,0,0,,,,,,,,,,,,,,,,,,,,
2026-07-22 09:59:24,149579.093750,A0DB8AF16E20,0002,male,C57BL/6,1.1.1,FR1_Approach,0,Status,216,272,112,140,0,0,,,,,Disabled,25.1,41.8,1001.9,8.5,2.315,976.000,247720,339964,179940,30487,3.87,62.24
2026-07-22 10:09:57,150212.859375,A0DB8AF16E20,0002,male,C57BL/6,1.1.1,FR1_Approach,0,Status,216,272,112,140,0,0,,,,,Disabled,24.9,43.1,1001.9,8.5,2.174,907.000,247720,339964,179940,30624,3.87,62.24
2026-07-22 10:21:41,150916.718750,A0DB8AF16E20,0002,male,C57BL/6,1.1.1,FR1_Approach,0,Status,216,272,112,140,0,0,,,,,Disabled,25.0,41.8,1001.9,8.5,2.182,906.000,247720,339964,179940,30761,3.88,62.10
2026-07-22 10:32:13,151550.500000,A0DB8AF16E20,0002,male,C57BL/6,1.1.1,FR1_Approach,0,Status,216,272,112,140,0,0,,,,,Disabled,24.9,43.1,1002.0,8.6,2.189,912.000,247720,339964,179940,30898,3.87,62.10
2026-07-22 10:42:46,152184.296875,A0DB8AF16E20,0002,male,C57BL/6,1.1.1,FR1_Approach,0,Status,216,272,112,140,0,0,,,,,Disabled,24.7,43.1,1002.2,8.7,2.192,908.000,247720,339964,179940,31035,3.88,62.10
2026-07-22 10:54:25,152884.218750,A0DB8AF16E20,0002,male,C57BL/6,1.1.1,FR1_Approach,0,Status,216,272,112,140,0,0,,,,,Disabled,24.8,41.8,1002.2,8.6,2.192,908.000,247720,339964,179940,31172,3.87,61.95
2026-07-22 11:04:58,153517.984375,A0DB8AF16E20,0002,male,C57BL/6,1.1.1,FR1_Approach,0,Status,216,272,112,140,0,0,,,,,Disabled,24.7,43.1,1002.3,8.6,2.196,913.000,247720,339964,179940,31309,3.87,61.95
2026-07-22 11:16:38,154218.828125,A0DB8AF16E20,0002,male,C57BL/6,1.1.1,FR1_Approach,0,Status,216,272,112,140,0,0,,,,,Disabled,24.8,41.7,1002.5,8.6,2.192,910.000,247720,339964,179940,31446,3.87,61.81
2026-07-22 11:27:11,154852.578125,A0DB8AF16E20,0002,male,C57BL/6,1.1.1,FR1_Approach,0,Status,216,272,112,140,0,0,,,,,Disabled,24.6,43.0,1002.6,8.6,2.138,876.000,247720,339964,179940,31583,3.88,61.81
2026-07-22 11:38:47,155549.421875,A0DB8AF16E20,0002,male,C57BL/6,1.1.1,FR1_Approach,0,Status,216,272,112,140,0,0,,,,,Disabled,24.7,41.7,1002.6,8.6,2.131,874.000,247720,339964,179940,31720,3.86,61.66
2026-07-22 11:49:20,156183.203125,A0DB8AF16E20,0002,male,C57BL/6,1.1.1,FR1_Approach,0,Status,216,272,112,140,0,0,,,,,Disabled,24.6,43.0,1002.8,8.8,2.138,878.000,247720,339964,179940,31857,3.87,61.66
2026-07-22 12:01:00,156884.109375,A0DB8AF16E20,0002,male,C57BL/6,1.1.1,FR1_Approach,0,Status,216,272,112,140,0,0,,,,,Disabled,24.7,41.6,1002.8,8.7,2.124,870.000,247720,339964,179940,31994,3.87,61.52
2026-07-22 12:11:33,157517.890625,A0DB8AF16E20,0002,male,C57BL/6,1.1.1,FR1_Approach,0,Status,216,272,112,140,0,0,,,,,Disabled,24.6,43.0,1002.9,8.7,2.124,872.000,247720,339964,179940,32131,3.87,61.52
2026-07-22 12:23:11,158216.750000,A0DB8AF16E20,0002,male,C57BL/6,1.1.1,FR1_Approach,0,Status,216,272,112,140,0,0,,,,,Disabled,24.7,41.6,1002.9,8.6,2.124,872.000,247720,339964,179940,32268,3.88,61.38
2026-07-22 12:33:44,158850.515625,A0DB8AF16E20,0002,male,C57BL/6,1.1.1,FR1_Approach,0,Status,216,272,112,140,0,0,,,,,Disabled,24.6,42.9,1003.0,8.8,2.131,877.000,247720,339964,179940,32405,3.88,61.38
2026-07-22 12:44:17,159484.281250,A0DB8AF16E20,0002,male,C57BL/6,1.1.1,FR1_Approach,0,Status,216,272,112,140,0,0,,,,,Disabled,24.4,43.0,1003.1,8.8,2.124,870.000,247720,339964,179940,32542,3.88,61.38
2026-07-22 12:52:10,159958.156250,A0DB8AF16E20,0002,male,C57BL/6,1.1.1,FR1_Approach,0,Left,216,273,112,140,0,0,,,,,,,,,,,,,,,,,,,,
2026-07-22 12:52:13,159960.359375,A0DB8AF16E20,0002,male,C57BL/6,1.1.1,FR1_Approach,0,Approach,216,273,112,140,0,0,,,,,,,,,,,,,,,,,,,,
2026-07-22 12:52:16,159963.453125,A0DB8AF16E20,0002,male,C57BL/6,1.1.1,FR1_Approach,0,PelletDrop,217,273,112,140,0,0,,,,,,,,,,,,,,,,,,,,
2026-07-22 12:52:17,159964.906250,A0DB8AF16E20,0002,male,C57BL/6,1.1.1,FR1_Approach,0,PelletNotDetected,217,273,112,140,0,0,,,,,,,,,,,,,,,,,,,,
2026-07-22 12:54:49,160117.406250,A0DB8AF16E20,0002,male,C57BL/6,1.1.1,FR1_Approach,0,Status,217,273,112,140,0,0,,,,,Disabled,24.4,43.0,1003.1,8.9,2.120,868.000,247720,339964,179940,32677,3.87,61.38
2026-07-22 13:05:22,160751.187500,A0DB8AF16E20,0002,male,C57BL/6,1.1.1,FR1_Approach,0,Status,217,273,112,140,0,0,,,,,Disabled,24.3,43.1,1003.1,8.9,2.117,864.000,247720,339964,179940,32814,3.87,61.38
2026-07-22 13:17:01,161450.843750,A0DB8AF16E20,0002,male,C57BL/6,1.1.1,FR1_Approach,0,Status,217,273,112,140,0,0,,,,,Disabled,24.5,41.6,1003.0,8.7,2.102,864.000,247720,339964,179940,32951,3.86,61.06
2026-07-22 13:28:37,162146.578125,A0DB8AF16E20,0002,male,C57BL/6,1.1.1,FR1_Approach,0,Status,217,273,112,140,0,0,,,,,Disabled,24.6,41.6,1002.9,8.6,2.102,869.000,247720,339964,179940,33088,3.86,61.06
2026-07-22 13:40:21,162852.531250,A0DB8AF16E20,0002,male,C57BL/6,1.1.1,FR1_Approach,0,Status,217,273,112,140,0,0,,,,,Disabled,24.7,41.4,1002.8,8.6,2.120,864.000,247720,339964,179940,33225,3.86,60.74
2026-07-22 13:52:00,163552.203125,A0DB8AF16E20,0002,male,C57BL/6,1.1.1,FR1_Approach,0,Status,217,273,112,140,0,0,,,,,Disabled,24.8,41.4,1002.8,8.5,2.110,864.000,247720,339964,179940,33362,3.86,60.43
2026-07-22 14:03:37,164250.062500,A0DB8AF16E20,0002,male,C57BL/6,1.1.1,FR1_Approach,0,Status,217,273,112,140,0,0,,,,,Disabled,24.9,41.4,1002.7,8.5,2.146,888.000,247720,339964,179940,33499,3.86,60.43
2026-07-22 14:15:15,164948.875000,A0DB8AF16E20,0002,male,C57BL/6,1.1.1,FR1_Approach,0,Status,217,273,112,140,0,0,,,,,Disabled,24.9,41.3,1002.7,8.5,2.138,886.000,247720,339964,179940,33636,3.85,60.11
2026-07-22 14:26:57,165651.671875,A0DB8AF16E20,0002,male,C57BL/6,1.1.1,FR1_Approach,0,Status,217,273,112,140,0,0,,,,,Disabled,24.9,41.2,1002.6,8.4,2.113,865.000,247720,339964,179940,33773,3.87,60.11
2026-07-22 14:38:37,166352.468750,A0DB8AF16E20,0002,male,C57BL/6,1.1.1,FR1_Approach,0,Status,217,273,112,140,0,0,,,,,Disabled,25.0,41.2,1002.6,8.5,2.095,858.000,247720,339964,179940,33910,3.86,59.79
2026-07-22 14:47:27,166883.875000,A0DB8AF16E20,0002,male,C57BL/6,1.1.1,FR1_Approach,0,Left,217,274,112,140,0,0,,,,,,,,,,,,,,,,,,,,
2026-07-22 14:47:29,166885.343750,A0DB8AF16E20,0002,male,C57BL/6,1.1.1,FR1_Approach,0,Approach,217,274,112,140,0,0,,,,,,,,,,,,,,,,,,,,
2026-07-22 14:47:34,166890.703125,A0DB8AF16E20,0002,male,C57BL/6,1.1.1,FR1_Approach,0,PelletDrop,218,274,112,140,0,0,,,,,,,,,,,,,,,,,,,,
2026-07-22 14:47:47,166903.343750,A0DB8AF16E20,0002,male,C57BL/6,1.1.1,FR1_Approach,0,PelletTaken,218,274,112,140,0,0,11.775,2002.000,0,3,,,,,,,,,,,,,,,,
2026-07-22 14:48:31,166947.578125,A0DB8AF16E20,0002,male,C57BL/6,1.1.1,FR1_Approach,0,Left,218,275,112,140,0,0,,,,,,,,,,,,,,,,,,,,
2026-07-22 14:48:33,166949.062500,A0DB8AF16E20,0002,male,C57BL/6,1.1.1,FR1_Approach,0,Approach,218,275,112,140,0,0,,,,,,,,,,,,,,,,,,,,
2026-07-22 14:48:38,166954.406250,A0DB8AF16E20,0002,male,C57BL/6,1.1.1,FR1_Approach,0,PelletDrop,219,275,112,140,0,0,,,,,,,,,,,,,,,,,,,,
2026-07-22 14:48:50,166966.156250,A0DB8AF16E20,0002,male,C57BL/6,1.1.1,FR1_Approach,0,PelletTaken,219,275,112,140,0,0,10.873,582.000,0,2,,,,,,,,,,,,,,,,
2026-07-22 14:50:53,167089.312500,A0DB8AF16E20,0002,male,C57BL/6,1.1.1,FR1_Approach,0,Status,219,275,112,140,0,0,,,,,Disabled,25.1,40.8,1002.5,8.4,2.279,962.000,247720,339964,179940,34042,3.86,59.79
2026-07-22 15:02:35,167792.187500,A0DB8AF16E20,0002,male,C57BL/6,1.1.1,FR1_Approach,0,Status,219,275,112,140,0,0,,,,,Disabled,25.1,41.2,1002.5,8.4,2.128,884.000,247720,339964,179940,34179,3.84,59.48
2026-07-22 15:14:11,168487.968750,A0DB8AF16E20,0002,male,C57BL/6,1.1.1,FR1_Approach,0,Status,219,275,112,140,0,0,,,,,Disabled,25.1,41.4,1002.5,8.3,2.124,886.000,247720,339964,179940,34316,3.86,59.48
2026-07-22 15:25:44,169182.781250,A0DB8AF16E20,0002,male,C57BL/6,1.1.1,FR1_Approach,0,Status,219,275,112,140,0,0,,,,,Disabled,25.1,41.5,1002.5,8.3,2.084,859.000,247720,339964,179940,34453,3.86,59.16
2026-07-22 15:37:25,169884.546875,A0DB8AF16E20,0002,male,C57BL/6,1.1.1,FR1_Approach,0,Status,219,275,112,140,0,0,,,,,Disabled,25.1,41.4,1002.5,8.3,2.135,889.000,247720,339964,179940,34590,3.85,59.16
2026-07-22 15:47:58,170518.312500,A0DB8AF16E20,0002,male,C57BL/6,1.1.1,FR1_Approach,0,Status,219,275,112,140,0,0,,,,,Disabled,24.8,42.9,1002.4,8.5,2.138,890.000,247720,339964,179940,34727,3.85,59.16
2026-07-22 15:59:55,171236.218750,A0DB8AF16E20,0002,male,C57BL/6,1.1.1,FR1_Approach,0,Status,219,275,112,140,0,0,,,,,Disabled,24.9,41.3,1002.3,8.4,2.088,861.000,247720,339964,179940,34864,3.86,58.84
2026-07-22 16:11:31,171933.046875,A0DB8AF16E20,0002,male,C57BL/6,1.1.1,FR1_Approach,0,Status,219,275,112,140,0,0,,,,,Disabled,24.9,41.6,1002.3,8.3,2.282,972.000,247720,339964,179940,35001,3.85,58.84
2026-07-22 16:23:12,172634.921875,A0DB8AF16E20,0002,male,C57BL/6,1.1.1,FR1_Approach,0,Status,219,275,112,140,0,0,,,,,Disabled,24.9,41.5,1002.2,8.3,2.117,882.000,247720,339964,179940,35138,3.85,58.53
2026-07-22 16:34:47,173330.625000,A0DB8AF16E20,0002,male,C57BL/6,1.1.1,FR1_Approach,0,Status,219,275,112,140,0,0,,,,,Disabled,24.9,41.7,1002.1,8.4,2.131,890.000,247720,339964,179940,35275,3.85,58.53
2026-07-22 16:38:32,173556.609375,A0DB8AF16E20,0002,male,C57BL/6,1.1.1,FR1_Approach,0,Left,219,276,112,140,0,0,,,,,,,,,,,,,,,,,,,,
2026-07-22 16:38:35,173559.656250,A0DB8AF16E20,0002,male,C57BL/6,1.1.1,FR1_Approach,0,No_approach,219,276,112,140,0,0,,,,,,,,,,,,,,,,,,,,
2026-07-22 16:38:54,173578.546875,A0DB8AF16E20,0002,male,C57BL/6,1.1.1,FR1_Approach,0,Left,219,277,112,140,0,0,,,,,,,,,,,,,,,,,,,,
2026-07-22 16:38:57,173581.609375,A0DB8AF16E20,0002,male,C57BL/6,1.1.1,FR1_Approach,0,No_approach,219,277,112,140,0,0,,,,,,,,,,,,,,,,,,,,
2026-07-22 16:39:08,173592.296875,A0DB8AF16E20,0002,male,C57BL/6,1.1.1,FR1_Approach,0,Left,219,278,112,140,0,0,,,,,,,,,,,,,,,,,,,,
2026-07-22 16:39:10,173594.031250,A0DB8AF16E20,0002,male,C57BL/6,1.1.1,FR1_Approach,0,Approach,219,278,112,140,0,0,,,,,,,,,,,,,,,,,,,,
2026-07-22 16:39:15,173599.359375,A0DB8AF16E20,0002,male,C57BL/6,1.1.1,FR1_Approach,0,PelletDrop,220,278,112,140,0,0,,,,,,,,,,,,,,,,,,,,
2026-07-22 16:39:28,173612.359375,A0DB8AF16E20,0002,male,C57BL/6,1.1.1,FR1_Approach,0,PelletTaken,220,278,112,140,0,0,12.127,2002.000,0,2,,,,,,,,,,,,,,,,
2026-07-22 16:40:35,173678.968750,A0DB8AF16E20,0002,male,C57BL/6,1.1.1,FR1_Approach,0,Left,220,279,112,140,0,0,,,,,,,,,,,,,,,,,,,,
2026-07-22 16:40:38,173682.062500,A0DB8AF16E20,0002,male,C57BL/6,1.1.1,FR1_Approach,0,No_approach,220,279,112,140,0,0,,,,,,,,,,,,,,,,,,,,
2026-07-22 16:40:44,173688.640625,A0DB8AF16E20,0002,male,C57BL/6,1.1.1,FR1_Approach,0,Left,220,280,112,140,0,0,,,,,,,,,,,,,,,,,,,,
2026-07-22 16:40:46,173690.109375,A0DB8AF16E20,0002,male,C57BL/6,1.1.1,FR1_Approach,0,Approach,220,280,112,140,0,0,,,,,,,,,,,,,,,,,,,,
2026-07-22 16:40:51,173695.453125,A0DB8AF16E20,0002,male,C57BL/6,1.1.1,FR1_Approach,0,PelletDrop,221,280,112,140,0,0,,,,,,,,,,,,,,,,,,,,
2026-07-22 16:41:05,173709.156250,A0DB8AF16E20,0002,male,C57BL/6,1.1.1,FR1_Approach,0,PelletTaken,221,280,112,140,0,0,12.820,2002.000,0,2,,,,,,,,,,,,,,,,
2026-07-22 16:46:27,174031.390625,A0DB8AF16E20,0002,male,C57BL/6,1.1.1,FR1_Approach,0,Status,221,280,112,140,0,0,,,,,Disabled,25.0,41.4,1002.1,8.4,2.117,882.000,247720,339964,179940,35399,3.85,58.21
2026-07-22 16:54:49,174534.343750,A0DB8AF16E20,0002,male,C57BL/6,1.1.1,FR1_Approach,0,Left,221,281,112,140,0,0,,,,,,,,,,,,,,,,,,,,
2026-07-22 16:54:51,174535.828125,A0DB8AF16E20,0002,male,C57BL/6,1.1.1,FR1_Approach,0,Approach,221,281,112,140,0,0,,,,,,,,,,,,,,,,,,,,
2026-07-22 16:54:54,174538.953125,A0DB8AF16E20,0002,male,C57BL/6,1.1.1,FR1_Approach,0,PelletDrop,222,281,112,140,0,0,,,,,,,,,,,,,,,,,,,,
2026-07-22 16:54:55,174540.421875,A0DB8AF16E20,0002,male,C57BL/6,1.1.1,FR1_Approach,0,PelletNotDetected,222,281,112,140,0,0,,,,,,,,,,,,,,,,,,,,
2026-07-22 16:58:04,174729.296875,A0DB8AF16E20,0002,male,C57BL/6,1.1.1,FR1_Approach,0,Status,222,281,112,140,0,0,,,,,Disabled,25.0,41.6,1002.1,8.3,2.095,876.000,247720,339964,179940,35534,3.85,57.89
2026-07-22 17:09:38,175423.031250,A0DB8AF16E20,0002,male,C57BL/6,1.1.1,FR1_Approach,0,Status,222,281,112,140,0,0,,,,,Disabled,25.0,41.8,1002.0,8.3,2.362,964.000,247720,339964,179940,35671,3.85,57.89
2026-07-22 17:21:17,176122.859375,A0DB8AF16E20,0002,male,C57BL/6,1.1.1,FR1_Approach,0,Status,222,281,112,140,0,0,,,,,Disabled,25.0,41.6,1002.0,8.3,2.354,965.000,247720,339964,179940,35808,3.85,57.58
2026-07-22 17:32:51,176818.640625,A0DB8AF16E20,0002,male,C57BL/6,1.1.1,FR1_Approach,0,Status,222,281,112,140,0,0,,,,,Disabled,25.0,41.7,1002.0,8.2,2.372,968.000,247720,339964,179940,35945,3.85,57.58
2026-07-22 17:44:29,177517.437500,A0DB8AF16E20,0002,male,C57BL/6,1.1.1,FR1_Approach,0,Status,222,281,112,140,0,0,,,,,Disabled,25.0,41.6,1002.1,8.4,2.369,966.000,247720,339964,179940,36082,3.85,57.26
2026-07-22 17:56:00,178209.296875,A0DB8AF16E20,0002,male,C57BL/6,1.1.1,FR1_Approach,0,Status,222,281,112,140,0,0,,,,,Disabled,25.1,41.7,1002.1,8.3,2.354,962.000,247720,339964,179940,36219,3.85,57.26
2026-07-22 17:59:24,178413.234375,A0DB8AF16E20,0002,male,C57BL/6,1.1.1,FR1_Approach,0,Left,222,282,112,140,0,0,,,,,,,,,,,,,,,,,,,,
2026-07-22 17:59:27,178416.296875,A0DB8AF16E20,0002,male,C57BL/6,1.1.1,FR1_Approach,0,No_approach,222,282,112,140,0,0,,,,,,,,,,,,,,,,,,,,
2026-07-22 17:59:29,178418.343750,A0DB8AF16E20,0002,male,C57BL/6,1.1.1,FR1_Approach,0,Left,222,283,112,140,0,0,,,,,,,,,,,,,,,,,,,,
2026-07-22 17:59:31,178420.328125,A0DB8AF16E20,0002,male,C57BL/6,1.1.1,FR1_Approach,0,Approach,222,283,112,140,0,0,,,,,,,,,,,,,,,,,,,,
2026-07-22 17:59:37,178426.109375,A0DB8AF16E20,0002,male,C57BL/6,1.1.1,FR1_Approach,0,PelletDrop,223,283,112,140,0,0,,,,,,,,,,,,,,,,,,,,
2026-07-22 17:59:50,178438.984375,A0DB8AF16E20,0002,male,C57BL/6,1.1.1,FR1_Approach,0,PelletTaken,223,283,112,140,0,0,12.017,217.000,0,3,,,,,,,,,,,,,,,,
2026-07-22 18:02:15,178584.718750,A0DB8AF16E20,0002,male,C57BL/6,1.1.1,FR1_Approach,0,Left,223,284,112,140,0,0,,,,,,,,,,,,,,,,,,,,
2026-07-22 18:02:17,178586.203125,A0DB8AF16E20,0002,male,C57BL/6,1.1.1,FR1_Approach,0,Approach,223,284,112,140,0,0,,,,,,,,,,,,,,,,,,,,
2026-07-22 18:02:24,178593.765625,A0DB8AF16E20,0002,male,C57BL/6,1.1.1,FR1_Approach,0,PelletDrop,224,284,112,140,0,0,,,,,,,,,,,,,,,,,,,,
2026-07-22 18:02:32,178601.812500,A0DB8AF16E20,0002,male,C57BL/6,1.1.1,FR1_Approach,0,PelletTaken,224,284,112,140,0,0,7.177,2002.000,0,3,,,,,,,,,,,,,,,,
2026-07-22 18:07:34,178904.046875,A0DB8AF16E20,0002,male,C57BL/6,1.1.1,FR1_Approach,0,Status,224,284,112,140,0,0,,,,,Disabled,25.1,41.5,1002.1,8.3,0.000,0.000,247720,339964,179940,36347,3.85,56.95
2026-07-22 18:19:14,179604.796875,A0DB8AF16E20,0002,male,C57BL/6,1.1.1,FR1_Approach,0,Status,224,284,112,140,0,0,,,,,Disabled,25.1,41.5,1002.2,8.3,0.000,0.000,247720,339964,179940,36484,3.85,56.95
2026-07-22 18:30:48,180299.687500,A0DB8AF16E20,0002,male,C57BL/6,1.1.1,FR1_Approach,0,Status,224,284,112,140,0,0,,,,,Disabled,25.2,41.6,1002.2,8.3,0.000,0.000,247720,339964,179940,36621,3.81,56.63
2026-07-22 18:41:21,180933.437500,A0DB8AF16E20,0002,male,C57BL/6,1.1.1,FR1_Approach,0,Status,224,284,112,140,0,0,,,,,Disabled,25.0,42.9,1002.2,8.4,0.000,0.000,247720,339964,179940,36758,3.84,56.63
2026-07-22 18:52:58,181631.312500,A0DB8AF16E20,0002,male,C57BL/6,1.1.1,FR1_Approach,0,Status,224,284,112,140,0,0,,,,,Disabled,25.0,41.5,1002.3,8.4,0.000,0.000,247720,339964,179940,36895,3.85,56.31
2026-07-22 18:56:20,181833.406250,A0DB8AF16E20,0002,male,C57BL/6,1.1.1,FR1_Approach,0,Left,224,285,112,140,0,0,,,,,,,,,,,,,,,,,,,,
2026-07-22 18:56:22,181835.140625,A0DB8AF16E20,0002,male,C57BL/6,1.1.1,FR1_Approach,0,Approach,224,285,112,140,0,0,,,,,,,,,,,,,,,,,,,,
2026-07-22 18:56:27,181840.484375,A0DB8AF16E20,0002,male,C57BL/6,1.1.1,FR1_Approach,0,PelletDrop,225,285,112,140,0,0,,,,,,,,,,,,,,,,,,,,
2026-07-22 18:56:40,181853.765625,A0DB8AF16E20,0002,male,C57BL/6,1.1.1,FR1_Approach,0,PelletTaken,225,285,112,140,0,0,12.424,772.000,0,2,,,,,,,,,,,,,,,,
2026-07-22 18:57:15,181888.765625,A0DB8AF16E20,0002,male,C57BL/6,1.1.1,FR1_Approach,0,Left,225,286,112,140,0,0,,,,,,,,,,,,,,,,,,,,
2026-07-22 18:57:17,181890.484375,A0DB8AF16E20,0002,male,C57BL/6,1.1.1,FR1_Approach,0,Approach,225,286,112,140,0,0,,,,,,,,,,,,,,,,,,,,
2026-07-22 18:57:22,181895.828125,A0DB8AF16E20,0002,male,C57BL/6,1.1.1,FR1_Approach,0,PelletDrop,226,286,112,140,0,0,,,,,,,,,,,,,,,,,,,,
2026-07-22 18:57:31,181904.843750,A0DB8AF16E20,0002,male,C57BL/6,1.1.1,FR1_Approach,0,PelletTaken,226,286,112,140,0,0,8.155,206.000,0,2,,,,,,,,,,,,,,,,
2026-07-22 18:58:02,181935.781250,A0DB8AF16E20,0002,male,C57BL/6,1.1.1,FR1_Approach,0,Left,226,287,112,140,0,0,,,,,,,,,,,,,,,,,,,,
2026-07-22 18:58:05,181937.984375,A0DB8AF16E20,0002,male,C57BL/6,1.1.1,FR1_Approach,0,Approach,226,287,112,140,0,0,,,,,,,,,,,,,,,,,,,,
2026-07-22 18:58:10,181943.328125,A0DB8AF16E20,0002,male,C57BL/6,1.1.1,FR1_Approach,0,PelletDrop,227,287,112,140,0,0,,,,,,,,,,,,,,,,,,,,
2026-07-22 18:58:20,181953.812500,A0DB8AF16E20,0002,male,C57BL/6,1.1.1,FR1_Approach,0,PelletTaken,227,287,112,140,0,0,9.607,21.000,0,2,,,,,,,,,,,,,,,,
2026-07-22 18:58:51,181984.375000,A0DB8AF16E20,0002,male,C57BL/6,1.1.1,FR1_Approach,0,Left,227,288,112,140,0,0,,,,,,,,,,,,,,,,,,,,
2026-07-22 18:58:52,181985.843750,A0DB8AF16E20,0002,male,C57BL/6,1.1.1,FR1_Approach,0,Approach,227,288,112,140,0,0,,,,,,,,,,,,,,,,,,,,
2026-07-22 18:58:58,181991.187500,A0DB8AF16E20,0002,male,C57BL/6,1.1.1,FR1_Approach,0,PelletDrop,228,288,112,140,0,0,,,,,,,,,,,,,,,,,,,,
2026-07-22 18:59:10,182003.812500,A0DB8AF16E20,0002,male,C57BL/6,1.1.1,FR1_Approach,0,PelletTaken,228,288,112,140,0,0,11.743,416.000,0,2,,,,,,,,,,,,,,,,
2026-07-22 18:59:36,182029.718750,A0DB8AF16E20,0002,male,C57BL/6,1.1.1,FR1_Approach,0,Left,228,289,112,140,0,0,,,,,,,,,,,,,,,,,,,,
2026-07-22 18:59:38,182031.187500,A0DB8AF16E20,0002,male,C57BL/6,1.1.1,FR1_Approach,0,Approach,228,289,112,140,0,0,,,,,,,,,,,,,,,,,,,,
2026-07-22 18:59:43,182036.984375,A0DB8AF16E20,0002,male,C57BL/6,1.1.1,FR1_Approach,0,PelletDrop,229,289,112,140,0,0,,,,,,,,,,,,,,,,,,,,
2026-07-22 18:59:56,182050.000000,A0DB8AF16E20,0002,male,C57BL/6,1.1.1,FR1_Approach,0,PelletTaken,229,289,112,140,0,0,12.138,457.000,0,2,,,,,,,,,,,,,,,,
2026-07-22 19:04:39,182333.000000,A0DB8AF16E20,0002,male,C57BL/6,1.1.1,FR1_Approach,0,Status,229,289,112,140,0,0,,,,,Disabled,25.1,41.1,1002.3,8.3,0.000,0.000,247720,339964,179940,37010,3.84,56.00
2026-07-22 19:16:15,183029.828125,A0DB8AF16E20,0002,male,C57BL/6,1.1.1,FR1_Approach,0,Status,229,289,112,140,0,0,,,,,Disabled,25.1,41.4,1002.3,8.3,0.000,0.000,247720,339964,179940,37148,3.84,56.00
2026-07-22 19:25:10,183565.765625,A0DB8AF16E20,0002,male,C57BL/6,1.1.1,FR1_Approach,0,Right,229,289,113,140,0,0,,,,,,,,,,,,,,,,,,,,
2026-07-22 19:25:15,183570.578125,A0DB8AF16E20,0002,male,C57BL/6,1.1.1,FR1_Approach,0,Left,229,290,113,140,0,0,,,,,,,,,,,,,,,,,,,,
2026-07-22 19:25:18,183573.515625,A0DB8AF16E20,0002,male,C57BL/6,1.1.1,FR1_Approach,0,Approach,229,290,113,140,0,0,,,,,,,,,,,,,,,,,,,,
2026-07-22 19:25:23,183578.812500,A0DB8AF16E20,0002,male,C57BL/6,1.1.1,FR1_Approach,0,PelletDrop,230,290,113,140,0,0,,,,,,,,,,,,,,,,,,,,
2026-07-22 19:25:31,183587.015625,A0DB8AF16E20,0002,male,C57BL/6,1.1.1,FR1_Approach,0,PelletTaken,230,290,113,140,0,0,7.309,244.000,0,2,,,,,,,,,,,,,,,,
2026-07-22 19:27:47,183722.656250,A0DB8AF16E20,0002,male,C57BL/6,1.1.1,FR1_Approach,0,Status,230,290,113,140,0,0,,,,,Disabled,25.2,41.4,1002.4,8.2,0.000,0.000,247720,339964,179940,37281,3.84,55.68
2026-07-22 19:34:54,184149.718750,A0DB8AF16E20,0002,male,C57BL/6,1.1.1,FR1_Approach,0,Left,230,291,113,140,0,0,,,,,,,,,,,,,,,,,,,,
2026-07-22 19:34:55,184151.218750,A0DB8AF16E20,0002,male,C57BL/6,1.1.1,FR1_Approach,0,Approach,230,291,113,140,0,0,,,,,,,,,,,,,,,,,,,,
2026-07-22 19:34:58,184154.281250,A0DB8AF16E20,0002,male,C57BL/6,1.1.1,FR1_Approach,0,PelletDrop,231,291,113,140,0,0,,,,,,,,,,,,,,,,,,,,
2026-07-22 19:35:00,184155.750000,A0DB8AF16E20,0002,male,C57BL/6,1.1.1,FR1_Approach,0,PelletNotDetected,231,291,113,140,0,0,,,,,,,,,,,,,,,,,,,,
2026-07-22 19:35:24,184179.953125,A0DB8AF16E20,0002,male,C57BL/6,1.1.1,FR1_Approach,0,Left,231,292,113,140,0,0,,,,,,,,,,,,,,,,,,,,
2026-07-22 19:35:25,184181.718750,A0DB8AF16E20,0002,male,C57BL/6,1.1.1,FR1_Approach,0,Approach,231,292,113,140,0,0,,,,,,,,,,,,,,,,,,,,
2026-07-22 19:35:31,184187.062500,A0DB8AF16E20,0002,male,C57BL/6,1.1.1,FR1_Approach,0,PelletDrop,232,292,113,140,0,0,,,,,,,,,,,,,,,,,,,,
2026-07-22 19:35:39,184194.812500,A0DB8AF16E20,0002,male,C57BL/6,1.1.1,FR1_Approach,0,PelletTaken,232,292,113,140,0,0,6.880,734.000,0,3,,,,,,,,,,,,,,,,
2026-07-22 19:39:25,184421.437500,A0DB8AF16E20,0002,male,C57BL/6,1.1.1,FR1_Approach,0,Status,232,292,113,140,0,0,,,,,Disabled,25.2,41.5,1002.5,8.4,0.000,0.000,247720,339964,179940,37414,3.84,55.68
2026-07-22 19:48:18,184955.093750,A0DB8AF16E20,0002,male,C57BL/6,1.1.1,FR1_Approach,0,Left,232,293,113,140,0,0,,,,,,,,,,,,,,,,,,,,
2026-07-22 19:48:19,184956.578125,A0DB8AF16E20,0002,male,C57BL/6,1.1.1,FR1_Approach,0,Approach,232,293,113,140,0,0,,,,,,,,,,,,,,,,,,,,
2026-07-22 19:48:25,184961.921875,A0DB8AF16E20,0002,male,C57BL/6,1.1.1,FR1_Approach,0,PelletDrop,233,293,113,140,0,0,,,,,,,,,,,,,,,,,,,,
2026-07-22 19:48:35,184972.171875,A0DB8AF16E20,0002,male,C57BL/6,1.1.1,FR1_Approach,0,PelletTaken,233,293,113,140,0,0,9.377,292.000,0,2,,,,,,,,,,,,,,,,
2026-07-22 19:49:03,185000.328125,A0DB8AF16E20,0002,male,C57BL/6,1.1.1,FR1_Approach,0,Left,233,294,113,140,0,0,,,,,,,,,,,,,,,,,,,,
2026-07-22 19:49:05,185002.046875,A0DB8AF16E20,0002,male,C57BL/6,1.1.1,FR1_Approach,0,Approach,233,294,113,140,0,0,,,,,,,,,,,,,,,,,,,,
2026-07-22 19:49:10,185007.390625,A0DB8AF16E20,0002,male,C57BL/6,1.1.1,FR1_Approach,0,PelletDrop,234,294,113,140,0,0,,,,,,,,,,,,,,,,,,,,
2026-07-22 19:49:19,185016.359375,A0DB8AF16E20,0002,male,C57BL/6,1.1.1,FR1_Approach,0,PelletTaken,234,294,113,140,0,0,8.100,167.000,0,2,,,,,,,,,,,,,,,,
2026-07-22 19:51:11,185128.187500,A0DB8AF16E20,0002,male,C57BL/6,1.1.1,FR1_Approach,0,Status,234,294,113,140,0,0,,,,,Disabled,25.2,41.3,1002.5,8.3,0.000,0.000,247720,339964,179940,37544,3.84,55.36
2026-07-22 19:53:35,185272.515625,A0DB8AF16E20,0002,male,C57BL/6,1.1.1,FR1_Approach,0,Right,234,294,114,140,0,0,,,,,,,,,,,,,,,,,,,,
2026-07-22 19:53:36,185273.640625,A0DB8AF16E20,0002,male,C57BL/6,1.1.1,FR1_Approach,0,Right,234,294,115,140,0,0,,,,,,,,,,,,,,,,,,,,
2026-07-22 20:02:56,185834.031250,A0DB8AF16E20,0002,male,C57BL/6,1.1.1,FR1_Approach,0,Status,234,294,115,140,0,0,,,,,Disabled,25.2,41.6,1002.7,8.3,0.000,0.000,247720,339964,179940,37682,3.84,55.36
2026-07-22 20:02:58,185835.828125,A0DB8AF16E20,0002,male,C57BL/6,1.1.1,FR1_Approach,0,Left,234,295,115,140,0,0,,,,,,,,,,,,,,,,,,,,
2026-07-22 20:03:00,185837.812500,A0DB8AF16E20,0002,male,C57BL/6,1.1.1,FR1_Approach,0,Approach,234,295,115,140,0,0,,,,,,,,,,,,,,,,,,,,
2026-07-22 20:03:05,185843.156250,A0DB8AF16E20,0002,male,C57BL/6,1.1.1,FR1_Approach,0,PelletDrop,235,295,115,140,0,0,,,,,,,,,,,,,,,,,,,,
2026-07-22 20:03:16,185853.578125,A0DB8AF16E20,0002,male,C57BL/6,1.1.1,FR1_Approach,0,PelletTaken,235,295,115,140,0,0,9.564,12.000,0,2,,,,,,,,,,,,,,,,
2026-07-22 20:14:36,186533.812500,A0DB8AF16E20,0002,male,C57BL/6,1.1.1,FR1_Approach,0,Status,235,295,115,140,0,0,,,,,Disabled,25.1,41.8,1002.8,8.3,0.000,0.000,247720,339964,179940,37815,3.84,55.05
2026-07-22 20:16:44,186662.765625,A0DB8AF16E20,0002,male,C57BL/6,1.1.1,FR1_Approach,0,Left,235,296,115,140,0,0,,,,,,,,,,,,,,,,,,,,
2026-07-22 20:16:46,186664.250000,A0DB8AF16E20,0002,male,C57BL/6,1.1.1,FR1_Approach,0,Approach,235,296,115,140,0,0,,,,,,,,,,,,,,,,,,,,
2026-07-22 20:16:54,186672.343750,A0DB8AF16E20,0002,male,C57BL/6,1.1.1,FR1_Approach,0,PelletDrop,236,296,115,140,0,0,,,,,,,,,,,,,,,,,,,,
2026-07-22 20:17:02,186680.984375,A0DB8AF16E20,0002,male,C57BL/6,1.1.1,FR1_Approach,0,PelletTaken,236,296,115,140,0,0,7.750,236.000,0,3,,,,,,,,,,,,,,,,
2026-07-22 20:17:56,186734.593750,A0DB8AF16E20,0002,male,C57BL/6,1.1.1,FR1_Approach,0,Left,236,297,115,140,0,0,,,,,,,,,,,,,,,,,,,,
2026-07-22 20:17:58,186736.062500,A0DB8AF16E20,0002,male,C57BL/6,1.1.1,FR1_Approach,0,Approach,236,297,115,140,0,0,,,,,,,,,,,,,,,,,,,,
2026-07-22 20:18:03,186741.421875,A0DB8AF16E20,0002,male,C57BL/6,1.1.1,FR1_Approach,0,PelletDrop,237,297,115,140,0,0,,,,,,,,,,,,,,,,,,,,
2026-07-22 20:18:12,186750.859375,A0DB8AF16E20,0002,male,C57BL/6,1.1.1,FR1_Approach,0,PelletTaken,237,297,115,140,0,0,8.563,32.000,0,2,,,,,,,,,,,,,,,,
2026-07-22 20:23:15,187053.843750,A0DB8AF16E20,0002,male,C57BL/6,1.1.1,FR1_Approach,0,Right,237,297,116,140,0,0,,,,,,,,,,,,,,,,,,,,
2026-07-22 20:23:17,187055.890625,A0DB8AF16E20,0002,male,C57BL/6,1.1.1,FR1_Approach,0,Right,237,297,117,140,0,0,,,,,,,,,,,,,,,,,,,,
2026-07-22 20:26:08,187226.687500,A0DB8AF16E20,0002,male,C57BL/6,1.1.1,FR1_Approach,0,Status,237,297,117,140,0,0,,,,,Disabled,25.1,41.9,1002.8,8.3,0.000,0.000,247720,339964,179940,37945,3.84,55.05
2026-07-22 20:30:10,187469.812500,A0DB8AF16E20,0002,male,C57BL/6,1.1.1,FR1_Approach,0,Right,237,297,118,140,0,0,,,,,,,,,,,,,,,,,,,,
2026-07-22 20:30:13,187472.781250,A0DB8AF16E20,0002,male,C57BL/6,1.1.1,FR1_Approach,0,Left,237,298,118,140,0,0,,,,,,,,,,,,,,,,,,,,
2026-07-22 20:30:15,187474.281250,A0DB8AF16E20,0002,male,C57BL/6,1.1.1,FR1_Approach,0,Approach,237,298,118,140,0,0,,,,,,,,,,,,,,,,,,,,
2026-07-22 20:30:20,187479.625000,A0DB8AF16E20,0002,male,C57BL/6,1.1.1,FR1_Approach,0,PelletDrop,238,298,118,140,0,0,,,,,,,,,,,,,,,,,,,,
2026-07-22 20:30:28,187487.843750,A0DB8AF16E20,0002,male,C57BL/6,1.1.1,FR1_Approach,0,PelletTaken,238,298,118,140,0,0,7.342,209.000,0,2,,,,,,,,,,,,,,,,
2026-07-22 20:30:52,187511.765625,A0DB8AF16E20,0002,male,C57BL/6,1.1.1,FR1_Approach,0,Left,238,299,118,140,0,0,,,,,,,,,,,,,,,,,,,,
2026-07-22 20:30:55,187514.828125,A0DB8AF16E20,0002,male,C57BL/6,1.1.1,FR1_Approach,0,No_approach,238,299,118,140,0,0,,,,,,,,,,,,,,,,,,,,
2026-07-22 20:30:58,187517.687500,A0DB8AF16E20,0002,male,C57BL/6,1.1.1,FR1_Approach,0,Left,238,300,118,140,0,0,,,,,,,,,,,,,,,,,,,,
2026-07-22 20:31:00,187519.156250,A0DB8AF16E20,0002,male,C57BL/6,1.1.1,FR1_Approach,0,Approach,238,300,118,140,0,0,,,,,,,,,,,,,,,,,,,,
2026-07-22 20:31:05,187524.500000,A0DB8AF16E20,0002,male,C57BL/6,1.1.1,FR1_Approach,0,PelletDrop,239,300,118,140,0,0,,,,,,,,,,,,,,,,,,,,
2026-07-22 20:31:11,187530.640625,A0DB8AF16E20,0002,male,C57BL/6,1.1.1,FR1_Approach,0,PelletTaken,239,300,118,140,0,0,5.252,516.000,0,2,,,,,,,,,,,,,,,,
2026-07-22 20:35:41,187801.140625,A0DB8AF16E20,0002,male,C57BL/6,1.1.1,FR1_Approach,0,Right,239,300,119,140,0,0,,,,,,,,,,,,,,,,,,,,
2026-07-22 20:37:47,187927.468750,A0DB8AF16E20,0002,male,C57BL/6,1.1.1,FR1_Approach,0,Status,239,300,119,140,0,0,,,,,Disabled,25.1,41.9,1002.8,8.2,0.000,0.000,247720,339964,179940,38077,3.84,54.73
2026-07-22 20:49:28,188629.312500,A0DB8AF16E20,0002,male,C57BL/6,1.1.1,FR1_Approach,0,Status,239,300,119,140,0,0,,,,,Disabled,25.1,42.0,1002.9,8.3,0.000,0.000,247720,339964,179940,38214,3.84,54.41
2026-07-22 20:53:19,188859.765625,A0DB8AF16E20,0002,male,C57BL/6,1.1.1,FR1_Approach,0,Left,239,301,119,140,0,0,,,,,,,,,,,,,,,,,,,,
2026-07-22 20:53:21,188861.734375,A0DB8AF16E20,0002,male,C57BL/6,1.1.1,FR1_Approach,0,Approach,239,301,119,140,0,0,,,,,,,,,,,,,,,,,,,,
2026-07-22 20:53:26,188867.078125,A0DB8AF16E20,0002,male,C57BL/6,1.1.1,FR1_Approach,0,PelletDrop,240,301,119,140,0,0,,,,,,,,,,,,,,,,,,,,
2026-07-22 20:53:35,188876.640625,A0DB8AF16E20,0002,male,C57BL/6,1.1.1,FR1_Approach,0,PelletTaken,240,301,119,140,0,0,8.684,1895.000,0,2,,,,,,,,,,,,,,,,
2026-07-22 20:54:06,188907.484375,A0DB8AF16E20,0002,male,C57BL/6,1.1.1,FR1_Approach,0,Left,240,302,119,140,0,0,,,,,,,,,,,,,,,,,,,,
2026-07-22 20:54:08,188909.203125,A0DB8AF16E20,0002,male,C57BL/6,1.1.1,FR1_Approach,0,Approach,240,302,119,140,0,0,,,,,,,,,,,,,,,,,,,,
2026-07-22 20:54:13,188914.562500,A0DB8AF16E20,0002,male,C57BL/6,1.1.1,FR1_Approach,0,PelletDrop,241,302,119,140,0,0,,,,,,,,,,,,,,,,,,,,
2026-07-22 20:54:24,188924.750000,A0DB8AF16E20,0002,male,C57BL/6,1.1.1,FR1_Approach,0,PelletTaken,241,302,119,140,0,0,9.322,1075.000,0,2,,,,,,,,,,,,,,,,
2026-07-22 20:58:18,189159.031250,A0DB8AF16E20,0002,male,C57BL/6,1.1.1,FR1_Approach,0,Right,241,302,120,140,0,0,,,,,,,,,,,,,,,,,,,,
2026-07-22 21:01:10,189332.093750,A0DB8AF16E20,0002,male,C57BL/6,1.1.1,FR1_Approach,0,Status,241,302,120,140,0,0,,,,,Disabled,25.1,42.0,1003.0,8.4,0.000,0.000,247720,339964,179940,38343,3.84,54.41
2026-07-22 21:07:15,189697.828125,A0DB8AF16E20,0002,male,C57BL/6,1.1.1,FR1_Approach,0,Left,241,303,120,140,0,0,,,,,,,,,,,,,,,,,,,,
2026-07-22 21:07:17,189700.031250,A0DB8AF16E20,0002,male,C57BL/6,1.1.1,FR1_Approach,0,Approach,241,303,120,140,0,0,,,,,,,,,,,,,,,,,,,,
2026-07-22 21:07:23,189705.375000,A0DB8AF16E20,0002,male,C57BL/6,1.1.1,FR1_Approach,0,PelletDrop,242,303,120,140,0,0,,,,,,,,,,,,,,,,,,,,
2026-07-22 21:07:30,189712.859375,A0DB8AF16E20,0002,male,C57BL/6,1.1.1,FR1_Approach,0,PelletTaken,242,303,120,140,0,0,6.606,110.000,0,2,,,,,,,,,,,,,,,,
2026-07-22 21:08:51,189793.468750,A0DB8AF16E20,0002,male,C57BL/6,1.1.1,FR1_Approach,0,Left,242,304,120,140,0,0,,,,,,,,,,,,,,,,,,,,
2026-07-22 21:08:52,189794.937500,A0DB8AF16E20,0002,male,C57BL/6,1.1.1,FR1_Approach,0,Approach,242,304,120,140,0,0,,,,,,,,,,,,,,,,,,,,
2026-07-22 21:08:57,189800.281250,A0DB8AF16E20,0002,male,C57BL/6,1.1.1,FR1_Approach,0,PelletDrop,243,304,120,140,0,0,,,,,,,,,,,,,,,,,,,,
2026-07-22 21:09:08,189810.796875,A0DB8AF16E20,0002,male,C57BL/6,1.1.1,FR1_Approach,0,PelletTaken,243,304,120,140,0,0,9.630,248.000,0,2,,,,,,,,,,,,,,,,
2026-07-22 21:12:50,190032.812500,A0DB8AF16E20,0002,male,C57BL/6,1.1.1,FR1_Approach,0,Status,243,304,120,140,0,0,,,,,Disabled,25.1,41.9,1003.1,8.3,0.000,0.000,247720,339964,179940,38473,3.84,53.78
2026-07-22 21:16:23,190246.078125,A0DB8AF16E20,0002,male,C57BL/6,1.1.1,FR1_Approach,0,Left,243,305,120,140,0,0,,,,,,,,,,,,,,,,,,,,
2026-07-22 21:16:25,190248.062500,A0DB8AF16E20,0002,male,C57BL/6,1.1.1,FR1_Approach,0,Approach,243,305,120,140,0,0,,,,,,,,,,,,,,,,,,,,
2026-07-22 21:16:31,190253.890625,A0DB8AF16E20,0002,male,C57BL/6,1.1.1,FR1_Approach,0,PelletDrop,244,305,120,140,0,0,,,,,,,,,,,,,,,,,,,,
2026-07-22 21:16:38,190261.625000,A0DB8AF16E20,0002,male,C57BL/6,1.1.1,FR1_Approach,0,PelletTaken,244,305,120,140,0,0,6.869,13.000,0,2,,,,,,,,,,,,,,,,
2026-07-22 21:23:20,190663.531250,A0DB8AF16E20,0002,male,C57BL/6,1.1.1,FR1_Approach,0,Status,244,305,120,140,0,0,,,,,Disabled,24.9,43.4,1003.2,8.4,0.000,0.000,247720,339964,179940,38606,3.85,53.78
2026-07-22 21:23:25,190669.234375,A0DB8AF16E20,0002,male,C57BL/6,1.1.1,FR1_Approach,0,Left,244,306,120,140,0,0,,,,,,,,,,,,,,,,,,,,
2026-07-22 21:23:27,190670.703125,A0DB8AF16E20,0002,male,C57BL/6,1.1.1,FR1_Approach,0,Approach,244,306,120,140,0,0,,,,,,,,,,,,,,,,,,,,
2026-07-22 21:23:30,190673.781250,A0DB8AF16E20,0002,male,C57BL/6,1.1.1,FR1_Approach,0,PelletDrop,245,306,120,140,0,0,,,,,,,,,,,,,,,,,,,,
2026-07-22 21:23:31,190675.265625,A0DB8AF16E20,0002,male,C57BL/6,1.1.1,FR1_Approach,0,PelletNotDetected,245,306,120,140,0,0,,,,,,,,,,,,,,,,,,,,
2026-07-22 21:24:07,190711.000000,A0DB8AF16E20,0002,male,C57BL/6,1.1.1,FR1_Approach,0,Left,245,307,120,140,0,0,,,,,,,,,,,,,,,,,,,,
2026-07-22 21:24:09,190712.468750,A0DB8AF16E20,0002,male,C57BL/6,1.1.1,FR1_Approach,0,Approach,245,307,120,140,0,0,,,,,,,,,,,,,,,,,,,,
2026-07-22 21:24:14,190717.812500,A0DB8AF16E20,0002,male,C57BL/6,1.1.1,FR1_Approach,0,PelletDrop,246,307,120,140,0,0,,,,,,,,,,,,,,,,,,,,
2026-07-22 21:24:23,190726.906250,A0DB8AF16E20,0002,male,C57BL/6,1.1.1,FR1_Approach,0,PelletTaken,246,307,120,140,0,0,8.211,157.000,0,3,,,,,,,,,,,,,,,,
2026-07-22 21:24:50,190753.546875,A0DB8AF16E20,0002,male,C57BL/6,1.1.1,FR1_Approach,0,Left,246,308,120,140,0,0,,,,,,,,,,,,,,,,,,,,
2026-07-22 21:24:51,190755.015625,A0DB8AF16E20,0002,male,C57BL/6,1.1.1,FR1_Approach,0,Approach,246,308,120,140,0,0,,,,,,,,,,,,,,,,,,,,
2026-07-22 21:24:56,190760.375000,A0DB8AF16E20,0002,male,C57BL/6,1.1.1,FR1_Approach,0,PelletDrop,247,308,120,140,0,0,,,,,,,,,,,,,,,,,,,,
2026-07-22 21:25:08,190771.781250,A0DB8AF16E20,0002,male,C57BL/6,1.1.1,FR1_Approach,0,PelletTaken,247,308,120,140,0,0,10.542,225.000,0,2,,,,,,,,,,,,,,,,
2026-07-22 21:35:01,191365.421875,A0DB8AF16E20,0002,male,C57BL/6,1.1.1,FR1_Approach,0,Status,247,308,120,140,0,0,,,,,Disabled,24.9,42.1,1003.4,8.4,0.000,0.000,247720,339964,179940,38733,3.83,53.78
2026-07-22 21:37:53,191538.000000,A0DB8AF16E20,0002,male,C57BL/6,1.1.1,FR1_Approach,0,Right,247,308,121,140,0,0,,,,,,,,,,,,,,,,,,,,
2026-07-22 21:39:23,191627.906250,A0DB8AF16E20,0002,male,C57BL/6,1.1.1,FR1_Approach,0,Left,247,309,121,140,0,0,,,,,,,,,,,,,,,,,,,,
2026-07-22 21:39:25,191630.359375,A0DB8AF16E20,0002,male,C57BL/6,1.1.1,FR1_Approach,0,Approach,247,309,121,140,0,0,,,,,,,,,,,,,,,,,,,,
2026-07-22 21:39:31,191635.687500,A0DB8AF16E20,0002,male,C57BL/6,1.1.1,FR1_Approach,0,PelletDrop,248,309,121,140,0,0,,,,,,,,,,,,,,,,,,,,
2026-07-22 21:39:38,191643.343750,A0DB8AF16E20,0002,male,C57BL/6,1.1.1,FR1_Approach,0,PelletTaken,248,309,121,140,0,0,6.770,424.000,0,2,,,,,,,,,,,,,,,,
2026-07-22 21:44:49,191954.625000,A0DB8AF16E20,0002,male,C57BL/6,1.1.1,FR1_Approach,0,Right,248,309,122,140,0,0,,,,,,,,,,,,,,,,,,,,
2026-07-22 21:46:45,192070.203125,A0DB8AF16E20,0002,male,C57BL/6,1.1.1,FR1_Approach,0,Status,248,309,122,140,0,0,,,,,Disabled,25.0,42.0,1003.5,8.4,0.000,0.000,247720,339964,179940,38867,3.83,53.78
2026-07-22 21:48:30,192175.593750,A0DB8AF16E20,0002,male,C57BL/6,1.1.1,FR1_Approach,0,Left,248,310,122,140,0,0,,,,,,,,,,,,,,,,,,,,
2026-07-22 21:48:31,192177.062500,A0DB8AF16E20,0002,male,C57BL/6,1.1.1,FR1_Approach,0,Approach,248,310,122,140,0,0,,,,,,,,,,,,,,,,,,,,
2026-07-22 21:48:37,192182.406250,A0DB8AF16E20,0002,male,C57BL/6,1.1.1,FR1_Approach,0,PelletDrop,249,310,122,140,0,0,,,,,,,,,,,,,,,,,,,,
2026-07-22 21:48:46,192191.687500,A0DB8AF16E20,0002,male,C57BL/6,1.1.1,FR1_Approach,0,PelletTaken,249,310,122,140,0,0,8.420,214.000,0,2,,,,,,,,,,,,,,,,
2026-07-22 21:58:29,192775.093750,A0DB8AF16E20,0002,male,C57BL/6,1.1.1,FR1_Approach,0,Status,249,310,122,140,0,0,,,,,Disabled,25.0,41.9,1003.6,8.4,0.000,0.000,247720,339964,179940,39000,3.83,53.46
2026-07-22 22:10:15,193481.843750,A0DB8AF16E20,0002,male,C57BL/6,1.1.1,FR1_Approach,0,Status,249,310,122,140,0,0,,,,,Disabled,25.1,41.8,1003.7,8.4,0.000,0.000,247720,339964,179940,39137,3.83,53.08
2026-07-22 22:16:05,193832.656250,A0DB8AF16E20,0002,male,C57BL/6,1.1.1,FR1_Approach,0,Left,249,311,122,140,0,0,,,,,,,,,,,,,,,,,,,,
2026-07-22 22:16:07,193834.140625,A0DB8AF16E20,0002,male,C57BL/6,1.1.1,FR1_Approach,0,Approach,249,311,122,140,0,0,,,,,,,,,,,,,,,,,,,,
2026-07-22 22:16:12,193839.484375,A0DB8AF16E20,0002,male,C57BL/6,1.1.1,FR1_Approach,0,PelletDrop,250,311,122,140,0,0,,,,,,,,,,,,,,,,,,,,
2026-07-22 22:16:22,193848.984375,A0DB8AF16E20,0002,male,C57BL/6,1.1.1,FR1_Approach,0,PelletTaken,250,311,122,140,0,0,8.629,302.000,0,2,,,,,,,,,,,,,,,,
2026-07-22 22:16:55,193881.921875,A0DB8AF16E20,0002,male,C57BL/6,1.1.1,FR1_Approach,0,Left,250,312,122,140,0,0,,,,,,,,,,,,,,,,,,,,
2026-07-22 22:16:56,193883.406250,A0DB8AF16E20,0002,male,C57BL/6,1.1.1,FR1_Approach,0,Approach,250,312,122,140,0,0,,,,,,,,,,,,,,,,,,,,
2026-07-22 22:17:01,193888.750000,A0DB8AF16E20,0002,male,C57BL/6,1.1.1,FR1_Approach,0,PelletDrop,251,312,122,140,0,0,,,,,,,,,,,,,,,,,,,,
2026-07-22 22:17:11,193898.640625,A0DB8AF16E20,0002,male,C57BL/6,1.1.1,FR1_Approach,0,PelletTaken,251,312,122,140,0,0,9.024,2001.000,0,2,,,,,,,,,,,,,,,,
2026-07-22 22:18:06,193953.562500,A0DB8AF16E20,0002,male,C57BL/6,1.1.1,FR1_Approach,0,Left,251,313,122,140,0,0,,,,,,,,,,,,,,,,,,,,
2026-07-22 22:18:08,193955.031250,A0DB8AF16E20,0002,male,C57BL/6,1.1.1,FR1_Approach,0,Approach,251,313,122,140,0,0,,,,,,,,,,,,,,,,,,,,
2026-07-22 22:18:13,193960.375000,A0DB8AF16E20,0002,male,C57BL/6,1.1.1,FR1_Approach,0,PelletDrop,252,313,122,140,0,0,,,,,,,,,,,,,,,,,,,,
2026-07-22 22:18:23,193970.781250,A0DB8AF16E20,0002,male,C57BL/6,1.1.1,FR1_Approach,0,PelletTaken,252,313,122,140,0,0,9.530,2001.000,0,2,,,,,,,,,,,,,,,,
2026-07-22 22:19:13,194020.000000,A0DB8AF16E20,0002,male,C57BL/6,1.1.1,FR1_Approach,0,Left,252,314,122,140,0,0,,,,,,,,,,,,,,,,,,,,
2026-07-22 22:19:14,194021.718750,A0DB8AF16E20,0002,male,C57BL/6,1.1.1,FR1_Approach,0,Approach,252,314,122,140,0,0,,,,,,,,,,,,,,,,,,,,
2026-07-22 22:19:18,194025.218750,A0DB8AF16E20,0002,male,C57BL/6,1.1.1,FR1_Approach,0,PelletDrop,253,314,122,140,0,0,,,,,,,,,,,,,,,,,,,,
2026-07-22 22:19:19,194026.687500,A0DB8AF16E20,0002,male,C57BL/6,1.1.1,FR1_Approach,0,PelletNotDetected,253,314,122,140,0,0,,,,,,,,,,,,,,,,,,,,
2026-07-22 22:21:53,194180.687500,A0DB8AF16E20,0002,male,C57BL/6,1.1.1,FR1_Approach,0,Status,253,314,122,140,0,0,,,,,Disabled,25.2,41.5,1003.8,8.3,0.000,0.000,247720,339964,179940,39259,3.83,53.08
2026-07-22 22:33:41,194889.515625,A0DB8AF16E20,0002,male,C57BL/6,1.1.1,FR1_Approach,0,Status,253,314,122,140,0,0,,,,,Disabled,25.2,41.5,1003.8,8.3,0.000,0.000,247720,339964,179940,39396,3.83,52.70
2026-07-22 22:38:37,195185.390625,A0DB8AF16E20,0002,male,C57BL/6,1.1.1,FR1_Approach,0,Left,253,315,122,140,0,0,,,,,,,,,,,,,,,,,,,,
2026-07-22 22:38:38,195186.859375,A0DB8AF16E20,0002,male,C57BL/6,1.1.1,FR1_Approach,0,Approach,253,315,122,140,0,0,,,,,,,,,,,,,,,,,,,,
2026-07-22 22:38:41,195190.125000,A0DB8AF16E20,0002,male,C57BL/6,1.1.1,FR1_Approach,0,PelletDrop,254,315,122,140,0,0,,,,,,,,,,,,,,,,,,,,
2026-07-22 22:38:43,195191.593750,A0DB8AF16E20,0002,male,C57BL/6,1.1.1,FR1_Approach,0,PelletNotDetected,254,315,122,140,0,0,,,,,,,,,,,,,,,,,,,,
2026-07-22 22:45:20,195589.328125,A0DB8AF16E20,0002,male,C57BL/6,1.1.1,FR1_Approach,0,Status,254,315,122,140,0,0,,,,,Disabled,25.2,41.7,1003.9,8.3,0.000,0.000,247720,339964,179940,39532,3.83,52.31
2026-07-22 22:51:27,195955.953125,A0DB8AF16E20,0002,male,C57BL/6,1.1.1,FR1_Approach,0,Center,254,315,122,141,0,0,,,,,,,,,,,,,,,,,,,,
2026-07-22 22:51:56,195985.921875,A0DB8AF16E20,0002,male,C57BL/6,1.1.1,FR1_Approach,0,Center,254,315,122,142,0,0,,,,,,,,,,,,,,,,,,,,
2026-07-22 22:52:03,195992.640625,A0DB8AF16E20,0002,male,C57BL/6,1.1.1,FR1_Approach,0,Right,254,315,123,142,0,0,,,,,,,,,,,,,,,,,,,,
2026-07-22 22:52:11,196000.015625,A0DB8AF16E20,0002,male,C57BL/6,1.1.1,FR1_Approach,0,Left,254,316,123,142,0,0,,,,,,,,,,,,,,,,,,,,
2026-07-22 22:52:12,196001.484375,A0DB8AF16E20,0002,male,C57BL/6,1.1.1,FR1_Approach,0,Approach,254,316,123,142,0,0,,,,,,,,,,,,,,,,,,,,
2026-07-22 22:52:15,196004.484375,A0DB8AF16E20,0002,male,C57BL/6,1.1.1,FR1_Approach,0,PelletDrop,255,316,123,142,0,0,,,,,,,,,,,,,,,,,,,,
2026-07-22 22:52:16,196005.953125,A0DB8AF16E20,0002,male,C57BL/6,1.1.1,FR1_Approach,0,PelletNotDetected,255,316,123,142,0,0,,,,,,,,,,,,,,,,,,,,
2026-07-22 22:52:46,196035.109375,A0DB8AF16E20,0002,male,C57BL/6,1.1.1,FR1_Approach,0,Left,255,317,123,142,0,0,,,,,,,,,,,,,,,,,,,,
2026-07-22 22:52:47,196036.578125,A0DB8AF16E20,0002,male,C57BL/6,1.1.1,FR1_Approach,0,Approach,255,317,123,142,0,0,,,,,,,,,,,,,,,,,,,,
2026-07-22 22:52:54,196043.359375,A0DB8AF16E20,0002,male,C57BL/6,1.1.1,FR1_Approach,0,PelletDrop,256,317,123,142,0,0,,,,,,,,,,,,,,,,,,,,
2026-07-22 22:52:55,196044.828125,A0DB8AF16E20,0002,male,C57BL/6,1.1.1,FR1_Approach,0,PelletNotDetected,256,317,123,142,0,0,,,,,,,,,,,,,,,,,,,,
2026-07-22 22:53:27,196076.625000,A0DB8AF16E20,0002,male,C57BL/6,1.1.1,FR1_Approach,0,Left,256,318,123,142,0,0,,,,,,,,,,,,,,,,,,,,
2026-07-22 22:53:29,196078.093750,A0DB8AF16E20,0002,male,C57BL/6,1.1.1,FR1_Approach,0,Approach,256,318,123,142,0,0,,,,,,,,,,,,,,,,,,,,
2026-07-22 22:53:34,196083.875000,A0DB8AF16E20,0002,male,C57BL/6,1.1.1,FR1_Approach,0,PelletDrop,257,318,123,142,0,0,,,,,,,,,,,,,,,,,,,,
2026-07-22 22:53:45,196094.421875,A0DB8AF16E20,0002,male,C57BL/6,1.1.1,FR1_Approach,0,PelletTaken,257,318,123,142,0,0,9.663,418.000,0,7,,,,,,,,,,,,,,,,
2026-07-22 22:57:03,196293.062500,A0DB8AF16E20,0002,male,C57BL/6,1.1.1,FR1_Approach,0,Status,257,318,123,142,0,0,,,,,Disabled,25.2,41.4,1004.0,8.3,0.000,0.000,247720,339964,179940,39662,3.83,52.31
2026-07-22 23:03:54,196704.234375,A0DB8AF16E20,0002,male,C57BL/6,1.1.1,FR1_Approach,0,Left,257,319,123,142,0,0,,,,,,,,,,,,,,,,,,,,
2026-07-22 23:03:55,196705.734375,A0DB8AF16E20,0002,male,C57BL/6,1.1.1,FR1_Approach,0,Approach,257,319,123,142,0,0,,,,,,,,,,,,,,,,,,,,
2026-07-22 23:04:01,196711.078125,A0DB8AF16E20,0002,male,C57BL/6,1.1.1,FR1_Approach,0,PelletDrop,258,319,123,142,0,0,,,,,,,,,,,,,,,,,,,,
2026-07-22 23:04:12,196722.453125,A0DB8AF16E20,0002,male,C57BL/6,1.1.1,FR1_Approach,0,PelletTaken,258,319,123,142,0,0,10.511,1542.000,0,2,,,,,,,,,,,,,,,,
2026-07-22 23:08:53,197003.890625,A0DB8AF16E20,0002,male,C57BL/6,1.1.1,FR1_Approach,0,Status,258,319,123,142,0,0,,,,,Disabled,25.3,41.4,1004.0,8.3,0.000,0.000,247720,339964,179940,39795,3.83,51.93
2026-07-22 23:10:36,197106.625000,A0DB8AF16E20,0002,male,C57BL/6,1.1.1,FR1_Approach,0,Right,258,319,124,142,0,0,,,,,,,,,,,,,,,,,,,,
2026-07-22 23:10:38,197108.281250,A0DB8AF16E20,0002,male,C57BL/6,1.1.1,FR1_Approach,0,Right,258,319,125,142,0,0,,,,,,,,,,,,,,,,,,,,
2026-07-22 23:11:25,197156.234375,A0DB8AF16E20,0002,male,C57BL/6,1.1.1,FR1_Approach,0,Left,258,320,125,142,0,0,,,,,,,,,,,,,,,,,,,,
2026-07-22 23:11:28,197158.468750,A0DB8AF16E20,0002,male,C57BL/6,1.1.1,FR1_Approach,0,Approach,258,320,125,142,0,0,,,,,,,,,,,,,,,,,,,,
2026-07-22 23:11:33,197163.796875,A0DB8AF16E20,0002,male,C57BL/6,1.1.1,FR1_Approach,0,PelletDrop,259,320,125,142,0,0,,,,,,,,,,,,,,,,,,,,
2026-07-22 23:11:43,197173.500000,A0DB8AF16E20,0002,male,C57BL/6,1.1.1,FR1_Approach,0,PelletTaken,259,320,125,142,0,0,8.826,244.000,0,2,,,,,,,,,,,,,,,,
2026-07-22 23:20:34,197705.656250,A0DB8AF16E20,0002,male,C57BL/6,1.1.1,FR1_Approach,0,Status,259,320,125,142,0,0,,,,,Disabled,25.3,41.7,1004.0,8.3,0.000,0.000,247720,339964,179940,39929,3.83,51.93
2026-07-22 23:21:24,197756.156250,A0DB8AF16E20,0002,male,C57BL/6,1.1.1,FR1_Approach,0,Center,259,320,125,143,0,0,,,,,,,,,,,,,,,,,,,,
2026-07-22 23:21:36,197767.718750,A0DB8AF16E20,0002,male,C57BL/6,1.1.1,FR1_Approach,0,Center,259,320,125,144,0,0,,,,,,,,,,,,,,,,,,,,
2026-07-22 23:21:38,197769.375000,A0DB8AF16E20,0002,male,C57BL/6,1.1.1,FR1_Approach,0,Center,259,320,125,145,0,0,,,,,,,,,,,,,,,,,,,,
2026-07-22 23:21:44,197775.437500,A0DB8AF16E20,0002,male,C57BL/6,1.1.1,FR1_Approach,0,Center,259,320,125,146,0,0,,,,,,,,,,,,,,,,,,,,
2026-07-22 23:21:49,197781.296875,A0DB8AF16E20,0002,male,C57BL/6,1.1.1,FR1_Approach,0,Center,259,320,125,147,0,0,,,,,,,,,,,,,,,,,,,,
2026-07-22 23:21:53,197785.015625,A0DB8AF16E20,0002,male,C57BL/6,1.1.1,FR1_Approach,0,Center,259,320,125,148,0,0,,,,,,,,,,,,,,,,,,,,
2026-07-22 23:21:55,197787.328125,A0DB8AF16E20,0002,male,C57BL/6,1.1.1,FR1_Approach,0,Left,259,321,125,148,0,0,,,,,,,,,,,,,,,,,,,,
2026-07-22 23:21:57,197789.312500,A0DB8AF16E20,0002,male,C57BL/6,1.1.1,FR1_Approach,0,Approach,259,321,125,148,0,0,,,,,,,,,,,,,,,,,,,,
2026-07-22 23:22:03,197794.640625,A0DB8AF16E20,0002,male,C57BL/6,1.1.1,FR1_Approach,0,PelletDrop,260,321,125,148,0,0,,,,,,,,,,,,,,,,,,,,
2026-07-22 23:22:10,197801.843750,A0DB8AF16E20,0002,male,C57BL/6,1.1.1,FR1_Approach,0,PelletTaken,260,321,125,148,0,0,6.330,41.000,0,2,,,,,,,,,,,,,,,,
2026-07-22 23:22:35,197827.000000,A0DB8AF16E20,0002,male,C57BL/6,1.1.1,FR1_Approach,0,Center,260,321,125,149,0,0,,,,,,,,,,,,,,,,,,,,
2026-07-22 23:22:39,197831.203125,A0DB8AF16E20,0002,male,C57BL/6,1.1.1,FR1_Approach,0,Center,260,321,125,150,0,0,,,,,,,,,,,,,,,,,,,,
2026-07-22 23:22:41,197833.218750,A0DB8AF16E20,0002,male,C57BL/6,1.1.1,FR1_Approach,0,Center,260,321,125,151,0,0,,,,,,,,,,,,,,,,,,,,
2026-07-22 23:22:45,197837.250000,A0DB8AF16E20,0002,male,C57BL/6,1.1.1,FR1_Approach,0,Center,260,321,125,152,0,0,,,,,,,,,,,,,,,,,,,,
2026-07-22 23:22:48,197839.750000,A0DB8AF16E20,0002,male,C57BL/6,1.1.1,FR1_Approach,0,Right,260,321,126,152,0,0,,,,,,,,,,,,,,,,,,,,
2026-07-22 23:22:56,197848.203125,A0DB8AF16E20,0002,male,C57BL/6,1.1.1,FR1_Approach,0,Center,260,321,126,153,0,0,,,,,,,,,,,,,,,,,,,,
2026-07-22 23:22:58,197849.765625,A0DB8AF16E20,0002,male,C57BL/6,1.1.1,FR1_Approach,0,Center,260,321,126,154,0,0,,,,,,,,,,,,,,,,,,,,
2026-07-22 23:23:01,197853.109375,A0DB8AF16E20,0002,male,C57BL/6,1.1.1,FR1_Approach,0,Center,260,321,126,155,0,0,,,,,,,,,,,,,,,,,,,,
2026-07-22 23:23:03,197854.953125,A0DB8AF16E20,0002,male,C57BL/6,1.1.1,FR1_Approach,0,Center,260,321,126,156,0,0,,,,,,,,,,,,,,,,,,,,
2026-07-22 23:23:05,197856.703125,A0DB8AF16E20,0002,male,C57BL/6,1.1.1,FR1_Approach,0,Right,260,321,127,156,0,0,,,,,,,,,,,,,,,,,,,,
2026-07-22 23:23:07,197858.859375,A0DB8AF16E20,0002,male,C57BL/6,1.1.1,FR1_Approach,0,Left,260,322,127,156,0,0,,,,,,,,,,,,,,,,,,,,
2026-07-22 23:23:08,197860.343750,A0DB8AF16E20,0002,male,C57BL/6,1.1.1,FR1_Approach,0,Approach,260,322,127,156,0,0,,,,,,,,,,,,,,,,,,,,
2026-07-22 23:23:14,197865.687500,A0DB8AF16E20,0002,male,C57BL/6,1.1.1,FR1_Approach,0,PelletDrop,261,322,127,156,0,0,,,,,,,,,,,,,,,,,,,,
2026-07-22 23:23:19,197871.406250,A0DB8AF16E20,0002,male,C57BL/6,1.1.1,FR1_Approach,0,PelletTaken,261,322,127,156,0,0,4.844,128.000,0,2,,,,,,,,,,,,,,,,
2026-07-22 23:23:48,197899.546875,A0DB8AF16E20,0002,male,C57BL/6,1.1.1,FR1_Approach,0,Left,261,323,127,156,0,0,,,,,,,,,,,,,,,,,,,,
2026-07-22 23:23:49,197901.031250,A0DB8AF16E20,0002,male,C57BL/6,1.1.1,FR1_Approach,0,Approach,261,323,127,156,0,0,,,,,,,,,,,,,,,,,,,,
2026-07-22 23:23:54,197906.390625,A0DB8AF16E20,0002,male,C57BL/6,1.1.1,FR1_Approach,0,PelletDrop,262,323,127,156,0,0,,,,,,,,,,,,,,,,,,,,
2026-07-22 23:24:03,197915.031250,A0DB8AF16E20,0002,male,C57BL/6,1.1.1,FR1_Approach,0,PelletTaken,262,323,127,156,0,0,7.782,13.000,0,2,,,,,,,,,,,,,,,,
2026-07-22 23:32:17,198409.421875,A0DB8AF16E20,0002,male,C57BL/6,1.1.1,FR1_Approach,0,Status,262,323,127,156,0,0,,,,,Disabled,25.3,41.8,1004.0,8.3,0.000,0.000,247720,339964,179940,40066,3.84,51.55
2026-07-22 23:38:06,198758.984375,A0DB8AF16E20,0002,male,C57BL/6,1.1.1,FR1_Approach,0,Right,262,323,128,156,0,0,,,,,,,,,,,,,,,,,,,,
2026-07-22 23:38:12,198764.515625,A0DB8AF16E20,0002,male,C57BL/6,1.1.1,FR1_Approach,0,Left,262,324,128,156,0,0,,,,,,,,,,,,,,,,,,,,
2026-07-22 23:38:15,198767.578125,A0DB8AF16E20,0002,male,C57BL/6,1.1.1,FR1_Approach,0,No_approach,262,324,128,156,0,0,,,,,,,,,,,,,,,,,,,,
2026-07-22 23:38:22,198775.140625,A0DB8AF16E20,0002,male,C57BL/6,1.1.1,FR1_Approach,0,Left,262,325,128,156,0,0,,,,,,,,,,,,,,,,,,,,
2026-07-22 23:38:26,198778.593750,A0DB8AF16E20,0002,male,C57BL/6,1.1.1,FR1_Approach,0,Approach,262,325,128,156,0,0,,,,,,,,,,,,,,,,,,,,
2026-07-22 23:38:31,198783.921875,A0DB8AF16E20,0002,male,C57BL/6,1.1.1,FR1_Approach,0,PelletDrop,263,325,128,156,0,0,,,,,,,,,,,,,,,,,,,,
2026-07-22 23:38:38,198790.437500,A0DB8AF16E20,0002,male,C57BL/6,1.1.1,FR1_Approach,0,PelletTaken,263,325,128,156,0,0,5.637,90.000,0,2,,,,,,,,,,,,,,,,
2026-07-22 23:39:18,198831.171875,A0DB8AF16E20,0002,male,C57BL/6,1.1.1,FR1_Approach,0,Right,263,325,129,156,0,0,,,,,,,,,,,,,,,,,,,,
2026-07-22 23:39:25,198837.906250,A0DB8AF16E20,0002,male,C57BL/6,1.1.1,FR1_Approach,0,Left,263,326,129,156,0,0,,,,,,,,,,,,,,,,,,,,
2026-07-22 23:39:27,198839.375000,A0DB8AF16E20,0002,male,C57BL/6,1.1.1,FR1_Approach,0,Approach,263,326,129,156,0,0,,,,,,,,,,,,,,,,,,,,
2026-07-22 23:39:35,198847.328125,A0DB8AF16E20,0002,male,C57BL/6,1.1.1,FR1_Approach,0,PelletDrop,264,326,129,156,0,0,,,,,,,,,,,,,,,,,,,,
2026-07-22 23:39:41,198853.562500,A0DB8AF16E20,0002,male,C57BL/6,1.1.1,FR1_Approach,0,PelletTaken,264,326,129,156,0,0,5.362,137.000,0,3,,,,,,,,,,,,,,,,
2026-07-22 23:40:04,198876.562500,A0DB8AF16E20,0002,male,C57BL/6,1.1.1,FR1_Approach,0,Left,264,327,129,156,0,0,,,,,,,,,,,,,,,,,,,,
2026-07-22 23:40:05,198878.031250,A0DB8AF16E20,0002,male,C57BL/6,1.1.1,FR1_Approach,0,Approach,264,327,129,156,0,0,,,,,,,,,,,,,,,,,,,,
2026-07-22 23:40:11,198883.375000,A0DB8AF16E20,0002,male,C57BL/6,1.1.1,FR1_Approach,0,PelletDrop,265,327,129,156,0,0,,,,,,,,,,,,,,,,,,,,
2026-07-22 23:40:18,198891.203125,A0DB8AF16E20,0002,male,C57BL/6,1.1.1,FR1_Approach,0,PelletTaken,265,327,129,156,0,0,6.946,137.000,0,2,,,,,,,,,,,,,,,,
2026-07-22 23:44:04,199117.265625,A0DB8AF16E20,0002,male,C57BL/6,1.1.1,FR1_Approach,0,Status,265,327,129,156,0,0,,,,,Disabled,25.3,41.8,1004.0,8.3,0.000,0.000,247720,339964,179940,40195,3.82,51.16
2026-07-22 23:55:42,199816.093750,A0DB8AF16E20,0002,male,C57BL/6,1.1.1,FR1_Approach,0,Status,265,327,129,156,0,0,,,,,Disabled,25.2,42.3,1004.1,8.4,0.000,0.000,247720,339964,179940,40332,3.84,51.16
2026-07-22 23:59:02,200016.359375,A0DB8AF16E20,0002,male,C57BL/6,1.1.1,FR1_Approach,0,Right,265,327,130,156,0,0,,,,,,,,,,,,,,,,,,,,
2026-07-23 00:06:09,200443.109375,A0DB8AF16E20,0002,male,C57BL/6,1.1.1,FR1_Approach,0,Center,265,327,130,157,0,0,,,,,,,,,,,,,,,,,,,,
2026-07-23 00:06:11,200445.093750,A0DB8AF16E20,0002,male,C57BL/6,1.1.1,FR1_Approach,0,Left,265,328,130,157,0,0,,,,,,,,,,,,,,,,,,,,
2026-07-23 00:06:12,200446.578125,A0DB8AF16E20,0002,male,C57BL/6,1.1.1,FR1_Approach,0,Approach,265,328,130,157,0,0,,,,,,,,,,,,,,,,,,,,
2026-07-23 00:06:17,200451.921875,A0DB8AF16E20,0002,male,C57BL/6,1.1.1,FR1_Approach,0,PelletDrop,266,328,130,157,0,0,,,,,,,,,,,,,,,,,,,,
2026-07-23 00:06:24,200458.546875,A0DB8AF16E20,0002,male,C57BL/6,1.1.1,FR1_Approach,0,PelletTaken,266,328,130,157,0,0,5.758,195.000,0,2,,,,,,,,,,,,,,,,
2026-07-23 00:06:32,200466.578125,A0DB8AF16E20,0002,male,C57BL/6,1.1.1,FR1_Approach,0,Status,266,328,130,157,0,0,,,,,Disabled,25.0,43.6,1004.2,8.4,0.000,0.000,247720,339964,179940,40471,3.82,50.78
2026-07-23 00:06:46,200480.406250,A0DB8AF16E20,0002,male,C57BL/6,1.1.1,FR1_Approach,0,Left,266,329,130,157,0,0,,,,,,,,,,,,,,,,,,,,
2026-07-23 00:06:47,200481.890625,A0DB8AF16E20,0002,male,C57BL/6,1.1.1,FR1_Approach,0,Approach,266,329,130,157,0,0,,,,,,,,,,,,,,,,,,,,
2026-07-23 00:06:53,200487.234375,A0DB8AF16E20,0002,male,C57BL/6,1.1.1,FR1_Approach,0,PelletDrop,267,329,130,157,0,0,,,,,,,,,,,,,,,,,,,,
2026-07-23 00:06:59,200493.890625,A0DB8AF16E20,0002,male,C57BL/6,1.1.1,FR1_Approach,0,PelletTaken,267,329,130,157,0,0,5.769,136.000,0,2,,,,,,,,,,,,,,,,
2026-07-23 00:07:29,200523.968750,A0DB8AF16E20,0002,male,C57BL/6,1.1.1,FR1_Approach,0,Center,267,329,130,158,0,0,,,,,,,,,,,,,,,,,,,,
2026-07-23 00:07:32,200526.890625,A0DB8AF16E20,0002,male,C57BL/6,1.1.1,FR1_Approach,0,Left,267,330,130,158,0,0,,,,,,,,,,,,,,,,,,,,
2026-07-23 00:07:34,200528.375000,A0DB8AF16E20,0002,male,C57BL/6,1.1.1,FR1_Approach,0,Approach,267,330,130,158,0,0,,,,,,,,,,,,,,,,,,,,
2026-07-23 00:07:39,200533.718750,A0DB8AF16E20,0002,male,C57BL/6,1.1.1,FR1_Approach,0,PelletDrop,268,330,130,158,0,0,,,,,,,,,,,,,,,,,,,,
2026-07-23 00:07:46,200540.484375,A0DB8AF16E20,0002,male,C57BL/6,1.1.1,FR1_Approach,0,PelletTaken,268,330,130,158,0,0,5.890,79.000,0,2,,,,,,,,,,,,,,,,
2026-07-23 00:08:13,200568.046875,A0DB8AF16E20,0002,male,C57BL/6,1.1.1,FR1_Approach,0,Right,268,330,131,158,0,0,,,,,,,,,,,,,,,,,,,,
2026-07-23 00:12:15,200809.484375,A0DB8AF16E20,0002,male,C57BL/6,1.1.1,FR1_Approach,0,Center,268,330,131,159,0,0,,,,,,,,,,,,,,,,,,,,
2026-07-23 00:18:02,201157.656250,A0DB8AF16E20,0002,male,C57BL/6,1.1.1,FR1_Approach,0,Status,268,330,131,159,0,0,,,,,Disabled,25.0,42.4,1004.2,8.5,0.000,0.000,247720,339964,179940,40599,3.82,50.78
2026-07-23 00:18:40,201194.953125,A0DB8AF16E20,0002,male,C57BL/6,1.1.1,FR1_Approach,0,Center,268,330,131,160,0,0,,,,,,,,,,,,,,,,,,,,
2026-07-23 00:20:03,201278.437500,A0DB8AF16E20,0002,male,C57BL/6,1.1.1,FR1_Approach,0,Right,268,330,132,160,0,0,,,,,,,,,,,,,,,,,,,,
2026-07-23 00:20:07,201282.781250,A0DB8AF16E20,0002,male,C57BL/6,1.1.1,FR1_Approach,0,Center,268,330,132,161,0,0,,,,,,,,,,,,,,,,,,,,
2026-07-23 00:20:11,201286.078125,A0DB8AF16E20,0002,male,C57BL/6,1.1.1,FR1_Approach,0,Center,268,330,132,162,0,0,,,,,,,,,,,,,,,,,,,,
2026-07-23 00:20:12,201287.578125,A0DB8AF16E20,0002,male,C57BL/6,1.1.1,FR1_Approach,0,Center,268,330,132,163,0,0,,,,,,,,,,,,,,,,,,,,
2026-07-23 00:20:16,201291.546875,A0DB8AF16E20,0002,male,C57BL/6,1.1.1,FR1_Approach,0,Center,268,330,132,164,0,0,,,,,,,,,,,,,,,,,,,,
2026-07-23 00:20:18,201293.890625,A0DB8AF16E20,0002,male,C57BL/6,1.1.1,FR1_Approach,0,Left,268,331,132,164,0,0,,,,,,,,,,,,,,,,,,,,
2026-07-23 00:20:22,201297.078125,A0DB8AF16E20,0002,male,C57BL/6,1.1.1,FR1_Approach,0,Approach,268,331,132,164,0,0,,,,,,,,,,,,,,,,,,,,
2026-07-23 00:20:27,201302.421875,A0DB8AF16E20,0002,male,C57BL/6,1.1.1,FR1_Approach,0,PelletDrop,269,331,132,164,0,0,,,,,,,,,,,,,,,,,,,,
2026-07-23 00:20:35,201310.750000,A0DB8AF16E20,0002,male,C57BL/6,1.1.1,FR1_Approach,0,PelletTaken,269,331,132,164,0,0,7.452,139.000,0,2,,,,,,,,,,,,,,,,
2026-07-23 00:21:05,201340.312500,A0DB8AF16E20,0002,male,C57BL/6,1.1.1,FR1_Approach,0,Center,269,331,132,165,0,0,,,,,,,,,,,,,,,,,,,,
2026-07-23 00:21:07,201342.687500,A0DB8AF16E20,0002,male,C57BL/6,1.1.1,FR1_Approach,0,Center,269,331,132,166,0,0,,,,,,,,,,,,,,,,,,,,
2026-07-23 00:21:09,201344.171875,A0DB8AF16E20,0002,male,C57BL/6,1.1.1,FR1_Approach,0,Center,269,331,132,167,0,0,,,,,,,,,,,,,,,,,,,,
2026-07-23 00:21:11,201346.875000,A0DB8AF16E20,0002,male,C57BL/6,1.1.1,FR1_Approach,0,Center,269,331,132,168,0,0,,,,,,,,,,,,,,,,,,,,
2026-07-23 00:21:14,201349.453125,A0DB8AF16E20,0002,male,C57BL/6,1.1.1,FR1_Approach,0,Center,269,331,132,169,0,0,,,,,,,,,,,,,,,,,,,,
2026-07-23 00:21:37,201372.843750,A0DB8AF16E20,0002,male,C57BL/6,1.1.1,FR1_Approach,0,Right,269,331,133,169,0,0,,,,,,,,,,,,,,,,,,,,
2026-07-23 00:26:42,201677.656250,A0DB8AF16E20,0002,male,C57BL/6,1.1.1,FR1_Approach,0,Center,269,331,133,170,0,0,,,,,,,,,,,,,,,,,,,,
2026-07-23 00:26:44,201680.093750,A0DB8AF16E20,0002,male,C57BL/6,1.1.1,FR1_Approach,0,Center,269,331,133,171,0,0,,,,,,,,,,,,,,,,,,,,
2026-07-23 00:26:47,201683.453125,A0DB8AF16E20,0002,male,C57BL/6,1.1.1,FR1_Approach,0,Left,269,332,133,171,0,0,,,,,,,,,,,,,,,,,,,,
2026-07-23 00:26:49,201684.937500,A0DB8AF16E20,0002,male,C57BL/6,1.1.1,FR1_Approach,0,Approach,269,332,133,171,0,0,,,,,,,,,,,,,,,,,,,,
2026-07-23 00:26:55,201690.859375,A0DB8AF16E20,0002,male,C57BL/6,1.1.1,FR1_Approach,0,PelletDrop,270,332,133,171,0,0,,,,,,,,,,,,,,,,,,,,
2026-07-23 00:27:01,201696.984375,A0DB8AF16E20,0002,male,C57BL/6,1.1.1,FR1_Approach,0,PelletTaken,270,332,133,171,0,0,5.241,21.000,0,2,,,,,,,,,,,,,,,,
2026-07-23 00:29:57,201873.468750,A0DB8AF16E20,0002,male,C57BL/6,1.1.1,FR1_Approach,0,Status,270,332,133,171,0,0,,,,,Disabled,25.1,42.2,1004.3,8.4,0.000,0.000,247720,339964,179940,40737,3.82,50.39
2026-07-23 00:41:43,202580.250000,A0DB8AF16E20,0002,male,C57BL/6,1.1.1,FR1_Approach,0,Status,270,332,133,171,0,0,,,,,Disabled,25.1,42.5,1004.3,8.3,0.000,0.000,247720,339964,179940,40874,3.84,50.01
2026-07-23 00:53:30,203287.156250,A0DB8AF16E20,0002,male,C57BL/6,1.1.1,FR1_Approach,0,Status,270,332,133,171,0,0,,,,,Disabled,25.1,42.6,1004.4,8.3,0.000,0.000,247720,339964,179940,41012,3.82,50.01
2026-07-23 00:53:50,203307.484375,A0DB8AF16E20,0002,male,C57BL/6,1.1.1,FR1_Approach,0,Left,270,333,133,171,0,0,,,,,,,,,,,,,,,,,,,,
2026-07-23 00:53:51,203308.953125,A0DB8AF16E20,0002,male,C57BL/6,1.1.1,FR1_Approach,0,Approach,270,333,133,171,0,0,,,,,,,,,,,,,,,,,,,,
2026-07-23 00:53:53,203311.000000,A0DB8AF16E20,0002,male,C57BL/6,1.1.1,FR1_Approach,0,PelletDrop,271,333,133,171,0,0,,,,,,,,,,,,,,,,,,,,
2026-07-23 00:53:55,203312.468750,A0DB8AF16E20,0002,male,C57BL/6,1.1.1,FR1_Approach,0,PelletNotDetected,271,333,133,171,0,0,,,,,,,,,,,,,,,,,,,,
2026-07-23 00:54:12,203329.250000,A0DB8AF16E20,0002,male,C57BL/6,1.1.1,FR1_Approach,0,Left,271,334,133,171,0,0,,,,,,,,,,,,,,,,,,,,
2026-07-23 00:54:14,203331.703125,A0DB8AF16E20,0002,male,C57BL/6,1.1.1,FR1_Approach,0,Approach,271,334,133,171,0,0,,,,,,,,,,,,,,,,,,,,
2026-07-23 00:54:18,203335.843750,A0DB8AF16E20,0002,male,C57BL/6,1.1.1,FR1_Approach,0,PelletDrop,272,334,133,171,0,0,,,,,,,,,,,,,,,,,,,,
2026-07-23 00:54:20,203337.312500,A0DB8AF16E20,0002,male,C57BL/6,1.1.1,FR1_Approach,0,PelletNotDetected,272,334,133,171,0,0,,,,,,,,,,,,,,,,,,,,
2026-07-23 00:54:35,203352.406250,A0DB8AF16E20,0002,male,C57BL/6,1.1.1,FR1_Approach,0,Left,272,335,133,171,0,0,,,,,,,,,,,,,,,,,,,,
2026-07-23 00:54:36,203353.890625,A0DB8AF16E20,0002,male,C57BL/6,1.1.1,FR1_Approach,0,Approach,272,335,133,171,0,0,,,,,,,,,,,,,,,,,,,,
2026-07-23 00:54:44,203361.203125,A0DB8AF16E20,0002,male,C57BL/6,1.1.1,FR1_Approach,0,PelletDrop,273,335,133,171,0,0,,,,,,,,,,,,,,,,,,,,
2026-07-23 00:54:46,203364.046875,A0DB8AF16E20,0002,male,C57BL/6,1.1.1,FR1_Approach,0,PelletTaken,273,335,133,171,0,0,1.963,80.000,0,4,,,,,,,,,,,,,,,,
2026-07-23 00:55:17,203394.421875,A0DB8AF16E20,0002,male,C57BL/6,1.1.1,FR1_Approach,0,Left,273,336,133,171,0,0,,,,,,,,,,,,,,,,,,,,
2026-07-23 00:55:19,203396.875000,A0DB8AF16E20,0002,male,C57BL/6,1.1.1,FR1_Approach,0,Approach,273,336,133,171,0,0,,,,,,,,,,,,,,,,,,,,
2026-07-23 00:55:23,203401.031250,A0DB8AF16E20,0002,male,C57BL/6,1.1.1,FR1_Approach,0,PelletDrop,274,336,133,171,0,0,,,,,,,,,,,,,,,,,,,,
2026-07-23 00:55:25,203402.484375,A0DB8AF16E20,0002,male,C57BL/6,1.1.1,FR1_Approach,0,PelletNotDetected,274,336,133,171,0,0,,,,,,,,,,,,,,,,,,,,
2026-07-23 00:55:53,203431.046875,A0DB8AF16E20,0002,male,C57BL/6,1.1.1,FR1_Approach,0,Left,274,337,133,171,0,0,,,,,,,,,,,,,,,,,,,,
2026-07-23 00:55:55,203433.031250,A0DB8AF16E20,0002,male,C57BL/6,1.1.1,FR1_Approach,0,Approach,274,337,133,171,0,0,,,,,,,,,,,,,,,,,,,,
2026-07-23 00:56:01,203438.421875,A0DB8AF16E20,0002,male,C57BL/6,1.1.1,FR1_Approach,0,PelletDrop,275,337,133,171,0,0,,,,,,,,,,,,,,,,,,,,
2026-07-23 00:56:09,203446.609375,A0DB8AF16E20,0002,male,C57BL/6,1.1.1,FR1_Approach,0,PelletTaken,275,337,133,171,0,0,7.319,49.000,0,3,,,,,,,,,,,,,,,,
2026-07-23 00:56:50,203487.828125,A0DB8AF16E20,0002,male,C57BL/6,1.1.1,FR1_Approach,0,Center,275,337,133,172,0,0,,,,,,,,,,,,,,,,,,,,
2026-07-23 00:58:50,203608.203125,A0DB8AF16E20,0002,male,C57BL/6,1.1.1,FR1_Approach,0,Center,275,337,133,173,0,0,,,,,,,,,,,,,,,,,,,,
2026-07-23 00:58:59,203616.625000,A0DB8AF16E20,0002,male,C57BL/6,1.1.1,FR1_Approach,0,Right,275,337,134,173,0,0,,,,,,,,,,,,,,,,,,,,
2026-07-23 01:05:15,203993.921875,A0DB8AF16E20,0002,male,C57BL/6,1.1.1,FR1_Approach,0,Status,275,337,134,173,0,0,,,,,Disabled,25.1,42.6,1004.4,8.3,0.000,0.000,247720,339964,179940,41142,3.82,49.62
2026-07-23 01:06:30,204068.828125,A0DB8AF16E20,0002,male,C57BL/6,1.1.1,FR1_Approach,0,Center,275,337,134,174,0,0,,,,,,,,,,,,,,,,,,,,
2026-07-23 01:07:14,204112.828125,A0DB8AF16E20,0002,male,C57BL/6,1.1.1,FR1_Approach,0,Right,275,337,135,174,0,0,,,,,,,,,,,,,,,,,,,,
2026-07-23 01:07:18,204117.265625,A0DB8AF16E20,0002,male,C57BL/6,1.1.1,FR1_Approach,0,Left,275,338,135,174,0,0,,,,,,,,,,,,,,,,,,,,
2026-07-23 01:07:20,204118.734375,A0DB8AF16E20,0002,male,C57BL/6,1.1.1,FR1_Approach,0,Approach,275,338,135,174,0,0,,,,,,,,,,,,,,,,,,,,
2026-07-23 01:07:27,204126.312500,A0DB8AF16E20,0002,male,C57BL/6,1.1.1,FR1_Approach,0,PelletDrop,276,338,135,174,0,0,,,,,,,,,,,,,,,,,,,,
2026-07-23 01:07:33,204131.578125,A0DB8AF16E20,0002,male,C57BL/6,1.1.1,FR1_Approach,0,PelletTaken,276,338,135,174,0,0,4.393,176.000,0,3,,,,,,,,,,,,,,,,
2026-07-23 01:08:05,204164.171875,A0DB8AF16E20,0002,male,C57BL/6,1.1.1,FR1_Approach,0,Left,276,339,135,174,0,0,,,,,,,,,,,,,,,,,,,,
2026-07-23 01:08:07,204165.656250,A0DB8AF16E20,0002,male,C57BL/6,1.1.1,FR1_Approach,0,Approach,276,339,135,174,0,0,,,,,,,,,,,,,,,,,,,,
2026-07-23 01:08:12,204171.000000,A0DB8AF16E20,0002,male,C57BL/6,1.1.1,FR1_Approach,0,PelletDrop,277,339,135,174,0,0,,,,,,,,,,,,,,,,,,,,
2026-07-23 01:08:19,204177.937500,A0DB8AF16E20,0002,male,C57BL/6,1.1.1,FR1_Approach,0,PelletTaken,277,339,135,174,0,0,6.077,178.000,0,2,,,,,,,,,,,,,,,,
2026-07-23 01:08:44,204203.046875,A0DB8AF16E20,0002,male,C57BL/6,1.1.1,FR1_Approach,0,Left,277,340,135,174,0,0,,,,,,,,,,,,,,,,,,,,
2026-07-23 01:08:45,204204.531250,A0DB8AF16E20,0002,male,C57BL/6,1.1.1,FR1_Approach,0,Approach,277,340,135,174,0,0,,,,,,,,,,,,,,,,,,,,
2026-07-23 01:08:51,204209.875000,A0DB8AF16E20,0002,male,C57BL/6,1.1.1,FR1_Approach,0,PelletDrop,278,340,135,174,0,0,,,,,,,,,,,,,,,,,,,,
2026-07-23 01:08:59,204218.093750,A0DB8AF16E20,0002,male,C57BL/6,1.1.1,FR1_Approach,0,PelletTaken,278,340,135,174,0,0,7.352,177.000,0,2,,,,,,,,,,,,,,,,
2026-07-23 01:16:59,204698.671875,A0DB8AF16E20,0002,male,C57BL/6,1.1.1,FR1_Approach,0,Status,278,340,135,174,0,0,,,,,Disabled,25.1,42.6,1004.5,8.3,0.000,0.000,247720,339964,179940,41270,3.81,49.24
2026-07-23 01:28:43,205403.562500,A0DB8AF16E20,0002,male,C57BL/6,1.1.1,FR1_Approach,0,Status,278,340,135,174,0,0,,,,,Disabled,25.1,42.6,1004.5,8.3,0.000,0.000,247720,339964,179940,41407,3.82,48.86
2026-07-23 01:40:25,206106.359375,A0DB8AF16E20,0002,male,C57BL/6,1.1.1,FR1_Approach,0,Status,278,340,135,174,0,0,,,,,Disabled,25.1,42.7,1004.6,8.3,0.000,0.000,247720,339964,179940,41544,3.79,48.86
2026-07-23 01:52:09,206811.125000,A0DB8AF16E20,0002,male,C57BL/6,1.1.1,FR1_Approach,0,Status,278,340,135,174,0,0,,,,,Disabled,25.1,42.6,1004.6,8.3,0.000,0.000,247720,339964,179940,41681,3.82,48.48
2026-07-23 02:03:54,207516.953125,A0DB8AF16E20,0002,male,C57BL/6,1.1.1,FR1_Approach,0,Status,278,340,135,174,0,0,,,,,Disabled,25.0,42.6,1004.7,8.3,0.000,0.000,247720,339964,179940,41818,3.82,48.09
2026-07-23 02:08:24,207787.281250,A0DB8AF16E20,0002,male,C57BL/6,1.1.1,FR1_Approach,0,Left,278,341,135,174,0,0,,,,,,,,,,,,,,,,,,,,
2026-07-23 02:08:27,207790.343750,A0DB8AF16E20,0002,male,C57BL/6,1.1.1,FR1_Approach,0,No_approach,278,341,135,174,0,0,,,,,,,,,,,,,,,,,,,,
2026-07-23 02:15:38,208221.812500,A0DB8AF16E20,0002,male,C57BL/6,1.1.1,FR1_Approach,0,Status,278,341,135,174,0,0,,,,,Disabled,25.0,42.6,1004.7,8.3,0.000,0.000,247720,339964,179940,41954,3.81,48.09
2026-07-23 02:27:37,208941.500000,A0DB8AF16E20,0002,male,C57BL/6,1.1.1,FR1_Approach,0,Status,278,341,135,174,0,0,,,,,Disabled,25.0,42.4,1004.7,8.3,0.000,0.000,247720,339964,179940,42091,3.79,47.71
2026-07-23 02:38:10,209575.296875,A0DB8AF16E20,0002,male,C57BL/6,1.1.1,FR1_Approach,0,Status,278,341,135,174,0,0,,,,,Disabled,24.8,44.0,1004.8,8.6,0.000,0.000,247720,339964,179940,42228,3.81,47.71
2026-07-23 02:45:10,209995.578125,A0DB8AF16E20,0002,male,C57BL/6,1.1.1,FR1_Approach,0,Right,278,341,136,174,0,0,,,,,,,,,,,,,,,,,,,,
2026-07-23 02:45:18,210004.453125,A0DB8AF16E20,0002,male,C57BL/6,1.1.1,FR1_Approach,0,Left,278,342,136,174,0,0,,,,,,,,,,,,,,,,,,,,
2026-07-23 02:45:22,210007.515625,A0DB8AF16E20,0002,male,C57BL/6,1.1.1,FR1_Approach,0,No_approach,278,342,136,174,0,0,,,,,,,,,,,,,,,,,,,,
2026-07-23 02:45:27,210012.812500,A0DB8AF16E20,0002,male,C57BL/6,1.1.1,FR1_Approach,0,Left,278,343,136,174,0,0,,,,,,,,,,,,,,,,,,,,
2026-07-23 02:45:30,210015.875000,A0DB8AF16E20,0002,male,C57BL/6,1.1.1,FR1_Approach,0,No_approach,278,343,136,174,0,0,,,,,,,,,,,,,,,,,,,,
2026-07-23 02:45:35,210020.687500,A0DB8AF16E20,0002,male,C57BL/6,1.1.1,FR1_Approach,0,Left,278,344,136,174,0,0,,,,,,,,,,,,,,,,,,,,
2026-07-23 02:45:36,210022.171875,A0DB8AF16E20,0002,male,C57BL/6,1.1.1,FR1_Approach,0,Approach,278,344,136,174,0,0,,,,,,,,,,,,,,,,,,,,
2026-07-23 02:45:42,210027.515625,A0DB8AF16E20,0002,male,C57BL/6,1.1.1,FR1_Approach,0,PelletDrop,279,344,136,174,0,0,,,,,,,,,,,,,,,,,,,,
2026-07-23 02:45:51,210036.937500,A0DB8AF16E20,0002,male,C57BL/6,1.1.1,FR1_Approach,0,PelletTaken,279,344,136,174,0,0,8.551,481.000,0,2,,,,,,,,,,,,,,,,
2026-07-23 02:46:19,210064.984375,A0DB8AF16E20,0002,male,C57BL/6,1.1.1,FR1_Approach,0,Left,279,345,136,174,0,0,,,,,,,,,,,,,,,,,,,,
2026-07-23 02:46:20,210066.453125,A0DB8AF16E20,0002,male,C57BL/6,1.1.1,FR1_Approach,0,Approach,279,345,136,174,0,0,,,,,,,,,,,,,,,,,,,,
2026-07-23 02:46:26,210071.796875,A0DB8AF16E20,0002,male,C57BL/6,1.1.1,FR1_Approach,0,PelletDrop,280,345,136,174,0,0,,,,,,,,,,,,,,,,,,,,
2026-07-23 02:46:38,210083.562500,A0DB8AF16E20,0002,male,C57BL/6,1.1.1,FR1_Approach,0,PelletTaken,280,345,136,174,0,0,10.884,129.000,0,2,,,,,,,,,,,,,,,,
2026-07-23 02:47:11,210117.578125,A0DB8AF16E20,0002,male,C57BL/6,1.1.1,FR1_Approach,0,Left,280,346,136,174,0,0,,,,,,,,,,,,,,,,,,,,
2026-07-23 02:47:13,210119.062500,A0DB8AF16E20,0002,male,C57BL/6,1.1.1,FR1_Approach,0,Approach,280,346,136,174,0,0,,,,,,,,,,,,,,,,,,,,
2026-07-23 02:47:16,210122.171875,A0DB8AF16E20,0002,male,C57BL/6,1.1.1,FR1_Approach,0,PelletDrop,281,346,136,174,0,0,,,,,,,,,,,,,,,,,,,,
2026-07-23 02:47:21,210126.718750,A0DB8AF16E20,0002,male,C57BL/6,1.1.1,FR1_Approach,0,PelletTaken,281,346,136,174,0,0,3.678,264.000,0,1,,,,,,,,,,,,,,,,
2026-07-23 02:50:03,210289.125000,A0DB8AF16E20,0002,male,C57BL/6,1.1.1,FR1_Approach,0,Status,281,346,136,174,0,0,,,,,Disabled,24.9,42.2,1004.8,8.5,0.000,0.000,247720,339964,179940,42354,3.81,47.32
2026-07-23 03:01:56,211002.968750,A0DB8AF16E20,0002,male,C57BL/6,1.1.1,FR1_Approach,0,Status,281,346,136,174,0,0,,,,,Disabled,24.9,42.3,1004.9,8.4,0.000,0.000,247720,339964,179940,42491,3.81,47.32
2026-07-23 03:13:42,211709.765625,A0DB8AF16E20,0002,male,C57BL/6,1.1.1,FR1_Approach,0,Status,281,346,136,174,0,0,,,,,Disabled,24.9,42.3,1004.9,8.4,0.000,0.000,247720,339964,179940,42628,3.81,46.91
2026-07-23 03:25:31,212419.640625,A0DB8AF16E20,0002,male,C57BL/6,1.1.1,FR1_Approach,0,Status,281,346,136,174,0,0,,,,,Disabled,24.9,42.3,1005.0,8.5,0.000,0.000,247720,339964,179940,42765,3.81,46.91
2026-07-23 03:34:49,212978.265625,A0DB8AF16E20,0002,male,C57BL/6,1.1.1,FR1_Approach,0,Left,281,347,136,174,0,0,,,,,,,,,,,,,,,,,,,,
2026-07-23 03:34:51,212979.984375,A0DB8AF16E20,0002,male,C57BL/6,1.1.1,FR1_Approach,0,Approach,281,347,136,174,0,0,,,,,,,,,,,,,,,,,,,,
2026-07-23 03:34:56,212985.328125,A0DB8AF16E20,0002,male,C57BL/6,1.1.1,FR1_Approach,0,PelletDrop,282,347,136,174,0,0,,,,,,,,,,,,,,,,,,,,
2026-07-23 03:35:06,212995.375000,A0DB8AF16E20,0002,male,C57BL/6,1.1.1,FR1_Approach,0,PelletTaken,282,347,136,174,0,0,9.178,215.000,0,2,,,,,,,,,,,,,,,,
2026-07-23 03:37:12,213121.468750,A0DB8AF16E20,0002,male,C57BL/6,1.1.1,FR1_Approach,0,Status,282,347,136,174,0,0,,,,,Disabled,24.9,42.2,1005.1,8.5,0.000,0.000,247720,339964,179940,42898,3.81,46.50
2026-07-23 03:49:01,213831.281250,A0DB8AF16E20,0002,male,C57BL/6,1.1.1,FR1_Approach,0,Status,282,347,136,174,0,0,,,,,Disabled,24.9,42.3,1005.2,8.5,0.000,0.000,247720,339964,179940,43035,3.81,46.10
2026-07-23 03:56:51,214301.250000,A0DB8AF16E20,0002,male,C57BL/6,1.1.1,FR1_Approach,0,Left,282,348,136,174,0,0,,,,,,,,,,,,,,,,,,,,
2026-07-23 03:56:52,214302.734375,A0DB8AF16E20,0002,male,C57BL/6,1.1.1,FR1_Approach,0,Approach,282,348,136,174,0,0,,,,,,,,,,,,,,,,,,,,
2026-07-23 03:56:56,214306.312500,A0DB8AF16E20,0002,male,C57BL/6,1.1.1,FR1_Approach,0,PelletDrop,283,348,136,174,0,0,,,,,,,,,,,,,,,,,,,,
2026-07-23 03:56:57,214307.765625,A0DB8AF16E20,0002,male,C57BL/6,1.1.1,FR1_Approach,0,PelletNotDetected,283,348,136,174,0,0,,,,,,,,,,,,,,,,,,,,
2026-07-23 03:57:36,214346.937500,A0DB8AF16E20,0002,male,C57BL/6,1.1.1,FR1_Approach,0,Left,283,349,136,174,0,0,,,,,,,,,,,,,,,,,,,,
2026-07-23 03:57:38,214348.406250,A0DB8AF16E20,0002,male,C57BL/6,1.1.1,FR1_Approach,0,Approach,283,349,136,174,0,0,,,,,,,,,,,,,,,,,,,,
2026-07-23 03:57:41,214351.546875,A0DB8AF16E20,0002,male,C57BL/6,1.1.1,FR1_Approach,0,PelletDrop,284,349,136,174,0,0,,,,,,,,,,,,,,,,,,,,
2026-07-23 03:57:42,214353.015625,A0DB8AF16E20,0002,male,C57BL/6,1.1.1,FR1_Approach,0,PelletNotDetected,284,349,136,174,0,0,,,,,,,,,,,,,,,,,,,,
2026-07-23 03:58:10,214380.781250,A0DB8AF16E20,0002,male,C57BL/6,1.1.1,FR1_Approach,0,Left,284,350,136,174,0,0,,,,,,,,,,,,,,,,,,,,
2026-07-23 03:58:12,214382.265625,A0DB8AF16E20,0002,male,C57BL/6,1.1.1,FR1_Approach,0,Approach,284,350,136,174,0,0,,,,,,,,,,,,,,,,,,,,
2026-07-23 03:58:15,214385.531250,A0DB8AF16E20,0002,male,C57BL/6,1.1.1,FR1_Approach,0,PelletDrop,285,350,136,174,0,0,,,,,,,,,,,,,,,,,,,,
2026-07-23 03:58:16,214387.000000,A0DB8AF16E20,0002,male,C57BL/6,1.1.1,FR1_Approach,0,PelletNotDetected,285,350,136,174,0,0,,,,,,,,,,,,,,,,,,,,
2026-07-23 03:58:41,214411.562500,A0DB8AF16E20,0002,male,C57BL/6,1.1.1,FR1_Approach,0,Left,285,351,136,174,0,0,,,,,,,,,,,,,,,,,,,,
2026-07-23 03:58:42,214413.046875,A0DB8AF16E20,0002,male,C57BL/6,1.1.1,FR1_Approach,0,Approach,285,351,136,174,0,0,,,,,,,,,,,,,,,,,,,,
2026-07-23 03:58:51,214422.187500,A0DB8AF16E20,0002,male,C57BL/6,1.1.1,FR1_Approach,0,PelletDrop,286,351,136,174,0,0,,,,,,,,,,,,,,,,,,,,
2026-07-23 03:59:00,214430.468750,A0DB8AF16E20,0002,male,C57BL/6,1.1.1,FR1_Approach,0,PelletTaken,286,351,136,174,0,0,7.408,582.000,0,6,,,,,,,,,,,,,,,,
2026-07-23 04:00:48,214539.062500,A0DB8AF16E20,0002,male,C57BL/6,1.1.1,FR1_Approach,0,Status,286,351,136,174,0,0,,,,,Disabled,25.0,42.0,1005.3,8.3,0.000,0.000,247720,339964,179940,43164,3.81,46.10
2026-07-23 04:12:38,215249.921875,A0DB8AF16E20,0002,male,C57BL/6,1.1.1,FR1_Approach,0,Status,286,351,136,174,0,0,,,,,Disabled,25.0,42.1,1005.4,8.4,0.000,0.000,247720,339964,179940,43301,3.81,45.69
2026-07-23 04:24:31,215963.781250,A0DB8AF16E20,0002,male,C57BL/6,1.1.1,FR1_Approach,0,Status,286,351,136,174,0,0,,,,,Disabled,25.0,42.1,1005.5,8.4,0.000,0.000,247720,339964,179940,43438,3.80,45.28
2026-07-23 04:33:25,216498.796875,A0DB8AF16E20,0002,male,C57BL/6,1.1.1,FR1_Approach,0,Left,286,352,136,174,0,0,,,,,,,,,,,,,,,,,,,,
2026-07-23 04:33:27,216500.265625,A0DB8AF16E20,0002,male,C57BL/6,1.1.1,FR1_Approach,0,Approach,286,352,136,174,0,0,,,,,,,,,,,,,,,,,,,,
2026-07-23 04:33:32,216505.609375,A0DB8AF16E20,0002,male,C57BL/6,1.1.1,FR1_Approach,0,PelletDrop,287,352,136,174,0,0,,,,,,,,,,,,,,,,,,,,
2026-07-23 04:33:44,216517.656250,A0DB8AF16E20,0002,male,C57BL/6,1.1.1,FR1_Approach,0,PelletTaken,287,352,136,174,0,0,11.181,294.000,0,2,,,,,,,,,,,,,,,,
2026-07-23 04:36:11,216663.562500,A0DB8AF16E20,0002,male,C57BL/6,1.1.1,FR1_Approach,0,Left,287,353,136,174,0,0,,,,,,,,,,,,,,,,,,,,
2026-07-23 04:36:12,216665.281250,A0DB8AF16E20,0002,male,C57BL/6,1.1.1,FR1_Approach,0,Approach,287,353,136,174,0,0,,,,,,,,,,,,,,,,,,,,
2026-07-23 04:36:18,216670.625000,A0DB8AF16E20,0002,male,C57BL/6,1.1.1,FR1_Approach,0,PelletDrop,288,353,136,174,0,0,,,,,,,,,,,,,,,,,,,,
2026-07-23 04:36:28,216680.750000,A0DB8AF16E20,0002,male,C57BL/6,1.1.1,FR1_Approach,0,PelletTaken,288,353,136,174,0,0,9.256,41.000,0,2,,,,,,,,,,,,,,,,
2026-07-23 04:36:36,216688.781250,A0DB8AF16E20,0002,male,C57BL/6,1.1.1,FR1_Approach,0,Status,288,353,136,174,0,0,,,,,Disabled,25.0,41.8,1005.6,8.3,0.000,0.000,247720,339964,179940,43571,3.81,44.87
2026-07-23 04:44:49,217182.609375,A0DB8AF16E20,0002,male,C57BL/6,1.1.1,FR1_Approach,0,Left,288,354,136,174,0,0,,,,,,,,,,,,,,,,,,,,
2026-07-23 04:44:50,217184.078125,A0DB8AF16E20,0002,male,C57BL/6,1.1.1,FR1_Approach,0,Approach,288,354,136,174,0,0,,,,,,,,,,,,,,,,,,,,
2026-07-23 04:44:56,217189.437500,A0DB8AF16E20,0002,male,C57BL/6,1.1.1,FR1_Approach,0,PelletDrop,289,354,136,174,0,0,,,,,,,,,,,,,,,,,,,,
2026-07-23 04:45:06,217199.328125,A0DB8AF16E20,0002,male,C57BL/6,1.1.1,FR1_Approach,0,PelletTaken,289,354,136,174,0,0,9.014,32.000,0,2,,,,,,,,,,,,,,,,
2026-07-23 04:45:47,217240.890625,A0DB8AF16E20,0002,male,C57BL/6,1.1.1,FR1_Approach,0,Left,289,355,136,174,0,0,,,,,,,,,,,,,,,,,,,,
2026-07-23 04:45:49,217242.375000,A0DB8AF16E20,0002,male,C57BL/6,1.1.1,FR1_Approach,0,Approach,289,355,136,174,0,0,,,,,,,,,,,,,,,,,,,,
2026-07-23 04:45:54,217247.718750,A0DB8AF16E20,0002,male,C57BL/6,1.1.1,FR1_Approach,0,PelletDrop,290,355,136,174,0,0,,,,,,,,,,,,,,,,,,,,
2026-07-23 04:46:03,217256.750000,A0DB8AF16E20,0002,male,C57BL/6,1.1.1,FR1_Approach,0,PelletTaken,290,355,136,174,0,0,8.155,381.000,0,2,,,,,,,,,,,,,,,,
2026-07-23 04:48:08,217382.312500,A0DB8AF16E20,0002,male,C57BL/6,1.1.1,FR1_Approach,0,Status,290,355,136,174,0,0,,,,,Disabled,25.1,41.8,1005.6,8.4,0.000,0.000,247720,339964,179940,43697,3.80,44.87
2026-07-23 04:50:32,217525.687500,A0DB8AF16E20,0002,male,C57BL/6,1.1.1,FR1_Approach,0,Left,290,356,136,174,0,0,,,,,,,,,,,,,,,,,,,,
2026-07-23 04:50:33,217527.156250,A0DB8AF16E20,0002,male,C57BL/6,1.1.1,FR1_Approach,0,Approach,290,356,136,174,0,0,,,,,,,,,,,,,,,,,,,,
2026-07-23 04:50:38,217532.500000,A0DB8AF16E20,0002,male,C57BL/6,1.1.1,FR1_Approach,0,PelletDrop,291,356,136,174,0,0,,,,,,,,,,,,,,,,,,,,
2026-07-23 04:50:50,217543.687500,A0DB8AF16E20,0002,male,C57BL/6,1.1.1,FR1_Approach,0,PelletTaken,291,356,136,174,0,0,10.301,206.000,0,2,,,,,,,,,,,,,,,,
2026-07-23 04:59:57,218091.093750,A0DB8AF16E20,0002,male,C57BL/6,1.1.1,FR1_Approach,0,Status,291,356,136,174,0,0,,,,,Disabled,25.1,42.0,1005.6,8.3,0.000,0.000,247720,339964,179940,43830,3.80,44.46
2026-07-23 05:11:49,218804.875000,A0DB8AF16E20,0002,male,C57BL/6,1.1.1,FR1_Approach,0,Status,291,356,136,174,0,0,,,,,Disabled,25.1,42.0,1005.7,8.3,0.000,0.000,247720,339964,179940,43967,3.82,44.05
2026-07-23 05:12:36,218852.734375,A0DB8AF16E20,0002,male,C57BL/6,1.1.1,FR1_Approach,0,Left,291,357,136,174,0,0,,,,,,,,,,,,,,,,,,,,
2026-07-23 05:12:38,218854.203125,A0DB8AF16E20,0002,male,C57BL/6,1.1.1,FR1_Approach,0,Approach,291,357,136,174,0,0,,,,,,,,,,,,,,,,,,,,
2026-07-23 05:12:41,218857.328125,A0DB8AF16E20,0002,male,C57BL/6,1.1.1,FR1_Approach,0,PelletDrop,292,357,136,174,0,0,,,,,,,,,,,,,,,,,,,,
2026-07-23 05:12:42,218858.796875,A0DB8AF16E20,0002,male,C57BL/6,1.1.1,FR1_Approach,0,PelletNotDetected,292,357,136,174,0,0,,,,,,,,,,,,,,,,,,,,
2026-07-23 05:13:17,218892.921875,A0DB8AF16E20,0002,male,C57BL/6,1.1.1,FR1_Approach,0,Left,292,358,136,174,0,0,,,,,,,,,,,,,,,,,,,,
2026-07-23 05:13:18,218894.390625,A0DB8AF16E20,0002,male,C57BL/6,1.1.1,FR1_Approach,0,Approach,292,358,136,174,0,0,,,,,,,,,,,,,,,,,,,,
2026-07-23 05:13:21,218897.906250,A0DB8AF16E20,0002,male,C57BL/6,1.1.1,FR1_Approach,0,PelletDrop,293,358,136,174,0,0,,,,,,,,,,,,,,,,,,,,
2026-07-23 05:13:23,218899.375000,A0DB8AF16E20,0002,male,C57BL/6,1.1.1,FR1_Approach,0,PelletNotDetected,293,358,136,174,0,0,,,,,,,,,,,,,,,,,,,,
2026-07-23 05:14:15,218951.843750,A0DB8AF16E20,0002,male,C57BL/6,1.1.1,FR1_Approach,0,Left,293,359,136,174,0,0,,,,,,,,,,,,,,,,,,,,
2026-07-23 05:14:17,218953.312500,A0DB8AF16E20,0002,male,C57BL/6,1.1.1,FR1_Approach,0,Approach,293,359,136,174,0,0,,,,,,,,,,,,,,,,,,,,
2026-07-23 05:14:20,218956.484375,A0DB8AF16E20,0002,male,C57BL/6,1.1.1,FR1_Approach,0,PelletDrop,294,359,136,174,0,0,,,,,,,,,,,,,,,,,,,,
2026-07-23 05:14:21,218957.968750,A0DB8AF16E20,0002,male,C57BL/6,1.1.1,FR1_Approach,0,PelletNotDetected,294,359,136,174,0,0,,,,,,,,,,,,,,,,,,,,
2026-07-23 05:20:18,219314.984375,A0DB8AF16E20,0002,male,C57BL/6,1.1.1,FR1_Approach,0,Left,294,360,136,174,0,0,,,,,,,,,,,,,,,,,,,,
2026-07-23 05:20:21,219318.031250,A0DB8AF16E20,0002,male,C57BL/6,1.1.1,FR1_Approach,0,No_approach,294,360,136,174,0,0,,,,,,,,,,,,,,,,,,,,
2026-07-23 05:20:42,219338.750000,A0DB8AF16E20,0002,male,C57BL/6,1.1.1,FR1_Approach,0,Center,294,360,136,175,0,0,,,,,,,,,,,,,,,,,,,,
2026-07-23 05:20:53,219350.109375,A0DB8AF16E20,0002,male,C57BL/6,1.1.1,FR1_Approach,0,Right,294,360,137,175,0,0,,,,,,,,,,,,,,,,,,,,
2026-07-23 05:20:56,219353.093750,A0DB8AF16E20,0002,male,C57BL/6,1.1.1,FR1_Approach,0,Left,294,361,137,175,0,0,,,,,,,,,,,,,,,,,,,,
2026-07-23 05:20:58,219354.812500,A0DB8AF16E20,0002,male,C57BL/6,1.1.1,FR1_Approach,0,Approach,294,361,137,175,0,0,,,,,,,,,,,,,,,,,,,,
2026-07-23 05:21:04,219361.531250,A0DB8AF16E20,0002,male,C57BL/6,1.1.1,FR1_Approach,0,PelletDrop,295,361,137,175,0,0,,,,,,,,,,,,,,,,,,,,
2026-07-23 05:21:06,219363.015625,A0DB8AF16E20,0002,male,C57BL/6,1.1.1,FR1_Approach,0,PelletNotDetected,295,361,137,175,0,0,,,,,,,,,,,,,,,,,,,,
2026-07-23 05:21:32,219388.718750,A0DB8AF16E20,0002,male,C57BL/6,1.1.1,FR1_Approach,0,Left,295,362,137,175,0,0,,,,,,,,,,,,,,,,,,,,
2026-07-23 05:21:33,219390.187500,A0DB8AF16E20,0002,male,C57BL/6,1.1.1,FR1_Approach,0,Approach,295,362,137,175,0,0,,,,,,,,,,,,,,,,,,,,
2026-07-23 05:21:37,219393.703125,A0DB8AF16E20,0002,male,C57BL/6,1.1.1,FR1_Approach,0,PelletDrop,296,362,137,175,0,0,,,,,,,,,,,,,,,,,,,,
2026-07-23 05:21:38,219395.187500,A0DB8AF16E20,0002,male,C57BL/6,1.1.1,FR1_Approach,0,PelletNotDetected,296,362,137,175,0,0,,,,,,,,,,,,,,,,,,,,
2026-07-23 05:23:45,219521.750000,A0DB8AF16E20,0002,male,C57BL/6,1.1.1,FR1_Approach,0,Status,296,362,137,175,0,0,,,,,Disabled,25.2,41.8,1005.7,8.2,0.000,0.000,247720,339964,179940,44097,3.80,43.64
2026-07-23 05:25:45,219642.468750,A0DB8AF16E20,0002,male,C57BL/6,1.1.1,FR1_Approach,0,Right,296,362,138,175,0,0,,,,,,,,,,,,,,,,,,,,
2026-07-23 05:25:51,219647.984375,A0DB8AF16E20,0002,male,C57BL/6,1.1.1,FR1_Approach,0,Right,296,362,139,175,0,0,,,,,,,,,,,,,,,,,,,,
2026-07-23 05:25:55,219651.703125,A0DB8AF16E20,0002,male,C57BL/6,1.1.1,FR1_Approach,0,Left,296,363,139,175,0,0,,,,,,,,,,,,,,,,,,,,
2026-07-23 05:25:56,219653.171875,A0DB8AF16E20,0002,male,C57BL/6,1.1.1,FR1_Approach,0,Approach,296,363,139,175,0,0,,,,,,,,,,,,,,,,,,,,
2026-07-23 05:25:59,219656.343750,A0DB8AF16E20,0002,male,C57BL/6,1.1.1,FR1_Approach,0,PelletDrop,297,363,139,175,0,0,,,,,,,,,,,,,,,,,,,,
2026-07-23 05:26:01,219657.828125,A0DB8AF16E20,0002,male,C57BL/6,1.1.1,FR1_Approach,0,PelletNotDetected,297,363,139,175,0,0,,,,,,,,,,,,,,,,,,,,
2026-07-23 05:26:19,219676.609375,A0DB8AF16E20,0002,male,C57BL/6,1.1.1,FR1_Approach,0,Left,297,364,139,175,0,0,,,,,,,,,,,,,,,,,,,,
2026-07-23 05:26:21,219678.078125,A0DB8AF16E20,0002,male,C57BL/6,1.1.1,FR1_Approach,0,Approach,297,364,139,175,0,0,,,,,,,,,,,,,,,,,,,,
2026-07-23 05:26:32,219689.218750,A0DB8AF16E20,0002,male,C57BL/6,1.1.1,FR1_Approach,0,PelletDrop,298,364,139,175,0,0,,,,,,,,,,,,,,,,,,,,
2026-07-23 05:26:39,219696.109375,A0DB8AF16E20,0002,male,C57BL/6,1.1.1,FR1_Approach,0,PelletTaken,298,364,139,175,0,0,6.021,592.000,0,8,,,,,,,,,,,,,,,,
2026-07-23 05:27:24,219740.781250,A0DB8AF16E20,0002,male,C57BL/6,1.1.1,FR1_Approach,0,Left,298,365,139,175,0,0,,,,,,,,,,,,,,,,,,,,
2026-07-23 05:27:25,219742.250000,A0DB8AF16E20,0002,male,C57BL/6,1.1.1,FR1_Approach,0,Approach,298,365,139,175,0,0,,,,,,,,,,,,,,,,,,,,
2026-07-23 05:27:27,219744.250000,A0DB8AF16E20,0002,male,C57BL/6,1.1.1,FR1_Approach,0,PelletDrop,299,365,139,175,0,0,,,,,,,,,,,,,,,,,,,,
2026-07-23 05:27:28,219745.703125,A0DB8AF16E20,0002,male,C57BL/6,1.1.1,FR1_Approach,0,PelletNotDetected,299,365,139,175,0,0,,,,,,,,,,,,,,,,,,,,
2026-07-23 05:35:40,220237.531250,A0DB8AF16E20,0002,male,C57BL/6,1.1.1,FR1_Approach,0,Status,299,365,139,175,0,0,,,,,Disabled,25.2,42.1,1005.8,8.2,0.000,0.000,247720,339964,179940,44228,3.80,43.64
2026-07-23 05:47:37,220955.328125,A0DB8AF16E20,0002,male,C57BL/6,1.1.1,FR1_Approach,0,Status,299,365,139,175,0,0,,,,,Disabled,25.2,42.4,1005.9,8.2,0.000,0.000,247720,339964,179940,44365,3.79,43.23
2026-07-23 05:51:43,221201.437500,A0DB8AF16E20,0002,male,C57BL/6,1.1.1,FR1_Approach,0,Left,299,366,139,175,0,0,,,,,,,,,,,,,,,,,,,,
2026-07-23 05:51:45,221202.921875,A0DB8AF16E20,0002,male,C57BL/6,1.1.1,FR1_Approach,0,Approach,299,366,139,175,0,0,,,,,,,,,,,,,,,,,,,,
2026-07-23 05:51:51,221209.359375,A0DB8AF16E20,0002,male,C57BL/6,1.1.1,FR1_Approach,0,PelletDrop,300,366,139,175,0,0,,,,,,,,,,,,,,,,,,,,
2026-07-23 05:51:58,221216.781250,A0DB8AF16E20,0002,male,C57BL/6,1.1.1,FR1_Approach,0,PelletTaken,300,366,139,175,0,0,6.539,146.000,0,3,,,,,,,,,,,,,,,,
2026-07-23 05:52:39,221257.453125,A0DB8AF16E20,0002,male,C57BL/6,1.1.1,FR1_Approach,0,Right,300,366,140,175,0,0,,,,,,,,,,,,,,,,,,,,
2026-07-23 05:52:41,221259.250000,A0DB8AF16E20,0002,male,C57BL/6,1.1.1,FR1_Approach,0,Right,300,366,141,175,0,0,,,,,,,,,,,,,,,,,,,,
2026-07-23 05:52:44,221262.531250,A0DB8AF16E20,0002,male,C57BL/6,1.1.1,FR1_Approach,0,Right,300,366,142,175,0,0,,,,,,,,,,,,,,,,,,,,
2026-07-23 05:52:48,221266.843750,A0DB8AF16E20,0002,male,C57BL/6,1.1.1,FR1_Approach,0,Left,300,367,142,175,0,0,,,,,,,,,,,,,,,,,,,,
2026-07-23 05:52:50,221268.312500,A0DB8AF16E20,0002,male,C57BL/6,1.1.1,FR1_Approach,0,Approach,300,367,142,175,0,0,,,,,,,,,,,,,,,,,,,,
2026-07-23 05:52:55,221273.656250,A0DB8AF16E20,0002,male,C57BL/6,1.1.1,FR1_Approach,0,PelletDrop,301,367,142,175,0,0,,,,,,,,,,,,,,,,,,,,
2026-07-23 05:53:04,221282.140625,A0DB8AF16E20,0002,male,C57BL/6,1.1.1,FR1_Approach,0,PelletTaken,301,367,142,175,0,0,7.596,156.000,0,2,,,,,,,,,,,,,,,,
2026-07-23 05:59:24,221663.140625,A0DB8AF16E20,0002,male,C57BL/6,1.1.1,FR1_Approach,0,Status,301,367,142,175,0,0,,,,,Disabled,25.2,42.4,1006.0,8.2,0.000,0.000,247720,339964,179940,44497,3.80,42.82
2026-07-23 06:03:45,221924.125000,A0DB8AF16E20,0002,male,C57BL/6,1.1.1,FR1_Approach,0,Left,301,368,142,175,0,0,,,,,,,,,,,,,,,,,,,,
2026-07-23 06:03:48,221927.203125,A0DB8AF16E20,0002,male,C57BL/6,1.1.1,FR1_Approach,0,No_approach,301,368,142,175,0,0,,,,,,,,,,,,,,,,,,,,
2026-07-23 06:04:20,221959.500000,A0DB8AF16E20,0002,male,C57BL/6,1.1.1,FR1_Approach,0,Left,301,369,142,175,0,0,,,,,,,,,,,,,,,,,,,,
2026-07-23 06:04:24,221962.562500,A0DB8AF16E20,0002,male,C57BL/6,1.1.1,FR1_Approach,0,No_approach,301,369,142,175,0,0,,,,,,,,,,,,,,,,,,,,
2026-07-23 06:11:19,222378.921875,A0DB8AF16E20,0002,male,C57BL/6,1.1.1,FR1_Approach,0,Status,301,369,142,175,0,0,,,,,Disabled,25.2,42.3,1006.0,8.2,2.221,894.000,247720,339964,179940,44632,3.80,42.41
2026-07-23 06:23:07,223087.750000,A0DB8AF16E20,0002,male,C57BL/6,1.1.1,FR1_Approach,0,Status,301,369,142,175,0,0,,,,,Disabled,25.2,42.6,1006.1,8.2,1.458,584.000,247720,339964,179940,44769,3.79,42.00
2026-07-23 06:28:29,223410.437500,A0DB8AF16E20,0002,male,C57BL/6,1.1.1,FR1_Approach,0,Left,301,370,142,175,0,0,,,,,,,,,,,,,,,,,,,,
2026-07-23 06:28:31,223411.906250,A0DB8AF16E20,0002,male,C57BL/6,1.1.1,FR1_Approach,0,Approach,301,370,142,175,0,0,,,,,,,,,,,,,,,,,,,,
2026-07-23 06:28:36,223417.265625,A0DB8AF16E20,0002,male,C57BL/6,1.1.1,FR1_Approach,0,PelletDrop,302,370,142,175,0,0,,,,,,,,,,,,,,,,,,,,
2026-07-23 06:28:46,223426.906250,A0DB8AF16E20,0002,male,C57BL/6,1.1.1,FR1_Approach,0,PelletTaken,302,370,142,175,0,0,8.782,590.000,0,2,,,,,,,,,,,,,,,,
2026-07-23 06:34:56,223796.578125,A0DB8AF16E20,0002,male,C57BL/6,1.1.1,FR1_Approach,0,Status,302,370,142,175,0,0,,,,,Disabled,25.2,42.5,1006.2,8.2,2.531,1038.000,247720,339964,179940,44902,3.78,42.00
2026-07-23 06:39:08,224049.437500,A0DB8AF16E20,0002,male,C57BL/6,1.1.1,FR1_Approach,0,Center,302,370,142,176,0,0,,,,,,,,,,,,,,,,,,,,
2026-07-23 06:46:48,224510.390625,A0DB8AF16E20,0002,male,C57BL/6,1.1.1,FR1_Approach,0,Status,302,370,142,176,0,0,,,,,Disabled,25.2,42.5,1006.2,8.2,2.160,904.000,247720,339964,179940,45039,3.79,41.59
2026-07-23 06:58:43,225226.265625,A0DB8AF16E20,0002,male,C57BL/6,1.1.1,FR1_Approach,0,Status,302,370,142,176,0,0,,,,,Disabled,25.2,42.5,1006.3,8.2,2.135,876.000,247720,339964,179940,45176,3.77,41.19
2026-07-23 07:10:30,225934.125000,A0DB8AF16E20,0002,male,C57BL/6,1.1.1,FR1_Approach,0,Status,302,370,142,176,0,0,,,,,Disabled,25.2,42.5,1006.4,8.2,2.131,876.000,247720,339964,179940,45313,3.79,40.82
2026-07-23 07:22:23,226647.843750,A0DB8AF16E20,0002,male,C57BL/6,1.1.1,FR1_Approach,0,Status,302,370,142,176,0,0,,,,,Disabled,25.2,42.4,1006.5,8.2,2.182,908.000,247720,339964,179940,45450,3.80,40.46
2026-07-23 07:34:13,227357.640625,A0DB8AF16E20,0002,male,C57BL/6,1.1.1,FR1_Approach,0,Status,302,370,142,176,0,0,,,,,Disabled,25.2,42.4,1006.6,8.3,2.171,900.000,247720,339964,179940,45587,3.79,40.46
2026-07-23 07:46:05,228071.500000,A0DB8AF16E20,0002,male,C57BL/6,1.1.1,FR1_Approach,0,Status,302,370,142,176,0,0,,,,,Disabled,25.2,42.4,1006.7,8.2,2.153,890.000,247720,339964,179940,45724,3.79,40.11
2026-07-23 07:57:59,228786.296875,A0DB8AF16E20,0002,male,C57BL/6,1.1.1,FR1_Approach,0,Status,302,370,142,176,0,0,,,,,Disabled,25.2,42.4,1006.8,8.2,2.164,890.000,247720,339964,179940,45861,3.79,39.75
2026-07-23 07:58:07,228794.421875,A0DB8AF16E20,0002,male,C57BL/6,1.1.1,FR1_Approach,0,Left,302,371,142,176,0,0,,,,,,,,,,,,,,,,,,,,
2026-07-23 07:58:09,228795.890625,A0DB8AF16E20,0002,male,C57BL/6,1.1.1,FR1_Approach,0,Approach,302,371,142,176,0,0,,,,,,,,,,,,,,,,,,,,
2026-07-23 07:58:14,228801.234375,A0DB8AF16E20,0002,male,C57BL/6,1.1.1,FR1_Approach,0,PelletDrop,303,371,142,176,0,0,,,,,,,,,,,,,,,,,,,,
2026-07-23 07:58:25,228812.328125,A0DB8AF16E20,0002,male,C57BL/6,1.1.1,FR1_Approach,0,PelletTaken,303,371,142,176,0,0,10.224,2002.000,0,2,,,,,,,,,,,,,,,,
2026-07-23 07:58:58,228845.250000,A0DB8AF16E20,0002,male,C57BL/6,1.1.1,FR1_Approach,0,Left,303,372,142,176,0,0,,,,,,,,,,,,,,,,,,,,
2026-07-23 07:59:00,228846.718750,A0DB8AF16E20,0002,male,C57BL/6,1.1.1,FR1_Approach,0,Approach,303,372,142,176,0,0,,,,,,,,,,,,,,,,,,,,
2026-07-23 07:59:05,228852.062500,A0DB8AF16E20,0002,male,C57BL/6,1.1.1,FR1_Approach,0,PelletDrop,304,372,142,176,0,0,,,,,,,,,,,,,,,,,,,,
2026-07-23 07:59:16,228863.078125,A0DB8AF16E20,0002,male,C57BL/6,1.1.1,FR1_Approach,0,PelletTaken,304,372,142,176,0,0,10.136,2002.000,0,2,,,,,,,,,,,,,,,,
2026-07-23 07:59:46,228893.359375,A0DB8AF16E20,0002,male,C57BL/6,1.1.1,FR1_Approach,0,Left,304,373,142,176,0,0,,,,,,,,,,,,,,,,,,,,
2026-07-23 07:59:48,228895.328125,A0DB8AF16E20,0002,male,C57BL/6,1.1.1,FR1_Approach,0,Approach,304,373,142,176,0,0,,,,,,,,,,,,,,,,,,,,
2026-07-23 07:59:54,228900.671875,A0DB8AF16E20,0002,male,C57BL/6,1.1.1,FR1_Approach,0,PelletDrop,305,373,142,176,0,0,,,,,,,,,,,,,,,,,,,,
2026-07-23 08:00:01,228908.296875,A0DB8AF16E20,0002,male,C57BL/6,1.1.1,FR1_Approach,0,PelletTaken,305,373,142,176,0,0,6.738,2001.000,0,2,,,,,,,,,,,,,,,,
2026-07-23 08:00:49,228956.031250,A0DB8AF16E20,0002,male,C57BL/6,1.1.1,FR1_Approach,0,Left,305,374,142,176,0,0,,,,,,,,,,,,,,,,,,,,
2026-07-23 08:00:51,228957.734375,A0DB8AF16E20,0002,male,C57BL/6,1.1.1,FR1_Approach,0,Approach,305,374,142,176,0,0,,,,,,,,,,,,,,,,,,,,
2026-07-23 08:00:56,228963.078125,A0DB8AF16E20,0002,male,C57BL/6,1.1.1,FR1_Approach,0,PelletDrop,306,374,142,176,0,0,,,,,,,,,,,,,,,,,,,,
2026-07-23 08:01:05,228972.531250,A0DB8AF16E20,0002,male,C57BL/6,1.1.1,FR1_Approach,0,PelletTaken,306,374,142,176,0,0,8.574,2001.000,0,2,,,,,,,,,,,,,,,,
2026-07-23 08:01:45,229012.468750,A0DB8AF16E20,0002,male,C57BL/6,1.1.1,FR1_Approach,0,Left,306,375,142,176,0,0,,,,,,,,,,,,,,,,,,,,
2026-07-23 08:01:47,229013.937500,A0DB8AF16E20,0002,male,C57BL/6,1.1.1,FR1_Approach,0,Approach,306,375,142,176,0,0,,,,,,,,,,,,,,,,,,,,
2026-07-23 08:01:50,229017.062500,A0DB8AF16E20,0002,male,C57BL/6,1.1.1,FR1_Approach,0,PelletDrop,307,375,142,176,0,0,,,,,,,,,,,,,,,,,,,,
2026-07-23 08:01:51,229018.578125,A0DB8AF16E20,0002,male,C57BL/6,1.1.1,FR1_Approach,0,PelletNotDetected,307,375,142,176,0,0,,,,,,,,,,,,,,,,,,,,
2026-07-23 08:09:55,229502.031250,A0DB8AF16E20,0002,male,C57BL/6,1.1.1,FR1_Approach,0,Status,307,375,142,176,0,0,,,,,Disabled,25.3,42.2,1006.8,8.2,2.167,898.000,247720,339964,179940,45981,3.80,39.38
2026-07-23 08:21:45,230213.796875,A0DB8AF16E20,0002,male,C57BL/6,1.1.1,FR1_Approach,0,Status,307,375,142,176,0,0,,,,,Disabled,25.3,42.3,1006.9,8.2,2.174,900.000,247720,339964,179940,46118,3.79,39.02
2026-07-23 08:33:37,230925.671875,A0DB8AF16E20,0002,male,C57BL/6,1.1.1,FR1_Approach,0,Status,307,375,142,176,0,0,,,,,Disabled,25.3,42.3,1007.0,8.2,2.322,978.000,247720,339964,179940,46255,3.78,38.66
2026-07-23 08:34:36,230985.484375,A0DB8AF16E20,0002,male,C57BL/6,1.1.1,FR1_Approach,0,Left,307,376,142,176,0,0,,,,,,,,,,,,,,,,,,,,
2026-07-23 08:34:39,230987.687500,A0DB8AF16E20,0002,male,C57BL/6,1.1.1,FR1_Approach,0,Approach,307,376,142,176,0,0,,,,,,,,,,,,,,,,,,,,
2026-07-23 08:34:42,230991.312500,A0DB8AF16E20,0002,male,C57BL/6,1.1.1,FR1_Approach,0,PelletDrop,308,376,142,176,0,0,,,,,,,,,,,,,,,,,,,,
2026-07-23 08:34:44,230992.765625,A0DB8AF16E20,0002,male,C57BL/6,1.1.1,FR1_Approach,0,PelletNotDetected,308,376,142,176,0,0,,,,,,,,,,,,,,,,,,,,
2026-07-23 08:35:19,231028.656250,A0DB8AF16E20,0002,male,C57BL/6,1.1.1,FR1_Approach,0,Left,308,377,142,176,0,0,,,,,,,,,,,,,,,,,,,,
2026-07-23 08:35:21,231030.156250,A0DB8AF16E20,0002,male,C57BL/6,1.1.1,FR1_Approach,0,Approach,308,377,142,176,0,0,,,,,,,,,,,,,,,,,,,,
2026-07-23 08:35:24,231033.468750,A0DB8AF16E20,0002,male,C57BL/6,1.1.1,FR1_Approach,0,PelletDrop,309,377,142,176,0,0,,,,,,,,,,,,,,,,,,,,
2026-07-23 08:35:26,231034.937500,A0DB8AF16E20,0002,male,C57BL/6,1.1.1,FR1_Approach,0,PelletNotDetected,309,377,142,176,0,0,,,,,,,,,,,,,,,,,,,,
2026-07-23 08:39:25,231274.906250,A0DB8AF16E20,0002,male,C57BL/6,1.1.1,FR1_Approach,0,Left,309,378,142,176,0,0,,,,,,,,,,,,,,,,,,,,
2026-07-23 08:39:27,231276.406250,A0DB8AF16E20,0002,male,C57BL/6,1.1.1,FR1_Approach,0,Approach,309,378,142,176,0,0,,,,,,,,,,,,,,,,,,,,
2026-07-23 08:39:33,231282.890625,A0DB8AF16E20,0002,male,C57BL/6,1.1.1,FR1_Approach,0,PelletDrop,310,378,142,176,0,0,,,,,,,,,,,,,,,,,,,,
2026-07-23 08:39:35,231284.343750,A0DB8AF16E20,0002,male,C57BL/6,1.1.1,FR1_Approach,0,PelletNotDetected,310,378,142,176,0,0,,,,,,,,,,,,,,,,,,,,
2026-07-23 08:45:37,231647.437500,A0DB8AF16E20,0002,male,C57BL/6,1.1.1,FR1_Approach,0,Status,310,378,142,176,0,0,,,,,Disabled,25.3,42.1,1007.1,8.2,2.167,912.000,247720,339964,179940,46387,3.77,38.30
2026-07-23 08:57:42,232372.328125,A0DB8AF16E20,0002,male,C57BL/6,1.1.1,FR1_Approach,0,Status,310,378,142,176,0,0,,,,,Disabled,25.3,42.1,1007.2,8.2,2.218,940.000,247720,339964,179940,46524,3.78,37.94
2026-07-23 09:09:37,233089.125000,A0DB8AF16E20,0002,male,C57BL/6,1.1.1,FR1_Approach,0,Status,310,378,142,176,0,0,,,,,Disabled,25.3,42.2,1007.2,8.1,2.135,880.000,247720,339964,179940,46661,3.78,37.58
2026-07-23 09:21:41,233813.953125,A0DB8AF16E20,0002,male,C57BL/6,1.1.1,FR1_Approach,0,Status,310,378,142,176,0,0,,,,,Disabled,25.3,42.2,1007.2,8.1,2.128,878.000,247720,339964,179940,46798,3.78,37.22
2026-07-23 09:33:39,234532.750000,A0DB8AF16E20,0002,male,C57BL/6,1.1.1,FR1_Approach,0,Status,310,378,142,176,0,0,,,,,Disabled,25.3,42.2,1007.3,8.1,2.117,881.000,247720,339964,179940,46935,3.78,36.86
2026-07-23 09:45:43,235256.640625,A0DB8AF16E20,0002,male,C57BL/6,1.1.1,FR1_Approach,0,Status,310,378,142,176,0,0,,,,,Disabled,25.3,42.1,1007.3,8.2,2.138,883.000,247720,339964,179940,47072,3.78,36.50
2026-07-23 09:57:40,235975.406250,A0DB8AF16E20,0002,male,C57BL/6,1.1.1,FR1_Approach,0,Status,310,378,142,176,0,0,,,,,Disabled,25.3,42.2,1007.4,8.2,2.106,868.000,247720,339964,179940,47209,3.78,36.14
2026-07-23 10:09:29,236685.265625,A0DB8AF16E20,0002,male,C57BL/6,1.1.1,FR1_Approach,0,Status,310,378,142,176,0,0,,,,,Disabled,25.3,42.2,1007.4,8.1,2.117,877.000,247720,339964,179940,47346,3.75,35.78
2026-07-23 10:21:24,237400.015625,A0DB8AF16E20,0002,male,C57BL/6,1.1.1,FR1_Approach,0,Status,310,378,142,176,0,0,,,,,Disabled,25.3,42.1,1007.4,8.3,2.124,882.000,247720,339964,179940,47483,3.77,35.42
2026-07-23 10:33:19,238116.812500,A0DB8AF16E20,0002,male,C57BL/6,1.1.1,FR1_Approach,0,Status,310,378,142,176,0,0,,,,,Disabled,25.3,42.0,1007.5,8.2,2.131,878.000,247720,339964,179940,47620,3.77,35.42
2026-07-23 10:45:15,238833.656250,A0DB8AF16E20,0002,male,C57BL/6,1.1.1,FR1_Approach,0,Status,310,378,142,176,0,0,,,,,Disabled,25.3,42.0,1007.5,8.1,2.124,872.000,247720,339964,179940,47757,3.78,35.06
2026-07-23 10:57:17,239556.562500,A0DB8AF16E20,0002,male,C57BL/6,1.1.1,FR1_Approach,0,Status,310,378,142,176,0,0,,,,,Disabled,25.3,41.8,1007.5,8.2,2.110,870.000,247720,339964,179940,47894,3.77,34.70
2026-07-23 11:09:19,240279.328125,A0DB8AF16E20,0002,male,C57BL/6,1.1.1,FR1_Approach,0,Status,310,378,142,176,0,0,,,,,Disabled,25.3,41.8,1007.4,8.1,2.081,846.000,247720,339964,179940,48031,3.77,34.27
2026-07-23 11:21:21,241002.125000,A0DB8AF16E20,0002,male,C57BL/6,1.1.1,FR1_Approach,0,Status,310,378,142,176,0,0,,,,,Disabled,25.3,41.8,1007.4,8.1,2.232,900.000,247720,339964,179940,48168,3.77,33.84
2026-07-23 11:33:24,241725.937500,A0DB8AF16E20,0002,male,C57BL/6,1.1.1,FR1_Approach,0,Status,310,378,142,176,0,0,,,,,Disabled,25.3,41.7,1007.4,8.1,2.210,897.000,247720,339964,179940,48305,3.73,33.41
2026-07-23 11:40:45,242166.734375,A0DB8AF16E20,0002,male,C57BL/6,1.1.1,FR1_Approach,0,Left,310,379,142,176,0,0,,,,,,,,,,,,,,,,,,,,
2026-07-23 11:40:48,242169.812500,A0DB8AF16E20,0002,male,C57BL/6,1.1.1,FR1_Approach,0,No_approach,310,379,142,176,0,0,,,,,,,,,,,,,,,,,,,,
2026-07-23 11:40:56,242177.843750,A0DB8AF16E20,0002,male,C57BL/6,1.1.1,FR1_Approach,0,Left,310,380,142,176,0,0,,,,,,,,,,,,,,,,,,,,
2026-07-23 11:40:57,242179.312500,A0DB8AF16E20,0002,male,C57BL/6,1.1.1,FR1_Approach,0,Approach,310,380,142,176,0,0,,,,,,,,,,,,,,,,,,,,
2026-07-23 11:41:01,242182.875000,A0DB8AF16E20,0002,male,C57BL/6,1.1.1,FR1_Approach,0,PelletDrop,311,380,142,176,0,0,,,,,,,,,,,,,,,,,,,,
2026-07-23 11:41:02,242184.359375,A0DB8AF16E20,0002,male,C57BL/6,1.1.1,FR1_Approach,0,PelletNotDetected,311,380,142,176,0,0,,,,,,,,,,,,,,,,,,,,
2026-07-23 11:41:25,242207.375000,A0DB8AF16E20,0002,male,C57BL/6,1.1.1,FR1_Approach,0,Left,311,381,142,176,0,0,,,,,,,,,,,,,,,,,,,,
2026-07-23 11:41:27,242208.843750,A0DB8AF16E20,0002,male,C57BL/6,1.1.1,FR1_Approach,0,Approach,311,381,142,176,0,0,,,,,,,,,,,,,,,,,,,,
2026-07-23 11:41:30,242212.062500,A0DB8AF16E20,0002,male,C57BL/6,1.1.1,FR1_Approach,0,PelletDrop,312,381,142,176,0,0,,,,,,,,,,,,,,,,,,,,
2026-07-23 11:41:31,242213.546875,A0DB8AF16E20,0002,male,C57BL/6,1.1.1,FR1_Approach,0,PelletNotDetected,312,381,142,176,0,0,,,,,,,,,,,,,,,,,,,,
2026-07-23 11:42:14,242256.250000,A0DB8AF16E20,0002,male,C57BL/6,1.1.1,FR1_Approach,0,Left,312,382,142,176,0,0,,,,,,,,,,,,,,,,,,,,
2026-07-23 11:42:16,242258.218750,A0DB8AF16E20,0002,male,C57BL/6,1.1.1,FR1_Approach,0,Approach,312,382,142,176,0,0,,,,,,,,,,,,,,,,,,,,
2026-07-23 11:42:27,242269.250000,A0DB8AF16E20,0002,male,C57BL/6,1.1.1,FR1_Approach,0,PelletDrop,313,382,142,176,0,0,,,,,,,,,,,,,,,,,,,,
2026-07-23 11:42:38,242280.531250,A0DB8AF16E20,0002,male,C57BL/6,1.1.1,FR1_Approach,0,PelletTaken,313,382,142,176,0,0,10.400,965.000,0,8,,,,,,,,,,,,,,,,
2026-07-23 11:45:24,242445.781250,A0DB8AF16E20,0002,male,C57BL/6,1.1.1,FR1_Approach,0,Status,313,382,142,176,0,0,,,,,Disabled,25.4,41.5,1007.5,8.1,2.218,898.000,247720,339964,179940,48433,3.77,32.98
2026-07-23 11:57:19,243162.625000,A0DB8AF16E20,0002,male,C57BL/6,1.1.1,FR1_Approach,0,Status,313,382,142,176,0,0,,,,,Disabled,25.4,41.8,1007.5,8.1,2.354,970.000,247720,339964,179940,48570,3.76,32.55
2026-07-23 12:09:16,243880.312500,A0DB8AF16E20,0002,male,C57BL/6,1.1.1,FR1_Approach,0,Status,313,382,142,176,0,0,,,,,Disabled,25.4,41.8,1007.5,8.1,2.203,916.000,247720,339964,179940,48707,3.76,32.12
2026-07-23 12:21:25,244610.187500,A0DB8AF16E20,0002,male,C57BL/6,1.1.1,FR1_Approach,0,Status,313,382,142,176,0,0,,,,,Disabled,25.4,41.6,1007.4,8.1,2.232,928.000,247720,339964,179940,48844,3.76,31.69
2026-07-23 12:33:27,245333.015625,A0DB8AF16E20,0002,male,C57BL/6,1.1.1,FR1_Approach,0,Status,313,382,142,176,0,0,,,,,Disabled,25.4,41.6,1007.3,8.1,2.228,924.000,247720,339964,179940,48981,3.76,31.26
2026-07-23 12:45:32,246057.843750,A0DB8AF16E20,0002,male,C57BL/6,1.1.1,FR1_Approach,0,Status,313,382,142,176,0,0,,,,,Disabled,25.5,41.4,1007.2,8.1,2.225,928.000,247720,339964,179940,49118,3.75,30.83
2026-07-23 12:57:39,246785.734375,A0DB8AF16E20,0002,male,C57BL/6,1.1.1,FR1_Approach,0,Status,313,382,142,176,0,0,,,,,Disabled,25.5,41.3,1007.2,8.1,2.239,933.000,247720,339964,179940,49255,3.75,29.97
2026-07-23 13:09:47,247514.500000,A0DB8AF16E20,0002,male,C57BL/6,1.1.1,FR1_Approach,0,Status,313,382,142,176,0,0,,,,,Disabled,25.5,41.3,1007.1,8.1,2.225,929.000,247720,339964,179940,49392,3.71,29.54
2026-07-23 13:20:19,248148.265625,A0DB8AF16E20,0002,male,C57BL/6,1.1.1,FR1_Approach,0,Status,313,382,142,176,0,0,,,,,Disabled,25.2,43.1,1007.0,8.2,2.225,922.000,247720,339964,179940,49529,3.75,29.11
2026-07-23 13:32:26,248875.109375,A0DB8AF16E20,0002,male,C57BL/6,1.1.1,FR1_Approach,0,Status,313,382,142,176,0,0,,,,,Disabled,25.3,41.4,1006.9,8.2,2.218,923.000,247720,339964,179940,49666,3.75,28.68
2026-07-23 13:42:58,249508.875000,A0DB8AF16E20,0002,male,C57BL/6,1.1.1,FR1_Approach,0,Status,313,382,142,176,0,0,,,,,Disabled,25.0,43.2,1006.8,8.3,2.239,909.000,247720,339964,179940,49803,3.75,28.68
2026-07-23 13:53:31,250142.625000,A0DB8AF16E20,0002,male,C57BL/6,1.1.1,FR1_Approach,0,Status,313,382,142,176,0,0,,,,,Disabled,24.8,43.4,1006.8,8.6,2.189,877.000,247720,339964,179940,49940,3.75,28.25
2026-07-23 14:04:04,250776.406250,A0DB8AF16E20,0002,male,C57BL/6,1.1.1,FR1_Approach,0,Status,313,382,142,176,0,0,,,,,Disabled,24.6,43.4,1006.7,8.6,2.189,876.000,247720,339964,179940,50077,3.75,27.82
2026-07-23 14:14:37,251410.187500,A0DB8AF16E20,0002,male,C57BL/6,1.1.1,FR1_Approach,0,Status,313,382,142,176,0,0,,,,,Disabled,24.4,43.5,1006.6,8.6,2.243,888.000,247720,339964,179940,50214,3.74,27.82
2026-07-23 14:26:39,252133.218750,A0DB8AF16E20,0002,male,C57BL/6,1.1.1,FR1_Approach,0,Status,313,382,142,176,0,0,,,,,Disabled,24.6,41.7,1006.4,8.4,2.354,932.000,247720,339964,179940,50351,3.74,26.96
2026-07-23 14:38:47,252862.015625,A0DB8AF16E20,0002,male,C57BL/6,1.1.1,FR1_Approach,0,Status,313,382,142,176,0,0,,,,,Disabled,24.7,41.4,1006.3,8.4,2.354,932.000,247720,339964,179940,50488,3.74,26.54
2026-07-23 14:50:49,253584.859375,A0DB8AF16E20,0002,male,C57BL/6,1.1.1,FR1_Approach,0,Status,313,382,142,176,0,0,,,,,Disabled,24.9,41.4,1006.2,8.3,2.405,964.000,247720,339964,179940,50625,3.74,26.11
2026-07-23 15:02:53,254309.687500,A0DB8AF16E20,0002,male,C57BL/6,1.1.1,FR1_Approach,0,Status,313,382,142,176,0,0,,,,,Disabled,25.0,41.4,1006.1,8.2,2.527,1037.000,247720,339964,179940,50762,3.73,25.68
2026-07-23 15:14:56,255033.515625,A0DB8AF16E20,0002,male,C57BL/6,1.1.1,FR1_Approach,0,Status,313,382,142,176,0,0,,,,,Disabled,25.1,41.5,1006.0,8.2,2.030,835.000,247720,339964,179940,50899,3.73,25.25
2026-07-23 15:20:20,255358.375000,A0DB8AF16E20,0002,male,C57BL/6,1.1.1,FR1_Approach,0,Left,313,383,142,176,0,0,,,,,,,,,,,,,,,,,,,,
2026-07-23 15:20:23,255361.437500,A0DB8AF16E20,0002,male,C57BL/6,1.1.1,FR1_Approach,0,No_approach,313,383,142,176,0,0,,,,,,,,,,,,,,,,,,,,
2026-07-23 15:21:01,255399.421875,A0DB8AF16E20,0002,male,C57BL/6,1.1.1,FR1_Approach,0,Left,313,384,142,176,0,0,,,,,,,,,,,,,,,,,,,,
2026-07-23 15:21:04,255402.484375,A0DB8AF16E20,0002,male,C57BL/6,1.1.1,FR1_Approach,0,No_approach,313,384,142,176,0,0,,,,,,,,,,,,,,,,,,,,
2026-07-23 15:21:33,255431.250000,A0DB8AF16E20,0002,male,C57BL/6,1.1.1,FR1_Approach,0,Left,313,385,142,176,0,0,,,,,,,,,,,,,,,,,,,,
2026-07-23 15:21:35,255432.734375,A0DB8AF16E20,0002,male,C57BL/6,1.1.1,FR1_Approach,0,Approach,313,385,142,176,0,0,,,,,,,,,,,,,,,,,,,,
2026-07-23 15:21:37,255434.765625,A0DB8AF16E20,0002,male,C57BL/6,1.1.1,FR1_Approach,0,PelletDrop,314,385,142,176,0,0,,,,,,,,,,,,,,,,,,,,
2026-07-23 15:21:38,255436.234375,A0DB8AF16E20,0002,male,C57BL/6,1.1.1,FR1_Approach,0,PelletNotDetected,314,385,142,176,0,0,,,,,,,,,,,,,,,,,,,,
2026-07-23 15:22:02,255459.953125,A0DB8AF16E20,0002,male,C57BL/6,1.1.1,FR1_Approach,0,Left,314,386,142,176,0,0,,,,,,,,,,,,,,,,,,,,
2026-07-23 15:22:03,255461.421875,A0DB8AF16E20,0002,male,C57BL/6,1.1.1,FR1_Approach,0,Approach,314,386,142,176,0,0,,,,,,,,,,,,,,,,,,,,
2026-07-23 15:22:10,255467.812500,A0DB8AF16E20,0002,male,C57BL/6,1.1.1,FR1_Approach,0,PelletDrop,315,386,142,176,0,0,,,,,,,,,,,,,,,,,,,,
2026-07-23 15:22:18,255476.625000,A0DB8AF16E20,0002,male,C57BL/6,1.1.1,FR1_Approach,0,PelletTaken,315,386,142,176,0,0,7.946,2001.000,0,3,,,,,,,,,,,,,,,,
2026-07-23 15:23:36,255554.250000,A0DB8AF16E20,0002,male,C57BL/6,1.1.1,FR1_Approach,0,Left,315,387,142,176,0,0,,,,,,,,,,,,,,,,,,,,
2026-07-23 15:23:37,255555.718750,A0DB8AF16E20,0002,male,C57BL/6,1.1.1,FR1_Approach,0,Approach,315,387,142,176,0,0,,,,,,,,,,,,,,,,,,,,
2026-07-23 15:23:43,255561.062500,A0DB8AF16E20,0002,male,C57BL/6,1.1.1,FR1_Approach,0,PelletDrop,316,387,142,176,0,0,,,,,,,,,,,,,,,,,,,,
2026-07-23 15:23:55,255573.437500,A0DB8AF16E20,0002,male,C57BL/6,1.1.1,FR1_Approach,0,PelletTaken,316,387,142,176,0,0,11.499,128.000,0,2,,,,,,,,,,,,,,,,
2026-07-23 15:24:22,255600.421875,A0DB8AF16E20,0002,male,C57BL/6,1.1.1,FR1_Approach,0,Left,316,388,142,176,0,0,,,,,,,,,,,,,,,,,,,,
2026-07-23 15:24:24,255601.890625,A0DB8AF16E20,0002,male,C57BL/6,1.1.1,FR1_Approach,0,Approach,316,388,142,176,0,0,,,,,,,,,,,,,,,,,,,,
2026-07-23 15:24:29,255607.234375,A0DB8AF16E20,0002,male,C57BL/6,1.1.1,FR1_Approach,0,PelletDrop,317,388,142,176,0,0,,,,,,,,,,,,,,,,,,,,
2026-07-23 15:24:40,255617.937500,A0DB8AF16E20,0002,male,C57BL/6,1.1.1,FR1_Approach,0,PelletTaken,317,388,142,176,0,0,9.817,538.000,0,2,,,,,,,,,,,,,,,,
2026-07-23 15:26:53,255751.265625,A0DB8AF16E20,0002,male,C57BL/6,1.1.1,FR1_Approach,0,Status,317,388,142,176,0,0,,,,,Disabled,25.2,41.2,1005.9,8.2,2.362,974.000,247720,339964,179940,51019,3.73,24.82
2026-07-23 15:30:53,255991.250000,A0DB8AF16E20,0002,male,C57BL/6,1.1.1,FR1_Approach,0,Center,317,388,142,177,0,0,,,,,,,,,,,,,,,,,,,,
2026-07-23 15:31:01,255998.812500,A0DB8AF16E20,0002,male,C57BL/6,1.1.1,FR1_Approach,0,Left,317,389,142,177,0,0,,,,,,,,,,,,,,,,,,,,
2026-07-23 15:31:02,256000.312500,A0DB8AF16E20,0002,male,C57BL/6,1.1.1,FR1_Approach,0,Approach,317,389,142,177,0,0,,,,,,,,,,,,,,,,,,,,
2026-07-23 15:31:07,256005.656250,A0DB8AF16E20,0002,male,C57BL/6,1.1.1,FR1_Approach,0,PelletDrop,318,389,142,177,0,0,,,,,,,,,,,,,,,,,,,,
2026-07-23 15:31:17,256015.156250,A0DB8AF16E20,0002,male,C57BL/6,1.1.1,FR1_Approach,0,PelletTaken,318,389,142,177,0,0,8.640,11.000,0,2,,,,,,,,,,,,,,,,
2026-07-23 15:38:57,256476.109375,A0DB8AF16E20,0002,male,C57BL/6,1.1.1,FR1_Approach,0,Status,318,389,142,177,0,0,,,,,Disabled,25.2,41.5,1005.8,8.1,2.282,928.000,247720,339964,179940,51152,3.73,23.96
2026-07-23 15:51:11,257210.921875,A0DB8AF16E20,0002,male,C57BL/6,1.1.1,FR1_Approach,0,Status,318,389,142,177,0,0,,,,,Disabled,25.3,41.4,1005.7,8.1,2.254,919.000,247720,339964,179940,51289,3.73,23.53
2026-07-23 16:03:12,257932.703125,A0DB8AF16E20,0002,male,C57BL/6,1.1.1,FR1_Approach,0,Status,318,389,142,177,0,0,,,,,Disabled,25.3,41.5,1005.6,8.1,2.340,944.000,247720,339964,179940,51426,3.73,23.10
2026-07-23 16:15:10,258651.562500,A0DB8AF16E20,0002,male,C57BL/6,1.1.1,FR1_Approach,0,Status,318,389,142,177,0,0,,,,,Disabled,25.3,41.5,1005.5,8.1,2.326,946.000,247720,339964,179940,51563,3.73,22.67
2026-07-23 16:27:10,259372.343750,A0DB8AF16E20,0002,male,C57BL/6,1.1.1,FR1_Approach,0,Status,318,389,142,177,0,0,,,,,Disabled,25.3,41.4,1005.4,8.1,2.268,910.000,247720,339964,179940,51700,3.73,21.81
2026-07-23 16:39:14,260097.218750,A0DB8AF16E20,0002,male,C57BL/6,1.1.1,FR1_Approach,0,Status,318,389,142,177,0,0,,,,,Disabled,25.4,41.3,1005.2,8.1,2.239,911.000,247720,339964,179940,51837,3.73,21.38
2026-07-23 16:49:47,260730.968750,A0DB8AF16E20,0002,male,C57BL/6,1.1.1,FR1_Approach,0,Status,318,389,142,177,0,0,,,,,Disabled,25.1,43.0,1005.1,8.3,2.308,937.000,247720,339964,179940,51974,3.72,20.95
2026-07-23 17:01:45,261449.906250,A0DB8AF16E20,0002,male,C57BL/6,1.1.1,FR1_Approach,0,Status,318,389,142,177,0,0,,,,,Disabled,25.1,41.4,1005.0,8.3,2.203,893.000,247720,339964,179940,52111,3.72,20.52
2026-07-23 17:08:22,261847.218750,A0DB8AF16E20,0002,male,C57BL/6,1.1.1,FR1_Approach,0,Left,318,390,142,177,0,0,,,,,,,,,,,,,,,,,,,,
2026-07-23 17:08:24,261848.687500,A0DB8AF16E20,0002,male,C57BL/6,1.1.1,FR1_Approach,0,Approach,318,390,142,177,0,0,,,,,,,,,,,,,,,,,,,,
2026-07-23 17:08:29,261854.031250,A0DB8AF16E20,0002,male,C57BL/6,1.1.1,FR1_Approach,0,PelletDrop,319,390,142,177,0,0,,,,,,,,,,,,,,,,,,,,
2026-07-23 17:08:40,261865.375000,A0DB8AF16E20,0002,male,C57BL/6,1.1.1,FR1_Approach,0,PelletTaken,319,390,142,177,0,0,10.476,824.000,0,2,,,,,,,,,,,,,,,,
2026-07-23 17:09:09,261893.703125,A0DB8AF16E20,0002,male,C57BL/6,1.1.1,FR1_Approach,0,Left,319,391,142,177,0,0,,,,,,,,,,,,,,,,,,,,
2026-07-23 17:09:10,261895.171875,A0DB8AF16E20,0002,male,C57BL/6,1.1.1,FR1_Approach,0,Approach,319,391,142,177,0,0,,,,,,,,,,,,,,,,,,,,
2026-07-23 17:09:13,261898.296875,A0DB8AF16E20,0002,male,C57BL/6,1.1.1,FR1_Approach,0,PelletDrop,320,391,142,177,0,0,,,,,,,,,,,,,,,,,,,,
2026-07-23 17:09:15,261899.765625,A0DB8AF16E20,0002,male,C57BL/6,1.1.1,FR1_Approach,0,PelletNotDetected,320,391,142,177,0,0,,,,,,,,,,,,,,,,,,,,
2026-07-23 17:09:50,261934.812500,A0DB8AF16E20,0002,male,C57BL/6,1.1.1,FR1_Approach,0,Left,320,392,142,177,0,0,,,,,,,,,,,,,,,,,,,,
2026-07-23 17:09:51,261936.281250,A0DB8AF16E20,0002,male,C57BL/6,1.1.1,FR1_Approach,0,Approach,320,392,142,177,0,0,,,,,,,,,,,,,,,,,,,,
2026-07-23 17:09:55,261939.890625,A0DB8AF16E20,0002,male,C57BL/6,1.1.1,FR1_Approach,0,PelletDrop,321,392,142,177,0,0,,,,,,,,,,,,,,,,,,,,
2026-07-23 17:09:56,261941.406250,A0DB8AF16E20,0002,male,C57BL/6,1.1.1,FR1_Approach,0,PelletTaken,321,392,142,177,0,0,0.633,1378.000,0,2,,,,,,,,,,,,,,,,
2026-07-23 17:12:15,262080.781250,A0DB8AF16E20,0002,male,C57BL/6,1.1.1,FR1_Approach,0,Status,321,392,142,177,0,0,,,,,Disabled,25.0,42.9,1005.0,8.3,2.452,974.000,247720,339964,179940,52241,3.74,19.83
2026-07-23 17:22:48,262714.531250,A0DB8AF16E20,0002,male,C57BL/6,1.1.1,FR1_Approach,0,Status,321,392,142,177,0,0,,,,,Disabled,24.7,43.2,1004.9,8.5,2.441,972.000,247720,339964,179940,52378,3.74,19.83
2026-07-23 17:33:21,263348.312500,A0DB8AF16E20,0002,male,C57BL/6,1.1.1,FR1_Approach,0,Status,321,392,142,177,0,0,,,,,Disabled,24.5,43.4,1004.9,8.6,2.455,978.000,247720,339964,179940,52515,3.74,19.57
2026-07-23 17:45:24,264072.187500,A0DB8AF16E20,0002,male,C57BL/6,1.1.1,FR1_Approach,0,Status,321,392,142,177,0,0,,,,,Disabled,24.7,41.6,1004.8,8.4,2.462,980.000,247720,339964,179940,52652,3.73,19.31
2026-07-23 17:55:57,264705.937500,A0DB8AF16E20,0002,male,C57BL/6,1.1.1,FR1_Approach,0,Status,321,392,142,177,0,0,,,,,Disabled,24.5,43.3,1004.7,8.6,2.398,956.000,247720,339964,179940,52789,3.74,19.05
2026-07-23 17:59:30,264919.125000,A0DB8AF16E20,0002,male,C57BL/6,1.1.1,FR1_Approach,0,Left,321,393,142,177,0,0,,,,,,,,,,,,,,,,,,,,
2026-07-23 17:59:31,264920.593750,A0DB8AF16E20,0002,male,C57BL/6,1.1.1,FR1_Approach,0,Approach,321,393,142,177,0,0,,,,,,,,,,,,,,,,,,,,
2026-07-23 17:59:39,264928.093750,A0DB8AF16E20,0002,male,C57BL/6,1.1.1,FR1_Approach,0,PelletDrop,322,393,142,177,0,0,,,,,,,,,,,,,,,,,,,,
2026-07-23 17:59:47,264936.343750,A0DB8AF16E20,0002,male,C57BL/6,1.1.1,FR1_Approach,0,PelletTaken,322,393,142,177,0,0,7.376,217.000,0,3,,,,,,,,,,,,,,,,
2026-07-23 18:00:35,264984.468750,A0DB8AF16E20,0002,male,C57BL/6,1.1.1,FR1_Approach,0,Left,322,394,142,177,0,0,,,,,,,,,,,,,,,,,,,,
2026-07-23 18:00:36,264985.937500,A0DB8AF16E20,0002,male,C57BL/6,1.1.1,FR1_Approach,0,Approach,322,394,142,177,0,0,,,,,,,,,,,,,,,,,,,,
2026-07-23 18:00:42,264991.312500,A0DB8AF16E20,0002,male,C57BL/6,1.1.1,FR1_Approach,0,PelletDrop,323,394,142,177,0,0,,,,,,,,,,,,,,,,,,,,
2026-07-23 18:00:52,265001.718750,A0DB8AF16E20,0002,male,C57BL/6,1.1.1,FR1_Approach,0,PelletTaken,323,394,142,177,0,0,9.541,177.000,0,2,,,,,,,,,,,,,,,,
2026-07-23 18:01:22,265031.562500,A0DB8AF16E20,0002,male,C57BL/6,1.1.1,FR1_Approach,0,Left,323,395,142,177,0,0,,,,,,,,,,,,,,,,,,,,
2026-07-23 18:01:23,265033.031250,A0DB8AF16E20,0002,male,C57BL/6,1.1.1,FR1_Approach,0,Approach,323,395,142,177,0,0,,,,,,,,,,,,,,,,,,,,
2026-07-23 18:01:29,265038.375000,A0DB8AF16E20,0002,male,C57BL/6,1.1.1,FR1_Approach,0,PelletDrop,324,395,142,177,0,0,,,,,,,,,,,,,,,,,,,,
2026-07-23 18:01:39,265048.937500,A0DB8AF16E20,0002,male,C57BL/6,1.1.1,FR1_Approach,0,PelletTaken,324,395,142,177,0,0,9.684,385.000,0,2,,,,,,,,,,,,,,,,
2026-07-23 18:06:27,265337.062500,A0DB8AF16E20,0002,male,C57BL/6,1.1.1,FR1_Approach,0,Status,324,395,142,177,0,0,,,,,Disabled,24.4,43.5,1004.7,8.6,0.000,0.000,247720,339964,179940,52914,3.73,18.80
2026-07-23 18:14:22,265812.218750,A0DB8AF16E20,0002,male,C57BL/6,1.1.1,FR1_Approach,0,Left,324,396,142,177,0,0,,,,,,,,,,,,,,,,,,,,
2026-07-23 18:14:23,265813.718750,A0DB8AF16E20,0002,male,C57BL/6,1.1.1,FR1_Approach,0,Approach,324,396,142,177,0,0,,,,,,,,,,,,,,,,,,,,
2026-07-23 18:14:26,265816.812500,A0DB8AF16E20,0002,male,C57BL/6,1.1.1,FR1_Approach,0,PelletDrop,325,396,142,177,0,0,,,,,,,,,,,,,,,,,,,,
2026-07-23 18:14:28,265818.281250,A0DB8AF16E20,0002,male,C57BL/6,1.1.1,FR1_Approach,0,PelletNotDetected,325,396,142,177,0,0,,,,,,,,,,,,,,,,,,,,
2026-07-23 18:14:54,265844.812500,A0DB8AF16E20,0002,male,C57BL/6,1.1.1,FR1_Approach,0,Left,325,397,142,177,0,0,,,,,,,,,,,,,,,,,,,,
2026-07-23 18:14:56,265846.281250,A0DB8AF16E20,0002,male,C57BL/6,1.1.1,FR1_Approach,0,Approach,325,397,142,177,0,0,,,,,,,,,,,,,,,,,,,,
2026-07-23 18:15:01,265851.593750,A0DB8AF16E20,0002,male,C57BL/6,1.1.1,FR1_Approach,0,PelletDrop,326,397,142,177,0,0,,,,,,,,,,,,,,,,,,,,
2026-07-23 18:15:13,265863.375000,A0DB8AF16E20,0002,male,C57BL/6,1.1.1,FR1_Approach,0,PelletTaken,326,397,142,177,0,0,10.928,596.000,0,3,,,,,,,,,,,,,,,,
2026-07-23 18:18:29,266059.531250,A0DB8AF16E20,0002,male,C57BL/6,1.1.1,FR1_Approach,0,Status,326,397,142,177,0,0,,,,,Disabled,24.5,41.8,1004.6,8.3,0.000,0.000,247720,339964,179940,53046,3.72,18.54
2026-07-23 18:29:02,266693.281250,A0DB8AF16E20,0002,male,C57BL/6,1.1.1,FR1_Approach,0,Status,326,397,142,177,0,0,,,,,Disabled,24.4,43.7,1004.5,8.3,0.000,0.000,247720,339964,179940,53183,3.73,18.28
2026-07-23 18:39:35,267327.062500,A0DB8AF16E20,0002,male,C57BL/6,1.1.1,FR1_Approach,0,Status,326,397,142,177,0,0,,,,,Disabled,24.3,43.9,1004.5,8.5,0.000,0.000,247720,339964,179940,53320,3.73,18.02
2026-07-23 18:51:36,268049.000000,A0DB8AF16E20,0002,male,C57BL/6,1.1.1,FR1_Approach,0,Status,326,397,142,177,0,0,,,,,Disabled,24.5,42.2,1004.4,8.3,0.000,0.000,247720,339964,179940,53457,3.71,17.76
2026-07-23 19:02:09,268682.750000,A0DB8AF16E20,0002,male,C57BL/6,1.1.1,FR1_Approach,0,Status,326,397,142,177,0,0,,,,,Disabled,24.3,43.9,1004.4,8.3,0.000,0.000,247720,339964,179940,53594,3.71,17.50
2026-07-23 19:09:41,269135.468750,A0DB8AF16E20,0002,male,C57BL/6,1.1.1,FR1_Approach,0,Left,326,398,142,177,0,0,,,,,,,,,,,,,,,,,,,,
2026-07-23 19:09:42,269136.937500,A0DB8AF16E20,0002,male,C57BL/6,1.1.1,FR1_Approach,0,Approach,326,398,142,177,0,0,,,,,,,,,,,,,,,,,,,,
2026-07-23 19:09:47,269142.281250,A0DB8AF16E20,0002,male,C57BL/6,1.1.1,FR1_Approach,0,PelletDrop,327,398,142,177,0,0,,,,,,,,,,,,,,,,,,,,
2026-07-23 19:09:56,269151.031250,A0DB8AF16E20,0002,male,C57BL/6,1.1.1,FR1_Approach,0,PelletTaken,327,398,142,177,0,0,7.892,299.000,0,2,,,,,,,,,,,,,,,,
2026-07-23 19:10:21,269176.000000,A0DB8AF16E20,0002,male,C57BL/6,1.1.1,FR1_Approach,0,Left,327,399,142,177,0,0,,,,,,,,,,,,,,,,,,,,
2026-07-23 19:10:23,269177.468750,A0DB8AF16E20,0002,male,C57BL/6,1.1.1,FR1_Approach,0,Approach,327,399,142,177,0,0,,,,,,,,,,,,,,,,,,,,
2026-07-23 19:10:28,269182.812500,A0DB8AF16E20,0002,male,C57BL/6,1.1.1,FR1_Approach,0,PelletDrop,328,399,142,177,0,0,,,,,,,,,,,,,,,,,,,,
2026-07-23 19:10:40,269195.312500,A0DB8AF16E20,0002,male,C57BL/6,1.1.1,FR1_Approach,0,PelletTaken,328,399,142,177,0,0,11.599,158.000,0,2,,,,,,,,,,,,,,,,
2026-07-23 19:12:42,269317.343750,A0DB8AF16E20,0002,male,C57BL/6,1.1.1,FR1_Approach,0,Status,328,399,142,177,0,0,,,,,Disabled,24.3,43.8,1004.4,8.5,0.000,0.000,247720,339964,179940,53724,3.71,17.24
2026-07-23 19:22:18,269893.250000,A0DB8AF16E20,0002,male,C57BL/6,1.1.1,FR1_Approach,0,Right,328,399,143,177,0,0,,,,,,,,,,,,,,,,,,,,
2026-07-23 19:22:21,269896.281250,A0DB8AF16E20,0002,male,C57BL/6,1.1.1,FR1_Approach,0,Left,328,400,143,177,0,0,,,,,,,,,,,,,,,,,,,,
2026-07-23 19:22:22,269897.750000,A0DB8AF16E20,0002,male,C57BL/6,1.1.1,FR1_Approach,0,Approach,328,400,143,177,0,0,,,,,,,,,,,,,,,,,,,,
2026-07-23 19:22:26,269901.375000,A0DB8AF16E20,0002,male,C57BL/6,1.1.1,FR1_Approach,0,PelletDrop,329,400,143,177,0,0,,,,,,,,,,,,,,,,,,,,
2026-07-23 19:22:27,269902.843750,A0DB8AF16E20,0002,male,C57BL/6,1.1.1,FR1_Approach,0,PelletNotDetected,329,400,143,177,0,0,,,,,,,,,,,,,,,,,,,,
2026-07-23 19:23:15,269950.343750,A0DB8AF16E20,0002,male,C57BL/6,1.1.1,FR1_Approach,0,Status,329,400,143,177,0,0,,,,,Disabled,24.2,44.1,1004.4,8.5,0.000,0.000,247720,339964,179940,53860,3.71,16.98
2026-07-23 19:23:23,269959.000000,A0DB8AF16E20,0002,male,C57BL/6,1.1.1,FR1_Approach,0,Left,329,401,143,177,0,0,,,,,,,,,,,,,,,,,,,,
2026-07-23 19:23:25,269960.468750,A0DB8AF16E20,0002,male,C57BL/6,1.1.1,FR1_Approach,0,Approach,329,401,143,177,0,0,,,,,,,,,,,,,,,,,,,,
2026-07-23 19:23:28,269963.593750,A0DB8AF16E20,0002,male,C57BL/6,1.1.1,FR1_Approach,0,PelletDrop,330,401,143,177,0,0,,,,,,,,,,,,,,,,,,,,
2026-07-23 19:23:29,269965.062500,A0DB8AF16E20,0002,male,C57BL/6,1.1.1,FR1_Approach,0,PelletNotDetected,330,401,143,177,0,0,,,,,,,,,,,,,,,,,,,,
2026-07-23 19:23:58,269993.375000,A0DB8AF16E20,0002,male,C57BL/6,1.1.1,FR1_Approach,0,Right,330,401,144,177,0,0,,,,,,,,,,,,,,,,,,,,
2026-07-23 19:26:04,270119.750000,A0DB8AF16E20,0002,male,C57BL/6,1.1.1,FR1_Approach,0,Left,330,402,144,177,0,0,,,,,,,,,,,,,,,,,,,,
2026-07-23 19:26:05,270121.250000,A0DB8AF16E20,0002,male,C57BL/6,1.1.1,FR1_Approach,0,Approach,330,402,144,177,0,0,,,,,,,,,,,,,,,,,,,,
2026-07-23 19:26:08,270124.468750,A0DB8AF16E20,0002,male,C57BL/6,1.1.1,FR1_Approach,0,PelletDrop,331,402,144,177,0,0,,,,,,,,,,,,,,,,,,,,
2026-07-23 19:26:09,270125.437500,A0DB8AF16E20,0002,male,C57BL/6,1.1.1,FR1_Approach,0,PelletTaken,331,402,144,177,0,0,0.104,255.000,0,3,,,,,,,,,,,,,,,,
2026-07-23 19:35:15,270671.156250,A0DB8AF16E20,0002,male,C57BL/6,1.1.1,FR1_Approach,0,Status,331,402,144,177,0,0,,,,,Disabled,24.5,42.3,1004.5,8.3,0.000,0.000,247720,339964,179940,53995,3.70,16.73
2026-07-23 19:37:12,270788.750000,A0DB8AF16E20,0002,male,C57BL/6,1.1.1,FR1_Approach,0,Left,331,403,144,177,0,0,,,,,,,,,,,,,,,,,,,,
2026-07-23 19:37:14,270790.218750,A0DB8AF16E20,0002,male,C57BL/6,1.1.1,FR1_Approach,0,Approach,331,403,144,177,0,0,,,,,,,,,,,,,,,,,,,,
2026-07-23 19:37:17,270793.281250,A0DB8AF16E20,0002,male,C57BL/6,1.1.1,FR1_Approach,0,PelletDrop,332,403,144,177,0,0,,,,,,,,,,,,,,,,,,,,
2026-07-23 19:37:18,270794.781250,A0DB8AF16E20,0002,male,C57BL/6,1.1.1,FR1_Approach,0,PelletNotDetected,332,403,144,177,0,0,,,,,,,,,,,,,,,,,,,,
2026-07-23 19:45:49,271306.031250,A0DB8AF16E20,0002,male,C57BL/6,1.1.1,FR1_Approach,0,Status,332,403,144,177,0,0,,,,,Disabled,24.4,43.9,1004.5,8.3,0.000,0.000,247720,339964,179940,54131,3.71,16.47
2026-07-23 19:49:01,271498.843750,A0DB8AF16E20,0002,male,C57BL/6,1.1.1,FR1_Approach,0,Left,332,404,144,177,0,0,,,,,,,,,,,,,,,,,,,,
2026-07-23 19:49:03,271500.312500,A0DB8AF16E20,0002,male,C57BL/6,1.1.1,FR1_Approach,0,Approach,332,404,144,177,0,0,,,,,,,,,,,,,,,,,,,,
2026-07-23 19:49:05,271502.375000,A0DB8AF16E20,0002,male,C57BL/6,1.1.1,FR1_Approach,0,PelletDrop,333,404,144,177,0,0,,,,,,,,,,,,,,,,,,,,
2026-07-23 19:49:06,271503.343750,A0DB8AF16E20,0002,male,C57BL/6,1.1.1,FR1_Approach,0,PelletTaken,333,404,144,177,0,0,0.105,148.000,0,1,,,,,,,,,,,,,,,,
2026-07-23 19:49:31,271528.781250,A0DB8AF16E20,0002,male,C57BL/6,1.1.1,FR1_Approach,0,Left,333,405,144,177,0,0,,,,,,,,,,,,,,,,,,,,
2026-07-23 19:49:33,271530.781250,A0DB8AF16E20,0002,male,C57BL/6,1.1.1,FR1_Approach,0,Approach,333,405,144,177,0,0,,,,,,,,,,,,,,,,,,,,
2026-07-23 19:49:39,271536.125000,A0DB8AF16E20,0002,male,C57BL/6,1.1.1,FR1_Approach,0,PelletDrop,334,405,144,177,0,0,,,,,,,,,,,,,,,,,,,,
2026-07-23 19:49:47,271544.562500,A0DB8AF16E20,0002,male,C57BL/6,1.1.1,FR1_Approach,0,PelletTaken,334,405,144,177,0,0,7.595,551.000,0,2,,,,,,,,,,,,,,,,
2026-07-23 19:50:12,271569.156250,A0DB8AF16E20,0002,male,C57BL/6,1.1.1,FR1_Approach,0,Left,334,406,144,177,0,0,,,,,,,,,,,,,,,,,,,,
2026-07-23 19:50:13,271570.656250,A0DB8AF16E20,0002,male,C57BL/6,1.1.1,FR1_Approach,0,Approach,334,406,144,177,0,0,,,,,,,,,,,,,,,,,,,,
2026-07-23 19:50:19,271576.000000,A0DB8AF16E20,0002,male,C57BL/6,1.1.1,FR1_Approach,0,PelletDrop,335,406,144,177,0,0,,,,,,,,,,,,,,,,,,,,
2026-07-23 19:50:26,271583.843750,A0DB8AF16E20,0002,male,C57BL/6,1.1.1,FR1_Approach,0,PelletTaken,335,406,144,177,0,0,6.979,618.000,0,2,,,,,,,,,,,,,,,,
2026-07-23 19:51:02,271619.250000,A0DB8AF16E20,0002,male,C57BL/6,1.1.1,FR1_Approach,0,Left,335,407,144,177,0,0,,,,,,,,,,,,,,,,,,,,
2026-07-23 19:51:03,271620.718750,A0DB8AF16E20,0002,male,C57BL/6,1.1.1,FR1_Approach,0,Approach,335,407,144,177,0,0,,,,,,,,,,,,,,,,,,,,
2026-07-23 19:51:11,271628.281250,A0DB8AF16E20,0002,male,C57BL/6,1.1.1,FR1_Approach,0,PelletDrop,336,407,144,177,0,0,,,,,,,,,,,,,,,,,,,,
2026-07-23 19:51:21,271638.031250,A0DB8AF16E20,0002,male,C57BL/6,1.1.1,FR1_Approach,0,PelletTaken,336,407,144,177,0,0,8.892,623.000,0,3,,,,,,,,,,,,,,,,
2026-07-23 19:56:21,271939.312500,A0DB8AF16E20,0002,male,C57BL/6,1.1.1,FR1_Approach,0,Status,336,407,144,177,0,0,,,,,Disabled,24.4,43.8,1004.5,8.4,0.000,0.000,247720,339964,179940,54256,3.71,16.21
2026-07-23 20:06:54,272573.093750,A0DB8AF16E20,0002,male,C57BL/6,1.1.1,FR1_Approach,0,Status,336,407,144,177,0,0,,,,,Disabled,24.3,43.9,1004.5,8.5,0.000,0.000,247720,339964,179940,54393,3.71,15.95
2026-07-23 20:11:52,272871.218750,A0DB8AF16E20,0002,male,C57BL/6,1.1.1,FR1_Approach,0,Left,336,408,144,177,0,0,,,,,,,,,,,,,,,,,,,,
2026-07-23 20:11:54,272872.718750,A0DB8AF16E20,0002,male,C57BL/6,1.1.1,FR1_Approach,0,Approach,336,408,144,177,0,0,,,,,,,,,,,,,,,,,,,,
2026-07-23 20:11:59,272878.031250,A0DB8AF16E20,0002,male,C57BL/6,1.1.1,FR1_Approach,0,PelletDrop,337,408,144,177,0,0,,,,,,,,,,,,,,,,,,,,
2026-07-23 20:12:09,272888.406250,A0DB8AF16E20,0002,male,C57BL/6,1.1.1,FR1_Approach,0,PelletTaken,337,408,144,177,0,0,9.498,207.000,0,2,,,,,,,,,,,,,,,,
2026-07-23 20:13:07,272946.406250,A0DB8AF16E20,0002,male,C57BL/6,1.1.1,FR1_Approach,0,Left,337,409,144,177,0,0,,,,,,,,,,,,,,,,,,,,
2026-07-23 20:13:09,272947.875000,A0DB8AF16E20,0002,male,C57BL/6,1.1.1,FR1_Approach,0,Approach,337,409,144,177,0,0,,,,,,,,,,,,,,,,,,,,
2026-07-23 20:13:14,272953.218750,A0DB8AF16E20,0002,male,C57BL/6,1.1.1,FR1_Approach,0,PelletDrop,338,409,144,177,0,0,,,,,,,,,,,,,,,,,,,,
2026-07-23 20:13:23,272962.593750,A0DB8AF16E20,0002,male,C57BL/6,1.1.1,FR1_Approach,0,PelletTaken,338,409,144,177,0,0,8.519,552.000,0,2,,,,,,,,,,,,,,,,
2026-07-23 20:15:10,273069.125000,A0DB8AF16E20,0002,male,C57BL/6,1.1.1,FR1_Approach,0,Left,338,410,144,177,0,0,,,,,,,,,,,,,,,,,,,,
2026-07-23 20:15:11,273070.593750,A0DB8AF16E20,0002,male,C57BL/6,1.1.1,FR1_Approach,0,Approach,338,410,144,177,0,0,,,,,,,,,,,,,,,,,,,,
2026-07-23 20:15:17,273076.312500,A0DB8AF16E20,0002,male,C57BL/6,1.1.1,FR1_Approach,0,PelletDrop,339,410,144,177,0,0,,,,,,,,,,,,,,,,,,,,
2026-07-23 20:15:26,273085.656250,A0DB8AF16E20,0002,male,C57BL/6,1.1.1,FR1_Approach,0,PelletTaken,339,410,144,177,0,0,8.464,812.000,0,2,,,,,,,,,,,,,,,,
2026-07-23 20:19:03,273302.437500,A0DB8AF16E20,0002,male,C57BL/6,1.1.1,FR1_Approach,0,Status,339,410,144,177,0,0,,,,,Disabled,24.6,41.8,1004.6,8.3,0.000,0.000,247720,339964,179940,54518,3.70,15.69
2026-07-23 20:24:21,273620.093750,A0DB8AF16E20,0002,male,C57BL/6,1.1.1,FR1_Approach,0,Left,339,411,144,177,0,0,,,,,,,,,,,,,,,,,,,,
2026-07-23 20:24:22,273621.562500,A0DB8AF16E20,0002,male,C57BL/6,1.1.1,FR1_Approach,0,Approach,339,411,144,177,0,0,,,,,,,,,,,,,,,,,,,,
2026-07-23 20:24:30,273629.125000,A0DB8AF16E20,0002,male,C57BL/6,1.1.1,FR1_Approach,0,PelletDrop,340,411,144,177,0,0,,,,,,,,,,,,,,,,,,,,
2026-07-23 20:24:36,273635.125000,A0DB8AF16E20,0002,male,C57BL/6,1.1.1,FR1_Approach,0,PelletTaken,340,411,144,177,0,0,5.120,194.000,0,3,,,,,,,,,,,,,,,,
2026-07-23 20:25:36,273695.718750,A0DB8AF16E20,0002,male,C57BL/6,1.1.1,FR1_Approach,0,Right,340,411,145,177,0,0,,,,,,,,,,,,,,,,,,,,
2026-07-23 20:29:36,273935.687500,A0DB8AF16E20,0002,male,C57BL/6,1.1.1,FR1_Approach,0,Status,340,411,145,177,0,0,,,,,Disabled,24.5,43.8,1004.6,8.3,0.000,0.000,247720,339964,179940,54653,3.70,15.43
2026-07-23 20:37:05,274384.843750,A0DB8AF16E20,0002,male,C57BL/6,1.1.1,FR1_Approach,0,Left,340,412,145,177,0,0,,,,,,,,,,,,,,,,,,,,
2026-07-23 20:37:06,274386.343750,A0DB8AF16E20,0002,male,C57BL/6,1.1.1,FR1_Approach,0,Approach,340,412,145,177,0,0,,,,,,,,,,,,,,,,,,,,
2026-07-23 20:37:11,274391.656250,A0DB8AF16E20,0002,male,C57BL/6,1.1.1,FR1_Approach,0,PelletDrop,341,412,145,177,0,0,,,,,,,,,,,,,,,,,,,,
2026-07-23 20:37:21,274401.500000,A0DB8AF16E20,0002,male,C57BL/6,1.1.1,FR1_Approach,0,PelletTaken,341,412,145,177,0,0,8.947,301.000,0,2,,,,,,,,,,,,,,,,
2026-07-23 20:37:44,274423.937500,A0DB8AF16E20,0002,male,C57BL/6,1.1.1,FR1_Approach,0,Left,341,413,145,177,0,0,,,,,,,,,,,,,,,,,,,,
2026-07-23 20:37:45,274425.406250,A0DB8AF16E20,0002,male,C57BL/6,1.1.1,FR1_Approach,0,Approach,341,413,145,177,0,0,,,,,,,,,,,,,,,,,,,,
2026-07-23 20:37:50,274430.750000,A0DB8AF16E20,0002,male,C57BL/6,1.1.1,FR1_Approach,0,PelletDrop,342,413,145,177,0,0,,,,,,,,,,,,,,,,,,,,
2026-07-23 20:37:58,274438.531250,A0DB8AF16E20,0002,male,C57BL/6,1.1.1,FR1_Approach,0,PelletTaken,342,413,145,177,0,0,6.912,245.000,0,2,,,,,,,,,,,,,,,,
2026-07-23 20:41:34,274654.937500,A0DB8AF16E20,0002,male,C57BL/6,1.1.1,FR1_Approach,0,Status,342,413,145,177,0,0,,,,,Disabled,24.7,42.1,1004.7,8.2,0.000,0.000,247720,339964,179940,54783,3.70,15.17
2026-07-23 20:53:59,275400.843750,A0DB8AF16E20,0002,male,C57BL/6,1.1.1,FR1_Approach,0,Status,342,413,145,177,0,0,,,,,Disabled,24.9,41.9,1004.7,8.1,0.000,0.000,247720,339964,179940,54920,3.72,14.91
2026-07-23 20:54:40,275441.218750,A0DB8AF16E20,0002,male,C57BL/6,1.1.1,FR1_Approach,0,Left,342,414,145,177,0,0,,,,,,,,,,,,,,,,,,,,
2026-07-23 20:54:41,275442.937500,A0DB8AF16E20,0002,male,C57BL/6,1.1.1,FR1_Approach,0,Approach,342,414,145,177,0,0,,,,,,,,,,,,,,,,,,,,
2026-07-23 20:54:47,275448.281250,A0DB8AF16E20,0002,male,C57BL/6,1.1.1,FR1_Approach,0,PelletDrop,343,414,145,177,0,0,,,,,,,,,,,,,,,,,,,,
2026-07-23 20:54:55,275456.437500,A0DB8AF16E20,0002,male,C57BL/6,1.1.1,FR1_Approach,0,PelletTaken,343,414,145,177,0,0,7.309,500.000,0,2,,,,,,,,,,,,,,,,
2026-07-23 21:06:08,276130.593750,A0DB8AF16E20,0002,male,C57BL/6,1.1.1,FR1_Approach,0,Status,343,414,145,177,0,0,,,,,Disabled,25.1,42.0,1004.7,8.0,0.000,0.000,247720,339964,179940,55053,3.70,14.40
2026-07-23 21:06:30,276152.437500,A0DB8AF16E20,0002,male,C57BL/6,1.1.1,FR1_Approach,0,Left,343,415,145,177,0,0,,,,,,,,,,,,,,,,,,,,
2026-07-23 21:06:32,276154.156250,A0DB8AF16E20,0002,male,C57BL/6,1.1.1,FR1_Approach,0,Approach,343,415,145,177,0,0,,,,,,,,,,,,,,,,,,,,
2026-07-23 21:06:37,276159.531250,A0DB8AF16E20,0002,male,C57BL/6,1.1.1,FR1_Approach,0,PelletDrop,344,415,145,177,0,0,,,,,,,,,,,,,,,,,,,,
2026-07-23 21:06:44,276166.500000,A0DB8AF16E20,0002,male,C57BL/6,1.1.1,FR1_Approach,0,PelletTaken,344,415,145,177,0,0,6.098,1766.000,0,2,,,,,,,,,,,,,,,,
2026-07-23 21:08:47,276289.812500,A0DB8AF16E20,0002,male,C57BL/6,1.1.1,FR1_Approach,0,Left,344,416,145,177,0,0,,,,,,,,,,,,,,,,,,,,
2026-07-23 21:08:49,276291.281250,A0DB8AF16E20,0002,male,C57BL/6,1.1.1,FR1_Approach,0,Approach,344,416,145,177,0,0,,,,,,,,,,,,,,,,,,,,
2026-07-23 21:08:55,276297.031250,A0DB8AF16E20,0002,male,C57BL/6,1.1.1,FR1_Approach,0,PelletDrop,345,416,145,177,0,0,,,,,,,,,,,,,,,,,,,,
2026-07-23 21:09:05,276307.156250,A0DB8AF16E20,0002,male,C57BL/6,1.1.1,FR1_Approach,0,PelletTaken,345,416,145,177,0,0,9.266,167.000,0,2,,,,,,,,,,,,,,,,
2026-07-23 21:18:10,276853.343750,A0DB8AF16E20,0002,male,C57BL/6,1.1.1,FR1_Approach,0,Status,345,416,145,177,0,0,,,,,Disabled,25.1,42.1,1004.8,8.0,0.000,0.000,247720,339964,179940,55182,3.71,14.14
2026-07-23 21:30:18,277582.218750,A0DB8AF16E20,0002,male,C57BL/6,1.1.1,FR1_Approach,0,Status,345,416,145,177,0,0,,,,,Disabled,25.2,42.0,1004.9,8.1,0.000,0.000,247720,339964,179940,55319,3.69,13.88
2026-07-23 21:31:27,277650.968750,A0DB8AF16E20,0002,male,C57BL/6,1.1.1,FR1_Approach,0,Left,345,417,145,177,0,0,,,,,,,,,,,,,,,,,,,,
2026-07-23 21:31:28,277652.437500,A0DB8AF16E20,0002,male,C57BL/6,1.1.1,FR1_Approach,0,Approach,345,417,145,177,0,0,,,,,,,,,,,,,,,,,,,,
2026-07-23 21:31:36,277660.000000,A0DB8AF16E20,0002,male,C57BL/6,1.1.1,FR1_Approach,0,PelletDrop,346,417,145,177,0,0,,,,,,,,,,,,,,,,,,,,
2026-07-23 21:31:45,277668.875000,A0DB8AF16E20,0002,male,C57BL/6,1.1.1,FR1_Approach,0,PelletTaken,346,417,145,177,0,0,8.001,215.000,0,3,,,,,,,,,,,,,,,,
2026-07-23 21:32:17,277700.687500,A0DB8AF16E20,0002,male,C57BL/6,1.1.1,FR1_Approach,0,Left,346,418,145,177,0,0,,,,,,,,,,,,,,,,,,,,
2026-07-23 21:32:18,277702.156250,A0DB8AF16E20,0002,male,C57BL/6,1.1.1,FR1_Approach,0,Approach,346,418,145,177,0,0,,,,,,,,,,,,,,,,,,,,
2026-07-23 21:32:23,277707.500000,A0DB8AF16E20,0002,male,C57BL/6,1.1.1,FR1_Approach,0,PelletDrop,347,418,145,177,0,0,,,,,,,,,,,,,,,,,,,,
2026-07-23 21:32:33,277717.093750,A0DB8AF16E20,0002,male,C57BL/6,1.1.1,FR1_Approach,0,PelletTaken,347,418,145,177,0,0,8.706,253.000,0,2,,,,,,,,,,,,,,,,
2026-07-23 21:33:03,277746.937500,A0DB8AF16E20,0002,male,C57BL/6,1.1.1,FR1_Approach,0,Left,347,419,145,177,0,0,,,,,,,,,,,,,,,,,,,,
2026-07-23 21:33:05,277749.656250,A0DB8AF16E20,0002,male,C57BL/6,1.1.1,FR1_Approach,0,Approach,347,419,145,177,0,0,,,,,,,,,,,,,,,,,,,,
2026-07-23 21:33:09,277752.781250,A0DB8AF16E20,0002,male,C57BL/6,1.1.1,FR1_Approach,0,PelletDrop,348,419,145,177,0,0,,,,,,,,,,,,,,,,,,,,
2026-07-23 21:33:10,277754.250000,A0DB8AF16E20,0002,male,C57BL/6,1.1.1,FR1_Approach,0,PelletNotDetected,348,419,145,177,0,0,,,,,,,,,,,,,,,,,,,,
2026-07-23 21:33:32,277775.968750,A0DB8AF16E20,0002,male,C57BL/6,1.1.1,FR1_Approach,0,Left,348,420,145,177,0,0,,,,,,,,,,,,,,,,,,,,
2026-07-23 21:33:33,277777.437500,A0DB8AF16E20,0002,male,C57BL/6,1.1.1,FR1_Approach,0,Approach,348,420,145,177,0,0,,,,,,,,,,,,,,,,,,,,
2026-07-23 21:33:39,277782.750000,A0DB8AF16E20,0002,male,C57BL/6,1.1.1,FR1_Approach,0,PelletDrop,349,420,145,177,0,0,,,,,,,,,,,,,,,,,,,,
2026-07-23 21:33:50,277793.812500,A0DB8AF16E20,0002,male,C57BL/6,1.1.1,FR1_Approach,0,PelletTaken,349,420,145,177,0,0,10.212,235.000,0,3,,,,,,,,,,,,,,,,
2026-07-23 21:34:30,277834.750000,A0DB8AF16E20,0002,male,C57BL/6,1.1.1,FR1_Approach,0,Left,349,421,145,177,0,0,,,,,,,,,,,,,,,,,,,,
2026-07-23 21:34:34,277837.843750,A0DB8AF16E20,0002,male,C57BL/6,1.1.1,FR1_Approach,0,No_approach,349,421,145,177,0,0,,,,,,,,,,,,,,,,,,,,
2026-07-23 21:34:42,277845.843750,A0DB8AF16E20,0002,male,C57BL/6,1.1.1,FR1_Approach,0,Left,349,422,145,177,0,0,,,,,,,,,,,,,,,,,,,,
2026-07-23 21:34:43,277847.312500,A0DB8AF16E20,0002,male,C57BL/6,1.1.1,FR1_Approach,0,Approach,349,422,145,177,0,0,,,,,,,,,,,,,,,,,,,,
2026-07-23 21:34:49,277853.125000,A0DB8AF16E20,0002,male,C57BL/6,1.1.1,FR1_Approach,0,PelletDrop,350,422,145,177,0,0,,,,,,,,,,,,,,,,,,,,
2026-07-23 21:34:58,277861.812500,A0DB8AF16E20,0002,male,C57BL/6,1.1.1,FR1_Approach,0,PelletTaken,350,422,145,177,0,0,7.848,1994.000,0,2,,,,,,,,,,,,,,,,
2026-07-23 21:42:27,278311.968750,A0DB8AF16E20,0002,male,C57BL/6,1.1.1,FR1_Approach,0,Status,350,422,145,177,0,0,,,,,Disabled,25.3,41.8,1005.0,8.0,0.000,0.000,247720,339964,179940,55438,3.70,13.36
2026-07-23 21:54:37,279042.750000,A0DB8AF16E20,0002,male,C57BL/6,1.1.1,FR1_Approach,0,Status,350,422,145,177,0,0,,,,,Disabled,25.3,41.8,1005.1,8.0,0.000,0.000,247720,339964,179940,55575,3.69,13.10
2026-07-23 22:00:51,279417.187500,A0DB8AF16E20,0002,male,C57BL/6,1.1.1,FR1_Approach,0,Left,350,423,145,177,0,0,,,,,,,,,,,,,,,,,,,,
2026-07-23 22:00:52,279418.656250,A0DB8AF16E20,0002,male,C57BL/6,1.1.1,FR1_Approach,0,Approach,350,423,145,177,0,0,,,,,,,,,,,,,,,,,,,,
2026-07-23 22:00:58,279424.000000,A0DB8AF16E20,0002,male,C57BL/6,1.1.1,FR1_Approach,0,PelletDrop,351,423,145,177,0,0,,,,,,,,,,,,,,,,,,,,
2026-07-23 22:01:09,279435.187500,A0DB8AF16E20,0002,male,C57BL/6,1.1.1,FR1_Approach,0,PelletTaken,351,423,145,177,0,0,10.290,2002.000,0,2,,,,,,,,,,,,,,,,
2026-07-23 22:02:27,279513.625000,A0DB8AF16E20,0002,male,C57BL/6,1.1.1,FR1_Approach,0,Left,351,424,145,177,0,0,,,,,,,,,,,,,,,,,,,,
2026-07-23 22:02:29,279515.093750,A0DB8AF16E20,0002,male,C57BL/6,1.1.1,FR1_Approach,0,Approach,351,424,145,177,0,0,,,,,,,,,,,,,,,,,,,,
2026-07-23 22:02:34,279520.437500,A0DB8AF16E20,0002,male,C57BL/6,1.1.1,FR1_Approach,0,PelletDrop,352,424,145,177,0,0,,,,,,,,,,,,,,,,,,,,
2026-07-23 22:02:46,279532.343750,A0DB8AF16E20,0002,male,C57BL/6,1.1.1,FR1_Approach,0,PelletTaken,352,424,145,177,0,0,11.027,2002.000,0,2,,,,,,,,,,,,,,,,
2026-07-23 22:03:23,279569.906250,A0DB8AF16E20,0002,male,C57BL/6,1.1.1,FR1_Approach,0,Left,352,425,145,177,0,0,,,,,,,,,,,,,,,,,,,,
2026-07-23 22:03:25,279571.375000,A0DB8AF16E20,0002,male,C57BL/6,1.1.1,FR1_Approach,0,Approach,352,425,145,177,0,0,,,,,,,,,,,,,,,,,,,,
2026-07-23 22:03:30,279576.750000,A0DB8AF16E20,0002,male,C57BL/6,1.1.1,FR1_Approach,0,PelletDrop,353,425,145,177,0,0,,,,,,,,,,,,,,,,,,,,
2026-07-23 22:03:41,279587.562500,A0DB8AF16E20,0002,male,C57BL/6,1.1.1,FR1_Approach,0,PelletTaken,353,425,145,177,0,0,9.949,2002.000,0,2,,,,,,,,,,,,,,,,
2026-07-23 22:06:38,279764.937500,A0DB8AF16E20,0002,male,C57BL/6,1.1.1,FR1_Approach,0,Right,353,425,146,177,0,0,,,,,,,,,,,,,,,,,,,,
2026-07-23 22:06:46,279772.937500,A0DB8AF16E20,0002,male,C57BL/6,1.1.1,FR1_Approach,0,Status,353,425,146,177,0,0,,,,,Disabled,25.4,41.5,1005.2,8.0,0.000,0.000,247720,339964,179940,55699,3.69,12.84
2026-07-23 22:08:18,279864.750000,A0DB8AF16E20,0002,male,C57BL/6,1.1.1,FR1_Approach,0,Right,353,425,147,177,0,0,,,,,,,,,,,,,,,,,,,,
2026-07-23 22:08:32,279878.625000,A0DB8AF16E20,0002,male,C57BL/6,1.1.1,FR1_Approach,0,Left,353,426,147,177,0,0,,,,,,,,,,,,,,,,,,,,
2026-07-23 22:08:33,279880.093750,A0DB8AF16E20,0002,male,C57BL/6,1.1.1,FR1_Approach,0,Approach,353,426,147,177,0,0,,,,,,,,,,,,,,,,,,,,
2026-07-23 22:08:39,279885.437500,A0DB8AF16E20,0002,male,C57BL/6,1.1.1,FR1_Approach,0,PelletDrop,354,426,147,177,0,0,,,,,,,,,,,,,,,,,,,,
2026-07-23 22:08:49,279895.687500,A0DB8AF16E20,0002,male,C57BL/6,1.1.1,FR1_Approach,0,PelletTaken,354,426,147,177,0,0,9.366,352.000,0,2,,,,,,,,,,,,,,,,
2026-07-23 22:18:43,280490.281250,A0DB8AF16E20,0002,male,C57BL/6,1.1.1,FR1_Approach,0,Status,354,426,147,177,0,0,,,,,Disabled,25.4,41.9,1005.3,8.1,0.000,0.000,247720,339964,179940,55832,3.69,12.59
2026-07-23 22:21:13,280639.968750,A0DB8AF16E20,0002,male,C57BL/6,1.1.1,FR1_Approach,0,Left,354,427,147,177,0,0,,,,,,,,,,,,,,,,,,,,
2026-07-23 22:21:15,280642.156250,A0DB8AF16E20,0002,male,C57BL/6,1.1.1,FR1_Approach,0,Approach,354,427,147,177,0,0,,,,,,,,,,,,,,,,,,,,
2026-07-23 22:21:20,280647.500000,A0DB8AF16E20,0002,male,C57BL/6,1.1.1,FR1_Approach,0,PelletDrop,355,427,147,177,0,0,,,,,,,,,,,,,,,,,,,,
2026-07-23 22:21:31,280658.375000,A0DB8AF16E20,0002,male,C57BL/6,1.1.1,FR1_Approach,0,PelletTaken,355,427,147,177,0,0,9.982,322.000,0,2,,,,,,,,,,,,,,,,
2026-07-23 22:23:51,280798.750000,A0DB8AF16E20,0002,male,C57BL/6,1.1.1,FR1_Approach,0,Right,355,427,148,177,0,0,,,,,,,,,,,,,,,,,,,,
2026-07-23 22:30:49,281217.062500,A0DB8AF16E20,0002,male,C57BL/6,1.1.1,FR1_Approach,0,Status,355,427,148,177,0,0,,,,,Disabled,25.5,41.9,1005.4,8.1,0.000,0.000,247720,339964,179940,55964,3.69,12.33
2026-07-23 22:31:02,281229.906250,A0DB8AF16E20,0002,male,C57BL/6,1.1.1,FR1_Approach,0,Left,355,428,148,177,0,0,,,,,,,,,,,,,,,,,,,,
2026-07-23 22:31:03,281231.625000,A0DB8AF16E20,0002,male,C57BL/6,1.1.1,FR1_Approach,0,Approach,355,428,148,177,0,0,,,,,,,,,,,,,,,,,,,,
2026-07-23 22:31:11,281239.718750,A0DB8AF16E20,0002,male,C57BL/6,1.1.1,FR1_Approach,0,PelletDrop,356,428,148,177,0,0,,,,,,,,,,,,,,,,,,,,
2026-07-23 22:31:18,281246.062500,A0DB8AF16E20,0002,male,C57BL/6,1.1.1,FR1_Approach,0,PelletTaken,356,428,148,177,0,0,5.472,116.000,0,3,,,,,,,,,,,,,,,,
2026-07-23 22:32:52,281340.468750,A0DB8AF16E20,0002,male,C57BL/6,1.1.1,FR1_Approach,0,Left,356,429,148,177,0,0,,,,,,,,,,,,,,,,,,,,
2026-07-23 22:32:54,281341.937500,A0DB8AF16E20,0002,male,C57BL/6,1.1.1,FR1_Approach,0,Approach,356,429,148,177,0,0,,,,,,,,,,,,,,,,,,,,
2026-07-23 22:32:56,281343.968750,A0DB8AF16E20,0002,male,C57BL/6,1.1.1,FR1_Approach,0,PelletDrop,357,429,148,177,0,0,,,,,,,,,,,,,,,,,,,,
2026-07-23 22:32:57,281345.437500,A0DB8AF16E20,0002,male,C57BL/6,1.1.1,FR1_Approach,0,PelletNotDetected,357,429,148,177,0,0,,,,,,,,,,,,,,,,,,,,
2026-07-23 22:42:46,281934.781250,A0DB8AF16E20,0002,male,C57BL/6,1.1.1,FR1_Approach,0,Status,357,429,148,177,0,0,,,,,Disabled,25.5,42.1,1005.5,8.1,0.000,0.000,247720,339964,179940,56096,3.69,12.07
2026-07-23 22:49:35,282344.000000,A0DB8AF16E20,0002,male,C57BL/6,1.1.1,FR1_Approach,0,Left,357,430,148,177,0,0,,,,,,,,,,,,,,,,,,,,
2026-07-23 22:49:37,282346.468750,A0DB8AF16E20,0002,male,C57BL/6,1.1.1,FR1_Approach,0,Approach,357,430,148,177,0,0,,,,,,,,,,,,,,,,,,,,
2026-07-23 22:49:41,282350.593750,A0DB8AF16E20,0002,male,C57BL/6,1.1.1,FR1_Approach,0,PelletDrop,358,430,148,177,0,0,,,,,,,,,,,,,,,,,,,,
2026-07-23 22:49:43,282352.062500,A0DB8AF16E20,0002,male,C57BL/6,1.1.1,FR1_Approach,0,PelletNotDetected,358,430,148,177,0,0,,,,,,,,,,,,,,,,,,,,
2026-07-23 22:51:43,282472.281250,A0DB8AF16E20,0002,male,C57BL/6,1.1.1,FR1_Approach,0,Right,358,430,149,177,0,0,,,,,,,,,,,,,,,,,,,,
2026-07-23 22:54:57,282666.687500,A0DB8AF16E20,0002,male,C57BL/6,1.1.1,FR1_Approach,0,Status,358,430,149,177,0,0,,,,,Disabled,25.5,42.1,1005.6,8.1,0.000,0.000,247720,339964,179940,56232,3.68,11.81
2026-07-23 22:55:31,282700.656250,A0DB8AF16E20,0002,male,C57BL/6,1.1.1,FR1_Approach,0,Left,358,431,149,177,0,0,,,,,,,,,,,,,,,,,,,,
2026-07-23 22:55:32,282702.125000,A0DB8AF16E20,0002,male,C57BL/6,1.1.1,FR1_Approach,0,Approach,358,431,149,177,0,0,,,,,,,,,,,,,,,,,,,,
2026-07-23 22:55:40,282709.437500,A0DB8AF16E20,0002,male,C57BL/6,1.1.1,FR1_Approach,0,PelletDrop,359,431,149,177,0,0,,,,,,,,,,,,,,,,,,,,
2026-07-23 22:55:46,282715.375000,A0DB8AF16E20,0002,male,C57BL/6,1.1.1,FR1_Approach,0,PelletTaken,359,431,149,177,0,0,5.053,195.000,0,4,,,,,,,,,,,,,,,,
2026-07-23 22:56:30,282759.500000,A0DB8AF16E20,0002,male,C57BL/6,1.1.1,FR1_Approach,0,Right,359,431,150,177,0,0,,,,,,,,,,,,,,,,,,,,
2026-07-23 22:56:32,282761.625000,A0DB8AF16E20,0002,male,C57BL/6,1.1.1,FR1_Approach,0,Left,359,432,150,177,0,0,,,,,,,,,,,,,,,,,,,,
2026-07-23 22:56:33,282763.093750,A0DB8AF16E20,0002,male,C57BL/6,1.1.1,FR1_Approach,0,Approach,359,432,150,177,0,0,,,,,,,,,,,,,,,,,,,,
2026-07-23 22:56:39,282768.375000,A0DB8AF16E20,0002,male,C57BL/6,1.1.1,FR1_Approach,0,PelletDrop,360,432,150,177,0,0,,,,,,,,,,,,,,,,,,,,
2026-07-23 22:56:40,282769.843750,A0DB8AF16E20,0002,male,C57BL/6,1.1.1,FR1_Approach,0,PelletNotDetected,360,432,150,177,0,0,,,,,,,,,,,,,,,,,,,,
2026-07-23 22:56:58,282788.093750,A0DB8AF16E20,0002,male,C57BL/6,1.1.1,FR1_Approach,0,Left,360,433,150,177,0,0,,,,,,,,,,,,,,,,,,,,
2026-07-23 22:57:00,282789.562500,A0DB8AF16E20,0002,male,C57BL/6,1.1.1,FR1_Approach,0,Approach,360,433,150,177,0,0,,,,,,,,,,,,,,,,,,,,
2026-07-23 22:57:07,282796.843750,A0DB8AF16E20,0002,male,C57BL/6,1.1.1,FR1_Approach,0,PelletDrop,361,433,150,177,0,0,,,,,,,,,,,,,,,,,,,,
2026-07-23 22:57:13,282802.531250,A0DB8AF16E20,0002,male,C57BL/6,1.1.1,FR1_Approach,0,PelletTaken,361,433,150,177,0,0,4.823,304.000,0,4,,,,,,,,,,,,,,,,
2026-07-23 23:04:17,283226.937500,A0DB8AF16E20,0002,male,C57BL/6,1.1.1,FR1_Approach,0,Left,361,434,150,177,0,0,,,,,,,,,,,,,,,,,,,,
2026-07-23 23:04:18,283228.406250,A0DB8AF16E20,0002,male,C57BL/6,1.1.1,FR1_Approach,0,Approach,361,434,150,177,0,0,,,,,,,,,,,,,,,,,,,,
2026-07-23 23:04:22,283232.468750,A0DB8AF16E20,0002,male,C57BL/6,1.1.1,FR1_Approach,0,PelletDrop,362,434,150,177,0,0,,,,,,,,,,,,,,,,,,,,
2026-07-23 23:04:24,283233.937500,A0DB8AF16E20,0002,male,C57BL/6,1.1.1,FR1_Approach,0,PelletNotDetected,362,434,150,177,0,0,,,,,,,,,,,,,,,,,,,,
2026-07-23 23:04:48,283258.187500,A0DB8AF16E20,0002,male,C57BL/6,1.1.1,FR1_Approach,0,Left,362,435,150,177,0,0,,,,,,,,,,,,,,,,,,,,
2026-07-23 23:04:49,283259.656250,A0DB8AF16E20,0002,male,C57BL/6,1.1.1,FR1_Approach,0,Approach,362,435,150,177,0,0,,,,,,,,,,,,,,,,,,,,
2026-07-23 23:04:53,283262.875000,A0DB8AF16E20,0002,male,C57BL/6,1.1.1,FR1_Approach,0,PelletDrop,363,435,150,177,0,0,,,,,,,,,,,,,,,,,,,,
2026-07-23 23:04:54,283264.343750,A0DB8AF16E20,0002,male,C57BL/6,1.1.1,FR1_Approach,0,PelletNotDetected,363,435,150,177,0,0,,,,,,,,,,,,,,,,,,,,
2026-07-23 23:07:05,283394.468750,A0DB8AF16E20,0002,male,C57BL/6,1.1.1,FR1_Approach,0,Status,363,435,150,177,0,0,,,,,Disabled,25.5,42.2,1005.6,8.1,0.000,0.000,247720,339964,179940,56359,3.67,11.55
2026-07-23 23:17:38,284028.250000,A0DB8AF16E20,0002,male,C57BL/6,1.1.1,FR1_Approach,0,Status,363,435,150,177,0,0,,,,,Disabled,25.2,44.1,1005.6,8.3,0.000,0.000,247720,339964,179940,56496,3.69,11.29
2026-07-23 23:20:10,284181.000000,A0DB8AF16E20,0002,male,C57BL/6,1.1.1,FR1_Approach,0,Left,363,436,150,177,0,0,,,,,,,,,,,,,,,,,,,,
2026-07-23 23:20:12,284182.718750,A0DB8AF16E20,0002,male,C57BL/6,1.1.1,FR1_Approach,0,Approach,363,436,150,177,0,0,,,,,,,,,,,,,,,,,,,,
2026-07-23 23:20:15,284185.718750,A0DB8AF16E20,0002,male,C57BL/6,1.1.1,FR1_Approach,0,PelletDrop,364,436,150,177,0,0,,,,,,,,,,,,,,,,,,,,
2026-07-23 23:20:16,284187.187500,A0DB8AF16E20,0002,male,C57BL/6,1.1.1,FR1_Approach,0,PelletNotDetected,364,436,150,177,0,0,,,,,,,,,,,,,,,,,,,,
2026-07-23 23:20:44,284214.750000,A0DB8AF16E20,0002,male,C57BL/6,1.1.1,FR1_Approach,0,Left,364,437,150,177,0,0,,,,,,,,,,,,,,,,,,,,
2026-07-23 23:20:45,284216.218750,A0DB8AF16E20,0002,male,C57BL/6,1.1.1,FR1_Approach,0,Approach,364,437,150,177,0,0,,,,,,,,,,,,,,,,,,,,
2026-07-23 23:20:52,284223.406250,A0DB8AF16E20,0002,male,C57BL/6,1.1.1,FR1_Approach,0,PelletDrop,365,437,150,177,0,0,,,,,,,,,,,,,,,,,,,,
2026-07-23 23:20:54,284224.875000,A0DB8AF16E20,0002,male,C57BL/6,1.1.1,FR1_Approach,0,PelletNotDetected,365,437,150,177,0,0,,,,,,,,,,,,,,,,,,,,
2026-07-23 23:21:17,284247.593750,A0DB8AF16E20,0002,male,C57BL/6,1.1.1,FR1_Approach,0,Left,365,438,150,177,0,0,,,,,,,,,,,,,,,,,,,,
2026-07-23 23:21:18,284249.093750,A0DB8AF16E20,0002,male,C57BL/6,1.1.1,FR1_Approach,0,Approach,365,438,150,177,0,0,,,,,,,,,,,,,,,,,,,,
2026-07-23 23:21:21,284252.375000,A0DB8AF16E20,0002,male,C57BL/6,1.1.1,FR1_Approach,0,PelletDrop,366,438,150,177,0,0,,,,,,,,,,,,,,,,,,,,
2026-07-23 23:21:23,284253.812500,A0DB8AF16E20,0002,male,C57BL/6,1.1.1,FR1_Approach,0,PelletNotDetected,366,438,150,177,0,0,,,,,,,,,,,,,,,,,,,,
2026-07-23 23:21:41,284272.187500,A0DB8AF16E20,0002,male,C57BL/6,1.1.1,FR1_Approach,0,Left,366,439,150,177,0,0,,,,,,,,,,,,,,,,,,,,
2026-07-23 23:21:43,284273.656250,A0DB8AF16E20,0002,male,C57BL/6,1.1.1,FR1_Approach,0,Approach,366,439,150,177,0,0,,,,,,,,,,,,,,,,,,,,
2026-07-23 23:21:46,284276.656250,A0DB8AF16E20,0002,male,C57BL/6,1.1.1,FR1_Approach,0,PelletDrop,367,439,150,177,0,0,,,,,,,,,,,,,,,,,,,,
2026-07-23 23:21:47,284278.125000,A0DB8AF16E20,0002,male,C57BL/6,1.1.1,FR1_Approach,0,PelletNotDetected,367,439,150,177,0,0,,,,,,,,,,,,,,,,,,,,
2026-07-23 23:22:07,284298.000000,A0DB8AF16E20,0002,male,C57BL/6,1.1.1,FR1_Approach,0,Left,367,440,150,177,0,0,,,,,,,,,,,,,,,,,,,,
2026-07-23 23:22:10,284300.718750,A0DB8AF16E20,0002,male,C57BL/6,1.1.1,FR1_Approach,0,Approach,367,440,150,177,0,0,,,,,,,,,,,,,,,,,,,,
2026-07-23 23:22:19,284310.468750,A0DB8AF16E20,0002,male,C57BL/6,1.1.1,FR1_Approach,0,PelletDrop,368,440,150,177,0,0,,,,,,,,,,,,,,,,,,,,
2026-07-23 23:22:21,284311.937500,A0DB8AF16E20,0002,male,C57BL/6,1.1.1,FR1_Approach,0,PelletNotDetected,368,440,150,177,0,0,,,,,,,,,,,,,,,,,,,,
2026-07-23 23:22:47,284338.000000,A0DB8AF16E20,0002,male,C57BL/6,1.1.1,FR1_Approach,0,Left,368,441,150,177,0,0,,,,,,,,,,,,,,,,,,,,
2026-07-23 23:22:49,284340.468750,A0DB8AF16E20,0002,male,C57BL/6,1.1.1,FR1_Approach,0,Approach,368,441,150,177,0,0,,,,,,,,,,,,,,,,,,,,
2026-07-23 23:22:54,284345.562500,A0DB8AF16E20,0002,male,C57BL/6,1.1.1,FR1_Approach,0,PelletDrop,369,441,150,177,0,0,,,,,,,,,,,,,,,,,,,,
2026-07-23 23:23:04,284355.500000,A0DB8AF16E20,0002,male,C57BL/6,1.1.1,FR1_Approach,0,PelletTaken,369,441,150,177,0,0,9.092,32.000,0,10,,,,,,,,,,,,,,,,
2026-07-23 23:29:45,284757.000000,A0DB8AF16E20,0002,male,C57BL/6,1.1.1,FR1_Approach,0,Status,369,441,150,177,0,0,,,,,Disabled,25.3,42.2,1005.6,8.2,0.000,0.000,247720,339964,179940,56619,3.68,11.03
2026-07-23 23:33:11,284964.000000,A0DB8AF16E20,0002,male,C57BL/6,1.1.1,FR1_Approach,0,Right,369,441,151,177,0,0,,,,,,,,,,,,,,,,,,,,
2026-07-23 23:33:23,284975.625000,A0DB8AF16E20,0002,male,C57BL/6,1.1.1,FR1_Approach,0,Right,369,441,152,177,0,0,,,,,,,,,,,,,,,,,,,,
2026-07-23 23:33:25,284978.093750,A0DB8AF16E20,0002,male,C57BL/6,1.1.1,FR1_Approach,0,Left,369,442,152,177,0,0,,,,,,,,,,,,,,,,,,,,
2026-07-23 23:33:27,284979.593750,A0DB8AF16E20,0002,male,C57BL/6,1.1.1,FR1_Approach,0,Approach,369,442,152,177,0,0,,,,,,,,,,,,,,,,,,,,
2026-07-23 23:33:33,284985.468750,A0DB8AF16E20,0002,male,C57BL/6,1.1.1,FR1_Approach,0,PelletDrop,370,442,152,177,0,0,,,,,,,,,,,,,,,,,,,,
2026-07-23 23:33:39,284991.656250,A0DB8AF16E20,0002,male,C57BL/6,1.1.1,FR1_Approach,0,PelletTaken,370,442,152,177,0,0,5.307,293.000,0,2,,,,,,,,,,,,,,,,
2026-07-23 23:42:15,285507.812500,A0DB8AF16E20,0002,male,C57BL/6,1.1.1,FR1_Approach,0,Status,370,442,152,177,0,0,,,,,Disabled,25.4,42.0,1005.6,8.1,0.000,0.000,247720,339964,179940,56754,3.70,10.77
2026-07-23 23:46:00,285732.437500,A0DB8AF16E20,0002,male,C57BL/6,1.1.1,FR1_Approach,0,Right,370,442,153,177,0,0,,,,,,,,,,,,,,,,,,,,
2026-07-23 23:46:03,285735.625000,A0DB8AF16E20,0002,male,C57BL/6,1.1.1,FR1_Approach,0,Right,370,442,154,177,0,0,,,,,,,,,,,,,,,,,,,,
2026-07-23 23:46:05,285738.062500,A0DB8AF16E20,0002,male,C57BL/6,1.1.1,FR1_Approach,0,Left,370,443,154,177,0,0,,,,,,,,,,,,,,,,,,,,
2026-07-23 23:46:07,285739.562500,A0DB8AF16E20,0002,male,C57BL/6,1.1.1,FR1_Approach,0,Approach,370,443,154,177,0,0,,,,,,,,,,,,,,,,,,,,
2026-07-23 23:46:12,285744.906250,A0DB8AF16E20,0002,male,C57BL/6,1.1.1,FR1_Approach,0,PelletDrop,371,443,154,177,0,0,,,,,,,,,,,,,,,,,,,,
2026-07-23 23:46:20,285752.906250,A0DB8AF16E20,0002,male,C57BL/6,1.1.1,FR1_Approach,0,PelletTaken,371,443,154,177,0,0,7.133,196.000,0,2,,,,,,,,,,,,,,,,
2026-07-23 23:46:47,285780.000000,A0DB8AF16E20,0002,male,C57BL/6,1.1.1,FR1_Approach,0,Left,371,444,154,177,0,0,,,,,,,,,,,,,,,,,,,,
2026-07-23 23:46:49,285781.468750,A0DB8AF16E20,0002,male,C57BL/6,1.1.1,FR1_Approach,0,Approach,371,444,154,177,0,0,,,,,,,,,,,,,,,,,,,,
2026-07-23 23:46:54,285786.812500,A0DB8AF16E20,0002,male,C57BL/6,1.1.1,FR1_Approach,0,PelletDrop,372,444,154,177,0,0,,,,,,,,,,,,,,,,,,,,
2026-07-23 23:47:03,285795.343750,A0DB8AF16E20,0002,male,C57BL/6,1.1.1,FR1_Approach,0,PelletTaken,372,444,154,177,0,0,7.662,296.000,0,2,,,,,,,,,,,,,,,,
2026-07-23 23:54:17,286230.656250,A0DB8AF16E20,0002,male,C57BL/6,1.1.1,FR1_Approach,0,Status,372,444,154,177,0,0,,,,,Disabled,25.4,42.2,1005.5,8.1,0.000,0.000,247720,339964,179940,56885,3.70,10.77
2026-07-24 00:06:28,286962.406250,A0DB8AF16E20,0002,male,C57BL/6,1.1.1,FR1_Approach,0,Status,372,444,154,177,0,0,,,,,Disabled,25.4,42.2,1005.5,8.1,0.000,0.000,247720,339964,179940,57022,3.68,10.52
2026-07-24 00:07:23,287017.687500,A0DB8AF16E20,0002,male,C57BL/6,1.1.1,FR1_Approach,0,Left,372,445,154,177,0,0,,,,,,,,,,,,,,,,,,,,
2026-07-24 00:07:25,287019.187500,A0DB8AF16E20,0002,male,C57BL/6,1.1.1,FR1_Approach,0,Approach,372,445,154,177,0,0,,,,,,,,,,,,,,,,,,,,
2026-07-24 00:07:30,287024.531250,A0DB8AF16E20,0002,male,C57BL/6,1.1.1,FR1_Approach,0,PelletDrop,373,445,154,177,0,0,,,,,,,,,,,,,,,,,,,,
2026-07-24 00:07:39,287033.406250,A0DB8AF16E20,0002,male,C57BL/6,1.1.1,FR1_Approach,0,PelletTaken,373,445,154,177,0,0,8.024,163.000,0,2,,,,,,,,,,,,,,,,
2026-07-24 00:08:01,287056.093750,A0DB8AF16E20,0002,male,C57BL/6,1.1.1,FR1_Approach,0,Left,373,446,154,177,0,0,,,,,,,,,,,,,,,,,,,,
2026-07-24 00:08:04,287058.312500,A0DB8AF16E20,0002,male,C57BL/6,1.1.1,FR1_Approach,0,Approach,373,446,154,177,0,0,,,,,,,,,,,,,,,,,,,,
2026-07-24 00:08:09,287063.687500,A0DB8AF16E20,0002,male,C57BL/6,1.1.1,FR1_Approach,0,PelletDrop,374,446,154,177,0,0,,,,,,,,,,,,,,,,,,,,
2026-07-24 00:08:16,287071.093750,A0DB8AF16E20,0002,male,C57BL/6,1.1.1,FR1_Approach,0,PelletTaken,374,446,154,177,0,0,6.560,348.000,0,2,,,,,,,,,,,,,,,,
2026-07-24 00:08:39,287093.406250,A0DB8AF16E20,0002,male,C57BL/6,1.1.1,FR1_Approach,0,Left,374,447,154,177,0,0,,,,,,,,,,,,,,,,,,,,
2026-07-24 00:08:41,287095.375000,A0DB8AF16E20,0002,male,C57BL/6,1.1.1,FR1_Approach,0,Approach,374,447,154,177,0,0,,,,,,,,,,,,,,,,,,,,
2026-07-24 00:08:46,287100.687500,A0DB8AF16E20,0002,male,C57BL/6,1.1.1,FR1_Approach,0,PelletDrop,375,447,154,177,0,0,,,,,,,,,,,,,,,,,,,,
2026-07-24 00:08:54,287108.906250,A0DB8AF16E20,0002,male,C57BL/6,1.1.1,FR1_Approach,0,PelletTaken,375,447,154,177,0,0,7.341,166.000,0,2,,,,,,,,,,,,,,,,
2026-07-24 00:14:47,287462.375000,A0DB8AF16E20,0002,male,C57BL/6,1.1.1,FR1_Approach,0,Center,375,447,154,178,0,0,,,,,,,,,,,,,,,,,,,,
2026-07-24 00:14:50,287465.093750,A0DB8AF16E20,0002,male,C57BL/6,1.1.1,FR1_Approach,0,Center,375,447,154,179,0,0,,,,,,,,,,,,,,,,,,,,
2026-07-24 00:14:54,287468.750000,A0DB8AF16E20,0002,male,C57BL/6,1.1.1,FR1_Approach,0,Center,375,447,154,180,0,0,,,,,,,,,,,,,,,,,,,,
2026-07-24 00:14:57,287472.281250,A0DB8AF16E20,0002,male,C57BL/6,1.1.1,FR1_Approach,0,Center,375,447,154,181,0,0,,,,,,,,,,,,,,,,,,,,
2026-07-24 00:15:08,287483.000000,A0DB8AF16E20,0002,male,C57BL/6,1.1.1,FR1_Approach,0,Center,375,447,154,182,0,0,,,,,,,,,,,,,,,,,,,,
2026-07-24 00:15:10,287485.343750,A0DB8AF16E20,0002,male,C57BL/6,1.1.1,FR1_Approach,0,Center,375,447,154,183,0,0,,,,,,,,,,,,,,,,,,,,
2026-07-24 00:15:14,287489.656250,A0DB8AF16E20,0002,male,C57BL/6,1.1.1,FR1_Approach,0,Center,375,447,154,184,0,0,,,,,,,,,,,,,,,,,,,,
2026-07-24 00:15:27,287502.406250,A0DB8AF16E20,0002,male,C57BL/6,1.1.1,FR1_Approach,0,Center,375,447,154,185,0,0,,,,,,,,,,,,,,,,,,,,
2026-07-24 00:15:29,287504.406250,A0DB8AF16E20,0002,male,C57BL/6,1.1.1,FR1_Approach,0,Center,375,447,154,186,0,0,,,,,,,,,,,,,,,,,,,,
2026-07-24 00:15:39,287513.812500,A0DB8AF16E20,0002,male,C57BL/6,1.1.1,FR1_Approach,0,Center,375,447,154,187,0,0,,,,,,,,,,,,,,,,,,,,
2026-07-24 00:15:46,287521.375000,A0DB8AF16E20,0002,male,C57BL/6,1.1.1,FR1_Approach,0,Center,375,447,154,188,0,0,,,,,,,,,,,,,,,,,,,,
2026-07-24 00:15:48,287523.375000,A0DB8AF16E20,0002,male,C57BL/6,1.1.1,FR1_Approach,0,Left,375,448,154,188,0,0,,,,,,,,,,,,,,,,,,,,
2026-07-24 00:15:50,287524.843750,A0DB8AF16E20,0002,male,C57BL/6,1.1.1,FR1_Approach,0,Approach,375,448,154,188,0,0,,,,,,,,,,,,,,,,,,,,
2026-07-24 00:15:55,287530.187500,A0DB8AF16E20,0002,male,C57BL/6,1.1.1,FR1_Approach,0,PelletDrop,376,448,154,188,0,0,,,,,,,,,,,,,,,,,,,,
2026-07-24 00:16:00,287535.375000,A0DB8AF16E20,0002,male,C57BL/6,1.1.1,FR1_Approach,0,PelletTaken,376,448,154,188,0,0,4.317,31.000,0,2,,,,,,,,,,,,,,,,
2026-07-24 00:18:41,287696.156250,A0DB8AF16E20,0002,male,C57BL/6,1.1.1,FR1_Approach,0,Status,376,448,154,188,0,0,,,,,Disabled,25.5,42.1,1005.4,8.1,0.000,0.000,247720,339964,179940,57149,3.67,10.00
2026-07-24 00:26:45,288181.093750,A0DB8AF16E20,0002,male,C57BL/6,1.1.1,FR1_Approach,0,Right,376,448,155,188,0,0,,,,,,,,,,,,,,,,,,,,
2026-07-24 00:30:54,288430.031250,A0DB8AF16E20,0002,male,C57BL/6,1.1.1,FR1_Approach,0,Status,376,448,155,188,0,0,,,,,Disabled,25.5,42.3,1005.4,8.1,0.000,0.000,247720,339964,179940,57286,3.68,9.74
2026-07-24 00:31:25,288460.750000,A0DB8AF16E20,0002,male,C57BL/6,1.1.1,FR1_Approach,0,Left,376,449,155,188,0,0,,,,,,,,,,,,,,,,,,,,
2026-07-24 00:31:26,288462.218750,A0DB8AF16E20,0002,male,C57BL/6,1.1.1,FR1_Approach,0,Approach,376,449,155,188,0,0,,,,,,,,,,,,,,,,,,,,
2026-07-24 00:31:31,288467.562500,A0DB8AF16E20,0002,male,C57BL/6,1.1.1,FR1_Approach,0,PelletDrop,377,449,155,188,0,0,,,,,,,,,,,,,,,,,,,,
2026-07-24 00:31:40,288475.906250,A0DB8AF16E20,0002,male,C57BL/6,1.1.1,FR1_Approach,0,PelletTaken,377,449,155,188,0,0,7.462,172.000,0,2,,,,,,,,,,,,,,,,
2026-07-24 00:32:49,288544.843750,A0DB8AF16E20,0002,male,C57BL/6,1.1.1,FR1_Approach,0,Right,377,449,156,188,0,0,,,,,,,,,,,,,,,,,,,,
2026-07-24 00:32:52,288548.250000,A0DB8AF16E20,0002,male,C57BL/6,1.1.1,FR1_Approach,0,Left,377,450,156,188,0,0,,,,,,,,,,,,,,,,,,,,
2026-07-24 00:32:53,288549.718750,A0DB8AF16E20,0002,male,C57BL/6,1.1.1,FR1_Approach,0,Approach,377,450,156,188,0,0,,,,,,,,,,,,,,,,,,,,
2026-07-24 00:32:59,288555.562500,A0DB8AF16E20,0002,male,C57BL/6,1.1.1,FR1_Approach,0,PelletDrop,378,450,156,188,0,0,,,,,,,,,,,,,,,,,,,,
2026-07-24 00:33:08,288563.718750,A0DB8AF16E20,0002,male,C57BL/6,1.1.1,FR1_Approach,0,PelletTaken,378,450,156,188,0,0,7.298,336.000,0,2,,,,,,,,,,,,,,,,
2026-07-24 00:33:33,288589.218750,A0DB8AF16E20,0002,male,C57BL/6,1.1.1,FR1_Approach,0,Left,378,451,156,188,0,0,,,,,,,,,,,,,,,,,,,,
2026-07-24 00:33:34,288590.687500,A0DB8AF16E20,0002,male,C57BL/6,1.1.1,FR1_Approach,0,Approach,378,451,156,188,0,0,,,,,,,,,,,,,,,,,,,,
2026-07-24 00:33:38,288593.781250,A0DB8AF16E20,0002,male,C57BL/6,1.1.1,FR1_Approach,0,PelletDrop,379,451,156,188,0,0,,,,,,,,,,,,,,,,,,,,
2026-07-24 00:33:39,288595.250000,A0DB8AF16E20,0002,male,C57BL/6,1.1.1,FR1_Approach,0,PelletNotDetected,379,451,156,188,0,0,,,,,,,,,,,,,,,,,,,,
2026-07-24 00:43:01,289157.781250,A0DB8AF16E20,0002,male,C57BL/6,1.1.1,FR1_Approach,0,Status,379,451,156,188,0,0,,,,,Disabled,25.5,42.3,1005.4,8.1,0.000,0.000,247720,339964,179940,57415,3.68,9.48
2026-07-24 00:52:02,289699.843750,A0DB8AF16E20,0002,male,C57BL/6,1.1.1,FR1_Approach,0,Right,379,451,157,188,0,0,,,,,,,,,,,,,,,,,,,,
2026-07-24 00:52:07,289704.562500,A0DB8AF16E20,0002,male,C57BL/6,1.1.1,FR1_Approach,0,Left,379,452,157,188,0,0,,,,,,,,,,,,,,,,,,,,
2026-07-24 00:52:09,289706.031250,A0DB8AF16E20,0002,male,C57BL/6,1.1.1,FR1_Approach,0,Approach,379,452,157,188,0,0,,,,,,,,,,,,,,,,,,,,
2026-07-24 00:52:14,289711.375000,A0DB8AF16E20,0002,male,C57BL/6,1.1.1,FR1_Approach,0,PelletDrop,380,452,157,188,0,0,,,,,,,,,,,,,,,,,,,,
2026-07-24 00:52:24,289721.812500,A0DB8AF16E20,0002,male,C57BL/6,1.1.1,FR1_Approach,0,PelletTaken,380,452,157,188,0,0,9.553,209.000,0,3,,,,,,,,,,,,,,,,
2026-07-24 00:55:16,289893.562500,A0DB8AF16E20,0002,male,C57BL/6,1.1.1,FR1_Approach,0,Status,380,452,157,188,0,0,,,,,Disabled,25.6,42.1,1005.4,8.1,0.000,0.000,247720,339964,179940,57548,3.67,9.22
2026-07-24 01:04:51,290469.437500,A0DB8AF16E20,0002,male,C57BL/6,1.1.1,FR1_Approach,0,Left,380,453,157,188,0,0,,,,,,,,,,,,,,,,,,,,
2026-07-24 01:04:54,290472.500000,A0DB8AF16E20,0002,male,C57BL/6,1.1.1,FR1_Approach,0,No_approach,380,453,157,188,0,0,,,,,,,,,,,,,,,,,,,,
2026-07-24 01:05:01,290479.437500,A0DB8AF16E20,0002,male,C57BL/6,1.1.1,FR1_Approach,0,Left,380,454,157,188,0,0,,,,,,,,,,,,,,,,,,,,
2026-07-24 01:05:03,290480.906250,A0DB8AF16E20,0002,male,C57BL/6,1.1.1,FR1_Approach,0,Approach,380,454,157,188,0,0,,,,,,,,,,,,,,,,,,,,
2026-07-24 01:05:08,290486.250000,A0DB8AF16E20,0002,male,C57BL/6,1.1.1,FR1_Approach,0,PelletDrop,381,454,157,188,0,0,,,,,,,,,,,,,,,,,,,,
2026-07-24 01:05:16,290494.531250,A0DB8AF16E20,0002,male,C57BL/6,1.1.1,FR1_Approach,0,PelletTaken,381,454,157,188,0,0,7.375,166.000,0,2,,,,,,,,,,,,,,,,
2026-07-24 01:07:31,290629.375000,A0DB8AF16E20,0002,male,C57BL/6,1.1.1,FR1_Approach,0,Status,381,454,157,188,0,0,,,,,Disabled,25.6,42.2,1005.4,8.1,0.000,0.000,247720,339964,179940,57683,3.67,8.96
2026-07-24 01:19:39,291358.093750,A0DB8AF16E20,0002,male,C57BL/6,1.1.1,FR1_Approach,0,Status,381,454,157,188,0,0,,,,,Disabled,25.6,42.2,1005.4,8.1,0.000,0.000,247720,339964,179940,57820,3.67,8.58
2026-07-24 01:31:51,292090.937500,A0DB8AF16E20,0002,male,C57BL/6,1.1.1,FR1_Approach,0,Status,381,454,157,188,0,0,,,,,Disabled,25.5,42.1,1005.3,8.1,0.000,0.000,247720,339964,179940,57957,3.67,8.46
2026-07-24 01:44:05,292825.781250,A0DB8AF16E20,0002,male,C57BL/6,1.1.1,FR1_Approach,0,Status,381,454,157,188,0,0,,,,,Disabled,25.5,42.0,1005.3,8.1,0.000,0.000,247720,339964,179940,58094,3.64,8.21
2026-07-24 01:56:15,293556.562500,A0DB8AF16E20,0002,male,C57BL/6,1.1.1,FR1_Approach,0,Status,381,454,157,188,0,0,,,,,Disabled,25.5,42.0,1005.3,8.1,0.000,0.000,247720,339964,179940,58231,3.67,8.09
2026-07-24 02:08:34,294296.437500,A0DB8AF16E20,0002,male,C57BL/6,1.1.1,FR1_Approach,0,Status,381,454,157,188,0,0,,,,,Disabled,25.5,41.8,1005.3,8.1,0.000,0.000,247720,339964,179940,58368,3.68,8.09
2026-07-24 02:10:41,294423.750000,A0DB8AF16E20,0002,male,C57BL/6,1.1.1,FR1_Approach,0,Left,381,455,157,188,0,0,,,,,,,,,,,,,,,,,,,,
2026-07-24 02:10:43,294425.468750,A0DB8AF16E20,0002,male,C57BL/6,1.1.1,FR1_Approach,0,Approach,381,455,157,188,0,0,,,,,,,,,,,,,,,,,,,,
2026-07-24 02:10:50,294433.062500,A0DB8AF16E20,0002,male,C57BL/6,1.1.1,FR1_Approach,0,PelletDrop,382,455,157,188,0,0,,,,,,,,,,,,,,,,,,,,
2026-07-24 02:11:00,294443.406250,A0DB8AF16E20,0002,male,C57BL/6,1.1.1,FR1_Approach,0,PelletTaken,382,455,157,188,0,0,9.465,2002.000,0,3,,,,,,,,,,,,,,,,
2026-07-24 02:20:48,295030.250000,A0DB8AF16E20,0002,male,C57BL/6,1.1.1,FR1_Approach,0,Status,382,455,157,188,0,0,,,,,Disabled,25.5,41.7,1005.3,8.1,0.000,0.000,247720,339964,179940,58500,3.67,7.96
2026-07-24 02:26:45,295388.687500,A0DB8AF16E20,0002,male,C57BL/6,1.1.1,FR1_Approach,0,Left,382,456,157,188,0,0,,,,,,,,,,,,,,,,,,,,
2026-07-24 02:26:47,295390.625000,A0DB8AF16E20,0002,male,C57BL/6,1.1.1,FR1_Approach,0,Approach,382,456,157,188,0,0,,,,,,,,,,,,,,,,,,,,
2026-07-24 02:26:51,295393.750000,A0DB8AF16E20,0002,male,C57BL/6,1.1.1,FR1_Approach,0,PelletDrop,383,456,157,188,0,0,,,,,,,,,,,,,,,,,,,,
2026-07-24 02:26:52,295395.218750,A0DB8AF16E20,0002,male,C57BL/6,1.1.1,FR1_Approach,0,PelletNotDetected,383,456,157,188,0,0,,,,,,,,,,,,,,,,,,,,
2026-07-24 02:27:23,295426.656250,A0DB8AF16E20,0002,male,C57BL/6,1.1.1,FR1_Approach,0,Left,383,457,157,188,0,0,,,,,,,,,,,,,,,,,,,,
2026-07-24 02:27:26,295429.718750,A0DB8AF16E20,0002,male,C57BL/6,1.1.1,FR1_Approach,0,No_approach,383,457,157,188,0,0,,,,,,,,,,,,,,,,,,,,
2026-07-24 02:32:50,295754.031250,A0DB8AF16E20,0002,male,C57BL/6,1.1.1,FR1_Approach,0,Status,383,457,157,188,0,0,,,,,Disabled,25.5,41.8,1005.3,8.1,0.000,0.000,247720,339964,179940,58634,3.67,7.84
2026-07-24 02:43:23,296387.781250,A0DB8AF16E20,0002,male,C57BL/6,1.1.1,FR1_Approach,0,Status,383,457,157,188,0,0,,,,,Disabled,25.2,43.6,1005.4,8.3,0.000,0.000,247720,339964,179940,58771,3.67,7.84
2026-07-24 02:53:56,297021.562500,A0DB8AF16E20,0002,male,C57BL/6,1.1.1,FR1_Approach,0,Status,383,457,157,188,0,0,,,,,Disabled,25.0,43.8,1005.4,8.5,0.000,0.000,247720,339964,179940,58908,3.66,7.84
2026-07-24 03:06:12,297758.500000,A0DB8AF16E20,0002,male,C57BL/6,1.1.1,FR1_Approach,0,Status,383,457,157,188,0,0,,,,,Disabled,25.0,41.9,1005.4,8.4,0.000,0.000,247720,339964,179940,59045,3.66,7.72
2026-07-24 03:16:45,298392.250000,A0DB8AF16E20,0002,male,C57BL/6,1.1.1,FR1_Approach,0,Status,383,457,157,188,0,0,,,,,Disabled,24.8,43.8,1005.3,8.4,0.000,0.000,247720,339964,179940,59182,3.66,7.72
2026-07-24 03:17:32,298439.375000,A0DB8AF16E20,0002,male,C57BL/6,1.1.1,FR1_Approach,0,Left,383,458,157,188,0,0,,,,,,,,,,,,,,,,,,,,
2026-07-24 03:17:35,298442.437500,A0DB8AF16E20,0002,male,C57BL/6,1.1.1,FR1_Approach,0,No_approach,383,458,157,188,0,0,,,,,,,,,,,,,,,,,,,,
2026-07-24 03:17:44,298451.625000,A0DB8AF16E20,0002,male,C57BL/6,1.1.1,FR1_Approach,0,Left,383,459,157,188,0,0,,,,,,,,,,,,,,,,,,,,
2026-07-24 03:17:47,298454.687500,A0DB8AF16E20,0002,male,C57BL/6,1.1.1,FR1_Approach,0,No_approach,383,459,157,188,0,0,,,,,,,,,,,,,,,,,,,,
2026-07-24 03:17:52,298459.625000,A0DB8AF16E20,0002,male,C57BL/6,1.1.1,FR1_Approach,0,Left,383,460,157,188,0,0,,,,,,,,,,,,,,,,,,,,
2026-07-24 03:17:54,298461.562500,A0DB8AF16E20,0002,male,C57BL/6,1.1.1,FR1_Approach,0,Approach,383,460,157,188,0,0,,,,,,,,,,,,,,,,,,,,
2026-07-24 03:18:00,298467.406250,A0DB8AF16E20,0002,male,C57BL/6,1.1.1,FR1_Approach,0,PelletDrop,384,460,157,188,0,0,,,,,,,,,,,,,,,,,,,,
2026-07-24 03:18:09,298476.375000,A0DB8AF16E20,0002,male,C57BL/6,1.1.1,FR1_Approach,0,PelletTaken,384,460,157,188,0,0,8.090,2002.000,0,3,,,,,,,,,,,,,,,,
2026-07-24 03:21:11,298658.812500,A0DB8AF16E20,0002,male,C57BL/6,1.1.1,FR1_Approach,0,Left,384,461,157,188,0,0,,,,,,,,,,,,,,,,,,,,
2026-07-24 03:21:14,298661.906250,A0DB8AF16E20,0002,male,C57BL/6,1.1.1,FR1_Approach,0,No_approach,384,461,157,188,0,0,,,,,,,,,,,,,,,,,,,,
2026-07-24 03:21:24,298671.781250,A0DB8AF16E20,0002,male,C57BL/6,1.1.1,FR1_Approach,0,Left,384,462,157,188,0,0,,,,,,,,,,,,,,,,,,,,
2026-07-24 03:21:25,298673.250000,A0DB8AF16E20,0002,male,C57BL/6,1.1.1,FR1_Approach,0,Approach,384,462,157,188,0,0,,,,,,,,,,,,,,,,,,,,
2026-07-24 03:21:27,298675.250000,A0DB8AF16E20,0002,male,C57BL/6,1.1.1,FR1_Approach,0,PelletDrop,385,462,157,188,0,0,,,,,,,,,,,,,,,,,,,,
2026-07-24 03:21:29,298676.593750,A0DB8AF16E20,0002,male,C57BL/6,1.1.1,FR1_Approach,0,PelletTaken,385,462,157,188,0,0,0.456,1225.000,0,0,,,,,,,,,,,,,,,,
2026-07-24 03:22:08,298716.156250,A0DB8AF16E20,0002,male,C57BL/6,1.1.1,FR1_Approach,0,Left,385,463,157,188,0,0,,,,,,,,,,,,,,,,,,,,
2026-07-24 03:22:11,298719.218750,A0DB8AF16E20,0002,male,C57BL/6,1.1.1,FR1_Approach,0,No_approach,385,463,157,188,0,0,,,,,,,,,,,,,,,,,,,,
2026-07-24 03:22:18,298725.906250,A0DB8AF16E20,0002,male,C57BL/6,1.1.1,FR1_Approach,0,Left,385,464,157,188,0,0,,,,,,,,,,,,,,,,,,,,
2026-07-24 03:22:20,298727.875000,A0DB8AF16E20,0002,male,C57BL/6,1.1.1,FR1_Approach,0,Approach,385,464,157,188,0,0,,,,,,,,,,,,,,,,,,,,
2026-07-24 03:22:25,298733.250000,A0DB8AF16E20,0002,male,C57BL/6,1.1.1,FR1_Approach,0,PelletDrop,386,464,157,188,0,0,,,,,,,,,,,,,,,,,,,,
2026-07-24 03:22:35,298742.593750,A0DB8AF16E20,0002,male,C57BL/6,1.1.1,FR1_Approach,0,PelletTaken,386,464,157,188,0,0,8.496,282.000,0,2,,,,,,,,,,,,,,,,
2026-07-24 03:28:57,299125.125000,A0DB8AF16E20,0002,male,C57BL/6,1.1.1,FR1_Approach,0,Status,386,464,157,188,0,0,,,,,Disabled,25.0,41.8,1005.3,8.3,0.000,0.000,247720,339964,179940,59307,3.66,7.47
2026-07-24 03:39:30,299758.875000,A0DB8AF16E20,0002,male,C57BL/6,1.1.1,FR1_Approach,0,Status,386,464,157,188,0,0,,,,,Disabled,24.8,43.7,1005.2,8.4,0.000,0.000,247720,339964,179940,59444,3.66,7.47
2026-07-24 03:50:03,300392.625000,A0DB8AF16E20,0002,male,C57BL/6,1.1.1,FR1_Approach,0,Status,386,464,157,188,0,0,,,,,Disabled,24.6,43.9,1005.0,8.5,0.000,0.000,247720,339964,179940,59581,3.65,7.47
2026-07-24 03:52:43,300553.187500,A0DB8AF16E20,0002,male,C57BL/6,1.1.1,FR1_Approach,0,Left,386,465,157,188,0,0,,,,,,,,,,,,,,,,,,,,
2026-07-24 03:52:46,300556.250000,A0DB8AF16E20,0002,male,C57BL/6,1.1.1,FR1_Approach,0,No_approach,386,465,157,188,0,0,,,,,,,,,,,,,,,,,,,,
2026-07-24 03:53:13,300583.562500,A0DB8AF16E20,0002,male,C57BL/6,1.1.1,FR1_Approach,0,Left,386,466,157,188,0,0,,,,,,,,,,,,,,,,,,,,
2026-07-24 03:53:15,300585.531250,A0DB8AF16E20,0002,male,C57BL/6,1.1.1,FR1_Approach,0,Approach,386,466,157,188,0,0,,,,,,,,,,,,,,,,,,,,
2026-07-24 03:53:21,300590.875000,A0DB8AF16E20,0002,male,C57BL/6,1.1.1,FR1_Approach,0,PelletDrop,387,466,157,188,0,0,,,,,,,,,,,,,,,,,,,,
2026-07-24 03:53:32,300602.406250,A0DB8AF16E20,0002,male,C57BL/6,1.1.1,FR1_Approach,0,PelletTaken,387,466,157,188,0,0,10.675,2002.000,0,2,,,,,,,,,,,,,,,,
2026-07-24 03:54:02,300632.625000,A0DB8AF16E20,0002,male,C57BL/6,1.1.1,FR1_Approach,0,Left,387,467,157,188,0,0,,,,,,,,,,,,,,,,,,,,
2026-07-24 03:54:05,300635.687500,A0DB8AF16E20,0002,male,C57BL/6,1.1.1,FR1_Approach,0,No_approach,387,467,157,188,0,0,,,,,,,,,,,,,,,,,,,,
2026-07-24 03:54:11,300640.968750,A0DB8AF16E20,0002,male,C57BL/6,1.1.1,FR1_Approach,0,Left,387,468,157,188,0,0,,,,,,,,,,,,,,,,,,,,
2026-07-24 03:54:13,300642.937500,A0DB8AF16E20,0002,male,C57BL/6,1.1.1,FR1_Approach,0,Approach,387,468,157,188,0,0,,,,,,,,,,,,,,,,,,,,
2026-07-24 03:54:18,300648.281250,A0DB8AF16E20,0002,male,C57BL/6,1.1.1,FR1_Approach,0,PelletDrop,388,468,157,188,0,0,,,,,,,,,,,,,,,,,,,,
2026-07-24 03:54:28,300658.625000,A0DB8AF16E20,0002,male,C57BL/6,1.1.1,FR1_Approach,0,PelletTaken,388,468,157,188,0,0,9.476,2002.000,0,2,,,,,,,,,,,,,,,,
2026-07-24 03:55:01,300690.843750,A0DB8AF16E20,0002,male,C57BL/6,1.1.1,FR1_Approach,0,Left,388,469,157,188,0,0,,,,,,,,,,,,,,,,,,,,
2026-07-24 03:55:02,300692.312500,A0DB8AF16E20,0002,male,C57BL/6,1.1.1,FR1_Approach,0,Approach,388,469,157,188,0,0,,,,,,,,,,,,,,,,,,,,
2026-07-24 03:55:07,300697.656250,A0DB8AF16E20,0002,male,C57BL/6,1.1.1,FR1_Approach,0,PelletDrop,389,469,157,188,0,0,,,,,,,,,,,,,,,,,,,,
2026-07-24 03:55:17,300707.125000,A0DB8AF16E20,0002,male,C57BL/6,1.1.1,FR1_Approach,0,PelletTaken,389,469,157,188,0,0,8.585,2001.000,0,2,,,,,,,,,,,,,,,,
2026-07-24 04:02:16,301126.468750,A0DB8AF16E20,0002,male,C57BL/6,1.1.1,FR1_Approach,0,Status,389,469,157,188,0,0,,,,,Disabled,24.8,41.8,1005.0,8.3,0.000,0.000,247720,339964,179940,59703,3.66,7.35
2026-07-24 04:12:49,301760.250000,A0DB8AF16E20,0002,male,C57BL/6,1.1.1,FR1_Approach,0,Status,389,469,157,188,0,0,,,,,Disabled,24.6,43.7,1005.0,8.4,0.000,0.000,247720,339964,179940,59840,3.66,7.23
2026-07-24 04:25:05,302497.156250,A0DB8AF16E20,0002,male,C57BL/6,1.1.1,FR1_Approach,0,Status,389,469,157,188,0,0,,,,,Disabled,24.8,41.8,1005.0,8.3,0.000,0.000,247720,339964,179940,59977,3.67,6.98
2026-07-24 04:34:35,303068.687500,A0DB8AF16E20,0002,male,C57BL/6,1.1.1,FR1_Approach,0,Left,389,470,157,188,0,0,,,,,,,,,,,,,,,,,,,,
2026-07-24 04:34:39,303071.750000,A0DB8AF16E20,0002,male,C57BL/6,1.1.1,FR1_Approach,0,No_approach,389,470,157,188,0,0,,,,,,,,,,,,,,,,,,,,
2026-07-24 04:37:08,303220.968750,A0DB8AF16E20,0002,male,C57BL/6,1.1.1,FR1_Approach,0,Status,389,470,157,188,0,0,,,,,Disabled,25.0,41.8,1004.9,8.2,0.000,0.000,247720,339964,179940,60113,3.66,6.98
2026-07-24 04:41:25,303478.187500,A0DB8AF16E20,0002,male,C57BL/6,1.1.1,FR1_Approach,0,Left,389,471,157,188,0,0,,,,,,,,,,,,,,,,,,,,
2026-07-24 04:41:27,303479.656250,A0DB8AF16E20,0002,male,C57BL/6,1.1.1,FR1_Approach,0,Approach,389,471,157,188,0,0,,,,,,,,,,,,,,,,,,,,
2026-07-24 04:41:32,303485.000000,A0DB8AF16E20,0002,male,C57BL/6,1.1.1,FR1_Approach,0,PelletDrop,390,471,157,188,0,0,,,,,,,,,,,,,,,,,,,,
2026-07-24 04:41:43,303495.718750,A0DB8AF16E20,0002,male,C57BL/6,1.1.1,FR1_Approach,0,PelletTaken,390,471,157,188,0,0,9.838,1613.000,0,2,,,,,,,,,,,,,,,,
2026-07-24 04:42:37,303549.906250,A0DB8AF16E20,0002,male,C57BL/6,1.1.1,FR1_Approach,0,Left,390,472,157,188,0,0,,,,,,,,,,,,,,,,,,,,
2026-07-24 04:42:38,303551.375000,A0DB8AF16E20,0002,male,C57BL/6,1.1.1,FR1_Approach,0,Approach,390,472,157,188,0,0,,,,,,,,,,,,,,,,,,,,
2026-07-24 04:42:44,303556.718750,A0DB8AF16E20,0002,male,C57BL/6,1.1.1,FR1_Approach,0,PelletDrop,391,472,157,188,0,0,,,,,,,,,,,,,,,,,,,,
2026-07-24 04:42:55,303567.781250,A0DB8AF16E20,0002,male,C57BL/6,1.1.1,FR1_Approach,0,PelletTaken,391,472,157,188,0,0,10.179,68.000,0,2,,,,,,,,,,,,,,,,
2026-07-24 04:43:38,303611.187500,A0DB8AF16E20,0002,male,C57BL/6,1.1.1,FR1_Approach,0,Left,391,473,157,188,0,0,,,,,,,,,,,,,,,,,,,,
2026-07-24 04:43:41,303614.250000,A0DB8AF16E20,0002,male,C57BL/6,1.1.1,FR1_Approach,0,No_approach,391,473,157,188,0,0,,,,,,,,,,,,,,,,,,,,
2026-07-24 04:43:51,303624.531250,A0DB8AF16E20,0002,male,C57BL/6,1.1.1,FR1_Approach,0,Center,391,473,157,189,0,0,,,,,,,,,,,,,,,,,,,,
2026-07-24 04:43:56,303629.593750,A0DB8AF16E20,0002,male,C57BL/6,1.1.1,FR1_Approach,0,Left,391,474,157,189,0,0,,,,,,,,,,,,,,,,,,,,
2026-07-24 04:43:58,303631.062500,A0DB8AF16E20,0002,male,C57BL/6,1.1.1,FR1_Approach,0,Approach,391,474,157,189,0,0,,,,,,,,,,,,,,,,,,,,
2026-07-24 04:44:04,303637.031250,A0DB8AF16E20,0002,male,C57BL/6,1.1.1,FR1_Approach,0,PelletDrop,392,474,157,189,0,0,,,,,,,,,,,,,,,,,,,,
2026-07-24 04:44:13,303646.000000,A0DB8AF16E20,0002,male,C57BL/6,1.1.1,FR1_Approach,0,PelletTaken,392,474,157,189,0,0,8.122,512.000,0,2,,,,,,,,,,,,,,,,
2026-07-24 04:44:53,303686.062500,A0DB8AF16E20,0002,male,C57BL/6,1.1.1,FR1_Approach,0,Left,392,475,157,189,0,0,,,,,,,,,,,,,,,,,,,,
2026-07-24 04:44:56,303688.781250,A0DB8AF16E20,0002,male,C57BL/6,1.1.1,FR1_Approach,0,Approach,392,475,157,189,0,0,,,,,,,,,,,,,,,,,,,,
2026-07-24 04:44:58,303690.750000,A0DB8AF16E20,0002,male,C57BL/6,1.1.1,FR1_Approach,0,PelletDrop,393,475,157,189,0,0,,,,,,,,,,,,,,,,,,,,
2026-07-24 04:44:59,303692.218750,A0DB8AF16E20,0002,male,C57BL/6,1.1.1,FR1_Approach,0,PelletNotDetected,393,475,157,189,0,0,,,,,,,,,,,,,,,,,,,,
2026-07-24 04:45:24,303717.125000,A0DB8AF16E20,0002,male,C57BL/6,1.1.1,FR1_Approach,0,Left,393,476,157,189,0,0,,,,,,,,,,,,,,,,,,,,
2026-07-24 04:45:27,303720.156250,A0DB8AF16E20,0002,male,C57BL/6,1.1.1,FR1_Approach,0,No_approach,393,476,157,189,0,0,,,,,,,,,,,,,,,,,,,,
2026-07-24 04:45:31,303723.812500,A0DB8AF16E20,0002,male,C57BL/6,1.1.1,FR1_Approach,0,Left,393,477,157,189,0,0,,,,,,,,,,,,,,,,,,,,
2026-07-24 04:45:32,303725.312500,A0DB8AF16E20,0002,male,C57BL/6,1.1.1,FR1_Approach,0,Approach,393,477,157,189,0,0,,,,,,,,,,,,,,,,,,,,
2026-07-24 04:45:35,303728.375000,A0DB8AF16E20,0002,male,C57BL/6,1.1.1,FR1_Approach,0,PelletDrop,394,477,157,189,0,0,,,,,,,,,,,,,,,,,,,,
2026-07-24 04:45:37,303729.843750,A0DB8AF16E20,0002,male,C57BL/6,1.1.1,FR1_Approach,0,PelletNotDetected,394,477,157,189,0,0,,,,,,,,,,,,,,,,,,,,
2026-07-24 04:49:10,303943.687500,A0DB8AF16E20,0002,male,C57BL/6,1.1.1,FR1_Approach,0,Status,394,477,157,189,0,0,,,,,Disabled,25.1,41.6,1004.8,8.1,0.000,0.000,247720,339964,179940,60235,3.66,6.73
2026-07-24 04:49:46,303979.468750,A0DB8AF16E20,0002,male,C57BL/6,1.1.1,FR1_Approach,0,Center,394,477,157,190,0,0,,,,,,,,,,,,,,,,,,,,
2026-07-24 04:49:51,303984.500000,A0DB8AF16E20,0002,male,C57BL/6,1.1.1,FR1_Approach,0,Left,394,478,157,190,0,0,,,,,,,,,,,,,,,,,,,,
2026-07-24 04:49:53,303986.000000,A0DB8AF16E20,0002,male,C57BL/6,1.1.1,FR1_Approach,0,Approach,394,478,157,190,0,0,,,,,,,,,,,,,,,,,,,,
2026-07-24 04:49:57,303990.156250,A0DB8AF16E20,0002,male,C57BL/6,1.1.1,FR1_Approach,0,PelletDrop,395,478,157,190,0,0,,,,,,,,,,,,,,,,,,,,
2026-07-24 04:49:58,303991.625000,A0DB8AF16E20,0002,male,C57BL/6,1.1.1,FR1_Approach,0,PelletNotDetected,395,478,157,190,0,0,,,,,,,,,,,,,,,,,,,,
2026-07-24 04:50:39,304032.218750,A0DB8AF16E20,0002,male,C57BL/6,1.1.1,FR1_Approach,0,Right,395,478,158,190,0,0,,,,,,,,,,,,,,,,,,,,
2026-07-24 04:58:42,304516.156250,A0DB8AF16E20,0002,male,C57BL/6,1.1.1,FR1_Approach,0,Left,395,479,158,190,0,0,,,,,,,,,,,,,,,,,,,,
2026-07-24 04:58:44,304517.625000,A0DB8AF16E20,0002,male,C57BL/6,1.1.1,FR1_Approach,0,Approach,395,479,158,190,0,0,,,,,,,,,,,,,,,,,,,,
2026-07-24 04:58:52,304526.031250,A0DB8AF16E20,0002,male,C57BL/6,1.1.1,FR1_Approach,0,PelletDrop,396,479,158,190,0,0,,,,,,,,,,,,,,,,,,,,
2026-07-24 04:58:57,304531.000000,A0DB8AF16E20,0002,male,C57BL/6,1.1.1,FR1_Approach,0,PelletTaken,396,479,158,190,0,0,4.097,458.000,0,5,,,,,,,,,,,,,,,,
2026-07-24 05:01:20,304674.437500,A0DB8AF16E20,0002,male,C57BL/6,1.1.1,FR1_Approach,0,Status,396,479,158,190,0,0,,,,,Disabled,25.2,41.7,1004.8,8.1,0.000,0.000,247720,339964,179940,60368,3.65,6.61
2026-07-24 05:06:25,304980.093750,A0DB8AF16E20,0002,male,C57BL/6,1.1.1,FR1_Approach,0,Right,396,479,159,190,0,0,,,,,,,,,,,,,,,,,,,,
2026-07-24 05:06:27,304982.250000,A0DB8AF16E20,0002,male,C57BL/6,1.1.1,FR1_Approach,0,Left,396,480,159,190,0,0,,,,,,,,,,,,,,,,,,,,
2026-07-24 05:06:29,304983.718750,A0DB8AF16E20,0002,male,C57BL/6,1.1.1,FR1_Approach,0,Approach,396,480,159,190,0,0,,,,,,,,,,,,,,,,,,,,
2026-07-24 05:06:34,304989.062500,A0DB8AF16E20,0002,male,C57BL/6,1.1.1,FR1_Approach,0,PelletDrop,397,480,159,190,0,0,,,,,,,,,,,,,,,,,,,,
2026-07-24 05:06:39,304994.218750,A0DB8AF16E20,0002,male,C57BL/6,1.1.1,FR1_Approach,0,PelletTaken,397,480,159,190,0,0,4.283,221.000,0,2,,,,,,,,,,,,,,,,
2026-07-24 05:13:39,305414.312500,A0DB8AF16E20,0002,male,C57BL/6,1.1.1,FR1_Approach,0,Status,397,480,159,190,0,0,,,,,Disabled,25.3,41.8,1004.8,8.1,0.000,0.000,247720,339964,179940,60503,3.65,6.49
2026-07-24 05:13:55,305430.156250,A0DB8AF16E20,0002,male,C57BL/6,1.1.1,FR1_Approach,0,Right,397,480,160,190,0,0,,,,,,,,,,,,,,,,,,,,
2026-07-24 05:17:08,305623.625000,A0DB8AF16E20,0002,male,C57BL/6,1.1.1,FR1_Approach,0,Left,397,481,160,190,0,0,,,,,,,,,,,,,,,,,,,,
2026-07-24 05:17:10,305625.093750,A0DB8AF16E20,0002,male,C57BL/6,1.1.1,FR1_Approach,0,Approach,397,481,160,190,0,0,,,,,,,,,,,,,,,,,,,,
2026-07-24 05:17:15,305630.437500,A0DB8AF16E20,0002,male,C57BL/6,1.1.1,FR1_Approach,0,PelletDrop,398,481,160,190,0,0,,,,,,,,,,,,,,,,,,,,
2026-07-24 05:17:22,305637.343750,A0DB8AF16E20,0002,male,C57BL/6,1.1.1,FR1_Approach,0,PelletTaken,398,481,160,190,0,0,6.022,175.000,0,2,,,,,,,,,,,,,,,,
2026-07-24 05:17:46,305661.125000,A0DB8AF16E20,0002,male,C57BL/6,1.1.1,FR1_Approach,0,Left,398,482,160,190,0,0,,,,,,,,,,,,,,,,,,,,
2026-07-24 05:17:48,305663.812500,A0DB8AF16E20,0002,male,C57BL/6,1.1.1,FR1_Approach,0,Approach,398,482,160,190,0,0,,,,,,,,,,,,,,,,,,,,
2026-07-24 05:17:54,305669.156250,A0DB8AF16E20,0002,male,C57BL/6,1.1.1,FR1_Approach,0,PelletDrop,399,482,160,190,0,0,,,,,,,,,,,,,,,,,,,,
2026-07-24 05:18:00,305675.187500,A0DB8AF16E20,0002,male,C57BL/6,1.1.1,FR1_Approach,0,PelletTaken,399,482,160,190,0,0,5.152,70.000,0,2,,,,,,,,,,,,,,,,
2026-07-24 05:21:11,305866.843750,A0DB8AF16E20,0002,male,C57BL/6,1.1.1,FR1_Approach,0,Right,399,482,161,190,0,0,,,,,,,,,,,,,,,,,,,,
2026-07-24 05:21:30,305886.281250,A0DB8AF16E20,0002,male,C57BL/6,1.1.1,FR1_Approach,0,Right,399,482,162,190,0,0,,,,,,,,,,,,,,,,,,,,
2026-07-24 05:21:36,305891.968750,A0DB8AF16E20,0002,male,C57BL/6,1.1.1,FR1_Approach,0,Right,399,482,163,190,0,0,,,,,,,,,,,,,,,,,,,,
2026-07-24 05:21:52,305907.375000,A0DB8AF16E20,0002,male,C57BL/6,1.1.1,FR1_Approach,0,Right,399,482,164,190,0,0,,,,,,,,,,,,,,,,,,,,
2026-07-24 05:22:19,305934.937500,A0DB8AF16E20,0002,male,C57BL/6,1.1.1,FR1_Approach,0,Right,399,482,165,190,0,0,,,,,,,,,,,,,,,,,,,,
2026-07-24 05:22:23,305938.406250,A0DB8AF16E20,0002,male,C57BL/6,1.1.1,FR1_Approach,0,Left,399,483,165,190,0,0,,,,,,,,,,,,,,,,,,,,
2026-07-24 05:22:24,305939.875000,A0DB8AF16E20,0002,male,C57BL/6,1.1.1,FR1_Approach,0,Approach,399,483,165,190,0,0,,,,,,,,,,,,,,,,,,,,
2026-07-24 05:22:29,305945.218750,A0DB8AF16E20,0002,male,C57BL/6,1.1.1,FR1_Approach,0,PelletDrop,400,483,165,190,0,0,,,,,,,,,,,,,,,,,,,,
2026-07-24 05:22:35,305951.062500,A0DB8AF16E20,0002,male,C57BL/6,1.1.1,FR1_Approach,0,PelletTaken,400,483,165,190,0,0,4.954,396.000,0,2,,,,,,,,,,,,,,,,
2026-07-24 05:23:00,305976.125000,A0DB8AF16E20,0002,male,C57BL/6,1.1.1,FR1_Approach,0,Left,400,484,165,190,0,0,,,,,,,,,,,,,,,,,,,,
2026-07-24 05:23:02,305977.593750,A0DB8AF16E20,0002,male,C57BL/6,1.1.1,FR1_Approach,0,Approach,400,484,165,190,0,0,,,,,,,,,,,,,,,,,,,,
2026-07-24 05:23:09,305985.156250,A0DB8AF16E20,0002,male,C57BL/6,1.1.1,FR1_Approach,0,PelletDrop,401,484,165,190,0,0,,,,,,,,,,,,,,,,,,,,
2026-07-24 05:23:12,305988.375000,A0DB8AF16E20,0002,male,C57BL/6,1.1.1,FR1_Approach,0,PelletTaken,401,484,165,190,0,0,2.316,513.000,0,3,,,,,,,,,,,,,,,,
2026-07-24 05:25:53,306149.031250,A0DB8AF16E20,0002,male,C57BL/6,1.1.1,FR1_Approach,0,Status,401,484,165,190,0,0,,,,,Disabled,25.4,42.0,1004.8,8.0,0.000,0.000,247720,339964,179940,60635,3.65,6.12
2026-07-24 05:38:08,306884.875000,A0DB8AF16E20,0002,male,C57BL/6,1.1.1,FR1_Approach,0,Status,401,484,165,190,0,0,,,,,Disabled,25.5,42.2,1004.9,8.1,0.000,0.000,247720,339964,179940,60772,3.65,6.24
2026-07-24 05:43:42,307218.687500,A0DB8AF16E20,0002,male,C57BL/6,1.1.1,FR1_Approach,0,Center,401,484,165,191,0,0,,,,,,,,,,,,,,,,,,,,
2026-07-24 05:43:55,307232.062500,A0DB8AF16E20,0002,male,C57BL/6,1.1.1,FR1_Approach,0,Right,401,484,166,191,0,0,,,,,,,,,,,,,,,,,,,,
2026-07-24 05:44:00,307237.281250,A0DB8AF16E20,0002,male,C57BL/6,1.1.1,FR1_Approach,0,Center,401,484,166,192,0,0,,,,,,,,,,,,,,,,,,,,
2026-07-24 05:44:15,307251.875000,A0DB8AF16E20,0002,male,C57BL/6,1.1.1,FR1_Approach,0,Right,401,484,167,192,0,0,,,,,,,,,,,,,,,,,,,,
2026-07-24 05:44:19,307255.781250,A0DB8AF16E20,0002,male,C57BL/6,1.1.1,FR1_Approach,0,Right,401,484,168,192,0,0,,,,,,,,,,,,,,,,,,,,
2026-07-24 05:44:21,307258.343750,A0DB8AF16E20,0002,male,C57BL/6,1.1.1,FR1_Approach,0,Left,401,485,168,192,0,0,,,,,,,,,,,,,,,,,,,,
2026-07-24 05:44:23,307260.281250,A0DB8AF16E20,0002,male,C57BL/6,1.1.1,FR1_Approach,0,Approach,401,485,168,192,0,0,,,,,,,,,,,,,,,,,,,,
2026-07-24 05:44:29,307265.656250,A0DB8AF16E20,0002,male,C57BL/6,1.1.1,FR1_Approach,0,PelletDrop,402,485,168,192,0,0,,,,,,,,,,,,,,,,,,,,
2026-07-24 05:44:38,307274.750000,A0DB8AF16E20,0002,male,C57BL/6,1.1.1,FR1_Approach,0,PelletTaken,402,485,168,192,0,0,8.221,21.000,0,2,,,,,,,,,,,,,,,,
2026-07-24 05:47:01,307418.125000,A0DB8AF16E20,0002,male,C57BL/6,1.1.1,FR1_Approach,0,Right,402,485,169,192,0,0,,,,,,,,,,,,,,,,,,,,
2026-07-24 05:47:03,307420.250000,A0DB8AF16E20,0002,male,C57BL/6,1.1.1,FR1_Approach,0,Right,402,485,170,192,0,0,,,,,,,,,,,,,,,,,,,,
2026-07-24 05:50:21,307618.593750,A0DB8AF16E20,0002,male,C57BL/6,1.1.1,FR1_Approach,0,Status,402,485,170,192,0,0,,,,,Disabled,25.5,42.3,1004.9,8.1,0.000,0.000,247720,339964,179940,60908,3.66,6.37
2026-07-24 05:50:32,307629.937500,A0DB8AF16E20,0002,male,C57BL/6,1.1.1,FR1_Approach,0,Left,402,486,170,192,0,0,,,,,,,,,,,,,,,,,,,,
2026-07-24 05:50:33,307631.406250,A0DB8AF16E20,0002,male,C57BL/6,1.1.1,FR1_Approach,0,Approach,402,486,170,192,0,0,,,,,,,,,,,,,,,,,,,,
2026-07-24 05:50:39,307637.156250,A0DB8AF16E20,0002,male,C57BL/6,1.1.1,FR1_Approach,0,PelletDrop,403,486,170,192,0,0,,,,,,,,,,,,,,,,,,,,
2026-07-24 05:50:49,307647.312500,A0DB8AF16E20,0002,male,C57BL/6,1.1.1,FR1_Approach,0,PelletTaken,403,486,170,192,0,0,9.289,265.000,0,2,,,,,,,,,,,,,,,,
2026-07-24 05:55:42,307940.687500,A0DB8AF16E20,0002,male,C57BL/6,1.1.1,FR1_Approach,0,Right,403,486,171,192,0,0,,,,,,,,,,,,,,,,,,,,
2026-07-24 06:02:39,308357.375000,A0DB8AF16E20,0002,male,C57BL/6,1.1.1,FR1_Approach,0,Status,403,486,171,192,0,0,,,,,Disabled,25.6,42.2,1005.0,8.0,2.239,928.000,247720,339964,179940,61041,3.65,6.24
2026-07-24 06:15:01,309099.218750,A0DB8AF16E20,0002,male,C57BL/6,1.1.1,FR1_Approach,0,Status,403,486,171,192,0,0,,,,,Disabled,25.6,42.2,1005.1,8.0,1.440,584.000,247720,339964,179940,61178,3.65,6.12
2026-07-24 06:25:33,309733.000000,A0DB8AF16E20,0002,male,C57BL/6,1.1.1,FR1_Approach,0,Status,403,486,171,192,0,0,,,,,Disabled,25.3,44.3,1005.3,8.2,2.311,961.000,247720,339964,179940,61315,3.65,6.12
2026-07-24 06:37:47,310467.875000,A0DB8AF16E20,0002,male,C57BL/6,1.1.1,FR1_Approach,0,Status,403,486,171,192,0,0,,,,,Disabled,25.3,42.3,1005.4,8.2,2.509,1024.000,247720,339964,179940,61452,3.65,6.00
2026-07-24 06:46:09,310970.531250,A0DB8AF16E20,0002,male,C57BL/6,1.1.1,FR1_Approach,0,Left,403,487,171,192,0,0,,,,,,,,,,,,,,,,,,,,
2026-07-24 06:46:12,310973.593750,A0DB8AF16E20,0002,male,C57BL/6,1.1.1,FR1_Approach,0,No_approach,403,487,171,192,0,0,,,,,,,,,,,,,,,,,,,,
2026-07-24 06:46:27,310988.937500,A0DB8AF16E20,0002,male,C57BL/6,1.1.1,FR1_Approach,0,Left,403,488,171,192,0,0,,,,,,,,,,,,,,,,,,,,
2026-07-24 06:46:30,310992.000000,A0DB8AF16E20,0002,male,C57BL/6,1.1.1,FR1_Approach,0,No_approach,403,488,171,192,0,0,,,,,,,,,,,,,,,,,,,,
2026-07-24 06:48:19,311100.750000,A0DB8AF16E20,0002,male,C57BL/6,1.1.1,FR1_Approach,0,Status,403,488,171,192,0,0,,,,,Disabled,25.1,44.2,1005.5,8.3,2.819,1144.000,247720,339964,179940,61588,3.66,6.00
2026-07-24 06:56:38,311600.593750,A0DB8AF16E20,0002,male,C57BL/6,1.1.1,FR1_Approach,0,Left,403,489,171,192,0,0,,,,,,,,,,,,,,,,,,,,
2026-07-24 06:56:40,311602.312500,A0DB8AF16E20,0002,male,C57BL/6,1.1.1,FR1_Approach,0,Approach,403,489,171,192,0,0,,,,,,,,,,,,,,,,,,,,
2026-07-24 06:56:43,311605.437500,A0DB8AF16E20,0002,male,C57BL/6,1.1.1,FR1_Approach,0,PelletDrop,404,489,171,192,0,0,,,,,,,,,,,,,,,,,,,,
2026-07-24 06:56:45,311608.062500,A0DB8AF16E20,0002,male,C57BL/6,1.1.1,FR1_Approach,0,PelletTaken,404,489,171,192,0,0,1.743,61.000,0,1,,,,,,,,,,,,,,,,
2026-07-24 06:57:56,311678.437500,A0DB8AF16E20,0002,male,C57BL/6,1.1.1,FR1_Approach,0,Left,404,490,171,192,0,0,,,,,,,,,,,,,,,,,,,,
2026-07-24 06:57:57,311679.937500,A0DB8AF16E20,0002,male,C57BL/6,1.1.1,FR1_Approach,0,Approach,404,490,171,192,0,0,,,,,,,,,,,,,,,,,,,,
2026-07-24 06:58:02,311685.281250,A0DB8AF16E20,0002,male,C57BL/6,1.1.1,FR1_Approach,0,PelletDrop,405,490,171,192,0,0,,,,,,,,,,,,,,,,,,,,
2026-07-24 06:58:13,311695.906250,A0DB8AF16E20,0002,male,C57BL/6,1.1.1,FR1_Approach,0,PelletTaken,405,490,171,192,0,0,9.784,2002.000,0,2,,,,,,,,,,,,,,,,
2026-07-24 06:58:52,311734.656250,A0DB8AF16E20,0002,male,C57BL/6,1.1.1,FR1_Approach,0,Status,405,490,171,192,0,0,,,,,Disabled,24.9,44.1,1005.6,8.4,2.268,948.000,247720,339964,179940,61719,3.65,6.00
2026-07-24 07:11:04,312467.375000,A0DB8AF16E20,0002,male,C57BL/6,1.1.1,FR1_Approach,0,Status,405,490,171,192,0,0,,,,,Disabled,25.0,42.5,1005.6,8.3,2.261,951.000,247720,339964,179940,61856,3.66,5.91
2026-07-24 07:21:37,313101.125000,A0DB8AF16E20,0002,male,C57BL/6,1.1.1,FR1_Approach,0,Status,405,490,171,192,0,0,,,,,Disabled,24.8,44.3,1005.7,8.4,2.257,936.000,247720,339964,179940,61993,3.66,5.91
2026-07-24 07:32:10,313734.906250,A0DB8AF16E20,0002,male,C57BL/6,1.1.1,FR1_Approach,0,Status,405,490,171,192,0,0,,,,,Disabled,24.6,44.4,1005.7,8.6,2.272,939.000,247720,339964,179940,62130,3.66,6.00
2026-07-24 07:42:43,314368.687500,A0DB8AF16E20,0002,male,C57BL/6,1.1.1,FR1_Approach,0,Status,405,490,171,192,0,0,,,,,Disabled,24.5,44.4,1005.7,8.6,2.268,940.000,247720,339964,179940,62267,3.66,5.91
2026-07-24 07:54:56,315102.718750,A0DB8AF16E20,0002,male,C57BL/6,1.1.1,FR1_Approach,0,Status,405,490,171,192,0,0,,,,,Disabled,24.6,42.4,1005.7,8.4,2.268,940.000,247720,339964,179940,62404,3.64,5.83
2026-07-24 08:05:29,315736.468750,A0DB8AF16E20,0002,male,C57BL/6,1.1.1,FR1_Approach,0,Status,405,490,171,192,0,0,,,,,Disabled,24.5,44.2,1005.7,8.4,2.279,940.000,247720,339964,179940,62541,3.64,5.83
2026-07-24 08:17:40,316468.218750,A0DB8AF16E20,0002,male,C57BL/6,1.1.1,FR1_Approach,0,Status,405,490,171,192,0,0,,,,,Disabled,24.7,42.3,1005.7,8.4,2.268,940.000,247720,339964,179940,62678,3.64,5.66
2026-07-24 08:28:13,317102.000000,A0DB8AF16E20,0002,male,C57BL/6,1.1.1,FR1_Approach,0,Status,405,490,171,192,0,0,,,,,Disabled,24.5,44.1,1005.7,8.4,2.279,940.000,247720,339964,179940,62815,3.64,5.66
2026-07-24 08:40:26,317835.906250,A0DB8AF16E20,0002,male,C57BL/6,1.1.1,FR1_Approach,0,Status,405,490,171,192,0,0,,,,,Disabled,24.7,42.2,1005.7,8.4,2.268,940.000,247720,339964,179940,62952,3.64,5.57
2026-07-24 08:50:59,318469.687500,A0DB8AF16E20,0002,male,C57BL/6,1.1.1,FR1_Approach,0,Status,405,490,171,192,0,0,,,,,Disabled,24.5,44.0,1005.7,8.4,2.275,944.000,247720,339964,179940,63089,3.64,5.57
2026-07-24 09:03:21,319212.468750,A0DB8AF16E20,0002,male,C57BL/6,1.1.1,FR1_Approach,0,Status,405,490,171,192,0,0,,,,,Disabled,24.7,42.0,1005.7,8.4,2.272,938.000,247720,339964,179940,63226,3.64,5.49
2026-07-24 09:13:54,319846.218750,A0DB8AF16E20,0002,male,C57BL/6,1.1.1,FR1_Approach,0,Status,405,490,171,192,0,0,,,,,Disabled,24.5,43.8,1005.7,8.5,2.268,938.000,247720,339964,179940,63363,3.65,5.49
2026-07-24 09:22:39,320372.031250,A0DB8AF16E20,0002,male,C57BL/6,1.1.1,FR1_Approach,0,Left,405,491,171,192,0,0,,,,,,,,,,,,,,,,,,,,
2026-07-24 09:22:41,320373.500000,A0DB8AF16E20,0002,male,C57BL/6,1.1.1,FR1_Approach,0,Approach,405,491,171,192,0,0,,,,,,,,,,,,,,,,,,,,
2026-07-24 09:22:44,320376.625000,A0DB8AF16E20,0002,male,C57BL/6,1.1.1,FR1_Approach,0,PelletDrop,406,491,171,192,0,0,,,,,,,,,,,,,,,,,,,,
2026-07-24 09:22:59,320392.312500,A0DB8AF16E20,0002,male,C57BL/6,1.1.1,FR1_Approach,0,PelletTaken,406,491,171,192,0,0,14.810,2001.000,0,1,,,,,,,,,,,,,,,,
2026-07-24 09:23:43,320435.781250,A0DB8AF16E20,0002,male,C57BL/6,1.1.1,FR1_Approach,0,Left,406,492,171,192,0,0,,,,,,,,,,,,,,,,,,,,
2026-07-24 09:23:46,320438.843750,A0DB8AF16E20,0002,male,C57BL/6,1.1.1,FR1_Approach,0,No_approach,406,492,171,192,0,0,,,,,,,,,,,,,,,,,,,,
2026-07-24 09:26:11,320584.031250,A0DB8AF16E20,0002,male,C57BL/6,1.1.1,FR1_Approach,0,Left,406,493,171,192,0,0,,,,,,,,,,,,,,,,,,,,
2026-07-24 09:26:14,320587.093750,A0DB8AF16E20,0002,male,C57BL/6,1.1.1,FR1_Approach,0,No_approach,406,493,171,192,0,0,,,,,,,,,,,,,,,,,,,,
2026-07-24 09:26:22,320595.125000,A0DB8AF16E20,0002,male,C57BL/6,1.1.1,FR1_Approach,0,Status,406,493,171,192,0,0,,,,,Disabled,24.7,41.7,1005.8,8.3,2.254,933.000,247720,339964,179940,63495,3.64,5.40
2026-07-24 09:26:26,320598.781250,A0DB8AF16E20,0002,male,C57BL/6,1.1.1,FR1_Approach,0,Left,406,494,171,192,0,0,,,,,,,,,,,,,,,,,,,,
2026-07-24 09:26:29,320601.843750,A0DB8AF16E20,0002,male,C57BL/6,1.1.1,FR1_Approach,0,No_approach,406,494,171,192,0,0,,,,,,,,,,,,,,,,,,,,
2026-07-24 09:26:35,320607.843750,A0DB8AF16E20,0002,male,C57BL/6,1.1.1,FR1_Approach,0,Left,406,495,171,192,0,0,,,,,,,,,,,,,,,,,,,,
2026-07-24 09:26:38,320610.906250,A0DB8AF16E20,0002,male,C57BL/6,1.1.1,FR1_Approach,0,No_approach,406,495,171,192,0,0,,,,,,,,,,,,,,,,,,,,
2026-07-24 09:26:44,320616.531250,A0DB8AF16E20,0002,male,C57BL/6,1.1.1,FR1_Approach,0,Left,406,496,171,192,0,0,,,,,,,,,,,,,,,,,,,,
2026-07-24 09:26:47,320619.593750,A0DB8AF16E20,0002,male,C57BL/6,1.1.1,FR1_Approach,0,No_approach,406,496,171,192,0,0,,,,,,,,,,,,,,,,,,,,
2026-07-24 09:26:53,320625.593750,A0DB8AF16E20,0002,male,C57BL/6,1.1.1,FR1_Approach,0,Left,406,497,171,192,0,0,,,,,,,,,,,,,,,,,,,,
2026-07-24 09:26:55,320627.781250,A0DB8AF16E20,0002,male,C57BL/6,1.1.1,FR1_Approach,0,Approach,406,497,171,192,0,0,,,,,,,,,,,,,,,,,,,,
2026-07-24 09:27:00,320633.125000,A0DB8AF16E20,0002,male,C57BL/6,1.1.1,FR1_Approach,0,PelletDrop,407,497,171,192,0,0,,,,,,,,,,,,,,,,,,,,
2026-07-24 09:27:12,320644.593750,A0DB8AF16E20,0002,male,C57BL/6,1.1.1,FR1_Approach,0,PelletTaken,407,497,171,192,0,0,10.587,2002.000,0,2,,,,,,,,,,,,,,,,
2026-07-24 09:27:44,320676.968750,A0DB8AF16E20,0002,male,C57BL/6,1.1.1,FR1_Approach,0,Left,407,498,171,192,0,0,,,,,,,,,,,,,,,,,,,,
2026-07-24 09:27:46,320678.937500,A0DB8AF16E20,0002,male,C57BL/6,1.1.1,FR1_Approach,0,Approach,407,498,171,192,0,0,,,,,,,,,,,,,,,,,,,,
2026-07-24 09:27:51,320684.281250,A0DB8AF16E20,0002,male,C57BL/6,1.1.1,FR1_Approach,0,PelletDrop,408,498,171,192,0,0,,,,,,,,,,,,,,,,,,,,
2026-07-24 09:28:00,320693.562500,A0DB8AF16E20,0002,male,C57BL/6,1.1.1,FR1_Approach,0,PelletTaken,408,498,171,192,0,0,8.398,2002.000,0,2,,,,,,,,,,,,,,,,
2026-07-24 09:28:35,320727.968750,A0DB8AF16E20,0002,male,C57BL/6,1.1.1,FR1_Approach,0,Left,408,499,171,192,0,0,,,,,,,,,,,,,,,,,,,,
2026-07-24 09:28:36,320729.468750,A0DB8AF16E20,0002,male,C57BL/6,1.1.1,FR1_Approach,0,Approach,408,499,171,192,0,0,,,,,,,,,,,,,,,,,,,,
2026-07-24 09:28:42,320734.812500,A0DB8AF16E20,0002,male,C57BL/6,1.1.1,FR1_Approach,0,PelletDrop,409,499,171,192,0,0,,,,,,,,,,,,,,,,,,,,
2026-07-24 09:28:52,320745.562500,A0DB8AF16E20,0002,male,C57BL/6,1.1.1,FR1_Approach,0,PelletTaken,409,499,171,192,0,0,9.839,2002.000,0,2,,,,,,,,,,,,,,,,
2026-07-24 09:36:48,321221.875000,A0DB8AF16E20,0002,male,C57BL/6,1.1.1,FR1_Approach,0,Status,409,499,171,192,0,0,,,,,Disabled,24.6,43.8,1005.8,8.3,2.059,863.000,247720,339964,179940,63615,3.64,5.32
2026-07-24 09:40:09,321422.937500,A0DB8AF16E20,0002,male,C57BL/6,1.1.1,FR1_Approach,0,Right,409,499,172,192,0,0,,,,,,,,,,,,,,,,,,,,
2026-07-24 09:49:08,321962.562500,A0DB8AF16E20,0002,male,C57BL/6,1.1.1,FR1_Approach,0,Status,409,499,172,192,0,0,,,,,Disabled,24.8,42.1,1005.8,8.2,2.117,874.000,247720,339964,179940,63752,3.64,5.23
2026-07-24 10:01:32,322707.468750,A0DB8AF16E20,0002,male,C57BL/6,1.1.1,FR1_Approach,0,Status,409,499,172,192,0,0,,,,,Disabled,25.0,42.0,1005.8,8.1,2.095,879.000,247720,339964,179940,63889,3.65,5.15
2026-07-24 10:12:05,323341.250000,A0DB8AF16E20,0002,male,C57BL/6,1.1.1,FR1_Approach,0,Status,409,499,172,192,0,0,,,,,Disabled,24.8,44.0,1005.8,8.2,2.149,894.000,247720,339964,179940,64026,3.65,5.23
2026-07-24 10:24:24,324081.093750,A0DB8AF16E20,0002,male,C57BL/6,1.1.1,FR1_Approach,0,Status,409,499,172,192,0,0,,,,,Disabled,24.9,42.2,1005.8,8.3,2.174,911.000,247720,339964,179940,64163,3.62,5.15
2026-07-24 10:34:57,324714.843750,A0DB8AF16E20,0002,male,C57BL/6,1.1.1,FR1_Approach,0,Status,409,499,172,192,0,0,,,,,Disabled,24.7,44.2,1005.8,8.3,2.182,912.000,247720,339964,179940,64300,3.63,5.15
2026-07-24 10:47:08,325446.781250,A0DB8AF16E20,0002,male,C57BL/6,1.1.1,FR1_Approach,0,Status,409,499,172,192,0,0,,,,,Disabled,24.8,42.3,1005.9,8.3,2.182,912.000,247720,339964,179940,64437,3.63,4.98
2026-07-24 10:57:41,326080.500000,A0DB8AF16E20,0002,male,C57BL/6,1.1.1,FR1_Approach,0,Status,409,499,172,192,0,0,,,,,Disabled,24.6,44.1,1005.9,8.3,2.182,910.000,247720,339964,179940,64574,3.63,4.98
2026-07-24 11:08:14,326714.281250,A0DB8AF16E20,0002,male,C57BL/6,1.1.1,FR1_Approach,0,Status,409,499,172,192,0,0,,,,,Disabled,24.5,44.2,1006.0,8.5,2.182,915.000,247720,339964,179940,64711,3.62,4.98
2026-07-24 11:18:47,327348.062500,A0DB8AF16E20,0002,male,C57BL/6,1.1.1,FR1_Approach,0,Status,409,499,172,192,0,0,,,,,Disabled,24.3,44.3,1006.0,8.6,2.189,912.000,247720,339964,179940,64848,3.63,4.98
2026-07-24 11:29:20,327981.812500,A0DB8AF16E20,0002,male,C57BL/6,1.1.1,FR1_Approach,0,Status,409,499,172,192,0,0,,,,,Disabled,24.2,44.3,1006.0,8.6,2.189,912.000,247720,339964,179940,64985,3.63,4.98
2026-07-24 11:41:40,328722.843750,A0DB8AF16E20,0002,male,C57BL/6,1.1.1,FR1_Approach,0,Status,409,499,172,192,0,0,,,,,Disabled,24.5,42.2,1005.9,8.4,2.131,878.000,247720,339964,179940,65122,3.63,4.89
2026-07-24 11:52:13,329356.593750,A0DB8AF16E20,0002,male,C57BL/6,1.1.1,FR1_Approach,0,Status,409,499,172,192,0,0,,,,,Disabled,24.4,44.0,1005.9,8.5,2.192,913.000,247720,339964,179940,65259,3.63,4.89
2026-07-24 12:04:36,330099.437500,A0DB8AF16E20,0002,male,C57BL/6,1.1.1,FR1_Approach,0,Status,409,499,172,192,0,0,,,,,Disabled,24.6,42.0,1005.9,8.4,2.182,910.000,247720,339964,179940,65396,3.63,4.72
2026-07-24 12:15:08,330733.218750,A0DB8AF16E20,0002,male,C57BL/6,1.1.1,FR1_Approach,0,Status,409,499,172,192,0,0,,,,,Disabled,24.5,43.9,1005.9,8.4,2.142,878.000,247720,339964,179940,65533,3.62,4.72
2026-07-24 12:25:41,331367.000000,A0DB8AF16E20,0002,male,C57BL/6,1.1.1,FR1_Approach,0,Status,409,499,172,192,0,0,,,,,Disabled,24.3,44.0,1005.8,8.5,2.149,880.000,247720,339964,179940,65670,3.63,4.81
2026-07-24 12:38:00,332107.000000,A0DB8AF16E20,0002,male,C57BL/6,1.1.1,FR1_Approach,0,Status,409,499,172,192,0,0,,,,,Disabled,24.5,41.9,1005.7,8.4,2.182,912.000,247720,339964,179940,65807,3.63,4.64
2026-07-24 12:48:33,332740.812500,A0DB8AF16E20,0002,male,C57BL/6,1.1.1,FR1_Approach,0,Status,409,499,172,192,0,0,,,,,Disabled,24.4,43.8,1005.6,8.5,2.095,866.000,247720,339964,179940,65944,3.63,4.72
2026-07-24 12:59:06,333374.593750,A0DB8AF16E20,0002,male,C57BL/6,1.1.1,FR1_Approach,0,Status,409,499,172,192,0,0,,,,,Disabled,24.3,44.0,1005.5,8.6,2.095,881.000,247720,339964,179940,66081,3.63,4.72
2026-07-24 13:11:27,334116.437500,A0DB8AF16E20,0002,male,C57BL/6,1.1.1,FR1_Approach,0,Status,409,499,172,192,0,0,,,,,Disabled,24.5,42.0,1005.4,8.4,2.106,878.000,247720,339964,179940,66218,3.63,4.55
2026-07-24 13:22:00,334750.187500,A0DB8AF16E20,0002,male,C57BL/6,1.1.1,FR1_Approach,0,Status,409,499,172,192,0,0,,,,,Disabled,24.4,43.9,1005.4,8.6,2.110,884.000,247720,339964,179940,66355,3.63,4.64
