DateTime,ElapsedSeconds,ESP32_UID,MouseID,Sex,Strain,LibraryVer,Program,FR,Event,PelletCount,LeftCount,RightCount,CenterCount,BlockPelletCount,BlockPokeCount,RetrievalTime,PokeDuration,DispenseError,MotorTurns,Motion,Temperature,Humidity,Pressure,GasResistance,Lux,White,FreeHeap,HeapSize,MinFreeHeap,WakeCount,BatteryVoltage,BatteryPercent
2026-07-20 16:25:07,37.695999,B8DB8AF16E20,0003,male,C57BL/6,1.1.1,FR1_Approach,0,Startup,0,0,0,0,0,0,,,,,0.0,24.4,44.7,1008.5,7.0,52.006,22076.000,246300,339964,244140,0,4.02,79.93
2026-07-20 16:25:22,52.828999,B8DB8AF16E20,0003,male,C57BL/6,1.1.1,FR1_Approach,0,Left,0,1,0,0,0,0,,,,,,,,,,,,,,,,,,,,
2026-07-20 16:25:23,54.001999,B8DB8AF16E20,0003,male,C57BL/6,1.1.1,FR1_Approach,0,Approach,0,1,0,0,0,0,,,,,,,,,,,,,,,,,,,,
2026-07-20 16:25:31,61.262001,B8DB8AF16E20,0003,male,C57BL/6,1.1.1,FR1_Approach,0,PelletDrop,1,1,0,0,0,0,,,,,,,,,,,,,,,,,,,,
2026-07-20 16:25:51,81.822998,B8DB8AF16E20,0003,male,C57BL/6,1.1.1,FR1_Approach,0,PelletTaken,1,1,0,0,0,0,TimedOut,427.000,0,3,,,,,,,,,,,,,,,,
2026-07-20 16:34:33,603.729004,B8DB8AF16E20,0003,male,C57BL/6,1.1.1,FR1_Approach,0,Status,1,1,0,0,0,0,,,,,Disabled,24.5,42.6,1008.3,8.1,19.105,9620.000,247264,339964,244140,122,4.02,79.77
2026-07-20 16:43:31,1142.656982,B8DB8AF16E20,0003,male,C57BL/6,1.1.1,FR1_Approach,0,Left,1,2,0,0,0,0,,,,,,,,,,,,,,,,,,,,
2026-07-20 16:43:34,1145.411011,B8DB8AF16E20,0003,male,C57BL/6,1.1.1,FR1_Approach,0,No_approach,1,2,0,0,0,0,,,,,,,,,,,,,,,,,,,,
2026-07-20 16:44:30,1201.777954,B8DB8AF16E20,0003,male,C57BL/6,1.1.1,FR1_Approach,0,Left,1,3,0,0,0,0,,,,,,,,,,,,,,,,,,,,
2026-07-20 16:44:33,1204.546997,B8DB8AF16E20,0003,male,C57BL/6,1.1.1,FR1_Approach,0,No_approach,1,3,0,0,0,0,,,,,,,,,,,,,,,,,,,,
2026-07-20 16:44:41,1212.255005,B8DB8AF16E20,0003,male,C57BL/6,1.1.1,FR1_Approach,0,Status,1,3,0,0,0,0,,,,,Disabled,24.4,42.3,1008.2,9.0,0.025,24.000,249104,339964,187548,253,4.02,79.61
2026-07-20 16:45:04,1235.810059,B8DB8AF16E20,0003,male,C57BL/6,1.1.1,FR1_Approach,0,Right,1,3,1,0,0,0,,,,,,,,,,,,,,,,,,,,
2026-07-20 16:45:10,1241.711060,B8DB8AF16E20,0003,male,C57BL/6,1.1.1,FR1_Approach,0,Right,1,3,2,0,0,0,,,,,,,,,,,,,,,,,,,,
2026-07-20 16:45:11,1243.209961,B8DB8AF16E20,0003,male,C57BL/6,1.1.1,FR1_Approach,0,Right,1,3,3,0,0,0,,,,,,,,,,,,,,,,,,,,
2026-07-20 16:53:11,1472.484985,B8DB8AF16E20,0003,male,C57BL/6,1.1.1,FR1_Approach,0,Center,1,3,3,1,0,0,,,,,,,,,,,,,,,,,,,,
2026-07-20 16:53:15,1475.780029,B8DB8AF16E20,0003,male,C57BL/6,1.1.1,FR1_Approach,0,Center,1,3,3,2,0,0,,,,,,,,,,,,,,,,,,,,
2026-07-20 16:53:24,1484.921997,B8DB8AF16E20,0003,male,C57BL/6,1.1.1,FR1_Approach,0,Center,1,3,3,3,0,0,,,,,,,,,,,,,,,,,,,,
2026-07-20 16:53:27,1488.155029,B8DB8AF16E20,0003,male,C57BL/6,1.1.1,FR1_Approach,0,Left,1,4,3,3,0,0,,,,,,,,,,,,,,,,,,,,
2026-07-20 16:53:30,1490.909058,B8DB8AF16E20,0003,male,C57BL/6,1.1.1,FR1_Approach,0,No_approach,1,4,3,3,0,0,,,,,,,,,,,,,,,,,,,,
2026-07-20 16:53:33,1494.253052,B8DB8AF16E20,0003,male,C57BL/6,1.1.1,FR1_Approach,0,Left,1,5,3,3,0,0,,,,,,,,,,,,,,,,,,,,
2026-07-20 16:53:36,1497.006958,B8DB8AF16E20,0003,male,C57BL/6,1.1.1,FR1_Approach,0,No_approach,1,5,3,3,0,0,,,,,,,,,,,,,,,,,,,,
2026-07-20 16:53:38,1498.890015,B8DB8AF16E20,0003,male,C57BL/6,1.1.1,FR1_Approach,0,Left,1,6,3,3,0,0,,,,,,,,,,,,,,,,,,,,
2026-07-20 16:53:41,1501.644043,B8DB8AF16E20,0003,male,C57BL/6,1.1.1,FR1_Approach,0,No_approach,1,6,3,3,0,0,,,,,,,,,,,,,,,,,,,,
2026-07-20 16:53:42,1503.324951,B8DB8AF16E20,0003,male,C57BL/6,1.1.1,FR1_Approach,0,Left,1,7,3,3,0,0,,,,,,,,,,,,,,,,,,,,
2026-07-20 16:53:45,1506.078979,B8DB8AF16E20,0003,male,C57BL/6,1.1.1,FR1_Approach,0,No_approach,1,7,3,3,0,0,,,,,,,,,,,,,,,,,,,,
2026-07-20 16:54:39,1560.428955,B8DB8AF16E20,0003,male,C57BL/6,1.1.1,FR1_Approach,0,Right,1,7,4,3,0,0,,,,,,,,,,,,,,,,,,,,
2026-07-20 16:54:46,1566.681030,B8DB8AF16E20,0003,male,C57BL/6,1.1.1,FR1_Approach,0,Left,1,8,4,3,0,0,,,,,,,,,,,,,,,,,,,,
2026-07-20 16:54:47,1567.852051,B8DB8AF16E20,0003,male,C57BL/6,1.1.1,FR1_Approach,0,Approach,1,8,4,3,0,0,,,,,,,,,,,,,,,,,,,,
2026-07-20 16:54:52,1572.894043,B8DB8AF16E20,0003,male,C57BL/6,1.1.1,FR1_Approach,0,PelletDrop,2,8,4,3,0,0,,,,,,,,,,,,,,,,,,,,
2026-07-20 16:54:53,1574.072021,B8DB8AF16E20,0003,male,C57BL/6,1.1.1,FR1_Approach,0,PelletNotDetected,2,8,4,3,0,0,,,,,,,,,,,,,,,,,,,,
2026-07-20 16:56:37,1677.875977,B8DB8AF16E20,0003,male,C57BL/6,1.1.1,FR1_Approach,0,Left,2,9,4,3,0,0,,,,,,,,,,,,,,,,,,,,
2026-07-20 16:56:39,1680.630005,B8DB8AF16E20,0003,male,C57BL/6,1.1.1,FR1_Approach,0,No_approach,2,9,4,3,0,0,,,,,,,,,,,,,,,,,,,,
2026-07-20 16:56:43,1684.213989,B8DB8AF16E20,0003,male,C57BL/6,1.1.1,FR1_Approach,0,Left,2,10,4,3,0,0,,,,,,,,,,,,,,,,,,,,
2026-07-20 16:56:46,1686.983032,B8DB8AF16E20,0003,male,C57BL/6,1.1.1,FR1_Approach,0,No_approach,2,10,4,3,0,0,,,,,,,,,,,,,,,,,,,,
2026-07-20 16:58:51,1812.806030,B8DB8AF16E20,0003,male,C57BL/6,1.1.1,FR1_Approach,0,Status,2,10,4,3,0,0,,,,,Disabled,24.4,43.8,1008.0,9.7,0.032,29.000,247876,339964,181620,385,4.02,79.44
2026-07-20 17:01:22,1963.347046,B8DB8AF16E20,0003,male,C57BL/6,1.1.1,FR1_Approach,0,Right,2,10,5,3,0,0,,,,,,,,,,,,,,,,,,,,
2026-07-20 17:01:25,1966.308960,B8DB8AF16E20,0003,male,C57BL/6,1.1.1,FR1_Approach,0,Right,2,10,6,3,0,0,,,,,,,,,,,,,,,,,,,,
2026-07-20 17:01:27,1968.808960,B8DB8AF16E20,0003,male,C57BL/6,1.1.1,FR1_Approach,0,Center,2,10,6,4,0,0,,,,,,,,,,,,,,,,,,,,
2026-07-20 17:01:59,2000.869019,B8DB8AF16E20,0003,male,C57BL/6,1.1.1,FR1_Approach,0,Left,2,11,6,4,0,0,,,,,,,,,,,,,,,,,,,,
2026-07-20 17:02:02,2003.623047,B8DB8AF16E20,0003,male,C57BL/6,1.1.1,FR1_Approach,0,No_approach,2,11,6,4,0,0,,,,,,,,,,,,,,,,,,,,
2026-07-20 17:02:04,2005.762939,B8DB8AF16E20,0003,male,C57BL/6,1.1.1,FR1_Approach,0,Left,2,12,6,4,0,0,,,,,,,,,,,,,,,,,,,,
2026-07-20 17:02:07,2008.416016,B8DB8AF16E20,0003,male,C57BL/6,1.1.1,FR1_Approach,0,Approach,2,12,6,4,0,0,,,,,,,,,,,,,,,,,,,,
2026-07-20 17:02:10,2011.287964,B8DB8AF16E20,0003,male,C57BL/6,1.1.1,FR1_Approach,0,PelletDrop,3,12,6,4,0,0,,,,,,,,,,,,,,,,,,,,
2026-07-20 17:02:11,2012.510010,B8DB8AF16E20,0003,male,C57BL/6,1.1.1,FR1_Approach,0,PelletTaken,3,12,6,4,0,0,0.653,96.000,0,3,,,,,,,,,,,,,,,,
2026-07-20 17:02:57,2058.100098,B8DB8AF16E20,0003,male,C57BL/6,1.1.1,FR1_Approach,0,Center,3,12,6,5,0,0,,,,,,,,,,,,,,,,,,,,
2026-07-20 17:03:03,2064.302979,B8DB8AF16E20,0003,male,C57BL/6,1.1.1,FR1_Approach,0,Left,3,13,6,5,0,0,,,,,,,,,,,,,,,,,,,,
2026-07-20 17:03:05,2066.451904,B8DB8AF16E20,0003,male,C57BL/6,1.1.1,FR1_Approach,0,Approach,3,13,6,5,0,0,,,,,,,,,,,,,,,,,,,,
2026-07-20 17:03:08,2069.275879,B8DB8AF16E20,0003,male,C57BL/6,1.1.1,FR1_Approach,0,PelletDrop,4,13,6,5,0,0,,,,,,,,,,,,,,,,,,,,
2026-07-20 17:03:08,2069.992920,B8DB8AF16E20,0003,male,C57BL/6,1.1.1,FR1_Approach,0,PelletTaken,4,13,6,5,0,0,0.148,11.000,0,1,,,,,,,,,,,,,,,,
2026-07-20 17:03:32,2093.944092,B8DB8AF16E20,0003,male,C57BL/6,1.1.1,FR1_Approach,0,Left,4,14,6,5,0,0,,,,,,,,,,,,,,,,,,,,
2026-07-20 17:03:35,2096.697998,B8DB8AF16E20,0003,male,C57BL/6,1.1.1,FR1_Approach,0,No_approach,4,14,6,5,0,0,,,,,,,,,,,,,,,,,,,,
2026-07-20 17:07:44,2345.761963,B8DB8AF16E20,0003,male,C57BL/6,1.1.1,FR1_Approach,0,Left,4,15,6,5,0,0,,,,,,,,,,,,,,,,,,,,
2026-07-20 17:07:47,2348.516113,B8DB8AF16E20,0003,male,C57BL/6,1.1.1,FR1_Approach,0,No_approach,4,15,6,5,0,0,,,,,,,,,,,,,,,,,,,,
2026-07-20 17:08:03,2364.833008,B8DB8AF16E20,0003,male,C57BL/6,1.1.1,FR1_Approach,0,Left,4,16,6,5,0,0,,,,,,,,,,,,,,,,,,,,
2026-07-20 17:08:04,2366.007080,B8DB8AF16E20,0003,male,C57BL/6,1.1.1,FR1_Approach,0,Approach,4,16,6,5,0,0,,,,,,,,,,,,,,,,,,,,
2026-07-20 17:08:16,2377.457031,B8DB8AF16E20,0003,male,C57BL/6,1.1.1,FR1_Approach,0,PelletDrop,5,16,6,5,0,0,,,,,,,,,,,,,,,,,,,,
2026-07-20 17:08:19,2381.198975,B8DB8AF16E20,0003,male,C57BL/6,1.1.1,FR1_Approach,0,PelletTaken,5,16,6,5,0,0,3.173,59.000,0,4,,,,,,,,,,,,,,,,
2026-07-20 17:08:53,2415.187012,B8DB8AF16E20,0003,male,C57BL/6,1.1.1,FR1_Approach,0,Status,5,16,6,5,0,0,,,,,Disabled,24.4,44.0,1007.7,10.5,0.022,26.000,247876,339964,181540,516,4.02,79.12
2026-07-20 17:09:26,2448.300049,B8DB8AF16E20,0003,male,C57BL/6,1.1.1,FR1_Approach,0,Left,5,17,6,5,0,0,,,,,,,,,,,,,,,,,,,,
2026-07-20 17:09:29,2451.053955,B8DB8AF16E20,0003,male,C57BL/6,1.1.1,FR1_Approach,0,No_approach,5,17,6,5,0,0,,,,,,,,,,,,,,,,,,,,
2026-07-20 17:09:31,2452.936035,B8DB8AF16E20,0003,male,C57BL/6,1.1.1,FR1_Approach,0,Left,5,18,6,5,0,0,,,,,,,,,,,,,,,,,,,,
2026-07-20 17:09:34,2455.689941,B8DB8AF16E20,0003,male,C57BL/6,1.1.1,FR1_Approach,0,No_approach,5,18,6,5,0,0,,,,,,,,,,,,,,,,,,,,
2026-07-20 17:09:45,2466.975098,B8DB8AF16E20,0003,male,C57BL/6,1.1.1,FR1_Approach,0,Left,5,19,6,5,0,0,,,,,,,,,,,,,,,,,,,,
2026-07-20 17:09:48,2469.729004,B8DB8AF16E20,0003,male,C57BL/6,1.1.1,FR1_Approach,0,No_approach,5,19,6,5,0,0,,,,,,,,,,,,,,,,,,,,
2026-07-20 17:09:52,2473.652100,B8DB8AF16E20,0003,male,C57BL/6,1.1.1,FR1_Approach,0,Left,5,20,6,5,0,0,,,,,,,,,,,,,,,,,,,,
2026-07-20 17:09:53,2475.315918,B8DB8AF16E20,0003,male,C57BL/6,1.1.1,FR1_Approach,0,Approach,5,20,6,5,0,0,,,,,,,,,,,,,,,,,,,,
2026-07-20 17:09:57,2479.261963,B8DB8AF16E20,0003,male,C57BL/6,1.1.1,FR1_Approach,0,PelletDrop,6,20,6,5,0,0,,,,,,,,,,,,,,,,,,,,
2026-07-20 17:09:58,2480.110107,B8DB8AF16E20,0003,male,C57BL/6,1.1.1,FR1_Approach,0,PelletTaken,6,20,6,5,0,0,0.279,96.000,0,1,,,,,,,,,,,,,,,,
2026-07-20 17:12:10,2612.416992,B8DB8AF16E20,0003,male,C57BL/6,1.1.1,FR1_Approach,0,Left,6,21,6,5,0,0,,,,,,,,,,,,,,,,,,,,
2026-07-20 17:12:13,2615.181885,B8DB8AF16E20,0003,male,C57BL/6,1.1.1,FR1_Approach,0,No_approach,6,21,6,5,0,0,,,,,,,,,,,,,,,,,,,,
2026-07-20 17:12:16,2617.593018,B8DB8AF16E20,0003,male,C57BL/6,1.1.1,FR1_Approach,0,Left,6,22,6,5,0,0,,,,,,,,,,,,,,,,,,,,
2026-07-20 17:12:18,2620.346924,B8DB8AF16E20,0003,male,C57BL/6,1.1.1,FR1_Approach,0,No_approach,6,22,6,5,0,0,,,,,,,,,,,,,,,,,,,,
2026-07-20 17:12:22,2623.978027,B8DB8AF16E20,0003,male,C57BL/6,1.1.1,FR1_Approach,0,Right,6,22,7,5,0,0,,,,,,,,,,,,,,,,,,,,
2026-07-20 17:12:25,2627.252930,B8DB8AF16E20,0003,male,C57BL/6,1.1.1,FR1_Approach,0,Left,6,23,7,5,0,0,,,,,,,,,,,,,,,,,,,,
2026-07-20 17:12:28,2630.144043,B8DB8AF16E20,0003,male,C57BL/6,1.1.1,FR1_Approach,0,Approach,6,23,7,5,0,0,,,,,,,,,,,,,,,,,,,,
2026-07-20 17:12:35,2637.404053,B8DB8AF16E20,0003,male,C57BL/6,1.1.1,FR1_Approach,0,PelletDrop,7,23,7,5,0,0,,,,,,,,,,,,,,,,,,,,
2026-07-20 17:12:39,2640.985107,B8DB8AF16E20,0003,male,C57BL/6,1.1.1,FR1_Approach,0,PelletTaken,7,23,7,5,0,0,2.997,49.000,0,3,,,,,,,,,,,,,,,,
2026-07-20 17:14:33,2755.535889,B8DB8AF16E20,0003,male,C57BL/6,1.1.1,FR1_Approach,0,Left,7,24,7,5,0,0,,,,,,,,,,,,,,,,,,,,
2026-07-20 17:14:35,2757.443115,B8DB8AF16E20,0003,male,C57BL/6,1.1.1,FR1_Approach,0,Approach,7,24,7,5,0,0,,,,,,,,,,,,,,,,,,,,
2026-07-20 17:14:40,2762.485107,B8DB8AF16E20,0003,male,C57BL/6,1.1.1,FR1_Approach,0,PelletDrop,8,24,7,5,0,0,,,,,,,,,,,,,,,,,,,,
2026-07-20 17:14:49,2771.291016,B8DB8AF16E20,0003,male,C57BL/6,1.1.1,FR1_Approach,0,PelletTaken,8,24,7,5,0,0,8.221,21.000,0,2,,,,,,,,,,,,,,,,
2026-07-20 17:18:24,2986.320068,B8DB8AF16E20,0003,male,C57BL/6,1.1.1,FR1_Approach,0,Left,8,25,7,5,0,0,,,,,,,,,,,,,,,,,,,,
2026-07-20 17:18:25,2987.491943,B8DB8AF16E20,0003,male,C57BL/6,1.1.1,FR1_Approach,0,Approach,8,25,7,5,0,0,,,,,,,,,,,,,,,,,,,,
2026-07-20 17:18:30,2992.533936,B8DB8AF16E20,0003,male,C57BL/6,1.1.1,FR1_Approach,0,PelletDrop,9,25,7,5,0,0,,,,,,,,,,,,,,,,,,,,
2026-07-20 17:18:38,3000.053955,B8DB8AF16E20,0003,male,C57BL/6,1.1.1,FR1_Approach,0,PelletTaken,9,25,7,5,0,0,6.935,135.000,0,2,,,,,,,,,,,,,,,,
2026-07-20 17:18:54,3016.510986,B8DB8AF16E20,0003,male,C57BL/6,1.1.1,FR1_Approach,0,Status,9,25,7,5,0,0,,,,,Disabled,24.4,43.7,1007.3,11.0,0.014,22.000,247876,339964,181512,638,4.01,78.95
2026-07-20 17:19:24,3046.763916,B8DB8AF16E20,0003,male,C57BL/6,1.1.1,FR1_Approach,0,Left,9,26,7,5,0,0,,,,,,,,,,,,,,,,,,,,
2026-07-20 17:19:26,3048.196045,B8DB8AF16E20,0003,male,C57BL/6,1.1.1,FR1_Approach,0,Approach,9,26,7,5,0,0,,,,,,,,,,,,,,,,,,,,
2026-07-20 17:19:29,3051.020020,B8DB8AF16E20,0003,male,C57BL/6,1.1.1,FR1_Approach,0,PelletDrop,10,26,7,5,0,0,,,,,,,,,,,,,,,,,,,,
2026-07-20 17:19:29,3051.737061,B8DB8AF16E20,0003,male,C57BL/6,1.1.1,FR1_Approach,0,PelletTaken,10,26,7,5,0,0,0.148,40.000,0,1,,,,,,,,,,,,,,,,
2026-07-20 17:19:46,3068.533936,B8DB8AF16E20,0003,male,C57BL/6,1.1.1,FR1_Approach,0,Left,10,27,7,5,0,0,,,,,,,,,,,,,,,,,,,,
2026-07-20 17:19:48,3070.210938,B8DB8AF16E20,0003,male,C57BL/6,1.1.1,FR1_Approach,0,Approach,10,27,7,5,0,0,,,,,,,,,,,,,,,,,,,,
2026-07-20 17:19:51,3073.034912,B8DB8AF16E20,0003,male,C57BL/6,1.1.1,FR1_Approach,0,PelletDrop,11,27,7,5,0,0,,,,,,,,,,,,,,,,,,,,
2026-07-20 17:19:51,3073.794922,B8DB8AF16E20,0003,male,C57BL/6,1.1.1,FR1_Approach,0,PelletTaken,11,27,7,5,0,0,0.191,12.000,0,1,,,,,,,,,,,,,,,,
2026-07-20 17:22:00,3202.950928,B8DB8AF16E20,0003,male,C57BL/6,1.1.1,FR1_Approach,0,Center,11,27,7,6,0,0,,,,,,,,,,,,,,,,,,,,
2026-07-20 17:22:06,3209.305908,B8DB8AF16E20,0003,male,C57BL/6,1.1.1,FR1_Approach,0,Left,11,28,7,6,0,0,,,,,,,,,,,,,,,,,,,,
2026-07-20 17:22:09,3211.455078,B8DB8AF16E20,0003,male,C57BL/6,1.1.1,FR1_Approach,0,Approach,11,28,7,6,0,0,,,,,,,,,,,,,,,,,,,,
2026-07-20 17:22:10,3213.181885,B8DB8AF16E20,0003,male,C57BL/6,1.1.1,FR1_Approach,0,PelletDrop,12,28,7,6,0,0,,,,,,,,,,,,,,,,,,,,
2026-07-20 17:22:17,3219.933105,B8DB8AF16E20,0003,male,C57BL/6,1.1.1,FR1_Approach,0,LeftWithPellet,12,28,8,6,0,0,,,,,,,,,,,,,,,,,,,,
2026-07-20 17:22:27,3229.804932,B8DB8AF16E20,0003,male,C57BL/6,1.1.1,FR1_Approach,0,PelletTaken,12,28,8,6,0,0,16.053,60.000,0,0,,,,,,,,,,,,,,,,
2026-07-20 17:24:13,3335.797119,B8DB8AF16E20,0003,male,C57BL/6,1.1.1,FR1_Approach,0,Right,12,28,9,6,0,0,,,,,,,,,,,,,,,,,,,,
2026-07-20 17:24:23,3345.798096,B8DB8AF16E20,0003,male,C57BL/6,1.1.1,FR1_Approach,0,Left,12,29,9,6,0,0,,,,,,,,,,,,,,,,,,,,
2026-07-20 17:24:25,3348.190918,B8DB8AF16E20,0003,male,C57BL/6,1.1.1,FR1_Approach,0,Approach,12,29,9,6,0,0,,,,,,,,,,,,,,,,,,,,
2026-07-20 17:24:28,3351.030029,B8DB8AF16E20,0003,male,C57BL/6,1.1.1,FR1_Approach,0,PelletDrop,13,29,9,6,0,0,,,,,,,,,,,,,,,,,,,,
2026-07-20 17:24:33,3356.180908,B8DB8AF16E20,0003,male,C57BL/6,1.1.1,FR1_Approach,0,LeftWithPellet,13,30,9,6,0,0,,,,,,,,,,,,,,,,,,,,
2026-07-20 17:24:37,3359.608887,B8DB8AF16E20,0003,male,C57BL/6,1.1.1,FR1_Approach,0,CenterWithPellet,13,30,9,7,0,0,,,,,,,,,,,,,,,,,,,,
2026-07-20 17:24:39,3361.957031,B8DB8AF16E20,0003,male,C57BL/6,1.1.1,FR1_Approach,0,RightWithPellet,13,30,10,7,0,0,,,,,,,,,,,,,,,,,,,,
2026-07-20 17:24:40,3363.300049,B8DB8AF16E20,0003,male,C57BL/6,1.1.1,FR1_Approach,0,RightWithPellet,13,30,11,7,0,0,,,,,,,,,,,,,,,,,,,,
2026-07-20 17:24:44,3367.041992,B8DB8AF16E20,0003,male,C57BL/6,1.1.1,FR1_Approach,0,PelletTaken,13,30,11,7,0,0,15.432,193.000,0,1,,,,,,,,,,,,,,,,
2026-07-20 17:24:47,3370.488037,B8DB8AF16E20,0003,male,C57BL/6,1.1.1,FR1_Approach,0,Right,13,30,12,7,0,0,,,,,,,,,,,,,,,,,,,,
2026-07-20 17:24:48,3371.448975,B8DB8AF16E20,0003,male,C57BL/6,1.1.1,FR1_Approach,0,Right,13,30,13,7,0,0,,,,,,,,,,,,,,,,,,,,
2026-07-20 17:24:51,3374.362061,B8DB8AF16E20,0003,male,C57BL/6,1.1.1,FR1_Approach,0,Right,13,30,14,7,0,0,,,,,,,,,,,,,,,,,,,,
2026-07-20 17:24:55,3377.774902,B8DB8AF16E20,0003,male,C57BL/6,1.1.1,FR1_Approach,0,Right,13,30,15,7,0,0,,,,,,,,,,,,,,,,,,,,
2026-07-20 17:25:05,3388.040039,B8DB8AF16E20,0003,male,C57BL/6,1.1.1,FR1_Approach,0,Right,13,30,16,7,0,0,,,,,,,,,,,,,,,,,,,,
2026-07-20 17:25:07,3390.558105,B8DB8AF16E20,0003,male,C57BL/6,1.1.1,FR1_Approach,0,Center,13,30,16,8,0,0,,,,,,,,,,,,,,,,,,,,
2026-07-20 17:25:29,3411.759033,B8DB8AF16E20,0003,male,C57BL/6,1.1.1,FR1_Approach,0,Center,13,30,16,9,0,0,,,,,,,,,,,,,,,,,,,,
2026-07-20 17:25:32,3414.779053,B8DB8AF16E20,0003,male,C57BL/6,1.1.1,FR1_Approach,0,Left,13,31,16,9,0,0,,,,,,,,,,,,,,,,,,,,
2026-07-20 17:25:33,3416.197998,B8DB8AF16E20,0003,male,C57BL/6,1.1.1,FR1_Approach,0,Approach,13,31,16,9,0,0,,,,,,,,,,,,,,,,,,,,
2026-07-20 17:25:36,3419.324951,B8DB8AF16E20,0003,male,C57BL/6,1.1.1,FR1_Approach,0,LeftWithPellet,13,31,17,9,0,0,,,,,,,,,,,,,,,,,,,,
2026-07-20 17:25:37,3420.308105,B8DB8AF16E20,0003,male,C57BL/6,1.1.1,FR1_Approach,0,RightWithPellet,13,31,18,9,0,0,,,,,,,,,,,,,,,,,,,,
2026-07-20 17:25:38,3421.315918,B8DB8AF16E20,0003,male,C57BL/6,1.1.1,FR1_Approach,0,RightWithPellet,13,31,19,9,0,0,,,,,,,,,,,,,,,,,,,,
2026-07-20 17:25:40,3422.663086,B8DB8AF16E20,0003,male,C57BL/6,1.1.1,FR1_Approach,0,LeftWithPellet,13,32,19,9,0,0,,,,,,,,,,,,,,,,,,,,
2026-07-20 17:25:55,3437.919922,B8DB8AF16E20,0003,male,C57BL/6,1.1.1,FR1_Approach,0,Right,13,32,20,9,0,0,,,,,,,,,,,,,,,,,,,,
2026-07-20 17:25:57,3439.893066,B8DB8AF16E20,0003,male,C57BL/6,1.1.1,FR1_Approach,0,Left,13,33,20,9,0,0,,,,,,,,,,,,,,,,,,,,
2026-07-20 17:25:59,3442.287109,B8DB8AF16E20,0003,male,C57BL/6,1.1.1,FR1_Approach,0,Approach,13,33,20,9,0,0,,,,,,,,,,,,,,,,,,,,
2026-07-20 17:26:06,3449.177002,B8DB8AF16E20,0003,male,C57BL/6,1.1.1,FR1_Approach,0,LeftWithPellet,13,33,21,9,0,0,,,,,,,,,,,,,,,,,,,,
2026-07-20 17:26:07,3450.471924,B8DB8AF16E20,0003,male,C57BL/6,1.1.1,FR1_Approach,0,RightWithPellet,13,33,22,9,0,0,,,,,,,,,,,,,,,,,,,,
2026-07-20 17:26:13,3455.668945,B8DB8AF16E20,0003,male,C57BL/6,1.1.1,FR1_Approach,0,RightWithPellet,13,33,23,9,0,0,,,,,,,,,,,,,,,,,,,,
2026-07-20 17:26:18,3461.245117,B8DB8AF16E20,0003,male,C57BL/6,1.1.1,FR1_Approach,0,CenterWithPellet,13,33,23,10,0,0,,,,,,,,,,,,,,,,,,,,
2026-07-20 17:26:21,3463.851074,B8DB8AF16E20,0003,male,C57BL/6,1.1.1,FR1_Approach,0,Center,13,33,23,11,0,0,,,,,,,,,,,,,,,,,,,,
2026-07-20 17:26:27,3470.246094,B8DB8AF16E20,0003,male,C57BL/6,1.1.1,FR1_Approach,0,Center,13,33,23,12,0,0,,,,,,,,,,,,,,,,,,,,
2026-07-20 17:26:34,3476.710938,B8DB8AF16E20,0003,male,C57BL/6,1.1.1,FR1_Approach,0,Right,13,33,24,12,0,0,,,,,,,,,,,,,,,,,,,,
2026-07-20 17:26:38,3481.614990,B8DB8AF16E20,0003,male,C57BL/6,1.1.1,FR1_Approach,0,Left,13,34,24,12,0,0,,,,,,,,,,,,,,,,,,,,
2026-07-20 17:26:40,3482.788086,B8DB8AF16E20,0003,male,C57BL/6,1.1.1,FR1_Approach,0,Approach,13,34,24,12,0,0,,,,,,,,,,,,,,,,,,,,
2026-07-20 17:26:44,3487.371094,B8DB8AF16E20,0003,male,C57BL/6,1.1.1,FR1_Approach,0,LeftWithPellet,13,34,24,13,0,0,,,,,,,,,,,,,,,,,,,,
2026-07-20 17:26:50,3492.747070,B8DB8AF16E20,0003,male,C57BL/6,1.1.1,FR1_Approach,0,LeftWithPellet,13,35,24,13,0,0,,,,,,,,,,,,,,,,,,,,
2026-07-20 17:26:55,3498.376953,B8DB8AF16E20,0003,male,C57BL/6,1.1.1,FR1_Approach,0,CenterWithPellet,13,35,24,14,0,0,,,,,,,,,,,,,,,,,,,,
2026-07-20 17:26:58,3501.583984,B8DB8AF16E20,0003,male,C57BL/6,1.1.1,FR1_Approach,0,LeftWithPellet,13,36,24,14,0,0,,,,,,,,,,,,,,,,,,,,
2026-07-20 17:27:00,3502.712891,B8DB8AF16E20,0003,male,C57BL/6,1.1.1,FR1_Approach,0,LeftWithPellet,13,37,24,14,0,0,,,,,,,,,,,,,,,,,,,,
2026-07-20 17:27:01,3504.564941,B8DB8AF16E20,0003,male,C57BL/6,1.1.1,FR1_Approach,0,Left,13,38,24,14,0,0,,,,,,,,,,,,,,,,,,,,
2026-07-20 17:27:04,3507.330078,B8DB8AF16E20,0003,male,C57BL/6,1.1.1,FR1_Approach,0,No_approach,13,38,24,14,0,0,,,,,,,,,,,,,,,,,,,,
2026-07-20 17:28:57,3620.023926,B8DB8AF16E20,0003,male,C57BL/6,1.1.1,FR1_Approach,0,Status,13,38,24,14,0,0,,,,,Disabled,24.6,43.4,1007.0,11.4,0.018,20.000,247784,339964,181424,751,4.02,78.79
2026-07-20 17:30:33,3716.516113,B8DB8AF16E20,0003,male,C57BL/6,1.1.1,FR1_Approach,0,Left,13,39,24,14,0,0,,,,,,,,,,,,,,,,,,,,
2026-07-20 17:30:34,3717.688965,B8DB8AF16E20,0003,male,C57BL/6,1.1.1,FR1_Approach,0,Approach,13,39,24,14,0,0,,,,,,,,,,,,,,,,,,,,
2026-07-20 17:30:37,3720.512939,B8DB8AF16E20,0003,male,C57BL/6,1.1.1,FR1_Approach,0,PelletDrop,14,39,24,14,0,0,,,,,,,,,,,,,,,,,,,,
2026-07-20 17:30:58,3741.090088,B8DB8AF16E20,0003,male,C57BL/6,1.1.1,FR1_Approach,0,PelletTaken,14,39,24,14,0,0,TimedOut,11.000,0,1,,,,,,,,,,,,,,,,
2026-07-20 17:37:12,4116.149902,B8DB8AF16E20,0003,male,C57BL/6,1.1.1,FR1_Approach,0,Left,14,40,24,14,0,0,,,,,,,,,,,,,,,,,,,,
2026-07-20 17:37:14,4117.812988,B8DB8AF16E20,0003,male,C57BL/6,1.1.1,FR1_Approach,0,Approach,14,40,24,14,0,0,,,,,,,,,,,,,,,,,,,,
2026-07-20 17:37:17,4120.637207,B8DB8AF16E20,0003,male,C57BL/6,1.1.1,FR1_Approach,0,PelletDrop,15,40,24,14,0,0,,,,,,,,,,,,,,,,,,,,
2026-07-20 17:37:27,4130.899902,B8DB8AF16E20,0003,male,C57BL/6,1.1.1,FR1_Approach,0,LeftWithPellet,15,40,24,14,0,0,,,,,,,,,,,,,,,,,,,,
2026-07-20 17:37:34,4137.938965,B8DB8AF16E20,0003,male,C57BL/6,1.1.1,FR1_Approach,0,CenterWithPellet,15,40,24,15,0,0,,,,,,,,,,,,,,,,,,,,
2026-07-20 17:37:37,4141.217773,B8DB8AF16E20,0003,male,C57BL/6,1.1.1,FR1_Approach,0,PelletTaken,15,40,24,15,0,0,TimedOut,42.000,0,1,,,,,,,,,,,,,,,,
2026-07-20 17:37:40,4144.022949,B8DB8AF16E20,0003,male,C57BL/6,1.1.1,FR1_Approach,0,Center,15,40,24,16,0,0,,,,,,,,,,,,,,,,,,,,
2026-07-20 17:38:59,4222.970215,B8DB8AF16E20,0003,male,C57BL/6,1.1.1,FR1_Approach,0,Status,15,40,24,16,0,0,,,,,Disabled,24.6,43.2,1006.7,11.8,0.007,23.000,247784,339964,181424,872,4.01,78.63
2026-07-20 17:41:40,4384.361816,B8DB8AF16E20,0003,male,C57BL/6,1.1.1,FR1_Approach,0,Left,15,41,24,16,0,0,,,,,,,,,,,,,,,,,,,,
2026-07-20 17:41:42,4385.780762,B8DB8AF16E20,0003,male,C57BL/6,1.1.1,FR1_Approach,0,Approach,15,41,24,16,0,0,,,,,,,,,,,,,,,,,,,,
2026-07-20 17:41:45,4388.620117,B8DB8AF16E20,0003,male,C57BL/6,1.1.1,FR1_Approach,0,PelletDrop,16,41,24,16,0,0,,,,,,,,,,,,,,,,,,,,
2026-07-20 17:41:51,4395.055176,B8DB8AF16E20,0003,male,C57BL/6,1.1.1,FR1_Approach,0,LeftWithPellet,16,42,24,16,0,0,,,,,,,,,,,,,,,,,,,,
2026-07-20 17:41:56,4400.346191,B8DB8AF16E20,0003,male,C57BL/6,1.1.1,FR1_Approach,0,LeftWithPellet,16,43,24,16,0,0,,,,,,,,,,,,,,,,,,,,
2026-07-20 17:41:59,4402.599121,B8DB8AF16E20,0003,male,C57BL/6,1.1.1,FR1_Approach,0,RightWithPellet,16,43,25,16,0,0,,,,,,,,,,,,,,,,,,,,
2026-07-20 17:42:01,4404.571777,B8DB8AF16E20,0003,male,C57BL/6,1.1.1,FR1_Approach,0,LeftWithPellet,16,44,25,16,0,0,,,,,,,,,,,,,,,,,,,,
2026-07-20 17:42:05,4409.192871,B8DB8AF16E20,0003,male,C57BL/6,1.1.1,FR1_Approach,0,PelletTaken,16,44,25,16,0,0,TimedOut,54.000,0,1,,,,,,,,,,,,,,,,
2026-07-20 17:44:30,4553.493164,B8DB8AF16E20,0003,male,C57BL/6,1.1.1,FR1_Approach,0,Left,16,45,25,16,0,0,,,,,,,,,,,,,,,,,,,,
2026-07-20 17:44:32,4555.886230,B8DB8AF16E20,0003,male,C57BL/6,1.1.1,FR1_Approach,0,Approach,16,45,25,16,0,0,,,,,,,,,,,,,,,,,,,,
2026-07-20 17:44:37,4560.942871,B8DB8AF16E20,0003,male,C57BL/6,1.1.1,FR1_Approach,0,PelletDrop,17,45,25,16,0,0,,,,,,,,,,,,,,,,,,,,
2026-07-20 17:44:52,4576.240234,B8DB8AF16E20,0003,male,C57BL/6,1.1.1,FR1_Approach,0,PelletTaken,17,45,25,16,0,0,14.668,20.000,0,2,,,,,,,,,,,,,,,,
2026-07-20 17:47:56,4760.294922,B8DB8AF16E20,0003,male,C57BL/6,1.1.1,FR1_Approach,0,Left,17,46,25,16,0,0,,,,,,,,,,,,,,,,,,,,
2026-07-20 17:47:57,4761.467773,B8DB8AF16E20,0003,male,C57BL/6,1.1.1,FR1_Approach,0,Approach,17,46,25,16,0,0,,,,,,,,,,,,,,,,,,,,
2026-07-20 17:48:00,4764.307129,B8DB8AF16E20,0003,male,C57BL/6,1.1.1,FR1_Approach,0,PelletDrop,18,46,25,16,0,0,,,,,,,,,,,,,,,,,,,,
2026-07-20 17:48:08,4772.148926,B8DB8AF16E20,0003,male,C57BL/6,1.1.1,FR1_Approach,0,LeftWithPellet,18,47,25,16,0,0,,,,,,,,,,,,,,,,,,,,
2026-07-20 17:48:09,4773.096191,B8DB8AF16E20,0003,male,C57BL/6,1.1.1,FR1_Approach,0,LeftWithPellet,18,48,25,16,0,0,,,,,,,,,,,,,,,,,,,,
2026-07-20 17:48:13,4776.639160,B8DB8AF16E20,0003,male,C57BL/6,1.1.1,FR1_Approach,0,LeftWithPellet,18,49,25,16,0,0,,,,,,,,,,,,,,,,,,,,
2026-07-20 17:48:16,4780.405762,B8DB8AF16E20,0003,male,C57BL/6,1.1.1,FR1_Approach,0,RightWithPellet,18,49,26,16,0,0,,,,,,,,,,,,,,,,,,,,
2026-07-20 17:48:17,4781.340820,B8DB8AF16E20,0003,male,C57BL/6,1.1.1,FR1_Approach,0,LeftWithPellet,18,50,26,16,0,0,,,,,,,,,,,,,,,,,,,,
2026-07-20 17:48:19,4782.922852,B8DB8AF16E20,0003,male,C57BL/6,1.1.1,FR1_Approach,0,LeftWithPellet,18,51,26,16,0,0,,,,,,,,,,,,,,,,,,,,
2026-07-20 17:48:21,4784.875977,B8DB8AF16E20,0003,male,C57BL/6,1.1.1,FR1_Approach,0,PelletTaken,18,51,26,16,0,0,TimedOut,381.000,0,1,,,,,,,,,,,,,,,,
2026-07-20 17:48:24,4787.858887,B8DB8AF16E20,0003,male,C57BL/6,1.1.1,FR1_Approach,0,Center,18,51,26,17,0,0,,,,,,,,,,,,,,,,,,,,
2026-07-20 17:49:02,4826.194824,B8DB8AF16E20,0003,male,C57BL/6,1.1.1,FR1_Approach,0,Status,18,51,26,17,0,0,,,,,Disabled,24.7,43.1,1006.6,12.0,0.014,22.000,247784,339964,181424,988,4.01,78.30
2026-07-20 17:54:29,5153.091797,B8DB8AF16E20,0003,male,C57BL/6,1.1.1,FR1_Approach,0,Left,18,52,26,17,0,0,,,,,,,,,,,,,,,,,,,,
2026-07-20 17:54:31,5154.769043,B8DB8AF16E20,0003,male,C57BL/6,1.1.1,FR1_Approach,0,Approach,18,52,26,17,0,0,,,,,,,,,,,,,,,,,,,,
2026-07-20 17:54:33,5157.592773,B8DB8AF16E20,0003,male,C57BL/6,1.1.1,FR1_Approach,0,PelletDrop,19,52,26,17,0,0,,,,,,,,,,,,,,,,,,,,
2026-07-20 17:54:35,5159.014160,B8DB8AF16E20,0003,male,C57BL/6,1.1.1,FR1_Approach,0,PelletTaken,19,52,26,17,0,0,0.852,11.000,0,1,,,,,,,,,,,,,,,,
2026-07-20 17:57:49,5352.994141,B8DB8AF16E20,0003,male,C57BL/6,1.1.1,FR1_Approach,0,Left,19,53,26,17,0,0,,,,,,,,,,,,,,,,,,,,
2026-07-20 17:57:51,5355.763184,B8DB8AF16E20,0003,male,C57BL/6,1.1.1,FR1_Approach,0,No_approach,19,53,26,17,0,0,,,,,,,,,,,,,,,,,,,,
2026-07-20 17:57:54,5358.187988,B8DB8AF16E20,0003,male,C57BL/6,1.1.1,FR1_Approach,0,Left,19,54,26,17,0,0,,,,,,,,,,,,,,,,,,,,
2026-07-20 17:57:57,5361.313965,B8DB8AF16E20,0003,male,C57BL/6,1.1.1,FR1_Approach,0,Approach,19,54,26,17,0,0,,,,,,,,,,,,,,,,,,,,
2026-07-20 17:58:00,5364.138184,B8DB8AF16E20,0003,male,C57BL/6,1.1.1,FR1_Approach,0,PelletDrop,20,54,26,17,0,0,,,,,,,,,,,,,,,,,,,,
2026-07-20 17:58:02,5366.125000,B8DB8AF16E20,0003,male,C57BL/6,1.1.1,FR1_Approach,0,PelletTaken,20,54,26,17,0,0,1.402,59.000,0,1,,,,,,,,,,,,,,,,
2026-07-20 17:59:02,5426.335938,B8DB8AF16E20,0003,male,C57BL/6,1.1.1,FR1_Approach,0,Status,20,54,26,17,0,0,,,,,Disabled,24.7,43.2,1006.5,12.2,0.007,16.000,247784,339964,181424,1114,4.01,78.30
2026-07-20 17:59:25,5449.798828,B8DB8AF16E20,0003,male,C57BL/6,1.1.1,FR1_Approach,0,Left,20,55,26,17,0,0,,,,,,,,,,,,,,,,,,,,
2026-07-20 17:59:27,5451.721191,B8DB8AF16E20,0003,male,C57BL/6,1.1.1,FR1_Approach,0,Approach,20,55,26,17,0,0,,,,,,,,,,,,,,,,,,,,
2026-07-20 17:59:29,5453.399902,B8DB8AF16E20,0003,male,C57BL/6,1.1.1,FR1_Approach,0,PelletDrop,21,55,26,17,0,0,,,,,,,,,,,,,,,,,,,,
2026-07-20 17:59:30,5454.433105,B8DB8AF16E20,0003,male,C57BL/6,1.1.1,FR1_Approach,0,PelletTaken,21,55,26,17,0,0,0.214,86.000,0,0,,,,,,,,,,,,,,,,
2026-07-20 18:00:16,5500.612793,B8DB8AF16E20,0003,male,C57BL/6,1.1.1,FR1_Approach,0,Right,21,55,27,17,0,0,,,,,,,,,,,,,,,,,,,,
2026-07-20 18:00:47,5531.115234,B8DB8AF16E20,0003,male,C57BL/6,1.1.1,FR1_Approach,0,Left,21,56,27,17,0,0,,,,,,,,,,,,,,,,,,,,
2026-07-20 18:00:49,5533.263184,B8DB8AF16E20,0003,male,C57BL/6,1.1.1,FR1_Approach,0,Approach,21,56,27,17,0,0,,,,,,,,,,,,,,,,,,,,
2026-07-20 18:00:52,5536.086914,B8DB8AF16E20,0003,male,C57BL/6,1.1.1,FR1_Approach,0,PelletDrop,22,56,27,17,0,0,,,,,,,,,,,,,,,,,,,,
2026-07-20 18:00:53,5537.618164,B8DB8AF16E20,0003,male,C57BL/6,1.1.1,FR1_Approach,0,PelletTaken,22,56,27,17,0,0,0.962,30.000,0,1,,,,,,,,,,,,,,,,
2026-07-20 18:01:13,5557.812988,B8DB8AF16E20,0003,male,C57BL/6,1.1.1,FR1_Approach,0,Left,22,57,27,17,0,0,,,,,,,,,,,,,,,,,,,,
2026-07-20 18:01:16,5560.206055,B8DB8AF16E20,0003,male,C57BL/6,1.1.1,FR1_Approach,0,Approach,22,57,27,17,0,0,,,,,,,,,,,,,,,,,,,,
2026-07-20 18:01:19,5563.029785,B8DB8AF16E20,0003,male,C57BL/6,1.1.1,FR1_Approach,0,PelletDrop,23,57,27,17,0,0,,,,,,,,,,,,,,,,,,,,
2026-07-20 18:01:39,5583.591797,B8DB8AF16E20,0003,male,C57BL/6,1.1.1,FR1_Approach,0,PelletTaken,23,57,27,17,0,0,TimedOut,78.000,0,1,,,,,,,,,,,,,,,,
2026-07-20 18:04:29,5753.971191,B8DB8AF16E20,0003,male,C57BL/6,1.1.1,FR1_Approach,0,Left,23,58,27,17,0,0,,,,,,,,,,,,,,,,,,,,
2026-07-20 18:04:31,5755.389160,B8DB8AF16E20,0003,male,C57BL/6,1.1.1,FR1_Approach,0,Approach,23,58,27,17,0,0,,,,,,,,,,,,,,,,,,,,
2026-07-20 18:04:36,5760.431152,B8DB8AF16E20,0003,male,C57BL/6,1.1.1,FR1_Approach,0,PelletDrop,24,58,27,17,0,0,,,,,,,,,,,,,,,,,,,,
2026-07-20 18:04:56,5781.007812,B8DB8AF16E20,0003,male,C57BL/6,1.1.1,FR1_Approach,0,PelletTaken,24,58,27,17,0,0,TimedOut,153.000,0,2,,,,,,,,,,,,,,,,
2026-07-20 18:09:04,6029.395020,B8DB8AF16E20,0003,male,C57BL/6,1.1.1,FR1_Approach,0,Status,24,58,27,17,0,0,,,,,Disabled,24.7,43.0,1006.6,12.4,0.000,0.000,247784,339964,181408,1233,4.01,78.14
2026-07-20 18:11:45,6189.747070,B8DB8AF16E20,0003,male,C57BL/6,1.1.1,FR1_Approach,0,Left,24,59,27,17,0,0,,,,,,,,,,,,,,,,,,,,
2026-07-20 18:11:46,6191.410156,B8DB8AF16E20,0003,male,C57BL/6,1.1.1,FR1_Approach,0,Approach,24,59,27,17,0,0,,,,,,,,,,,,,,,,,,,,
2026-07-20 18:11:49,6194.259766,B8DB8AF16E20,0003,male,C57BL/6,1.1.1,FR1_Approach,0,PelletDrop,25,59,27,17,0,0,,,,,,,,,,,,,,,,,,,,
2026-07-20 18:11:52,6197.222168,B8DB8AF16E20,0003,male,C57BL/6,1.1.1,FR1_Approach,0,LeftWithPellet,25,59,27,17,0,0,,,,,,,,,,,,,,,,,,,,
2026-07-20 18:11:57,6202.034180,B8DB8AF16E20,0003,male,C57BL/6,1.1.1,FR1_Approach,0,RightWithPellet,25,59,28,17,0,0,,,,,,,,,,,,,,,,,,,,
2026-07-20 18:12:08,6212.748047,B8DB8AF16E20,0003,male,C57BL/6,1.1.1,FR1_Approach,0,PelletTaken,25,59,28,17,0,0,17.919,15.000,0,1,,,,,,,,,,,,,,,,
2026-07-20 18:13:04,6269.180176,B8DB8AF16E20,0003,male,C57BL/6,1.1.1,FR1_Approach,0,Right,25,59,29,17,0,0,,,,,,,,,,,,,,,,,,,,
2026-07-20 18:16:16,6461.577148,B8DB8AF16E20,0003,male,C57BL/6,1.1.1,FR1_Approach,0,Left,25,60,29,17,0,0,,,,,,,,,,,,,,,,,,,,
2026-07-20 18:16:17,6463.485840,B8DB8AF16E20,0003,male,C57BL/6,1.1.1,FR1_Approach,0,Approach,25,60,29,17,0,0,,,,,,,,,,,,,,,,,,,,
2026-07-20 18:16:20,6466.324219,B8DB8AF16E20,0003,male,C57BL/6,1.1.1,FR1_Approach,0,PelletDrop,26,60,29,17,0,0,,,,,,,,,,,,,,,,,,,,
2026-07-20 18:16:28,6474.247070,B8DB8AF16E20,0003,male,C57BL/6,1.1.1,FR1_Approach,0,PelletTaken,26,60,29,17,0,0,7.353,97.000,0,1,,,,,,,,,,,,,,,,
2026-07-20 18:16:52,6497.870117,B8DB8AF16E20,0003,male,C57BL/6,1.1.1,FR1_Approach,0,Left,26,61,29,17,0,0,,,,,,,,,,,,,,,,,,,,
2026-07-20 18:16:53,6499.043945,B8DB8AF16E20,0003,male,C57BL/6,1.1.1,FR1_Approach,0,Approach,26,61,29,17,0,0,,,,,,,,,,,,,,,,,,,,
2026-07-20 18:16:56,6501.882812,B8DB8AF16E20,0003,male,C57BL/6,1.1.1,FR1_Approach,0,PelletDrop,27,61,29,17,0,0,,,,,,,,,,,,,,,,,,,,
2026-07-20 18:17:00,6506.450195,B8DB8AF16E20,0003,male,C57BL/6,1.1.1,FR1_Approach,0,PelletTaken,27,61,29,17,0,0,3.998,12.000,0,1,,,,,,,,,,,,,,,,
2026-07-20 18:18:56,6622.479980,B8DB8AF16E20,0003,male,C57BL/6,1.1.1,FR1_Approach,0,Left,27,62,29,17,0,0,,,,,,,,,,,,,,,,,,,,
2026-07-20 18:18:58,6624.390137,B8DB8AF16E20,0003,male,C57BL/6,1.1.1,FR1_Approach,0,Approach,27,62,29,17,0,0,,,,,,,,,,,,,,,,,,,,
2026-07-20 18:19:01,6627.228027,B8DB8AF16E20,0003,male,C57BL/6,1.1.1,FR1_Approach,0,PelletDrop,28,62,29,17,0,0,,,,,,,,,,,,,,,,,,,,
2026-07-20 18:19:05,6631.119141,B8DB8AF16E20,0003,male,C57BL/6,1.1.1,FR1_Approach,0,LeftWithPellet,28,63,29,17,0,0,,,,,,,,,,,,,,,,,,,,
2026-07-20 18:19:09,6635.585938,B8DB8AF16E20,0003,male,C57BL/6,1.1.1,FR1_Approach,0,RightWithPellet,28,63,30,17,0,0,,,,,,,,,,,,,,,,,,,,
2026-07-20 18:19:14,6640.160156,B8DB8AF16E20,0003,male,C57BL/6,1.1.1,FR1_Approach,0,LeftWithPellet,28,64,30,17,0,0,,,,,,,,,,,,,,,,,,,,
2026-07-20 18:19:19,6645.029785,B8DB8AF16E20,0003,male,C57BL/6,1.1.1,FR1_Approach,0,LeftWithPellet,28,65,30,17,0,0,,,,,,,,,,,,,,,,,,,,
2026-07-20 18:19:22,6647.791016,B8DB8AF16E20,0003,male,C57BL/6,1.1.1,FR1_Approach,0,PelletTaken,28,65,30,17,0,0,TimedOut,46.000,0,1,,,,,,,,,,,,,,,,
2026-07-20 18:19:29,6655.598145,B8DB8AF16E20,0003,male,C57BL/6,1.1.1,FR1_Approach,0,Status,28,65,30,17,0,0,,,,,Disabled,24.7,42.9,1006.7,12.5,0.000,0.000,247784,339964,181408,1355,4.00,77.98
2026-07-20 18:19:51,6677.381836,B8DB8AF16E20,0003,male,C57BL/6,1.1.1,FR1_Approach,0,Center,28,65,30,18,0,0,,,,,,,,,,,,,,,,,,,,
2026-07-20 18:19:54,6679.729980,B8DB8AF16E20,0003,male,C57BL/6,1.1.1,FR1_Approach,0,Center,28,65,30,19,0,0,,,,,,,,,,,,,,,,,,,,
2026-07-20 18:20:02,6688.357910,B8DB8AF16E20,0003,male,C57BL/6,1.1.1,FR1_Approach,0,Center,28,65,30,20,0,0,,,,,,,,,,,,,,,,,,,,
2026-07-20 18:20:04,6690.400879,B8DB8AF16E20,0003,male,C57BL/6,1.1.1,FR1_Approach,0,Center,28,65,30,21,0,0,,,,,,,,,,,,,,,,,,,,
2026-07-20 18:20:15,6700.961914,B8DB8AF16E20,0003,male,C57BL/6,1.1.1,FR1_Approach,0,Right,28,65,31,21,0,0,,,,,,,,,,,,,,,,,,,,
2026-07-20 18:20:17,6702.929199,B8DB8AF16E20,0003,male,C57BL/6,1.1.1,FR1_Approach,0,Center,28,65,31,22,0,0,,,,,,,,,,,,,,,,,,,,
2026-07-20 18:20:18,6704.555176,B8DB8AF16E20,0003,male,C57BL/6,1.1.1,FR1_Approach,0,Center,28,65,31,23,0,0,,,,,,,,,,,,,,,,,,,,
2026-07-20 18:20:20,6706.041016,B8DB8AF16E20,0003,male,C57BL/6,1.1.1,FR1_Approach,0,Center,28,65,31,24,0,0,,,,,,,,,,,,,,,,,,,,
2026-07-20 18:20:22,6708.282227,B8DB8AF16E20,0003,male,C57BL/6,1.1.1,FR1_Approach,0,Right,28,65,32,24,0,0,,,,,,,,,,,,,,,,,,,,
2026-07-20 18:20:29,6715.100098,B8DB8AF16E20,0003,male,C57BL/6,1.1.1,FR1_Approach,0,Center,28,65,32,25,0,0,,,,,,,,,,,,,,,,,,,,
2026-07-20 18:20:37,6723.291992,B8DB8AF16E20,0003,male,C57BL/6,1.1.1,FR1_Approach,0,Left,28,66,32,25,0,0,,,,,,,,,,,,,,,,,,,,
2026-07-20 18:20:40,6726.045898,B8DB8AF16E20,0003,male,C57BL/6,1.1.1,FR1_Approach,0,No_approach,28,66,32,25,0,0,,,,,,,,,,,,,,,,,,,,
2026-07-20 18:20:44,6730.383789,B8DB8AF16E20,0003,male,C57BL/6,1.1.1,FR1_Approach,0,Right,28,66,33,25,0,0,,,,,,,,,,,,,,,,,,,,
2026-07-20 18:20:49,6735.770020,B8DB8AF16E20,0003,male,C57BL/6,1.1.1,FR1_Approach,0,Left,28,67,33,25,0,0,,,,,,,,,,,,,,,,,,,,
2026-07-20 18:20:52,6738.688965,B8DB8AF16E20,0003,male,C57BL/6,1.1.1,FR1_Approach,0,Approach,28,67,33,25,0,0,,,,,,,,,,,,,,,,,,,,
2026-07-20 18:20:55,6741.535156,B8DB8AF16E20,0003,male,C57BL/6,1.1.1,FR1_Approach,0,PelletDrop,29,67,33,25,0,0,,,,,,,,,,,,,,,,,,,,
2026-07-20 18:21:00,6746.745117,B8DB8AF16E20,0003,male,C57BL/6,1.1.1,FR1_Approach,0,LeftWithPellet,29,68,33,25,0,0,,,,,,,,,,,,,,,,,,,,
2026-07-20 18:21:01,6747.737793,B8DB8AF16E20,0003,male,C57BL/6,1.1.1,FR1_Approach,0,LeftWithPellet,29,69,33,25,0,0,,,,,,,,,,,,,,,,,,,,
2026-07-20 18:21:04,6750.231934,B8DB8AF16E20,0003,male,C57BL/6,1.1.1,FR1_Approach,0,CenterWithPellet,29,69,33,26,0,0,,,,,,,,,,,,,,,,,,,,
2026-07-20 18:21:10,6756.094238,B8DB8AF16E20,0003,male,C57BL/6,1.1.1,FR1_Approach,0,LeftWithPellet,29,70,33,26,0,0,,,,,,,,,,,,,,,,,,,,
2026-07-20 18:21:16,6762.138184,B8DB8AF16E20,0003,male,C57BL/6,1.1.1,FR1_Approach,0,PelletTaken,29,70,33,26,0,0,TimedOut,7.000,0,1,,,,,,,,,,,,,,,,
2026-07-20 18:22:28,6834.232910,B8DB8AF16E20,0003,male,C57BL/6,1.1.1,FR1_Approach,0,Left,29,71,33,26,0,0,,,,,,,,,,,,,,,,,,,,
2026-07-20 18:22:31,6837.136230,B8DB8AF16E20,0003,male,C57BL/6,1.1.1,FR1_Approach,0,Approach,29,71,33,26,0,0,,,,,,,,,,,,,,,,,,,,
2026-07-20 18:22:32,6838.837891,B8DB8AF16E20,0003,male,C57BL/6,1.1.1,FR1_Approach,0,PelletDrop,30,71,33,26,0,0,,,,,,,,,,,,,,,,,,,,
2026-07-20 18:22:53,6859.437988,B8DB8AF16E20,0003,male,C57BL/6,1.1.1,FR1_Approach,0,PelletTaken,30,71,33,26,0,0,TimedOut,11.000,0,0,,,,,,,,,,,,,,,,
2026-07-20 18:26:32,7077.987793,B8DB8AF16E20,0003,male,C57BL/6,1.1.1,FR1_Approach,0,Left,30,72,33,26,0,0,,,,,,,,,,,,,,,,,,,,
2026-07-20 18:26:34,7079.916016,B8DB8AF16E20,0003,male,C57BL/6,1.1.1,FR1_Approach,0,Approach,30,72,33,26,0,0,,,,,,,,,,,,,,,,,,,,
2026-07-20 18:26:37,7082.777832,B8DB8AF16E20,0003,male,C57BL/6,1.1.1,FR1_Approach,0,PelletDrop,31,72,33,26,0,0,,,,,,,,,,,,,,,,,,,,
2026-07-20 18:26:50,7096.125000,B8DB8AF16E20,0003,male,C57BL/6,1.1.1,FR1_Approach,0,LeftWithPellet,31,72,33,27,0,0,,,,,,,,,,,,,,,,,,,,
2026-07-20 18:26:52,7097.565918,B8DB8AF16E20,0003,male,C57BL/6,1.1.1,FR1_Approach,0,RightWithPellet,31,72,34,27,0,0,,,,,,,,,,,,,,,,,,,,
2026-07-20 18:26:58,7103.366211,B8DB8AF16E20,0003,male,C57BL/6,1.1.1,FR1_Approach,0,PelletTaken,31,72,34,27,0,0,TimedOut,3.000,0,1,,,,,,,,,,,,,,,,
2026-07-20 18:27:02,7107.700195,B8DB8AF16E20,0003,male,C57BL/6,1.1.1,FR1_Approach,0,Left,31,73,34,27,0,0,,,,,,,,,,,,,,,,,,,,
2026-07-20 18:27:03,7108.895996,B8DB8AF16E20,0003,male,C57BL/6,1.1.1,FR1_Approach,0,Approach,31,73,34,27,0,0,,,,,,,,,,,,,,,,,,,,
2026-07-20 18:27:06,7111.654785,B8DB8AF16E20,0003,male,C57BL/6,1.1.1,FR1_Approach,0,LeftWithPellet,31,73,34,28,0,0,,,,,,,,,,,,,,,,,,,,
2026-07-20 18:27:08,7113.460938,B8DB8AF16E20,0003,male,C57BL/6,1.1.1,FR1_Approach,0,LeftWithPellet,31,74,34,28,0,0,,,,,,,,,,,,,,,,,,,,
2026-07-20 18:29:33,7259.139160,B8DB8AF16E20,0003,male,C57BL/6,1.1.1,FR1_Approach,0,Status,31,74,34,28,0,0,,,,,Disabled,24.8,42.7,1006.7,12.7,0.000,0.000,247784,339964,181408,1474,4.01,77.65
2026-07-20 18:30:20,7306.372070,B8DB8AF16E20,0003,male,C57BL/6,1.1.1,FR1_Approach,0,Right,31,74,35,28,0,0,,,,,,,,,,,,,,,,,,,,
2026-07-20 18:31:20,7366.117188,B8DB8AF16E20,0003,male,C57BL/6,1.1.1,FR1_Approach,0,Left,31,75,35,28,0,0,,,,,,,,,,,,,,,,,,,,
2026-07-20 18:31:23,7368.894043,B8DB8AF16E20,0003,male,C57BL/6,1.1.1,FR1_Approach,0,No_approach,31,75,35,28,0,0,,,,,,,,,,,,,,,,,,,,
2026-07-20 18:31:24,7370.371094,B8DB8AF16E20,0003,male,C57BL/6,1.1.1,FR1_Approach,0,Left,31,76,35,28,0,0,,,,,,,,,,,,,,,,,,,,
2026-07-20 18:31:27,7373.029785,B8DB8AF16E20,0003,male,C57BL/6,1.1.1,FR1_Approach,0,Approach,31,76,35,28,0,0,,,,,,,,,,,,,,,,,,,,
2026-07-20 18:31:30,7375.875977,B8DB8AF16E20,0003,male,C57BL/6,1.1.1,FR1_Approach,0,PelletDrop,32,76,35,28,0,0,,,,,,,,,,,,,,,,,,,,
2026-07-20 18:31:31,7377.077148,B8DB8AF16E20,0003,male,C57BL/6,1.1.1,FR1_Approach,0,PelletNotDetected,32,76,35,28,0,0,,,,,,,,,,,,,,,,,,,,
2026-07-20 18:31:49,7394.794922,B8DB8AF16E20,0003,male,C57BL/6,1.1.1,FR1_Approach,0,Left,32,77,35,28,0,0,,,,,,,,,,,,,,,,,,,,
2026-07-20 18:31:50,7395.994141,B8DB8AF16E20,0003,male,C57BL/6,1.1.1,FR1_Approach,0,Approach,32,77,35,28,0,0,,,,,,,,,,,,,,,,,,,,
2026-07-20 18:31:53,7398.791016,B8DB8AF16E20,0003,male,C57BL/6,1.1.1,FR1_Approach,0,PelletDrop,33,77,35,28,0,0,,,,,,,,,,,,,,,,,,,,
2026-07-20 18:32:13,7419.391113,B8DB8AF16E20,0003,male,C57BL/6,1.1.1,FR1_Approach,0,PelletTaken,33,77,35,28,0,0,TimedOut,30.000,0,2,,,,,,,,,,,,,,,,
2026-07-20 18:35:17,7602.738770,B8DB8AF16E20,0003,male,C57BL/6,1.1.1,FR1_Approach,0,Left,33,78,35,28,0,0,,,,,,,,,,,,,,,,,,,,
2026-07-20 18:35:20,7605.887207,B8DB8AF16E20,0003,male,C57BL/6,1.1.1,FR1_Approach,0,Approach,33,78,35,28,0,0,,,,,,,,,,,,,,,,,,,,
2026-07-20 18:35:23,7608.745117,B8DB8AF16E20,0003,male,C57BL/6,1.1.1,FR1_Approach,0,PelletDrop,34,78,35,28,0,0,,,,,,,,,,,,,,,,,,,,
2026-07-20 18:35:38,7624.548828,B8DB8AF16E20,0003,male,C57BL/6,1.1.1,FR1_Approach,0,PelletTaken,34,78,35,28,0,0,15.186,40.000,0,1,,,,,,,,,,,,,,,,
2026-07-20 18:35:57,7643.463867,B8DB8AF16E20,0003,male,C57BL/6,1.1.1,FR1_Approach,0,Left,34,79,35,28,0,0,,,,,,,,,,,,,,,,,,,,
2026-07-20 18:36:00,7646.241211,B8DB8AF16E20,0003,male,C57BL/6,1.1.1,FR1_Approach,0,No_approach,34,79,35,28,0,0,,,,,,,,,,,,,,,,,,,,
2026-07-20 18:39:33,7859.606934,B8DB8AF16E20,0003,male,C57BL/6,1.1.1,FR1_Approach,0,Status,34,79,35,28,0,0,,,,,Disabled,24.8,43.0,1006.8,12.9,0.000,0.000,247784,339964,181408,1593,4.00,77.48
2026-07-20 18:40:07,7892.910156,B8DB8AF16E20,0003,male,C57BL/6,1.1.1,FR1_Approach,0,Right,34,79,36,28,0,0,,,,,,,,,,,,,,,,,,,,
2026-07-20 18:40:21,7907.015137,B8DB8AF16E20,0003,male,C57BL/6,1.1.1,FR1_Approach,0,Left,34,80,36,28,0,0,,,,,,,,,,,,,,,,,,,,
2026-07-20 18:40:23,7909.434082,B8DB8AF16E20,0003,male,C57BL/6,1.1.1,FR1_Approach,0,Approach,34,80,36,28,0,0,,,,,,,,,,,,,,,,,,,,
2026-07-20 18:40:26,7912.295898,B8DB8AF16E20,0003,male,C57BL/6,1.1.1,FR1_Approach,0,PelletDrop,35,80,36,28,0,0,,,,,,,,,,,,,,,,,,,,
2026-07-20 18:40:27,7913.479980,B8DB8AF16E20,0003,male,C57BL/6,1.1.1,FR1_Approach,0,PelletNotDetected,35,80,36,28,0,0,,,,,,,,,,,,,,,,,,,,
2026-07-20 18:45:50,8236.249023,B8DB8AF16E20,0003,male,C57BL/6,1.1.1,FR1_Approach,0,Left,35,81,36,28,0,0,,,,,,,,,,,,,,,,,,,,
2026-07-20 18:45:51,8237.448242,B8DB8AF16E20,0003,male,C57BL/6,1.1.1,FR1_Approach,0,Approach,35,81,36,28,0,0,,,,,,,,,,,,,,,,,,,,
2026-07-20 18:45:54,8240.260742,B8DB8AF16E20,0003,male,C57BL/6,1.1.1,FR1_Approach,0,PelletDrop,36,81,36,28,0,0,,,,,,,,,,,,,,,,,,,,
2026-07-20 18:45:58,8244.579102,B8DB8AF16E20,0003,male,C57BL/6,1.1.1,FR1_Approach,0,LeftWithPellet,36,82,36,28,0,0,,,,,,,,,,,,,,,,,,,,
2026-07-20 18:46:04,8250.861328,B8DB8AF16E20,0003,male,C57BL/6,1.1.1,FR1_Approach,0,CenterWithPellet,36,82,36,29,0,0,,,,,,,,,,,,,,,,,,,,
2026-07-20 18:46:08,8254.245117,B8DB8AF16E20,0003,male,C57BL/6,1.1.1,FR1_Approach,0,LeftWithPellet,36,83,36,29,0,0,,,,,,,,,,,,,,,,,,,,
2026-07-20 18:46:09,8255.625000,B8DB8AF16E20,0003,male,C57BL/6,1.1.1,FR1_Approach,0,PelletTaken,36,83,36,29,0,0,14.773,27.000,0,2,,,,,,,,,,,,,,,,
2026-07-20 18:46:37,8283.602539,B8DB8AF16E20,0003,male,C57BL/6,1.1.1,FR1_Approach,0,Right,36,83,37,29,0,0,,,,,,,,,,,,,,,,,,,,
2026-07-20 18:46:40,8286.749023,B8DB8AF16E20,0003,male,C57BL/6,1.1.1,FR1_Approach,0,Right,36,83,38,29,0,0,,,,,,,,,,,,,,,,,,,,
2026-07-20 18:46:45,8292.146484,B8DB8AF16E20,0003,male,C57BL/6,1.1.1,FR1_Approach,0,Right,36,83,39,29,0,0,,,,,,,,,,,,,,,,,,,,
2026-07-20 18:46:49,8295.660156,B8DB8AF16E20,0003,male,C57BL/6,1.1.1,FR1_Approach,0,Right,36,83,40,29,0,0,,,,,,,,,,,,,,,,,,,,
2026-07-20 18:46:59,8305.910156,B8DB8AF16E20,0003,male,C57BL/6,1.1.1,FR1_Approach,0,Right,36,83,41,29,0,0,,,,,,,,,,,,,,,,,,,,
2026-07-20 18:47:07,8313.664062,B8DB8AF16E20,0003,male,C57BL/6,1.1.1,FR1_Approach,0,Center,36,83,41,30,0,0,,,,,,,,,,,,,,,,,,,,
2026-07-20 18:47:11,8318.060547,B8DB8AF16E20,0003,male,C57BL/6,1.1.1,FR1_Approach,0,Left,36,84,41,30,0,0,,,,,,,,,,,,,,,,,,,,
2026-07-20 18:47:14,8320.852539,B8DB8AF16E20,0003,male,C57BL/6,1.1.1,FR1_Approach,0,No_approach,36,84,41,30,0,0,,,,,,,,,,,,,,,,,,,,
2026-07-20 18:47:21,8327.333984,B8DB8AF16E20,0003,male,C57BL/6,1.1.1,FR1_Approach,0,Left,36,85,41,30,0,0,,,,,,,,,,,,,,,,,,,,
2026-07-20 18:47:23,8330.111328,B8DB8AF16E20,0003,male,C57BL/6,1.1.1,FR1_Approach,0,No_approach,36,85,41,30,0,0,,,,,,,,,,,,,,,,,,,,
2026-07-20 18:47:38,8344.980469,B8DB8AF16E20,0003,male,C57BL/6,1.1.1,FR1_Approach,0,Left,36,86,41,30,0,0,,,,,,,,,,,,,,,,,,,,
2026-07-20 18:47:41,8347.898438,B8DB8AF16E20,0003,male,C57BL/6,1.1.1,FR1_Approach,0,Approach,36,86,41,30,0,0,,,,,,,,,,,,,,,,,,,,
2026-07-20 18:47:44,8350.744141,B8DB8AF16E20,0003,male,C57BL/6,1.1.1,FR1_Approach,0,PelletDrop,37,86,41,30,0,0,,,,,,,,,,,,,,,,,,,,
2026-07-20 18:47:45,8351.626953,B8DB8AF16E20,0003,male,C57BL/6,1.1.1,FR1_Approach,0,PelletTaken,37,86,41,30,0,0,0.291,40.000,0,1,,,,,,,,,,,,,,,,
2026-07-20 18:48:00,8366.422852,B8DB8AF16E20,0003,male,C57BL/6,1.1.1,FR1_Approach,0,Center,37,86,41,31,0,0,,,,,,,,,,,,,,,,,,,,
2026-07-20 18:48:09,8375.780273,B8DB8AF16E20,0003,male,C57BL/6,1.1.1,FR1_Approach,0,Center,37,86,41,32,0,0,,,,,,,,,,,,,,,,,,,,
2026-07-20 18:48:13,8379.730469,B8DB8AF16E20,0003,male,C57BL/6,1.1.1,FR1_Approach,0,Center,37,86,41,33,0,0,,,,,,,,,,,,,,,,,,,,
2026-07-20 18:48:14,8381.148438,B8DB8AF16E20,0003,male,C57BL/6,1.1.1,FR1_Approach,0,Center,37,86,41,34,0,0,,,,,,,,,,,,,,,,,,,,
2026-07-20 18:48:19,8385.859375,B8DB8AF16E20,0003,male,C57BL/6,1.1.1,FR1_Approach,0,Left,37,87,41,34,0,0,,,,,,,,,,,,,,,,,,,,
2026-07-20 18:48:21,8388.291016,B8DB8AF16E20,0003,male,C57BL/6,1.1.1,FR1_Approach,0,Approach,37,87,41,34,0,0,,,,,,,,,,,,,,,,,,,,
2026-07-20 18:48:24,8391.136719,B8DB8AF16E20,0003,male,C57BL/6,1.1.1,FR1_Approach,0,PelletDrop,38,87,41,34,0,0,,,,,,,,,,,,,,,,,,,,
2026-07-20 18:48:45,8411.720703,B8DB8AF16E20,0003,male,C57BL/6,1.1.1,FR1_Approach,0,PelletTaken,38,87,41,34,0,0,TimedOut,30.000,0,1,,,,,,,,,,,,,,,,
2026-07-20 18:49:36,8463.224609,B8DB8AF16E20,0003,male,C57BL/6,1.1.1,FR1_Approach,0,Status,38,87,41,34,0,0,,,,,Disabled,24.9,42.9,1006.7,12.9,0.000,0.000,247784,339964,181408,1720,4.01,77.32
2026-07-20 18:51:26,8572.734375,B8DB8AF16E20,0003,male,C57BL/6,1.1.1,FR1_Approach,0,Left,38,88,41,34,0,0,,,,,,,,,,,,,,,,,,,,
2026-07-20 18:51:27,8573.925781,B8DB8AF16E20,0003,male,C57BL/6,1.1.1,FR1_Approach,0,Approach,38,88,41,34,0,0,,,,,,,,,,,,,,,,,,,,
2026-07-20 18:51:32,8578.991211,B8DB8AF16E20,0003,male,C57BL/6,1.1.1,FR1_Approach,0,PelletDrop,39,88,41,34,0,0,,,,,,,,,,,,,,,,,,,,
2026-07-20 18:51:33,8580.184570,B8DB8AF16E20,0003,male,C57BL/6,1.1.1,FR1_Approach,0,PelletTaken,39,88,41,34,0,0,0.576,20.000,0,2,,,,,,,,,,,,,,,,
2026-07-20 18:51:54,8601.200195,B8DB8AF16E20,0003,male,C57BL/6,1.1.1,FR1_Approach,0,Center,39,88,41,35,0,0,,,,,,,,,,,,,,,,,,,,
2026-07-20 18:55:03,8789.853516,B8DB8AF16E20,0003,male,C57BL/6,1.1.1,FR1_Approach,0,Right,39,88,42,35,0,0,,,,,,,,,,,,,,,,,,,,
2026-07-20 18:55:06,8793.130859,B8DB8AF16E20,0003,male,C57BL/6,1.1.1,FR1_Approach,0,Left,39,89,42,35,0,0,,,,,,,,,,,,,,,,,,,,
2026-07-20 18:55:07,8794.344727,B8DB8AF16E20,0003,male,C57BL/6,1.1.1,FR1_Approach,0,Approach,39,89,42,35,0,0,,,,,,,,,,,,,,,,,,,,
2026-07-20 18:55:10,8797.191406,B8DB8AF16E20,0003,male,C57BL/6,1.1.1,FR1_Approach,0,PelletDrop,40,89,42,35,0,0,,,,,,,,,,,,,,,,,,,,
2026-07-20 18:55:19,8805.916016,B8DB8AF16E20,0003,male,C57BL/6,1.1.1,FR1_Approach,0,PelletTaken,40,89,42,35,0,0,8.133,96.000,0,1,,,,,,,,,,,,,,,,
2026-07-20 18:59:39,9066.947266,B8DB8AF16E20,0003,male,C57BL/6,1.1.1,FR1_Approach,0,Status,40,89,42,35,0,0,,,,,Disabled,24.9,43.1,1006.6,13.0,0.000,0.000,247784,339964,181408,1846,4.01,77.16
2026-07-20 19:00:32,9120.343750,B8DB8AF16E20,0003,male,C57BL/6,1.1.1,FR1_Approach,0,Right,40,89,43,35,0,0,,,,,,,,,,,,,,,,,,,,
2026-07-20 19:00:43,9131.724609,B8DB8AF16E20,0003,male,C57BL/6,1.1.1,FR1_Approach,0,Left,40,90,43,35,0,0,,,,,,,,,,,,,,,,,,,,
2026-07-20 19:00:45,9133.652344,B8DB8AF16E20,0003,male,C57BL/6,1.1.1,FR1_Approach,0,Approach,40,90,43,35,0,0,,,,,,,,,,,,,,,,,,,,
2026-07-20 19:00:48,9136.466797,B8DB8AF16E20,0003,male,C57BL/6,1.1.1,FR1_Approach,0,PelletDrop,41,90,43,35,0,0,,,,,,,,,,,,,,,,,,,,
2026-07-20 19:00:49,9137.651367,B8DB8AF16E20,0003,male,C57BL/6,1.1.1,FR1_Approach,0,PelletNotDetected,41,90,43,35,0,0,,,,,,,,,,,,,,,,,,,,
2026-07-20 19:03:21,9289.999023,B8DB8AF16E20,0003,male,C57BL/6,1.1.1,FR1_Approach,0,Center,41,90,43,36,0,0,,,,,,,,,,,,,,,,,,,,
2026-07-20 19:03:29,9297.096680,B8DB8AF16E20,0003,male,C57BL/6,1.1.1,FR1_Approach,0,Left,41,91,43,36,0,0,,,,,,,,,,,,,,,,,,,,
2026-07-20 19:03:31,9299.285156,B8DB8AF16E20,0003,male,C57BL/6,1.1.1,FR1_Approach,0,Approach,41,91,43,36,0,0,,,,,,,,,,,,,,,,,,,,
2026-07-20 19:03:40,9308.539062,B8DB8AF16E20,0003,male,C57BL/6,1.1.1,FR1_Approach,0,PelletDrop,42,91,43,36,0,0,,,,,,,,,,,,,,,,,,,,
2026-07-20 19:03:43,9311.754883,B8DB8AF16E20,0003,male,C57BL/6,1.1.1,FR1_Approach,0,PelletTaken,42,91,43,36,0,0,2.623,68.000,0,4,,,,,,,,,,,,,,,,
2026-07-20 19:04:08,9336.898438,B8DB8AF16E20,0003,male,C57BL/6,1.1.1,FR1_Approach,0,Left,42,92,43,36,0,0,,,,,,,,,,,,,,,,,,,,
2026-07-20 19:04:10,9338.111328,B8DB8AF16E20,0003,male,C57BL/6,1.1.1,FR1_Approach,0,Approach,42,92,43,36,0,0,,,,,,,,,,,,,,,,,,,,
2026-07-20 19:04:17,9345.345703,B8DB8AF16E20,0003,male,C57BL/6,1.1.1,FR1_Approach,0,PelletDrop,43,92,43,36,0,0,,,,,,,,,,,,,,,,,,,,
2026-07-20 19:04:18,9346.503906,B8DB8AF16E20,0003,male,C57BL/6,1.1.1,FR1_Approach,0,PelletTaken,43,92,43,36,0,0,0.566,12.000,0,3,,,,,,,,,,,,,,,,
2026-07-20 19:04:38,9366.858398,B8DB8AF16E20,0003,male,C57BL/6,1.1.1,FR1_Approach,0,Left,43,93,43,36,0,0,,,,,,,,,,,,,,,,,,,,
2026-07-20 19:04:40,9369.046875,B8DB8AF16E20,0003,male,C57BL/6,1.1.1,FR1_Approach,0,Approach,43,93,43,36,0,0,,,,,,,,,,,,,,,,,,,,
2026-07-20 19:04:42,9370.699219,B8DB8AF16E20,0003,male,C57BL/6,1.1.1,FR1_Approach,0,PelletDrop,44,93,43,36,0,0,,,,,,,,,,,,,,,,,,,,
2026-07-20 19:04:43,9371.703125,B8DB8AF16E20,0003,male,C57BL/6,1.1.1,FR1_Approach,0,PelletTaken,44,93,43,36,0,0,0.412,12.000,0,0,,,,,,,,,,,,,,,,
2026-07-20 19:08:22,9591.258789,B8DB8AF16E20,0003,male,C57BL/6,1.1.1,FR1_Approach,0,Left,44,94,43,36,0,0,,,,,,,,,,,,,,,,,,,,
2026-07-20 19:08:24,9592.483398,B8DB8AF16E20,0003,male,C57BL/6,1.1.1,FR1_Approach,0,Approach,44,94,43,36,0,0,,,,,,,,,,,,,,,,,,,,
2026-07-20 19:08:27,9595.328125,B8DB8AF16E20,0003,male,C57BL/6,1.1.1,FR1_Approach,0,PelletDrop,45,94,43,36,0,0,,,,,,,,,,,,,,,,,,,,
2026-07-20 19:08:47,9615.912109,B8DB8AF16E20,0003,male,C57BL/6,1.1.1,FR1_Approach,0,PelletTaken,45,94,43,36,0,0,TimedOut,40.000,0,1,,,,,,,,,,,,,,,,
2026-07-20 19:09:39,9667.411133,B8DB8AF16E20,0003,male,C57BL/6,1.1.1,FR1_Approach,0,Status,45,94,43,36,0,0,,,,,Disabled,24.9,42.5,1006.5,13.1,0.000,0.000,247784,339964,181408,1966,3.99,77.00
2026-07-20 19:10:54,9742.391602,B8DB8AF16E20,0003,male,C57BL/6,1.1.1,FR1_Approach,0,Left,45,95,43,36,0,0,,,,,,,,,,,,,,,,,,,,
2026-07-20 19:10:56,9745.295898,B8DB8AF16E20,0003,male,C57BL/6,1.1.1,FR1_Approach,0,Approach,45,95,43,36,0,0,,,,,,,,,,,,,,,,,,,,
2026-07-20 19:10:59,9748.141602,B8DB8AF16E20,0003,male,C57BL/6,1.1.1,FR1_Approach,0,PelletDrop,46,95,43,36,0,0,,,,,,,,,,,,,,,,,,,,
2026-07-20 19:11:20,9768.742188,B8DB8AF16E20,0003,male,C57BL/6,1.1.1,FR1_Approach,0,PelletTaken,46,95,43,36,0,0,TimedOut,21.000,0,1,,,,,,,,,,,,,,,,
2026-07-20 19:13:39,9908.005859,B8DB8AF16E20,0003,male,C57BL/6,1.1.1,FR1_Approach,0,Left,46,96,43,36,0,0,,,,,,,,,,,,,,,,,,,,
2026-07-20 19:13:40,9909.199219,B8DB8AF16E20,0003,male,C57BL/6,1.1.1,FR1_Approach,0,Approach,46,96,43,36,0,0,,,,,,,,,,,,,,,,,,,,
2026-07-20 19:13:43,9912.045898,B8DB8AF16E20,0003,male,C57BL/6,1.1.1,FR1_Approach,0,PelletDrop,47,96,43,36,0,0,,,,,,,,,,,,,,,,,,,,
2026-07-20 19:13:44,9913.162109,B8DB8AF16E20,0003,male,C57BL/6,1.1.1,FR1_Approach,0,LeftWithPellet,47,96,44,36,0,0,,,,,,,,,,,,,,,,,,,,
2026-07-20 19:14:04,9932.644531,B8DB8AF16E20,0003,male,C57BL/6,1.1.1,FR1_Approach,0,PelletTaken,47,96,44,36,0,0,TimedOut,9.000,0,1,,,,,,,,,,,,,,,,
2026-07-20 19:15:02,9991.518555,B8DB8AF16E20,0003,male,C57BL/6,1.1.1,FR1_Approach,0,Left,47,97,44,36,0,0,,,,,,,,,,,,,,,,,,,,
2026-07-20 19:15:04,9992.725586,B8DB8AF16E20,0003,male,C57BL/6,1.1.1,FR1_Approach,0,Approach,47,97,44,36,0,0,,,,,,,,,,,,,,,,,,,,
2026-07-20 19:15:06,9995.539062,B8DB8AF16E20,0003,male,C57BL/6,1.1.1,FR1_Approach,0,PelletDrop,48,97,44,36,0,0,,,,,,,,,,,,,,,,,,,,
2026-07-20 19:15:08,9997.517578,B8DB8AF16E20,0003,male,C57BL/6,1.1.1,FR1_Approach,0,LeftWithPellet,48,97,45,36,0,0,,,,,,,,,,,,,,,,,,,,
2026-07-20 19:15:10,9998.662109,B8DB8AF16E20,0003,male,C57BL/6,1.1.1,FR1_Approach,0,LeftWithPellet,48,98,45,36,0,0,,,,,,,,,,,,,,,,,,,,
2026-07-20 19:15:12,10001.258789,B8DB8AF16E20,0003,male,C57BL/6,1.1.1,FR1_Approach,0,RightWithPellet,48,98,46,36,0,0,,,,,,,,,,,,,,,,,,,,
2026-07-20 19:15:27,10016.122070,B8DB8AF16E20,0003,male,C57BL/6,1.1.1,FR1_Approach,0,PelletTaken,48,98,46,36,0,0,TimedOut,27.000,0,1,,,,,,,,,,,,,,,,
2026-07-20 19:16:49,10098.284180,B8DB8AF16E20,0003,male,C57BL/6,1.1.1,FR1_Approach,0,Left,48,99,46,36,0,0,,,,,,,,,,,,,,,,,,,,
2026-07-20 19:16:50,10099.482422,B8DB8AF16E20,0003,male,C57BL/6,1.1.1,FR1_Approach,0,Approach,48,99,46,36,0,0,,,,,,,,,,,,,,,,,,,,
2026-07-20 19:16:53,10102.342773,B8DB8AF16E20,0003,male,C57BL/6,1.1.1,FR1_Approach,0,PelletDrop,49,99,46,36,0,0,,,,,,,,,,,,,,,,,,,,
2026-07-20 19:16:59,10108.198242,B8DB8AF16E20,0003,male,C57BL/6,1.1.1,FR1_Approach,0,PelletTaken,49,99,46,36,0,0,5.263,87.000,0,1,,,,,,,,,,,,,,,,
2026-07-20 19:19:19,10248.768555,B8DB8AF16E20,0003,male,C57BL/6,1.1.1,FR1_Approach,0,Left,49,100,46,36,0,0,,,,,,,,,,,,,,,,,,,,
2026-07-20 19:19:21,10249.965820,B8DB8AF16E20,0003,male,C57BL/6,1.1.1,FR1_Approach,0,Approach,49,100,46,36,0,0,,,,,,,,,,,,,,,,,,,,
2026-07-20 19:19:48,10277.715820,B8DB8AF16E20,0003,male,C57BL/6,1.1.1,FR1_Approach,0,Status,49,100,46,36,0,0,,,,,Disabled,25.0,42.5,1006.4,13.1,0.000,0.000,247784,339964,181408,2075,3.99,76.83
2026-07-20 19:22:25,10434.938477,B8DB8AF16E20,0003,male,C57BL/6,1.1.1,FR1_Approach,0,Left,49,101,46,36,0,0,,,,,,,,,,,,,,,,,,,,
2026-07-20 19:22:27,10436.378906,B8DB8AF16E20,0003,male,C57BL/6,1.1.1,FR1_Approach,0,Approach,49,101,46,36,0,0,,,,,,,,,,,,,,,,,,,,
2026-07-20 19:22:30,10439.240234,B8DB8AF16E20,0003,male,C57BL/6,1.1.1,FR1_Approach,0,PelletDrop,50,101,46,36,0,0,,,,,,,,,,,,,,,,,,,,
2026-07-20 19:22:37,10446.601562,B8DB8AF16E20,0003,male,C57BL/6,1.1.1,FR1_Approach,0,PelletTaken,50,101,46,36,0,0,6.770,49.000,0,1,,,,,,,,,,,,,,,,
2026-07-20 19:22:59,10468.829102,B8DB8AF16E20,0003,male,C57BL/6,1.1.1,FR1_Approach,0,Center,50,101,46,37,0,0,,,,,,,,,,,,,,,,,,,,
2026-07-20 19:23:13,10482.110352,B8DB8AF16E20,0003,male,C57BL/6,1.1.1,FR1_Approach,0,Right,50,101,47,37,0,0,,,,,,,,,,,,,,,,,,,,
2026-07-20 19:23:15,10484.237305,B8DB8AF16E20,0003,male,C57BL/6,1.1.1,FR1_Approach,0,Right,50,101,48,37,0,0,,,,,,,,,,,,,,,,,,,,
2026-07-20 19:23:23,10492.543945,B8DB8AF16E20,0003,male,C57BL/6,1.1.1,FR1_Approach,0,Left,50,102,48,37,0,0,,,,,,,,,,,,,,,,,,,,
2026-07-20 19:23:24,10493.751953,B8DB8AF16E20,0003,male,C57BL/6,1.1.1,FR1_Approach,0,Approach,50,102,48,37,0,0,,,,,,,,,,,,,,,,,,,,
2026-07-20 19:23:29,10498.865234,B8DB8AF16E20,0003,male,C57BL/6,1.1.1,FR1_Approach,0,PelletDrop,51,102,48,37,0,0,,,,,,,,,,,,,,,,,,,,
2026-07-20 19:23:31,10500.065430,B8DB8AF16E20,0003,male,C57BL/6,1.1.1,FR1_Approach,0,PelletNotDetected,51,102,48,37,0,0,,,,,,,,,,,,,,,,,,,,
2026-07-20 19:26:15,10664.707031,B8DB8AF16E20,0003,male,C57BL/6,1.1.1,FR1_Approach,0,Center,51,102,48,38,0,0,,,,,,,,,,,,,,,,,,,,
2026-07-20 19:26:19,10668.664062,B8DB8AF16E20,0003,male,C57BL/6,1.1.1,FR1_Approach,0,Right,51,102,49,38,0,0,,,,,,,,,,,,,,,,,,,,
2026-07-20 19:26:21,10670.680664,B8DB8AF16E20,0003,male,C57BL/6,1.1.1,FR1_Approach,0,Left,51,103,49,38,0,0,,,,,,,,,,,,,,,,,,,,
2026-07-20 19:26:22,10671.891602,B8DB8AF16E20,0003,male,C57BL/6,1.1.1,FR1_Approach,0,Approach,51,103,49,38,0,0,,,,,,,,,,,,,,,,,,,,
2026-07-20 19:26:25,10674.640625,B8DB8AF16E20,0003,male,C57BL/6,1.1.1,FR1_Approach,0,PelletDrop,52,103,49,38,0,0,,,,,,,,,,,,,,,,,,,,
2026-07-20 19:26:31,10680.221680,B8DB8AF16E20,0003,male,C57BL/6,1.1.1,FR1_Approach,0,LeftWithPellet,52,103,50,38,0,0,,,,,,,,,,,,,,,,,,,,
2026-07-20 19:26:33,10683.170898,B8DB8AF16E20,0003,male,C57BL/6,1.1.1,FR1_Approach,0,PelletTaken,52,103,50,38,0,0,7.938,21.000,0,3,,,,,,,,,,,,,,,,
2026-07-20 19:26:53,10702.769531,B8DB8AF16E20,0003,male,C57BL/6,1.1.1,FR1_Approach,0,Right,52,103,51,38,0,0,,,,,,,,,,,,,,,,,,,,
2026-07-20 19:26:56,10705.982422,B8DB8AF16E20,0003,male,C57BL/6,1.1.1,FR1_Approach,0,Right,52,103,52,38,0,0,,,,,,,,,,,,,,,,,,,,
2026-07-20 19:27:00,10709.340820,B8DB8AF16E20,0003,male,C57BL/6,1.1.1,FR1_Approach,0,Left,52,104,52,38,0,0,,,,,,,,,,,,,,,,,,,,
2026-07-20 19:27:01,10710.779297,B8DB8AF16E20,0003,male,C57BL/6,1.1.1,FR1_Approach,0,Approach,52,104,52,38,0,0,,,,,,,,,,,,,,,,,,,,
2026-07-20 19:27:04,10713.639648,B8DB8AF16E20,0003,male,C57BL/6,1.1.1,FR1_Approach,0,PelletDrop,53,104,52,38,0,0,,,,,,,,,,,,,,,,,,,,
2026-07-20 19:27:06,10715.868164,B8DB8AF16E20,0003,male,C57BL/6,1.1.1,FR1_Approach,0,LeftWithPellet,53,105,52,38,0,0,,,,,,,,,,,,,,,,,,,,
2026-07-20 19:27:10,10719.641602,B8DB8AF16E20,0003,male,C57BL/6,1.1.1,FR1_Approach,0,PelletTaken,53,105,52,38,0,0,5.410,13.000,0,1,,,,,,,,,,,,,,,,
2026-07-20 19:27:30,10739.273438,B8DB8AF16E20,0003,male,C57BL/6,1.1.1,FR1_Approach,0,Center,53,105,52,39,0,0,,,,,,,,,,,,,,,,,,,,
2026-07-20 19:27:31,10740.667969,B8DB8AF16E20,0003,male,C57BL/6,1.1.1,FR1_Approach,0,Left,53,106,52,39,0,0,,,,,,,,,,,,,,,,,,,,
2026-07-20 19:27:33,10743.083984,B8DB8AF16E20,0003,male,C57BL/6,1.1.1,FR1_Approach,0,Approach,53,106,52,39,0,0,,,,,,,,,,,,,,,,,,,,
2026-07-20 19:27:36,10745.883789,B8DB8AF16E20,0003,male,C57BL/6,1.1.1,FR1_Approach,0,PelletDrop,54,106,52,39,0,0,,,,,,,,,,,,,,,,,,,,
2026-07-20 19:27:37,10746.903320,B8DB8AF16E20,0003,male,C57BL/6,1.1.1,FR1_Approach,0,PelletTaken,54,106,52,39,0,0,0.401,124.000,0,1,,,,,,,,,,,,,,,,
2026-07-20 19:29:51,10880.275391,B8DB8AF16E20,0003,male,C57BL/6,1.1.1,FR1_Approach,0,Status,54,106,52,39,0,0,,,,,Disabled,25.0,42.5,1006.2,13.2,0.000,0.000,247732,339964,181364,2198,4.00,76.67
2026-07-20 19:33:28,11097.018555,B8DB8AF16E20,0003,male,C57BL/6,1.1.1,FR1_Approach,0,Left,54,107,52,39,0,0,,,,,,,,,,,,,,,,,,,,
2026-07-20 19:33:29,11098.459961,B8DB8AF16E20,0003,male,C57BL/6,1.1.1,FR1_Approach,0,Approach,54,107,52,39,0,0,,,,,,,,,,,,,,,,,,,,
2026-07-20 19:33:32,11101.322266,B8DB8AF16E20,0003,male,C57BL/6,1.1.1,FR1_Approach,0,PelletDrop,55,107,52,39,0,0,,,,,,,,,,,,,,,,,,,,
2026-07-20 19:33:35,11104.635742,B8DB8AF16E20,0003,male,C57BL/6,1.1.1,FR1_Approach,0,PelletTaken,55,107,52,39,0,0,2.722,106.000,0,1,,,,,,,,,,,,,,,,
2026-07-20 19:37:05,11314.533203,B8DB8AF16E20,0003,male,C57BL/6,1.1.1,FR1_Approach,0,Left,55,108,52,39,0,0,,,,,,,,,,,,,,,,,,,,
2026-07-20 19:37:07,11316.230469,B8DB8AF16E20,0003,male,C57BL/6,1.1.1,FR1_Approach,0,Approach,55,108,52,39,0,0,,,,,,,,,,,,,,,,,,,,
2026-07-20 19:37:10,11319.076172,B8DB8AF16E20,0003,male,C57BL/6,1.1.1,FR1_Approach,0,PelletDrop,56,108,52,39,0,0,,,,,,,,,,,,,,,,,,,,
2026-07-20 19:37:18,11327.154297,B8DB8AF16E20,0003,male,C57BL/6,1.1.1,FR1_Approach,0,PelletTaken,56,108,52,39,0,0,7.486,210.000,0,1,,,,,,,,,,,,,,,,
2026-07-20 19:37:42,11351.396484,B8DB8AF16E20,0003,male,C57BL/6,1.1.1,FR1_Approach,0,Right,56,108,53,39,0,0,,,,,,,,,,,,,,,,,,,,
2026-07-20 19:37:43,11352.789062,B8DB8AF16E20,0003,male,C57BL/6,1.1.1,FR1_Approach,0,Left,56,109,53,39,0,0,,,,,,,,,,,,,,,,,,,,
2026-07-20 19:37:45,11354.471680,B8DB8AF16E20,0003,male,C57BL/6,1.1.1,FR1_Approach,0,Approach,56,109,53,39,0,0,,,,,,,,,,,,,,,,,,,,
2026-07-20 19:37:48,11357.319336,B8DB8AF16E20,0003,male,C57BL/6,1.1.1,FR1_Approach,0,PelletDrop,57,109,53,39,0,0,,,,,,,,,,,,,,,,,,,,
2026-07-20 19:37:52,11361.369141,B8DB8AF16E20,0003,male,C57BL/6,1.1.1,FR1_Approach,0,PelletTaken,57,109,53,39,0,0,3.448,11.000,0,1,,,,,,,,,,,,,,,,
2026-07-20 19:39:51,11480.579102,B8DB8AF16E20,0003,male,C57BL/6,1.1.1,FR1_Approach,0,Status,57,109,53,39,0,0,,,,,Disabled,25.1,42.5,1006.1,13.3,0.000,0.000,247732,339964,181364,2321,4.00,76.67
2026-07-20 19:44:57,11787.455078,B8DB8AF16E20,0003,male,C57BL/6,1.1.1,FR1_Approach,0,Left,57,110,53,39,0,0,,,,,,,,,,,,,,,,,,,,
2026-07-20 19:45:00,11790.113281,B8DB8AF16E20,0003,male,C57BL/6,1.1.1,FR1_Approach,0,Approach,57,110,53,39,0,0,,,,,,,,,,,,,,,,,,,,
2026-07-20 19:45:05,11795.144531,B8DB8AF16E20,0003,male,C57BL/6,1.1.1,FR1_Approach,0,PelletDrop,58,110,53,39,0,0,,,,,,,,,,,,,,,,,,,,
2026-07-20 19:45:14,11804.322266,B8DB8AF16E20,0003,male,C57BL/6,1.1.1,FR1_Approach,0,PelletTaken,58,110,53,39,0,0,8.585,218.000,0,2,,,,,,,,,,,,,,,,
2026-07-20 19:45:46,11836.418945,B8DB8AF16E20,0003,male,C57BL/6,1.1.1,FR1_Approach,0,Left,58,111,53,39,0,0,,,,,,,,,,,,,,,,,,,,
2026-07-20 19:45:49,11839.567383,B8DB8AF16E20,0003,male,C57BL/6,1.1.1,FR1_Approach,0,Approach,58,111,53,39,0,0,,,,,,,,,,,,,,,,,,,,
2026-07-20 19:45:55,11844.647461,B8DB8AF16E20,0003,male,C57BL/6,1.1.1,FR1_Approach,0,PelletDrop,59,111,53,39,0,0,,,,,,,,,,,,,,,,,,,,
2026-07-20 19:45:55,11845.341797,B8DB8AF16E20,0003,male,C57BL/6,1.1.1,FR1_Approach,0,PelletTaken,59,111,53,39,0,0,0.104,29.000,0,2,,,,,,,,,,,,,,,,
2026-07-20 19:49:53,12083.506836,B8DB8AF16E20,0003,male,C57BL/6,1.1.1,FR1_Approach,0,Status,59,111,53,39,0,0,,,,,Disabled,25.1,42.6,1006.0,13.3,0.000,0.000,247732,339964,181364,2444,4.00,76.51
2026-07-20 19:50:11,12102.149414,B8DB8AF16E20,0003,male,C57BL/6,1.1.1,FR1_Approach,0,Center,59,111,53,40,0,0,,,,,,,,,,,,,,,,,,,,
2026-07-20 19:50:12,12103.346680,B8DB8AF16E20,0003,male,C57BL/6,1.1.1,FR1_Approach,0,Center,59,111,53,41,0,0,,,,,,,,,,,,,,,,,,,,
2026-07-20 19:50:19,12109.813477,B8DB8AF16E20,0003,male,C57BL/6,1.1.1,FR1_Approach,0,Left,59,112,53,41,0,0,,,,,,,,,,,,,,,,,,,,
2026-07-20 19:50:22,12112.589844,B8DB8AF16E20,0003,male,C57BL/6,1.1.1,FR1_Approach,0,No_approach,59,112,53,41,0,0,,,,,,,,,,,,,,,,,,,,
2026-07-20 19:50:27,12118.273438,B8DB8AF16E20,0003,male,C57BL/6,1.1.1,FR1_Approach,0,Left,59,113,53,41,0,0,,,,,,,,,,,,,,,,,,,,
2026-07-20 19:50:30,12121.049805,B8DB8AF16E20,0003,male,C57BL/6,1.1.1,FR1_Approach,0,No_approach,59,113,53,41,0,0,,,,,,,,,,,,,,,,,,,,
2026-07-20 19:50:38,12129.118164,B8DB8AF16E20,0003,male,C57BL/6,1.1.1,FR1_Approach,0,Left,59,114,53,41,0,0,,,,,,,,,,,,,,,,,,,,
2026-07-20 19:50:41,12131.894531,B8DB8AF16E20,0003,male,C57BL/6,1.1.1,FR1_Approach,0,No_approach,59,114,53,41,0,0,,,,,,,,,,,,,,,,,,,,
2026-07-20 19:50:45,12136.323242,B8DB8AF16E20,0003,male,C57BL/6,1.1.1,FR1_Approach,0,Left,59,115,53,41,0,0,,,,,,,,,,,,,,,,,,,,
2026-07-20 19:50:47,12137.516602,B8DB8AF16E20,0003,male,C57BL/6,1.1.1,FR1_Approach,0,Approach,59,115,53,41,0,0,,,,,,,,,,,,,,,,,,,,
2026-07-20 19:50:52,12142.582031,B8DB8AF16E20,0003,male,C57BL/6,1.1.1,FR1_Approach,0,PelletDrop,60,115,53,41,0,0,,,,,,,,,,,,,,,,,,,,
2026-07-20 19:50:59,12149.778320,B8DB8AF16E20,0003,male,C57BL/6,1.1.1,FR1_Approach,0,PelletTaken,60,115,53,41,0,0,6.604,58.000,0,2,,,,,,,,,,,,,,,,
2026-07-20 19:51:25,12175.733398,B8DB8AF16E20,0003,male,C57BL/6,1.1.1,FR1_Approach,0,Left,60,116,53,41,0,0,,,,,,,,,,,,,,,,,,,,
2026-07-20 19:51:26,12176.925781,B8DB8AF16E20,0003,male,C57BL/6,1.1.1,FR1_Approach,0,Approach,60,116,53,41,0,0,,,,,,,,,,,,,,,,,,,,
2026-07-20 19:51:29,12179.725586,B8DB8AF16E20,0003,male,C57BL/6,1.1.1,FR1_Approach,0,PelletDrop,61,116,53,41,0,0,,,,,,,,,,,,,,,,,,,,
2026-07-20 19:51:49,12200.309570,B8DB8AF16E20,0003,male,C57BL/6,1.1.1,FR1_Approach,0,PelletTaken,61,116,53,41,0,0,TimedOut,76.000,0,1,,,,,,,,,,,,,,,,
2026-07-20 19:53:51,12322.358398,B8DB8AF16E20,0003,male,C57BL/6,1.1.1,FR1_Approach,0,Center,61,116,53,42,0,0,,,,,,,,,,,,,,,,,,,,
2026-07-20 19:54:05,12336.198242,B8DB8AF16E20,0003,male,C57BL/6,1.1.1,FR1_Approach,0,Left,61,117,53,42,0,0,,,,,,,,,,,,,,,,,,,,
2026-07-20 19:54:07,12337.636719,B8DB8AF16E20,0003,male,C57BL/6,1.1.1,FR1_Approach,0,Approach,61,117,53,42,0,0,,,,,,,,,,,,,,,,,,,,
2026-07-20 19:54:37,12367.975586,B8DB8AF16E20,0003,male,C57BL/6,1.1.1,FR1_Approach,0,Right,61,117,54,42,0,0,,,,,,,,,,,,,,,,,,,,
2026-07-20 19:54:40,12370.708984,B8DB8AF16E20,0003,male,C57BL/6,1.1.1,FR1_Approach,0,Center,61,117,54,43,0,0,,,,,,,,,,,,,,,,,,,,
2026-07-20 19:54:43,12373.703125,B8DB8AF16E20,0003,male,C57BL/6,1.1.1,FR1_Approach,0,Right,61,117,55,43,0,0,,,,,,,,,,,,,,,,,,,,
2026-07-20 19:54:45,12376.323242,B8DB8AF16E20,0003,male,C57BL/6,1.1.1,FR1_Approach,0,Left,61,118,55,43,0,0,,,,,,,,,,,,,,,,,,,,
2026-07-20 19:54:46,12377.519531,B8DB8AF16E20,0003,male,C57BL/6,1.1.1,FR1_Approach,0,Approach,61,118,55,43,0,0,,,,,,,,,,,,,,,,,,,,
2026-07-20 19:54:47,12378.424805,B8DB8AF16E20,0003,male,C57BL/6,1.1.1,FR1_Approach,0,LeftWithPellet,61,118,56,43,0,0,,,,,,,,,,,,,,,,,,,,
2026-07-20 19:54:51,12382.408203,B8DB8AF16E20,0003,male,C57BL/6,1.1.1,FR1_Approach,0,RightWithPellet,61,118,57,43,0,0,,,,,,,,,,,,,,,,,,,,
2026-07-20 19:54:53,12383.791992,B8DB8AF16E20,0003,male,C57BL/6,1.1.1,FR1_Approach,0,RightWithPellet,61,118,58,43,0,0,,,,,,,,,,,,,,,,,,,,
2026-07-20 19:54:54,12385.623047,B8DB8AF16E20,0003,male,C57BL/6,1.1.1,FR1_Approach,0,RightWithPellet,61,118,59,43,0,0,,,,,,,,,,,,,,,,,,,,
2026-07-20 19:55:00,12390.794922,B8DB8AF16E20,0003,male,C57BL/6,1.1.1,FR1_Approach,0,Right,61,118,60,43,0,0,,,,,,,,,,,,,,,,,,,,
2026-07-20 19:55:02,12393.602539,B8DB8AF16E20,0003,male,C57BL/6,1.1.1,FR1_Approach,0,Left,61,119,60,43,0,0,,,,,,,,,,,,,,,,,,,,
2026-07-20 19:55:04,12394.798828,B8DB8AF16E20,0003,male,C57BL/6,1.1.1,FR1_Approach,0,Approach,61,119,60,43,0,0,,,,,,,,,,,,,,,,,,,,
2026-07-20 19:55:13,12403.832031,B8DB8AF16E20,0003,male,C57BL/6,1.1.1,FR1_Approach,0,LeftWithPellet,61,119,60,43,0,0,,,,,,,,,,,,,,,,,,,,
2026-07-20 19:55:14,12404.833008,B8DB8AF16E20,0003,male,C57BL/6,1.1.1,FR1_Approach,0,LeftWithPellet,61,120,60,43,0,0,,,,,,,,,,,,,,,,,,,,
2026-07-20 19:55:18,12409.108398,B8DB8AF16E20,0003,male,C57BL/6,1.1.1,FR1_Approach,0,CenterWithPellet,61,120,60,44,0,0,,,,,,,,,,,,,,,,,,,,
2026-07-20 19:55:27,12417.787109,B8DB8AF16E20,0003,male,C57BL/6,1.1.1,FR1_Approach,0,Left,61,121,60,44,0,0,,,,,,,,,,,,,,,,,,,,
2026-07-20 19:55:28,12419.244141,B8DB8AF16E20,0003,male,C57BL/6,1.1.1,FR1_Approach,0,Approach,61,121,60,44,0,0,,,,,,,,,,,,,,,,,,,,
2026-07-20 19:55:49,12440.035156,B8DB8AF16E20,0003,male,C57BL/6,1.1.1,FR1_Approach,0,Center,61,121,60,45,0,0,,,,,,,,,,,,,,,,,,,,
2026-07-20 19:56:10,12460.799805,B8DB8AF16E20,0003,male,C57BL/6,1.1.1,FR1_Approach,0,Center,61,121,60,46,0,0,,,,,,,,,,,,,,,,,,,,
2026-07-20 19:56:16,12466.840820,B8DB8AF16E20,0003,male,C57BL/6,1.1.1,FR1_Approach,0,Left,61,122,60,46,0,0,,,,,,,,,,,,,,,,,,,,
2026-07-20 19:56:17,12468.051758,B8DB8AF16E20,0003,male,C57BL/6,1.1.1,FR1_Approach,0,Approach,61,122,60,46,0,0,,,,,,,,,,,,,,,,,,,,
2026-07-20 19:56:20,12470.898438,B8DB8AF16E20,0003,male,C57BL/6,1.1.1,FR1_Approach,0,PelletDrop,62,122,60,46,0,0,,,,,,,,,,,,,,,,,,,,
2026-07-20 19:56:37,12487.861328,B8DB8AF16E20,0003,male,C57BL/6,1.1.1,FR1_Approach,0,LeftWithPellet,62,123,60,46,0,0,,,,,,,,,,,,,,,,,,,,
2026-07-20 19:56:40,12491.481445,B8DB8AF16E20,0003,male,C57BL/6,1.1.1,FR1_Approach,0,PelletTaken,62,123,60,46,0,0,TimedOut,30.000,0,1,,,,,,,,,,,,,,,,
2026-07-20 20:00:23,12713.197266,B8DB8AF16E20,0003,male,C57BL/6,1.1.1,FR1_Approach,0,Status,62,123,60,46,0,0,,,,,Disabled,25.2,42.5,1005.8,13.1,0.000,0.000,247732,339964,181364,2560,3.99,76.34
2026-07-20 20:05:16,13007.012695,B8DB8AF16E20,0003,male,C57BL/6,1.1.1,FR1_Approach,0,Left,62,124,60,46,0,0,,,,,,,,,,,,,,,,,,,,
2026-07-20 20:05:19,13009.430664,B8DB8AF16E20,0003,male,C57BL/6,1.1.1,FR1_Approach,0,Approach,62,124,60,46,0,0,,,,,,,,,,,,,,,,,,,,
2026-07-20 20:05:21,13012.292969,B8DB8AF16E20,0003,male,C57BL/6,1.1.1,FR1_Approach,0,PelletDrop,63,124,60,46,0,0,,,,,,,,,,,,,,,,,,,,
2026-07-20 20:05:28,13019.159180,B8DB8AF16E20,0003,male,C57BL/6,1.1.1,FR1_Approach,0,PelletTaken,63,124,60,46,0,0,6.275,21.000,0,1,,,,,,,,,,,,,,,,
2026-07-20 20:07:07,13117.750977,B8DB8AF16E20,0003,male,C57BL/6,1.1.1,FR1_Approach,0,Left,63,125,60,46,0,0,,,,,,,,,,,,,,,,,,,,
2026-07-20 20:07:08,13118.944336,B8DB8AF16E20,0003,male,C57BL/6,1.1.1,FR1_Approach,0,Approach,63,125,60,46,0,0,,,,,,,,,,,,,,,,,,,,
2026-07-20 20:07:11,13121.804688,B8DB8AF16E20,0003,male,C57BL/6,1.1.1,FR1_Approach,0,PelletDrop,64,125,60,46,0,0,,,,,,,,,,,,,,,,,,,,
2026-07-20 20:07:22,13132.762695,B8DB8AF16E20,0003,male,C57BL/6,1.1.1,FR1_Approach,0,PelletTaken,64,125,60,46,0,0,10.367,144.000,0,1,,,,,,,,,,,,,,,,
2026-07-20 20:11:05,13356.792969,B8DB8AF16E20,0003,male,C57BL/6,1.1.1,FR1_Approach,0,Status,64,125,60,46,0,0,,,,,Disabled,25.2,42.8,1005.7,13.2,0.000,0.000,247732,339964,181364,2691,3.99,76.34
2026-07-20 20:12:43,13455.188477,B8DB8AF16E20,0003,male,C57BL/6,1.1.1,FR1_Approach,0,Right,64,125,61,46,0,0,,,,,,,,,,,,,,,,,,,,
2026-07-20 20:13:03,13475.108398,B8DB8AF16E20,0003,male,C57BL/6,1.1.1,FR1_Approach,0,Left,64,126,61,46,0,0,,,,,,,,,,,,,,,,,,,,
2026-07-20 20:13:06,13477.884766,B8DB8AF16E20,0003,male,C57BL/6,1.1.1,FR1_Approach,0,No_approach,64,126,61,46,0,0,,,,,,,,,,,,,,,,,,,,
2026-07-20 20:13:09,13480.514648,B8DB8AF16E20,0003,male,C57BL/6,1.1.1,FR1_Approach,0,Left,64,127,61,46,0,0,,,,,,,,,,,,,,,,,,,,
2026-07-20 20:13:12,13483.678711,B8DB8AF16E20,0003,male,C57BL/6,1.1.1,FR1_Approach,0,Approach,64,127,61,46,0,0,,,,,,,,,,,,,,,,,,,,
2026-07-20 20:13:15,13486.536133,B8DB8AF16E20,0003,male,C57BL/6,1.1.1,FR1_Approach,0,PelletDrop,65,127,61,46,0,0,,,,,,,,,,,,,,,,,,,,
2026-07-20 20:13:22,13493.744141,B8DB8AF16E20,0003,male,C57BL/6,1.1.1,FR1_Approach,0,PelletTaken,65,127,61,46,0,0,6.605,30.000,0,1,,,,,,,,,,,,,,,,
2026-07-20 20:14:02,13533.944336,B8DB8AF16E20,0003,male,C57BL/6,1.1.1,FR1_Approach,0,Left,65,128,61,46,0,0,,,,,,,,,,,,,,,,,,,,
2026-07-20 20:14:04,13536.132812,B8DB8AF16E20,0003,male,C57BL/6,1.1.1,FR1_Approach,0,Approach,65,128,61,46,0,0,,,,,,,,,,,,,,,,,,,,
2026-07-20 20:14:09,13541.198242,B8DB8AF16E20,0003,male,C57BL/6,1.1.1,FR1_Approach,0,PelletDrop,66,128,61,46,0,0,,,,,,,,,,,,,,,,,,,,
2026-07-20 20:14:19,13550.650391,B8DB8AF16E20,0003,male,C57BL/6,1.1.1,FR1_Approach,0,PelletTaken,66,128,61,46,0,0,8.860,58.000,0,2,,,,,,,,,,,,,,,,
2026-07-20 20:21:50,14001.379883,B8DB8AF16E20,0003,male,C57BL/6,1.1.1,FR1_Approach,0,Status,66,128,61,46,0,0,,,,,Disabled,25.1,42.9,1005.7,13.2,0.000,0.000,247732,339964,181364,2823,3.99,76.18
2026-07-20 20:25:05,14196.701172,B8DB8AF16E20,0003,male,C57BL/6,1.1.1,FR1_Approach,0,Left,66,129,61,46,0,0,,,,,,,,,,,,,,,,,,,,
2026-07-20 20:25:06,14198.144531,B8DB8AF16E20,0003,male,C57BL/6,1.1.1,FR1_Approach,0,Approach,66,129,61,46,0,0,,,,,,,,,,,,,,,,,,,,
2026-07-20 20:25:09,14200.992188,B8DB8AF16E20,0003,male,C57BL/6,1.1.1,FR1_Approach,0,PelletDrop,67,129,61,46,0,0,,,,,,,,,,,,,,,,,,,,
2026-07-20 20:25:16,14208.467773,B8DB8AF16E20,0003,male,C57BL/6,1.1.1,FR1_Approach,0,PelletTaken,67,129,61,46,0,0,6.869,31.000,0,1,,,,,,,,,,,,,,,,
2026-07-20 20:26:59,14310.875000,B8DB8AF16E20,0003,male,C57BL/6,1.1.1,FR1_Approach,0,Left,67,130,61,46,0,0,,,,,,,,,,,,,,,,,,,,
2026-07-20 20:27:00,14312.319336,B8DB8AF16E20,0003,male,C57BL/6,1.1.1,FR1_Approach,0,Approach,67,130,61,46,0,0,,,,,,,,,,,,,,,,,,,,
2026-07-20 20:27:05,14317.383789,B8DB8AF16E20,0003,male,C57BL/6,1.1.1,FR1_Approach,0,PelletDrop,68,130,61,46,0,0,,,,,,,,,,,,,,,,,,,,
2026-07-20 20:27:20,14331.834961,B8DB8AF16E20,0003,male,C57BL/6,1.1.1,FR1_Approach,0,PelletTaken,68,130,61,46,0,0,13.843,59.000,0,2,,,,,,,,,,,,,,,,
2026-07-20 20:27:41,14353.108398,B8DB8AF16E20,0003,male,C57BL/6,1.1.1,FR1_Approach,0,Left,68,131,61,46,0,0,,,,,,,,,,,,,,,,,,,,
2026-07-20 20:27:44,14355.884766,B8DB8AF16E20,0003,male,C57BL/6,1.1.1,FR1_Approach,0,No_approach,68,131,61,46,0,0,,,,,,,,,,,,,,,,,,,,
2026-07-20 20:32:30,14642.740234,B8DB8AF16E20,0003,male,C57BL/6,1.1.1,FR1_Approach,0,Left,68,132,61,46,0,0,,,,,,,,,,,,,,,,,,,,
2026-07-20 20:32:32,14645.516602,B8DB8AF16E20,0003,male,C57BL/6,1.1.1,FR1_Approach,0,No_approach,68,132,61,46,0,0,,,,,,,,,,,,,,,,,,,,
2026-07-20 20:32:37,14649.810547,B8DB8AF16E20,0003,male,C57BL/6,1.1.1,FR1_Approach,0,Left,68,133,61,46,0,0,,,,,,,,,,,,,,,,,,,,
2026-07-20 20:32:40,14652.587891,B8DB8AF16E20,0003,male,C57BL/6,1.1.1,FR1_Approach,0,No_approach,68,133,61,46,0,0,,,,,,,,,,,,,,,,,,,,
2026-07-20 20:32:47,14660.423828,B8DB8AF16E20,0003,male,C57BL/6,1.1.1,FR1_Approach,0,Status,68,133,61,46,0,0,,,,,Disabled,25.2,42.7,1005.8,13.2,0.000,0.000,247732,339964,181364,2956,3.99,75.86
2026-07-20 20:32:49,14661.836914,B8DB8AF16E20,0003,male,C57BL/6,1.1.1,FR1_Approach,0,Left,68,134,61,46,0,0,,,,,,,,,,,,,,,,,,,,
2026-07-20 20:32:52,14664.614258,B8DB8AF16E20,0003,male,C57BL/6,1.1.1,FR1_Approach,0,No_approach,68,134,61,46,0,0,,,,,,,,,,,,,,,,,,,,
2026-07-20 20:32:54,14667.263672,B8DB8AF16E20,0003,male,C57BL/6,1.1.1,FR1_Approach,0,Left,68,135,61,46,0,0,,,,,,,,,,,,,,,,,,,,
2026-07-20 20:32:57,14670.055664,B8DB8AF16E20,0003,male,C57BL/6,1.1.1,FR1_Approach,0,No_approach,68,135,61,46,0,0,,,,,,,,,,,,,,,,,,,,
2026-07-20 20:33:19,14691.930664,B8DB8AF16E20,0003,male,C57BL/6,1.1.1,FR1_Approach,0,Left,68,136,61,46,0,0,,,,,,,,,,,,,,,,,,,,
2026-07-20 20:33:22,14694.708008,B8DB8AF16E20,0003,male,C57BL/6,1.1.1,FR1_Approach,0,No_approach,68,136,61,46,0,0,,,,,,,,,,,,,,,,,,,,
2026-07-20 20:33:31,14703.960938,B8DB8AF16E20,0003,male,C57BL/6,1.1.1,FR1_Approach,0,Left,68,137,61,46,0,0,,,,,,,,,,,,,,,,,,,,
2026-07-20 20:33:34,14706.752930,B8DB8AF16E20,0003,male,C57BL/6,1.1.1,FR1_Approach,0,No_approach,68,137,61,46,0,0,,,,,,,,,,,,,,,,,,,,
2026-07-20 20:33:38,14711.143555,B8DB8AF16E20,0003,male,C57BL/6,1.1.1,FR1_Approach,0,Left,68,138,61,46,0,0,,,,,,,,,,,,,,,,,,,,
2026-07-20 20:33:41,14713.920898,B8DB8AF16E20,0003,male,C57BL/6,1.1.1,FR1_Approach,0,No_approach,68,138,61,46,0,0,,,,,,,,,,,,,,,,,,,,
2026-07-20 20:33:44,14716.978516,B8DB8AF16E20,0003,male,C57BL/6,1.1.1,FR1_Approach,0,Left,68,139,61,46,0,0,,,,,,,,,,,,,,,,,,,,
2026-07-20 20:33:47,14719.663086,B8DB8AF16E20,0003,male,C57BL/6,1.1.1,FR1_Approach,0,Approach,68,139,61,46,0,0,,,,,,,,,,,,,,,,,,,,
2026-07-20 20:33:52,14724.727539,B8DB8AF16E20,0003,male,C57BL/6,1.1.1,FR1_Approach,0,PelletDrop,69,139,61,46,0,0,,,,,,,,,,,,,,,,,,,,
2026-07-20 20:33:59,14731.715820,B8DB8AF16E20,0003,male,C57BL/6,1.1.1,FR1_Approach,0,PelletTaken,69,139,61,46,0,0,6.396,20.000,0,2,,,,,,,,,,,,,,,,
2026-07-20 20:34:26,14758.846680,B8DB8AF16E20,0003,male,C57BL/6,1.1.1,FR1_Approach,0,Left,69,140,61,46,0,0,,,,,,,,,,,,,,,,,,,,
2026-07-20 20:34:27,14760.531250,B8DB8AF16E20,0003,male,C57BL/6,1.1.1,FR1_Approach,0,Approach,69,140,61,46,0,0,,,,,,,,,,,,,,,,,,,,
2026-07-20 20:34:32,14765.595703,B8DB8AF16E20,0003,male,C57BL/6,1.1.1,FR1_Approach,0,PelletDrop,70,140,61,46,0,0,,,,,,,,,,,,,,,,,,,,
2026-07-20 20:34:41,14773.750000,B8DB8AF16E20,0003,male,C57BL/6,1.1.1,FR1_Approach,0,PelletTaken,70,140,61,46,0,0,7.562,39.000,0,2,,,,,,,,,,,,,,,,
2026-07-20 20:37:17,14930.776367,B8DB8AF16E20,0003,male,C57BL/6,1.1.1,FR1_Approach,0,Right,70,140,62,46,0,0,,,,,,,,,,,,,,,,,,,,
2026-07-20 20:37:24,14936.907227,B8DB8AF16E20,0003,male,C57BL/6,1.1.1,FR1_Approach,0,Right,70,140,63,46,0,0,,,,,,,,,,,,,,,,,,,,
2026-07-20 20:37:47,14960.740234,B8DB8AF16E20,0003,male,C57BL/6,1.1.1,FR1_Approach,0,Center,70,140,63,47,0,0,,,,,,,,,,,,,,,,,,,,
2026-07-20 20:38:34,15007.525391,B8DB8AF16E20,0003,male,C57BL/6,1.1.1,FR1_Approach,0,Center,70,140,63,48,0,0,,,,,,,,,,,,,,,,,,,,
2026-07-20 20:40:19,15112.779297,B8DB8AF16E20,0003,male,C57BL/6,1.1.1,FR1_Approach,0,Left,70,141,63,48,0,0,,,,,,,,,,,,,,,,,,,,
2026-07-20 20:40:21,15114.707031,B8DB8AF16E20,0003,male,C57BL/6,1.1.1,FR1_Approach,0,Approach,70,141,63,48,0,0,,,,,,,,,,,,,,,,,,,,
2026-07-20 20:40:24,15117.553711,B8DB8AF16E20,0003,male,C57BL/6,1.1.1,FR1_Approach,0,PelletDrop,71,141,63,48,0,0,,,,,,,,,,,,,,,,,,,,
2026-07-20 20:40:25,15118.738281,B8DB8AF16E20,0003,male,C57BL/6,1.1.1,FR1_Approach,0,PelletNotDetected,71,141,63,48,0,0,,,,,,,,,,,,,,,,,,,,
2026-07-20 20:43:18,15291.594727,B8DB8AF16E20,0003,male,C57BL/6,1.1.1,FR1_Approach,0,Status,71,141,63,48,0,0,,,,,Disabled,25.2,43.0,1005.8,13.2,0.000,0.000,247732,339964,181364,3084,3.98,75.69
2026-07-20 20:47:19,15532.738281,B8DB8AF16E20,0003,male,C57BL/6,1.1.1,FR1_Approach,0,Left,71,142,63,48,0,0,,,,,,,,,,,,,,,,,,,,
2026-07-20 20:47:21,15533.931641,B8DB8AF16E20,0003,male,C57BL/6,1.1.1,FR1_Approach,0,Approach,71,142,63,48,0,0,,,,,,,,,,,,,,,,,,,,
2026-07-20 20:47:23,15536.745117,B8DB8AF16E20,0003,male,C57BL/6,1.1.1,FR1_Approach,0,PelletDrop,72,142,63,48,0,0,,,,,,,,,,,,,,,,,,,,
2026-07-20 20:47:24,15537.749023,B8DB8AF16E20,0003,male,C57BL/6,1.1.1,FR1_Approach,0,PelletTaken,72,142,63,48,0,0,0.412,21.000,0,2,,,,,,,,,,,,,,,,
2026-07-20 20:50:34,15727.589844,B8DB8AF16E20,0003,male,C57BL/6,1.1.1,FR1_Approach,0,Center,72,142,63,49,0,0,,,,,,,,,,,,,,,,,,,,
2026-07-20 20:50:38,15731.699219,B8DB8AF16E20,0003,male,C57BL/6,1.1.1,FR1_Approach,0,Center,72,142,63,50,0,0,,,,,,,,,,,,,,,,,,,,
2026-07-20 20:50:52,15746.113281,B8DB8AF16E20,0003,male,C57BL/6,1.1.1,FR1_Approach,0,Left,72,143,63,50,0,0,,,,,,,,,,,,,,,,,,,,
2026-07-20 20:50:55,15748.889648,B8DB8AF16E20,0003,male,C57BL/6,1.1.1,FR1_Approach,0,No_approach,72,143,63,50,0,0,,,,,,,,,,,,,,,,,,,,
2026-07-20 20:50:59,15752.200195,B8DB8AF16E20,0003,male,C57BL/6,1.1.1,FR1_Approach,0,Left,72,144,63,50,0,0,,,,,,,,,,,,,,,,,,,,
2026-07-20 20:51:02,15755.345703,B8DB8AF16E20,0003,male,C57BL/6,1.1.1,FR1_Approach,0,Approach,72,144,63,50,0,0,,,,,,,,,,,,,,,,,,,,
2026-07-20 20:51:07,15760.425781,B8DB8AF16E20,0003,male,C57BL/6,1.1.1,FR1_Approach,0,PelletDrop,73,144,63,50,0,0,,,,,,,,,,,,,,,,,,,,
2026-07-20 20:51:15,15768.997070,B8DB8AF16E20,0003,male,C57BL/6,1.1.1,FR1_Approach,0,PelletTaken,73,144,63,50,0,0,7.979,20.000,0,2,,,,,,,,,,,,,,,,
2026-07-20 20:54:07,15941.210938,B8DB8AF16E20,0003,male,C57BL/6,1.1.1,FR1_Approach,0,Status,73,144,63,50,0,0,,,,,Disabled,25.2,42.7,1005.9,13.2,0.000,0.000,247732,339964,181364,3218,3.98,75.69
2026-07-20 21:03:15,16489.757812,B8DB8AF16E20,0003,male,C57BL/6,1.1.1,FR1_Approach,0,Left,73,145,63,50,0,0,,,,,,,,,,,,,,,,,,,,
2026-07-20 21:03:17,16491.929688,B8DB8AF16E20,0003,male,C57BL/6,1.1.1,FR1_Approach,0,Approach,73,145,63,50,0,0,,,,,,,,,,,,,,,,,,,,
2026-07-20 21:03:20,16494.775391,B8DB8AF16E20,0003,male,C57BL/6,1.1.1,FR1_Approach,0,PelletDrop,74,145,63,50,0,0,,,,,,,,,,,,,,,,,,,,
2026-07-20 21:03:21,16495.960938,B8DB8AF16E20,0003,male,C57BL/6,1.1.1,FR1_Approach,0,PelletNotDetected,74,145,63,50,0,0,,,,,,,,,,,,,,,,,,,,
2026-07-20 21:04:37,16572.410156,B8DB8AF16E20,0003,male,C57BL/6,1.1.1,FR1_Approach,0,Right,74,145,64,50,0,0,,,,,,,,,,,,,,,,,,,,
2026-07-20 21:04:42,16576.681641,B8DB8AF16E20,0003,male,C57BL/6,1.1.1,FR1_Approach,0,Left,74,146,64,50,0,0,,,,,,,,,,,,,,,,,,,,
2026-07-20 21:04:44,16578.855469,B8DB8AF16E20,0003,male,C57BL/6,1.1.1,FR1_Approach,0,Approach,74,146,64,50,0,0,,,,,,,,,,,,,,,,,,,,
2026-07-20 21:04:47,16581.654297,B8DB8AF16E20,0003,male,C57BL/6,1.1.1,FR1_Approach,0,PelletDrop,75,146,64,50,0,0,,,,,,,,,,,,,,,,,,,,
2026-07-20 21:04:48,16582.855469,B8DB8AF16E20,0003,male,C57BL/6,1.1.1,FR1_Approach,0,PelletNotDetected,75,146,64,50,0,0,,,,,,,,,,,,,,,,,,,,
2026-07-20 21:04:56,16590.597656,B8DB8AF16E20,0003,male,C57BL/6,1.1.1,FR1_Approach,0,Status,75,146,64,50,0,0,,,,,Disabled,25.2,43.1,1006.1,13.1,0.000,0.000,247732,339964,181364,3357,3.98,75.53
2026-07-20 21:05:03,16597.832031,B8DB8AF16E20,0003,male,C57BL/6,1.1.1,FR1_Approach,0,Left,75,147,64,50,0,0,,,,,,,,,,,,,,,,,,,,
2026-07-20 21:05:05,16599.531250,B8DB8AF16E20,0003,male,C57BL/6,1.1.1,FR1_Approach,0,Approach,75,147,64,50,0,0,,,,,,,,,,,,,,,,,,,,
2026-07-20 21:05:07,16602.328125,B8DB8AF16E20,0003,male,C57BL/6,1.1.1,FR1_Approach,0,PelletDrop,76,147,64,50,0,0,,,,,,,,,,,,,,,,,,,,
2026-07-20 21:05:09,16603.607422,B8DB8AF16E20,0003,male,C57BL/6,1.1.1,FR1_Approach,0,PelletTaken,76,147,64,50,0,0,0.687,31.000,0,3,,,,,,,,,,,,,,,,
2026-07-20 21:05:30,16625.031250,B8DB8AF16E20,0003,male,C57BL/6,1.1.1,FR1_Approach,0,Right,76,147,65,50,0,0,,,,,,,,,,,,,,,,,,,,
2026-07-20 21:07:50,16764.896484,B8DB8AF16E20,0003,male,C57BL/6,1.1.1,FR1_Approach,0,Left,76,148,65,50,0,0,,,,,,,,,,,,,,,,,,,,
2026-07-20 21:07:51,16766.093750,B8DB8AF16E20,0003,male,C57BL/6,1.1.1,FR1_Approach,0,Approach,76,148,65,50,0,0,,,,,,,,,,,,,,,,,,,,
2026-07-20 21:07:54,16768.939453,B8DB8AF16E20,0003,male,C57BL/6,1.1.1,FR1_Approach,0,PelletDrop,77,148,65,50,0,0,,,,,,,,,,,,,,,,,,,,
2026-07-20 21:07:56,16770.910156,B8DB8AF16E20,0003,male,C57BL/6,1.1.1,FR1_Approach,0,PelletTaken,77,148,65,50,0,0,1.379,86.000,0,1,,,,,,,,,,,,,,,,
2026-07-20 21:08:10,16785.611328,B8DB8AF16E20,0003,male,C57BL/6,1.1.1,FR1_Approach,0,Left,77,149,65,50,0,0,,,,,,,,,,,,,,,,,,,,
2026-07-20 21:08:13,16787.783203,B8DB8AF16E20,0003,male,C57BL/6,1.1.1,FR1_Approach,0,Approach,77,149,65,50,0,0,,,,,,,,,,,,,,,,,,,,
2026-07-20 21:08:15,16790.640625,B8DB8AF16E20,0003,male,C57BL/6,1.1.1,FR1_Approach,0,PelletDrop,78,149,65,50,0,0,,,,,,,,,,,,,,,,,,,,
2026-07-20 21:08:18,16793.107422,B8DB8AF16E20,0003,male,C57BL/6,1.1.1,FR1_Approach,0,PelletTaken,78,149,65,50,0,0,1.876,31.000,0,1,,,,,,,,,,,,,,,,
2026-07-20 21:15:33,17228.330078,B8DB8AF16E20,0003,male,C57BL/6,1.1.1,FR1_Approach,0,Status,78,149,65,50,0,0,,,,,Disabled,25.2,43.1,1006.2,13.1,0.000,0.000,247732,339964,181364,3489,3.98,75.37
2026-07-20 21:15:40,17235.177734,B8DB8AF16E20,0003,male,C57BL/6,1.1.1,FR1_Approach,0,Left,78,150,65,50,0,0,,,,,,,,,,,,,,,,,,,,
2026-07-20 21:15:42,17237.103516,B8DB8AF16E20,0003,male,C57BL/6,1.1.1,FR1_Approach,0,Approach,78,150,65,50,0,0,,,,,,,,,,,,,,,,,,,,
2026-07-20 21:15:45,17239.966797,B8DB8AF16E20,0003,male,C57BL/6,1.1.1,FR1_Approach,0,PelletDrop,79,150,65,50,0,0,,,,,,,,,,,,,,,,,,,,
2026-07-20 21:15:49,17244.103516,B8DB8AF16E20,0003,male,C57BL/6,1.1.1,FR1_Approach,0,PelletTaken,79,150,65,50,0,0,3.546,68.000,0,1,,,,,,,,,,,,,,,,
2026-07-20 21:16:10,17265.005859,B8DB8AF16E20,0003,male,C57BL/6,1.1.1,FR1_Approach,0,Left,79,151,65,50,0,0,,,,,,,,,,,,,,,,,,,,
2026-07-20 21:16:11,17266.201172,B8DB8AF16E20,0003,male,C57BL/6,1.1.1,FR1_Approach,0,Approach,79,151,65,50,0,0,,,,,,,,,,,,,,,,,,,,
2026-07-20 21:16:14,17269.076172,B8DB8AF16E20,0003,male,C57BL/6,1.1.1,FR1_Approach,0,PelletDrop,80,151,65,50,0,0,,,,,,,,,,,,,,,,,,,,
2026-07-20 21:16:30,17284.876953,B8DB8AF16E20,0003,male,C57BL/6,1.1.1,FR1_Approach,0,PelletTaken,80,151,65,50,0,0,15.207,12.000,0,1,,,,,,,,,,,,,,,,
2026-07-20 21:21:12,17567.046875,B8DB8AF16E20,0003,male,C57BL/6,1.1.1,FR1_Approach,0,Center,80,151,65,51,0,0,,,,,,,,,,,,,,,,,,,,
2026-07-20 21:21:18,17573.146484,B8DB8AF16E20,0003,male,C57BL/6,1.1.1,FR1_Approach,0,Left,80,152,65,51,0,0,,,,,,,,,,,,,,,,,,,,
2026-07-20 21:21:20,17575.333984,B8DB8AF16E20,0003,male,C57BL/6,1.1.1,FR1_Approach,0,Approach,80,152,65,51,0,0,,,,,,,,,,,,,,,,,,,,
2026-07-20 21:21:23,17578.179688,B8DB8AF16E20,0003,male,C57BL/6,1.1.1,FR1_Approach,0,PelletDrop,81,152,65,51,0,0,,,,,,,,,,,,,,,,,,,,
2026-07-20 21:21:25,17580.525391,B8DB8AF16E20,0003,male,C57BL/6,1.1.1,FR1_Approach,0,PelletTaken,81,152,65,51,0,0,1.754,40.000,0,1,,,,,,,,,,,,,,,,
2026-07-20 21:21:51,17606.708984,B8DB8AF16E20,0003,male,C57BL/6,1.1.1,FR1_Approach,0,Center,81,152,65,52,0,0,,,,,,,,,,,,,,,,,,,,
2026-07-20 21:24:49,17784.552734,B8DB8AF16E20,0003,male,C57BL/6,1.1.1,FR1_Approach,0,Center,81,152,65,53,0,0,,,,,,,,,,,,,,,,,,,,
2026-07-20 21:24:58,17793.750000,B8DB8AF16E20,0003,male,C57BL/6,1.1.1,FR1_Approach,0,Left,81,153,65,53,0,0,,,,,,,,,,,,,,,,,,,,
2026-07-20 21:24:59,17794.945312,B8DB8AF16E20,0003,male,C57BL/6,1.1.1,FR1_Approach,0,Approach,81,153,65,53,0,0,,,,,,,,,,,,,,,,,,,,
2026-07-20 21:25:02,17797.808594,B8DB8AF16E20,0003,male,C57BL/6,1.1.1,FR1_Approach,0,PelletDrop,82,153,65,53,0,0,,,,,,,,,,,,,,,,,,,,
2026-07-20 21:25:13,17808.843750,B8DB8AF16E20,0003,male,C57BL/6,1.1.1,FR1_Approach,0,PelletTaken,82,153,65,53,0,0,10.443,39.000,0,1,,,,,,,,,,,,,,,,
2026-07-20 21:26:15,17869.855469,B8DB8AF16E20,0003,male,C57BL/6,1.1.1,FR1_Approach,0,Status,82,153,65,53,0,0,,,,,Disabled,25.2,42.9,1006.3,13.2,0.000,0.000,247732,339964,181364,3618,3.98,75.37
2026-07-20 21:30:55,18150.861328,B8DB8AF16E20,0003,male,C57BL/6,1.1.1,FR1_Approach,0,Left,82,154,65,53,0,0,,,,,,,,,,,,,,,,,,,,
2026-07-20 21:30:56,18152.074219,B8DB8AF16E20,0003,male,C57BL/6,1.1.1,FR1_Approach,0,Approach,82,154,65,53,0,0,,,,,,,,,,,,,,,,,,,,
2026-07-20 21:30:59,18155.017578,B8DB8AF16E20,0003,male,C57BL/6,1.1.1,FR1_Approach,0,PelletDrop,83,154,65,53,0,0,,,,,,,,,,,,,,,,,,,,
2026-07-20 21:31:01,18156.201172,B8DB8AF16E20,0003,male,C57BL/6,1.1.1,FR1_Approach,0,PelletNotDetected,83,154,65,53,0,0,,,,,,,,,,,,,,,,,,,,
2026-07-20 21:31:20,18175.597656,B8DB8AF16E20,0003,male,C57BL/6,1.1.1,FR1_Approach,0,Center,83,154,65,54,0,0,,,,,,,,,,,,,,,,,,,,
2026-07-20 21:31:21,18177.132812,B8DB8AF16E20,0003,male,C57BL/6,1.1.1,FR1_Approach,0,Left,83,155,65,54,0,0,,,,,,,,,,,,,,,,,,,,
2026-07-20 21:31:23,18178.326172,B8DB8AF16E20,0003,male,C57BL/6,1.1.1,FR1_Approach,0,Approach,83,155,65,54,0,0,,,,,,,,,,,,,,,,,,,,
2026-07-20 21:31:28,18183.244141,B8DB8AF16E20,0003,male,C57BL/6,1.1.1,FR1_Approach,0,PelletDrop,84,155,65,54,0,0,,,,,,,,,,,,,,,,,,,,
2026-07-20 21:31:34,18189.255859,B8DB8AF16E20,0003,male,C57BL/6,1.1.1,FR1_Approach,0,PelletTaken,84,155,65,54,0,0,5.406,59.000,0,3,,,,,,,,,,,,,,,,
2026-07-20 21:32:06,18222.113281,B8DB8AF16E20,0003,male,C57BL/6,1.1.1,FR1_Approach,0,Left,84,156,65,54,0,0,,,,,,,,,,,,,,,,,,,,
2026-07-20 21:32:09,18224.890625,B8DB8AF16E20,0003,male,C57BL/6,1.1.1,FR1_Approach,0,No_approach,84,156,65,54,0,0,,,,,,,,,,,,,,,,,,,,
2026-07-20 21:35:24,18420.371094,B8DB8AF16E20,0003,male,C57BL/6,1.1.1,FR1_Approach,0,Center,84,156,65,55,0,0,,,,,,,,,,,,,,,,,,,,
2026-07-20 21:35:26,18421.765625,B8DB8AF16E20,0003,male,C57BL/6,1.1.1,FR1_Approach,0,Left,84,157,65,55,0,0,,,,,,,,,,,,,,,,,,,,
2026-07-20 21:35:27,18422.962891,B8DB8AF16E20,0003,male,C57BL/6,1.1.1,FR1_Approach,0,Approach,84,157,65,55,0,0,,,,,,,,,,,,,,,,,,,,
2026-07-20 21:35:30,18425.808594,B8DB8AF16E20,0003,male,C57BL/6,1.1.1,FR1_Approach,0,PelletDrop,85,157,65,55,0,0,,,,,,,,,,,,,,,,,,,,
2026-07-20 21:35:37,18432.587891,B8DB8AF16E20,0003,male,C57BL/6,1.1.1,FR1_Approach,0,PelletTaken,85,157,65,55,0,0,6.187,39.000,0,1,,,,,,,,,,,,,,,,
2026-07-20 21:36:56,18511.546875,B8DB8AF16E20,0003,male,C57BL/6,1.1.1,FR1_Approach,0,Status,85,157,65,55,0,0,,,,,Disabled,25.2,42.9,1006.5,13.2,0.000,0.000,247732,339964,181364,3752,3.98,75.20
2026-07-20 21:43:50,18926.455078,B8DB8AF16E20,0003,male,C57BL/6,1.1.1,FR1_Approach,0,Center,85,157,65,56,0,0,,,,,,,,,,,,,,,,,,,,
2026-07-20 21:43:52,18928.435547,B8DB8AF16E20,0003,male,C57BL/6,1.1.1,FR1_Approach,0,Center,85,157,65,57,0,0,,,,,,,,,,,,,,,,,,,,
2026-07-20 21:43:57,18933.712891,B8DB8AF16E20,0003,male,C57BL/6,1.1.1,FR1_Approach,0,Right,85,157,66,57,0,0,,,,,,,,,,,,,,,,,,,,
2026-07-20 21:43:59,18935.507812,B8DB8AF16E20,0003,male,C57BL/6,1.1.1,FR1_Approach,0,Left,85,158,66,57,0,0,,,,,,,,,,,,,,,,,,,,
2026-07-20 21:44:00,18936.947266,B8DB8AF16E20,0003,male,C57BL/6,1.1.1,FR1_Approach,0,Approach,85,158,66,57,0,0,,,,,,,,,,,,,,,,,,,,
2026-07-20 21:44:03,18939.794922,B8DB8AF16E20,0003,male,C57BL/6,1.1.1,FR1_Approach,0,PelletDrop,86,158,66,57,0,0,,,,,,,,,,,,,,,,,,,,
2026-07-20 21:44:05,18940.996094,B8DB8AF16E20,0003,male,C57BL/6,1.1.1,FR1_Approach,0,PelletNotDetected,86,158,66,57,0,0,,,,,,,,,,,,,,,,,,,,
2026-07-20 21:47:47,19164.146484,B8DB8AF16E20,0003,male,C57BL/6,1.1.1,FR1_Approach,0,Status,86,158,66,57,0,0,,,,,Disabled,25.3,42.8,1006.6,13.2,0.000,0.000,247732,339964,181348,3890,3.98,75.04
2026-07-20 21:48:41,19217.357422,B8DB8AF16E20,0003,male,C57BL/6,1.1.1,FR1_Approach,0,Center,86,158,66,58,0,0,,,,,,,,,,,,,,,,,,,,
2026-07-20 21:48:45,19221.617188,B8DB8AF16E20,0003,male,C57BL/6,1.1.1,FR1_Approach,0,Center,86,158,66,59,0,0,,,,,,,,,,,,,,,,,,,,
2026-07-20 21:49:13,19249.355469,B8DB8AF16E20,0003,male,C57BL/6,1.1.1,FR1_Approach,0,Left,86,159,66,59,0,0,,,,,,,,,,,,,,,,,,,,
2026-07-20 21:49:15,19252.132812,B8DB8AF16E20,0003,male,C57BL/6,1.1.1,FR1_Approach,0,No_approach,86,159,66,59,0,0,,,,,,,,,,,,,,,,,,,,
2026-07-20 21:49:26,19262.521484,B8DB8AF16E20,0003,male,C57BL/6,1.1.1,FR1_Approach,0,Center,86,159,66,60,0,0,,,,,,,,,,,,,,,,,,,,
2026-07-20 21:49:27,19264.253906,B8DB8AF16E20,0003,male,C57BL/6,1.1.1,FR1_Approach,0,Left,86,160,66,60,0,0,,,,,,,,,,,,,,,,,,,,
2026-07-20 21:49:29,19266.197266,B8DB8AF16E20,0003,male,C57BL/6,1.1.1,FR1_Approach,0,Approach,86,160,66,60,0,0,,,,,,,,,,,,,,,,,,,,
2026-07-20 21:49:32,19268.994141,B8DB8AF16E20,0003,male,C57BL/6,1.1.1,FR1_Approach,0,PelletDrop,87,160,66,60,0,0,,,,,,,,,,,,,,,,,,,,
2026-07-20 21:49:33,19270.154297,B8DB8AF16E20,0003,male,C57BL/6,1.1.1,FR1_Approach,0,PelletTaken,87,160,66,60,0,0,0.567,21.000,0,2,,,,,,,,,,,,,,,,
2026-07-20 21:51:26,19382.996094,B8DB8AF16E20,0003,male,C57BL/6,1.1.1,FR1_Approach,0,Center,87,160,66,61,0,0,,,,,,,,,,,,,,,,,,,,
2026-07-20 21:51:34,19391.162109,B8DB8AF16E20,0003,male,C57BL/6,1.1.1,FR1_Approach,0,Center,87,160,66,62,0,0,,,,,,,,,,,,,,,,,,,,
2026-07-20 21:53:06,19483.337891,B8DB8AF16E20,0003,male,C57BL/6,1.1.1,FR1_Approach,0,Center,87,160,66,63,0,0,,,,,,,,,,,,,,,,,,,,
2026-07-20 21:53:24,19500.949219,B8DB8AF16E20,0003,male,C57BL/6,1.1.1,FR1_Approach,0,Right,87,160,67,63,0,0,,,,,,,,,,,,,,,,,,,,
2026-07-20 21:53:41,19517.839844,B8DB8AF16E20,0003,male,C57BL/6,1.1.1,FR1_Approach,0,Left,87,161,67,63,0,0,,,,,,,,,,,,,,,,,,,,
2026-07-20 21:53:42,19519.279297,B8DB8AF16E20,0003,male,C57BL/6,1.1.1,FR1_Approach,0,Approach,87,161,67,63,0,0,,,,,,,,,,,,,,,,,,,,
2026-07-20 21:53:47,19524.345703,B8DB8AF16E20,0003,male,C57BL/6,1.1.1,FR1_Approach,0,PelletDrop,88,161,67,63,0,0,,,,,,,,,,,,,,,,,,,,
2026-07-20 21:53:54,19531.564453,B8DB8AF16E20,0003,male,C57BL/6,1.1.1,FR1_Approach,0,PelletTaken,88,161,67,63,0,0,6.628,40.000,0,2,,,,,,,,,,,,,,,,
2026-07-20 21:54:20,19557.449219,B8DB8AF16E20,0003,male,C57BL/6,1.1.1,FR1_Approach,0,Right,88,161,68,63,0,0,,,,,,,,,,,,,,,,,,,,
2026-07-20 21:56:13,19670.322266,B8DB8AF16E20,0003,male,C57BL/6,1.1.1,FR1_Approach,0,Center,88,161,68,64,0,0,,,,,,,,,,,,,,,,,,,,
2026-07-20 21:56:18,19674.847656,B8DB8AF16E20,0003,male,C57BL/6,1.1.1,FR1_Approach,0,Center,88,161,68,65,0,0,,,,,,,,,,,,,,,,,,,,
2026-07-20 21:56:24,19681.076172,B8DB8AF16E20,0003,male,C57BL/6,1.1.1,FR1_Approach,0,Left,88,162,68,65,0,0,,,,,,,,,,,,,,,,,,,,
2026-07-20 21:56:25,19682.287109,B8DB8AF16E20,0003,male,C57BL/6,1.1.1,FR1_Approach,0,Approach,88,162,68,65,0,0,,,,,,,,,,,,,,,,,,,,
2026-07-20 21:56:28,19685.134766,B8DB8AF16E20,0003,male,C57BL/6,1.1.1,FR1_Approach,0,PelletDrop,89,162,68,65,0,0,,,,,,,,,,,,,,,,,,,,
2026-07-20 21:56:29,19685.974609,B8DB8AF16E20,0003,male,C57BL/6,1.1.1,FR1_Approach,0,PelletTaken,89,162,68,65,0,0,0.247,275.000,0,1,,,,,,,,,,,,,,,,
2026-07-20 21:58:28,19805.730469,B8DB8AF16E20,0003,male,C57BL/6,1.1.1,FR1_Approach,0,Status,89,162,68,65,0,0,,,,,Disabled,25.3,42.9,1006.8,13.2,0.000,0.000,247732,339964,181348,4027,3.98,74.88
2026-07-20 22:09:12,20450.351562,B8DB8AF16E20,0003,male,C57BL/6,1.1.1,FR1_Approach,0,Status,89,162,68,65,0,0,,,,,Disabled,25.2,43.1,1006.8,13.2,0.000,0.000,247732,339964,181348,4164,3.98,74.88
2026-07-20 22:10:54,20551.613281,B8DB8AF16E20,0003,male,C57BL/6,1.1.1,FR1_Approach,0,Left,89,163,68,65,0,0,,,,,,,,,,,,,,,,,,,,
2026-07-20 22:10:55,20553.056641,B8DB8AF16E20,0003,male,C57BL/6,1.1.1,FR1_Approach,0,Approach,89,163,68,65,0,0,,,,,,,,,,,,,,,,,,,,
2026-07-20 22:10:58,20555.917969,B8DB8AF16E20,0003,male,C57BL/6,1.1.1,FR1_Approach,0,PelletDrop,90,163,68,65,0,0,,,,,,,,,,,,,,,,,,,,
2026-07-20 22:11:08,20565.986328,B8DB8AF16E20,0003,male,C57BL/6,1.1.1,FR1_Approach,0,PelletTaken,90,163,68,65,0,0,9.476,21.000,0,1,,,,,,,,,,,,,,,,
2026-07-20 22:17:46,20964.392578,B8DB8AF16E20,0003,male,C57BL/6,1.1.1,FR1_Approach,0,Left,90,164,68,65,0,0,,,,,,,,,,,,,,,,,,,,
2026-07-20 22:17:47,20965.835938,B8DB8AF16E20,0003,male,C57BL/6,1.1.1,FR1_Approach,0,Approach,90,164,68,65,0,0,,,,,,,,,,,,,,,,,,,,
2026-07-20 22:17:49,20967.601562,B8DB8AF16E20,0003,male,C57BL/6,1.1.1,FR1_Approach,0,PelletDrop,91,164,68,65,0,0,,,,,,,,,,,,,,,,,,,,
2026-07-20 22:17:52,20970.099609,B8DB8AF16E20,0003,male,C57BL/6,1.1.1,FR1_Approach,0,PelletTaken,91,164,68,65,0,0,1.907,96.000,0,0,,,,,,,,,,,,,,,,
2026-07-20 22:18:34,21012.638672,B8DB8AF16E20,0003,male,C57BL/6,1.1.1,FR1_Approach,0,Right,91,164,69,65,0,0,,,,,,,,,,,,,,,,,,,,
2026-07-20 22:18:46,21024.560547,B8DB8AF16E20,0003,male,C57BL/6,1.1.1,FR1_Approach,0,Left,91,165,69,65,0,0,,,,,,,,,,,,,,,,,,,,
2026-07-20 22:18:47,21025.753906,B8DB8AF16E20,0003,male,C57BL/6,1.1.1,FR1_Approach,0,Approach,91,165,69,65,0,0,,,,,,,,,,,,,,,,,,,,
2026-07-20 22:18:50,21028.599609,B8DB8AF16E20,0003,male,C57BL/6,1.1.1,FR1_Approach,0,PelletDrop,92,165,69,65,0,0,,,,,,,,,,,,,,,,,,,,
2026-07-20 22:18:52,21030.880859,B8DB8AF16E20,0003,male,C57BL/6,1.1.1,FR1_Approach,0,PelletTaken,92,165,69,65,0,0,1.689,12.000,0,1,,,,,,,,,,,,,,,,
2026-07-20 22:19:57,21095.982422,B8DB8AF16E20,0003,male,C57BL/6,1.1.1,FR1_Approach,0,Status,92,165,69,65,0,0,,,,,Disabled,25.3,42.9,1006.9,13.2,0.000,0.000,247732,339964,181348,4295,3.98,74.55
2026-07-20 22:26:16,21474.996094,B8DB8AF16E20,0003,male,C57BL/6,1.1.1,FR1_Approach,0,Left,92,166,69,65,0,0,,,,,,,,,,,,,,,,,,,,
2026-07-20 22:26:17,21476.189453,B8DB8AF16E20,0003,male,C57BL/6,1.1.1,FR1_Approach,0,Approach,92,166,69,65,0,0,,,,,,,,,,,,,,,,,,,,
2026-07-20 22:26:20,21479.035156,B8DB8AF16E20,0003,male,C57BL/6,1.1.1,FR1_Approach,0,PelletDrop,93,166,69,65,0,0,,,,,,,,,,,,,,,,,,,,
2026-07-20 22:26:22,21481.011719,B8DB8AF16E20,0003,male,C57BL/6,1.1.1,FR1_Approach,0,PelletTaken,93,166,69,65,0,0,1.369,21.000,0,1,,,,,,,,,,,,,,,,
2026-07-20 22:29:30,21669.062500,B8DB8AF16E20,0003,male,C57BL/6,1.1.1,FR1_Approach,0,Left,93,167,69,65,0,0,,,,,,,,,,,,,,,,,,,,
2026-07-20 22:29:32,21671.490234,B8DB8AF16E20,0003,male,C57BL/6,1.1.1,FR1_Approach,0,Approach,93,167,69,65,0,0,,,,,,,,,,,,,,,,,,,,
2026-07-20 22:29:37,21676.570312,B8DB8AF16E20,0003,male,C57BL/6,1.1.1,FR1_Approach,0,PelletDrop,94,167,69,65,0,0,,,,,,,,,,,,,,,,,,,,
2026-07-20 22:29:39,21677.755859,B8DB8AF16E20,0003,male,C57BL/6,1.1.1,FR1_Approach,0,PelletNotDetected,94,167,69,65,0,0,,,,,,,,,,,,,,,,,,,,
2026-07-20 22:30:41,21740.542969,B8DB8AF16E20,0003,male,C57BL/6,1.1.1,FR1_Approach,0,Status,94,167,69,65,0,0,,,,,Disabled,25.3,42.8,1007.0,13.2,0.000,0.000,247732,339964,181348,4430,3.97,74.55
2026-07-20 22:33:43,21922.816406,B8DB8AF16E20,0003,male,C57BL/6,1.1.1,FR1_Approach,0,Center,94,167,69,66,0,0,,,,,,,,,,,,,,,,,,,,
2026-07-20 22:33:53,21933.083984,B8DB8AF16E20,0003,male,C57BL/6,1.1.1,FR1_Approach,0,Left,94,168,69,66,0,0,,,,,,,,,,,,,,,,,,,,
2026-07-20 22:33:54,21934.281250,B8DB8AF16E20,0003,male,C57BL/6,1.1.1,FR1_Approach,0,Approach,94,168,69,66,0,0,,,,,,,,,,,,,,,,,,,,
2026-07-20 22:34:06,21945.658203,B8DB8AF16E20,0003,male,C57BL/6,1.1.1,FR1_Approach,0,PelletDrop,95,168,69,66,0,0,,,,,,,,,,,,,,,,,,,,
2026-07-20 22:34:12,21951.820312,B8DB8AF16E20,0003,male,C57BL/6,1.1.1,FR1_Approach,0,PelletTaken,95,168,69,66,0,0,5.571,78.000,0,6,,,,,,,,,,,,,,,,
2026-07-20 22:35:37,22037.214844,B8DB8AF16E20,0003,male,C57BL/6,1.1.1,FR1_Approach,0,Left,95,169,69,66,0,0,,,,,,,,,,,,,,,,,,,,
2026-07-20 22:35:39,22038.412109,B8DB8AF16E20,0003,male,C57BL/6,1.1.1,FR1_Approach,0,Approach,95,169,69,66,0,0,,,,,,,,,,,,,,,,,,,,
2026-07-20 22:35:43,22042.380859,B8DB8AF16E20,0003,male,C57BL/6,1.1.1,FR1_Approach,0,PelletDrop,96,169,69,66,0,0,,,,,,,,,,,,,,,,,,,,
2026-07-20 22:35:43,22043.146484,B8DB8AF16E20,0003,male,C57BL/6,1.1.1,FR1_Approach,0,PelletTaken,96,169,69,66,0,0,0.159,11.000,0,1,,,,,,,,,,,,,,,,
2026-07-20 22:36:18,22078.376953,B8DB8AF16E20,0003,male,C57BL/6,1.1.1,FR1_Approach,0,Right,96,169,70,66,0,0,,,,,,,,,,,,,,,,,,,,
2026-07-20 22:36:24,22084.085938,B8DB8AF16E20,0003,male,C57BL/6,1.1.1,FR1_Approach,0,Right,96,169,71,66,0,0,,,,,,,,,,,,,,,,,,,,
2026-07-20 22:36:42,22101.681641,B8DB8AF16E20,0003,male,C57BL/6,1.1.1,FR1_Approach,0,Left,96,170,71,66,0,0,,,,,,,,,,,,,,,,,,,,
2026-07-20 22:36:43,22103.140625,B8DB8AF16E20,0003,male,C57BL/6,1.1.1,FR1_Approach,0,Approach,96,170,71,66,0,0,,,,,,,,,,,,,,,,,,,,
2026-07-20 22:36:46,22105.986328,B8DB8AF16E20,0003,male,C57BL/6,1.1.1,FR1_Approach,0,PelletDrop,97,170,71,66,0,0,,,,,,,,,,,,,,,,,,,,
2026-07-20 22:36:48,22108.431641,B8DB8AF16E20,0003,male,C57BL/6,1.1.1,FR1_Approach,0,PelletTaken,97,170,71,66,0,0,1.854,87.000,0,1,,,,,,,,,,,,,,,,
2026-07-20 22:37:20,22140.082031,B8DB8AF16E20,0003,male,C57BL/6,1.1.1,FR1_Approach,0,Right,97,170,72,66,0,0,,,,,,,,,,,,,,,,,,,,
2026-07-20 22:37:28,22148.486328,B8DB8AF16E20,0003,male,C57BL/6,1.1.1,FR1_Approach,0,Left,97,171,72,66,0,0,,,,,,,,,,,,,,,,,,,,
2026-07-20 22:37:30,22149.683594,B8DB8AF16E20,0003,male,C57BL/6,1.1.1,FR1_Approach,0,Approach,97,171,72,66,0,0,,,,,,,,,,,,,,,,,,,,
2026-07-20 22:37:33,22152.529297,B8DB8AF16E20,0003,male,C57BL/6,1.1.1,FR1_Approach,0,PelletDrop,98,171,72,66,0,0,,,,,,,,,,,,,,,,,,,,
2026-07-20 22:37:34,22153.914062,B8DB8AF16E20,0003,male,C57BL/6,1.1.1,FR1_Approach,0,LeftWithPellet,98,171,73,66,0,0,,,,,,,,,,,,,,,,,,,,
2026-07-20 22:37:36,22156.304688,B8DB8AF16E20,0003,male,C57BL/6,1.1.1,FR1_Approach,0,PelletTaken,98,171,73,66,0,0,3.183,48.000,0,1,,,,,,,,,,,,,,,,
2026-07-20 22:41:26,22386.193359,B8DB8AF16E20,0003,male,C57BL/6,1.1.1,FR1_Approach,0,Status,98,171,73,66,0,0,,,,,Disabled,25.3,43.0,1007.1,13.2,0.000,0.000,247732,339964,181348,4562,3.97,74.38
2026-07-20 22:44:20,22561.095703,B8DB8AF16E20,0003,male,C57BL/6,1.1.1,FR1_Approach,0,Left,98,172,73,66,0,0,,,,,,,,,,,,,,,,,,,,
2026-07-20 22:44:23,22563.888672,B8DB8AF16E20,0003,male,C57BL/6,1.1.1,FR1_Approach,0,No_approach,98,172,73,66,0,0,,,,,,,,,,,,,,,,,,,,
2026-07-20 22:52:11,23031.798828,B8DB8AF16E20,0003,male,C57BL/6,1.1.1,FR1_Approach,0,Status,98,172,73,66,0,0,,,,,Disabled,25.3,43.0,1007.2,13.2,0.000,0.000,247732,339964,181348,4698,3.97,74.38
2026-07-20 22:54:51,23192.033203,B8DB8AF16E20,0003,male,C57BL/6,1.1.1,FR1_Approach,0,Left,98,173,73,66,0,0,,,,,,,,,,,,,,,,,,,,
2026-07-20 22:54:52,23193.240234,B8DB8AF16E20,0003,male,C57BL/6,1.1.1,FR1_Approach,0,Approach,98,173,73,66,0,0,,,,,,,,,,,,,,,,,,,,
2026-07-20 22:54:55,23196.097656,B8DB8AF16E20,0003,male,C57BL/6,1.1.1,FR1_Approach,0,PelletDrop,99,173,73,66,0,0,,,,,,,,,,,,,,,,,,,,
2026-07-20 22:54:58,23199.148438,B8DB8AF16E20,0003,male,C57BL/6,1.1.1,FR1_Approach,0,PelletTaken,99,173,73,66,0,0,2.458,50.000,0,1,,,,,,,,,,,,,,,,
2026-07-20 23:02:58,23678.423828,B8DB8AF16E20,0003,male,C57BL/6,1.1.1,FR1_Approach,0,Status,99,173,73,66,0,0,,,,,Disabled,25.2,43.1,1007.3,13.3,0.000,0.000,247732,339964,181348,4834,3.97,74.22
2026-07-20 23:03:40,23720.816406,B8DB8AF16E20,0003,male,C57BL/6,1.1.1,FR1_Approach,0,Right,99,173,74,66,0,0,,,,,,,,,,,,,,,,,,,,
2026-07-20 23:03:41,23721.806641,B8DB8AF16E20,0003,male,C57BL/6,1.1.1,FR1_Approach,0,Right,99,173,75,66,0,0,,,,,,,,,,,,,,,,,,,,
2026-07-20 23:04:02,23742.699219,B8DB8AF16E20,0003,male,C57BL/6,1.1.1,FR1_Approach,0,Left,99,174,75,66,0,0,,,,,,,,,,,,,,,,,,,,
2026-07-20 23:04:03,23744.136719,B8DB8AF16E20,0003,male,C57BL/6,1.1.1,FR1_Approach,0,Approach,99,174,75,66,0,0,,,,,,,,,,,,,,,,,,,,
2026-07-20 23:04:06,23746.998047,B8DB8AF16E20,0003,male,C57BL/6,1.1.1,FR1_Approach,0,PelletDrop,100,174,75,66,0,0,,,,,,,,,,,,,,,,,,,,
2026-07-20 23:04:07,23748.001953,B8DB8AF16E20,0003,male,C57BL/6,1.1.1,FR1_Approach,0,PelletTaken,100,174,75,66,0,0,0.411,12.000,0,1,,,,,,,,,,,,,,,,
2026-07-20 23:04:37,23777.800781,B8DB8AF16E20,0003,male,C57BL/6,1.1.1,FR1_Approach,0,Center,100,174,75,67,0,0,,,,,,,,,,,,,,,,,,,,
2026-07-20 23:11:32,24193.593750,B8DB8AF16E20,0003,male,C57BL/6,1.1.1,FR1_Approach,0,Left,100,175,75,67,0,0,,,,,,,,,,,,,,,,,,,,
2026-07-20 23:11:33,24194.792969,B8DB8AF16E20,0003,male,C57BL/6,1.1.1,FR1_Approach,0,Approach,100,175,75,67,0,0,,,,,,,,,,,,,,,,,,,,
2026-07-20 23:11:36,24197.591797,B8DB8AF16E20,0003,male,C57BL/6,1.1.1,FR1_Approach,0,PelletDrop,101,175,75,67,0,0,,,,,,,,,,,,,,,,,,,,
2026-07-20 23:11:39,24200.486328,B8DB8AF16E20,0003,male,C57BL/6,1.1.1,FR1_Approach,0,PelletTaken,101,175,75,67,0,0,2.303,21.000,0,1,,,,,,,,,,,,,,,,
2026-07-20 23:13:44,24325.996094,B8DB8AF16E20,0003,male,C57BL/6,1.1.1,FR1_Approach,0,Status,101,175,75,67,0,0,,,,,Disabled,25.2,43.1,1007.2,13.3,0.000,0.000,247732,339964,181348,4970,3.97,74.05
2026-07-20 23:22:10,24832.757812,B8DB8AF16E20,0003,male,C57BL/6,1.1.1,FR1_Approach,0,Center,101,175,75,68,0,0,,,,,,,,,,,,,,,,,,,,
2026-07-20 23:22:23,24845.898438,B8DB8AF16E20,0003,male,C57BL/6,1.1.1,FR1_Approach,0,Left,101,176,75,68,0,0,,,,,,,,,,,,,,,,,,,,
2026-07-20 23:22:26,24848.675781,B8DB8AF16E20,0003,male,C57BL/6,1.1.1,FR1_Approach,0,No_approach,101,176,75,68,0,0,,,,,,,,,,,,,,,,,,,,
2026-07-20 23:22:29,24851.882812,B8DB8AF16E20,0003,male,C57BL/6,1.1.1,FR1_Approach,0,Left,101,177,75,68,0,0,,,,,,,,,,,,,,,,,,,,
2026-07-20 23:22:31,24853.808594,B8DB8AF16E20,0003,male,C57BL/6,1.1.1,FR1_Approach,0,Approach,101,177,75,68,0,0,,,,,,,,,,,,,,,,,,,,
2026-07-20 23:22:34,24856.656250,B8DB8AF16E20,0003,male,C57BL/6,1.1.1,FR1_Approach,0,PelletDrop,102,177,75,68,0,0,,,,,,,,,,,,,,,,,,,,
2026-07-20 23:22:35,24857.365234,B8DB8AF16E20,0003,male,C57BL/6,1.1.1,FR1_Approach,0,PelletTaken,102,177,75,68,0,0,0.105,31.000,0,1,,,,,,,,,,,,,,,,
2026-07-20 23:24:31,24973.644531,B8DB8AF16E20,0003,male,C57BL/6,1.1.1,FR1_Approach,0,Status,102,177,75,68,0,0,,,,,Disabled,25.2,43.0,1007.2,13.3,0.000,0.000,247732,339964,181348,5106,3.97,74.05
2026-07-20 23:31:49,25412.587891,B8DB8AF16E20,0003,male,C57BL/6,1.1.1,FR1_Approach,0,Left,102,178,75,68,0,0,,,,,,,,,,,,,,,,,,,,
2026-07-20 23:31:52,25415.363281,B8DB8AF16E20,0003,male,C57BL/6,1.1.1,FR1_Approach,0,No_approach,102,178,75,68,0,0,,,,,,,,,,,,,,,,,,,,
2026-07-20 23:31:55,25418.863281,B8DB8AF16E20,0003,male,C57BL/6,1.1.1,FR1_Approach,0,Left,102,179,75,68,0,0,,,,,,,,,,,,,,,,,,,,
2026-07-20 23:31:58,25421.763672,B8DB8AF16E20,0003,male,C57BL/6,1.1.1,FR1_Approach,0,Approach,102,179,75,68,0,0,,,,,,,,,,,,,,,,,,,,
2026-07-20 23:32:06,25429.046875,B8DB8AF16E20,0003,male,C57BL/6,1.1.1,FR1_Approach,0,PelletDrop,103,179,75,68,0,0,,,,,,,,,,,,,,,,,,,,
2026-07-20 23:32:12,25435.474609,B8DB8AF16E20,0003,male,C57BL/6,1.1.1,FR1_Approach,0,PelletTaken,103,179,75,68,0,0,5.836,21.000,0,3,,,,,,,,,,,,,,,,
2026-07-20 23:35:19,25622.251953,B8DB8AF16E20,0003,male,C57BL/6,1.1.1,FR1_Approach,0,Status,103,179,75,68,0,0,,,,,Disabled,25.2,43.1,1007.2,13.2,0.000,0.000,247732,339964,181348,5239,3.97,73.89
2026-07-20 23:38:11,25794.244141,B8DB8AF16E20,0003,male,C57BL/6,1.1.1,FR1_Approach,0,Center,103,179,75,69,0,0,,,,,,,,,,,,,,,,,,,,
2026-07-20 23:38:16,25799.318359,B8DB8AF16E20,0003,male,C57BL/6,1.1.1,FR1_Approach,0,Left,103,180,75,69,0,0,,,,,,,,,,,,,,,,,,,,
2026-07-20 23:38:17,25800.771484,B8DB8AF16E20,0003,male,C57BL/6,1.1.1,FR1_Approach,0,Approach,103,180,75,69,0,0,,,,,,,,,,,,,,,,,,,,
2026-07-20 23:38:20,25803.570312,B8DB8AF16E20,0003,male,C57BL/6,1.1.1,FR1_Approach,0,PelletDrop,104,180,75,69,0,0,,,,,,,,,,,,,,,,,,,,
2026-07-20 23:38:21,25804.755859,B8DB8AF16E20,0003,male,C57BL/6,1.1.1,FR1_Approach,0,PelletNotDetected,104,180,75,69,0,0,,,,,,,,,,,,,,,,,,,,
2026-07-20 23:46:09,26272.775391,B8DB8AF16E20,0003,male,C57BL/6,1.1.1,FR1_Approach,0,Status,104,180,75,69,0,0,,,,,Disabled,25.2,43.5,1007.0,13.2,0.000,0.000,247732,339964,181348,5376,3.97,73.89
2026-07-20 23:47:38,26362.156250,B8DB8AF16E20,0003,male,C57BL/6,1.1.1,FR1_Approach,0,Right,104,180,76,69,0,0,,,,,,,,,,,,,,,,,,,,
2026-07-20 23:47:57,26380.667969,B8DB8AF16E20,0003,male,C57BL/6,1.1.1,FR1_Approach,0,Right,104,180,77,69,0,0,,,,,,,,,,,,,,,,,,,,
2026-07-20 23:50:49,26553.255859,B8DB8AF16E20,0003,male,C57BL/6,1.1.1,FR1_Approach,0,Left,104,181,77,69,0,0,,,,,,,,,,,,,,,,,,,,
2026-07-20 23:50:51,26554.478516,B8DB8AF16E20,0003,male,C57BL/6,1.1.1,FR1_Approach,0,Approach,104,181,77,69,0,0,,,,,,,,,,,,,,,,,,,,
2026-07-20 23:50:56,26559.544922,B8DB8AF16E20,0003,male,C57BL/6,1.1.1,FR1_Approach,0,PelletDrop,105,181,77,69,0,0,,,,,,,,,,,,,,,,,,,,
2026-07-20 23:51:04,26567.566406,B8DB8AF16E20,0003,male,C57BL/6,1.1.1,FR1_Approach,0,PelletTaken,105,181,77,69,0,0,7.431,12.000,0,3,,,,,,,,,,,,,,,,
2026-07-20 23:53:19,26702.787109,B8DB8AF16E20,0003,male,C57BL/6,1.1.1,FR1_Approach,0,Left,105,182,77,69,0,0,,,,,,,,,,,,,,,,,,,,
2026-07-20 23:53:20,26703.994141,B8DB8AF16E20,0003,male,C57BL/6,1.1.1,FR1_Approach,0,Approach,105,182,77,69,0,0,,,,,,,,,,,,,,,,,,,,
2026-07-20 23:53:23,26706.841797,B8DB8AF16E20,0003,male,C57BL/6,1.1.1,FR1_Approach,0,PelletDrop,106,182,77,69,0,0,,,,,,,,,,,,,,,,,,,,
2026-07-20 23:53:24,26708.027344,B8DB8AF16E20,0003,male,C57BL/6,1.1.1,FR1_Approach,0,PelletNotDetected,106,182,77,69,0,0,,,,,,,,,,,,,,,,,,,,
2026-07-20 23:57:00,26924.371094,B8DB8AF16E20,0003,male,C57BL/6,1.1.1,FR1_Approach,0,Status,106,182,77,69,0,0,,,,,Disabled,25.2,43.5,1006.9,13.1,0.000,0.000,247732,339964,181332,5513,3.96,73.56
2026-07-20 23:58:54,27038.390625,B8DB8AF16E20,0003,male,C57BL/6,1.1.1,FR1_Approach,0,Left,106,183,77,69,0,0,,,,,,,,,,,,,,,,,,,,
2026-07-20 23:58:57,27041.167969,B8DB8AF16E20,0003,male,C57BL/6,1.1.1,FR1_Approach,0,No_approach,106,183,77,69,0,0,,,,,,,,,,,,,,,,,,,,
2026-07-20 23:59:43,27087.365234,B8DB8AF16E20,0003,male,C57BL/6,1.1.1,FR1_Approach,0,Left,106,184,77,69,0,0,,,,,,,,,,,,,,,,,,,,
2026-07-20 23:59:45,27089.062500,B8DB8AF16E20,0003,male,C57BL/6,1.1.1,FR1_Approach,0,Approach,106,184,77,69,0,0,,,,,,,,,,,,,,,,,,,,
2026-07-20 23:59:54,27098.269531,B8DB8AF16E20,0003,male,C57BL/6,1.1.1,FR1_Approach,0,PelletDrop,107,184,77,69,0,0,,,,,,,,,,,,,,,,,,,,
2026-07-21 00:00:02,27106.511719,B8DB8AF16E20,0003,male,C57BL/6,1.1.1,FR1_Approach,0,PelletTaken,107,184,77,69,0,0,7.650,40.000,0,4,,,,,,,,,,,,,,,,
2026-07-21 00:01:03,27166.654297,B8DB8AF16E20,0003,male,C57BL/6,1.1.1,FR1_Approach,0,Left,107,185,77,69,0,0,,,,,,,,,,,,,,,,,,,,
2026-07-21 00:01:05,27168.597656,B8DB8AF16E20,0003,male,C57BL/6,1.1.1,FR1_Approach,0,Approach,107,185,77,69,0,0,,,,,,,,,,,,,,,,,,,,
2026-07-21 00:01:08,27172.468750,B8DB8AF16E20,0003,male,C57BL/6,1.1.1,FR1_Approach,0,PelletDrop,108,185,77,69,0,0,,,,,,,,,,,,,,,,,,,,
2026-07-21 00:01:10,27173.654297,B8DB8AF16E20,0003,male,C57BL/6,1.1.1,FR1_Approach,0,PelletNotDetected,108,185,77,69,0,0,,,,,,,,,,,,,,,,,,,,
2026-07-21 00:01:30,27194.005859,B8DB8AF16E20,0003,male,C57BL/6,1.1.1,FR1_Approach,0,Left,108,186,77,69,0,0,,,,,,,,,,,,,,,,,,,,
2026-07-21 00:01:31,27195.218750,B8DB8AF16E20,0003,male,C57BL/6,1.1.1,FR1_Approach,0,Approach,108,186,77,69,0,0,,,,,,,,,,,,,,,,,,,,
2026-07-21 00:01:36,27200.332031,B8DB8AF16E20,0003,male,C57BL/6,1.1.1,FR1_Approach,0,PelletDrop,109,186,77,69,0,0,,,,,,,,,,,,,,,,,,,,
2026-07-21 00:01:46,27210.576172,B8DB8AF16E20,0003,male,C57BL/6,1.1.1,FR1_Approach,0,PelletTaken,109,186,77,69,0,0,9.653,21.000,0,3,,,,,,,,,,,,,,,,
2026-07-21 00:07:51,27576.044922,B8DB8AF16E20,0003,male,C57BL/6,1.1.1,FR1_Approach,0,Status,109,186,77,69,0,0,,,,,Disabled,25.2,43.3,1006.8,13.1,0.000,0.000,247732,339964,181332,5641,3.97,73.56
2026-07-21 00:08:25,27610.056641,B8DB8AF16E20,0003,male,C57BL/6,1.1.1,FR1_Approach,0,Left,109,187,77,69,0,0,,,,,,,,,,,,,,,,,,,,
2026-07-21 00:08:27,27611.253906,B8DB8AF16E20,0003,male,C57BL/6,1.1.1,FR1_Approach,0,Approach,109,187,77,69,0,0,,,,,,,,,,,,,,,,,,,,
2026-07-21 00:08:29,27614.101562,B8DB8AF16E20,0003,male,C57BL/6,1.1.1,FR1_Approach,0,PelletDrop,110,187,77,69,0,0,,,,,,,,,,,,,,,,,,,,
2026-07-21 00:08:50,27634.699219,B8DB8AF16E20,0003,male,C57BL/6,1.1.1,FR1_Approach,0,PelletTaken,110,187,77,69,0,0,TimedOut,88.000,0,1,,,,,,,,,,,,,,,,
2026-07-21 00:15:55,28060.371094,B8DB8AF16E20,0003,male,C57BL/6,1.1.1,FR1_Approach,0,Left,110,188,77,69,0,0,,,,,,,,,,,,,,,,,,,,
2026-07-21 00:15:56,28061.566406,B8DB8AF16E20,0003,male,C57BL/6,1.1.1,FR1_Approach,0,Approach,110,188,77,69,0,0,,,,,,,,,,,,,,,,,,,,
2026-07-21 00:15:59,28064.412109,B8DB8AF16E20,0003,male,C57BL/6,1.1.1,FR1_Approach,0,PelletDrop,111,188,77,69,0,0,,,,,,,,,,,,,,,,,,,,
2026-07-21 00:16:00,28065.365234,B8DB8AF16E20,0003,male,C57BL/6,1.1.1,FR1_Approach,0,PelletTaken,111,188,77,69,0,0,0.346,12.000,0,1,,,,,,,,,,,,,,,,
2026-07-21 00:16:31,28095.681641,B8DB8AF16E20,0003,male,C57BL/6,1.1.1,FR1_Approach,0,Center,111,188,77,70,0,0,,,,,,,,,,,,,,,,,,,,
2026-07-21 00:18:43,28228.585938,B8DB8AF16E20,0003,male,C57BL/6,1.1.1,FR1_Approach,0,Status,111,188,77,70,0,0,,,,,Disabled,25.2,43.2,1006.7,13.1,0.000,0.000,247732,339964,181332,5772,3.96,73.40
2026-07-21 00:19:11,28256.667969,B8DB8AF16E20,0003,male,C57BL/6,1.1.1,FR1_Approach,0,Right,111,188,78,70,0,0,,,,,,,,,,,,,,,,,,,,
2026-07-21 00:19:20,28264.855469,B8DB8AF16E20,0003,male,C57BL/6,1.1.1,FR1_Approach,0,Left,111,189,78,70,0,0,,,,,,,,,,,,,,,,,,,,
2026-07-21 00:19:22,28267.037109,B8DB8AF16E20,0003,male,C57BL/6,1.1.1,FR1_Approach,0,Approach,111,189,78,70,0,0,,,,,,,,,,,,,,,,,,,,
2026-07-21 00:19:25,28269.884766,B8DB8AF16E20,0003,male,C57BL/6,1.1.1,FR1_Approach,0,PelletDrop,112,189,78,70,0,0,,,,,,,,,,,,,,,,,,,,
2026-07-21 00:19:33,28278.558594,B8DB8AF16E20,0003,male,C57BL/6,1.1.1,FR1_Approach,0,PelletTaken,112,189,78,70,0,0,8.068,20.000,0,1,,,,,,,,,,,,,,,,
2026-07-21 00:28:27,28812.445312,B8DB8AF16E20,0003,male,C57BL/6,1.1.1,FR1_Approach,0,Left,112,190,78,70,0,0,,,,,,,,,,,,,,,,,,,,
2026-07-21 00:28:29,28814.861328,B8DB8AF16E20,0003,male,C57BL/6,1.1.1,FR1_Approach,0,Approach,112,190,78,70,0,0,,,,,,,,,,,,,,,,,,,,
2026-07-21 00:28:32,28817.722656,B8DB8AF16E20,0003,male,C57BL/6,1.1.1,FR1_Approach,0,PelletDrop,113,190,78,70,0,0,,,,,,,,,,,,,,,,,,,,
2026-07-21 00:28:37,28822.554688,B8DB8AF16E20,0003,male,C57BL/6,1.1.1,FR1_Approach,0,PelletTaken,113,190,78,70,0,0,4.240,21.000,0,1,,,,,,,,,,,,,,,,
2026-07-21 00:29:46,28892.136719,B8DB8AF16E20,0003,male,C57BL/6,1.1.1,FR1_Approach,0,Status,113,190,78,70,0,0,,,,,Disabled,25.2,43.1,1006.4,13.1,0.000,0.000,247732,339964,181332,5906,3.96,73.23
2026-07-21 00:35:37,29242.837891,B8DB8AF16E20,0003,male,C57BL/6,1.1.1,FR1_Approach,0,Left,113,191,78,70,0,0,,,,,,,,,,,,,,,,,,,,
2026-07-21 00:35:38,29244.058594,B8DB8AF16E20,0003,male,C57BL/6,1.1.1,FR1_Approach,0,Approach,113,191,78,70,0,0,,,,,,,,,,,,,,,,,,,,
2026-07-21 00:35:39,29245.761719,B8DB8AF16E20,0003,male,C57BL/6,1.1.1,FR1_Approach,0,PelletDrop,114,191,78,70,0,0,,,,,,,,,,,,,,,,,,,,
2026-07-21 00:35:44,29250.085938,B8DB8AF16E20,0003,male,C57BL/6,1.1.1,FR1_Approach,0,PelletTaken,114,191,78,70,0,0,3.733,172.000,0,0,,,,,,,,,,,,,,,,
2026-07-21 00:36:01,29266.937500,B8DB8AF16E20,0003,male,C57BL/6,1.1.1,FR1_Approach,0,Left,114,192,78,70,0,0,,,,,,,,,,,,,,,,,,,,
2026-07-21 00:36:02,29268.134766,B8DB8AF16E20,0003,male,C57BL/6,1.1.1,FR1_Approach,0,Approach,114,192,78,70,0,0,,,,,,,,,,,,,,,,,,,,
2026-07-21 00:36:05,29270.980469,B8DB8AF16E20,0003,male,C57BL/6,1.1.1,FR1_Approach,0,PelletDrop,115,192,78,70,0,0,,,,,,,,,,,,,,,,,,,,
2026-07-21 00:36:08,29274.613281,B8DB8AF16E20,0003,male,C57BL/6,1.1.1,FR1_Approach,0,PelletTaken,115,192,78,70,0,0,3.041,86.000,0,1,,,,,,,,,,,,,,,,
2026-07-21 00:37:45,29371.730469,B8DB8AF16E20,0003,male,C57BL/6,1.1.1,FR1_Approach,0,Left,115,193,78,70,0,0,,,,,,,,,,,,,,,,,,,,
2026-07-21 00:37:47,29372.929688,B8DB8AF16E20,0003,male,C57BL/6,1.1.1,FR1_Approach,0,Approach,115,193,78,70,0,0,,,,,,,,,,,,,,,,,,,,
2026-07-21 00:37:49,29375.775391,B8DB8AF16E20,0003,male,C57BL/6,1.1.1,FR1_Approach,0,PelletDrop,116,193,78,70,0,0,,,,,,,,,,,,,,,,,,,,
2026-07-21 00:37:53,29379.826172,B8DB8AF16E20,0003,male,C57BL/6,1.1.1,FR1_Approach,0,PelletTaken,116,193,78,70,0,0,3.460,40.000,0,1,,,,,,,,,,,,,,,,
2026-07-21 00:40:43,29548.804688,B8DB8AF16E20,0003,male,C57BL/6,1.1.1,FR1_Approach,0,Center,116,193,78,71,0,0,,,,,,,,,,,,,,,,,,,,
2026-07-21 00:40:45,29551.535156,B8DB8AF16E20,0003,male,C57BL/6,1.1.1,FR1_Approach,0,Left,116,194,78,71,0,0,,,,,,,,,,,,,,,,,,,,
2026-07-21 00:40:47,29553.218750,B8DB8AF16E20,0003,male,C57BL/6,1.1.1,FR1_Approach,0,Approach,116,194,78,71,0,0,,,,,,,,,,,,,,,,,,,,
2026-07-21 00:40:50,29556.064453,B8DB8AF16E20,0003,male,C57BL/6,1.1.1,FR1_Approach,0,PelletDrop,117,194,78,71,0,0,,,,,,,,,,,,,,,,,,,,
2026-07-21 00:40:54,29560.494141,B8DB8AF16E20,0003,male,C57BL/6,1.1.1,FR1_Approach,0,PelletTaken,117,194,78,71,0,0,3.822,58.000,0,1,,,,,,,,,,,,,,,,
2026-07-21 00:41:02,29568.226562,B8DB8AF16E20,0003,male,C57BL/6,1.1.1,FR1_Approach,0,Status,117,194,78,71,0,0,,,,,Disabled,25.3,42.6,1006.3,13.0,0.000,0.000,247732,339964,181332,6039,3.96,73.07
2026-07-21 00:48:43,30029.373047,B8DB8AF16E20,0003,male,C57BL/6,1.1.1,FR1_Approach,0,Left,117,195,78,71,0,0,,,,,,,,,,,,,,,,,,,,
2026-07-21 00:48:44,30030.826172,B8DB8AF16E20,0003,male,C57BL/6,1.1.1,FR1_Approach,0,Approach,117,195,78,71,0,0,,,,,,,,,,,,,,,,,,,,
2026-07-21 00:48:47,30033.671875,B8DB8AF16E20,0003,male,C57BL/6,1.1.1,FR1_Approach,0,PelletDrop,118,195,78,71,0,0,,,,,,,,,,,,,,,,,,,,
2026-07-21 00:48:52,30038.591797,B8DB8AF16E20,0003,male,C57BL/6,1.1.1,FR1_Approach,0,PelletTaken,118,195,78,71,0,0,4.328,21.000,0,1,,,,,,,,,,,,,,,,
2026-07-21 00:49:49,30095.189453,B8DB8AF16E20,0003,male,C57BL/6,1.1.1,FR1_Approach,0,Left,118,196,78,71,0,0,,,,,,,,,,,,,,,,,,,,
2026-07-21 00:49:50,30096.402344,B8DB8AF16E20,0003,male,C57BL/6,1.1.1,FR1_Approach,0,Approach,118,196,78,71,0,0,,,,,,,,,,,,,,,,,,,,
2026-07-21 00:49:53,30099.248047,B8DB8AF16E20,0003,male,C57BL/6,1.1.1,FR1_Approach,0,PelletDrop,119,196,78,71,0,0,,,,,,,,,,,,,,,,,,,,
2026-07-21 00:49:58,30104.255859,B8DB8AF16E20,0003,male,C57BL/6,1.1.1,FR1_Approach,0,PelletTaken,119,196,78,71,0,0,4.415,11.000,0,1,,,,,,,,,,,,,,,,
2026-07-21 00:51:48,30215.257812,B8DB8AF16E20,0003,male,C57BL/6,1.1.1,FR1_Approach,0,Status,119,196,78,71,0,0,,,,,Disabled,25.4,42.7,1006.2,13.0,0.000,0.000,247732,339964,181332,6169,3.96,73.07
2026-07-21 00:53:53,30340.345703,B8DB8AF16E20,0003,male,C57BL/6,1.1.1,FR1_Approach,0,Left,119,197,78,71,0,0,,,,,,,,,,,,,,,,,,,,
2026-07-21 00:53:54,30341.537109,B8DB8AF16E20,0003,male,C57BL/6,1.1.1,FR1_Approach,0,Approach,119,197,78,71,0,0,,,,,,,,,,,,,,,,,,,,
2026-07-21 00:53:57,30344.384766,B8DB8AF16E20,0003,male,C57BL/6,1.1.1,FR1_Approach,0,PelletDrop,120,197,78,71,0,0,,,,,,,,,,,,,,,,,,,,
2026-07-21 00:54:07,30354.808594,B8DB8AF16E20,0003,male,C57BL/6,1.1.1,FR1_Approach,0,PelletTaken,120,197,78,71,0,0,9.817,20.000,0,1,,,,,,,,,,,,,,,,
2026-07-21 00:55:06,30413.582031,B8DB8AF16E20,0003,male,C57BL/6,1.1.1,FR1_Approach,0,Center,120,197,78,72,0,0,,,,,,,,,,,,,,,,,,,,
2026-07-21 01:02:44,30871.902344,B8DB8AF16E20,0003,male,C57BL/6,1.1.1,FR1_Approach,0,Status,120,197,78,72,0,0,,,,,Disabled,25.3,43.0,1006.1,13.0,0.000,0.000,247732,339964,181332,6304,3.96,72.91
2026-07-21 01:13:32,31520.496094,B8DB8AF16E20,0003,male,C57BL/6,1.1.1,FR1_Approach,0,Status,120,197,78,72,0,0,,,,,Disabled,25.3,43.2,1006.0,13.0,0.000,0.000,247732,339964,181332,6441,3.96,72.91
2026-07-21 01:15:44,31653.371094,B8DB8AF16E20,0003,male,C57BL/6,1.1.1,FR1_Approach,0,Center,120,197,78,73,0,0,,,,,,,,,,,,,,,,,,,,
2026-07-21 01:16:24,31692.486328,B8DB8AF16E20,0003,male,C57BL/6,1.1.1,FR1_Approach,0,Left,120,198,78,73,0,0,,,,,,,,,,,,,,,,,,,,
2026-07-21 01:16:25,31693.683594,B8DB8AF16E20,0003,male,C57BL/6,1.1.1,FR1_Approach,0,Approach,120,198,78,73,0,0,,,,,,,,,,,,,,,,,,,,
2026-07-21 01:16:28,31696.498047,B8DB8AF16E20,0003,male,C57BL/6,1.1.1,FR1_Approach,0,PelletDrop,121,198,78,73,0,0,,,,,,,,,,,,,,,,,,,,
2026-07-21 01:16:29,31697.683594,B8DB8AF16E20,0003,male,C57BL/6,1.1.1,FR1_Approach,0,PelletNotDetected,121,198,78,73,0,0,,,,,,,,,,,,,,,,,,,,
2026-07-21 01:17:07,31735.820312,B8DB8AF16E20,0003,male,C57BL/6,1.1.1,FR1_Approach,0,Right,121,198,79,73,0,0,,,,,,,,,,,,,,,,,,,,
2026-07-21 01:17:11,31739.591797,B8DB8AF16E20,0003,male,C57BL/6,1.1.1,FR1_Approach,0,Right,121,198,80,73,0,0,,,,,,,,,,,,,,,,,,,,
2026-07-21 01:17:17,31745.699219,B8DB8AF16E20,0003,male,C57BL/6,1.1.1,FR1_Approach,0,Right,121,198,81,73,0,0,,,,,,,,,,,,,,,,,,,,
2026-07-21 01:17:20,31748.613281,B8DB8AF16E20,0003,male,C57BL/6,1.1.1,FR1_Approach,0,Left,121,199,81,73,0,0,,,,,,,,,,,,,,,,,,,,
2026-07-21 01:17:22,31751.041016,B8DB8AF16E20,0003,male,C57BL/6,1.1.1,FR1_Approach,0,Approach,121,199,81,73,0,0,,,,,,,,,,,,,,,,,,,,
2026-07-21 01:17:24,31752.806641,B8DB8AF16E20,0003,male,C57BL/6,1.1.1,FR1_Approach,0,PelletDrop,122,199,81,73,0,0,,,,,,,,,,,,,,,,,,,,
2026-07-21 01:17:44,31773.390625,B8DB8AF16E20,0003,male,C57BL/6,1.1.1,FR1_Approach,0,PelletTaken,122,199,81,73,0,0,TimedOut,31.000,0,1,,,,,,,,,,,,,,,,
2026-07-21 01:24:22,32171.103516,B8DB8AF16E20,0003,male,C57BL/6,1.1.1,FR1_Approach,0,Status,122,199,81,73,0,0,,,,,Disabled,25.2,43.1,1005.8,13.1,0.000,0.000,247732,339964,181332,6575,3.96,72.74
2026-07-21 01:35:15,32824.765625,B8DB8AF16E20,0003,male,C57BL/6,1.1.1,FR1_Approach,0,Status,122,199,81,73,0,0,,,,,Disabled,25.2,43.0,1005.7,13.1,0.000,0.000,247732,339964,181332,6712,3.96,72.74
2026-07-21 01:46:05,33475.390625,B8DB8AF16E20,0003,male,C57BL/6,1.1.1,FR1_Approach,0,Status,122,199,81,73,0,0,,,,,Disabled,25.2,42.9,1005.7,13.1,0.000,0.000,247732,339964,181332,6849,3.95,72.58
2026-07-21 01:57:01,34131.984375,B8DB8AF16E20,0003,male,C57BL/6,1.1.1,FR1_Approach,0,Status,122,199,81,73,0,0,,,,,Disabled,25.2,42.8,1005.8,13.1,0.000,0.000,247732,339964,181332,6986,3.96,72.41
2026-07-21 02:07:58,34789.558594,B8DB8AF16E20,0003,male,C57BL/6,1.1.1,FR1_Approach,0,Status,122,199,81,73,0,0,,,,,Disabled,25.2,42.7,1005.8,13.1,0.000,0.000,247732,339964,181332,7123,3.95,72.41
2026-07-21 02:18:56,35448.191406,B8DB8AF16E20,0003,male,C57BL/6,1.1.1,FR1_Approach,0,Status,122,199,81,73,0,0,,,,,Disabled,25.2,42.6,1005.8,13.1,0.000,0.000,247732,339964,181332,7260,3.95,72.25
2026-07-21 02:29:53,36105.820312,B8DB8AF16E20,0003,male,C57BL/6,1.1.1,FR1_Approach,0,Status,122,199,81,73,0,0,,,,,Disabled,25.1,42.6,1005.7,13.2,0.000,0.000,247732,339964,181332,7397,3.95,72.25
2026-07-21 02:40:39,36752.441406,B8DB8AF16E20,0003,male,C57BL/6,1.1.1,FR1_Approach,0,Status,122,199,81,73,0,0,,,,,Disabled,25.1,42.7,1005.7,13.1,0.000,0.000,247732,339964,181332,7534,3.95,72.09
2026-07-21 02:51:36,37409.968750,B8DB8AF16E20,0003,male,C57BL/6,1.1.1,FR1_Approach,0,Status,122,199,81,73,0,0,,,,,Disabled,25.1,42.5,1005.6,13.2,0.000,0.000,247732,339964,181332,7671,3.95,71.92
2026-07-21 03:02:34,38068.660156,B8DB8AF16E20,0003,male,C57BL/6,1.1.1,FR1_Approach,0,Status,122,199,81,73,0,0,,,,,Disabled,25.0,42.4,1005.5,13.2,0.000,0.000,247732,339964,181332,7808,3.95,71.76
2026-07-21 03:13:32,38727.195312,B8DB8AF16E20,0003,male,C57BL/6,1.1.1,FR1_Approach,0,Status,122,199,81,73,0,0,,,,,Disabled,25.0,42.3,1005.3,13.2,0.000,0.000,247732,339964,181332,7945,3.95,71.59
2026-07-21 03:24:28,39383.816406,B8DB8AF16E20,0003,male,C57BL/6,1.1.1,FR1_Approach,0,Status,122,199,81,73,0,0,,,,,Disabled,25.0,42.4,1005.2,13.2,0.000,0.000,247732,339964,181332,8082,3.95,71.59
2026-07-21 03:35:38,40054.484375,B8DB8AF16E20,0003,male,C57BL/6,1.1.1,FR1_Approach,0,Status,122,199,81,73,0,0,,,,,Disabled,25.0,42.0,1005.0,13.2,0.000,0.000,247732,339964,181332,8219,3.95,71.43
2026-07-21 03:46:36,40713.097656,B8DB8AF16E20,0003,male,C57BL/6,1.1.1,FR1_Approach,0,Status,122,199,81,73,0,0,,,,,Disabled,25.0,42.3,1004.8,13.2,0.000,0.000,247732,339964,181320,8356,3.95,71.43
2026-07-21 03:52:41,41078.628906,B8DB8AF16E20,0003,male,C57BL/6,1.1.1,FR1_Approach,0,Left,122,200,81,73,0,0,,,,,,,,,,,,,,,,,,,,
2026-07-21 03:52:44,41081.449219,B8DB8AF16E20,0003,male,C57BL/6,1.1.1,FR1_Approach,0,No_approach,122,200,81,73,0,0,,,,,,,,,,,,,,,,,,,,
2026-07-21 03:52:53,41090.617188,B8DB8AF16E20,0003,male,C57BL/6,1.1.1,FR1_Approach,0,Left,122,201,81,73,0,0,,,,,,,,,,,,,,,,,,,,
2026-07-21 03:52:56,41093.394531,B8DB8AF16E20,0003,male,C57BL/6,1.1.1,FR1_Approach,0,No_approach,122,201,81,73,0,0,,,,,,,,,,,,,,,,,,,,
2026-07-21 03:52:59,41096.597656,B8DB8AF16E20,0003,male,C57BL/6,1.1.1,FR1_Approach,0,Left,122,202,81,73,0,0,,,,,,,,,,,,,,,,,,,,
2026-07-21 03:53:01,41098.296875,B8DB8AF16E20,0003,male,C57BL/6,1.1.1,FR1_Approach,0,Approach,122,202,81,73,0,0,,,,,,,,,,,,,,,,,,,,
2026-07-21 03:53:06,41103.316406,B8DB8AF16E20,0003,male,C57BL/6,1.1.1,FR1_Approach,0,PelletDrop,123,202,81,73,0,0,,,,,,,,,,,,,,,,,,,,
2026-07-21 03:53:20,41118.027344,B8DB8AF16E20,0003,male,C57BL/6,1.1.1,FR1_Approach,0,PelletTaken,123,202,81,73,0,0,14.119,31.000,0,2,,,,,,,,,,,,,,,,
2026-07-21 03:57:35,41372.703125,B8DB8AF16E20,0003,male,C57BL/6,1.1.1,FR1_Approach,0,Status,123,202,81,73,0,0,,,,,Disabled,25.0,42.1,1004.6,13.2,0.000,0.000,247732,339964,181320,8488,3.94,71.27
2026-07-21 04:05:21,41839.300781,B8DB8AF16E20,0003,male,C57BL/6,1.1.1,FR1_Approach,0,Right,123,202,82,73,0,0,,,,,,,,,,,,,,,,,,,,
2026-07-21 04:05:47,41865.027344,B8DB8AF16E20,0003,male,C57BL/6,1.1.1,FR1_Approach,0,Left,123,203,82,73,0,0,,,,,,,,,,,,,,,,,,,,
2026-07-21 04:05:48,41866.468750,B8DB8AF16E20,0003,male,C57BL/6,1.1.1,FR1_Approach,0,Approach,123,203,82,73,0,0,,,,,,,,,,,,,,,,,,,,
2026-07-21 04:05:53,41871.546875,B8DB8AF16E20,0003,male,C57BL/6,1.1.1,FR1_Approach,0,PelletDrop,124,203,82,73,0,0,,,,,,,,,,,,,,,,,,,,
2026-07-21 04:06:07,41885.816406,B8DB8AF16E20,0003,male,C57BL/6,1.1.1,FR1_Approach,0,PelletTaken,124,203,82,73,0,0,13.678,68.000,0,2,,,,,,,,,,,,,,,,
2026-07-21 04:08:36,42034.277344,B8DB8AF16E20,0003,male,C57BL/6,1.1.1,FR1_Approach,0,Status,124,203,82,73,0,0,,,,,Disabled,25.1,42.0,1004.4,13.1,0.000,0.000,247732,339964,181320,8622,3.95,71.10
2026-07-21 04:09:55,42112.566406,B8DB8AF16E20,0003,male,C57BL/6,1.1.1,FR1_Approach,0,Left,124,204,82,73,0,0,,,,,,,,,,,,,,,,,,,,
2026-07-21 04:09:56,42113.761719,B8DB8AF16E20,0003,male,C57BL/6,1.1.1,FR1_Approach,0,Approach,124,204,82,73,0,0,,,,,,,,,,,,,,,,,,,,
2026-07-21 04:09:59,42116.609375,B8DB8AF16E20,0003,male,C57BL/6,1.1.1,FR1_Approach,0,PelletDrop,125,204,82,73,0,0,,,,,,,,,,,,,,,,,,,,
2026-07-21 04:09:59,42117.492188,B8DB8AF16E20,0003,male,C57BL/6,1.1.1,FR1_Approach,0,PelletTaken,125,204,82,73,0,0,0.291,96.000,0,1,,,,,,,,,,,,,,,,
2026-07-21 04:10:28,42145.671875,B8DB8AF16E20,0003,male,C57BL/6,1.1.1,FR1_Approach,0,Left,125,205,82,73,0,0,,,,,,,,,,,,,,,,,,,,
2026-07-21 04:10:29,42146.867188,B8DB8AF16E20,0003,male,C57BL/6,1.1.1,FR1_Approach,0,Approach,125,205,82,73,0,0,,,,,,,,,,,,,,,,,,,,
2026-07-21 04:10:32,42149.714844,B8DB8AF16E20,0003,male,C57BL/6,1.1.1,FR1_Approach,0,PelletDrop,126,205,82,73,0,0,,,,,,,,,,,,,,,,,,,,
2026-07-21 04:10:34,42151.960938,B8DB8AF16E20,0003,male,C57BL/6,1.1.1,FR1_Approach,0,PelletTaken,126,205,82,73,0,0,1.655,20.000,0,1,,,,,,,,,,,,,,,,
2026-07-21 04:13:48,42346.355469,B8DB8AF16E20,0003,male,C57BL/6,1.1.1,FR1_Approach,0,Left,126,206,82,73,0,0,,,,,,,,,,,,,,,,,,,,
2026-07-21 04:13:49,42347.558594,B8DB8AF16E20,0003,male,C57BL/6,1.1.1,FR1_Approach,0,Approach,126,206,82,73,0,0,,,,,,,,,,,,,,,,,,,,
2026-07-21 04:13:52,42350.406250,B8DB8AF16E20,0003,male,C57BL/6,1.1.1,FR1_Approach,0,PelletDrop,127,206,82,73,0,0,,,,,,,,,,,,,,,,,,,,
2026-07-21 04:14:01,42359.539062,B8DB8AF16E20,0003,male,C57BL/6,1.1.1,FR1_Approach,0,PelletTaken,127,206,82,73,0,0,8.541,39.000,0,1,,,,,,,,,,,,,,,,
2026-07-21 04:19:39,42697.976562,B8DB8AF16E20,0003,male,C57BL/6,1.1.1,FR1_Approach,0,Status,127,206,82,73,0,0,,,,,Disabled,25.1,42.1,1004.2,13.0,0.000,0.000,247732,339964,181320,8755,3.95,71.10
2026-07-21 04:30:35,43354.078125,B8DB8AF16E20,0003,male,C57BL/6,1.1.1,FR1_Approach,0,Left,127,207,82,73,0,0,,,,,,,,,,,,,,,,,,,,
2026-07-21 04:30:36,43355.273438,B8DB8AF16E20,0003,male,C57BL/6,1.1.1,FR1_Approach,0,Approach,127,207,82,73,0,0,,,,,,,,,,,,,,,,,,,,
2026-07-21 04:30:43,43362.585938,B8DB8AF16E20,0003,male,C57BL/6,1.1.1,FR1_Approach,0,PelletDrop,128,207,82,73,0,0,,,,,,,,,,,,,,,,,,,,
2026-07-21 04:30:55,43374.613281,B8DB8AF16E20,0003,male,C57BL/6,1.1.1,FR1_Approach,0,PelletTaken,128,207,82,73,0,0,11.434,21.000,0,3,,,,,,,,,,,,,,,,
2026-07-21 04:31:03,43382.343750,B8DB8AF16E20,0003,male,C57BL/6,1.1.1,FR1_Approach,0,Status,128,207,82,73,0,0,,,,,Disabled,25.2,41.9,1003.9,12.9,0.000,0.000,247732,339964,181320,8893,3.94,70.94
2026-07-21 04:33:43,43542.527344,B8DB8AF16E20,0003,male,C57BL/6,1.1.1,FR1_Approach,0,Left,128,208,82,73,0,0,,,,,,,,,,,,,,,,,,,,
2026-07-21 04:33:44,43543.968750,B8DB8AF16E20,0003,male,C57BL/6,1.1.1,FR1_Approach,0,Approach,128,208,82,73,0,0,,,,,,,,,,,,,,,,,,,,
2026-07-21 04:33:49,43549.031250,B8DB8AF16E20,0003,male,C57BL/6,1.1.1,FR1_Approach,0,PelletDrop,129,208,82,73,0,0,,,,,,,,,,,,,,,,,,,,
2026-07-21 04:33:59,43558.652344,B8DB8AF16E20,0003,male,C57BL/6,1.1.1,FR1_Approach,0,PelletTaken,129,208,82,73,0,0,9.014,31.000,0,2,,,,,,,,,,,,,,,,
2026-07-21 04:36:59,43738.777344,B8DB8AF16E20,0003,male,C57BL/6,1.1.1,FR1_Approach,0,Left,129,209,82,73,0,0,,,,,,,,,,,,,,,,,,,,
2026-07-21 04:37:00,43739.976562,B8DB8AF16E20,0003,male,C57BL/6,1.1.1,FR1_Approach,0,Approach,129,209,82,73,0,0,,,,,,,,,,,,,,,,,,,,
2026-07-21 04:37:03,43742.820312,B8DB8AF16E20,0003,male,C57BL/6,1.1.1,FR1_Approach,0,PelletDrop,130,209,82,73,0,0,,,,,,,,,,,,,,,,,,,,
2026-07-21 04:37:04,43743.609375,B8DB8AF16E20,0003,male,C57BL/6,1.1.1,FR1_Approach,0,PelletTaken,130,209,82,73,0,0,0.105,30.000,0,1,,,,,,,,,,,,,,,,
2026-07-21 04:40:08,43928.421875,B8DB8AF16E20,0003,male,C57BL/6,1.1.1,FR1_Approach,0,Left,130,210,82,73,0,0,,,,,,,,,,,,,,,,,,,,
2026-07-21 04:40:10,43929.617188,B8DB8AF16E20,0003,male,C57BL/6,1.1.1,FR1_Approach,0,Approach,130,210,82,73,0,0,,,,,,,,,,,,,,,,,,,,
2026-07-21 04:40:17,43936.902344,B8DB8AF16E20,0003,male,C57BL/6,1.1.1,FR1_Approach,0,PelletDrop,131,210,82,73,0,0,,,,,,,,,,,,,,,,,,,,
2026-07-21 04:40:30,43949.613281,B8DB8AF16E20,0003,male,C57BL/6,1.1.1,FR1_Approach,0,PelletTaken,131,210,82,73,0,0,12.105,39.000,0,3,,,,,,,,,,,,,,,,
2026-07-21 04:41:42,44022.097656,B8DB8AF16E20,0003,male,C57BL/6,1.1.1,FR1_Approach,0,Status,131,210,82,73,0,0,,,,,Disabled,25.2,41.9,1003.7,13.0,0.000,0.000,247732,339964,181320,9016,3.94,70.77
2026-07-21 04:43:43,44143.828125,B8DB8AF16E20,0003,male,C57BL/6,1.1.1,FR1_Approach,0,Right,131,210,83,73,0,0,,,,,,,,,,,,,,,,,,,,
2026-07-21 04:43:48,44148.171875,B8DB8AF16E20,0003,male,C57BL/6,1.1.1,FR1_Approach,0,Right,131,210,84,73,0,0,,,,,,,,,,,,,,,,,,,,
2026-07-21 04:43:55,44155.886719,B8DB8AF16E20,0003,male,C57BL/6,1.1.1,FR1_Approach,0,Right,131,210,85,73,0,0,,,,,,,,,,,,,,,,,,,,
2026-07-21 04:43:58,44159.011719,B8DB8AF16E20,0003,male,C57BL/6,1.1.1,FR1_Approach,0,Center,131,210,85,74,0,0,,,,,,,,,,,,,,,,,,,,
2026-07-21 04:44:21,44182.011719,B8DB8AF16E20,0003,male,C57BL/6,1.1.1,FR1_Approach,0,Center,131,210,85,75,0,0,,,,,,,,,,,,,,,,,,,,
2026-07-21 04:44:38,44198.386719,B8DB8AF16E20,0003,male,C57BL/6,1.1.1,FR1_Approach,0,Center,131,210,85,76,0,0,,,,,,,,,,,,,,,,,,,,
2026-07-21 04:45:05,44225.890625,B8DB8AF16E20,0003,male,C57BL/6,1.1.1,FR1_Approach,0,Right,131,210,86,76,0,0,,,,,,,,,,,,,,,,,,,,
2026-07-21 04:47:30,44371.105469,B8DB8AF16E20,0003,male,C57BL/6,1.1.1,FR1_Approach,0,Left,131,211,86,76,0,0,,,,,,,,,,,,,,,,,,,,
2026-07-21 04:47:31,44372.304688,B8DB8AF16E20,0003,male,C57BL/6,1.1.1,FR1_Approach,0,Approach,131,211,86,76,0,0,,,,,,,,,,,,,,,,,,,,
2026-07-21 04:47:34,44375.148438,B8DB8AF16E20,0003,male,C57BL/6,1.1.1,FR1_Approach,0,PelletDrop,132,211,86,76,0,0,,,,,,,,,,,,,,,,,,,,
2026-07-21 04:47:35,44376.351562,B8DB8AF16E20,0003,male,C57BL/6,1.1.1,FR1_Approach,0,PelletNotDetected,132,211,86,76,0,0,,,,,,,,,,,,,,,,,,,,
2026-07-21 04:49:03,44463.718750,B8DB8AF16E20,0003,male,C57BL/6,1.1.1,FR1_Approach,0,Left,132,212,86,76,0,0,,,,,,,,,,,,,,,,,,,,
2026-07-21 04:49:04,44464.917969,B8DB8AF16E20,0003,male,C57BL/6,1.1.1,FR1_Approach,0,Approach,132,212,86,76,0,0,,,,,,,,,,,,,,,,,,,,
2026-07-21 04:49:09,44469.949219,B8DB8AF16E20,0003,male,C57BL/6,1.1.1,FR1_Approach,0,PelletDrop,133,212,86,76,0,0,,,,,,,,,,,,,,,,,,,,
2026-07-21 04:49:21,44481.765625,B8DB8AF16E20,0003,male,C57BL/6,1.1.1,FR1_Approach,0,PelletTaken,133,212,86,76,0,0,11.224,11.000,0,3,,,,,,,,,,,,,,,,
2026-07-21 04:51:27,44608.515625,B8DB8AF16E20,0003,male,C57BL/6,1.1.1,FR1_Approach,0,Center,133,212,86,77,0,0,,,,,,,,,,,,,,,,,,,,
2026-07-21 04:51:36,44616.773438,B8DB8AF16E20,0003,male,C57BL/6,1.1.1,FR1_Approach,0,Left,133,213,86,77,0,0,,,,,,,,,,,,,,,,,,,,
2026-07-21 04:51:37,44617.984375,B8DB8AF16E20,0003,male,C57BL/6,1.1.1,FR1_Approach,0,Approach,133,213,86,77,0,0,,,,,,,,,,,,,,,,,,,,
2026-07-21 04:51:40,44620.828125,B8DB8AF16E20,0003,male,C57BL/6,1.1.1,FR1_Approach,0,PelletDrop,134,213,86,77,0,0,,,,,,,,,,,,,,,,,,,,
2026-07-21 04:51:41,44622.015625,B8DB8AF16E20,0003,male,C57BL/6,1.1.1,FR1_Approach,0,PelletNotDetected,134,213,86,77,0,0,,,,,,,,,,,,,,,,,,,,
2026-07-21 04:52:47,44687.644531,B8DB8AF16E20,0003,male,C57BL/6,1.1.1,FR1_Approach,0,Status,134,213,86,77,0,0,,,,,Disabled,25.3,42.0,1003.5,13.0,0.000,0.000,247732,339964,181320,9156,3.93,70.45
2026-07-21 04:56:38,44919.738281,B8DB8AF16E20,0003,male,C57BL/6,1.1.1,FR1_Approach,0,Center,134,213,86,78,0,0,,,,,,,,,,,,,,,,,,,,
2026-07-21 04:56:45,44926.585938,B8DB8AF16E20,0003,male,C57BL/6,1.1.1,FR1_Approach,0,Left,134,214,86,78,0,0,,,,,,,,,,,,,,,,,,,,
2026-07-21 04:56:48,44929.363281,B8DB8AF16E20,0003,male,C57BL/6,1.1.1,FR1_Approach,0,No_approach,134,214,86,78,0,0,,,,,,,,,,,,,,,,,,,,
2026-07-21 04:56:52,44932.933594,B8DB8AF16E20,0003,male,C57BL/6,1.1.1,FR1_Approach,0,Center,134,214,86,79,0,0,,,,,,,,,,,,,,,,,,,,
2026-07-21 04:58:26,45027.929688,B8DB8AF16E20,0003,male,C57BL/6,1.1.1,FR1_Approach,0,Left,134,215,86,79,0,0,,,,,,,,,,,,,,,,,,,,
2026-07-21 04:58:29,45030.343750,B8DB8AF16E20,0003,male,C57BL/6,1.1.1,FR1_Approach,0,Approach,134,215,86,79,0,0,,,,,,,,,,,,,,,,,,,,
2026-07-21 04:58:32,45033.140625,B8DB8AF16E20,0003,male,C57BL/6,1.1.1,FR1_Approach,0,PelletDrop,135,215,86,79,0,0,,,,,,,,,,,,,,,,,,,,
2026-07-21 04:58:33,45034.343750,B8DB8AF16E20,0003,male,C57BL/6,1.1.1,FR1_Approach,0,PelletNotDetected,135,215,86,79,0,0,,,,,,,,,,,,,,,,,,,,
2026-07-21 05:03:52,45353.269531,B8DB8AF16E20,0003,male,C57BL/6,1.1.1,FR1_Approach,0,Status,135,215,86,79,0,0,,,,,Disabled,25.3,42.0,1003.3,12.9,0.000,0.000,247732,339964,181320,9295,3.94,70.45
2026-07-21 05:04:11,45372.609375,B8DB8AF16E20,0003,male,C57BL/6,1.1.1,FR1_Approach,0,Left,135,216,86,79,0,0,,,,,,,,,,,,,,,,,,,,
2026-07-21 05:04:13,45374.050781,B8DB8AF16E20,0003,male,C57BL/6,1.1.1,FR1_Approach,0,Approach,135,216,86,79,0,0,,,,,,,,,,,,,,,,,,,,
2026-07-21 05:04:20,45381.054688,B8DB8AF16E20,0003,male,C57BL/6,1.1.1,FR1_Approach,0,PelletDrop,136,216,86,79,0,0,,,,,,,,,,,,,,,,,,,,
2026-07-21 05:04:28,45389.890625,B8DB8AF16E20,0003,male,C57BL/6,1.1.1,FR1_Approach,0,PelletTaken,136,216,86,79,0,0,8.244,30.000,0,4,,,,,,,,,,,,,,,,
2026-07-21 05:11:50,45831.511719,B8DB8AF16E20,0003,male,C57BL/6,1.1.1,FR1_Approach,0,Left,136,217,86,79,0,0,,,,,,,,,,,,,,,,,,,,
2026-07-21 05:11:52,45834.304688,B8DB8AF16E20,0003,male,C57BL/6,1.1.1,FR1_Approach,0,No_approach,136,217,86,79,0,0,,,,,,,,,,,,,,,,,,,,
2026-07-21 05:11:58,45839.500000,B8DB8AF16E20,0003,male,C57BL/6,1.1.1,FR1_Approach,0,Left,136,218,86,79,0,0,,,,,,,,,,,,,,,,,,,,
2026-07-21 05:12:01,45842.644531,B8DB8AF16E20,0003,male,C57BL/6,1.1.1,FR1_Approach,0,Approach,136,218,86,79,0,0,,,,,,,,,,,,,,,,,,,,
2026-07-21 05:12:08,45849.929688,B8DB8AF16E20,0003,male,C57BL/6,1.1.1,FR1_Approach,0,PelletDrop,137,218,86,79,0,0,,,,,,,,,,,,,,,,,,,,
2026-07-21 05:12:18,45859.890625,B8DB8AF16E20,0003,male,C57BL/6,1.1.1,FR1_Approach,0,PelletTaken,137,218,86,79,0,0,9.355,49.000,0,3,,,,,,,,,,,,,,,,
2026-07-21 05:15:00,46021.917969,B8DB8AF16E20,0003,male,C57BL/6,1.1.1,FR1_Approach,0,Status,137,218,86,79,0,0,,,,,Disabled,25.3,41.7,1003.2,13.0,0.000,0.000,247732,339964,181320,9425,3.94,70.28
2026-07-21 05:21:59,46441.601562,B8DB8AF16E20,0003,male,C57BL/6,1.1.1,FR1_Approach,0,Left,137,219,86,79,0,0,,,,,,,,,,,,,,,,,,,,
2026-07-21 05:22:02,46444.394531,B8DB8AF16E20,0003,male,C57BL/6,1.1.1,FR1_Approach,0,No_approach,137,219,86,79,0,0,,,,,,,,,,,,,,,,,,,,
2026-07-21 05:22:10,46452.929688,B8DB8AF16E20,0003,male,C57BL/6,1.1.1,FR1_Approach,0,Left,137,220,86,79,0,0,,,,,,,,,,,,,,,,,,,,
2026-07-21 05:22:12,46454.855469,B8DB8AF16E20,0003,male,C57BL/6,1.1.1,FR1_Approach,0,Approach,137,220,86,79,0,0,,,,,,,,,,,,,,,,,,,,
2026-07-21 05:22:15,46457.703125,B8DB8AF16E20,0003,male,C57BL/6,1.1.1,FR1_Approach,0,PelletDrop,138,220,86,79,0,0,,,,,,,,,,,,,,,,,,,,
2026-07-21 05:22:17,46459.359375,B8DB8AF16E20,0003,male,C57BL/6,1.1.1,FR1_Approach,0,PelletTaken,138,220,86,79,0,0,1.050,22.000,0,1,,,,,,,,,,,,,,,,
2026-07-21 05:22:42,46484.964844,B8DB8AF16E20,0003,male,C57BL/6,1.1.1,FR1_Approach,0,Center,138,220,86,80,0,0,,,,,,,,,,,,,,,,,,,,
2026-07-21 05:26:02,46684.523438,B8DB8AF16E20,0003,male,C57BL/6,1.1.1,FR1_Approach,0,Status,138,220,86,80,0,0,,,,,Disabled,25.3,42.1,1003.3,12.9,0.000,0.000,247732,339964,181320,9562,3.94,70.28
2026-07-21 05:27:02,46743.921875,B8DB8AF16E20,0003,male,C57BL/6,1.1.1,FR1_Approach,0,Left,138,221,86,80,0,0,,,,,,,,,,,,,,,,,,,,
2026-07-21 05:27:04,46746.714844,B8DB8AF16E20,0003,male,C57BL/6,1.1.1,FR1_Approach,0,No_approach,138,221,86,80,0,0,,,,,,,,,,,,,,,,,,,,
2026-07-21 05:32:36,47078.406250,B8DB8AF16E20,0003,male,C57BL/6,1.1.1,FR1_Approach,0,Left,138,222,86,80,0,0,,,,,,,,,,,,,,,,,,,,
2026-07-21 05:32:38,47081.062500,B8DB8AF16E20,0003,male,C57BL/6,1.1.1,FR1_Approach,0,Approach,138,222,86,80,0,0,,,,,,,,,,,,,,,,,,,,
2026-07-21 05:32:41,47083.925781,B8DB8AF16E20,0003,male,C57BL/6,1.1.1,FR1_Approach,0,PelletDrop,139,222,86,80,0,0,,,,,,,,,,,,,,,,,,,,
2026-07-21 05:32:42,47084.621094,B8DB8AF16E20,0003,male,C57BL/6,1.1.1,FR1_Approach,0,PelletTaken,139,222,86,80,0,0,0.104,39.000,0,1,,,,,,,,,,,,,,,,
2026-07-21 05:34:49,47211.433594,B8DB8AF16E20,0003,male,C57BL/6,1.1.1,FR1_Approach,0,Left,139,223,86,80,0,0,,,,,,,,,,,,,,,,,,,,
2026-07-21 05:34:50,47213.117188,B8DB8AF16E20,0003,male,C57BL/6,1.1.1,FR1_Approach,0,Approach,139,223,86,80,0,0,,,,,,,,,,,,,,,,,,,,
2026-07-21 05:34:53,47215.929688,B8DB8AF16E20,0003,male,C57BL/6,1.1.1,FR1_Approach,0,PelletDrop,140,223,86,80,0,0,,,,,,,,,,,,,,,,,,,,
2026-07-21 05:34:54,47217.117188,B8DB8AF16E20,0003,male,C57BL/6,1.1.1,FR1_Approach,0,PelletNotDetected,140,223,86,80,0,0,,,,,,,,,,,,,,,,,,,,
2026-07-21 05:37:03,47346.210938,B8DB8AF16E20,0003,male,C57BL/6,1.1.1,FR1_Approach,0,Status,140,223,86,80,0,0,,,,,Disabled,25.3,42.1,1003.5,12.9,0.000,0.000,247732,339964,181320,9696,3.95,70.12
2026-07-21 05:47:56,47999.765625,B8DB8AF16E20,0003,male,C57BL/6,1.1.1,FR1_Approach,0,Status,140,223,86,80,0,0,,,,,Disabled,25.3,42.4,1003.7,13.0,0.000,0.000,247732,339964,181320,9833,3.94,70.12
2026-07-21 05:58:51,48655.347656,B8DB8AF16E20,0003,male,C57BL/6,1.1.1,FR1_Approach,0,Status,140,223,86,80,0,0,,,,,Disabled,25.2,42.4,1003.9,13.0,0.000,0.000,247732,339964,181320,9970,3.94,69.95
2026-07-21 06:09:46,49311.000000,B8DB8AF16E20,0003,male,C57BL/6,1.1.1,FR1_Approach,0,Status,140,223,86,80,0,0,,,,,Disabled,25.2,42.3,1004.0,13.0,0.018,23.000,247732,339964,181320,10107,3.93,69.95
2026-07-21 06:20:40,49965.566406,B8DB8AF16E20,0003,male,C57BL/6,1.1.1,FR1_Approach,0,Status,140,223,86,80,0,0,,,,,Disabled,25.2,42.3,1004.1,13.1,0.022,22.000,247732,339964,181320,10244,3.94,69.79
2026-07-21 06:31:35,50621.203125,B8DB8AF16E20,0003,male,C57BL/6,1.1.1,FR1_Approach,0,Status,140,223,86,80,0,0,,,,,Disabled,25.1,42.2,1004.2,13.1,0.014,20.000,247732,339964,181320,10381,3.95,69.62
2026-07-21 06:42:30,51276.789062,B8DB8AF16E20,0003,male,C57BL/6,1.1.1,FR1_Approach,0,Status,140,223,86,80,0,0,,,,,Disabled,25.1,42.2,1004.3,13.1,0.014,20.000,247732,339964,181320,10518,3.94,69.62
2026-07-21 06:53:23,51930.410156,B8DB8AF16E20,0003,male,C57BL/6,1.1.1,FR1_Approach,0,Status,140,223,86,80,0,0,,,,,Disabled,25.0,42.2,1004.3,13.1,0.014,20.000,247732,339964,181320,10655,3.94,69.46
2026-07-21 07:04:15,52583.019531,B8DB8AF16E20,0003,male,C57BL/6,1.1.1,FR1_Approach,0,Status,140,223,86,80,0,0,,,,,Disabled,25.0,42.2,1004.3,13.1,0.014,22.000,247732,339964,181320,10792,3.94,69.46
2026-07-21 07:15:17,53245.675781,B8DB8AF16E20,0003,male,C57BL/6,1.1.1,FR1_Approach,0,Status,140,223,86,80,0,0,,,,,Disabled,25.0,41.9,1004.4,13.2,0.014,20.000,247732,339964,181320,10929,3.94,69.30
2026-07-21 07:26:15,53904.253906,B8DB8AF16E20,0003,male,C57BL/6,1.1.1,FR1_Approach,0,Status,140,223,86,80,0,0,,,,,Disabled,25.0,42.0,1004.6,13.2,0.014,22.000,247732,339964,181320,11066,3.93,69.30
2026-07-21 07:37:08,54557.859375,B8DB8AF16E20,0003,male,C57BL/6,1.1.1,FR1_Approach,0,Status,140,223,86,80,0,0,,,,,Disabled,25.0,42.1,1004.8,13.2,0.014,22.000,247732,339964,181320,11203,3.93,69.13
2026-07-21 07:48:09,55219.484375,B8DB8AF16E20,0003,male,C57BL/6,1.1.1,FR1_Approach,0,Status,140,223,86,80,0,0,,,,,Disabled,25.0,42.0,1005.0,13.2,0.011,20.000,247732,339964,181320,11340,3.93,69.13
2026-07-21 07:55:55,55686.246094,B8DB8AF16E20,0003,male,C57BL/6,1.1.1,FR1_Approach,0,Left,140,224,86,80,0,0,,,,,,,,,,,,,,,,,,,,
2026-07-21 07:55:57,55688.421875,B8DB8AF16E20,0003,male,C57BL/6,1.1.1,FR1_Approach,0,Approach,140,224,86,80,0,0,,,,,,,,,,,,,,,,,,,,
2026-07-21 07:56:02,55693.500000,B8DB8AF16E20,0003,male,C57BL/6,1.1.1,FR1_Approach,0,PelletDrop,141,224,86,80,0,0,,,,,,,,,,,,,,,,,,,,
2026-07-21 07:56:16,55706.910156,B8DB8AF16E20,0003,male,C57BL/6,1.1.1,FR1_Approach,0,PelletTaken,141,224,86,80,0,0,12.820,20.000,0,3,,,,,,,,,,,,,,,,
2026-07-21 07:59:02,55873.109375,B8DB8AF16E20,0003,male,C57BL/6,1.1.1,FR1_Approach,0,Status,141,224,86,80,0,0,,,,,Disabled,25.0,42.0,1005.2,13.2,0.000,3.000,247732,339964,181320,11472,3.93,68.97
2026-07-21 08:01:51,56042.503906,B8DB8AF16E20,0003,male,C57BL/6,1.1.1,FR1_Approach,0,Center,141,224,86,81,0,0,,,,,,,,,,,,,,,,,,,,
2026-07-21 08:02:00,56051.609375,B8DB8AF16E20,0003,male,C57BL/6,1.1.1,FR1_Approach,0,Center,141,224,86,82,0,0,,,,,,,,,,,,,,,,,,,,
2026-07-21 08:03:00,56111.621094,B8DB8AF16E20,0003,male,C57BL/6,1.1.1,FR1_Approach,0,Right,141,224,87,82,0,0,,,,,,,,,,,,,,,,,,,,
2026-07-21 08:03:06,56117.621094,B8DB8AF16E20,0003,male,C57BL/6,1.1.1,FR1_Approach,0,Center,141,224,87,83,0,0,,,,,,,,,,,,,,,,,,,,
2026-07-21 08:03:12,56123.359375,B8DB8AF16E20,0003,male,C57BL/6,1.1.1,FR1_Approach,0,Left,141,225,87,83,0,0,,,,,,,,,,,,,,,,,,,,
2026-07-21 08:03:15,56126.136719,B8DB8AF16E20,0003,male,C57BL/6,1.1.1,FR1_Approach,0,No_approach,141,225,87,83,0,0,,,,,,,,,,,,,,,,,,,,
2026-07-21 08:03:21,56132.621094,B8DB8AF16E20,0003,male,C57BL/6,1.1.1,FR1_Approach,0,Left,141,226,87,83,0,0,,,,,,,,,,,,,,,,,,,,
2026-07-21 08:03:23,56135.039062,B8DB8AF16E20,0003,male,C57BL/6,1.1.1,FR1_Approach,0,Approach,141,226,87,83,0,0,,,,,,,,,,,,,,,,,,,,
2026-07-21 08:03:26,56137.902344,B8DB8AF16E20,0003,male,C57BL/6,1.1.1,FR1_Approach,0,PelletDrop,142,226,87,83,0,0,,,,,,,,,,,,,,,,,,,,
2026-07-21 08:03:28,56139.085938,B8DB8AF16E20,0003,male,C57BL/6,1.1.1,FR1_Approach,0,PelletNotDetected,142,226,87,83,0,0,,,,,,,,,,,,,,,,,,,,
2026-07-21 08:07:53,56404.371094,B8DB8AF16E20,0003,male,C57BL/6,1.1.1,FR1_Approach,0,Right,142,226,88,83,0,0,,,,,,,,,,,,,,,,,,,,
2026-07-21 08:08:02,56414.074219,B8DB8AF16E20,0003,male,C57BL/6,1.1.1,FR1_Approach,0,Left,142,227,88,83,0,0,,,,,,,,,,,,,,,,,,,,
2026-07-21 08:08:03,56415.289062,B8DB8AF16E20,0003,male,C57BL/6,1.1.1,FR1_Approach,0,Approach,142,227,88,83,0,0,,,,,,,,,,,,,,,,,,,,
2026-07-21 08:08:08,56420.304688,B8DB8AF16E20,0003,male,C57BL/6,1.1.1,FR1_Approach,0,PelletDrop,143,227,88,83,0,0,,,,,,,,,,,,,,,,,,,,
2026-07-21 08:08:20,56431.394531,B8DB8AF16E20,0003,male,C57BL/6,1.1.1,FR1_Approach,0,PelletTaken,143,227,88,83,0,0,10.499,12.000,0,3,,,,,,,,,,,,,,,,
2026-07-21 08:09:55,56525.769531,B8DB8AF16E20,0003,male,C57BL/6,1.1.1,FR1_Approach,0,Status,143,227,88,83,0,0,,,,,Disabled,25.0,42.2,1005.3,13.1,0.000,16.000,247732,339964,181320,11610,3.93,68.80
2026-07-21 08:10:57,56588.402344,B8DB8AF16E20,0003,male,C57BL/6,1.1.1,FR1_Approach,0,Center,143,227,88,84,0,0,,,,,,,,,,,,,,,,,,,,
2026-07-21 08:11:06,56597.027344,B8DB8AF16E20,0003,male,C57BL/6,1.1.1,FR1_Approach,0,Left,143,228,88,84,0,0,,,,,,,,,,,,,,,,,,,,
2026-07-21 08:11:07,56598.234375,B8DB8AF16E20,0003,male,C57BL/6,1.1.1,FR1_Approach,0,Approach,143,228,88,84,0,0,,,,,,,,,,,,,,,,,,,,
2026-07-21 08:11:12,56603.316406,B8DB8AF16E20,0003,male,C57BL/6,1.1.1,FR1_Approach,0,PelletDrop,144,228,88,84,0,0,,,,,,,,,,,,,,,,,,,,
2026-07-21 08:11:22,56613.667969,B8DB8AF16E20,0003,male,C57BL/6,1.1.1,FR1_Approach,0,PelletTaken,144,228,88,84,0,0,9.761,21.000,0,2,,,,,,,,,,,,,,,,
2026-07-21 08:12:34,56685.765625,B8DB8AF16E20,0003,male,C57BL/6,1.1.1,FR1_Approach,0,Left,144,229,88,84,0,0,,,,,,,,,,,,,,,,,,,,
2026-07-21 08:12:36,56687.210938,B8DB8AF16E20,0003,male,C57BL/6,1.1.1,FR1_Approach,0,Approach,144,229,88,84,0,0,,,,,,,,,,,,,,,,,,,,
2026-07-21 08:12:41,56692.289062,B8DB8AF16E20,0003,male,C57BL/6,1.1.1,FR1_Approach,0,PelletDrop,145,229,88,84,0,0,,,,,,,,,,,,,,,,,,,,
2026-07-21 08:12:53,56704.250000,B8DB8AF16E20,0003,male,C57BL/6,1.1.1,FR1_Approach,0,PelletTaken,145,229,88,84,0,0,11.368,11.000,0,2,,,,,,,,,,,,,,,,
2026-07-21 08:20:51,57182.335938,B8DB8AF16E20,0003,male,C57BL/6,1.1.1,FR1_Approach,0,Status,145,229,88,84,0,0,,,,,Disabled,25.0,42.2,1005.3,13.1,0.007,21.000,247732,339964,181320,11740,3.91,68.64
2026-07-21 08:21:40,57232.218750,B8DB8AF16E20,0003,male,C57BL/6,1.1.1,FR1_Approach,0,Center,145,229,88,85,0,0,,,,,,,,,,,,,,,,,,,,
2026-07-21 08:22:53,57305.085938,B8DB8AF16E20,0003,male,C57BL/6,1.1.1,FR1_Approach,0,Left,145,230,88,85,0,0,,,,,,,,,,,,,,,,,,,,
2026-07-21 08:22:56,57307.863281,B8DB8AF16E20,0003,male,C57BL/6,1.1.1,FR1_Approach,0,No_approach,145,230,88,85,0,0,,,,,,,,,,,,,,,,,,,,
2026-07-21 08:23:05,57316.929688,B8DB8AF16E20,0003,male,C57BL/6,1.1.1,FR1_Approach,0,Left,145,231,88,85,0,0,,,,,,,,,,,,,,,,,,,,
2026-07-21 08:23:06,57318.144531,B8DB8AF16E20,0003,male,C57BL/6,1.1.1,FR1_Approach,0,Approach,145,231,88,85,0,0,,,,,,,,,,,,,,,,,,,,
2026-07-21 08:23:11,57323.207031,B8DB8AF16E20,0003,male,C57BL/6,1.1.1,FR1_Approach,0,PelletDrop,146,231,88,85,0,0,,,,,,,,,,,,,,,,,,,,
2026-07-21 08:23:23,57334.992188,B8DB8AF16E20,0003,male,C57BL/6,1.1.1,FR1_Approach,0,PelletTaken,146,231,88,85,0,0,11.192,40.000,0,2,,,,,,,,,,,,,,,,
2026-07-21 08:28:37,57649.417969,B8DB8AF16E20,0003,male,C57BL/6,1.1.1,FR1_Approach,0,Left,146,232,88,85,0,0,,,,,,,,,,,,,,,,,,,,
2026-07-21 08:28:38,57650.628906,B8DB8AF16E20,0003,male,C57BL/6,1.1.1,FR1_Approach,0,Approach,146,232,88,85,0,0,,,,,,,,,,,,,,,,,,,,
2026-07-21 08:28:43,57655.695312,B8DB8AF16E20,0003,male,C57BL/6,1.1.1,FR1_Approach,0,PelletDrop,147,232,88,85,0,0,,,,,,,,,,,,,,,,,,,,
2026-07-21 08:28:56,57668.644531,B8DB8AF16E20,0003,male,C57BL/6,1.1.1,FR1_Approach,0,PelletTaken,147,232,88,85,0,0,12.358,59.000,0,2,,,,,,,,,,,,,,,,
2026-07-21 08:31:55,57847.859375,B8DB8AF16E20,0003,male,C57BL/6,1.1.1,FR1_Approach,0,Status,147,232,88,85,0,0,,,,,Disabled,25.1,42.0,1005.3,13.0,0.000,16.000,247732,339964,181320,11870,3.93,68.48
2026-07-21 08:32:01,57854.164062,B8DB8AF16E20,0003,male,C57BL/6,1.1.1,FR1_Approach,0,Left,147,233,88,85,0,0,,,,,,,,,,,,,,,,,,,,
2026-07-21 08:32:02,57855.363281,B8DB8AF16E20,0003,male,C57BL/6,1.1.1,FR1_Approach,0,Approach,147,233,88,85,0,0,,,,,,,,,,,,,,,,,,,,
2026-07-21 08:32:05,57858.210938,B8DB8AF16E20,0003,male,C57BL/6,1.1.1,FR1_Approach,0,PelletDrop,148,233,88,85,0,0,,,,,,,,,,,,,,,,,,,,
2026-07-21 08:32:07,57859.800781,B8DB8AF16E20,0003,male,C57BL/6,1.1.1,FR1_Approach,0,PelletTaken,148,233,88,85,0,0,0.984,88.000,0,1,,,,,,,,,,,,,,,,
2026-07-21 08:33:38,57951.398438,B8DB8AF16E20,0003,male,C57BL/6,1.1.1,FR1_Approach,0,Left,148,234,88,85,0,0,,,,,,,,,,,,,,,,,,,,
2026-07-21 08:33:39,57952.597656,B8DB8AF16E20,0003,male,C57BL/6,1.1.1,FR1_Approach,0,Approach,148,234,88,85,0,0,,,,,,,,,,,,,,,,,,,,
2026-07-21 08:33:42,57955.445312,B8DB8AF16E20,0003,male,C57BL/6,1.1.1,FR1_Approach,0,PelletDrop,149,234,88,85,0,0,,,,,,,,,,,,,,,,,,,,
2026-07-21 08:34:02,57975.546875,B8DB8AF16E20,0003,male,C57BL/6,1.1.1,FR1_Approach,0,PelletTaken,149,234,88,85,0,0,19.497,30.000,0,1,,,,,,,,,,,,,,,,
2026-07-21 08:43:11,58524.480469,B8DB8AF16E20,0003,male,C57BL/6,1.1.1,FR1_Approach,0,Status,149,234,88,85,0,0,,,,,Disabled,25.2,42.0,1005.3,13.0,0.007,21.000,247732,339964,181320,12001,3.93,68.31
2026-07-21 08:44:05,58578.296875,B8DB8AF16E20,0003,male,C57BL/6,1.1.1,FR1_Approach,0,Left,149,235,88,85,0,0,,,,,,,,,,,,,,,,,,,,
2026-07-21 08:44:07,58581.089844,B8DB8AF16E20,0003,male,C57BL/6,1.1.1,FR1_Approach,0,No_approach,149,235,88,85,0,0,,,,,,,,,,,,,,,,,,,,
2026-07-21 08:44:12,58585.593750,B8DB8AF16E20,0003,male,C57BL/6,1.1.1,FR1_Approach,0,Left,149,236,88,85,0,0,,,,,,,,,,,,,,,,,,,,
2026-07-21 08:44:15,58588.496094,B8DB8AF16E20,0003,male,C57BL/6,1.1.1,FR1_Approach,0,Approach,149,236,88,85,0,0,,,,,,,,,,,,,,,,,,,,
2026-07-21 08:44:18,58591.296875,B8DB8AF16E20,0003,male,C57BL/6,1.1.1,FR1_Approach,0,PelletDrop,150,236,88,85,0,0,,,,,,,,,,,,,,,,,,,,
2026-07-21 08:44:19,58592.507812,B8DB8AF16E20,0003,male,C57BL/6,1.1.1,FR1_Approach,0,PelletNotDetected,150,236,88,85,0,0,,,,,,,,,,,,,,,,,,,,
2026-07-21 08:47:52,58805.468750,B8DB8AF16E20,0003,male,C57BL/6,1.1.1,FR1_Approach,0,Left,150,237,88,85,0,0,,,,,,,,,,,,,,,,,,,,
2026-07-21 08:47:53,58807.398438,B8DB8AF16E20,0003,male,C57BL/6,1.1.1,FR1_Approach,0,Approach,150,237,88,85,0,0,,,,,,,,,,,,,,,,,,,,
2026-07-21 08:47:59,58812.460938,B8DB8AF16E20,0003,male,C57BL/6,1.1.1,FR1_Approach,0,PelletDrop,151,237,88,85,0,0,,,,,,,,,,,,,,,,,,,,
2026-07-21 08:48:11,58825.230469,B8DB8AF16E20,0003,male,C57BL/6,1.1.1,FR1_Approach,0,PelletTaken,151,237,88,85,0,0,12.160,22.000,0,3,,,,,,,,,,,,,,,,
2026-07-21 08:54:49,59223.105469,B8DB8AF16E20,0003,male,C57BL/6,1.1.1,FR1_Approach,0,Status,151,237,88,85,0,0,,,,,Disabled,25.3,41.5,1005.4,12.9,0.000,14.000,247732,339964,181320,12133,3.93,68.17
2026-07-21 08:54:51,59224.613281,B8DB8AF16E20,0003,male,C57BL/6,1.1.1,FR1_Approach,0,Right,151,237,89,85,0,0,,,,,,,,,,,,,,,,,,,,
2026-07-21 09:05:45,59879.625000,B8DB8AF16E20,0003,male,C57BL/6,1.1.1,FR1_Approach,0,Status,151,237,89,85,0,0,,,,,Disabled,25.2,42.5,1005.5,13.0,0.000,14.000,247732,339964,181320,12271,3.92,68.17
2026-07-21 09:06:59,59953.359375,B8DB8AF16E20,0003,male,C57BL/6,1.1.1,FR1_Approach,0,Right,151,237,90,85,0,0,,,,,,,,,,,,,,,,,,,,
2026-07-21 09:07:10,59964.539062,B8DB8AF16E20,0003,male,C57BL/6,1.1.1,FR1_Approach,0,Left,151,238,90,85,0,0,,,,,,,,,,,,,,,,,,,,
2026-07-21 09:07:11,59965.753906,B8DB8AF16E20,0003,male,C57BL/6,1.1.1,FR1_Approach,0,Approach,151,238,90,85,0,0,,,,,,,,,,,,,,,,,,,,
2026-07-21 09:07:14,59968.597656,B8DB8AF16E20,0003,male,C57BL/6,1.1.1,FR1_Approach,0,PelletDrop,152,238,90,85,0,0,,,,,,,,,,,,,,,,,,,,
2026-07-21 09:07:20,59974.257812,B8DB8AF16E20,0003,male,C57BL/6,1.1.1,FR1_Approach,0,PelletTaken,152,238,90,85,0,0,5.066,22.000,0,1,,,,,,,,,,,,,,,,
2026-07-21 09:08:28,60042.414062,B8DB8AF16E20,0003,male,C57BL/6,1.1.1,FR1_Approach,0,Right,152,238,91,85,0,0,,,,,,,,,,,,,,,,,,,,
2026-07-21 09:08:31,60045.726562,B8DB8AF16E20,0003,male,C57BL/6,1.1.1,FR1_Approach,0,Left,152,239,91,85,0,0,,,,,,,,,,,,,,,,,,,,
2026-07-21 09:08:32,60046.929688,B8DB8AF16E20,0003,male,C57BL/6,1.1.1,FR1_Approach,0,Approach,152,239,91,85,0,0,,,,,,,,,,,,,,,,,,,,
2026-07-21 09:08:35,60049.777344,B8DB8AF16E20,0003,male,C57BL/6,1.1.1,FR1_Approach,0,PelletDrop,153,239,91,85,0,0,,,,,,,,,,,,,,,,,,,,
2026-07-21 09:08:36,60050.960938,B8DB8AF16E20,0003,male,C57BL/6,1.1.1,FR1_Approach,0,PelletNotDetected,153,239,91,85,0,0,,,,,,,,,,,,,,,,,,,,
2026-07-21 09:16:56,60551.289062,B8DB8AF16E20,0003,male,C57BL/6,1.1.1,FR1_Approach,0,Status,153,239,91,85,0,0,,,,,Disabled,25.2,42.4,1005.6,13.0,0.018,24.000,247732,339964,181320,12406,3.92,68.02
2026-07-21 09:26:51,61146.621094,B8DB8AF16E20,0003,male,C57BL/6,1.1.1,FR1_Approach,0,Right,153,239,92,85,0,0,,,,,,,,,,,,,,,,,,,,
2026-07-21 09:28:01,61216.953125,B8DB8AF16E20,0003,male,C57BL/6,1.1.1,FR1_Approach,0,Status,153,239,92,85,0,0,,,,,Disabled,25.2,42.6,1005.8,13.0,0.000,8.000,247732,339964,181320,12543,3.92,67.88
2026-07-21 09:28:04,61219.113281,B8DB8AF16E20,0003,male,C57BL/6,1.1.1,FR1_Approach,0,Right,153,239,93,85,0,0,,,,,,,,,,,,,,,,,,,,
2026-07-21 09:28:16,61231.601562,B8DB8AF16E20,0003,male,C57BL/6,1.1.1,FR1_Approach,0,Left,153,240,93,85,0,0,,,,,,,,,,,,,,,,,,,,
2026-07-21 09:28:17,61232.800781,B8DB8AF16E20,0003,male,C57BL/6,1.1.1,FR1_Approach,0,Approach,153,240,93,85,0,0,,,,,,,,,,,,,,,,,,,,
2026-07-21 09:28:22,61237.816406,B8DB8AF16E20,0003,male,C57BL/6,1.1.1,FR1_Approach,0,PelletDrop,154,240,93,85,0,0,,,,,,,,,,,,,,,,,,,,
2026-07-21 09:28:34,61249.031250,B8DB8AF16E20,0003,male,C57BL/6,1.1.1,FR1_Approach,0,PelletTaken,154,240,93,85,0,0,10.609,21.000,0,3,,,,,,,,,,,,,,,,
2026-07-21 09:30:56,61391.511719,B8DB8AF16E20,0003,male,C57BL/6,1.1.1,FR1_Approach,0,Left,154,241,93,85,0,0,,,,,,,,,,,,,,,,,,,,
2026-07-21 09:30:57,61392.710938,B8DB8AF16E20,0003,male,C57BL/6,1.1.1,FR1_Approach,0,Approach,154,241,93,85,0,0,,,,,,,,,,,,,,,,,,,,
2026-07-21 09:31:00,61395.570312,B8DB8AF16E20,0003,male,C57BL/6,1.1.1,FR1_Approach,0,PelletDrop,155,241,93,85,0,0,,,,,,,,,,,,,,,,,,,,
2026-07-21 09:31:01,61396.574219,B8DB8AF16E20,0003,male,C57BL/6,1.1.1,FR1_Approach,0,PelletTaken,155,241,93,85,0,0,0.412,191.000,0,1,,,,,,,,,,,,,,,,
2026-07-21 09:39:08,61884.437500,B8DB8AF16E20,0003,male,C57BL/6,1.1.1,FR1_Approach,0,Status,155,241,93,85,0,0,,,,,Disabled,25.2,42.5,1005.9,13.0,0.000,16.000,247732,339964,181320,12678,3.92,67.88
2026-07-21 09:47:08,62364.605469,B8DB8AF16E20,0003,male,C57BL/6,1.1.1,FR1_Approach,0,Left,155,242,93,85,0,0,,,,,,,,,,,,,,,,,,,,
2026-07-21 09:47:10,62366.546875,B8DB8AF16E20,0003,male,C57BL/6,1.1.1,FR1_Approach,0,Approach,155,242,93,85,0,0,,,,,,,,,,,,,,,,,,,,
2026-07-21 09:47:13,62369.488281,B8DB8AF16E20,0003,male,C57BL/6,1.1.1,FR1_Approach,0,PelletDrop,156,242,93,85,0,0,,,,,,,,,,,,,,,,,,,,
2026-07-21 09:47:14,62370.675781,B8DB8AF16E20,0003,male,C57BL/6,1.1.1,FR1_Approach,0,PelletNotDetected,156,242,93,85,0,0,,,,,,,,,,,,,,,,,,,,
2026-07-21 09:50:16,62553.171875,B8DB8AF16E20,0003,male,C57BL/6,1.1.1,FR1_Approach,0,Status,156,242,93,85,0,0,,,,,Disabled,25.2,42.5,1006.0,12.9,0.007,21.000,247732,339964,181320,12814,3.93,67.73
2026-07-21 10:01:30,63227.757812,B8DB8AF16E20,0003,male,C57BL/6,1.1.1,FR1_Approach,0,Status,156,242,93,85,0,0,,,,,Disabled,25.2,42.4,1006.0,12.9,0.014,20.000,247732,339964,181320,12951,3.93,67.59
2026-07-21 10:12:46,63904.332031,B8DB8AF16E20,0003,male,C57BL/6,1.1.1,FR1_Approach,0,Status,156,242,93,85,0,0,,,,,Disabled,25.2,42.3,1006.0,12.9,0.007,20.000,247732,339964,181320,13088,3.92,67.59
2026-07-21 10:23:48,64567.007812,B8DB8AF16E20,0003,male,C57BL/6,1.1.1,FR1_Approach,0,Status,156,242,93,85,0,0,,,,,Disabled,25.1,42.5,1006.0,13.0,0.014,20.000,247732,339964,181320,13225,3.92,67.45
2026-07-21 10:34:53,65232.644531,B8DB8AF16E20,0003,male,C57BL/6,1.1.1,FR1_Approach,0,Status,156,242,93,85,0,0,,,,,Disabled,25.1,42.3,1006.0,13.0,0.014,22.000,247732,339964,181320,13362,3.92,67.45
2026-07-21 10:45:57,65897.203125,B8DB8AF16E20,0003,male,C57BL/6,1.1.1,FR1_Approach,0,Status,156,242,93,85,0,0,,,,,Disabled,25.0,42.3,1006.0,13.0,0.007,21.000,247732,339964,181320,13499,3.92,67.30
2026-07-21 10:56:59,66559.851562,B8DB8AF16E20,0003,male,C57BL/6,1.1.1,FR1_Approach,0,Status,156,242,93,85,0,0,,,,,Disabled,25.0,42.3,1006.0,13.0,0.007,19.000,247732,339964,181320,13636,3.92,67.16
2026-07-21 11:08:07,67228.507812,B8DB8AF16E20,0003,male,C57BL/6,1.1.1,FR1_Approach,0,Status,156,242,93,85,0,0,,,,,Disabled,25.0,42.1,1006.1,13.0,0.007,18.000,247732,339964,181320,13773,3.91,67.01
2026-07-21 11:19:08,67890.093750,B8DB8AF16E20,0003,male,C57BL/6,1.1.1,FR1_Approach,0,Status,156,242,93,85,0,0,,,,,Disabled,24.9,42.2,1006.1,13.0,0.007,20.000,247732,339964,181320,13910,3.92,66.87
2026-07-21 11:30:16,68558.750000,B8DB8AF16E20,0003,male,C57BL/6,1.1.1,FR1_Approach,0,Status,156,242,93,85,0,0,,,,,Disabled,24.9,42.1,1006.2,13.0,0.007,20.000,247732,339964,181320,14047,3.92,66.87
2026-07-21 11:41:20,69223.351562,B8DB8AF16E20,0003,male,C57BL/6,1.1.1,FR1_Approach,0,Status,156,242,93,85,0,0,,,,,Disabled,24.9,42.1,1006.2,13.0,0.014,23.000,247732,339964,181320,14184,3.91,66.87
2026-07-21 11:52:22,69885.921875,B8DB8AF16E20,0003,male,C57BL/6,1.1.1,FR1_Approach,0,Status,156,242,93,85,0,0,,,,,Disabled,24.9,42.2,1006.2,13.0,0.014,23.000,247732,339964,181320,14321,3.91,66.72
2026-07-21 12:03:29,70553.578125,B8DB8AF16E20,0003,male,C57BL/6,1.1.1,FR1_Approach,0,Status,156,242,93,85,0,0,,,,,Disabled,24.9,42.0,1006.2,12.9,0.029,28.000,247732,339964,181320,14458,3.91,66.72
2026-07-21 12:14:28,71213.117188,B8DB8AF16E20,0003,male,C57BL/6,1.1.1,FR1_Approach,0,Status,156,242,93,85,0,0,,,,,Disabled,24.9,42.7,1006.3,12.9,0.029,28.000,247732,339964,181320,14595,3.92,66.58
2026-07-21 12:14:38,71223.406250,B8DB8AF16E20,0003,male,C57BL/6,1.1.1,FR1_Approach,0,Left,156,243,93,85,0,0,,,,,,,,,,,,,,,,,,,,
2026-07-21 12:14:40,71224.851562,B8DB8AF16E20,0003,male,C57BL/6,1.1.1,FR1_Approach,0,Approach,156,243,93,85,0,0,,,,,,,,,,,,,,,,,,,,
2026-07-21 12:14:42,71227.546875,B8DB8AF16E20,0003,male,C57BL/6,1.1.1,FR1_Approach,0,PelletDrop,157,243,93,85,0,0,,,,,,,,,,,,,,,,,,,,
2026-07-21 12:14:44,71228.898438,B8DB8AF16E20,0003,male,C57BL/6,1.1.1,FR1_Approach,0,PelletTaken,157,243,93,85,0,0,0.742,50.000,0,2,,,,,,,,,,,,,,,,
2026-07-21 12:25:27,71872.835938,B8DB8AF16E20,0003,male,C57BL/6,1.1.1,FR1_Approach,0,Status,157,243,93,85,0,0,,,,,Disabled,24.8,43.1,1006.3,12.8,0.025,28.000,247732,339964,181316,14731,3.91,66.58
2026-07-21 12:25:45,71890.304688,B8DB8AF16E20,0003,male,C57BL/6,1.1.1,FR1_Approach,0,Left,157,244,93,85,0,0,,,,,,,,,,,,,,,,,,,,
2026-07-21 12:25:48,71893.218750,B8DB8AF16E20,0003,male,C57BL/6,1.1.1,FR1_Approach,0,Approach,157,244,93,85,0,0,,,,,,,,,,,,,,,,,,,,
2026-07-21 12:25:51,71896.070312,B8DB8AF16E20,0003,male,C57BL/6,1.1.1,FR1_Approach,0,PelletDrop,158,244,93,85,0,0,,,,,,,,,,,,,,,,,,,,
2026-07-21 12:25:52,71897.265625,B8DB8AF16E20,0003,male,C57BL/6,1.1.1,FR1_Approach,0,PelletNotDetected,158,244,93,85,0,0,,,,,,,,,,,,,,,,,,,,
2026-07-21 12:27:26,71991.257812,B8DB8AF16E20,0003,male,C57BL/6,1.1.1,FR1_Approach,0,Right,158,244,94,85,0,0,,,,,,,,,,,,,,,,,,,,
2026-07-21 12:36:25,72531.382812,B8DB8AF16E20,0003,male,C57BL/6,1.1.1,FR1_Approach,0,Status,158,244,94,85,0,0,,,,,Disabled,24.8,43.1,1006.4,12.7,0.022,29.000,247732,339964,181316,14867,3.91,66.43
2026-07-21 12:38:35,72660.976562,B8DB8AF16E20,0003,male,C57BL/6,1.1.1,FR1_Approach,0,Left,158,245,94,85,0,0,,,,,,,,,,,,,,,,,,,,
2026-07-21 12:38:37,72662.906250,B8DB8AF16E20,0003,male,C57BL/6,1.1.1,FR1_Approach,0,Approach,158,245,94,85,0,0,,,,,,,,,,,,,,,,,,,,
2026-07-21 12:38:40,72665.718750,B8DB8AF16E20,0003,male,C57BL/6,1.1.1,FR1_Approach,0,PelletDrop,159,245,94,85,0,0,,,,,,,,,,,,,,,,,,,,
2026-07-21 12:38:41,72666.906250,B8DB8AF16E20,0003,male,C57BL/6,1.1.1,FR1_Approach,0,PelletNotDetected,159,245,94,85,0,0,,,,,,,,,,,,,,,,,,,,
2026-07-21 12:39:15,72700.968750,B8DB8AF16E20,0003,male,C57BL/6,1.1.1,FR1_Approach,0,Center,159,245,94,86,0,0,,,,,,,,,,,,,,,,,,,,
2026-07-21 12:44:10,72996.195312,B8DB8AF16E20,0003,male,C57BL/6,1.1.1,FR1_Approach,0,Left,159,246,94,86,0,0,,,,,,,,,,,,,,,,,,,,
2026-07-21 12:44:11,72997.406250,B8DB8AF16E20,0003,male,C57BL/6,1.1.1,FR1_Approach,0,Approach,159,246,94,86,0,0,,,,,,,,,,,,,,,,,,,,
2026-07-21 12:44:18,73004.390625,B8DB8AF16E20,0003,male,C57BL/6,1.1.1,FR1_Approach,0,PelletDrop,160,246,94,86,0,0,,,,,,,,,,,,,,,,,,,,
2026-07-21 12:44:26,73012.523438,B8DB8AF16E20,0003,male,C57BL/6,1.1.1,FR1_Approach,0,PelletTaken,160,246,94,86,0,0,7.540,12.000,0,4,,,,,,,,,,,,,,,,
2026-07-21 12:47:27,73194.070312,B8DB8AF16E20,0003,male,C57BL/6,1.1.1,FR1_Approach,0,Status,160,246,94,86,0,0,,,,,Disabled,24.9,42.9,1006.4,12.7,0.000,13.000,247732,339964,181316,15000,3.90,66.29
2026-07-21 12:58:32,73859.632812,B8DB8AF16E20,0003,male,C57BL/6,1.1.1,FR1_Approach,0,Status,160,246,94,86,0,0,,,,,Disabled,24.9,42.8,1006.4,12.8,0.029,29.000,247732,339964,181316,15137,3.92,66.14
2026-07-21 13:07:24,74392.250000,B8DB8AF16E20,0003,male,C57BL/6,1.1.1,FR1_Approach,0,Right,160,246,95,86,0,0,,,,,,,,,,,,,,,,,,,,
2026-07-21 13:07:44,74411.664062,B8DB8AF16E20,0003,male,C57BL/6,1.1.1,FR1_Approach,0,Left,160,247,95,86,0,0,,,,,,,,,,,,,,,,,,,,
2026-07-21 13:07:45,74413.367188,B8DB8AF16E20,0003,male,C57BL/6,1.1.1,FR1_Approach,0,Approach,160,247,95,86,0,0,,,,,,,,,,,,,,,,,,,,
2026-07-21 13:07:49,74417.289062,B8DB8AF16E20,0003,male,C57BL/6,1.1.1,FR1_Approach,0,PelletDrop,161,247,95,86,0,0,,,,,,,,,,,,,,,,,,,,
2026-07-21 13:07:50,74418.468750,B8DB8AF16E20,0003,male,C57BL/6,1.1.1,FR1_Approach,0,PelletNotDetected,161,247,95,86,0,0,,,,,,,,,,,,,,,,,,,,
2026-07-21 13:08:19,74446.937500,B8DB8AF16E20,0003,male,C57BL/6,1.1.1,FR1_Approach,0,Left,161,248,95,86,0,0,,,,,,,,,,,,,,,,,,,,
2026-07-21 13:08:20,74448.390625,B8DB8AF16E20,0003,male,C57BL/6,1.1.1,FR1_Approach,0,Approach,161,248,95,86,0,0,,,,,,,,,,,,,,,,,,,,
2026-07-21 13:08:28,74456.523438,B8DB8AF16E20,0003,male,C57BL/6,1.1.1,FR1_Approach,0,PelletDrop,162,248,95,86,0,0,,,,,,,,,,,,,,,,,,,,
2026-07-21 13:08:38,74465.750000,B8DB8AF16E20,0003,male,C57BL/6,1.1.1,FR1_Approach,0,PelletTaken,162,248,95,86,0,0,8.640,30.000,0,4,,,,,,,,,,,,,,,,
2026-07-21 13:09:43,74531.265625,B8DB8AF16E20,0003,male,C57BL/6,1.1.1,FR1_Approach,0,Status,162,248,95,86,0,0,,,,,Disabled,24.9,42.6,1006.4,12.7,0.014,25.000,247732,339964,181316,15273,3.92,66.14
2026-07-21 13:20:48,75196.945312,B8DB8AF16E20,0003,male,C57BL/6,1.1.1,FR1_Approach,0,Status,162,248,95,86,0,0,,,,,Disabled,24.9,42.7,1006.4,12.7,0.014,22.000,247724,339964,181316,15410,3.91,66.00
2026-07-21 13:32:03,75872.460938,B8DB8AF16E20,0003,male,C57BL/6,1.1.1,FR1_Approach,0,Status,162,248,95,86,0,0,,,,,Disabled,25.0,42.4,1006.4,12.8,0.018,22.000,247732,339964,181316,15547,3.90,65.86
2026-07-21 13:43:18,76548.078125,B8DB8AF16E20,0003,male,C57BL/6,1.1.1,FR1_Approach,0,Status,162,248,95,86,0,0,,,,,Disabled,25.0,42.4,1006.4,12.7,0.018,22.000,247732,339964,181316,15684,3.91,65.86
2026-07-21 13:54:29,77219.750000,B8DB8AF16E20,0003,male,C57BL/6,1.1.1,FR1_Approach,0,Status,162,248,95,86,0,0,,,,,Disabled,24.9,42.4,1006.5,12.8,0.025,26.000,247732,339964,181308,15821,3.90,65.86
2026-07-21 14:05:45,77896.312500,B8DB8AF16E20,0003,male,C57BL/6,1.1.1,FR1_Approach,0,Status,162,248,95,86,0,0,,,,,Disabled,24.9,42.3,1006.5,12.8,0.036,35.000,247732,339964,181308,15958,3.92,65.71
2026-07-21 14:16:04,78515.937500,B8DB8AF16E20,0003,male,C57BL/6,1.1.1,FR1_Approach,0,Status,162,248,95,86,0,0,,,,,Disabled,24.7,43.4,1006.5,13.0,0.032,29.000,247732,339964,181308,16095,3.91,65.57
2026-07-21 14:26:37,79149.242188,B8DB8AF16E20,0003,male,C57BL/6,1.1.1,FR1_Approach,0,Status,162,248,95,86,0,0,,,,,Disabled,24.6,43.4,1006.6,13.0,0.022,29.000,247732,339964,181308,16232,3.91,65.57
2026-07-21 14:37:35,79808.265625,B8DB8AF16E20,0003,male,C57BL/6,1.1.1,FR1_Approach,0,Status,162,248,95,86,0,0,,,,,Disabled,24.6,42.7,1006.6,12.9,0.025,26.000,247732,339964,181308,16369,3.90,65.42
2026-07-21 14:48:07,80441.570312,B8DB8AF16E20,0003,male,C57BL/6,1.1.1,FR1_Approach,0,Status,162,248,95,86,0,0,,,,,Disabled,24.5,43.2,1006.6,13.0,0.040,32.000,247732,339964,181308,16506,3.90,65.28
2026-07-21 14:59:16,81110.500000,B8DB8AF16E20,0003,male,C57BL/6,1.1.1,FR1_Approach,0,Status,162,248,95,86,0,0,,,,,Disabled,24.6,42.4,1006.5,12.9,0.025,26.000,247732,339964,181308,16643,3.90,65.28
2026-07-21 15:10:33,81788.093750,B8DB8AF16E20,0003,male,C57BL/6,1.1.1,FR1_Approach,0,Status,162,248,95,86,0,0,,,,,Disabled,24.7,42.1,1006.5,12.8,0.022,26.000,247732,339964,181308,16780,3.90,65.13
2026-07-21 15:21:05,82421.398438,B8DB8AF16E20,0003,male,C57BL/6,1.1.1,FR1_Approach,0,Status,162,248,95,86,0,0,,,,,Disabled,24.6,43.0,1006.5,12.9,0.022,26.000,247732,339964,181308,16917,3.91,65.13
2026-07-21 15:32:08,83084.343750,B8DB8AF16E20,0003,male,C57BL/6,1.1.1,FR1_Approach,0,Status,162,248,95,86,0,0,,,,,Disabled,24.6,42.4,1006.5,12.9,0.022,26.000,247732,339964,181308,17054,3.89,65.13
2026-07-21 15:42:41,83717.632812,B8DB8AF16E20,0003,male,C57BL/6,1.1.1,FR1_Approach,0,Status,162,248,95,86,0,0,,,,,Disabled,24.5,43.0,1006.5,12.9,0.022,27.000,247732,339964,181308,17191,3.90,64.99
2026-07-21 15:53:47,84383.507812,B8DB8AF16E20,0003,male,C57BL/6,1.1.1,FR1_Approach,0,Status,162,248,95,86,0,0,,,,,Disabled,24.6,42.3,1006.4,12.9,0.014,24.000,247732,339964,181308,17328,3.88,64.84
2026-07-21 16:04:19,85016.835938,B8DB8AF16E20,0003,male,C57BL/6,1.1.1,FR1_Approach,0,Status,162,248,95,86,0,0,,,,,Disabled,24.5,43.0,1006.4,12.9,0.022,24.000,247732,339964,181308,17465,3.90,64.84
2026-07-21 16:15:23,85681.750000,B8DB8AF16E20,0003,male,C57BL/6,1.1.1,FR1_Approach,0,Status,162,248,95,86,0,0,,,,,Disabled,24.5,42.4,1006.3,12.9,0.014,25.000,247732,339964,181308,17602,3.88,64.70
2026-07-21 16:26:24,86342.460938,B8DB8AF16E20,0003,male,C57BL/6,1.1.1,FR1_Approach,0,Status,162,248,95,86,0,0,,,,,Disabled,24.6,42.6,1006.2,12.9,0.022,26.000,247732,339964,181308,17740,3.90,64.55
2026-07-21 16:27:24,86402.875000,B8DB8AF16E20,0003,male,C57BL/6,1.1.1,FR1_Approach,0,Left,162,249,95,86,0,0,,,,,,,,,,,,,,,,,,,,
2026-07-21 16:27:27,86405.531250,B8DB8AF16E20,0003,male,C57BL/6,1.1.1,FR1_Approach,0,Approach,162,249,95,86,0,0,,,,,,,,,,,,,,,,,,,,
2026-07-21 16:27:30,86409.359375,B8DB8AF16E20,0003,male,C57BL/6,1.1.1,FR1_Approach,0,PelletDrop,163,249,95,86,0,0,,,,,,,,,,,,,,,,,,,,
2026-07-21 16:27:32,86410.562500,B8DB8AF16E20,0003,male,C57BL/6,1.1.1,FR1_Approach,0,PelletNotDetected,163,249,95,86,0,0,,,,,,,,,,,,,,,,,,,,
2026-07-21 16:36:54,86973.453125,B8DB8AF16E20,0003,male,C57BL/6,1.1.1,FR1_Approach,0,Status,163,249,95,86,0,0,,,,,Disabled,24.5,43.2,1006.2,12.9,0.022,27.000,247732,339964,181308,17875,3.89,64.55
2026-07-21 16:43:03,87342.648438,B8DB8AF16E20,0003,male,C57BL/6,1.1.1,FR1_Approach,0,Left,163,250,95,86,0,0,,,,,,,,,,,,,,,,,,,,
2026-07-21 16:43:05,87344.585938,B8DB8AF16E20,0003,male,C57BL/6,1.1.1,FR1_Approach,0,Approach,163,250,95,86,0,0,,,,,,,,,,,,,,,,,,,,
2026-07-21 16:43:08,87347.382812,B8DB8AF16E20,0003,male,C57BL/6,1.1.1,FR1_Approach,0,PelletDrop,164,250,95,86,0,0,,,,,,,,,,,,,,,,,,,,
2026-07-21 16:43:09,87348.570312,B8DB8AF16E20,0003,male,C57BL/6,1.1.1,FR1_Approach,0,PelletNotDetected,164,250,95,86,0,0,,,,,,,,,,,,,,,,,,,,
2026-07-21 16:43:34,87373.546875,B8DB8AF16E20,0003,male,C57BL/6,1.1.1,FR1_Approach,0,Left,164,251,95,86,0,0,,,,,,,,,,,,,,,,,,,,
2026-07-21 16:43:36,87375.492188,B8DB8AF16E20,0003,male,C57BL/6,1.1.1,FR1_Approach,0,Approach,164,251,95,86,0,0,,,,,,,,,,,,,,,,,,,,
2026-07-21 16:43:45,87384.453125,B8DB8AF16E20,0003,male,C57BL/6,1.1.1,FR1_Approach,0,PelletDrop,165,251,95,86,0,0,,,,,,,,,,,,,,,,,,,,
2026-07-21 16:43:53,87392.945312,B8DB8AF16E20,0003,male,C57BL/6,1.1.1,FR1_Approach,0,PelletTaken,165,251,95,86,0,0,7.903,12.000,0,5,,,,,,,,,,,,,,,,
2026-07-21 16:47:59,87639.679688,B8DB8AF16E20,0003,male,C57BL/6,1.1.1,FR1_Approach,0,Status,165,251,95,86,0,0,,,,,Disabled,24.6,42.3,1006.1,12.8,0.022,24.000,247732,339964,181308,18008,3.89,64.41
2026-07-21 16:49:06,87706.812500,B8DB8AF16E20,0003,male,C57BL/6,1.1.1,FR1_Approach,0,Right,165,251,96,86,0,0,,,,,,,,,,,,,,,,,,,,
2026-07-21 16:58:33,88274.468750,B8DB8AF16E20,0003,male,C57BL/6,1.1.1,FR1_Approach,0,Status,165,251,96,86,0,0,,,,,Disabled,24.6,43.1,1006.1,12.7,0.022,24.000,247732,339964,181308,18146,3.89,64.41
2026-07-21 17:09:34,88935.890625,B8DB8AF16E20,0003,male,C57BL/6,1.1.1,FR1_Approach,0,Status,165,251,96,86,0,0,,,,,Disabled,24.6,42.4,1006.0,12.7,0.014,24.000,247732,339964,181308,18283,3.90,64.27
2026-07-21 17:20:07,89569.218750,B8DB8AF16E20,0003,male,C57BL/6,1.1.1,FR1_Approach,0,Status,165,251,96,86,0,0,,,,,Disabled,24.6,43.0,1006.0,12.8,0.122,74.000,247732,339964,181308,18420,3.89,64.27
2026-07-21 17:31:17,90240.148438,B8DB8AF16E20,0003,male,C57BL/6,1.1.1,FR1_Approach,0,Status,165,251,96,86,0,0,,,,,Disabled,24.7,42.2,1005.9,12.7,0.047,42.000,247732,339964,181308,18557,3.89,64.12
2026-07-21 17:41:50,90873.476562,B8DB8AF16E20,0003,male,C57BL/6,1.1.1,FR1_Approach,0,Status,165,251,96,86,0,0,,,,,Disabled,24.6,43.0,1006.0,12.8,0.029,31.000,247732,339964,181308,18694,3.89,63.98
2026-07-21 17:52:57,91541.351562,B8DB8AF16E20,0003,male,C57BL/6,1.1.1,FR1_Approach,0,Status,165,251,96,86,0,0,,,,,Disabled,24.7,42.2,1006.0,12.7,0.022,28.000,247732,339964,181308,18831,3.89,63.83
2026-07-21 18:03:30,92174.632812,B8DB8AF16E20,0003,male,C57BL/6,1.1.1,FR1_Approach,0,Status,165,251,96,86,0,0,,,,,Disabled,24.6,42.9,1006.1,12.8,0.000,0.000,247732,339964,181308,18968,3.89,63.83
2026-07-21 18:14:38,92843.664062,B8DB8AF16E20,0003,male,C57BL/6,1.1.1,FR1_Approach,0,Status,165,251,96,86,0,0,,,,,Disabled,24.7,42.1,1006.2,12.7,0.000,0.000,247732,339964,181308,19105,3.89,63.69
2026-07-21 18:25:10,93476.968750,B8DB8AF16E20,0003,male,C57BL/6,1.1.1,FR1_Approach,0,Status,165,251,96,86,0,0,,,,,Disabled,24.6,42.8,1006.2,12.8,0.000,0.000,247732,339964,181308,19242,3.89,63.69
2026-07-21 18:32:56,93943.203125,B8DB8AF16E20,0003,male,C57BL/6,1.1.1,FR1_Approach,0,Left,165,252,96,86,0,0,,,,,,,,,,,,,,,,,,,,
2026-07-21 18:32:57,93944.421875,B8DB8AF16E20,0003,male,C57BL/6,1.1.1,FR1_Approach,0,Approach,165,252,96,86,0,0,,,,,,,,,,,,,,,,,,,,
2026-07-21 18:33:05,93951.703125,B8DB8AF16E20,0003,male,C57BL/6,1.1.1,FR1_Approach,0,PelletDrop,166,252,96,86,0,0,,,,,,,,,,,,,,,,,,,,
2026-07-21 18:33:14,93960.812500,B8DB8AF16E20,0003,male,C57BL/6,1.1.1,FR1_Approach,0,PelletTaken,166,252,96,86,0,0,8.519,30.000,0,3,,,,,,,,,,,,,,,,
2026-07-21 18:36:22,94148.929688,B8DB8AF16E20,0003,male,C57BL/6,1.1.1,FR1_Approach,0,Status,166,252,96,86,0,0,,,,,Disabled,24.7,41.9,1006.3,12.6,0.000,0.000,247732,339964,181308,19376,3.87,63.54
2026-07-21 18:46:55,94782.234375,B8DB8AF16E20,0003,male,C57BL/6,1.1.1,FR1_Approach,0,Status,166,252,96,86,0,0,,,,,Disabled,24.7,42.9,1006.4,12.7,0.000,0.000,247732,339964,181308,19513,3.88,63.40
2026-07-21 18:54:53,95260.976562,B8DB8AF16E20,0003,male,C57BL/6,1.1.1,FR1_Approach,0,Right,166,252,97,86,0,0,,,,,,,,,,,,,,,,,,,,
2026-07-21 18:55:07,95274.937500,B8DB8AF16E20,0003,male,C57BL/6,1.1.1,FR1_Approach,0,Left,166,253,97,86,0,0,,,,,,,,,,,,,,,,,,,,
2026-07-21 18:55:08,95276.132812,B8DB8AF16E20,0003,male,C57BL/6,1.1.1,FR1_Approach,0,Approach,166,253,97,86,0,0,,,,,,,,,,,,,,,,,,,,
2026-07-21 18:55:13,95281.203125,B8DB8AF16E20,0003,male,C57BL/6,1.1.1,FR1_Approach,0,PelletDrop,167,253,97,86,0,0,,,,,,,,,,,,,,,,,,,,
2026-07-21 18:55:25,95292.500000,B8DB8AF16E20,0003,male,C57BL/6,1.1.1,FR1_Approach,0,PelletTaken,167,253,97,86,0,0,10.708,20.000,0,2,,,,,,,,,,,,,,,,
2026-07-21 18:58:02,95450.125000,B8DB8AF16E20,0003,male,C57BL/6,1.1.1,FR1_Approach,0,Status,167,253,97,86,0,0,,,,,Disabled,24.8,42.3,1006.5,12.6,0.000,0.000,247732,339964,181308,19647,3.88,63.40
2026-07-21 19:01:36,95664.304688,B8DB8AF16E20,0003,male,C57BL/6,1.1.1,FR1_Approach,0,Left,167,254,97,86,0,0,,,,,,,,,,,,,,,,,,,,
2026-07-21 19:01:37,95665.984375,B8DB8AF16E20,0003,male,C57BL/6,1.1.1,FR1_Approach,0,Approach,167,254,97,86,0,0,,,,,,,,,,,,,,,,,,,,
2026-07-21 19:01:43,95671.062500,B8DB8AF16E20,0003,male,C57BL/6,1.1.1,FR1_Approach,0,PelletDrop,168,254,97,86,0,0,,,,,,,,,,,,,,,,,,,,
2026-07-21 19:01:54,95682.898438,B8DB8AF16E20,0003,male,C57BL/6,1.1.1,FR1_Approach,0,PelletTaken,168,254,97,86,0,0,11.236,12.000,0,2,,,,,,,,,,,,,,,,
2026-07-21 19:08:59,96107.765625,B8DB8AF16E20,0003,male,C57BL/6,1.1.1,FR1_Approach,0,Status,168,254,97,86,0,0,,,,,Disabled,24.9,42.5,1006.5,12.6,0.000,0.000,247732,339964,181308,19780,3.88,63.25
2026-07-21 19:17:43,96631.695312,B8DB8AF16E20,0003,male,C57BL/6,1.1.1,FR1_Approach,0,Left,168,255,97,86,0,0,,,,,,,,,,,,,,,,,,,,
2026-07-21 19:17:44,96632.906250,B8DB8AF16E20,0003,male,C57BL/6,1.1.1,FR1_Approach,0,Approach,168,255,97,86,0,0,,,,,,,,,,,,,,,,,,,,
2026-07-21 19:17:47,96635.750000,B8DB8AF16E20,0003,male,C57BL/6,1.1.1,FR1_Approach,0,PelletDrop,169,255,97,86,0,0,,,,,,,,,,,,,,,,,,,,
2026-07-21 19:17:48,96636.937500,B8DB8AF16E20,0003,male,C57BL/6,1.1.1,FR1_Approach,0,PelletNotDetected,169,255,97,86,0,0,,,,,,,,,,,,,,,,,,,,
2026-07-21 19:18:13,96661.687500,B8DB8AF16E20,0003,male,C57BL/6,1.1.1,FR1_Approach,0,Left,169,256,97,86,0,0,,,,,,,,,,,,,,,,,,,,
2026-07-21 19:18:14,96663.179688,B8DB8AF16E20,0003,male,C57BL/6,1.1.1,FR1_Approach,0,Approach,169,256,97,86,0,0,,,,,,,,,,,,,,,,,,,,
2026-07-21 19:18:19,96668.328125,B8DB8AF16E20,0003,male,C57BL/6,1.1.1,FR1_Approach,0,PelletDrop,170,256,97,86,0,0,,,,,,,,,,,,,,,,,,,,
2026-07-21 19:18:26,96675.375000,B8DB8AF16E20,0003,male,C57BL/6,1.1.1,FR1_Approach,0,PelletTaken,170,256,97,86,0,0,6.133,12.000,0,3,,,,,,,,,,,,,,,,
2026-07-21 19:18:50,96698.804688,B8DB8AF16E20,0003,male,C57BL/6,1.1.1,FR1_Approach,0,Left,170,257,97,86,0,0,,,,,,,,,,,,,,,,,,,,
2026-07-21 19:18:52,96700.984375,B8DB8AF16E20,0003,male,C57BL/6,1.1.1,FR1_Approach,0,Approach,170,257,97,86,0,0,,,,,,,,,,,,,,,,,,,,
2026-07-21 19:18:57,96706.054688,B8DB8AF16E20,0003,male,C57BL/6,1.1.1,FR1_Approach,0,PelletDrop,171,257,97,86,0,0,,,,,,,,,,,,,,,,,,,,
2026-07-21 19:19:05,96714.546875,B8DB8AF16E20,0003,male,C57BL/6,1.1.1,FR1_Approach,0,PelletTaken,171,257,97,86,0,0,7.903,11.000,0,2,,,,,,,,,,,,,,,,
2026-07-21 19:19:44,96752.828125,B8DB8AF16E20,0003,male,C57BL/6,1.1.1,FR1_Approach,0,Status,171,257,97,86,0,0,,,,,Disabled,24.9,42.7,1006.6,12.6,0.000,0.000,247732,339964,181308,19914,3.88,63.25
2026-07-21 19:29:35,97344.664062,B8DB8AF16E20,0003,male,C57BL/6,1.1.1,FR1_Approach,0,Left,171,258,97,86,0,0,,,,,,,,,,,,,,,,,,,,
2026-07-21 19:29:37,97346.593750,B8DB8AF16E20,0003,male,C57BL/6,1.1.1,FR1_Approach,0,Approach,171,258,97,86,0,0,,,,,,,,,,,,,,,,,,,,
2026-07-21 19:29:42,97351.671875,B8DB8AF16E20,0003,male,C57BL/6,1.1.1,FR1_Approach,0,PelletDrop,172,258,97,86,0,0,,,,,,,,,,,,,,,,,,,,
2026-07-21 19:29:51,97361.007812,B8DB8AF16E20,0003,male,C57BL/6,1.1.1,FR1_Approach,0,PelletTaken,172,258,97,86,0,0,8.740,30.000,0,2,,,,,,,,,,,,,,,,
2026-07-21 19:30:30,97399.296875,B8DB8AF16E20,0003,male,C57BL/6,1.1.1,FR1_Approach,0,Status,172,258,97,86,0,0,,,,,Disabled,24.9,43.0,1006.7,12.6,0.000,0.000,247732,339964,181308,20053,3.88,63.11
2026-07-21 19:34:29,97638.890625,B8DB8AF16E20,0003,male,C57BL/6,1.1.1,FR1_Approach,0,Left,172,259,97,86,0,0,,,,,,,,,,,,,,,,,,,,
2026-07-21 19:34:30,97640.101562,B8DB8AF16E20,0003,male,C57BL/6,1.1.1,FR1_Approach,0,Approach,172,259,97,86,0,0,,,,,,,,,,,,,,,,,,,,
2026-07-21 19:34:35,97645.171875,B8DB8AF16E20,0003,male,C57BL/6,1.1.1,FR1_Approach,0,PelletDrop,173,259,97,86,0,0,,,,,,,,,,,,,,,,,,,,
2026-07-21 19:34:44,97654.023438,B8DB8AF16E20,0003,male,C57BL/6,1.1.1,FR1_Approach,0,PelletTaken,173,259,97,86,0,0,8.256,21.000,0,2,,,,,,,,,,,,,,,,
2026-07-21 19:38:39,97889.046875,B8DB8AF16E20,0003,male,C57BL/6,1.1.1,FR1_Approach,0,Right,173,259,98,86,0,0,,,,,,,,,,,,,,,,,,,,
2026-07-21 19:41:43,98073.593750,B8DB8AF16E20,0003,male,C57BL/6,1.1.1,FR1_Approach,0,Status,173,259,98,86,0,0,,,,,Disabled,25.0,42.4,1006.7,12.5,0.000,0.000,247732,339964,181308,20190,3.88,63.11
2026-07-21 19:47:20,98410.507812,B8DB8AF16E20,0003,male,C57BL/6,1.1.1,FR1_Approach,0,Right,173,259,99,86,0,0,,,,,,,,,,,,,,,,,,,,
2026-07-21 19:49:09,98519.515625,B8DB8AF16E20,0003,male,C57BL/6,1.1.1,FR1_Approach,0,Left,173,260,99,86,0,0,,,,,,,,,,,,,,,,,,,,
2026-07-21 19:49:10,98520.742188,B8DB8AF16E20,0003,male,C57BL/6,1.1.1,FR1_Approach,0,Approach,173,260,99,86,0,0,,,,,,,,,,,,,,,,,,,,
2026-07-21 19:49:15,98525.804688,B8DB8AF16E20,0003,male,C57BL/6,1.1.1,FR1_Approach,0,PelletDrop,174,260,99,86,0,0,,,,,,,,,,,,,,,,,,,,
2026-07-21 19:49:23,98534.132812,B8DB8AF16E20,0003,male,C57BL/6,1.1.1,FR1_Approach,0,PelletTaken,174,260,99,86,0,0,7.727,21.000,0,2,,,,,,,,,,,,,,,,
2026-07-21 19:49:57,98568.257812,B8DB8AF16E20,0003,male,C57BL/6,1.1.1,FR1_Approach,0,Left,174,261,99,86,0,0,,,,,,,,,,,,,,,,,,,,
2026-07-21 19:49:59,98569.476562,B8DB8AF16E20,0003,male,C57BL/6,1.1.1,FR1_Approach,0,Approach,174,261,99,86,0,0,,,,,,,,,,,,,,,,,,,,
2026-07-21 19:50:04,98574.546875,B8DB8AF16E20,0003,male,C57BL/6,1.1.1,FR1_Approach,0,PelletDrop,175,261,99,86,0,0,,,,,,,,,,,,,,,,,,,,
2026-07-21 19:50:14,98585.109375,B8DB8AF16E20,0003,male,C57BL/6,1.1.1,FR1_Approach,0,PelletTaken,175,261,99,86,0,0,9.960,39.000,0,2,,,,,,,,,,,,,,,,
2026-07-21 19:52:44,98735.132812,B8DB8AF16E20,0003,male,C57BL/6,1.1.1,FR1_Approach,0,Status,175,261,99,86,0,0,,,,,Disabled,25.1,42.2,1006.8,12.5,0.000,0.000,247732,339964,181308,20321,3.88,62.96
2026-07-21 20:03:16,99368.453125,B8DB8AF16E20,0003,male,C57BL/6,1.1.1,FR1_Approach,0,Status,175,261,99,86,0,0,,,,,Disabled,25.0,43.1,1006.9,12.6,0.000,0.000,247732,339964,181308,20458,3.88,62.96
2026-07-21 20:06:14,99546.648438,B8DB8AF16E20,0003,male,C57BL/6,1.1.1,FR1_Approach,0,Left,175,262,99,86,0,0,,,,,,,,,,,,,,,,,,,,
2026-07-21 20:06:17,99549.328125,B8DB8AF16E20,0003,male,C57BL/6,1.1.1,FR1_Approach,0,Approach,175,262,99,86,0,0,,,,,,,,,,,,,,,,,,,,
2026-07-21 20:06:20,99552.179688,B8DB8AF16E20,0003,male,C57BL/6,1.1.1,FR1_Approach,0,PelletDrop,176,262,99,86,0,0,,,,,,,,,,,,,,,,,,,,
2026-07-21 20:06:21,99553.367188,B8DB8AF16E20,0003,male,C57BL/6,1.1.1,FR1_Approach,0,PelletNotDetected,176,262,99,86,0,0,,,,,,,,,,,,,,,,,,,,
2026-07-21 20:06:48,99580.382812,B8DB8AF16E20,0003,male,C57BL/6,1.1.1,FR1_Approach,0,Left,176,263,99,86,0,0,,,,,,,,,,,,,,,,,,,,
2026-07-21 20:06:50,99582.578125,B8DB8AF16E20,0003,male,C57BL/6,1.1.1,FR1_Approach,0,Approach,176,263,99,86,0,0,,,,,,,,,,,,,,,,,,,,
2026-07-21 20:06:55,99587.601562,B8DB8AF16E20,0003,male,C57BL/6,1.1.1,FR1_Approach,0,PelletDrop,177,263,99,86,0,0,,,,,,,,,,,,,,,,,,,,
2026-07-21 20:07:05,99596.929688,B8DB8AF16E20,0003,male,C57BL/6,1.1.1,FR1_Approach,0,PelletTaken,177,263,99,86,0,0,8.728,172.000,0,3,,,,,,,,,,,,,,,,
2026-07-21 20:07:47,99639.632812,B8DB8AF16E20,0003,male,C57BL/6,1.1.1,FR1_Approach,0,Right,177,263,100,86,0,0,,,,,,,,,,,,,,,,,,,,
2026-07-21 20:07:51,99643.257812,B8DB8AF16E20,0003,male,C57BL/6,1.1.1,FR1_Approach,0,Left,177,264,100,86,0,0,,,,,,,,,,,,,,,,,,,,
2026-07-21 20:07:52,99644.453125,B8DB8AF16E20,0003,male,C57BL/6,1.1.1,FR1_Approach,0,Approach,177,264,100,86,0,0,,,,,,,,,,,,,,,,,,,,
2026-07-21 20:07:57,99649.531250,B8DB8AF16E20,0003,male,C57BL/6,1.1.1,FR1_Approach,0,PelletDrop,178,264,100,86,0,0,,,,,,,,,,,,,,,,,,,,
2026-07-21 20:08:04,99656.718750,B8DB8AF16E20,0003,male,C57BL/6,1.1.1,FR1_Approach,0,PelletTaken,178,264,100,86,0,0,6.594,11.000,0,2,,,,,,,,,,,,,,,,
2026-07-21 20:14:23,100035.359375,B8DB8AF16E20,0003,male,C57BL/6,1.1.1,FR1_Approach,0,Status,178,264,100,86,0,0,,,,,Disabled,25.1,42.2,1007.0,12.4,0.000,0.000,247732,339964,181308,20588,3.88,62.82
2026-07-21 20:18:42,100295.257812,B8DB8AF16E20,0003,male,C57BL/6,1.1.1,FR1_Approach,0,Left,178,265,100,86,0,0,,,,,,,,,,,,,,,,,,,,
2026-07-21 20:18:44,100296.703125,B8DB8AF16E20,0003,male,C57BL/6,1.1.1,FR1_Approach,0,Approach,178,265,100,86,0,0,,,,,,,,,,,,,,,,,,,,
2026-07-21 20:18:49,100301.796875,B8DB8AF16E20,0003,male,C57BL/6,1.1.1,FR1_Approach,0,PelletDrop,179,265,100,86,0,0,,,,,,,,,,,,,,,,,,,,
2026-07-21 20:18:57,100310.085938,B8DB8AF16E20,0003,male,C57BL/6,1.1.1,FR1_Approach,0,PelletTaken,179,265,100,86,0,0,7.694,21.000,0,2,,,,,,,,,,,,,,,,
2026-07-21 20:19:34,100347.171875,B8DB8AF16E20,0003,male,C57BL/6,1.1.1,FR1_Approach,0,Left,179,266,100,86,0,0,,,,,,,,,,,,,,,,,,,,
2026-07-21 20:19:36,100348.867188,B8DB8AF16E20,0003,male,C57BL/6,1.1.1,FR1_Approach,0,Approach,179,266,100,86,0,0,,,,,,,,,,,,,,,,,,,,
2026-07-21 20:19:39,100351.734375,B8DB8AF16E20,0003,male,C57BL/6,1.1.1,FR1_Approach,0,PelletDrop,180,266,100,86,0,0,,,,,,,,,,,,,,,,,,,,
2026-07-21 20:19:40,100352.921875,B8DB8AF16E20,0003,male,C57BL/6,1.1.1,FR1_Approach,0,PelletNotDetected,180,266,100,86,0,0,,,,,,,,,,,,,,,,,,,,
2026-07-21 20:24:54,100666.828125,B8DB8AF16E20,0003,male,C57BL/6,1.1.1,FR1_Approach,0,Status,180,266,100,86,0,0,,,,,Disabled,25.0,43.0,1007.1,12.5,0.000,0.000,247732,339964,181308,20721,3.88,62.68
2026-07-21 20:25:13,100685.710938,B8DB8AF16E20,0003,male,C57BL/6,1.1.1,FR1_Approach,0,Left,180,267,100,86,0,0,,,,,,,,,,,,,,,,,,,,
2026-07-21 20:25:14,100686.906250,B8DB8AF16E20,0003,male,C57BL/6,1.1.1,FR1_Approach,0,Approach,180,267,100,86,0,0,,,,,,,,,,,,,,,,,,,,
2026-07-21 20:25:23,100696.125000,B8DB8AF16E20,0003,male,C57BL/6,1.1.1,FR1_Approach,0,PelletDrop,181,267,100,86,0,0,,,,,,,,,,,,,,,,,,,,
2026-07-21 20:25:30,100703.296875,B8DB8AF16E20,0003,male,C57BL/6,1.1.1,FR1_Approach,0,PelletTaken,181,267,100,86,0,0,6.571,11.000,0,4,,,,,,,,,,,,,,,,
2026-07-21 20:31:54,101087.625000,B8DB8AF16E20,0003,male,C57BL/6,1.1.1,FR1_Approach,0,Right,181,267,101,86,0,0,,,,,,,,,,,,,,,,,,,,
2026-07-21 20:36:05,101338.585938,B8DB8AF16E20,0003,male,C57BL/6,1.1.1,FR1_Approach,0,Status,181,267,101,86,0,0,,,,,Disabled,25.1,42.5,1007.2,12.4,0.000,0.000,247732,339964,181308,20855,3.88,62.53
2026-07-21 20:36:07,101340.710938,B8DB8AF16E20,0003,male,C57BL/6,1.1.1,FR1_Approach,0,Right,181,267,102,86,0,0,,,,,,,,,,,,,,,,,,,,
2026-07-21 20:36:19,101352.742188,B8DB8AF16E20,0003,male,C57BL/6,1.1.1,FR1_Approach,0,Left,181,268,102,86,0,0,,,,,,,,,,,,,,,,,,,,
2026-07-21 20:36:20,101353.953125,B8DB8AF16E20,0003,male,C57BL/6,1.1.1,FR1_Approach,0,Approach,181,268,102,86,0,0,,,,,,,,,,,,,,,,,,,,
2026-07-21 20:36:28,101361.250000,B8DB8AF16E20,0003,male,C57BL/6,1.1.1,FR1_Approach,0,PelletDrop,182,268,102,86,0,0,,,,,,,,,,,,,,,,,,,,
2026-07-21 20:36:35,101368.593750,B8DB8AF16E20,0003,male,C57BL/6,1.1.1,FR1_Approach,0,PelletTaken,182,268,102,86,0,0,6.748,126.000,0,3,,,,,,,,,,,,,,,,
2026-07-21 20:38:27,101481.101562,B8DB8AF16E20,0003,male,C57BL/6,1.1.1,FR1_Approach,0,Right,182,268,103,86,0,0,,,,,,,,,,,,,,,,,,,,
2026-07-21 20:38:29,101482.890625,B8DB8AF16E20,0003,male,C57BL/6,1.1.1,FR1_Approach,0,Right,182,268,104,86,0,0,,,,,,,,,,,,,,,,,,,,
2026-07-21 20:38:32,101485.343750,B8DB8AF16E20,0003,male,C57BL/6,1.1.1,FR1_Approach,0,Left,182,269,104,86,0,0,,,,,,,,,,,,,,,,,,,,
2026-07-21 20:38:33,101486.804688,B8DB8AF16E20,0003,male,C57BL/6,1.1.1,FR1_Approach,0,Approach,182,269,104,86,0,0,,,,,,,,,,,,,,,,,,,,
2026-07-21 20:38:36,101489.656250,B8DB8AF16E20,0003,male,C57BL/6,1.1.1,FR1_Approach,0,PelletDrop,183,269,104,86,0,0,,,,,,,,,,,,,,,,,,,,
2026-07-21 20:38:37,101490.851562,B8DB8AF16E20,0003,male,C57BL/6,1.1.1,FR1_Approach,0,PelletNotDetected,183,269,104,86,0,0,,,,,,,,,,,,,,,,,,,,
2026-07-21 20:39:04,101517.546875,B8DB8AF16E20,0003,male,C57BL/6,1.1.1,FR1_Approach,0,Left,183,270,104,86,0,0,,,,,,,,,,,,,,,,,,,,
2026-07-21 20:39:05,101518.765625,B8DB8AF16E20,0003,male,C57BL/6,1.1.1,FR1_Approach,0,Approach,183,270,104,86,0,0,,,,,,,,,,,,,,,,,,,,
2026-07-21 20:39:10,101523.781250,B8DB8AF16E20,0003,male,C57BL/6,1.1.1,FR1_Approach,0,PelletDrop,184,270,104,86,0,0,,,,,,,,,,,,,,,,,,,,
2026-07-21 20:39:18,101532.195312,B8DB8AF16E20,0003,male,C57BL/6,1.1.1,FR1_Approach,0,PelletTaken,184,270,104,86,0,0,7.815,49.000,0,3,,,,,,,,,,,,,,,,
2026-07-21 20:46:39,101972.984375,B8DB8AF16E20,0003,male,C57BL/6,1.1.1,FR1_Approach,0,Status,184,270,104,86,0,0,,,,,Disabled,25.1,43.1,1007.3,12.5,0.000,0.000,247732,339964,181308,20987,3.88,62.39
2026-07-21 20:54:40,102454.773438,B8DB8AF16E20,0003,male,C57BL/6,1.1.1,FR1_Approach,0,Left,184,271,104,86,0,0,,,,,,,,,,,,,,,,,,,,
2026-07-21 20:54:41,102455.968750,B8DB8AF16E20,0003,male,C57BL/6,1.1.1,FR1_Approach,0,Approach,184,271,104,86,0,0,,,,,,,,,,,,,,,,,,,,
2026-07-21 20:54:46,102461.046875,B8DB8AF16E20,0003,male,C57BL/6,1.1.1,FR1_Approach,0,PelletDrop,185,271,104,86,0,0,,,,,,,,,,,,,,,,,,,,
2026-07-21 20:54:54,102469.101562,B8DB8AF16E20,0003,male,C57BL/6,1.1.1,FR1_Approach,0,PelletTaken,185,271,104,86,0,0,7.441,21.000,0,2,,,,,,,,,,,,,,,,
2026-07-21 20:57:45,102639.828125,B8DB8AF16E20,0003,male,C57BL/6,1.1.1,FR1_Approach,0,Status,185,271,104,86,0,0,,,,,Disabled,25.1,42.3,1007.5,12.4,0.000,0.000,247732,339964,181308,21120,3.87,62.24
2026-07-21 21:03:30,102984.914062,B8DB8AF16E20,0003,male,C57BL/6,1.1.1,FR1_Approach,0,Left,185,272,104,86,0,0,,,,,,,,,,,,,,,,,,,,
2026-07-21 21:03:31,102986.132812,B8DB8AF16E20,0003,male,C57BL/6,1.1.1,FR1_Approach,0,Approach,185,272,104,86,0,0,,,,,,,,,,,,,,,,,,,,
2026-07-21 21:03:36,102991.203125,B8DB8AF16E20,0003,male,C57BL/6,1.1.1,FR1_Approach,0,PelletDrop,186,272,104,86,0,0,,,,,,,,,,,,,,,,,,,,
2026-07-21 21:03:46,103000.562500,B8DB8AF16E20,0003,male,C57BL/6,1.1.1,FR1_Approach,0,PelletTaken,186,272,104,86,0,0,8.761,11.000,0,2,,,,,,,,,,,,,,,,
2026-07-21 21:08:48,103303.437500,B8DB8AF16E20,0003,male,C57BL/6,1.1.1,FR1_Approach,0,Status,186,272,104,86,0,0,,,,,Disabled,25.2,42.4,1007.7,12.4,0.000,0.000,247732,339964,181308,21253,3.88,62.24
2026-07-21 21:11:48,103483.562500,B8DB8AF16E20,0003,male,C57BL/6,1.1.1,FR1_Approach,0,Left,186,273,104,86,0,0,,,,,,,,,,,,,,,,,,,,
2026-07-21 21:11:50,103484.765625,B8DB8AF16E20,0003,male,C57BL/6,1.1.1,FR1_Approach,0,Approach,186,273,104,86,0,0,,,,,,,,,,,,,,,,,,,,
2026-07-21 21:11:55,103489.835938,B8DB8AF16E20,0003,male,C57BL/6,1.1.1,FR1_Approach,0,PelletDrop,187,273,104,86,0,0,,,,,,,,,,,,,,,,,,,,
2026-07-21 21:12:04,103498.804688,B8DB8AF16E20,0003,male,C57BL/6,1.1.1,FR1_Approach,0,PelletTaken,187,273,104,86,0,0,8.354,31.000,0,2,,,,,,,,,,,,,,,,
2026-07-21 21:19:20,103935.218750,B8DB8AF16E20,0003,male,C57BL/6,1.1.1,FR1_Approach,0,Status,187,273,104,86,0,0,,,,,Disabled,25.1,43.2,1007.9,12.5,0.000,0.000,247732,339964,181308,21387,3.87,62.10
2026-07-21 21:20:40,104015.671875,B8DB8AF16E20,0003,male,C57BL/6,1.1.1,FR1_Approach,0,Left,187,274,104,86,0,0,,,,,,,,,,,,,,,,,,,,
2026-07-21 21:20:41,104016.867188,B8DB8AF16E20,0003,male,C57BL/6,1.1.1,FR1_Approach,0,Approach,187,274,104,86,0,0,,,,,,,,,,,,,,,,,,,,
2026-07-21 21:20:46,104021.953125,B8DB8AF16E20,0003,male,C57BL/6,1.1.1,FR1_Approach,0,PelletDrop,188,274,104,86,0,0,,,,,,,,,,,,,,,,,,,,
2026-07-21 21:20:52,104028.187500,B8DB8AF16E20,0003,male,C57BL/6,1.1.1,FR1_Approach,0,PelletTaken,188,274,104,86,0,0,5.637,39.000,0,2,,,,,,,,,,,,,,,,
2026-07-21 21:22:28,104123.710938,B8DB8AF16E20,0003,male,C57BL/6,1.1.1,FR1_Approach,0,Left,188,275,104,86,0,0,,,,,,,,,,,,,,,,,,,,
2026-07-21 21:22:30,104125.906250,B8DB8AF16E20,0003,male,C57BL/6,1.1.1,FR1_Approach,0,Approach,188,275,104,86,0,0,,,,,,,,,,,,,,,,,,,,
2026-07-21 21:22:33,104128.765625,B8DB8AF16E20,0003,male,C57BL/6,1.1.1,FR1_Approach,0,PelletDrop,189,275,104,86,0,0,,,,,,,,,,,,,,,,,,,,
2026-07-21 21:22:34,104130.164062,B8DB8AF16E20,0003,male,C57BL/6,1.1.1,FR1_Approach,0,PelletTaken,189,275,104,86,0,0,0.797,21.000,0,1,,,,,,,,,,,,,,,,
2026-07-21 21:30:29,104605.671875,B8DB8AF16E20,0003,male,C57BL/6,1.1.1,FR1_Approach,0,Status,189,275,104,86,0,0,,,,,Disabled,25.2,42.4,1008.1,12.4,0.000,0.000,247732,339964,181308,21520,3.87,62.10
2026-07-21 21:36:54,104990.296875,B8DB8AF16E20,0003,male,C57BL/6,1.1.1,FR1_Approach,0,Left,189,276,104,86,0,0,,,,,,,,,,,,,,,,,,,,
2026-07-21 21:36:56,104993.070312,B8DB8AF16E20,0003,male,C57BL/6,1.1.1,FR1_Approach,0,No_approach,189,276,104,86,0,0,,,,,,,,,,,,,,,,,,,,
2026-07-21 21:37:02,104998.328125,B8DB8AF16E20,0003,male,C57BL/6,1.1.1,FR1_Approach,0,Left,189,277,104,86,0,0,,,,,,,,,,,,,,,,,,,,
2026-07-21 21:37:03,104999.546875,B8DB8AF16E20,0003,male,C57BL/6,1.1.1,FR1_Approach,0,Approach,189,277,104,86,0,0,,,,,,,,,,,,,,,,,,,,
2026-07-21 21:37:08,105004.617188,B8DB8AF16E20,0003,male,C57BL/6,1.1.1,FR1_Approach,0,PelletDrop,190,277,104,86,0,0,,,,,,,,,,,,,,,,,,,,
2026-07-21 21:37:16,105012.796875,B8DB8AF16E20,0003,male,C57BL/6,1.1.1,FR1_Approach,0,PelletTaken,190,277,104,86,0,0,7.584,88.000,0,2,,,,,,,,,,,,,,,,
2026-07-21 21:41:02,105239.203125,B8DB8AF16E20,0003,male,C57BL/6,1.1.1,FR1_Approach,0,Status,190,277,104,86,0,0,,,,,Disabled,25.1,43.2,1008.3,12.5,0.000,0.000,247732,339964,181308,21654,3.86,61.95
2026-07-21 21:41:48,105284.820312,B8DB8AF16E20,0003,male,C57BL/6,1.1.1,FR1_Approach,0,Left,190,278,104,86,0,0,,,,,,,,,,,,,,,,,,,,
2026-07-21 21:41:50,105286.507812,B8DB8AF16E20,0003,male,C57BL/6,1.1.1,FR1_Approach,0,Approach,190,278,104,86,0,0,,,,,,,,,,,,,,,,,,,,
2026-07-21 21:41:55,105291.578125,B8DB8AF16E20,0003,male,C57BL/6,1.1.1,FR1_Approach,0,PelletDrop,191,278,104,86,0,0,,,,,,,,,,,,,,,,,,,,
2026-07-21 21:42:02,105299.187500,B8DB8AF16E20,0003,male,C57BL/6,1.1.1,FR1_Approach,0,PelletTaken,191,278,104,86,0,0,6.979,21.000,0,2,,,,,,,,,,,,,,,,
2026-07-21 21:42:31,105328.312500,B8DB8AF16E20,0003,male,C57BL/6,1.1.1,FR1_Approach,0,Center,191,278,104,87,0,0,,,,,,,,,,,,,,,,,,,,
2026-07-21 21:43:12,105369.140625,B8DB8AF16E20,0003,male,C57BL/6,1.1.1,FR1_Approach,0,Center,191,278,104,88,0,0,,,,,,,,,,,,,,,,,,,,
2026-07-21 21:43:17,105373.765625,B8DB8AF16E20,0003,male,C57BL/6,1.1.1,FR1_Approach,0,Left,191,279,104,88,0,0,,,,,,,,,,,,,,,,,,,,
2026-07-21 21:43:18,105374.984375,B8DB8AF16E20,0003,male,C57BL/6,1.1.1,FR1_Approach,0,Approach,191,279,104,88,0,0,,,,,,,,,,,,,,,,,,,,
2026-07-21 21:43:23,105380.054688,B8DB8AF16E20,0003,male,C57BL/6,1.1.1,FR1_Approach,0,PelletDrop,192,279,104,88,0,0,,,,,,,,,,,,,,,,,,,,
2026-07-21 21:43:32,105389.429688,B8DB8AF16E20,0003,male,C57BL/6,1.1.1,FR1_Approach,0,PelletTaken,192,279,104,88,0,0,8.772,13.000,0,2,,,,,,,,,,,,,,,,
2026-07-21 21:48:45,105701.914062,B8DB8AF16E20,0003,male,C57BL/6,1.1.1,FR1_Approach,0,Left,192,280,104,88,0,0,,,,,,,,,,,,,,,,,,,,
2026-07-21 21:48:46,105703.140625,B8DB8AF16E20,0003,male,C57BL/6,1.1.1,FR1_Approach,0,Approach,192,280,104,88,0,0,,,,,,,,,,,,,,,,,,,,
2026-07-21 21:48:49,105706.000000,B8DB8AF16E20,0003,male,C57BL/6,1.1.1,FR1_Approach,0,PelletDrop,193,280,104,88,0,0,,,,,,,,,,,,,,,,,,,,
2026-07-21 21:48:55,105712.687500,B8DB8AF16E20,0003,male,C57BL/6,1.1.1,FR1_Approach,0,PelletTaken,193,280,104,88,0,0,6.088,30.000,0,1,,,,,,,,,,,,,,,,
2026-07-21 21:52:14,105911.898438,B8DB8AF16E20,0003,male,C57BL/6,1.1.1,FR1_Approach,0,Status,193,280,104,88,0,0,,,,,Disabled,25.2,42.3,1008.5,12.5,0.000,0.000,247732,339964,181308,21785,3.87,61.81
2026-07-21 21:59:23,106341.187500,B8DB8AF16E20,0003,male,C57BL/6,1.1.1,FR1_Approach,0,Right,193,280,105,88,0,0,,,,,,,,,,,,,,,,,,,,
2026-07-21 21:59:53,106371.437500,B8DB8AF16E20,0003,male,C57BL/6,1.1.1,FR1_Approach,0,Left,193,281,105,88,0,0,,,,,,,,,,,,,,,,,,,,
2026-07-21 21:59:54,106372.640625,B8DB8AF16E20,0003,male,C57BL/6,1.1.1,FR1_Approach,0,Approach,193,281,105,88,0,0,,,,,,,,,,,,,,,,,,,,
2026-07-21 22:00:01,106379.945312,B8DB8AF16E20,0003,male,C57BL/6,1.1.1,FR1_Approach,0,PelletDrop,194,281,105,88,0,0,,,,,,,,,,,,,,,,,,,,
2026-07-21 22:00:05,106383.914062,B8DB8AF16E20,0003,male,C57BL/6,1.1.1,FR1_Approach,0,PelletTaken,194,281,105,88,0,0,3.370,20.000,0,3,,,,,,,,,,,,,,,,
2026-07-21 22:02:46,106544.710938,B8DB8AF16E20,0003,male,C57BL/6,1.1.1,FR1_Approach,0,Status,194,281,105,88,0,0,,,,,Disabled,25.2,43.3,1008.7,12.5,0.000,0.000,247732,339964,181308,21922,3.87,61.66
2026-07-21 22:08:09,106867.812500,B8DB8AF16E20,0003,male,C57BL/6,1.1.1,FR1_Approach,0,Left,194,282,105,88,0,0,,,,,,,,,,,,,,,,,,,,
2026-07-21 22:08:10,106869.007812,B8DB8AF16E20,0003,male,C57BL/6,1.1.1,FR1_Approach,0,Approach,194,282,105,88,0,0,,,,,,,,,,,,,,,,,,,,
2026-07-21 22:08:15,106874.078125,B8DB8AF16E20,0003,male,C57BL/6,1.1.1,FR1_Approach,0,PelletDrop,195,282,105,88,0,0,,,,,,,,,,,,,,,,,,,,
2026-07-21 22:08:22,106881.320312,B8DB8AF16E20,0003,male,C57BL/6,1.1.1,FR1_Approach,0,PelletTaken,195,282,105,88,0,0,6.637,40.000,0,2,,,,,,,,,,,,,,,,
2026-07-21 22:08:47,106905.960938,B8DB8AF16E20,0003,male,C57BL/6,1.1.1,FR1_Approach,0,Left,195,283,105,88,0,0,,,,,,,,,,,,,,,,,,,,
2026-07-21 22:08:50,106908.742188,B8DB8AF16E20,0003,male,C57BL/6,1.1.1,FR1_Approach,0,No_approach,195,283,105,88,0,0,,,,,,,,,,,,,,,,,,,,
2026-07-21 22:14:01,107220.101562,B8DB8AF16E20,0003,male,C57BL/6,1.1.1,FR1_Approach,0,Status,195,283,105,88,0,0,,,,,Disabled,25.3,42.5,1008.8,12.4,0.000,0.000,247732,339964,181308,22056,3.87,61.52
2026-07-21 22:15:23,107302.187500,B8DB8AF16E20,0003,male,C57BL/6,1.1.1,FR1_Approach,0,Right,195,283,106,88,0,0,,,,,,,,,,,,,,,,,,,,
2026-07-21 22:15:31,107309.921875,B8DB8AF16E20,0003,male,C57BL/6,1.1.1,FR1_Approach,0,Left,195,284,106,88,0,0,,,,,,,,,,,,,,,,,,,,
2026-07-21 22:15:32,107311.125000,B8DB8AF16E20,0003,male,C57BL/6,1.1.1,FR1_Approach,0,Approach,195,284,106,88,0,0,,,,,,,,,,,,,,,,,,,,
2026-07-21 22:15:37,107316.195312,B8DB8AF16E20,0003,male,C57BL/6,1.1.1,FR1_Approach,0,PelletDrop,196,284,106,88,0,0,,,,,,,,,,,,,,,,,,,,
2026-07-21 22:15:47,107326.320312,B8DB8AF16E20,0003,male,C57BL/6,1.1.1,FR1_Approach,0,PelletTaken,196,284,106,88,0,0,9.509,21.000,0,2,,,,,,,,,,,,,,,,
2026-07-21 22:21:20,107659.320312,B8DB8AF16E20,0003,male,C57BL/6,1.1.1,FR1_Approach,0,Left,196,285,106,88,0,0,,,,,,,,,,,,,,,,,,,,
2026-07-21 22:21:21,107660.523438,B8DB8AF16E20,0003,male,C57BL/6,1.1.1,FR1_Approach,0,Approach,196,285,106,88,0,0,,,,,,,,,,,,,,,,,,,,
2026-07-21 22:21:26,107665.593750,B8DB8AF16E20,0003,male,C57BL/6,1.1.1,FR1_Approach,0,PelletDrop,197,285,106,88,0,0,,,,,,,,,,,,,,,,,,,,
2026-07-21 22:21:34,107673.343750,B8DB8AF16E20,0003,male,C57BL/6,1.1.1,FR1_Approach,0,PelletTaken,197,285,106,88,0,0,7.132,78.000,0,2,,,,,,,,,,,,,,,,
2026-07-21 22:24:32,107851.617188,B8DB8AF16E20,0003,male,C57BL/6,1.1.1,FR1_Approach,0,Status,197,285,106,88,0,0,,,,,Disabled,25.2,43.4,1009.0,12.5,0.000,0.000,247732,339964,181308,22187,3.87,61.38
2026-07-21 22:24:52,107871.820312,B8DB8AF16E20,0003,male,C57BL/6,1.1.1,FR1_Approach,0,Left,197,286,106,88,0,0,,,,,,,,,,,,,,,,,,,,
2026-07-21 22:24:53,107873.039062,B8DB8AF16E20,0003,male,C57BL/6,1.1.1,FR1_Approach,0,Approach,197,286,106,88,0,0,,,,,,,,,,,,,,,,,,,,
2026-07-21 22:24:58,107878.117188,B8DB8AF16E20,0003,male,C57BL/6,1.1.1,FR1_Approach,0,PelletDrop,198,286,106,88,0,0,,,,,,,,,,,,,,,,,,,,
2026-07-21 22:25:06,107885.460938,B8DB8AF16E20,0003,male,C57BL/6,1.1.1,FR1_Approach,0,PelletTaken,198,286,106,88,0,0,6.748,69.000,0,2,,,,,,,,,,,,,,,,
2026-07-21 22:29:23,108143.250000,B8DB8AF16E20,0003,male,C57BL/6,1.1.1,FR1_Approach,0,Right,198,286,107,88,0,0,,,,,,,,,,,,,,,,,,,,
2026-07-21 22:29:48,108167.929688,B8DB8AF16E20,0003,male,C57BL/6,1.1.1,FR1_Approach,0,Right,198,286,108,88,0,0,,,,,,,,,,,,,,,,,,,,
2026-07-21 22:29:50,108170.062500,B8DB8AF16E20,0003,male,C57BL/6,1.1.1,FR1_Approach,0,Right,198,286,109,88,0,0,,,,,,,,,,,,,,,,,,,,
2026-07-21 22:29:51,108171.140625,B8DB8AF16E20,0003,male,C57BL/6,1.1.1,FR1_Approach,0,Right,198,286,110,88,0,0,,,,,,,,,,,,,,,,,,,,
2026-07-21 22:29:52,108172.406250,B8DB8AF16E20,0003,male,C57BL/6,1.1.1,FR1_Approach,0,Right,198,286,111,88,0,0,,,,,,,,,,,,,,,,,,,,
2026-07-21 22:29:54,108174.437500,B8DB8AF16E20,0003,male,C57BL/6,1.1.1,FR1_Approach,0,Right,198,286,112,88,0,0,,,,,,,,,,,,,,,,,,,,
2026-07-21 22:30:00,108180.085938,B8DB8AF16E20,0003,male,C57BL/6,1.1.1,FR1_Approach,0,Right,198,286,113,88,0,0,,,,,,,,,,,,,,,,,,,,
2026-07-21 22:30:01,108180.921875,B8DB8AF16E20,0003,male,C57BL/6,1.1.1,FR1_Approach,0,Right,198,286,114,88,0,0,,,,,,,,,,,,,,,,,,,,
2026-07-21 22:30:12,108191.906250,B8DB8AF16E20,0003,male,C57BL/6,1.1.1,FR1_Approach,0,Left,198,287,114,88,0,0,,,,,,,,,,,,,,,,,,,,
2026-07-21 22:30:13,108193.109375,B8DB8AF16E20,0003,male,C57BL/6,1.1.1,FR1_Approach,0,Approach,198,287,114,88,0,0,,,,,,,,,,,,,,,,,,,,
2026-07-21 22:30:18,108198.195312,B8DB8AF16E20,0003,male,C57BL/6,1.1.1,FR1_Approach,0,PelletDrop,199,287,114,88,0,0,,,,,,,,,,,,,,,,,,,,
2026-07-21 22:30:33,108212.828125,B8DB8AF16E20,0003,male,C57BL/6,1.1.1,FR1_Approach,0,PelletTaken,199,287,114,88,0,0,14.030,12.000,0,2,,,,,,,,,,,,,,,,
2026-07-21 22:35:37,108517.281250,B8DB8AF16E20,0003,male,C57BL/6,1.1.1,FR1_Approach,0,Status,199,287,114,88,0,0,,,,,Disabled,25.3,42.6,1009.1,12.4,0.000,0.000,247732,339964,181308,22321,3.87,61.38
2026-07-21 22:46:10,109150.546875,B8DB8AF16E20,0003,male,C57BL/6,1.1.1,FR1_Approach,0,Status,199,287,114,88,0,0,,,,,Disabled,25.2,43.5,1009.3,12.6,0.000,0.000,247732,339964,181308,22459,3.87,61.06
2026-07-21 22:55:22,109703.617188,B8DB8AF16E20,0003,male,C57BL/6,1.1.1,FR1_Approach,0,Right,199,287,115,88,0,0,,,,,,,,,,,,,,,,,,,,
2026-07-21 22:55:28,109709.085938,B8DB8AF16E20,0003,male,C57BL/6,1.1.1,FR1_Approach,0,Right,199,287,116,88,0,0,,,,,,,,,,,,,,,,,,,,
2026-07-21 22:55:30,109711.289062,B8DB8AF16E20,0003,male,C57BL/6,1.1.1,FR1_Approach,0,Left,199,288,116,88,0,0,,,,,,,,,,,,,,,,,,,,
2026-07-21 22:55:31,109712.984375,B8DB8AF16E20,0003,male,C57BL/6,1.1.1,FR1_Approach,0,Approach,199,288,116,88,0,0,,,,,,,,,,,,,,,,,,,,
2026-07-21 22:55:37,109718.062500,B8DB8AF16E20,0003,male,C57BL/6,1.1.1,FR1_Approach,0,PelletDrop,200,288,116,88,0,0,,,,,,,,,,,,,,,,,,,,
2026-07-21 22:55:43,109724.632812,B8DB8AF16E20,0003,male,C57BL/6,1.1.1,FR1_Approach,0,PelletTaken,200,288,116,88,0,0,5.955,30.000,0,2,,,,,,,,,,,,,,,,
2026-07-21 22:57:16,109817.539062,B8DB8AF16E20,0003,male,C57BL/6,1.1.1,FR1_Approach,0,Status,200,288,116,88,0,0,,,,,Disabled,25.2,42.9,1009.4,12.5,0.000,0.000,247732,339964,181308,22595,3.87,61.06
2026-07-21 22:59:33,109954.664062,B8DB8AF16E20,0003,male,C57BL/6,1.1.1,FR1_Approach,0,Left,200,289,116,88,0,0,,,,,,,,,,,,,,,,,,,,
2026-07-21 22:59:36,109957.460938,B8DB8AF16E20,0003,male,C57BL/6,1.1.1,FR1_Approach,0,No_approach,200,289,116,88,0,0,,,,,,,,,,,,,,,,,,,,
2026-07-21 22:59:46,109967.203125,B8DB8AF16E20,0003,male,C57BL/6,1.1.1,FR1_Approach,0,Right,200,289,117,88,0,0,,,,,,,,,,,,,,,,,,,,
2026-07-21 23:00:00,109982.007812,B8DB8AF16E20,0003,male,C57BL/6,1.1.1,FR1_Approach,0,Right,200,289,118,88,0,0,,,,,,,,,,,,,,,,,,,,
2026-07-21 23:00:08,109989.828125,B8DB8AF16E20,0003,male,C57BL/6,1.1.1,FR1_Approach,0,Right,200,289,119,88,0,0,,,,,,,,,,,,,,,,,,,,
2026-07-21 23:02:48,110149.625000,B8DB8AF16E20,0003,male,C57BL/6,1.1.1,FR1_Approach,0,Right,200,289,120,88,0,0,,,,,,,,,,,,,,,,,,,,
2026-07-21 23:02:50,110151.835938,B8DB8AF16E20,0003,male,C57BL/6,1.1.1,FR1_Approach,0,Left,200,290,120,88,0,0,,,,,,,,,,,,,,,,,,,,
2026-07-21 23:02:53,110154.617188,B8DB8AF16E20,0003,male,C57BL/6,1.1.1,FR1_Approach,0,No_approach,200,290,120,88,0,0,,,,,,,,,,,,,,,,,,,,
2026-07-21 23:03:07,110168.476562,B8DB8AF16E20,0003,male,C57BL/6,1.1.1,FR1_Approach,0,Left,200,291,120,88,0,0,,,,,,,,,,,,,,,,,,,,
2026-07-21 23:03:09,110170.429688,B8DB8AF16E20,0003,male,C57BL/6,1.1.1,FR1_Approach,0,Approach,200,291,120,88,0,0,,,,,,,,,,,,,,,,,,,,
2026-07-21 23:03:14,110175.500000,B8DB8AF16E20,0003,male,C57BL/6,1.1.1,FR1_Approach,0,PelletDrop,201,291,120,88,0,0,,,,,,,,,,,,,,,,,,,,
2026-07-21 23:03:20,110181.960938,B8DB8AF16E20,0003,male,C57BL/6,1.1.1,FR1_Approach,0,PelletTaken,201,291,120,88,0,0,5.857,21.000,0,2,,,,,,,,,,,,,,,,
2026-07-21 23:08:26,110488.140625,B8DB8AF16E20,0003,male,C57BL/6,1.1.1,FR1_Approach,0,Status,201,291,120,88,0,0,,,,,Disabled,25.3,42.7,1009.5,12.4,0.000,0.000,247732,339964,181308,22733,3.86,60.74
2026-07-21 23:11:58,110700.437500,B8DB8AF16E20,0003,male,C57BL/6,1.1.1,FR1_Approach,0,Left,201,292,120,88,0,0,,,,,,,,,,,,,,,,,,,,
2026-07-21 23:11:59,110701.882812,B8DB8AF16E20,0003,male,C57BL/6,1.1.1,FR1_Approach,0,Approach,201,292,120,88,0,0,,,,,,,,,,,,,,,,,,,,
2026-07-21 23:12:02,110704.734375,B8DB8AF16E20,0003,male,C57BL/6,1.1.1,FR1_Approach,0,PelletDrop,202,292,120,88,0,0,,,,,,,,,,,,,,,,,,,,
2026-07-21 23:12:03,110705.945312,B8DB8AF16E20,0003,male,C57BL/6,1.1.1,FR1_Approach,0,PelletNotDetected,202,292,120,88,0,0,,,,,,,,,,,,,,,,,,,,
2026-07-21 23:12:23,110725.078125,B8DB8AF16E20,0003,male,C57BL/6,1.1.1,FR1_Approach,0,Left,202,293,120,88,0,0,,,,,,,,,,,,,,,,,,,,
2026-07-21 23:12:25,110727.015625,B8DB8AF16E20,0003,male,C57BL/6,1.1.1,FR1_Approach,0,Approach,202,293,120,88,0,0,,,,,,,,,,,,,,,,,,,,
2026-07-21 23:12:27,110729.882812,B8DB8AF16E20,0003,male,C57BL/6,1.1.1,FR1_Approach,0,PelletDrop,203,293,120,88,0,0,,,,,,,,,,,,,,,,,,,,
2026-07-21 23:12:29,110731.078125,B8DB8AF16E20,0003,male,C57BL/6,1.1.1,FR1_Approach,0,PelletNotDetected,203,293,120,88,0,0,,,,,,,,,,,,,,,,,,,,
2026-07-21 23:12:56,110758.593750,B8DB8AF16E20,0003,male,C57BL/6,1.1.1,FR1_Approach,0,Left,203,294,120,88,0,0,,,,,,,,,,,,,,,,,,,,
2026-07-21 23:12:58,110760.531250,B8DB8AF16E20,0003,male,C57BL/6,1.1.1,FR1_Approach,0,Approach,203,294,120,88,0,0,,,,,,,,,,,,,,,,,,,,
2026-07-21 23:13:05,110767.500000,B8DB8AF16E20,0003,male,C57BL/6,1.1.1,FR1_Approach,0,PelletDrop,204,294,120,88,0,0,,,,,,,,,,,,,,,,,,,,
2026-07-21 23:13:09,110771.554688,B8DB8AF16E20,0003,male,C57BL/6,1.1.1,FR1_Approach,0,PelletTaken,204,294,120,88,0,0,3.459,77.000,0,4,,,,,,,,,,,,,,,,
2026-07-21 23:13:42,110804.656250,B8DB8AF16E20,0003,male,C57BL/6,1.1.1,FR1_Approach,0,Right,204,294,121,88,0,0,,,,,,,,,,,,,,,,,,,,
2026-07-21 23:19:00,111122.937500,B8DB8AF16E20,0003,male,C57BL/6,1.1.1,FR1_Approach,0,Status,204,294,121,88,0,0,,,,,Disabled,25.2,43.4,1009.6,12.5,0.000,0.000,247732,339964,181308,22867,3.86,60.74
2026-07-21 23:19:25,111147.843750,B8DB8AF16E20,0003,male,C57BL/6,1.1.1,FR1_Approach,0,Left,204,295,121,88,0,0,,,,,,,,,,,,,,,,,,,,
2026-07-21 23:19:26,111149.046875,B8DB8AF16E20,0003,male,C57BL/6,1.1.1,FR1_Approach,0,Approach,204,295,121,88,0,0,,,,,,,,,,,,,,,,,,,,
2026-07-21 23:19:33,111156.335938,B8DB8AF16E20,0003,male,C57BL/6,1.1.1,FR1_Approach,0,PelletDrop,205,295,121,88,0,0,,,,,,,,,,,,,,,,,,,,
2026-07-21 23:19:40,111162.492188,B8DB8AF16E20,0003,male,C57BL/6,1.1.1,FR1_Approach,0,PelletTaken,205,295,121,88,0,0,5.538,31.000,0,3,,,,,,,,,,,,,,,,
2026-07-21 23:20:47,111229.679688,B8DB8AF16E20,0003,male,C57BL/6,1.1.1,FR1_Approach,0,Left,205,296,121,88,0,0,,,,,,,,,,,,,,,,,,,,
2026-07-21 23:20:48,111231.367188,B8DB8AF16E20,0003,male,C57BL/6,1.1.1,FR1_Approach,0,Approach,205,296,121,88,0,0,,,,,,,,,,,,,,,,,,,,
2026-07-21 23:20:51,111234.171875,B8DB8AF16E20,0003,male,C57BL/6,1.1.1,FR1_Approach,0,PelletDrop,206,296,121,88,0,0,,,,,,,,,,,,,,,,,,,,
2026-07-21 23:20:52,111235.382812,B8DB8AF16E20,0003,male,C57BL/6,1.1.1,FR1_Approach,0,PelletNotDetected,206,296,121,88,0,0,,,,,,,,,,,,,,,,,,,,
2026-07-21 23:30:14,111797.125000,B8DB8AF16E20,0003,male,C57BL/6,1.1.1,FR1_Approach,0,Left,206,297,121,88,0,0,,,,,,,,,,,,,,,,,,,,
2026-07-21 23:30:17,111799.906250,B8DB8AF16E20,0003,male,C57BL/6,1.1.1,FR1_Approach,0,No_approach,206,297,121,88,0,0,,,,,,,,,,,,,,,,,,,,
2026-07-21 23:30:27,111810.445312,B8DB8AF16E20,0003,male,C57BL/6,1.1.1,FR1_Approach,0,Status,206,297,121,88,0,0,,,,,Disabled,25.3,42.3,1009.7,12.5,0.000,0.000,247732,339964,181308,23003,3.86,60.43
2026-07-21 23:30:37,111819.640625,B8DB8AF16E20,0003,male,C57BL/6,1.1.1,FR1_Approach,0,Left,206,298,121,88,0,0,,,,,,,,,,,,,,,,,,,,
2026-07-21 23:30:38,111820.843750,B8DB8AF16E20,0003,male,C57BL/6,1.1.1,FR1_Approach,0,Approach,206,298,121,88,0,0,,,,,,,,,,,,,,,,,,,,
2026-07-21 23:30:43,111825.914062,B8DB8AF16E20,0003,male,C57BL/6,1.1.1,FR1_Approach,0,PelletDrop,207,298,121,88,0,0,,,,,,,,,,,,,,,,,,,,
2026-07-21 23:30:50,111833.312500,B8DB8AF16E20,0003,male,C57BL/6,1.1.1,FR1_Approach,0,PelletTaken,207,298,121,88,0,0,6.781,12.000,0,3,,,,,,,,,,,,,,,,
2026-07-21 23:33:00,111962.695312,B8DB8AF16E20,0003,male,C57BL/6,1.1.1,FR1_Approach,0,Left,207,299,121,88,0,0,,,,,,,,,,,,,,,,,,,,
2026-07-21 23:33:01,111963.898438,B8DB8AF16E20,0003,male,C57BL/6,1.1.1,FR1_Approach,0,Approach,207,299,121,88,0,0,,,,,,,,,,,,,,,,,,,,
2026-07-21 23:33:06,111968.968750,B8DB8AF16E20,0003,male,C57BL/6,1.1.1,FR1_Approach,0,PelletDrop,208,299,121,88,0,0,,,,,,,,,,,,,,,,,,,,
2026-07-21 23:33:12,111975.351562,B8DB8AF16E20,0003,male,C57BL/6,1.1.1,FR1_Approach,0,PelletTaken,208,299,121,88,0,0,5.769,21.000,0,2,,,,,,,,,,,,,,,,
2026-07-21 23:40:50,112433.640625,B8DB8AF16E20,0003,male,C57BL/6,1.1.1,FR1_Approach,0,Status,208,299,121,88,0,0,,,,,Disabled,25.2,43.4,1009.7,12.5,0.000,0.000,247732,339964,181308,23133,3.87,60.43
2026-07-21 23:45:02,112685.992188,B8DB8AF16E20,0003,male,C57BL/6,1.1.1,FR1_Approach,0,Left,208,300,121,88,0,0,,,,,,,,,,,,,,,,,,,,
2026-07-21 23:45:05,112688.789062,B8DB8AF16E20,0003,male,C57BL/6,1.1.1,FR1_Approach,0,No_approach,208,300,121,88,0,0,,,,,,,,,,,,,,,,,,,,
2026-07-21 23:47:15,112819.414062,B8DB8AF16E20,0003,male,C57BL/6,1.1.1,FR1_Approach,0,Left,208,301,121,88,0,0,,,,,,,,,,,,,,,,,,,,
2026-07-21 23:47:18,112822.195312,B8DB8AF16E20,0003,male,C57BL/6,1.1.1,FR1_Approach,0,No_approach,208,301,121,88,0,0,,,,,,,,,,,,,,,,,,,,
2026-07-21 23:47:21,112825.000000,B8DB8AF16E20,0003,male,C57BL/6,1.1.1,FR1_Approach,0,Left,208,302,121,88,0,0,,,,,,,,,,,,,,,,,,,,
2026-07-21 23:47:22,112826.218750,B8DB8AF16E20,0003,male,C57BL/6,1.1.1,FR1_Approach,0,Approach,208,302,121,88,0,0,,,,,,,,,,,,,,,,,,,,
2026-07-21 23:47:27,112831.289062,B8DB8AF16E20,0003,male,C57BL/6,1.1.1,FR1_Approach,0,PelletDrop,209,302,121,88,0,0,,,,,,,,,,,,,,,,,,,,
2026-07-21 23:47:37,112840.539062,B8DB8AF16E20,0003,male,C57BL/6,1.1.1,FR1_Approach,0,PelletTaken,209,302,121,88,0,0,8.651,31.000,0,2,,,,,,,,,,,,,,,,
2026-07-21 23:52:04,113108.546875,B8DB8AF16E20,0003,male,C57BL/6,1.1.1,FR1_Approach,0,Status,209,302,121,88,0,0,,,,,Disabled,25.3,42.5,1009.8,12.4,0.000,0.000,247732,339964,181308,23267,3.86,60.11
2026-07-21 23:55:54,113338.601562,B8DB8AF16E20,0003,male,C57BL/6,1.1.1,FR1_Approach,0,Left,209,303,121,88,0,0,,,,,,,,,,,,,,,,,,,,
2026-07-21 23:55:56,113340.531250,B8DB8AF16E20,0003,male,C57BL/6,1.1.1,FR1_Approach,0,Approach,209,303,121,88,0,0,,,,,,,,,,,,,,,,,,,,
2026-07-21 23:55:59,113343.437500,B8DB8AF16E20,0003,male,C57BL/6,1.1.1,FR1_Approach,0,PelletDrop,210,303,121,88,0,0,,,,,,,,,,,,,,,,,,,,
2026-07-21 23:56:00,113344.679688,B8DB8AF16E20,0003,male,C57BL/6,1.1.1,FR1_Approach,0,PelletNotDetected,210,303,121,88,0,0,,,,,,,,,,,,,,,,,,,,
2026-07-22 00:02:36,113741.742188,B8DB8AF16E20,0003,male,C57BL/6,1.1.1,FR1_Approach,0,Status,210,303,121,88,0,0,,,,,Disabled,25.2,43.4,1009.8,12.6,0.000,0.000,247732,339964,181308,23404,3.86,60.11
2026-07-22 00:07:10,114015.734375,B8DB8AF16E20,0003,male,C57BL/6,1.1.1,FR1_Approach,0,Right,210,303,122,88,0,0,,,,,,,,,,,,,,,,,,,,
2026-07-22 00:07:15,114020.406250,B8DB8AF16E20,0003,male,C57BL/6,1.1.1,FR1_Approach,0,Left,210,304,122,88,0,0,,,,,,,,,,,,,,,,,,,,
2026-07-22 00:07:16,114021.609375,B8DB8AF16E20,0003,male,C57BL/6,1.1.1,FR1_Approach,0,Approach,210,304,122,88,0,0,,,,,,,,,,,,,,,,,,,,
2026-07-22 00:07:25,114030.773438,B8DB8AF16E20,0003,male,C57BL/6,1.1.1,FR1_Approach,0,PelletDrop,211,304,122,88,0,0,,,,,,,,,,,,,,,,,,,,
2026-07-22 00:07:30,114035.109375,B8DB8AF16E20,0003,male,C57BL/6,1.1.1,FR1_Approach,0,PelletTaken,211,304,122,88,0,0,3.734,135.000,0,4,,,,,,,,,,,,,,,,
2026-07-22 00:11:43,114288.492188,B8DB8AF16E20,0003,male,C57BL/6,1.1.1,FR1_Approach,0,Left,211,305,122,88,0,0,,,,,,,,,,,,,,,,,,,,
2026-07-22 00:11:46,114291.421875,B8DB8AF16E20,0003,male,C57BL/6,1.1.1,FR1_Approach,0,Approach,211,305,122,88,0,0,,,,,,,,,,,,,,,,,,,,
2026-07-22 00:11:53,114298.703125,B8DB8AF16E20,0003,male,C57BL/6,1.1.1,FR1_Approach,0,PelletDrop,212,305,122,88,0,0,,,,,,,,,,,,,,,,,,,,
2026-07-22 00:12:00,114305.859375,B8DB8AF16E20,0003,male,C57BL/6,1.1.1,FR1_Approach,0,PelletTaken,212,305,122,88,0,0,6.539,40.000,0,3,,,,,,,,,,,,,,,,
2026-07-22 00:12:25,114331.117188,B8DB8AF16E20,0003,male,C57BL/6,1.1.1,FR1_Approach,0,Left,212,306,122,88,0,0,,,,,,,,,,,,,,,,,,,,
2026-07-22 00:12:28,114333.898438,B8DB8AF16E20,0003,male,C57BL/6,1.1.1,FR1_Approach,0,No_approach,212,306,122,88,0,0,,,,,,,,,,,,,,,,,,,,
2026-07-22 00:13:53,114417.773438,B8DB8AF16E20,0003,male,C57BL/6,1.1.1,FR1_Approach,0,Status,212,306,122,88,0,0,,,,,Disabled,25.3,42.2,1009.9,12.4,0.000,0.000,247732,339964,181308,23537,3.87,59.79
2026-07-22 00:24:23,115048.703125,B8DB8AF16E20,0003,male,C57BL/6,1.1.1,FR1_Approach,0,Status,212,306,122,88,0,0,,,,,Disabled,25.3,43.2,1010.0,12.5,0.000,0.000,247732,339964,181308,23674,3.85,59.48
2026-07-22 00:25:24,115109.617188,B8DB8AF16E20,0003,male,C57BL/6,1.1.1,FR1_Approach,0,Center,212,306,122,89,0,0,,,,,,,,,,,,,,,,,,,,
2026-07-22 00:29:23,115349.398438,B8DB8AF16E20,0003,male,C57BL/6,1.1.1,FR1_Approach,0,Left,212,307,122,89,0,0,,,,,,,,,,,,,,,,,,,,
2026-07-22 00:29:26,115351.835938,B8DB8AF16E20,0003,male,C57BL/6,1.1.1,FR1_Approach,0,Approach,212,307,122,89,0,0,,,,,,,,,,,,,,,,,,,,
2026-07-22 00:29:31,115356.906250,B8DB8AF16E20,0003,male,C57BL/6,1.1.1,FR1_Approach,0,PelletDrop,213,307,122,89,0,0,,,,,,,,,,,,,,,,,,,,
2026-07-22 00:29:38,115363.632812,B8DB8AF16E20,0003,male,C57BL/6,1.1.1,FR1_Approach,0,PelletTaken,213,307,122,89,0,0,6.132,50.000,0,2,,,,,,,,,,,,,,,,
2026-07-22 00:31:03,115448.960938,B8DB8AF16E20,0003,male,C57BL/6,1.1.1,FR1_Approach,0,Right,213,307,123,89,0,0,,,,,,,,,,,,,,,,,,,,
2026-07-22 00:33:04,115570.593750,B8DB8AF16E20,0003,male,C57BL/6,1.1.1,FR1_Approach,0,Center,213,307,123,90,0,0,,,,,,,,,,,,,,,,,,,,
2026-07-22 00:35:41,115727.992188,B8DB8AF16E20,0003,male,C57BL/6,1.1.1,FR1_Approach,0,Status,213,307,123,90,0,0,,,,,Disabled,25.4,42.1,1010.0,12.4,0.000,0.000,247732,339964,181308,23810,3.86,59.16
2026-07-22 00:38:47,115913.671875,B8DB8AF16E20,0003,male,C57BL/6,1.1.1,FR1_Approach,0,Center,213,307,123,91,0,0,,,,,,,,,,,,,,,,,,,,
2026-07-22 00:38:53,115919.921875,B8DB8AF16E20,0003,male,C57BL/6,1.1.1,FR1_Approach,0,Center,213,307,123,92,0,0,,,,,,,,,,,,,,,,,,,,
2026-07-22 00:38:59,115925.890625,B8DB8AF16E20,0003,male,C57BL/6,1.1.1,FR1_Approach,0,Left,213,308,123,92,0,0,,,,,,,,,,,,,,,,,,,,
2026-07-22 00:39:01,115927.828125,B8DB8AF16E20,0003,male,C57BL/6,1.1.1,FR1_Approach,0,Approach,213,308,123,92,0,0,,,,,,,,,,,,,,,,,,,,
2026-07-22 00:39:05,115931.804688,B8DB8AF16E20,0003,male,C57BL/6,1.1.1,FR1_Approach,0,PelletDrop,214,308,123,92,0,0,,,,,,,,,,,,,,,,,,,,
2026-07-22 00:39:13,115940.187500,B8DB8AF16E20,0003,male,C57BL/6,1.1.1,FR1_Approach,0,PelletTaken,214,308,123,92,0,0,7.771,12.000,0,1,,,,,,,,,,,,,,,,
2026-07-22 00:40:11,115997.453125,B8DB8AF16E20,0003,male,C57BL/6,1.1.1,FR1_Approach,0,Center,214,308,123,93,0,0,,,,,,,,,,,,,,,,,,,,
2026-07-22 00:46:12,116359.484375,B8DB8AF16E20,0003,male,C57BL/6,1.1.1,FR1_Approach,0,Status,214,308,123,93,0,0,,,,,Disabled,25.3,42.9,1010.0,12.5,0.000,0.000,247732,339964,181308,23946,3.86,59.16
2026-07-22 00:57:27,117035.156250,B8DB8AF16E20,0003,male,C57BL/6,1.1.1,FR1_Approach,0,Status,214,308,123,93,0,0,,,,,Disabled,25.4,42.3,1010.1,12.4,0.000,0.000,247732,339964,181308,24083,3.86,58.84
2026-07-22 01:08:00,117668.476562,B8DB8AF16E20,0003,male,C57BL/6,1.1.1,FR1_Approach,0,Status,214,308,123,93,0,0,,,,,Disabled,25.3,43.3,1010.1,12.5,0.000,0.000,247732,339964,181308,24220,3.85,58.53
2026-07-22 01:19:17,118346.320312,B8DB8AF16E20,0003,male,C57BL/6,1.1.1,FR1_Approach,0,Status,214,308,123,93,0,0,,,,,Disabled,25.3,42.3,1010.1,12.4,0.000,0.000,247732,339964,181308,24357,3.85,58.21
2026-07-22 01:29:49,118979.656250,B8DB8AF16E20,0003,male,C57BL/6,1.1.1,FR1_Approach,0,Status,214,308,123,93,0,0,,,,,Disabled,25.2,43.1,1010.1,12.5,0.000,0.000,247732,339964,181308,24494,3.85,57.89
2026-07-22 01:41:10,119660.554688,B8DB8AF16E20,0003,male,C57BL/6,1.1.1,FR1_Approach,0,Status,214,308,123,93,0,0,,,,,Disabled,25.3,42.0,1010.1,12.4,0.000,0.000,247732,339964,181308,24631,3.85,57.89
2026-07-22 01:52:23,120334.203125,B8DB8AF16E20,0003,male,C57BL/6,1.1.1,FR1_Approach,0,Status,214,308,123,93,0,0,,,,,Disabled,25.3,42.0,1010.1,12.3,0.000,0.000,247732,339964,181308,24768,3.85,57.58
2026-07-22 02:02:56,120967.523438,B8DB8AF16E20,0003,male,C57BL/6,1.1.1,FR1_Approach,0,Status,214,308,123,93,0,0,,,,,Disabled,25.2,42.8,1010.1,12.5,0.000,0.000,247732,339964,181308,24905,3.86,57.26
2026-07-22 02:14:06,121638.421875,B8DB8AF16E20,0003,male,C57BL/6,1.1.1,FR1_Approach,0,Status,214,308,123,93,0,0,,,,,Disabled,25.3,42.0,1010.1,12.5,0.000,0.000,247732,339964,181308,25042,3.86,57.26
2026-07-22 02:24:38,122271.734375,B8DB8AF16E20,0003,male,C57BL/6,1.1.1,FR1_Approach,0,Status,214,308,123,93,0,0,,,,,Disabled,25.2,42.7,1010.2,12.5,0.000,0.000,247732,339964,181308,25179,3.85,56.95
2026-07-22 02:36:00,122953.703125,B8DB8AF16E20,0003,male,C57BL/6,1.1.1,FR1_Approach,0,Status,214,308,123,93,0,0,,,,,Disabled,25.3,41.6,1010.2,12.5,0.000,0.000,247732,339964,181308,25316,3.85,56.95
2026-07-22 02:46:32,123587.023438,B8DB8AF16E20,0003,male,C57BL/6,1.1.1,FR1_Approach,0,Status,214,308,123,93,0,0,,,,,Disabled,25.2,42.5,1010.2,12.6,0.000,0.000,247732,339964,181308,25453,3.84,56.63
2026-07-22 02:57:52,124265.968750,B8DB8AF16E20,0003,male,C57BL/6,1.1.1,FR1_Approach,0,Status,214,308,123,93,0,0,,,,,Disabled,25.2,41.6,1010.2,12.5,0.000,0.000,247732,339964,181308,25590,3.84,56.31
2026-07-22 03:05:39,124734.000000,B8DB8AF16E20,0003,male,C57BL/6,1.1.1,FR1_Approach,0,Left,214,309,123,93,0,0,,,,,,,,,,,,,,,,,,,,
2026-07-22 03:05:42,124736.781250,B8DB8AF16E20,0003,male,C57BL/6,1.1.1,FR1_Approach,0,No_approach,214,309,123,93,0,0,,,,,,,,,,,,,,,,,,,,
2026-07-22 03:06:04,124758.789062,B8DB8AF16E20,0003,male,C57BL/6,1.1.1,FR1_Approach,0,Left,214,310,123,93,0,0,,,,,,,,,,,,,,,,,,,,
2026-07-22 03:06:05,124759.992188,B8DB8AF16E20,0003,male,C57BL/6,1.1.1,FR1_Approach,0,Approach,214,310,123,93,0,0,,,,,,,,,,,,,,,,,,,,
2026-07-22 03:06:10,124765.070312,B8DB8AF16E20,0003,male,C57BL/6,1.1.1,FR1_Approach,0,PelletDrop,215,310,123,93,0,0,,,,,,,,,,,,,,,,,,,,
2026-07-22 03:06:23,124777.960938,B8DB8AF16E20,0003,male,C57BL/6,1.1.1,FR1_Approach,0,PelletTaken,215,310,123,93,0,0,12.281,30.000,0,2,,,,,,,,,,,,,,,,
2026-07-22 03:08:24,124899.359375,B8DB8AF16E20,0003,male,C57BL/6,1.1.1,FR1_Approach,0,Status,215,310,123,93,0,0,,,,,Disabled,25.2,42.3,1010.2,12.6,0.000,0.000,247732,339964,181308,25722,3.85,56.00
2026-07-22 03:17:12,125427.195312,B8DB8AF16E20,0003,male,C57BL/6,1.1.1,FR1_Approach,0,Left,215,311,123,93,0,0,,,,,,,,,,,,,,,,,,,,
2026-07-22 03:17:13,125428.398438,B8DB8AF16E20,0003,male,C57BL/6,1.1.1,FR1_Approach,0,Approach,215,311,123,93,0,0,,,,,,,,,,,,,,,,,,,,
2026-07-22 03:17:16,125431.265625,B8DB8AF16E20,0003,male,C57BL/6,1.1.1,FR1_Approach,0,PelletDrop,216,311,123,93,0,0,,,,,,,,,,,,,,,,,,,,
2026-07-22 03:17:17,125432.062500,B8DB8AF16E20,0003,male,C57BL/6,1.1.1,FR1_Approach,0,PelletTaken,216,311,123,93,0,0,0.192,49.000,0,1,,,,,,,,,,,,,,,,
2026-07-22 03:19:33,125569.203125,B8DB8AF16E20,0003,male,C57BL/6,1.1.1,FR1_Approach,0,Status,216,311,123,93,0,0,,,,,Disabled,25.2,41.7,1010.2,12.5,0.000,0.000,247732,339964,181308,25858,3.84,56.00
2026-07-22 03:20:52,125649.031250,B8DB8AF16E20,0003,male,C57BL/6,1.1.1,FR1_Approach,0,Left,216,312,123,93,0,0,,,,,,,,,,,,,,,,,,,,
2026-07-22 03:20:54,125650.234375,B8DB8AF16E20,0003,male,C57BL/6,1.1.1,FR1_Approach,0,Approach,216,312,123,93,0,0,,,,,,,,,,,,,,,,,,,,
2026-07-22 03:20:59,125655.304688,B8DB8AF16E20,0003,male,C57BL/6,1.1.1,FR1_Approach,0,PelletDrop,217,312,123,93,0,0,,,,,,,,,,,,,,,,,,,,
2026-07-22 03:21:07,125664.140625,B8DB8AF16E20,0003,male,C57BL/6,1.1.1,FR1_Approach,0,PelletTaken,217,312,123,93,0,0,8.233,21.000,0,2,,,,,,,,,,,,,,,,
2026-07-22 03:30:04,126201.218750,B8DB8AF16E20,0003,male,C57BL/6,1.1.1,FR1_Approach,0,Status,217,312,123,93,0,0,,,,,Disabled,25.2,42.4,1010.2,12.5,0.000,0.000,247732,339964,181308,25993,3.84,55.68
2026-07-22 03:35:10,126507.898438,B8DB8AF16E20,0003,male,C57BL/6,1.1.1,FR1_Approach,0,Left,217,313,123,93,0,0,,,,,,,,,,,,,,,,,,,,
2026-07-22 03:35:12,126509.101562,B8DB8AF16E20,0003,male,C57BL/6,1.1.1,FR1_Approach,0,Approach,217,313,123,93,0,0,,,,,,,,,,,,,,,,,,,,
2026-07-22 03:35:19,126516.406250,B8DB8AF16E20,0003,male,C57BL/6,1.1.1,FR1_Approach,0,PelletDrop,218,313,123,93,0,0,,,,,,,,,,,,,,,,,,,,
2026-07-22 03:35:24,126521.054688,B8DB8AF16E20,0003,male,C57BL/6,1.1.1,FR1_Approach,0,PelletTaken,218,313,123,93,0,0,4.052,86.000,0,3,,,,,,,,,,,,,,,,
2026-07-22 03:41:22,126879.179688,B8DB8AF16E20,0003,male,C57BL/6,1.1.1,FR1_Approach,0,Left,218,314,123,93,0,0,,,,,,,,,,,,,,,,,,,,
2026-07-22 03:41:25,126881.960938,B8DB8AF16E20,0003,male,C57BL/6,1.1.1,FR1_Approach,0,No_approach,218,314,123,93,0,0,,,,,,,,,,,,,,,,,,,,
2026-07-22 03:41:29,126885.585938,B8DB8AF16E20,0003,male,C57BL/6,1.1.1,FR1_Approach,0,Left,218,315,123,93,0,0,,,,,,,,,,,,,,,,,,,,
2026-07-22 03:41:30,126887.031250,B8DB8AF16E20,0003,male,C57BL/6,1.1.1,FR1_Approach,0,Approach,218,315,123,93,0,0,,,,,,,,,,,,,,,,,,,,
2026-07-22 03:41:35,126892.101562,B8DB8AF16E20,0003,male,C57BL/6,1.1.1,FR1_Approach,0,PelletDrop,219,315,123,93,0,0,,,,,,,,,,,,,,,,,,,,
2026-07-22 03:41:43,126899.906250,B8DB8AF16E20,0003,male,C57BL/6,1.1.1,FR1_Approach,0,PelletTaken,219,315,123,93,0,0,7.189,60.000,0,2,,,,,,,,,,,,,,,,
2026-07-22 03:41:51,126907.664062,B8DB8AF16E20,0003,male,C57BL/6,1.1.1,FR1_Approach,0,Status,219,315,123,93,0,0,,,,,Disabled,25.3,41.0,1010.2,12.3,0.000,0.000,247732,339964,181308,26130,3.85,55.36
2026-07-22 03:43:11,126987.984375,B8DB8AF16E20,0003,male,C57BL/6,1.1.1,FR1_Approach,0,Left,219,316,123,93,0,0,,,,,,,,,,,,,,,,,,,,
2026-07-22 03:43:13,126989.437500,B8DB8AF16E20,0003,male,C57BL/6,1.1.1,FR1_Approach,0,Approach,219,316,123,93,0,0,,,,,,,,,,,,,,,,,,,,
2026-07-22 03:43:18,126994.523438,B8DB8AF16E20,0003,male,C57BL/6,1.1.1,FR1_Approach,0,PelletDrop,220,316,123,93,0,0,,,,,,,,,,,,,,,,,,,,
2026-07-22 03:43:27,127003.648438,B8DB8AF16E20,0003,male,C57BL/6,1.1.1,FR1_Approach,0,PelletTaken,220,316,123,93,0,0,8.529,11.000,0,2,,,,,,,,,,,,,,,,
2026-07-22 03:50:05,127402.617188,B8DB8AF16E20,0003,male,C57BL/6,1.1.1,FR1_Approach,0,Right,220,316,124,93,0,0,,,,,,,,,,,,,,,,,,,,
2026-07-22 03:51:58,127515.296875,B8DB8AF16E20,0003,male,C57BL/6,1.1.1,FR1_Approach,0,Status,220,316,124,93,0,0,,,,,Disabled,25.2,42.4,1010.3,12.3,0.000,0.000,247732,339964,181308,26259,3.85,55.36
2026-07-22 03:54:48,127685.578125,B8DB8AF16E20,0003,male,C57BL/6,1.1.1,FR1_Approach,0,Left,220,317,124,93,0,0,,,,,,,,,,,,,,,,,,,,
2026-07-22 03:54:51,127688.359375,B8DB8AF16E20,0003,male,C57BL/6,1.1.1,FR1_Approach,0,No_approach,220,317,124,93,0,0,,,,,,,,,,,,,,,,,,,,
2026-07-22 03:57:55,127872.960938,B8DB8AF16E20,0003,male,C57BL/6,1.1.1,FR1_Approach,0,Left,220,318,124,93,0,0,,,,,,,,,,,,,,,,,,,,
2026-07-22 03:57:58,127875.648438,B8DB8AF16E20,0003,male,C57BL/6,1.1.1,FR1_Approach,0,Approach,220,318,124,93,0,0,,,,,,,,,,,,,,,,,,,,
2026-07-22 03:58:01,127878.500000,B8DB8AF16E20,0003,male,C57BL/6,1.1.1,FR1_Approach,0,PelletDrop,221,318,124,93,0,0,,,,,,,,,,,,,,,,,,,,
2026-07-22 03:58:02,127879.695312,B8DB8AF16E20,0003,male,C57BL/6,1.1.1,FR1_Approach,0,PelletNotDetected,221,318,124,93,0,0,,,,,,,,,,,,,,,,,,,,
2026-07-22 03:58:52,127929.515625,B8DB8AF16E20,0003,male,C57BL/6,1.1.1,FR1_Approach,0,Left,221,319,124,93,0,0,,,,,,,,,,,,,,,,,,,,
2026-07-22 03:58:53,127930.960938,B8DB8AF16E20,0003,male,C57BL/6,1.1.1,FR1_Approach,0,Approach,221,319,124,93,0,0,,,,,,,,,,,,,,,,,,,,
2026-07-22 03:58:58,127935.984375,B8DB8AF16E20,0003,male,C57BL/6,1.1.1,FR1_Approach,0,PelletDrop,222,319,124,93,0,0,,,,,,,,,,,,,,,,,,,,
2026-07-22 03:59:07,127944.687500,B8DB8AF16E20,0003,male,C57BL/6,1.1.1,FR1_Approach,0,PelletTaken,222,319,124,93,0,0,8.100,199.000,0,3,,,,,,,,,,,,,,,,
2026-07-22 04:03:12,128190.617188,B8DB8AF16E20,0003,male,C57BL/6,1.1.1,FR1_Approach,0,Status,222,319,124,93,0,0,,,,,Disabled,25.3,41.6,1010.3,12.3,0.000,0.000,247732,339964,181308,26391,3.85,55.05
2026-07-22 04:05:14,128312.265625,B8DB8AF16E20,0003,male,C57BL/6,1.1.1,FR1_Approach,0,Left,222,320,124,93,0,0,,,,,,,,,,,,,,,,,,,,
2026-07-22 04:05:17,128315.054688,B8DB8AF16E20,0003,male,C57BL/6,1.1.1,FR1_Approach,0,No_approach,222,320,124,93,0,0,,,,,,,,,,,,,,,,,,,,
2026-07-22 04:05:23,128321.898438,B8DB8AF16E20,0003,male,C57BL/6,1.1.1,FR1_Approach,0,Left,222,321,124,93,0,0,,,,,,,,,,,,,,,,,,,,
2026-07-22 04:05:25,128323.351562,B8DB8AF16E20,0003,male,C57BL/6,1.1.1,FR1_Approach,0,Approach,222,321,124,93,0,0,,,,,,,,,,,,,,,,,,,,
2026-07-22 04:05:30,128328.421875,B8DB8AF16E20,0003,male,C57BL/6,1.1.1,FR1_Approach,0,PelletDrop,223,321,124,93,0,0,,,,,,,,,,,,,,,,,,,,
2026-07-22 04:05:39,128337.648438,B8DB8AF16E20,0003,male,C57BL/6,1.1.1,FR1_Approach,0,PelletTaken,223,321,124,93,0,0,8.629,12.000,0,2,,,,,,,,,,,,,,,,
2026-07-22 04:09:55,128593.375000,B8DB8AF16E20,0003,male,C57BL/6,1.1.1,FR1_Approach,0,Right,223,321,125,93,0,0,,,,,,,,,,,,,,,,,,,,
2026-07-22 04:09:58,128596.539062,B8DB8AF16E20,0003,male,C57BL/6,1.1.1,FR1_Approach,0,Left,223,322,125,93,0,0,,,,,,,,,,,,,,,,,,,,
2026-07-22 04:09:59,128597.750000,B8DB8AF16E20,0003,male,C57BL/6,1.1.1,FR1_Approach,0,Approach,223,322,125,93,0,0,,,,,,,,,,,,,,,,,,,,
2026-07-22 04:10:02,128600.601562,B8DB8AF16E20,0003,male,C57BL/6,1.1.1,FR1_Approach,0,PelletDrop,224,322,125,93,0,0,,,,,,,,,,,,,,,,,,,,
2026-07-22 04:10:03,128601.812500,B8DB8AF16E20,0003,male,C57BL/6,1.1.1,FR1_Approach,0,PelletNotDetected,224,322,125,93,0,0,,,,,,,,,,,,,,,,,,,,
2026-07-22 04:11:02,128660.382812,B8DB8AF16E20,0003,male,C57BL/6,1.1.1,FR1_Approach,0,Left,224,323,125,93,0,0,,,,,,,,,,,,,,,,,,,,
2026-07-22 04:11:03,128661.578125,B8DB8AF16E20,0003,male,C57BL/6,1.1.1,FR1_Approach,0,Approach,224,323,125,93,0,0,,,,,,,,,,,,,,,,,,,,
2026-07-22 04:11:06,128664.382812,B8DB8AF16E20,0003,male,C57BL/6,1.1.1,FR1_Approach,0,PelletDrop,225,323,125,93,0,0,,,,,,,,,,,,,,,,,,,,
2026-07-22 04:11:13,128672.210938,B8DB8AF16E20,0003,male,C57BL/6,1.1.1,FR1_Approach,0,PelletTaken,225,323,125,93,0,0,7.209,21.000,0,2,,,,,,,,,,,,,,,,
2026-07-22 04:14:28,128867.289062,B8DB8AF16E20,0003,male,C57BL/6,1.1.1,FR1_Approach,0,Status,225,323,125,93,0,0,,,,,Disabled,25.4,41.5,1010.3,12.3,0.000,0.000,247732,339964,181308,26525,3.84,54.73
2026-07-22 04:20:25,129224.195312,B8DB8AF16E20,0003,male,C57BL/6,1.1.1,FR1_Approach,0,Right,225,323,126,93,0,0,,,,,,,,,,,,,,,,,,,,
2026-07-22 04:20:27,129226.312500,B8DB8AF16E20,0003,male,C57BL/6,1.1.1,FR1_Approach,0,Left,225,324,126,93,0,0,,,,,,,,,,,,,,,,,,,,
2026-07-22 04:20:28,129227.515625,B8DB8AF16E20,0003,male,C57BL/6,1.1.1,FR1_Approach,0,Approach,225,324,126,93,0,0,,,,,,,,,,,,,,,,,,,,
2026-07-22 04:20:33,129232.593750,B8DB8AF16E20,0003,male,C57BL/6,1.1.1,FR1_Approach,0,PelletDrop,226,324,126,93,0,0,,,,,,,,,,,,,,,,,,,,
2026-07-22 04:20:43,129242.640625,B8DB8AF16E20,0003,male,C57BL/6,1.1.1,FR1_Approach,0,PelletTaken,226,324,126,93,0,0,9.454,12.000,0,2,,,,,,,,,,,,,,,,
2026-07-22 04:25:00,129499.703125,B8DB8AF16E20,0003,male,C57BL/6,1.1.1,FR1_Approach,0,Status,226,324,126,93,0,0,,,,,Disabled,25.3,42.7,1010.4,12.5,0.000,0.000,247732,339964,181308,26659,3.83,54.41
2026-07-22 04:36:17,130177.390625,B8DB8AF16E20,0003,male,C57BL/6,1.1.1,FR1_Approach,0,Status,226,324,126,93,0,0,,,,,Disabled,25.3,41.9,1010.4,12.4,0.000,0.000,247732,339964,181308,26796,3.84,54.10
2026-07-22 04:38:12,130292.765625,B8DB8AF16E20,0003,male,C57BL/6,1.1.1,FR1_Approach,0,Left,226,325,126,93,0,0,,,,,,,,,,,,,,,,,,,,
2026-07-22 04:38:14,130293.968750,B8DB8AF16E20,0003,male,C57BL/6,1.1.1,FR1_Approach,0,Approach,226,325,126,93,0,0,,,,,,,,,,,,,,,,,,,,
2026-07-22 04:38:17,130296.820312,B8DB8AF16E20,0003,male,C57BL/6,1.1.1,FR1_Approach,0,PelletDrop,227,325,126,93,0,0,,,,,,,,,,,,,,,,,,,,
2026-07-22 04:38:17,130297.625000,B8DB8AF16E20,0003,male,C57BL/6,1.1.1,FR1_Approach,0,PelletTaken,227,325,126,93,0,0,0.202,21.000,0,1,,,,,,,,,,,,,,,,
2026-07-22 04:41:52,130512.171875,B8DB8AF16E20,0003,male,C57BL/6,1.1.1,FR1_Approach,0,Left,227,326,126,93,0,0,,,,,,,,,,,,,,,,,,,,
2026-07-22 04:41:54,130514.953125,B8DB8AF16E20,0003,male,C57BL/6,1.1.1,FR1_Approach,0,No_approach,227,326,126,93,0,0,,,,,,,,,,,,,,,,,,,,
2026-07-22 04:41:59,130519.750000,B8DB8AF16E20,0003,male,C57BL/6,1.1.1,FR1_Approach,0,Left,227,327,126,93,0,0,,,,,,,,,,,,,,,,,,,,
2026-07-22 04:42:00,130520.953125,B8DB8AF16E20,0003,male,C57BL/6,1.1.1,FR1_Approach,0,Approach,227,327,126,93,0,0,,,,,,,,,,,,,,,,,,,,
2026-07-22 04:42:06,130526.039062,B8DB8AF16E20,0003,male,C57BL/6,1.1.1,FR1_Approach,0,PelletDrop,228,327,126,93,0,0,,,,,,,,,,,,,,,,,,,,
2026-07-22 04:42:15,130535.773438,B8DB8AF16E20,0003,male,C57BL/6,1.1.1,FR1_Approach,0,PelletTaken,228,327,126,93,0,0,9.135,49.000,0,2,,,,,,,,,,,,,,,,
2026-07-22 04:46:50,130810.320312,B8DB8AF16E20,0003,male,C57BL/6,1.1.1,FR1_Approach,0,Status,228,327,126,93,0,0,,,,,Disabled,25.2,42.8,1010.5,12.5,0.000,0.000,247732,339964,181308,26928,3.83,53.78
2026-07-22 04:58:07,131488.703125,B8DB8AF16E20,0003,male,C57BL/6,1.1.1,FR1_Approach,0,Status,228,327,126,93,0,0,,,,,Disabled,25.3,41.9,1010.5,12.4,0.000,0.000,247732,339964,181308,27065,3.83,53.46
2026-07-22 05:08:40,132122.015625,B8DB8AF16E20,0003,male,C57BL/6,1.1.1,FR1_Approach,0,Status,228,327,126,93,0,0,,,,,Disabled,25.1,42.9,1010.6,12.5,0.000,0.000,247732,339964,181308,27202,3.83,53.46
2026-07-22 05:20:02,132803.890625,B8DB8AF16E20,0003,male,C57BL/6,1.1.1,FR1_Approach,0,Status,228,327,126,93,0,0,,,,,Disabled,25.2,41.8,1010.6,12.5,0.000,0.000,247732,339964,181308,27339,3.83,53.08
2026-07-22 05:30:34,133437.218750,B8DB8AF16E20,0003,male,C57BL/6,1.1.1,FR1_Approach,0,Status,228,327,126,93,0,0,,,,,Disabled,25.1,42.8,1010.7,12.6,0.000,0.000,247732,339964,181308,27476,3.84,53.08
2026-07-22 05:41:47,134111.109375,B8DB8AF16E20,0003,male,C57BL/6,1.1.1,FR1_Approach,0,Status,228,327,126,93,0,0,,,,,Disabled,25.1,41.9,1010.8,12.5,0.000,0.000,247732,339964,181308,27613,3.84,52.70
2026-07-22 05:52:19,134744.406250,B8DB8AF16E20,0003,male,C57BL/6,1.1.1,FR1_Approach,0,Status,228,327,126,93,0,0,,,,,Disabled,25.0,42.8,1010.9,12.6,0.000,0.000,247732,339964,181308,27750,3.83,52.70
2026-07-22 06:03:36,135421.421875,B8DB8AF16E20,0003,male,C57BL/6,1.1.1,FR1_Approach,0,Status,228,327,126,93,0,0,,,,,Disabled,25.0,41.8,1011.0,12.5,0.029,30.000,247732,339964,181308,27887,3.83,52.31
2026-07-22 06:11:55,135920.671875,B8DB8AF16E20,0003,male,C57BL/6,1.1.1,FR1_Approach,0,Left,228,328,126,93,0,0,,,,,,,,,,,,,,,,,,,,
2026-07-22 06:11:58,135923.468750,B8DB8AF16E20,0003,male,C57BL/6,1.1.1,FR1_Approach,0,No_approach,228,328,126,93,0,0,,,,,,,,,,,,,,,,,,,,
2026-07-22 06:12:02,135928.171875,B8DB8AF16E20,0003,male,C57BL/6,1.1.1,FR1_Approach,0,Center,228,328,126,94,0,0,,,,,,,,,,,,,,,,,,,,
2026-07-22 06:12:07,135932.937500,B8DB8AF16E20,0003,male,C57BL/6,1.1.1,FR1_Approach,0,Left,228,329,126,94,0,0,,,,,,,,,,,,,,,,,,,,
2026-07-22 06:12:09,135934.625000,B8DB8AF16E20,0003,male,C57BL/6,1.1.1,FR1_Approach,0,Approach,228,329,126,94,0,0,,,,,,,,,,,,,,,,,,,,
2026-07-22 06:12:14,135939.703125,B8DB8AF16E20,0003,male,C57BL/6,1.1.1,FR1_Approach,0,PelletDrop,229,329,126,94,0,0,,,,,,,,,,,,,,,,,,,,
2026-07-22 06:12:27,135953.000000,B8DB8AF16E20,0003,male,C57BL/6,1.1.1,FR1_Approach,0,PelletTaken,229,329,126,94,0,0,12.688,50.000,0,2,,,,,,,,,,,,,,,,
2026-07-22 06:14:56,136102.031250,B8DB8AF16E20,0003,male,C57BL/6,1.1.1,FR1_Approach,0,Status,229,329,126,94,0,0,,,,,Disabled,25.2,41.5,1011.1,12.5,0.022,27.000,247732,339964,181308,28019,3.83,51.93
2026-07-22 06:15:34,136140.000000,B8DB8AF16E20,0003,male,C57BL/6,1.1.1,FR1_Approach,0,Left,229,330,126,94,0,0,,,,,,,,,,,,,,,,,,,,
2026-07-22 06:15:35,136141.218750,B8DB8AF16E20,0003,male,C57BL/6,1.1.1,FR1_Approach,0,Approach,229,330,126,94,0,0,,,,,,,,,,,,,,,,,,,,
2026-07-22 06:15:40,136146.296875,B8DB8AF16E20,0003,male,C57BL/6,1.1.1,FR1_Approach,0,PelletDrop,230,330,126,94,0,0,,,,,,,,,,,,,,,,,,,,
2026-07-22 06:15:49,136155.281250,B8DB8AF16E20,0003,male,C57BL/6,1.1.1,FR1_Approach,0,PelletTaken,230,330,126,94,0,0,8.387,12.000,0,2,,,,,,,,,,,,,,,,
2026-07-22 06:23:46,136632.468750,B8DB8AF16E20,0003,male,C57BL/6,1.1.1,FR1_Approach,0,Right,230,330,127,94,0,0,,,,,,,,,,,,,,,,,,,,
2026-07-22 06:23:55,136641.531250,B8DB8AF16E20,0003,male,C57BL/6,1.1.1,FR1_Approach,0,Left,230,331,127,94,0,0,,,,,,,,,,,,,,,,,,,,
2026-07-22 06:23:57,136643.953125,B8DB8AF16E20,0003,male,C57BL/6,1.1.1,FR1_Approach,0,Approach,230,331,127,94,0,0,,,,,,,,,,,,,,,,,,,,
2026-07-22 06:24:00,136646.796875,B8DB8AF16E20,0003,male,C57BL/6,1.1.1,FR1_Approach,0,PelletDrop,231,331,127,94,0,0,,,,,,,,,,,,,,,,,,,,
2026-07-22 06:24:01,136648.015625,B8DB8AF16E20,0003,male,C57BL/6,1.1.1,FR1_Approach,0,PelletNotDetected,231,331,127,94,0,0,,,,,,,,,,,,,,,,,,,,
2026-07-22 06:25:28,136734.437500,B8DB8AF16E20,0003,male,C57BL/6,1.1.1,FR1_Approach,0,Status,231,331,127,94,0,0,,,,,Disabled,25.1,42.6,1011.2,12.6,0.040,31.000,247732,339964,181308,28153,3.83,51.55
2026-07-22 06:27:24,136850.609375,B8DB8AF16E20,0003,male,C57BL/6,1.1.1,FR1_Approach,0,Left,231,332,127,94,0,0,,,,,,,,,,,,,,,,,,,,
2026-07-22 06:27:26,136852.562500,B8DB8AF16E20,0003,male,C57BL/6,1.1.1,FR1_Approach,0,Approach,231,332,127,94,0,0,,,,,,,,,,,,,,,,,,,,
2026-07-22 06:27:28,136855.359375,B8DB8AF16E20,0003,male,C57BL/6,1.1.1,FR1_Approach,0,PelletDrop,232,332,127,94,0,0,,,,,,,,,,,,,,,,,,,,
2026-07-22 06:27:30,136856.562500,B8DB8AF16E20,0003,male,C57BL/6,1.1.1,FR1_Approach,0,PelletNotDetected,232,332,127,94,0,0,,,,,,,,,,,,,,,,,,,,
2026-07-22 06:27:55,136882.484375,B8DB8AF16E20,0003,male,C57BL/6,1.1.1,FR1_Approach,0,Left,232,333,127,94,0,0,,,,,,,,,,,,,,,,,,,,
2026-07-22 06:27:58,136885.171875,B8DB8AF16E20,0003,male,C57BL/6,1.1.1,FR1_Approach,0,Approach,232,333,127,94,0,0,,,,,,,,,,,,,,,,,,,,
2026-07-22 06:28:05,136892.171875,B8DB8AF16E20,0003,male,C57BL/6,1.1.1,FR1_Approach,0,PelletDrop,233,333,127,94,0,0,,,,,,,,,,,,,,,,,,,,
2026-07-22 06:28:13,136899.765625,B8DB8AF16E20,0003,male,C57BL/6,1.1.1,FR1_Approach,0,PelletTaken,233,333,127,94,0,0,6.990,31.000,0,4,,,,,,,,,,,,,,,,
2026-07-22 06:37:07,137434.156250,B8DB8AF16E20,0003,male,C57BL/6,1.1.1,FR1_Approach,0,Status,233,333,127,94,0,0,,,,,Disabled,25.2,41.3,1011.3,12.3,0.036,32.000,247732,339964,181308,28286,3.82,51.16
2026-07-22 06:45:32,137939.296875,B8DB8AF16E20,0003,male,C57BL/6,1.1.1,FR1_Approach,0,Left,233,334,127,94,0,0,,,,,,,,,,,,,,,,,,,,
2026-07-22 06:45:33,137940.500000,B8DB8AF16E20,0003,male,C57BL/6,1.1.1,FR1_Approach,0,Approach,233,334,127,94,0,0,,,,,,,,,,,,,,,,,,,,
2026-07-22 06:45:40,137947.734375,B8DB8AF16E20,0003,male,C57BL/6,1.1.1,FR1_Approach,0,PelletDrop,234,334,127,94,0,0,,,,,,,,,,,,,,,,,,,,
2026-07-22 06:45:49,137956.843750,B8DB8AF16E20,0003,male,C57BL/6,1.1.1,FR1_Approach,0,PelletTaken,234,334,127,94,0,0,8.497,22.000,0,3,,,,,,,,,,,,,,,,
2026-07-22 06:48:28,138115.796875,B8DB8AF16E20,0003,male,C57BL/6,1.1.1,FR1_Approach,0,Status,234,334,127,94,0,0,,,,,Disabled,25.3,41.5,1011.3,12.3,0.029,29.000,247732,339964,181308,28419,3.82,50.78
2026-07-22 06:56:09,138576.406250,B8DB8AF16E20,0003,male,C57BL/6,1.1.1,FR1_Approach,0,Center,234,334,127,95,0,0,,,,,,,,,,,,,,,,,,,,
2026-07-22 06:56:23,138590.828125,B8DB8AF16E20,0003,male,C57BL/6,1.1.1,FR1_Approach,0,Right,234,334,128,95,0,0,,,,,,,,,,,,,,,,,,,,
2026-07-22 06:56:25,138592.484375,B8DB8AF16E20,0003,male,C57BL/6,1.1.1,FR1_Approach,0,Center,234,334,128,96,0,0,,,,,,,,,,,,,,,,,,,,
2026-07-22 06:56:26,138594.062500,B8DB8AF16E20,0003,male,C57BL/6,1.1.1,FR1_Approach,0,Left,234,335,128,96,0,0,,,,,,,,,,,,,,,,,,,,
2026-07-22 06:56:28,138596.234375,B8DB8AF16E20,0003,male,C57BL/6,1.1.1,FR1_Approach,0,Approach,234,335,128,96,0,0,,,,,,,,,,,,,,,,,,,,
2026-07-22 06:56:33,138601.328125,B8DB8AF16E20,0003,male,C57BL/6,1.1.1,FR1_Approach,0,PelletDrop,235,335,128,96,0,0,,,,,,,,,,,,,,,,,,,,
2026-07-22 06:56:44,138611.984375,B8DB8AF16E20,0003,male,C57BL/6,1.1.1,FR1_Approach,0,PelletTaken,235,335,128,96,0,0,10.059,77.000,0,2,,,,,,,,,,,,,,,,
2026-07-22 06:57:07,138635.250000,B8DB8AF16E20,0003,male,C57BL/6,1.1.1,FR1_Approach,0,Center,235,335,128,97,0,0,,,,,,,,,,,,,,,,,,,,
2026-07-22 06:59:52,138800.390625,B8DB8AF16E20,0003,male,C57BL/6,1.1.1,FR1_Approach,0,Status,235,335,128,97,0,0,,,,,Disabled,25.4,41.5,1011.4,12.4,0.000,10.000,247732,339964,181308,28556,3.82,50.39
2026-07-22 07:08:16,139305.031250,B8DB8AF16E20,0003,male,C57BL/6,1.1.1,FR1_Approach,0,Right,235,335,129,97,0,0,,,,,,,,,,,,,,,,,,,,
2026-07-22 07:08:22,139311.609375,B8DB8AF16E20,0003,male,C57BL/6,1.1.1,FR1_Approach,0,Left,235,336,129,97,0,0,,,,,,,,,,,,,,,,,,,,
2026-07-22 07:08:24,139313.062500,B8DB8AF16E20,0003,male,C57BL/6,1.1.1,FR1_Approach,0,Approach,235,336,129,97,0,0,,,,,,,,,,,,,,,,,,,,
2026-07-22 07:08:27,139315.921875,B8DB8AF16E20,0003,male,C57BL/6,1.1.1,FR1_Approach,0,PelletDrop,236,336,129,97,0,0,,,,,,,,,,,,,,,,,,,,
2026-07-22 07:08:28,139317.125000,B8DB8AF16E20,0003,male,C57BL/6,1.1.1,FR1_Approach,0,PelletNotDetected,236,336,129,97,0,0,,,,,,,,,,,,,,,,,,,,
2026-07-22 07:11:12,139481.171875,B8DB8AF16E20,0003,male,C57BL/6,1.1.1,FR1_Approach,0,Left,236,337,129,97,0,0,,,,,,,,,,,,,,,,,,,,
2026-07-22 07:11:14,139482.375000,B8DB8AF16E20,0003,male,C57BL/6,1.1.1,FR1_Approach,0,Approach,236,337,129,97,0,0,,,,,,,,,,,,,,,,,,,,
2026-07-22 07:11:16,139485.203125,B8DB8AF16E20,0003,male,C57BL/6,1.1.1,FR1_Approach,0,PelletDrop,237,337,129,97,0,0,,,,,,,,,,,,,,,,,,,,
2026-07-22 07:11:18,139486.390625,B8DB8AF16E20,0003,male,C57BL/6,1.1.1,FR1_Approach,0,PelletNotDetected,237,337,129,97,0,0,,,,,,,,,,,,,,,,,,,,
2026-07-22 07:11:25,139494.125000,B8DB8AF16E20,0003,male,C57BL/6,1.1.1,FR1_Approach,0,Status,237,337,129,97,0,0,,,,,Disabled,25.5,41.4,1011.5,12.3,0.011,20.000,247732,339964,181308,28694,3.83,50.01
2026-07-22 07:22:40,140169.640625,B8DB8AF16E20,0003,male,C57BL/6,1.1.1,FR1_Approach,0,Status,237,337,129,97,0,0,,,,,Disabled,25.5,41.7,1011.6,12.4,0.014,22.000,247732,339964,181308,28829,3.83,49.62
2026-07-22 07:25:56,140365.875000,B8DB8AF16E20,0003,male,C57BL/6,1.1.1,FR1_Approach,0,Right,237,337,130,97,0,0,,,,,,,,,,,,,,,,,,,,
2026-07-22 07:26:26,140395.671875,B8DB8AF16E20,0003,male,C57BL/6,1.1.1,FR1_Approach,0,Left,237,338,130,97,0,0,,,,,,,,,,,,,,,,,,,,
2026-07-22 07:26:27,140396.890625,B8DB8AF16E20,0003,male,C57BL/6,1.1.1,FR1_Approach,0,Approach,237,338,130,97,0,0,,,,,,,,,,,,,,,,,,,,
2026-07-22 07:26:34,140403.890625,B8DB8AF16E20,0003,male,C57BL/6,1.1.1,FR1_Approach,0,PelletDrop,238,338,130,97,0,0,,,,,,,,,,,,,,,,,,,,
2026-07-22 07:26:41,140410.937500,B8DB8AF16E20,0003,male,C57BL/6,1.1.1,FR1_Approach,0,PelletTaken,238,338,130,97,0,0,6.440,49.000,0,4,,,,,,,,,,,,,,,,
2026-07-22 07:29:15,140564.468750,B8DB8AF16E20,0003,male,C57BL/6,1.1.1,FR1_Approach,0,Center,238,338,130,98,0,0,,,,,,,,,,,,,,,,,,,,
2026-07-22 07:34:00,140850.265625,B8DB8AF16E20,0003,male,C57BL/6,1.1.1,FR1_Approach,0,Status,238,338,130,98,0,0,,,,,Disabled,25.5,41.9,1011.7,12.3,0.029,28.000,247732,339964,181308,28965,3.82,49.24
2026-07-22 07:37:32,141063.046875,B8DB8AF16E20,0003,male,C57BL/6,1.1.1,FR1_Approach,0,Right,238,338,131,98,0,0,,,,,,,,,,,,,,,,,,,,
2026-07-22 07:37:47,141077.828125,B8DB8AF16E20,0003,male,C57BL/6,1.1.1,FR1_Approach,0,Left,238,339,131,98,0,0,,,,,,,,,,,,,,,,,,,,
2026-07-22 07:37:48,141079.046875,B8DB8AF16E20,0003,male,C57BL/6,1.1.1,FR1_Approach,0,Approach,238,339,131,98,0,0,,,,,,,,,,,,,,,,,,,,
2026-07-22 07:37:53,141084.078125,B8DB8AF16E20,0003,male,C57BL/6,1.1.1,FR1_Approach,0,PelletDrop,239,339,131,98,0,0,,,,,,,,,,,,,,,,,,,,
2026-07-22 07:37:55,141085.265625,B8DB8AF16E20,0003,male,C57BL/6,1.1.1,FR1_Approach,0,PelletNotDetected,239,339,131,98,0,0,,,,,,,,,,,,,,,,,,,,
2026-07-22 07:38:23,141113.968750,B8DB8AF16E20,0003,male,C57BL/6,1.1.1,FR1_Approach,0,Left,239,340,131,98,0,0,,,,,,,,,,,,,,,,,,,,
2026-07-22 07:38:24,141115.187500,B8DB8AF16E20,0003,male,C57BL/6,1.1.1,FR1_Approach,0,Approach,239,340,131,98,0,0,,,,,,,,,,,,,,,,,,,,
2026-07-22 07:38:27,141117.984375,B8DB8AF16E20,0003,male,C57BL/6,1.1.1,FR1_Approach,0,PelletDrop,240,340,131,98,0,0,,,,,,,,,,,,,,,,,,,,
2026-07-22 07:38:28,141118.765625,B8DB8AF16E20,0003,male,C57BL/6,1.1.1,FR1_Approach,0,PelletTaken,240,340,131,98,0,0,0.180,96.000,0,3,,,,,,,,,,,,,,,,
2026-07-22 07:43:16,141407.343750,B8DB8AF16E20,0003,male,C57BL/6,1.1.1,FR1_Approach,0,Left,240,341,131,98,0,0,,,,,,,,,,,,,,,,,,,,
2026-07-22 07:43:19,141410.031250,B8DB8AF16E20,0003,male,C57BL/6,1.1.1,FR1_Approach,0,Approach,240,341,131,98,0,0,,,,,,,,,,,,,,,,,,,,
2026-07-22 07:43:22,141412.843750,B8DB8AF16E20,0003,male,C57BL/6,1.1.1,FR1_Approach,0,PelletDrop,241,341,131,98,0,0,,,,,,,,,,,,,,,,,,,,
2026-07-22 07:43:22,141413.546875,B8DB8AF16E20,0003,male,C57BL/6,1.1.1,FR1_Approach,0,PelletTaken,241,341,131,98,0,0,0.104,50.000,0,1,,,,,,,,,,,,,,,,
2026-07-22 07:43:48,141439.031250,B8DB8AF16E20,0003,male,C57BL/6,1.1.1,FR1_Approach,0,Center,241,341,131,99,0,0,,,,,,,,,,,,,,,,,,,,
2026-07-22 07:45:12,141522.875000,B8DB8AF16E20,0003,male,C57BL/6,1.1.1,FR1_Approach,0,Status,241,341,131,99,0,0,,,,,Disabled,25.5,42.1,1011.9,12.3,0.014,24.000,247732,339964,181308,29099,3.82,48.86
2026-07-22 07:56:26,142197.515625,B8DB8AF16E20,0003,male,C57BL/6,1.1.1,FR1_Approach,0,Status,241,341,131,99,0,0,,,,,Disabled,25.4,42.1,1012.0,12.3,0.025,26.000,247732,339964,181308,29236,3.82,48.86
2026-07-22 08:07:55,142887.062500,B8DB8AF16E20,0003,male,C57BL/6,1.1.1,FR1_Approach,0,Status,241,341,131,99,0,0,,,,,Disabled,25.4,41.8,1012.2,12.3,0.025,29.000,247732,339964,181308,29373,3.82,48.48
2026-07-22 08:19:21,143572.703125,B8DB8AF16E20,0003,male,C57BL/6,1.1.1,FR1_Approach,0,Status,241,341,131,99,0,0,,,,,Disabled,25.4,41.9,1012.3,12.3,0.014,26.000,247732,339964,181308,29510,3.82,48.09
2026-07-22 08:30:54,144267.359375,B8DB8AF16E20,0003,male,C57BL/6,1.1.1,FR1_Approach,0,Status,241,341,131,99,0,0,,,,,Disabled,25.4,41.8,1012.4,12.4,0.014,26.000,247732,339964,181308,29647,3.81,47.71
2026-07-22 08:42:28,144962.031250,B8DB8AF16E20,0003,male,C57BL/6,1.1.1,FR1_Approach,0,Status,241,341,131,99,0,0,,,,,Disabled,25.4,41.8,1012.5,12.3,0.022,28.000,247732,339964,181308,29784,3.81,47.32
2026-07-22 08:53:01,145595.343750,B8DB8AF16E20,0003,male,C57BL/6,1.1.1,FR1_Approach,0,Status,241,341,131,99,0,0,,,,,Disabled,25.2,43.2,1012.6,12.5,0.022,28.000,247732,339964,181308,29921,3.82,47.32
2026-07-22 09:04:22,146277.156250,B8DB8AF16E20,0003,male,C57BL/6,1.1.1,FR1_Approach,0,Status,241,341,131,99,0,0,,,,,Disabled,25.2,42.4,1012.6,12.5,0.029,35.000,247732,339964,181308,30058,3.81,46.91
2026-07-22 09:14:54,146910.468750,B8DB8AF16E20,0003,male,C57BL/6,1.1.1,FR1_Approach,0,Status,241,341,131,99,0,0,,,,,Disabled,25.0,43.5,1012.7,12.5,0.025,26.000,247732,339964,181308,30195,3.81,46.91
2026-07-22 09:15:36,146952.156250,B8DB8AF16E20,0003,male,C57BL/6,1.1.1,FR1_Approach,0,Left,241,342,131,99,0,0,,,,,,,,,,,,,,,,,,,,
2026-07-22 09:15:37,146953.359375,B8DB8AF16E20,0003,male,C57BL/6,1.1.1,FR1_Approach,0,Approach,241,342,131,99,0,0,,,,,,,,,,,,,,,,,,,,
2026-07-22 09:15:40,146956.234375,B8DB8AF16E20,0003,male,C57BL/6,1.1.1,FR1_Approach,0,PelletDrop,242,342,131,99,0,0,,,,,,,,,,,,,,,,,,,,
2026-07-22 09:15:41,146956.937500,B8DB8AF16E20,0003,male,C57BL/6,1.1.1,FR1_Approach,0,PelletTaken,242,342,131,99,0,0,0.104,11.000,0,1,,,,,,,,,,,,,,,,
2026-07-22 09:17:31,147066.968750,B8DB8AF16E20,0003,male,C57BL/6,1.1.1,FR1_Approach,0,Left,242,343,131,99,0,0,,,,,,,,,,,,,,,,,,,,
2026-07-22 09:17:33,147069.718750,B8DB8AF16E20,0003,male,C57BL/6,1.1.1,FR1_Approach,0,Approach,242,343,131,99,0,0,,,,,,,,,,,,,,,,,,,,
2026-07-22 09:17:35,147071.484375,B8DB8AF16E20,0003,male,C57BL/6,1.1.1,FR1_Approach,0,PelletDrop,243,343,131,99,0,0,,,,,,,,,,,,,,,,,,,,
2026-07-22 09:17:42,147078.171875,B8DB8AF16E20,0003,male,C57BL/6,1.1.1,FR1_Approach,0,PelletTaken,243,343,131,99,0,0,6.099,30.000,0,0,,,,,,,,,,,,,,,,
2026-07-22 09:18:43,147139.796875,B8DB8AF16E20,0003,male,C57BL/6,1.1.1,FR1_Approach,0,Right,243,343,132,99,0,0,,,,,,,,,,,,,,,,,,,,
2026-07-22 09:26:16,147592.421875,B8DB8AF16E20,0003,male,C57BL/6,1.1.1,FR1_Approach,0,Status,243,343,132,99,0,0,,,,,Disabled,25.1,42.3,1012.8,12.3,0.014,27.000,247732,339964,181308,30329,3.79,46.50
2026-07-22 09:36:49,148225.750000,B8DB8AF16E20,0003,male,C57BL/6,1.1.1,FR1_Approach,0,Status,243,343,132,99,0,0,,,,,Disabled,24.9,43.4,1012.9,12.5,0.022,29.000,247732,339964,181308,30466,3.81,46.10
2026-07-22 09:48:15,148912.703125,B8DB8AF16E20,0003,male,C57BL/6,1.1.1,FR1_Approach,0,Status,243,343,132,99,0,0,,,,,Disabled,25.0,42.3,1012.8,12.4,0.043,39.000,247732,339964,181308,30603,3.81,45.69
2026-07-22 09:51:39,149117.203125,B8DB8AF16E20,0003,male,C57BL/6,1.1.1,FR1_Approach,0,Left,243,344,132,99,0,0,,,,,,,,,,,,,,,,,,,,
2026-07-22 09:51:41,149118.656250,B8DB8AF16E20,0003,male,C57BL/6,1.1.1,FR1_Approach,0,Approach,243,344,132,99,0,0,,,,,,,,,,,,,,,,,,,,
2026-07-22 09:51:44,149121.515625,B8DB8AF16E20,0003,male,C57BL/6,1.1.1,FR1_Approach,0,PelletDrop,244,344,132,99,0,0,,,,,,,,,,,,,,,,,,,,
2026-07-22 09:51:44,149122.250000,B8DB8AF16E20,0003,male,C57BL/6,1.1.1,FR1_Approach,0,PelletTaken,244,344,132,99,0,0,0.105,39.000,0,1,,,,,,,,,,,,,,,,
2026-07-22 09:58:47,149545.531250,B8DB8AF16E20,0003,male,C57BL/6,1.1.1,FR1_Approach,0,Status,244,344,132,99,0,0,,,,,Disabled,24.9,43.3,1012.9,12.4,1.541,638.000,247732,339964,181308,30739,3.82,45.28
2026-07-22 10:10:12,150230.890625,B8DB8AF16E20,0003,male,C57BL/6,1.1.1,FR1_Approach,0,Status,244,344,132,99,0,0,,,,,Disabled,25.0,42.1,1012.9,12.3,1.476,598.000,247732,339964,181308,30876,3.81,45.28
2026-07-22 10:20:45,150864.218750,B8DB8AF16E20,0003,male,C57BL/6,1.1.1,FR1_Approach,0,Status,244,344,132,99,0,0,,,,,Disabled,24.8,43.2,1013.0,12.5,1.490,604.000,247732,339964,181308,31013,3.81,44.87
2026-07-22 10:32:18,151558.125000,B8DB8AF16E20,0003,male,C57BL/6,1.1.1,FR1_Approach,0,Status,244,344,132,99,0,0,,,,,Disabled,24.8,42.0,1013.1,12.4,1.487,598.000,247732,339964,181308,31150,3.81,44.87
2026-07-22 10:43:44,152244.750000,B8DB8AF16E20,0003,male,C57BL/6,1.1.1,FR1_Approach,0,Status,244,344,132,99,0,0,,,,,Disabled,24.9,42.1,1013.2,12.4,1.487,602.000,247732,339964,181308,31287,3.80,44.46
2026-07-22 10:54:17,152878.078125,B8DB8AF16E20,0003,male,C57BL/6,1.1.1,FR1_Approach,0,Status,244,344,132,99,0,0,,,,,Disabled,24.7,43.3,1013.3,12.6,1.490,602.000,247732,339964,181308,31424,3.80,44.05
2026-07-22 11:05:46,153568.062500,B8DB8AF16E20,0003,male,C57BL/6,1.1.1,FR1_Approach,0,Status,244,344,132,99,0,0,,,,,Disabled,24.7,42.2,1013.4,12.5,1.490,605.000,247732,339964,181308,31561,3.80,43.64
2026-07-22 11:16:19,154201.390625,B8DB8AF16E20,0003,male,C57BL/6,1.1.1,FR1_Approach,0,Status,244,344,132,99,0,0,,,,,Disabled,24.5,43.4,1013.6,12.6,1.498,604.000,247732,339964,181308,31698,3.81,43.64
2026-07-22 11:27:48,154891.265625,B8DB8AF16E20,0003,male,C57BL/6,1.1.1,FR1_Approach,0,Status,244,344,132,99,0,0,,,,,Disabled,24.6,42.2,1013.6,12.5,1.487,596.000,247732,339964,181308,31835,3.80,43.23
2026-07-22 11:38:20,155524.562500,B8DB8AF16E20,0003,male,C57BL/6,1.1.1,FR1_Approach,0,Status,244,344,132,99,0,0,,,,,Disabled,24.4,43.4,1013.8,12.7,1.483,601.000,247732,339964,181308,31972,3.80,42.82
2026-07-22 11:49:45,156209.468750,B8DB8AF16E20,0003,male,C57BL/6,1.1.1,FR1_Approach,0,Status,244,344,132,99,0,0,,,,,Disabled,24.5,42.3,1013.8,12.6,1.483,596.000,247732,339964,181308,32109,3.80,42.41
2026-07-22 12:00:18,156842.796875,B8DB8AF16E20,0003,male,C57BL/6,1.1.1,FR1_Approach,0,Status,244,344,132,99,0,0,,,,,Disabled,24.3,43.4,1014.0,12.7,1.487,599.000,247732,339964,181308,32246,3.80,42.00
2026-07-22 12:11:48,157532.765625,B8DB8AF16E20,0003,male,C57BL/6,1.1.1,FR1_Approach,0,Status,244,344,132,99,0,0,,,,,Disabled,24.4,42.2,1014.0,12.6,1.476,594.000,247732,339964,181308,32383,3.80,42.00
2026-07-22 12:22:20,158166.078125,B8DB8AF16E20,0003,male,C57BL/6,1.1.1,FR1_Approach,0,Status,244,344,132,99,0,0,,,,,Disabled,24.3,43.5,1014.1,12.7,1.476,595.000,247732,339964,181308,32520,3.79,41.59
2026-07-22 12:29:26,158592.187500,B8DB8AF16E20,0003,male,C57BL/6,1.1.1,FR1_Approach,0,Left,244,345,132,99,0,0,,,,,,,,,,,,,,,,,,,,
2026-07-22 12:29:28,158594.140625,B8DB8AF16E20,0003,male,C57BL/6,1.1.1,FR1_Approach,0,Approach,244,345,132,99,0,0,,,,,,,,,,,,,,,,,,,,
2026-07-22 12:29:31,158596.984375,B8DB8AF16E20,0003,male,C57BL/6,1.1.1,FR1_Approach,0,PelletDrop,245,345,132,99,0,0,,,,,,,,,,,,,,,,,,,,
2026-07-22 12:29:32,158598.187500,B8DB8AF16E20,0003,male,C57BL/6,1.1.1,FR1_Approach,0,PelletNotDetected,245,345,132,99,0,0,,,,,,,,,,,,,,,,,,,,
2026-07-22 12:29:54,158619.843750,B8DB8AF16E20,0003,male,C57BL/6,1.1.1,FR1_Approach,0,Left,245,346,132,99,0,0,,,,,,,,,,,,,,,,,,,,
2026-07-22 12:29:55,158621.062500,B8DB8AF16E20,0003,male,C57BL/6,1.1.1,FR1_Approach,0,Approach,245,346,132,99,0,0,,,,,,,,,,,,,,,,,,,,
2026-07-22 12:30:00,158626.093750,B8DB8AF16E20,0003,male,C57BL/6,1.1.1,FR1_Approach,0,PelletDrop,246,346,132,99,0,0,,,,,,,,,,,,,,,,,,,,
2026-07-22 12:30:12,158637.796875,B8DB8AF16E20,0003,male,C57BL/6,1.1.1,FR1_Approach,0,PelletTaken,246,346,132,99,0,0,11.115,31.000,0,3,,,,,,,,,,,,,,,,
2026-07-22 12:33:50,158855.984375,B8DB8AF16E20,0003,male,C57BL/6,1.1.1,FR1_Approach,0,Status,246,346,132,99,0,0,,,,,Disabled,24.4,42.5,1014.2,12.5,1.382,567.000,247732,339964,181308,32653,3.79,41.19
2026-07-22 12:45:18,159545.546875,B8DB8AF16E20,0003,male,C57BL/6,1.1.1,FR1_Approach,0,Status,246,346,132,99,0,0,,,,,Disabled,24.5,42.4,1014.2,12.4,1.390,564.000,247732,339964,181308,32790,3.80,40.82
2026-07-22 12:56:48,160236.250000,B8DB8AF16E20,0003,male,C57BL/6,1.1.1,FR1_Approach,0,Status,246,346,132,99,0,0,,,,,Disabled,24.6,42.2,1014.2,12.4,1.440,584.000,247732,339964,181308,32927,3.79,40.46
2026-07-22 13:08:17,160925.859375,B8DB8AF16E20,0003,male,C57BL/6,1.1.1,FR1_Approach,0,Status,246,346,132,99,0,0,,,,,Disabled,24.6,42.2,1014.2,12.4,1.447,586.000,247732,339964,181308,33064,3.79,40.11
2026-07-22 13:19:42,161611.437500,B8DB8AF16E20,0003,male,C57BL/6,1.1.1,FR1_Approach,0,Status,246,346,132,99,0,0,,,,,Disabled,24.6,42.3,1014.1,12.4,1.451,586.000,247732,339964,181308,33201,3.80,39.75
2026-07-22 13:31:01,162291.046875,B8DB8AF16E20,0003,male,C57BL/6,1.1.1,FR1_Approach,0,Status,246,346,132,99,0,0,,,,,Disabled,24.6,42.4,1014.0,12.4,1.440,587.000,247732,339964,181308,33338,3.79,39.38
2026-07-22 13:42:22,162972.609375,B8DB8AF16E20,0003,male,C57BL/6,1.1.1,FR1_Approach,0,Status,246,346,132,99,0,0,,,,,Disabled,24.6,42.4,1014.0,12.5,1.447,586.000,247732,339964,181308,33475,3.79,39.02
2026-07-22 13:53:49,163660.234375,B8DB8AF16E20,0003,male,C57BL/6,1.1.1,FR1_Approach,0,Status,246,346,132,99,0,0,,,,,Disabled,24.6,42.2,1013.9,12.4,1.462,602.000,247732,339964,181308,33612,3.76,38.66
2026-07-22 14:05:16,164347.953125,B8DB8AF16E20,0003,male,C57BL/6,1.1.1,FR1_Approach,0,Status,246,346,132,99,0,0,,,,,Disabled,24.6,42.2,1013.9,12.4,1.454,592.000,247732,339964,181308,33749,3.79,38.30
2026-07-22 14:16:42,165034.515625,B8DB8AF16E20,0003,male,C57BL/6,1.1.1,FR1_Approach,0,Status,246,346,132,99,0,0,,,,,Disabled,24.6,42.2,1013.9,12.4,1.454,590.000,247732,339964,181308,33886,3.78,37.94
2026-07-22 14:27:15,165667.843750,B8DB8AF16E20,0003,male,C57BL/6,1.1.1,FR1_Approach,0,Status,246,346,132,99,0,0,,,,,Disabled,24.5,43.4,1013.8,12.6,1.451,587.000,247732,339964,181308,34023,3.77,37.94
2026-07-22 14:37:48,166301.156250,B8DB8AF16E20,0003,male,C57BL/6,1.1.1,FR1_Approach,0,Status,246,346,132,99,0,0,,,,,Disabled,24.3,43.5,1013.8,12.6,1.451,582.000,247732,339964,181308,34160,3.78,37.58
2026-07-22 14:49:12,166986.453125,B8DB8AF16E20,0003,male,C57BL/6,1.1.1,FR1_Approach,0,Status,246,346,132,99,0,0,,,,,Disabled,24.4,42.4,1013.8,12.5,1.498,621.000,247732,339964,181308,34297,3.78,37.22
2026-07-22 15:00:38,167672.031250,B8DB8AF16E20,0003,male,C57BL/6,1.1.1,FR1_Approach,0,Status,246,346,132,99,0,0,,,,,Disabled,24.4,42.3,1013.7,12.5,1.465,595.000,247732,339964,181308,34434,3.78,37.22
2026-07-22 15:12:07,168362.562500,B8DB8AF16E20,0003,male,C57BL/6,1.1.1,FR1_Approach,0,Status,246,346,132,99,0,0,,,,,Disabled,24.5,42.1,1013.7,12.4,1.462,595.000,247732,339964,181308,34571,3.78,36.86
2026-07-22 15:23:39,169054.187500,B8DB8AF16E20,0003,male,C57BL/6,1.1.1,FR1_Approach,0,Status,246,346,132,99,0,0,,,,,Disabled,24.5,42.1,1013.7,12.5,1.447,586.000,247732,339964,181308,34708,3.78,36.50
2026-07-22 15:35:05,169741.937500,B8DB8AF16E20,0003,male,C57BL/6,1.1.1,FR1_Approach,0,Status,246,346,132,99,0,0,,,,,Disabled,24.6,42.0,1013.7,12.4,1.462,595.000,247732,339964,181308,34845,3.78,36.14
2026-07-22 15:45:24,170361.656250,B8DB8AF16E20,0003,male,C57BL/6,1.1.1,FR1_Approach,0,Status,246,346,132,99,0,0,,,,,Disabled,24.4,43.4,1013.7,12.6,1.462,594.000,247732,339964,181308,34982,3.77,35.78
2026-07-22 15:56:46,171044.203125,B8DB8AF16E20,0003,male,C57BL/6,1.1.1,FR1_Approach,0,Status,246,346,132,99,0,0,,,,,Disabled,24.4,42.3,1013.5,12.5,1.440,585.000,247732,339964,181308,35119,3.77,35.78
2026-07-22 15:59:18,171196.140625,B8DB8AF16E20,0003,male,C57BL/6,1.1.1,FR1_Approach,0,Left,246,347,132,99,0,0,,,,,,,,,,,,,,,,,,,,
2026-07-22 15:59:19,171197.593750,B8DB8AF16E20,0003,male,C57BL/6,1.1.1,FR1_Approach,0,Approach,246,347,132,99,0,0,,,,,,,,,,,,,,,,,,,,
2026-07-22 15:59:24,171202.656250,B8DB8AF16E20,0003,male,C57BL/6,1.1.1,FR1_Approach,0,PelletDrop,247,347,132,99,0,0,,,,,,,,,,,,,,,,,,,,
2026-07-22 15:59:37,171215.750000,B8DB8AF16E20,0003,male,C57BL/6,1.1.1,FR1_Approach,0,PelletTaken,247,347,132,99,0,0,12.467,11.000,0,2,,,,,,,,,,,,,,,,
2026-07-22 16:04:15,171494.234375,B8DB8AF16E20,0003,male,C57BL/6,1.1.1,FR1_Approach,0,Left,247,348,132,99,0,0,,,,,,,,,,,,,,,,,,,,
2026-07-22 16:04:18,171497.015625,B8DB8AF16E20,0003,male,C57BL/6,1.1.1,FR1_Approach,0,No_approach,247,348,132,99,0,0,,,,,,,,,,,,,,,,,,,,
2026-07-22 16:08:16,171734.750000,B8DB8AF16E20,0003,male,C57BL/6,1.1.1,FR1_Approach,0,Status,247,348,132,99,0,0,,,,,Disabled,24.5,42.0,1013.5,12.5,1.483,611.000,247732,339964,181308,35251,3.77,35.06
2026-07-22 16:08:48,171766.937500,B8DB8AF16E20,0003,male,C57BL/6,1.1.1,FR1_Approach,0,Left,247,349,132,99,0,0,,,,,,,,,,,,,,,,,,,,
2026-07-22 16:08:49,171768.140625,B8DB8AF16E20,0003,male,C57BL/6,1.1.1,FR1_Approach,0,Approach,247,349,132,99,0,0,,,,,,,,,,,,,,,,,,,,
2026-07-22 16:08:54,171773.218750,B8DB8AF16E20,0003,male,C57BL/6,1.1.1,FR1_Approach,0,PelletDrop,248,349,132,99,0,0,,,,,,,,,,,,,,,,,,,,
2026-07-22 16:09:07,171785.437500,B8DB8AF16E20,0003,male,C57BL/6,1.1.1,FR1_Approach,0,PelletTaken,248,349,132,99,0,0,11.609,30.000,0,2,,,,,,,,,,,,,,,,
2026-07-22 16:14:32,172111.468750,B8DB8AF16E20,0003,male,C57BL/6,1.1.1,FR1_Approach,0,Left,248,350,132,99,0,0,,,,,,,,,,,,,,,,,,,,
2026-07-22 16:14:34,172113.656250,B8DB8AF16E20,0003,male,C57BL/6,1.1.1,FR1_Approach,0,Approach,248,350,132,99,0,0,,,,,,,,,,,,,,,,,,,,
2026-07-22 16:14:40,172118.718750,B8DB8AF16E20,0003,male,C57BL/6,1.1.1,FR1_Approach,0,PelletDrop,249,350,132,99,0,0,,,,,,,,,,,,,,,,,,,,
2026-07-22 16:14:49,172127.921875,B8DB8AF16E20,0003,male,C57BL/6,1.1.1,FR1_Approach,0,PelletTaken,249,350,132,99,0,0,8.584,40.000,0,2,,,,,,,,,,,,,,,,
2026-07-22 16:19:46,172425.390625,B8DB8AF16E20,0003,male,C57BL/6,1.1.1,FR1_Approach,0,Status,249,350,132,99,0,0,,,,,Disabled,24.6,41.9,1013.4,12.4,1.422,578.000,247732,339964,181308,35381,3.77,35.06
2026-07-22 16:27:15,172875.375000,B8DB8AF16E20,0003,male,C57BL/6,1.1.1,FR1_Approach,0,Right,249,350,133,99,0,0,,,,,,,,,,,,,,,,,,,,
2026-07-22 16:31:10,173110.046875,B8DB8AF16E20,0003,male,C57BL/6,1.1.1,FR1_Approach,0,Status,249,350,133,99,0,0,,,,,Disabled,24.6,42.3,1013.3,12.4,1.397,570.000,247732,339964,181308,35518,3.77,34.70
2026-07-22 16:33:32,173251.687500,B8DB8AF16E20,0003,male,C57BL/6,1.1.1,FR1_Approach,0,Left,249,351,133,99,0,0,,,,,,,,,,,,,,,,,,,,
2026-07-22 16:33:33,173252.890625,B8DB8AF16E20,0003,male,C57BL/6,1.1.1,FR1_Approach,0,Approach,249,351,133,99,0,0,,,,,,,,,,,,,,,,,,,,
2026-07-22 16:33:38,173257.968750,B8DB8AF16E20,0003,male,C57BL/6,1.1.1,FR1_Approach,0,PelletDrop,250,351,133,99,0,0,,,,,,,,,,,,,,,,,,,,
2026-07-22 16:33:46,173266.390625,B8DB8AF16E20,0003,male,C57BL/6,1.1.1,FR1_Approach,0,PelletTaken,250,351,133,99,0,0,7.815,88.000,0,2,,,,,,,,,,,,,,,,
2026-07-22 16:42:31,173790.656250,B8DB8AF16E20,0003,male,C57BL/6,1.1.1,FR1_Approach,0,Status,250,351,133,99,0,0,,,,,Disabled,24.7,42.5,1013.2,12.4,1.404,570.000,247732,339964,181308,35652,3.77,34.27
2026-07-22 16:54:16,174497.218750,B8DB8AF16E20,0003,male,C57BL/6,1.1.1,FR1_Approach,0,Status,250,351,133,99,0,0,,,,,Disabled,24.7,42.1,1013.2,12.4,1.404,572.000,247732,339964,181308,35789,3.75,33.84
2026-07-22 17:05:40,175181.843750,B8DB8AF16E20,0003,male,C57BL/6,1.1.1,FR1_Approach,0,Status,250,351,133,99,0,0,,,,,Disabled,24.7,42.4,1013.2,12.4,1.418,574.000,247732,339964,181308,35926,3.77,33.41
2026-07-22 17:17:18,175880.437500,B8DB8AF16E20,0003,male,C57BL/6,1.1.1,FR1_Approach,0,Status,250,351,133,99,0,0,,,,,Disabled,24.7,42.2,1013.2,12.3,1.404,572.000,247732,339964,181308,36063,3.77,32.98
2026-07-22 17:28:43,176566.062500,B8DB8AF16E20,0003,male,C57BL/6,1.1.1,FR1_Approach,0,Status,250,351,133,99,0,0,,,,,Disabled,24.7,42.4,1013.2,12.3,1.411,574.000,247732,339964,181308,36200,3.77,32.98
2026-07-22 17:40:16,177259.718750,B8DB8AF16E20,0003,male,C57BL/6,1.1.1,FR1_Approach,0,Center,250,351,133,100,0,0,,,,,,,,,,,,,,,,,,,,
2026-07-22 17:40:20,177263.593750,B8DB8AF16E20,0003,male,C57BL/6,1.1.1,FR1_Approach,0,Left,250,352,133,100,0,0,,,,,,,,,,,,,,,,,,,,
2026-07-22 17:40:21,177264.812500,B8DB8AF16E20,0003,male,C57BL/6,1.1.1,FR1_Approach,0,Approach,250,352,133,100,0,0,,,,,,,,,,,,,,,,,,,,
2026-07-22 17:40:26,177269.875000,B8DB8AF16E20,0003,male,C57BL/6,1.1.1,FR1_Approach,0,PelletDrop,251,352,133,100,0,0,,,,,,,,,,,,,,,,,,,,
2026-07-22 17:40:39,177282.484375,B8DB8AF16E20,0003,male,C57BL/6,1.1.1,FR1_Approach,0,PelletTaken,251,352,133,100,0,0,12.005,20.000,0,2,,,,,,,,,,,,,,,,
2026-07-22 17:40:46,177290.234375,B8DB8AF16E20,0003,male,C57BL/6,1.1.1,FR1_Approach,0,Status,251,352,133,100,0,0,,,,,Disabled,24.8,41.9,1013.2,12.3,1.166,473.000,247732,339964,181308,36339,3.78,32.55
2026-07-22 17:41:12,177315.890625,B8DB8AF16E20,0003,male,C57BL/6,1.1.1,FR1_Approach,0,Left,251,353,133,100,0,0,,,,,,,,,,,,,,,,,,,,
2026-07-22 17:41:13,177317.093750,B8DB8AF16E20,0003,male,C57BL/6,1.1.1,FR1_Approach,0,Approach,251,353,133,100,0,0,,,,,,,,,,,,,,,,,,,,
2026-07-22 17:41:18,177322.171875,B8DB8AF16E20,0003,male,C57BL/6,1.1.1,FR1_Approach,0,PelletDrop,252,353,133,100,0,0,,,,,,,,,,,,,,,,,,,,
2026-07-22 17:41:29,177332.593750,B8DB8AF16E20,0003,male,C57BL/6,1.1.1,FR1_Approach,0,PelletTaken,252,353,133,100,0,0,9.795,31.000,0,2,,,,,,,,,,,,,,,,
2026-07-22 17:46:40,177644.625000,B8DB8AF16E20,0003,male,C57BL/6,1.1.1,FR1_Approach,0,Left,252,354,133,100,0,0,,,,,,,,,,,,,,,,,,,,
2026-07-22 17:46:42,177646.312500,B8DB8AF16E20,0003,male,C57BL/6,1.1.1,FR1_Approach,0,Approach,252,354,133,100,0,0,,,,,,,,,,,,,,,,,,,,
2026-07-22 17:46:47,177651.390625,B8DB8AF16E20,0003,male,C57BL/6,1.1.1,FR1_Approach,0,PelletDrop,253,354,133,100,0,0,,,,,,,,,,,,,,,,,,,,
2026-07-22 17:46:57,177661.250000,B8DB8AF16E20,0003,male,C57BL/6,1.1.1,FR1_Approach,0,PelletTaken,253,354,133,100,0,0,9.244,22.000,0,2,,,,,,,,,,,,,,,,
2026-07-22 17:51:54,177958.234375,B8DB8AF16E20,0003,male,C57BL/6,1.1.1,FR1_Approach,0,Status,253,354,133,100,0,0,,,,,Disabled,24.8,42.2,1013.2,12.3,1.361,555.000,247732,339964,181308,36463,3.76,32.12
2026-07-22 18:03:16,178639.875000,B8DB8AF16E20,0003,male,C57BL/6,1.1.1,FR1_Approach,0,Status,253,354,133,100,0,0,,,,,Disabled,24.8,42.5,1013.2,12.3,0.000,0.000,247732,339964,181308,36600,3.76,31.69
2026-07-22 18:12:47,179211.906250,B8DB8AF16E20,0003,male,C57BL/6,1.1.1,FR1_Approach,0,Left,253,355,133,100,0,0,,,,,,,,,,,,,,,,,,,,
2026-07-22 18:12:48,179213.109375,B8DB8AF16E20,0003,male,C57BL/6,1.1.1,FR1_Approach,0,Approach,253,355,133,100,0,0,,,,,,,,,,,,,,,,,,,,
2026-07-22 18:12:51,179215.968750,B8DB8AF16E20,0003,male,C57BL/6,1.1.1,FR1_Approach,0,PelletDrop,254,355,133,100,0,0,,,,,,,,,,,,,,,,,,,,
2026-07-22 18:12:52,179217.171875,B8DB8AF16E20,0003,male,C57BL/6,1.1.1,FR1_Approach,0,PelletNotDetected,254,355,133,100,0,0,,,,,,,,,,,,,,,,,,,,
2026-07-22 18:14:54,179339.437500,B8DB8AF16E20,0003,male,C57BL/6,1.1.1,FR1_Approach,0,Status,254,355,133,100,0,0,,,,,Disabled,24.9,42.2,1013.3,12.3,0.000,0.000,247732,339964,181308,36736,3.76,31.69
2026-07-22 18:17:40,179505.875000,B8DB8AF16E20,0003,male,C57BL/6,1.1.1,FR1_Approach,0,Left,254,356,133,100,0,0,,,,,,,,,,,,,,,,,,,,
2026-07-22 18:17:42,179507.828125,B8DB8AF16E20,0003,male,C57BL/6,1.1.1,FR1_Approach,0,Approach,254,356,133,100,0,0,,,,,,,,,,,,,,,,,,,,
2026-07-22 18:17:47,179512.859375,B8DB8AF16E20,0003,male,C57BL/6,1.1.1,FR1_Approach,0,PelletDrop,255,356,133,100,0,0,,,,,,,,,,,,,,,,,,,,
2026-07-22 18:17:56,179521.718750,B8DB8AF16E20,0003,male,C57BL/6,1.1.1,FR1_Approach,0,PelletTaken,255,356,133,100,0,0,8.266,87.000,0,3,,,,,,,,,,,,,,,,
2026-07-22 18:23:56,179882.125000,B8DB8AF16E20,0003,male,C57BL/6,1.1.1,FR1_Approach,0,Left,255,357,133,100,0,0,,,,,,,,,,,,,,,,,,,,
2026-07-22 18:23:58,179883.343750,B8DB8AF16E20,0003,male,C57BL/6,1.1.1,FR1_Approach,0,Approach,255,357,133,100,0,0,,,,,,,,,,,,,,,,,,,,
2026-07-22 18:24:03,179888.421875,B8DB8AF16E20,0003,male,C57BL/6,1.1.1,FR1_Approach,0,PelletDrop,256,357,133,100,0,0,,,,,,,,,,,,,,,,,,,,
2026-07-22 18:24:10,179895.843750,B8DB8AF16E20,0003,male,C57BL/6,1.1.1,FR1_Approach,0,PelletTaken,256,357,133,100,0,0,6.835,87.000,0,2,,,,,,,,,,,,,,,,
2026-07-22 18:26:29,180035.062500,B8DB8AF16E20,0003,male,C57BL/6,1.1.1,FR1_Approach,0,Status,256,357,133,100,0,0,,,,,Disabled,24.9,42.3,1013.3,12.3,0.000,0.000,247732,339964,181308,36868,3.76,31.26
2026-07-22 18:33:40,180466.671875,B8DB8AF16E20,0003,male,C57BL/6,1.1.1,FR1_Approach,0,Left,256,358,133,100,0,0,,,,,,,,,,,,,,,,,,,,
2026-07-22 18:33:41,180467.875000,B8DB8AF16E20,0003,male,C57BL/6,1.1.1,FR1_Approach,0,Approach,256,358,133,100,0,0,,,,,,,,,,,,,,,,,,,,
2026-07-22 18:33:46,180472.937500,B8DB8AF16E20,0003,male,C57BL/6,1.1.1,FR1_Approach,0,PelletDrop,257,358,133,100,0,0,,,,,,,,,,,,,,,,,,,,
2026-07-22 18:33:54,180480.484375,B8DB8AF16E20,0003,male,C57BL/6,1.1.1,FR1_Approach,0,PelletTaken,257,358,133,100,0,0,6.935,69.000,0,2,,,,,,,,,,,,,,,,
2026-07-22 18:38:00,180726.718750,B8DB8AF16E20,0003,male,C57BL/6,1.1.1,FR1_Approach,0,Status,257,358,133,100,0,0,,,,,Disabled,24.9,42.5,1013.3,12.2,0.000,0.000,247732,339964,181308,37002,3.76,30.83
2026-07-22 18:46:43,181250.671875,B8DB8AF16E20,0003,male,C57BL/6,1.1.1,FR1_Approach,0,Left,257,359,133,100,0,0,,,,,,,,,,,,,,,,,,,,
2026-07-22 18:46:46,181253.484375,B8DB8AF16E20,0003,male,C57BL/6,1.1.1,FR1_Approach,0,No_approach,257,359,133,100,0,0,,,,,,,,,,,,,,,,,,,,
2026-07-22 18:46:49,181256.468750,B8DB8AF16E20,0003,male,C57BL/6,1.1.1,FR1_Approach,0,Left,257,360,133,100,0,0,,,,,,,,,,,,,,,,,,,,
2026-07-22 18:46:50,181257.671875,B8DB8AF16E20,0003,male,C57BL/6,1.1.1,FR1_Approach,0,Approach,257,360,133,100,0,0,,,,,,,,,,,,,,,,,,,,
2026-07-22 18:46:58,181264.953125,B8DB8AF16E20,0003,male,C57BL/6,1.1.1,FR1_Approach,0,PelletDrop,258,360,133,100,0,0,,,,,,,,,,,,,,,,,,,,
2026-07-22 18:47:05,181271.953125,B8DB8AF16E20,0003,male,C57BL/6,1.1.1,FR1_Approach,0,PelletTaken,258,360,133,100,0,0,6.384,29.000,0,3,,,,,,,,,,,,,,,,
2026-07-22 18:49:23,181410.312500,B8DB8AF16E20,0003,male,C57BL/6,1.1.1,FR1_Approach,0,Status,258,360,133,100,0,0,,,,,Disabled,24.9,42.7,1013.3,12.3,0.000,0.000,247732,339964,181308,37135,3.76,30.40
2026-07-22 18:51:35,181542.687500,B8DB8AF16E20,0003,male,C57BL/6,1.1.1,FR1_Approach,0,Left,258,361,133,100,0,0,,,,,,,,,,,,,,,,,,,,
2026-07-22 18:51:38,181545.375000,B8DB8AF16E20,0003,male,C57BL/6,1.1.1,FR1_Approach,0,Approach,258,361,133,100,0,0,,,,,,,,,,,,,,,,,,,,
2026-07-22 18:51:41,181548.234375,B8DB8AF16E20,0003,male,C57BL/6,1.1.1,FR1_Approach,0,PelletDrop,259,361,133,100,0,0,,,,,,,,,,,,,,,,,,,,
2026-07-22 18:51:42,181549.421875,B8DB8AF16E20,0003,male,C57BL/6,1.1.1,FR1_Approach,0,PelletNotDetected,259,361,133,100,0,0,,,,,,,,,,,,,,,,,,,,
2026-07-22 19:00:53,182101.000000,B8DB8AF16E20,0003,male,C57BL/6,1.1.1,FR1_Approach,0,Status,259,361,133,100,0,0,,,,,Disabled,25.0,42.8,1013.4,12.3,0.000,0.000,247732,339964,181308,37272,3.76,29.97
2026-07-22 19:01:40,182147.343750,B8DB8AF16E20,0003,male,C57BL/6,1.1.1,FR1_Approach,0,Left,259,362,133,100,0,0,,,,,,,,,,,,,,,,,,,,
2026-07-22 19:01:43,182150.265625,B8DB8AF16E20,0003,male,C57BL/6,1.1.1,FR1_Approach,0,Approach,259,362,133,100,0,0,,,,,,,,,,,,,,,,,,,,
2026-07-22 19:01:48,182155.281250,B8DB8AF16E20,0003,male,C57BL/6,1.1.1,FR1_Approach,0,PelletDrop,260,362,133,100,0,0,,,,,,,,,,,,,,,,,,,,
2026-07-22 19:01:55,182162.265625,B8DB8AF16E20,0003,male,C57BL/6,1.1.1,FR1_Approach,0,PelletTaken,260,362,133,100,0,0,6.373,11.000,0,3,,,,,,,,,,,,,,,,
2026-07-22 19:03:43,182271.046875,B8DB8AF16E20,0003,male,C57BL/6,1.1.1,FR1_Approach,0,Left,260,363,133,100,0,0,,,,,,,,,,,,,,,,,,,,
2026-07-22 19:03:45,182272.484375,B8DB8AF16E20,0003,male,C57BL/6,1.1.1,FR1_Approach,0,Approach,260,363,133,100,0,0,,,,,,,,,,,,,,,,,,,,
2026-07-22 19:03:50,182277.562500,B8DB8AF16E20,0003,male,C57BL/6,1.1.1,FR1_Approach,0,PelletDrop,261,363,133,100,0,0,,,,,,,,,,,,,,,,,,,,
2026-07-22 19:03:59,182286.500000,B8DB8AF16E20,0003,male,C57BL/6,1.1.1,FR1_Approach,0,PelletTaken,261,363,133,100,0,0,8.320,29.000,0,2,,,,,,,,,,,,,,,,
2026-07-22 19:10:12,182659.718750,B8DB8AF16E20,0003,male,C57BL/6,1.1.1,FR1_Approach,0,Left,261,364,133,100,0,0,,,,,,,,,,,,,,,,,,,,
2026-07-22 19:10:15,182662.875000,B8DB8AF16E20,0003,male,C57BL/6,1.1.1,FR1_Approach,0,Approach,261,364,133,100,0,0,,,,,,,,,,,,,,,,,,,,
2026-07-22 19:10:20,182667.953125,B8DB8AF16E20,0003,male,C57BL/6,1.1.1,FR1_Approach,0,PelletDrop,262,364,133,100,0,0,,,,,,,,,,,,,,,,,,,,
2026-07-22 19:10:28,182676.593750,B8DB8AF16E20,0003,male,C57BL/6,1.1.1,FR1_Approach,0,PelletTaken,262,364,133,100,0,0,8.024,12.000,0,2,,,,,,,,,,,,,,,,
2026-07-22 19:12:14,182782.562500,B8DB8AF16E20,0003,male,C57BL/6,1.1.1,FR1_Approach,0,Status,262,364,133,100,0,0,,,,,Disabled,25.0,42.6,1013.4,12.2,0.000,0.000,247732,339964,181308,37400,3.77,29.54
2026-07-22 19:23:38,183467.140625,B8DB8AF16E20,0003,male,C57BL/6,1.1.1,FR1_Approach,0,Status,262,364,133,100,0,0,,,,,Disabled,25.0,42.9,1013.5,12.3,0.000,0.000,247732,339964,181308,37537,3.76,29.11
2026-07-22 19:28:57,183786.250000,B8DB8AF16E20,0003,male,C57BL/6,1.1.1,FR1_Approach,0,Left,262,365,133,100,0,0,,,,,,,,,,,,,,,,,,,,
2026-07-22 19:28:59,183789.031250,B8DB8AF16E20,0003,male,C57BL/6,1.1.1,FR1_Approach,0,No_approach,262,365,133,100,0,0,,,,,,,,,,,,,,,,,,,,
2026-07-22 19:29:02,183791.406250,B8DB8AF16E20,0003,male,C57BL/6,1.1.1,FR1_Approach,0,Left,262,366,133,100,0,0,,,,,,,,,,,,,,,,,,,,
2026-07-22 19:29:03,183792.625000,B8DB8AF16E20,0003,male,C57BL/6,1.1.1,FR1_Approach,0,Approach,262,366,133,100,0,0,,,,,,,,,,,,,,,,,,,,
2026-07-22 19:29:08,183797.687500,B8DB8AF16E20,0003,male,C57BL/6,1.1.1,FR1_Approach,0,PelletDrop,263,366,133,100,0,0,,,,,,,,,,,,,,,,,,,,
2026-07-22 19:29:16,183805.406250,B8DB8AF16E20,0003,male,C57BL/6,1.1.1,FR1_Approach,0,PelletTaken,263,366,133,100,0,0,7.110,39.000,0,2,,,,,,,,,,,,,,,,
2026-07-22 19:35:15,184164.750000,B8DB8AF16E20,0003,male,C57BL/6,1.1.1,FR1_Approach,0,Status,263,366,133,100,0,0,,,,,Disabled,25.0,42.7,1013.5,12.3,0.000,0.000,247732,339964,181308,37672,3.75,28.68
2026-07-22 19:39:23,184413.062500,B8DB8AF16E20,0003,male,C57BL/6,1.1.1,FR1_Approach,0,Left,263,367,133,100,0,0,,,,,,,,,,,,,,,,,,,,
2026-07-22 19:39:25,184415.250000,B8DB8AF16E20,0003,male,C57BL/6,1.1.1,FR1_Approach,0,Approach,263,367,133,100,0,0,,,,,,,,,,,,,,,,,,,,
2026-07-22 19:39:30,184420.312500,B8DB8AF16E20,0003,male,C57BL/6,1.1.1,FR1_Approach,0,PelletDrop,264,367,133,100,0,0,,,,,,,,,,,,,,,,,,,,
2026-07-22 19:39:38,184428.593750,B8DB8AF16E20,0003,male,C57BL/6,1.1.1,FR1_Approach,0,PelletTaken,264,367,133,100,0,0,7.660,30.000,0,2,,,,,,,,,,,,,,,,
2026-07-22 19:40:06,184456.437500,B8DB8AF16E20,0003,male,C57BL/6,1.1.1,FR1_Approach,0,Left,264,368,133,100,0,0,,,,,,,,,,,,,,,,,,,,
2026-07-22 19:40:07,184457.640625,B8DB8AF16E20,0003,male,C57BL/6,1.1.1,FR1_Approach,0,Approach,264,368,133,100,0,0,,,,,,,,,,,,,,,,,,,,
2026-07-22 19:40:10,184460.500000,B8DB8AF16E20,0003,male,C57BL/6,1.1.1,FR1_Approach,0,PelletDrop,265,368,133,100,0,0,,,,,,,,,,,,,,,,,,,,
2026-07-22 19:40:11,184461.234375,B8DB8AF16E20,0003,male,C57BL/6,1.1.1,FR1_Approach,0,PelletTaken,265,368,133,100,0,0,0.115,21.000,0,1,,,,,,,,,,,,,,,,
2026-07-22 19:47:09,184879.328125,B8DB8AF16E20,0003,male,C57BL/6,1.1.1,FR1_Approach,0,Status,265,368,133,100,0,0,,,,,Disabled,25.1,42.4,1013.6,12.2,0.000,0.000,247732,339964,181308,37805,3.75,28.25
2026-07-22 19:49:11,185002.281250,B8DB8AF16E20,0003,male,C57BL/6,1.1.1,FR1_Approach,0,Left,265,369,133,100,0,0,,,,,,,,,,,,,,,,,,,,
2026-07-22 19:49:13,185003.500000,B8DB8AF16E20,0003,male,C57BL/6,1.1.1,FR1_Approach,0,Approach,265,369,133,100,0,0,,,,,,,,,,,,,,,,,,,,
2026-07-22 19:49:16,185006.343750,B8DB8AF16E20,0003,male,C57BL/6,1.1.1,FR1_Approach,0,PelletDrop,266,369,133,100,0,0,,,,,,,,,,,,,,,,,,,,
2026-07-22 19:49:17,185007.312500,B8DB8AF16E20,0003,male,C57BL/6,1.1.1,FR1_Approach,0,PelletTaken,266,369,133,100,0,0,0.368,86.000,0,1,,,,,,,,,,,,,,,,
2026-07-22 19:58:43,185574.000000,B8DB8AF16E20,0003,male,C57BL/6,1.1.1,FR1_Approach,0,Status,266,369,133,100,0,0,,,,,Disabled,25.1,42.8,1013.7,12.2,0.000,0.000,247732,339964,181308,37941,3.75,28.25
2026-07-22 19:58:59,185589.578125,B8DB8AF16E20,0003,male,C57BL/6,1.1.1,FR1_Approach,0,Left,266,370,133,100,0,0,,,,,,,,,,,,,,,,,,,,
2026-07-22 19:59:02,185592.234375,B8DB8AF16E20,0003,male,C57BL/6,1.1.1,FR1_Approach,0,Approach,266,370,133,100,0,0,,,,,,,,,,,,,,,,,,,,
2026-07-22 19:59:07,185597.312500,B8DB8AF16E20,0003,male,C57BL/6,1.1.1,FR1_Approach,0,PelletDrop,267,370,133,100,0,0,,,,,,,,,,,,,,,,,,,,
2026-07-22 19:59:16,185606.906250,B8DB8AF16E20,0003,male,C57BL/6,1.1.1,FR1_Approach,0,PelletTaken,267,370,133,100,0,0,8.982,22.000,0,2,,,,,,,,,,,,,,,,
2026-07-22 20:00:53,185703.937500,B8DB8AF16E20,0003,male,C57BL/6,1.1.1,FR1_Approach,0,Left,267,371,133,100,0,0,,,,,,,,,,,,,,,,,,,,
2026-07-22 20:00:55,185706.109375,B8DB8AF16E20,0003,male,C57BL/6,1.1.1,FR1_Approach,0,Approach,267,371,133,100,0,0,,,,,,,,,,,,,,,,,,,,
2026-07-22 20:00:59,185709.250000,B8DB8AF16E20,0003,male,C57BL/6,1.1.1,FR1_Approach,0,PelletDrop,268,371,133,100,0,0,,,,,,,,,,,,,,,,,,,,
2026-07-22 20:00:59,185709.984375,B8DB8AF16E20,0003,male,C57BL/6,1.1.1,FR1_Approach,0,PelletTaken,268,371,133,100,0,0,0.104,97.000,0,1,,,,,,,,,,,,,,,,
2026-07-22 20:10:14,186265.562500,B8DB8AF16E20,0003,male,C57BL/6,1.1.1,FR1_Approach,0,Status,268,371,133,100,0,0,,,,,Disabled,25.1,42.9,1013.8,12.2,0.000,0.000,247732,339964,181308,38074,3.73,27.39
2026-07-22 20:13:34,186465.859375,B8DB8AF16E20,0003,male,C57BL/6,1.1.1,FR1_Approach,0,Left,268,372,133,100,0,0,,,,,,,,,,,,,,,,,,,,
2026-07-22 20:13:35,186467.109375,B8DB8AF16E20,0003,male,C57BL/6,1.1.1,FR1_Approach,0,Approach,268,372,133,100,0,0,,,,,,,,,,,,,,,,,,,,
2026-07-22 20:13:38,186469.953125,B8DB8AF16E20,0003,male,C57BL/6,1.1.1,FR1_Approach,0,PelletDrop,269,372,133,100,0,0,,,,,,,,,,,,,,,,,,,,
2026-07-22 20:13:41,186473.437500,B8DB8AF16E20,0003,male,C57BL/6,1.1.1,FR1_Approach,0,PelletTaken,269,372,133,100,0,0,2.876,50.000,0,1,,,,,,,,,,,,,,,,
2026-07-22 20:14:17,186508.687500,B8DB8AF16E20,0003,male,C57BL/6,1.1.1,FR1_Approach,0,Right,269,372,134,100,0,0,,,,,,,,,,,,,,,,,,,,
2026-07-22 20:14:28,186520.250000,B8DB8AF16E20,0003,male,C57BL/6,1.1.1,FR1_Approach,0,Right,269,372,135,100,0,0,,,,,,,,,,,,,,,,,,,,
2026-07-22 20:14:31,186523.203125,B8DB8AF16E20,0003,male,C57BL/6,1.1.1,FR1_Approach,0,Left,269,373,135,100,0,0,,,,,,,,,,,,,,,,,,,,
2026-07-22 20:14:32,186524.406250,B8DB8AF16E20,0003,male,C57BL/6,1.1.1,FR1_Approach,0,Approach,269,373,135,100,0,0,,,,,,,,,,,,,,,,,,,,
2026-07-22 20:14:35,186527.265625,B8DB8AF16E20,0003,male,C57BL/6,1.1.1,FR1_Approach,0,PelletDrop,270,373,135,100,0,0,,,,,,,,,,,,,,,,,,,,
2026-07-22 20:14:36,186528.468750,B8DB8AF16E20,0003,male,C57BL/6,1.1.1,FR1_Approach,0,PelletNotDetected,270,373,135,100,0,0,,,,,,,,,,,,,,,,,,,,
2026-07-22 20:19:04,186796.406250,B8DB8AF16E20,0003,male,C57BL/6,1.1.1,FR1_Approach,0,Left,270,374,135,100,0,0,,,,,,,,,,,,,,,,,,,,
2026-07-22 20:19:05,186797.609375,B8DB8AF16E20,0003,male,C57BL/6,1.1.1,FR1_Approach,0,Approach,270,374,135,100,0,0,,,,,,,,,,,,,,,,,,,,
2026-07-22 20:19:15,186806.843750,B8DB8AF16E20,0003,male,C57BL/6,1.1.1,FR1_Approach,0,PelletDrop,271,374,135,100,0,0,,,,,,,,,,,,,,,,,,,,
2026-07-22 20:19:18,186810.734375,B8DB8AF16E20,0003,male,C57BL/6,1.1.1,FR1_Approach,0,PelletTaken,271,374,135,100,0,0,3.294,77.000,0,4,,,,,,,,,,,,,,,,
2026-07-22 20:21:36,186948.234375,B8DB8AF16E20,0003,male,C57BL/6,1.1.1,FR1_Approach,0,Status,271,374,135,100,0,0,,,,,Disabled,25.1,43.1,1013.9,12.3,0.000,0.000,247732,339964,181308,38208,3.75,26.96
2026-07-22 20:30:29,187481.015625,B8DB8AF16E20,0003,male,C57BL/6,1.1.1,FR1_Approach,0,Left,271,375,135,100,0,0,,,,,,,,,,,,,,,,,,,,
2026-07-22 20:30:31,187483.796875,B8DB8AF16E20,0003,male,C57BL/6,1.1.1,FR1_Approach,0,No_approach,271,375,135,100,0,0,,,,,,,,,,,,,,,,,,,,
2026-07-22 20:33:03,187634.875000,B8DB8AF16E20,0003,male,C57BL/6,1.1.1,FR1_Approach,0,Status,271,375,135,100,0,0,,,,,Disabled,25.1,43.3,1013.9,12.2,0.000,0.000,247732,339964,181308,38344,3.75,26.96
2026-07-22 20:36:22,187834.156250,B8DB8AF16E20,0003,male,C57BL/6,1.1.1,FR1_Approach,0,Left,271,376,135,100,0,0,,,,,,,,,,,,,,,,,,,,
2026-07-22 20:36:24,187836.937500,B8DB8AF16E20,0003,male,C57BL/6,1.1.1,FR1_Approach,0,No_approach,271,376,135,100,0,0,,,,,,,,,,,,,,,,,,,,
2026-07-22 20:36:29,187841.156250,B8DB8AF16E20,0003,male,C57BL/6,1.1.1,FR1_Approach,0,Left,271,377,135,100,0,0,,,,,,,,,,,,,,,,,,,,
2026-07-22 20:36:30,187842.359375,B8DB8AF16E20,0003,male,C57BL/6,1.1.1,FR1_Approach,0,Approach,271,377,135,100,0,0,,,,,,,,,,,,,,,,,,,,
2026-07-22 20:36:36,187848.562500,B8DB8AF16E20,0003,male,C57BL/6,1.1.1,FR1_Approach,0,PelletDrop,272,377,135,100,0,0,,,,,,,,,,,,,,,,,,,,
2026-07-22 20:36:45,187857.250000,B8DB8AF16E20,0003,male,C57BL/6,1.1.1,FR1_Approach,0,PelletTaken,272,377,135,100,0,0,8.090,21.000,0,2,,,,,,,,,,,,,,,,
2026-07-22 20:38:36,187968.468750,B8DB8AF16E20,0003,male,C57BL/6,1.1.1,FR1_Approach,0,Center,272,377,135,101,0,0,,,,,,,,,,,,,,,,,,,,
2026-07-22 20:38:40,187972.281250,B8DB8AF16E20,0003,male,C57BL/6,1.1.1,FR1_Approach,0,Left,272,378,135,101,0,0,,,,,,,,,,,,,,,,,,,,
2026-07-22 20:38:42,187975.078125,B8DB8AF16E20,0003,male,C57BL/6,1.1.1,FR1_Approach,0,No_approach,272,378,135,101,0,0,,,,,,,,,,,,,,,,,,,,
2026-07-22 20:38:56,187988.609375,B8DB8AF16E20,0003,male,C57BL/6,1.1.1,FR1_Approach,0,Left,272,379,135,101,0,0,,,,,,,,,,,,,,,,,,,,
2026-07-22 20:38:58,187990.796875,B8DB8AF16E20,0003,male,C57BL/6,1.1.1,FR1_Approach,0,Approach,272,379,135,101,0,0,,,,,,,,,,,,,,,,,,,,
2026-07-22 20:39:00,187992.546875,B8DB8AF16E20,0003,male,C57BL/6,1.1.1,FR1_Approach,0,PelletDrop,273,379,135,101,0,0,,,,,,,,,,,,,,,,,,,,
2026-07-22 20:39:01,187993.765625,B8DB8AF16E20,0003,male,C57BL/6,1.1.1,FR1_Approach,0,PelletNotDetected,273,379,135,101,0,0,,,,,,,,,,,,,,,,,,,,
2026-07-22 20:44:32,188325.406250,B8DB8AF16E20,0003,male,C57BL/6,1.1.1,FR1_Approach,0,Status,273,379,135,101,0,0,,,,,Disabled,25.1,43.3,1014.0,12.2,0.000,0.000,247732,339964,181308,38478,3.74,26.54
2026-07-22 20:47:38,188511.000000,B8DB8AF16E20,0003,male,C57BL/6,1.1.1,FR1_Approach,0,Left,273,380,135,101,0,0,,,,,,,,,,,,,,,,,,,,
2026-07-22 20:47:41,188513.796875,B8DB8AF16E20,0003,male,C57BL/6,1.1.1,FR1_Approach,0,No_approach,273,380,135,101,0,0,,,,,,,,,,,,,,,,,,,,
2026-07-22 20:47:42,188515.125000,B8DB8AF16E20,0003,male,C57BL/6,1.1.1,FR1_Approach,0,Right,273,380,136,101,0,0,,,,,,,,,,,,,,,,,,,,
2026-07-22 20:47:44,188517.421875,B8DB8AF16E20,0003,male,C57BL/6,1.1.1,FR1_Approach,0,Left,273,381,136,101,0,0,,,,,,,,,,,,,,,,,,,,
2026-07-22 20:47:46,188518.875000,B8DB8AF16E20,0003,male,C57BL/6,1.1.1,FR1_Approach,0,Approach,273,381,136,101,0,0,,,,,,,,,,,,,,,,,,,,
2026-07-22 20:47:52,188525.015625,B8DB8AF16E20,0003,male,C57BL/6,1.1.1,FR1_Approach,0,PelletDrop,274,381,136,101,0,0,,,,,,,,,,,,,,,,,,,,
2026-07-22 20:47:59,188531.968750,B8DB8AF16E20,0003,male,C57BL/6,1.1.1,FR1_Approach,0,PelletTaken,274,381,136,101,0,0,6.351,11.000,0,3,,,,,,,,,,,,,,,,
2026-07-22 20:48:23,188555.984375,B8DB8AF16E20,0003,male,C57BL/6,1.1.1,FR1_Approach,0,Left,274,382,136,101,0,0,,,,,,,,,,,,,,,,,,,,
2026-07-22 20:48:25,188557.968750,B8DB8AF16E20,0003,male,C57BL/6,1.1.1,FR1_Approach,0,Approach,274,382,136,101,0,0,,,,,,,,,,,,,,,,,,,,
2026-07-22 20:48:30,188563.000000,B8DB8AF16E20,0003,male,C57BL/6,1.1.1,FR1_Approach,0,PelletDrop,275,382,136,101,0,0,,,,,,,,,,,,,,,,,,,,
2026-07-22 20:48:36,188568.828125,B8DB8AF16E20,0003,male,C57BL/6,1.1.1,FR1_Approach,0,PelletTaken,275,382,136,101,0,0,5.241,12.000,0,2,,,,,,,,,,,,,,,,
2026-07-22 20:56:02,189016.000000,B8DB8AF16E20,0003,male,C57BL/6,1.1.1,FR1_Approach,0,Status,275,382,136,101,0,0,,,,,Disabled,25.1,43.3,1014.0,12.2,0.000,0.000,247732,339964,181308,38611,3.75,25.68
2026-07-22 21:07:31,189705.562500,B8DB8AF16E20,0003,male,C57BL/6,1.1.1,FR1_Approach,0,Status,275,382,136,101,0,0,,,,,Disabled,25.1,43.6,1014.2,12.3,0.000,0.000,247732,339964,181308,38748,3.74,25.68
2026-07-22 21:11:45,189959.906250,B8DB8AF16E20,0003,male,C57BL/6,1.1.1,FR1_Approach,0,Left,275,383,136,101,0,0,,,,,,,,,,,,,,,,,,,,
2026-07-22 21:11:47,189961.843750,B8DB8AF16E20,0003,male,C57BL/6,1.1.1,FR1_Approach,0,Approach,275,383,136,101,0,0,,,,,,,,,,,,,,,,,,,,
2026-07-22 21:11:52,189966.937500,B8DB8AF16E20,0003,male,C57BL/6,1.1.1,FR1_Approach,0,PelletDrop,276,383,136,101,0,0,,,,,,,,,,,,,,,,,,,,
2026-07-22 21:11:56,189971.343750,B8DB8AF16E20,0003,male,C57BL/6,1.1.1,FR1_Approach,0,PelletTaken,276,383,136,101,0,0,3.800,13.000,0,2,,,,,,,,,,,,,,,,
2026-07-22 21:13:57,190092.500000,B8DB8AF16E20,0003,male,C57BL/6,1.1.1,FR1_Approach,0,Center,276,383,136,102,0,0,,,,,,,,,,,,,,,,,,,,
2026-07-22 21:14:03,190098.281250,B8DB8AF16E20,0003,male,C57BL/6,1.1.1,FR1_Approach,0,Left,276,384,136,102,0,0,,,,,,,,,,,,,,,,,,,,
2026-07-22 21:14:06,190101.453125,B8DB8AF16E20,0003,male,C57BL/6,1.1.1,FR1_Approach,0,Approach,276,384,136,102,0,0,,,,,,,,,,,,,,,,,,,,
2026-07-22 21:14:09,190104.296875,B8DB8AF16E20,0003,male,C57BL/6,1.1.1,FR1_Approach,0,PelletDrop,277,384,136,102,0,0,,,,,,,,,,,,,,,,,,,,
2026-07-22 21:14:10,190105.500000,B8DB8AF16E20,0003,male,C57BL/6,1.1.1,FR1_Approach,0,PelletNotDetected,277,384,136,102,0,0,,,,,,,,,,,,,,,,,,,,
2026-07-22 21:14:27,190122.359375,B8DB8AF16E20,0003,male,C57BL/6,1.1.1,FR1_Approach,0,Left,277,385,136,102,0,0,,,,,,,,,,,,,,,,,,,,
2026-07-22 21:14:28,190123.812500,B8DB8AF16E20,0003,male,C57BL/6,1.1.1,FR1_Approach,0,Approach,277,385,136,102,0,0,,,,,,,,,,,,,,,,,,,,
2026-07-22 21:14:33,190128.828125,B8DB8AF16E20,0003,male,C57BL/6,1.1.1,FR1_Approach,0,PelletDrop,278,385,136,102,0,0,,,,,,,,,,,,,,,,,,,,
2026-07-22 21:14:39,190134.609375,B8DB8AF16E20,0003,male,C57BL/6,1.1.1,FR1_Approach,0,PelletTaken,278,385,136,102,0,0,5.186,12.000,0,3,,,,,,,,,,,,,,,,
2026-07-22 21:19:01,190396.218750,B8DB8AF16E20,0003,male,C57BL/6,1.1.1,FR1_Approach,0,Status,278,385,136,102,0,0,,,,,Disabled,25.1,43.5,1014.3,12.2,0.000,0.000,247732,339964,181308,38882,3.74,25.25
2026-07-22 21:30:29,191084.031250,B8DB8AF16E20,0003,male,C57BL/6,1.1.1,FR1_Approach,0,Status,278,385,136,102,0,0,,,,,Disabled,25.1,43.8,1014.4,12.2,0.000,0.000,247732,339964,181308,39021,3.75,24.82
2026-07-22 21:33:01,191236.500000,B8DB8AF16E20,0003,male,C57BL/6,1.1.1,FR1_Approach,0,Left,278,386,136,102,0,0,,,,,,,,,,,,,,,,,,,,
2026-07-22 21:33:03,191238.937500,B8DB8AF16E20,0003,male,C57BL/6,1.1.1,FR1_Approach,0,Approach,278,386,136,102,0,0,,,,,,,,,,,,,,,,,,,,
2026-07-22 21:33:11,191246.218750,B8DB8AF16E20,0003,male,C57BL/6,1.1.1,FR1_Approach,0,PelletDrop,279,386,136,102,0,0,,,,,,,,,,,,,,,,,,,,
2026-07-22 21:33:14,191249.187500,B8DB8AF16E20,0003,male,C57BL/6,1.1.1,FR1_Approach,0,PelletTaken,279,386,136,102,0,0,2.370,31.000,0,3,,,,,,,,,,,,,,,,
2026-07-22 21:41:57,191773.390625,B8DB8AF16E20,0003,male,C57BL/6,1.1.1,FR1_Approach,0,Status,279,386,136,102,0,0,,,,,Disabled,25.1,43.8,1014.5,12.2,0.000,0.000,247732,339964,181308,39155,3.74,24.39
2026-07-22 21:44:41,191937.562500,B8DB8AF16E20,0003,male,C57BL/6,1.1.1,FR1_Approach,0,Left,279,387,136,102,0,0,,,,,,,,,,,,,,,,,,,,
2026-07-22 21:44:42,191938.765625,B8DB8AF16E20,0003,male,C57BL/6,1.1.1,FR1_Approach,0,Approach,279,387,136,102,0,0,,,,,,,,,,,,,,,,,,,,
2026-07-22 21:44:47,191943.843750,B8DB8AF16E20,0003,male,C57BL/6,1.1.1,FR1_Approach,0,PelletDrop,280,387,136,102,0,0,,,,,,,,,,,,,,,,,,,,
2026-07-22 21:44:53,191949.796875,B8DB8AF16E20,0003,male,C57BL/6,1.1.1,FR1_Approach,0,PelletTaken,280,387,136,102,0,0,5.351,12.000,0,2,,,,,,,,,,,,,,,,
2026-07-22 21:46:15,192032.109375,B8DB8AF16E20,0003,male,C57BL/6,1.1.1,FR1_Approach,0,Center,280,387,136,103,0,0,,,,,,,,,,,,,,,,,,,,
2026-07-22 21:46:25,192041.328125,B8DB8AF16E20,0003,male,C57BL/6,1.1.1,FR1_Approach,0,Left,280,388,136,103,0,0,,,,,,,,,,,,,,,,,,,,
2026-07-22 21:46:26,192042.531250,B8DB8AF16E20,0003,male,C57BL/6,1.1.1,FR1_Approach,0,Approach,280,388,136,103,0,0,,,,,,,,,,,,,,,,,,,,
2026-07-22 21:46:31,192047.625000,B8DB8AF16E20,0003,male,C57BL/6,1.1.1,FR1_Approach,0,PelletDrop,281,388,136,103,0,0,,,,,,,,,,,,,,,,,,,,
2026-07-22 21:46:36,192053.000000,B8DB8AF16E20,0003,male,C57BL/6,1.1.1,FR1_Approach,0,PelletTaken,281,388,136,103,0,0,4.779,21.000,0,2,,,,,,,,,,,,,,,,
2026-07-22 21:48:06,192142.984375,B8DB8AF16E20,0003,male,C57BL/6,1.1.1,FR1_Approach,0,Left,281,389,136,103,0,0,,,,,,,,,,,,,,,,,,,,
2026-07-22 21:48:07,192144.203125,B8DB8AF16E20,0003,male,C57BL/6,1.1.1,FR1_Approach,0,Approach,281,389,136,103,0,0,,,,,,,,,,,,,,,,,,,,
2026-07-22 21:48:12,192149.281250,B8DB8AF16E20,0003,male,C57BL/6,1.1.1,FR1_Approach,0,PelletDrop,282,389,136,103,0,0,,,,,,,,,,,,,,,,,,,,
2026-07-22 21:48:17,192153.796875,B8DB8AF16E20,0003,male,C57BL/6,1.1.1,FR1_Approach,0,PelletTaken,282,389,136,103,0,0,3.921,146.000,0,2,,,,,,,,,,,,,,,,
2026-07-22 21:53:36,192473.000000,B8DB8AF16E20,0003,male,C57BL/6,1.1.1,FR1_Approach,0,Status,282,389,136,103,0,0,,,,,Disabled,25.1,43.5,1014.7,12.2,0.000,0.000,247732,339964,181308,39285,3.75,23.96
2026-07-22 21:56:18,192634.515625,B8DB8AF16E20,0003,male,C57BL/6,1.1.1,FR1_Approach,0,Left,282,390,136,103,0,0,,,,,,,,,,,,,,,,,,,,
2026-07-22 21:56:21,192637.421875,B8DB8AF16E20,0003,male,C57BL/6,1.1.1,FR1_Approach,0,Approach,282,390,136,103,0,0,,,,,,,,,,,,,,,,,,,,
2026-07-22 21:56:23,192640.281250,B8DB8AF16E20,0003,male,C57BL/6,1.1.1,FR1_Approach,0,PelletDrop,283,390,136,103,0,0,,,,,,,,,,,,,,,,,,,,
2026-07-22 21:56:25,192641.484375,B8DB8AF16E20,0003,male,C57BL/6,1.1.1,FR1_Approach,0,PelletNotDetected,283,390,136,103,0,0,,,,,,,,,,,,,,,,,,,,
2026-07-22 21:58:32,192769.343750,B8DB8AF16E20,0003,male,C57BL/6,1.1.1,FR1_Approach,0,Right,283,390,137,103,0,0,,,,,,,,,,,,,,,,,,,,
2026-07-22 21:58:36,192772.593750,B8DB8AF16E20,0003,male,C57BL/6,1.1.1,FR1_Approach,0,Left,283,391,137,103,0,0,,,,,,,,,,,,,,,,,,,,
2026-07-22 21:58:37,192774.296875,B8DB8AF16E20,0003,male,C57BL/6,1.1.1,FR1_Approach,0,Approach,283,391,137,103,0,0,,,,,,,,,,,,,,,,,,,,
2026-07-22 21:58:40,192777.125000,B8DB8AF16E20,0003,male,C57BL/6,1.1.1,FR1_Approach,0,PelletDrop,284,391,137,103,0,0,,,,,,,,,,,,,,,,,,,,
2026-07-22 21:58:41,192778.125000,B8DB8AF16E20,0003,male,C57BL/6,1.1.1,FR1_Approach,0,PelletTaken,284,391,137,103,0,0,0.400,20.000,0,2,,,,,,,,,,,,,,,,
2026-07-22 21:58:59,192796.078125,B8DB8AF16E20,0003,male,C57BL/6,1.1.1,FR1_Approach,0,Left,284,392,137,103,0,0,,,,,,,,,,,,,,,,,,,,
2026-07-22 21:59:01,192797.515625,B8DB8AF16E20,0003,male,C57BL/6,1.1.1,FR1_Approach,0,Approach,284,392,137,103,0,0,,,,,,,,,,,,,,,,,,,,
2026-07-22 21:59:03,192800.406250,B8DB8AF16E20,0003,male,C57BL/6,1.1.1,FR1_Approach,0,PelletDrop,285,392,137,103,0,0,,,,,,,,,,,,,,,,,,,,
2026-07-22 21:59:05,192801.984375,B8DB8AF16E20,0003,male,C57BL/6,1.1.1,FR1_Approach,0,PelletTaken,285,392,137,103,0,0,0.984,181.000,0,1,,,,,,,,,,,,,,,,
2026-07-22 21:59:32,192828.750000,B8DB8AF16E20,0003,male,C57BL/6,1.1.1,FR1_Approach,0,Center,285,392,137,104,0,0,,,,,,,,,,,,,,,,,,,,
2026-07-22 22:05:10,193167.578125,B8DB8AF16E20,0003,male,C57BL/6,1.1.1,FR1_Approach,0,Status,285,392,137,104,0,0,,,,,Disabled,25.1,43.7,1014.8,12.2,0.000,0.000,247732,339964,181308,39421,3.74,23.96
2026-07-22 22:06:32,193249.000000,B8DB8AF16E20,0003,male,C57BL/6,1.1.1,FR1_Approach,0,Center,285,392,137,105,0,0,,,,,,,,,,,,,,,,,,,,
2026-07-22 22:10:14,193471.906250,B8DB8AF16E20,0003,male,C57BL/6,1.1.1,FR1_Approach,0,Left,285,393,137,105,0,0,,,,,,,,,,,,,,,,,,,,
2026-07-22 22:10:17,193474.687500,B8DB8AF16E20,0003,male,C57BL/6,1.1.1,FR1_Approach,0,No_approach,285,393,137,105,0,0,,,,,,,,,,,,,,,,,,,,
2026-07-22 22:14:21,193718.296875,B8DB8AF16E20,0003,male,C57BL/6,1.1.1,FR1_Approach,0,Left,285,394,137,105,0,0,,,,,,,,,,,,,,,,,,,,
2026-07-22 22:14:23,193720.234375,B8DB8AF16E20,0003,male,C57BL/6,1.1.1,FR1_Approach,0,Approach,285,394,137,105,0,0,,,,,,,,,,,,,,,,,,,,
2026-07-22 22:14:25,193723.093750,B8DB8AF16E20,0003,male,C57BL/6,1.1.1,FR1_Approach,0,PelletDrop,286,394,137,105,0,0,,,,,,,,,,,,,,,,,,,,
2026-07-22 22:14:27,193724.296875,B8DB8AF16E20,0003,male,C57BL/6,1.1.1,FR1_Approach,0,PelletNotDetected,286,394,137,105,0,0,,,,,,,,,,,,,,,,,,,,
2026-07-22 22:14:40,193737.562500,B8DB8AF16E20,0003,male,C57BL/6,1.1.1,FR1_Approach,0,Left,286,395,137,105,0,0,,,,,,,,,,,,,,,,,,,,
2026-07-22 22:14:42,193740.000000,B8DB8AF16E20,0003,male,C57BL/6,1.1.1,FR1_Approach,0,Approach,286,395,137,105,0,0,,,,,,,,,,,,,,,,,,,,
2026-07-22 22:14:45,193742.796875,B8DB8AF16E20,0003,male,C57BL/6,1.1.1,FR1_Approach,0,PelletDrop,287,395,137,105,0,0,,,,,,,,,,,,,,,,,,,,
2026-07-22 22:14:46,193744.000000,B8DB8AF16E20,0003,male,C57BL/6,1.1.1,FR1_Approach,0,PelletNotDetected,287,395,137,105,0,0,,,,,,,,,,,,,,,,,,,,
2026-07-22 22:15:02,193759.703125,B8DB8AF16E20,0003,male,C57BL/6,1.1.1,FR1_Approach,0,Left,287,396,137,105,0,0,,,,,,,,,,,,,,,,,,,,
2026-07-22 22:15:03,193760.906250,B8DB8AF16E20,0003,male,C57BL/6,1.1.1,FR1_Approach,0,Approach,287,396,137,105,0,0,,,,,,,,,,,,,,,,,,,,
2026-07-22 22:15:06,193763.718750,B8DB8AF16E20,0003,male,C57BL/6,1.1.1,FR1_Approach,0,PelletDrop,288,396,137,105,0,0,,,,,,,,,,,,,,,,,,,,
2026-07-22 22:15:07,193764.937500,B8DB8AF16E20,0003,male,C57BL/6,1.1.1,FR1_Approach,0,PelletNotDetected,288,396,137,105,0,0,,,,,,,,,,,,,,,,,,,,
2026-07-22 22:16:48,193866.203125,B8DB8AF16E20,0003,male,C57BL/6,1.1.1,FR1_Approach,0,Status,288,396,137,105,0,0,,,,,Disabled,25.2,43.5,1014.8,12.1,0.000,0.000,247732,339964,181308,39555,3.74,23.53
2026-07-22 22:17:13,193890.828125,B8DB8AF16E20,0003,male,C57BL/6,1.1.1,FR1_Approach,0,Left,288,397,137,105,0,0,,,,,,,,,,,,,,,,,,,,
2026-07-22 22:17:15,193893.031250,B8DB8AF16E20,0003,male,C57BL/6,1.1.1,FR1_Approach,0,Approach,288,397,137,105,0,0,,,,,,,,,,,,,,,,,,,,
2026-07-22 22:17:20,193897.796875,B8DB8AF16E20,0003,male,C57BL/6,1.1.1,FR1_Approach,0,PelletDrop,289,397,137,105,0,0,,,,,,,,,,,,,,,,,,,,
2026-07-22 22:17:21,193898.781250,B8DB8AF16E20,0003,male,C57BL/6,1.1.1,FR1_Approach,0,PelletTaken,289,397,137,105,0,0,0.379,153.000,0,4,,,,,,,,,,,,,,,,
2026-07-22 22:24:11,194309.953125,B8DB8AF16E20,0003,male,C57BL/6,1.1.1,FR1_Approach,0,Left,289,398,137,105,0,0,,,,,,,,,,,,,,,,,,,,
2026-07-22 22:24:14,194312.750000,B8DB8AF16E20,0003,male,C57BL/6,1.1.1,FR1_Approach,0,No_approach,289,398,137,105,0,0,,,,,,,,,,,,,,,,,,,,
2026-07-22 22:24:17,194315.734375,B8DB8AF16E20,0003,male,C57BL/6,1.1.1,FR1_Approach,0,Left,289,399,137,105,0,0,,,,,,,,,,,,,,,,,,,,
2026-07-22 22:24:20,194318.515625,B8DB8AF16E20,0003,male,C57BL/6,1.1.1,FR1_Approach,0,No_approach,289,399,137,105,0,0,,,,,,,,,,,,,,,,,,,,
2026-07-22 22:25:03,194362.000000,B8DB8AF16E20,0003,male,C57BL/6,1.1.1,FR1_Approach,0,Right,289,399,138,105,0,0,,,,,,,,,,,,,,,,,,,,
2026-07-22 22:25:04,194362.937500,B8DB8AF16E20,0003,male,C57BL/6,1.1.1,FR1_Approach,0,Right,289,399,139,105,0,0,,,,,,,,,,,,,,,,,,,,
2026-07-22 22:25:07,194365.625000,B8DB8AF16E20,0003,male,C57BL/6,1.1.1,FR1_Approach,0,Left,289,400,139,105,0,0,,,,,,,,,,,,,,,,,,,,
2026-07-22 22:25:10,194368.546875,B8DB8AF16E20,0003,male,C57BL/6,1.1.1,FR1_Approach,0,Approach,289,400,139,105,0,0,,,,,,,,,,,,,,,,,,,,
2026-07-22 22:25:15,194373.625000,B8DB8AF16E20,0003,male,C57BL/6,1.1.1,FR1_Approach,0,PelletDrop,290,400,139,105,0,0,,,,,,,,,,,,,,,,,,,,
2026-07-22 22:25:16,194374.843750,B8DB8AF16E20,0003,male,C57BL/6,1.1.1,FR1_Approach,0,PelletTaken,290,400,139,105,0,0,0.610,31.000,0,2,,,,,,,,,,,,,,,,
2026-07-22 22:25:31,194389.593750,B8DB8AF16E20,0003,male,C57BL/6,1.1.1,FR1_Approach,0,Right,290,400,140,105,0,0,,,,,,,,,,,,,,,,,,,,
2026-07-22 22:25:32,194390.531250,B8DB8AF16E20,0003,male,C57BL/6,1.1.1,FR1_Approach,0,Right,290,400,141,105,0,0,,,,,,,,,,,,,,,,,,,,
2026-07-22 22:25:34,194392.859375,B8DB8AF16E20,0003,male,C57BL/6,1.1.1,FR1_Approach,0,Right,290,400,142,105,0,0,,,,,,,,,,,,,,,,,,,,
2026-07-22 22:25:42,194400.859375,B8DB8AF16E20,0003,male,C57BL/6,1.1.1,FR1_Approach,0,Right,290,400,143,105,0,0,,,,,,,,,,,,,,,,,,,,
2026-07-22 22:25:44,194402.187500,B8DB8AF16E20,0003,male,C57BL/6,1.1.1,FR1_Approach,0,Right,290,400,144,105,0,0,,,,,,,,,,,,,,,,,,,,
2026-07-22 22:25:54,194413.031250,B8DB8AF16E20,0003,male,C57BL/6,1.1.1,FR1_Approach,0,Left,290,401,144,105,0,0,,,,,,,,,,,,,,,,,,,,
2026-07-22 22:25:57,194415.968750,B8DB8AF16E20,0003,male,C57BL/6,1.1.1,FR1_Approach,0,Approach,290,401,144,105,0,0,,,,,,,,,,,,,,,,,,,,
2026-07-22 22:26:00,194418.812500,B8DB8AF16E20,0003,male,C57BL/6,1.1.1,FR1_Approach,0,PelletDrop,291,401,144,105,0,0,,,,,,,,,,,,,,,,,,,,
2026-07-22 22:26:01,194419.593750,B8DB8AF16E20,0003,male,C57BL/6,1.1.1,FR1_Approach,0,PelletTaken,291,401,144,105,0,0,0.181,41.000,0,1,,,,,,,,,,,,,,,,
2026-07-22 22:28:13,194551.859375,B8DB8AF16E20,0003,male,C57BL/6,1.1.1,FR1_Approach,0,Status,291,401,144,105,0,0,,,,,Disabled,25.2,44.2,1014.9,12.2,0.000,0.000,247732,339964,181308,39692,3.74,23.10
2026-07-22 22:33:33,194872.546875,B8DB8AF16E20,0003,male,C57BL/6,1.1.1,FR1_Approach,0,Left,291,402,144,105,0,0,,,,,,,,,,,,,,,,,,,,
2026-07-22 22:33:35,194873.750000,B8DB8AF16E20,0003,male,C57BL/6,1.1.1,FR1_Approach,0,Approach,291,402,144,105,0,0,,,,,,,,,,,,,,,,,,,,
2026-07-22 22:33:39,194877.734375,B8DB8AF16E20,0003,male,C57BL/6,1.1.1,FR1_Approach,0,PelletDrop,292,402,144,105,0,0,,,,,,,,,,,,,,,,,,,,
2026-07-22 22:33:46,194884.843750,B8DB8AF16E20,0003,male,C57BL/6,1.1.1,FR1_Approach,0,PelletTaken,292,402,144,105,0,0,6.507,31.000,0,1,,,,,,,,,,,,,,,,
2026-07-22 22:39:49,195248.406250,B8DB8AF16E20,0003,male,C57BL/6,1.1.1,FR1_Approach,0,Status,292,402,144,105,0,0,,,,,Disabled,25.2,43.7,1015.0,12.2,0.000,0.000,247732,339964,181308,39827,3.73,22.67
2026-07-22 22:51:17,195937.031250,B8DB8AF16E20,0003,male,C57BL/6,1.1.1,FR1_Approach,0,Status,292,402,144,105,0,0,,,,,Disabled,25.2,43.8,1015.0,12.2,0.000,0.000,247732,339964,181308,39964,3.74,22.24
2026-07-22 22:51:30,195950.328125,B8DB8AF16E20,0003,male,C57BL/6,1.1.1,FR1_Approach,0,Left,292,403,144,105,0,0,,,,,,,,,,,,,,,,,,,,
2026-07-22 22:51:33,195953.125000,B8DB8AF16E20,0003,male,C57BL/6,1.1.1,FR1_Approach,0,No_approach,292,403,144,105,0,0,,,,,,,,,,,,,,,,,,,,
2026-07-22 22:51:53,195973.359375,B8DB8AF16E20,0003,male,C57BL/6,1.1.1,FR1_Approach,0,Left,292,404,144,105,0,0,,,,,,,,,,,,,,,,,,,,
2026-07-22 22:51:55,195975.796875,B8DB8AF16E20,0003,male,C57BL/6,1.1.1,FR1_Approach,0,Approach,292,404,144,105,0,0,,,,,,,,,,,,,,,,,,,,
2026-07-22 22:52:03,195983.078125,B8DB8AF16E20,0003,male,C57BL/6,1.1.1,FR1_Approach,0,PelletDrop,293,404,144,105,0,0,,,,,,,,,,,,,,,,,,,,
2026-07-22 22:52:08,195988.062500,B8DB8AF16E20,0003,male,C57BL/6,1.1.1,FR1_Approach,0,PelletTaken,293,404,144,105,0,0,4.383,60.000,0,3,,,,,,,,,,,,,,,,
2026-07-22 22:52:28,196008.953125,B8DB8AF16E20,0003,male,C57BL/6,1.1.1,FR1_Approach,0,Left,293,405,144,105,0,0,,,,,,,,,,,,,,,,,,,,
2026-07-22 22:52:31,196011.750000,B8DB8AF16E20,0003,male,C57BL/6,1.1.1,FR1_Approach,0,No_approach,293,405,144,105,0,0,,,,,,,,,,,,,,,,,,,,
2026-07-22 22:52:39,196019.062500,B8DB8AF16E20,0003,male,C57BL/6,1.1.1,FR1_Approach,0,Left,293,406,144,105,0,0,,,,,,,,,,,,,,,,,,,,
2026-07-22 22:52:40,196020.265625,B8DB8AF16E20,0003,male,C57BL/6,1.1.1,FR1_Approach,0,Approach,293,406,144,105,0,0,,,,,,,,,,,,,,,,,,,,
2026-07-22 22:52:45,196025.343750,B8DB8AF16E20,0003,male,C57BL/6,1.1.1,FR1_Approach,0,PelletDrop,294,406,144,105,0,0,,,,,,,,,,,,,,,,,,,,
2026-07-22 22:52:49,196029.953125,B8DB8AF16E20,0003,male,C57BL/6,1.1.1,FR1_Approach,0,PelletTaken,294,406,144,105,0,0,3.997,21.000,0,2,,,,,,,,,,,,,,,,
2026-07-22 23:00:39,196499.640625,B8DB8AF16E20,0003,male,C57BL/6,1.1.1,FR1_Approach,0,Left,294,407,144,105,0,0,,,,,,,,,,,,,,,,,,,,
2026-07-22 23:00:40,196500.843750,B8DB8AF16E20,0003,male,C57BL/6,1.1.1,FR1_Approach,0,Approach,294,407,144,105,0,0,,,,,,,,,,,,,,,,,,,,
2026-07-22 23:00:43,196503.718750,B8DB8AF16E20,0003,male,C57BL/6,1.1.1,FR1_Approach,0,PelletDrop,295,407,144,105,0,0,,,,,,,,,,,,,,,,,,,,
2026-07-22 23:00:44,196504.906250,B8DB8AF16E20,0003,male,C57BL/6,1.1.1,FR1_Approach,0,PelletNotDetected,295,407,144,105,0,0,,,,,,,,,,,,,,,,,,,,
2026-07-22 23:02:56,196636.703125,B8DB8AF16E20,0003,male,C57BL/6,1.1.1,FR1_Approach,0,Status,295,407,144,105,0,0,,,,,Disabled,25.2,43.4,1015.1,12.2,0.000,0.000,247732,339964,181308,40095,3.73,21.81
2026-07-22 23:06:21,196841.968750,B8DB8AF16E20,0003,male,C57BL/6,1.1.1,FR1_Approach,0,Left,295,408,144,105,0,0,,,,,,,,,,,,,,,,,,,,
2026-07-22 23:06:22,196843.187500,B8DB8AF16E20,0003,male,C57BL/6,1.1.1,FR1_Approach,0,Approach,295,408,144,105,0,0,,,,,,,,,,,,,,,,,,,,
2026-07-22 23:06:25,196845.984375,B8DB8AF16E20,0003,male,C57BL/6,1.1.1,FR1_Approach,0,PelletDrop,296,408,144,105,0,0,,,,,,,,,,,,,,,,,,,,
2026-07-22 23:06:27,196847.625000,B8DB8AF16E20,0003,male,C57BL/6,1.1.1,FR1_Approach,0,PelletTaken,296,408,144,105,0,0,1.039,40.000,0,2,,,,,,,,,,,,,,,,
2026-07-22 23:14:31,197332.265625,B8DB8AF16E20,0003,male,C57BL/6,1.1.1,FR1_Approach,0,Status,296,408,144,105,0,0,,,,,Disabled,25.2,43.6,1015.1,12.2,0.000,0.000,247732,339964,181308,40231,3.73,21.81
2026-07-22 23:19:06,197608.046875,B8DB8AF16E20,0003,male,C57BL/6,1.1.1,FR1_Approach,0,Left,296,409,144,105,0,0,,,,,,,,,,,,,,,,,,,,
2026-07-22 23:19:09,197610.828125,B8DB8AF16E20,0003,male,C57BL/6,1.1.1,FR1_Approach,0,No_approach,296,409,144,105,0,0,,,,,,,,,,,,,,,,,,,,
2026-07-22 23:19:11,197613.328125,B8DB8AF16E20,0003,male,C57BL/6,1.1.1,FR1_Approach,0,Left,296,410,144,105,0,0,,,,,,,,,,,,,,,,,,,,
2026-07-22 23:19:13,197614.546875,B8DB8AF16E20,0003,male,C57BL/6,1.1.1,FR1_Approach,0,Approach,296,410,144,105,0,0,,,,,,,,,,,,,,,,,,,,
2026-07-22 23:19:18,197619.609375,B8DB8AF16E20,0003,male,C57BL/6,1.1.1,FR1_Approach,0,PelletDrop,297,410,144,105,0,0,,,,,,,,,,,,,,,,,,,,
2026-07-22 23:19:22,197624.281250,B8DB8AF16E20,0003,male,C57BL/6,1.1.1,FR1_Approach,0,PelletTaken,297,410,144,105,0,0,4.064,31.000,0,2,,,,,,,,,,,,,,,,
2026-07-22 23:26:00,198021.890625,B8DB8AF16E20,0003,male,C57BL/6,1.1.1,FR1_Approach,0,Status,297,410,144,105,0,0,,,,,Disabled,25.1,43.8,1015.1,12.3,0.000,0.000,247732,339964,181308,40367,3.72,21.38
2026-07-22 23:37:33,198715.531250,B8DB8AF16E20,0003,male,C57BL/6,1.1.1,FR1_Approach,0,Status,297,410,144,105,0,0,,,,,Disabled,25.1,43.7,1015.1,12.3,0.000,0.000,247732,339964,181308,40504,3.73,20.95
2026-07-22 23:39:29,198832.015625,B8DB8AF16E20,0003,male,C57BL/6,1.1.1,FR1_Approach,0,Left,297,411,144,105,0,0,,,,,,,,,,,,,,,,,,,,
2026-07-22 23:39:31,198833.484375,B8DB8AF16E20,0003,male,C57BL/6,1.1.1,FR1_Approach,0,Approach,297,411,144,105,0,0,,,,,,,,,,,,,,,,,,,,
2026-07-22 23:39:34,198836.328125,B8DB8AF16E20,0003,male,C57BL/6,1.1.1,FR1_Approach,0,PelletDrop,298,411,144,105,0,0,,,,,,,,,,,,,,,,,,,,
2026-07-22 23:39:35,198837.890625,B8DB8AF16E20,0003,male,C57BL/6,1.1.1,FR1_Approach,0,PelletTaken,298,411,144,105,0,0,0.951,22.000,0,1,,,,,,,,,,,,,,,,
2026-07-22 23:46:55,199277.828125,B8DB8AF16E20,0003,male,C57BL/6,1.1.1,FR1_Approach,0,Left,298,412,144,105,0,0,,,,,,,,,,,,,,,,,,,,
2026-07-22 23:46:57,199280.265625,B8DB8AF16E20,0003,male,C57BL/6,1.1.1,FR1_Approach,0,Approach,298,412,144,105,0,0,,,,,,,,,,,,,,,,,,,,
2026-07-22 23:47:00,199283.125000,B8DB8AF16E20,0003,male,C57BL/6,1.1.1,FR1_Approach,0,PelletDrop,299,412,144,105,0,0,,,,,,,,,,,,,,,,,,,,
2026-07-22 23:47:01,199283.953125,B8DB8AF16E20,0003,male,C57BL/6,1.1.1,FR1_Approach,0,PelletTaken,299,412,144,105,0,0,0.225,22.000,0,1,,,,,,,,,,,,,,,,
2026-07-22 23:49:13,199416.125000,B8DB8AF16E20,0003,male,C57BL/6,1.1.1,FR1_Approach,0,Status,299,412,144,105,0,0,,,,,Disabled,25.1,43.5,1015.2,12.3,0.000,0.000,247732,339964,181308,40639,3.73,20.52
2026-07-22 23:54:48,199751.031250,B8DB8AF16E20,0003,male,C57BL/6,1.1.1,FR1_Approach,0,Left,299,413,144,105,0,0,,,,,,,,,,,,,,,,,,,,
2026-07-22 23:54:50,199752.718750,B8DB8AF16E20,0003,male,C57BL/6,1.1.1,FR1_Approach,0,Approach,299,413,144,105,0,0,,,,,,,,,,,,,,,,,,,,
2026-07-22 23:54:55,199757.781250,B8DB8AF16E20,0003,male,C57BL/6,1.1.1,FR1_Approach,0,PelletDrop,300,413,144,105,0,0,,,,,,,,,,,,,,,,,,,,
2026-07-22 23:54:59,199762.281250,B8DB8AF16E20,0003,male,C57BL/6,1.1.1,FR1_Approach,0,PelletTaken,300,413,144,105,0,0,3.887,77.000,0,2,,,,,,,,,,,,,,,,
2026-07-23 00:00:45,200108.796875,B8DB8AF16E20,0003,male,C57BL/6,1.1.1,FR1_Approach,0,Status,300,413,144,105,0,0,,,,,Disabled,25.0,43.7,1015.3,12.3,0.000,0.000,247732,339964,181308,40774,3.72,20.09
2026-07-23 00:04:33,200336.843750,B8DB8AF16E20,0003,male,C57BL/6,1.1.1,FR1_Approach,0,Left,300,414,144,105,0,0,,,,,,,,,,,,,,,,,,,,
2026-07-23 00:04:36,200340.015625,B8DB8AF16E20,0003,male,C57BL/6,1.1.1,FR1_Approach,0,Approach,300,414,144,105,0,0,,,,,,,,,,,,,,,,,,,,
2026-07-23 00:04:41,200345.078125,B8DB8AF16E20,0003,male,C57BL/6,1.1.1,FR1_Approach,0,PelletDrop,301,414,144,105,0,0,,,,,,,,,,,,,,,,,,,,
2026-07-23 00:04:46,200349.859375,B8DB8AF16E20,0003,male,C57BL/6,1.1.1,FR1_Approach,0,PelletTaken,301,414,144,105,0,0,4.185,105.000,0,2,,,,,,,,,,,,,,,,
2026-07-23 00:08:22,200566.046875,B8DB8AF16E20,0003,male,C57BL/6,1.1.1,FR1_Approach,0,Left,301,415,144,105,0,0,,,,,,,,,,,,,,,,,,,,
2026-07-23 00:08:25,200568.843750,B8DB8AF16E20,0003,male,C57BL/6,1.1.1,FR1_Approach,0,No_approach,301,415,144,105,0,0,,,,,,,,,,,,,,,,,,,,
2026-07-23 00:09:36,200640.171875,B8DB8AF16E20,0003,male,C57BL/6,1.1.1,FR1_Approach,0,Left,301,416,144,105,0,0,,,,,,,,,,,,,,,,,,,,
2026-07-23 00:09:39,200642.953125,B8DB8AF16E20,0003,male,C57BL/6,1.1.1,FR1_Approach,0,No_approach,301,416,144,105,0,0,,,,,,,,,,,,,,,,,,,,
2026-07-23 00:09:47,200650.718750,B8DB8AF16E20,0003,male,C57BL/6,1.1.1,FR1_Approach,0,Left,301,417,144,105,0,0,,,,,,,,,,,,,,,,,,,,
2026-07-23 00:09:49,200652.656250,B8DB8AF16E20,0003,male,C57BL/6,1.1.1,FR1_Approach,0,Approach,301,417,144,105,0,0,,,,,,,,,,,,,,,,,,,,
2026-07-23 00:09:51,200655.515625,B8DB8AF16E20,0003,male,C57BL/6,1.1.1,FR1_Approach,0,PelletDrop,302,417,144,105,0,0,,,,,,,,,,,,,,,,,,,,
2026-07-23 00:09:53,200656.703125,B8DB8AF16E20,0003,male,C57BL/6,1.1.1,FR1_Approach,0,PelletNotDetected,302,417,144,105,0,0,,,,,,,,,,,,,,,,,,,,
2026-07-23 00:10:07,200671.281250,B8DB8AF16E20,0003,male,C57BL/6,1.1.1,FR1_Approach,0,Left,302,418,144,105,0,0,,,,,,,,,,,,,,,,,,,,
2026-07-23 00:10:09,200672.718750,B8DB8AF16E20,0003,male,C57BL/6,1.1.1,FR1_Approach,0,Approach,302,418,144,105,0,0,,,,,,,,,,,,,,,,,,,,
2026-07-23 00:10:14,200677.750000,B8DB8AF16E20,0003,male,C57BL/6,1.1.1,FR1_Approach,0,PelletDrop,303,418,144,105,0,0,,,,,,,,,,,,,,,,,,,,
2026-07-23 00:10:18,200682.000000,B8DB8AF16E20,0003,male,C57BL/6,1.1.1,FR1_Approach,0,PelletTaken,303,418,144,105,0,0,3.657,97.000,0,3,,,,,,,,,,,,,,,,
2026-07-23 00:12:14,200798.390625,B8DB8AF16E20,0003,male,C57BL/6,1.1.1,FR1_Approach,0,Status,303,418,144,105,0,0,,,,,Disabled,25.1,43.5,1015.3,12.3,0.000,0.000,247732,339964,181308,40909,3.73,19.83
2026-07-23 00:15:17,200981.640625,B8DB8AF16E20,0003,male,C57BL/6,1.1.1,FR1_Approach,0,Left,303,419,144,105,0,0,,,,,,,,,,,,,,,,,,,,
2026-07-23 00:15:19,200983.328125,B8DB8AF16E20,0003,male,C57BL/6,1.1.1,FR1_Approach,0,Approach,303,419,144,105,0,0,,,,,,,,,,,,,,,,,,,,
2026-07-23 00:15:22,200986.203125,B8DB8AF16E20,0003,male,C57BL/6,1.1.1,FR1_Approach,0,PelletDrop,304,419,144,105,0,0,,,,,,,,,,,,,,,,,,,,
2026-07-23 00:15:23,200987.390625,B8DB8AF16E20,0003,male,C57BL/6,1.1.1,FR1_Approach,0,PelletNotDetected,304,419,144,105,0,0,,,,,,,,,,,,,,,,,,,,
2026-07-23 00:19:15,201219.140625,B8DB8AF16E20,0003,male,C57BL/6,1.1.1,FR1_Approach,0,Right,304,419,145,105,0,0,,,,,,,,,,,,,,,,,,,,
2026-07-23 00:19:18,201223.046875,B8DB8AF16E20,0003,male,C57BL/6,1.1.1,FR1_Approach,0,Right,304,419,146,105,0,0,,,,,,,,,,,,,,,,,,,,
2026-07-23 00:19:21,201226.046875,B8DB8AF16E20,0003,male,C57BL/6,1.1.1,FR1_Approach,0,Right,304,419,147,105,0,0,,,,,,,,,,,,,,,,,,,,
2026-07-23 00:19:26,201230.093750,B8DB8AF16E20,0003,male,C57BL/6,1.1.1,FR1_Approach,0,Right,304,419,148,105,0,0,,,,,,,,,,,,,,,,,,,,
2026-07-23 00:19:33,201237.328125,B8DB8AF16E20,0003,male,C57BL/6,1.1.1,FR1_Approach,0,Right,304,419,149,105,0,0,,,,,,,,,,,,,,,,,,,,
2026-07-23 00:19:44,201248.562500,B8DB8AF16E20,0003,male,C57BL/6,1.1.1,FR1_Approach,0,Left,304,420,149,105,0,0,,,,,,,,,,,,,,,,,,,,
2026-07-23 00:19:45,201250.046875,B8DB8AF16E20,0003,male,C57BL/6,1.1.1,FR1_Approach,0,Approach,304,420,149,105,0,0,,,,,,,,,,,,,,,,,,,,
2026-07-23 00:19:50,201255.062500,B8DB8AF16E20,0003,male,C57BL/6,1.1.1,FR1_Approach,0,PelletDrop,305,420,149,105,0,0,,,,,,,,,,,,,,,,,,,,
2026-07-23 00:19:55,201259.500000,B8DB8AF16E20,0003,male,C57BL/6,1.1.1,FR1_Approach,0,PelletTaken,305,420,149,105,0,0,3.833,88.000,0,3,,,,,,,,,,,,,,,,
2026-07-23 00:23:51,201495.937500,B8DB8AF16E20,0003,male,C57BL/6,1.1.1,FR1_Approach,0,Status,305,420,149,105,0,0,,,,,Disabled,25.1,43.7,1015.4,12.2,0.000,0.000,247732,339964,181300,41045,3.72,19.57
2026-07-23 00:26:21,201646.671875,B8DB8AF16E20,0003,male,C57BL/6,1.1.1,FR1_Approach,0,Left,305,421,149,105,0,0,,,,,,,,,,,,,,,,,,,,
2026-07-23 00:26:22,201647.875000,B8DB8AF16E20,0003,male,C57BL/6,1.1.1,FR1_Approach,0,Approach,305,421,149,105,0,0,,,,,,,,,,,,,,,,,,,,
2026-07-23 00:26:25,201650.734375,B8DB8AF16E20,0003,male,C57BL/6,1.1.1,FR1_Approach,0,PelletDrop,306,421,149,105,0,0,,,,,,,,,,,,,,,,,,,,
2026-07-23 00:26:29,201654.015625,B8DB8AF16E20,0003,male,C57BL/6,1.1.1,FR1_Approach,0,PelletTaken,306,421,149,105,0,0,2.667,22.000,0,1,,,,,,,,,,,,,,,,
2026-07-23 00:31:39,201964.312500,B8DB8AF16E20,0003,male,C57BL/6,1.1.1,FR1_Approach,0,Left,306,422,149,105,0,0,,,,,,,,,,,,,,,,,,,,
2026-07-23 00:31:41,201967.093750,B8DB8AF16E20,0003,male,C57BL/6,1.1.1,FR1_Approach,0,No_approach,306,422,149,105,0,0,,,,,,,,,,,,,,,,,,,,
2026-07-23 00:33:12,202057.671875,B8DB8AF16E20,0003,male,C57BL/6,1.1.1,FR1_Approach,0,Left,306,423,149,105,0,0,,,,,,,,,,,,,,,,,,,,
2026-07-23 00:33:15,202060.468750,B8DB8AF16E20,0003,male,C57BL/6,1.1.1,FR1_Approach,0,No_approach,306,423,149,105,0,0,,,,,,,,,,,,,,,,,,,,
2026-07-23 00:33:23,202069.218750,B8DB8AF16E20,0003,male,C57BL/6,1.1.1,FR1_Approach,0,Left,306,424,149,105,0,0,,,,,,,,,,,,,,,,,,,,
2026-07-23 00:33:26,202072.015625,B8DB8AF16E20,0003,male,C57BL/6,1.1.1,FR1_Approach,0,No_approach,306,424,149,105,0,0,,,,,,,,,,,,,,,,,,,,
2026-07-23 00:35:26,202191.562500,B8DB8AF16E20,0003,male,C57BL/6,1.1.1,FR1_Approach,0,Status,306,424,149,105,0,0,,,,,Disabled,25.1,43.9,1015.4,12.2,0.000,0.000,247732,339964,181300,41181,3.73,19.31
2026-07-23 00:44:52,202758.390625,B8DB8AF16E20,0003,male,C57BL/6,1.1.1,FR1_Approach,0,Left,306,425,149,105,0,0,,,,,,,,,,,,,,,,,,,,
2026-07-23 00:44:53,202759.593750,B8DB8AF16E20,0003,male,C57BL/6,1.1.1,FR1_Approach,0,Approach,306,425,149,105,0,0,,,,,,,,,,,,,,,,,,,,
2026-07-23 00:44:58,202764.687500,B8DB8AF16E20,0003,male,C57BL/6,1.1.1,FR1_Approach,0,PelletDrop,307,425,149,105,0,0,,,,,,,,,,,,,,,,,,,,
2026-07-23 00:44:59,202765.875000,B8DB8AF16E20,0003,male,C57BL/6,1.1.1,FR1_Approach,0,PelletNotDetected,307,425,149,105,0,0,,,,,,,,,,,,,,,,,,,,
2026-07-23 00:45:14,202780.453125,B8DB8AF16E20,0003,male,C57BL/6,1.1.1,FR1_Approach,0,Left,307,426,149,105,0,0,,,,,,,,,,,,,,,,,,,,
2026-07-23 00:45:17,202783.125000,B8DB8AF16E20,0003,male,C57BL/6,1.1.1,FR1_Approach,0,Approach,307,426,149,105,0,0,,,,,,,,,,,,,,,,,,,,
2026-07-23 00:45:24,202790.125000,B8DB8AF16E20,0003,male,C57BL/6,1.1.1,FR1_Approach,0,PelletDrop,308,426,149,105,0,0,,,,,,,,,,,,,,,,,,,,
2026-07-23 00:45:28,202794.296875,B8DB8AF16E20,0003,male,C57BL/6,1.1.1,FR1_Approach,0,PelletTaken,308,426,149,105,0,0,3.569,22.000,0,4,,,,,,,,,,,,,,,,
2026-07-23 00:47:10,202896.109375,B8DB8AF16E20,0003,male,C57BL/6,1.1.1,FR1_Approach,0,Status,308,426,149,105,0,0,,,,,Disabled,25.1,43.8,1015.5,12.3,0.000,0.000,247732,339964,181300,41318,3.72,19.05
2026-07-23 00:52:03,203189.750000,B8DB8AF16E20,0003,male,C57BL/6,1.1.1,FR1_Approach,0,Left,308,427,149,105,0,0,,,,,,,,,,,,,,,,,,,,
2026-07-23 00:52:05,203191.921875,B8DB8AF16E20,0003,male,C57BL/6,1.1.1,FR1_Approach,0,Approach,308,427,149,105,0,0,,,,,,,,,,,,,,,,,,,,
2026-07-23 00:52:10,203197.000000,B8DB8AF16E20,0003,male,C57BL/6,1.1.1,FR1_Approach,0,PelletDrop,309,427,149,105,0,0,,,,,,,,,,,,,,,,,,,,
2026-07-23 00:52:12,203198.375000,B8DB8AF16E20,0003,male,C57BL/6,1.1.1,FR1_Approach,0,PelletTaken,309,427,149,105,0,0,0.785,11.000,0,2,,,,,,,,,,,,,,,,
2026-07-23 00:52:32,203218.781250,B8DB8AF16E20,0003,male,C57BL/6,1.1.1,FR1_Approach,0,Left,309,428,149,105,0,0,,,,,,,,,,,,,,,,,,,,
2026-07-23 00:52:33,203219.984375,B8DB8AF16E20,0003,male,C57BL/6,1.1.1,FR1_Approach,0,Approach,309,428,149,105,0,0,,,,,,,,,,,,,,,,,,,,
2026-07-23 00:52:36,203222.843750,B8DB8AF16E20,0003,male,C57BL/6,1.1.1,FR1_Approach,0,PelletDrop,310,428,149,105,0,0,,,,,,,,,,,,,,,,,,,,
2026-07-23 00:52:37,203224.031250,B8DB8AF16E20,0003,male,C57BL/6,1.1.1,FR1_Approach,0,PelletNotDetected,310,428,149,105,0,0,,,,,,,,,,,,,,,,,,,,
2026-07-23 00:54:52,203359.281250,B8DB8AF16E20,0003,male,C57BL/6,1.1.1,FR1_Approach,0,Left,310,429,149,105,0,0,,,,,,,,,,,,,,,,,,,,
2026-07-23 00:54:55,203361.453125,B8DB8AF16E20,0003,male,C57BL/6,1.1.1,FR1_Approach,0,Approach,310,429,149,105,0,0,,,,,,,,,,,,,,,,,,,,
2026-07-23 00:54:57,203364.203125,B8DB8AF16E20,0003,male,C57BL/6,1.1.1,FR1_Approach,0,PelletDrop,311,429,149,105,0,0,,,,,,,,,,,,,,,,,,,,
2026-07-23 00:55:18,203384.828125,B8DB8AF16E20,0003,male,C57BL/6,1.1.1,FR1_Approach,0,PelletTaken,311,429,149,105,0,0,TimedOut,11.000,0,2,,,,,,,,,,,,,,,,
2026-07-23 00:58:47,203593.750000,B8DB8AF16E20,0003,male,C57BL/6,1.1.1,FR1_Approach,0,Status,311,429,149,105,0,0,,,,,Disabled,25.2,44.0,1015.5,12.2,0.000,0.000,247732,339964,181300,41448,3.72,18.80
2026-07-23 01:01:49,203776.250000,B8DB8AF16E20,0003,male,C57BL/6,1.1.1,FR1_Approach,0,Left,311,430,149,105,0,0,,,,,,,,,,,,,,,,,,,,
2026-07-23 01:01:51,203777.453125,B8DB8AF16E20,0003,male,C57BL/6,1.1.1,FR1_Approach,0,Approach,311,430,149,105,0,0,,,,,,,,,,,,,,,,,,,,
2026-07-23 01:01:52,203779.234375,B8DB8AF16E20,0003,male,C57BL/6,1.1.1,FR1_Approach,0,PelletDrop,312,430,149,105,0,0,,,,,,,,,,,,,,,,,,,,
2026-07-23 01:02:13,203799.828125,B8DB8AF16E20,0003,male,C57BL/6,1.1.1,FR1_Approach,0,PelletTaken,312,430,149,105,0,0,TimedOut,22.000,0,0,,,,,,,,,,,,,,,,
2026-07-23 01:10:19,204286.328125,B8DB8AF16E20,0003,male,C57BL/6,1.1.1,FR1_Approach,0,Status,312,430,149,105,0,0,,,,,Disabled,25.2,44.0,1015.6,12.2,0.000,0.000,247732,339964,181300,41580,3.71,18.54
2026-07-23 01:13:07,204454.593750,B8DB8AF16E20,0003,male,C57BL/6,1.1.1,FR1_Approach,0,Left,312,431,149,105,0,0,,,,,,,,,,,,,,,,,,,,
2026-07-23 01:13:09,204456.531250,B8DB8AF16E20,0003,male,C57BL/6,1.1.1,FR1_Approach,0,Approach,312,431,149,105,0,0,,,,,,,,,,,,,,,,,,,,
2026-07-23 01:13:12,204459.390625,B8DB8AF16E20,0003,male,C57BL/6,1.1.1,FR1_Approach,0,PelletDrop,313,431,149,105,0,0,,,,,,,,,,,,,,,,,,,,
2026-07-23 01:13:15,204462.687500,B8DB8AF16E20,0003,male,C57BL/6,1.1.1,FR1_Approach,0,PelletTaken,313,431,149,105,0,0,2.700,11.000,0,1,,,,,,,,,,,,,,,,
2026-07-23 01:14:36,204543.500000,B8DB8AF16E20,0003,male,C57BL/6,1.1.1,FR1_Approach,0,Left,313,432,149,105,0,0,,,,,,,,,,,,,,,,,,,,
2026-07-23 01:14:37,204544.937500,B8DB8AF16E20,0003,male,C57BL/6,1.1.1,FR1_Approach,0,Approach,313,432,149,105,0,0,,,,,,,,,,,,,,,,,,,,
2026-07-23 01:14:40,204547.796875,B8DB8AF16E20,0003,male,C57BL/6,1.1.1,FR1_Approach,0,PelletDrop,314,432,149,105,0,0,,,,,,,,,,,,,,,,,,,,
2026-07-23 01:14:44,204552.156250,B8DB8AF16E20,0003,male,C57BL/6,1.1.1,FR1_Approach,0,PelletTaken,314,432,149,105,0,0,3.735,22.000,0,1,,,,,,,,,,,,,,,,
2026-07-23 01:15:13,204581.046875,B8DB8AF16E20,0003,male,C57BL/6,1.1.1,FR1_Approach,0,Left,314,433,149,105,0,0,,,,,,,,,,,,,,,,,,,,
2026-07-23 01:15:16,204583.468750,B8DB8AF16E20,0003,male,C57BL/6,1.1.1,FR1_Approach,0,Approach,314,433,149,105,0,0,,,,,,,,,,,,,,,,,,,,
2026-07-23 01:15:19,204586.328125,B8DB8AF16E20,0003,male,C57BL/6,1.1.1,FR1_Approach,0,PelletDrop,315,433,149,105,0,0,,,,,,,,,,,,,,,,,,,,
2026-07-23 01:15:39,204606.937500,B8DB8AF16E20,0003,male,C57BL/6,1.1.1,FR1_Approach,0,PelletTaken,315,433,149,105,0,0,TimedOut,86.000,0,1,,,,,,,,,,,,,,,,
2026-07-23 01:21:48,204976.140625,B8DB8AF16E20,0003,male,C57BL/6,1.1.1,FR1_Approach,0,Right,315,433,150,105,0,0,,,,,,,,,,,,,,,,,,,,
2026-07-23 01:21:51,204978.687500,B8DB8AF16E20,0003,male,C57BL/6,1.1.1,FR1_Approach,0,Left,315,434,150,105,0,0,,,,,,,,,,,,,,,,,,,,
2026-07-23 01:21:52,204979.890625,B8DB8AF16E20,0003,male,C57BL/6,1.1.1,FR1_Approach,0,Approach,315,434,150,105,0,0,,,,,,,,,,,,,,,,,,,,
2026-07-23 01:21:55,204982.796875,B8DB8AF16E20,0003,male,C57BL/6,1.1.1,FR1_Approach,0,PelletDrop,316,434,150,105,0,0,,,,,,,,,,,,,,,,,,,,
2026-07-23 01:21:56,204983.937500,B8DB8AF16E20,0003,male,C57BL/6,1.1.1,FR1_Approach,0,PelletTaken,316,434,150,105,0,0,0.544,125.000,0,1,,,,,,,,,,,,,,,,
2026-07-23 01:22:04,204991.671875,B8DB8AF16E20,0003,male,C57BL/6,1.1.1,FR1_Approach,0,Status,316,434,150,105,0,0,,,,,Disabled,25.2,44.0,1015.6,12.1,0.000,0.000,247732,339964,181300,41711,3.68,18.28
2026-07-23 01:27:19,205306.968750,B8DB8AF16E20,0003,male,C57BL/6,1.1.1,FR1_Approach,0,Left,316,435,150,105,0,0,,,,,,,,,,,,,,,,,,,,
2026-07-23 01:27:20,205308.171875,B8DB8AF16E20,0003,male,C57BL/6,1.1.1,FR1_Approach,0,Approach,316,435,150,105,0,0,,,,,,,,,,,,,,,,,,,,
2026-07-23 01:27:26,205313.859375,B8DB8AF16E20,0003,male,C57BL/6,1.1.1,FR1_Approach,0,Left,316,436,150,105,0,0,,,,,,,,,,,,,,,,,,,,
2026-07-23 01:27:27,205315.296875,B8DB8AF16E20,0003,male,C57BL/6,1.1.1,FR1_Approach,0,Approach,316,436,150,105,0,0,,,,,,,,,,,,,,,,,,,,
2026-07-23 01:27:30,205318.171875,B8DB8AF16E20,0003,male,C57BL/6,1.1.1,FR1_Approach,0,PelletDrop,317,436,150,105,0,0,,,,,,,,,,,,,,,,,,,,
2026-07-23 01:27:35,205323.234375,B8DB8AF16E20,0003,male,C57BL/6,1.1.1,FR1_Approach,0,PelletTaken,317,436,150,105,0,0,4.459,68.000,0,1,,,,,,,,,,,,,,,,
2026-07-23 01:29:57,205465.343750,B8DB8AF16E20,0003,male,C57BL/6,1.1.1,FR1_Approach,0,Right,317,436,151,105,0,0,,,,,,,,,,,,,,,,,,,,
2026-07-23 01:33:29,205677.546875,B8DB8AF16E20,0003,male,C57BL/6,1.1.1,FR1_Approach,0,Status,317,436,151,105,0,0,,,,,Disabled,25.2,44.1,1015.7,12.2,0.000,0.000,247732,339964,181300,41843,3.72,18.02
2026-07-23 01:36:04,205833.406250,B8DB8AF16E20,0003,male,C57BL/6,1.1.1,FR1_Approach,0,Left,317,437,151,105,0,0,,,,,,,,,,,,,,,,,,,,
2026-07-23 01:36:05,205834.609375,B8DB8AF16E20,0003,male,C57BL/6,1.1.1,FR1_Approach,0,Approach,317,437,151,105,0,0,,,,,,,,,,,,,,,,,,,,
2026-07-23 01:36:08,205837.468750,B8DB8AF16E20,0003,male,C57BL/6,1.1.1,FR1_Approach,0,PelletDrop,318,437,151,105,0,0,,,,,,,,,,,,,,,,,,,,
2026-07-23 01:36:09,205838.203125,B8DB8AF16E20,0003,male,C57BL/6,1.1.1,FR1_Approach,0,PelletTaken,318,437,151,105,0,0,0.114,11.000,0,1,,,,,,,,,,,,,,,,
2026-07-23 01:45:11,206380.093750,B8DB8AF16E20,0003,male,C57BL/6,1.1.1,FR1_Approach,0,Status,318,437,151,105,0,0,,,,,Disabled,25.2,43.9,1015.7,12.1,0.000,0.000,247732,339964,181300,41981,3.73,17.50
2026-07-23 01:47:17,206506.859375,B8DB8AF16E20,0003,male,C57BL/6,1.1.1,FR1_Approach,0,Left,318,438,151,105,0,0,,,,,,,,,,,,,,,,,,,,
2026-07-23 01:47:19,206508.812500,B8DB8AF16E20,0003,male,C57BL/6,1.1.1,FR1_Approach,0,Approach,318,438,151,105,0,0,,,,,,,,,,,,,,,,,,,,
2026-07-23 01:47:21,206510.562500,B8DB8AF16E20,0003,male,C57BL/6,1.1.1,FR1_Approach,0,PelletDrop,319,438,151,105,0,0,,,,,,,,,,,,,,,,,,,,
2026-07-23 01:47:22,206511.765625,B8DB8AF16E20,0003,male,C57BL/6,1.1.1,FR1_Approach,0,PelletNotDetected,319,438,151,105,0,0,,,,,,,,,,,,,,,,,,,,
2026-07-23 01:47:42,206531.968750,B8DB8AF16E20,0003,male,C57BL/6,1.1.1,FR1_Approach,0,Left,319,439,151,105,0,0,,,,,,,,,,,,,,,,,,,,
2026-07-23 01:47:45,206534.390625,B8DB8AF16E20,0003,male,C57BL/6,1.1.1,FR1_Approach,0,Approach,319,439,151,105,0,0,,,,,,,,,,,,,,,,,,,,
2026-07-23 01:47:51,206540.515625,B8DB8AF16E20,0003,male,C57BL/6,1.1.1,FR1_Approach,0,PelletDrop,320,439,151,105,0,0,,,,,,,,,,,,,,,,,,,,
2026-07-23 01:47:56,206545.859375,B8DB8AF16E20,0003,male,C57BL/6,1.1.1,FR1_Approach,0,PelletTaken,320,439,151,105,0,0,4.746,30.000,0,3,,,,,,,,,,,,,,,,
2026-07-23 01:56:45,207074.656250,B8DB8AF16E20,0003,male,C57BL/6,1.1.1,FR1_Approach,0,Status,320,439,151,105,0,0,,,,,Disabled,25.2,43.9,1015.7,12.2,0.000,0.000,247732,339964,181300,42114,3.72,17.50
2026-07-23 01:57:17,207106.109375,B8DB8AF16E20,0003,male,C57BL/6,1.1.1,FR1_Approach,0,Left,320,440,151,105,0,0,,,,,,,,,,,,,,,,,,,,
2026-07-23 01:57:19,207108.031250,B8DB8AF16E20,0003,male,C57BL/6,1.1.1,FR1_Approach,0,Approach,320,440,151,105,0,0,,,,,,,,,,,,,,,,,,,,
2026-07-23 01:57:22,207110.859375,B8DB8AF16E20,0003,male,C57BL/6,1.1.1,FR1_Approach,0,PelletDrop,321,440,151,105,0,0,,,,,,,,,,,,,,,,,,,,
2026-07-23 01:57:23,207112.046875,B8DB8AF16E20,0003,male,C57BL/6,1.1.1,FR1_Approach,0,PelletNotDetected,321,440,151,105,0,0,,,,,,,,,,,,,,,,,,,,
2026-07-23 01:57:56,207144.890625,B8DB8AF16E20,0003,male,C57BL/6,1.1.1,FR1_Approach,0,Left,321,441,151,105,0,0,,,,,,,,,,,,,,,,,,,,
2026-07-23 01:57:58,207147.062500,B8DB8AF16E20,0003,male,C57BL/6,1.1.1,FR1_Approach,0,Approach,321,441,151,105,0,0,,,,,,,,,,,,,,,,,,,,
2026-07-23 01:58:01,207149.937500,B8DB8AF16E20,0003,male,C57BL/6,1.1.1,FR1_Approach,0,PelletDrop,322,441,151,105,0,0,,,,,,,,,,,,,,,,,,,,
2026-07-23 01:58:02,207151.546875,B8DB8AF16E20,0003,male,C57BL/6,1.1.1,FR1_Approach,0,PelletTaken,322,441,151,105,0,0,1.017,49.000,0,2,,,,,,,,,,,,,,,,
2026-07-23 02:04:25,207534.546875,B8DB8AF16E20,0003,male,C57BL/6,1.1.1,FR1_Approach,0,Center,322,441,151,106,0,0,,,,,,,,,,,,,,,,,,,,
2026-07-23 02:04:30,207539.671875,B8DB8AF16E20,0003,male,C57BL/6,1.1.1,FR1_Approach,0,Left,322,442,151,106,0,0,,,,,,,,,,,,,,,,,,,,
2026-07-23 02:04:31,207540.890625,B8DB8AF16E20,0003,male,C57BL/6,1.1.1,FR1_Approach,0,Approach,322,442,151,106,0,0,,,,,,,,,,,,,,,,,,,,
2026-07-23 02:04:33,207542.640625,B8DB8AF16E20,0003,male,C57BL/6,1.1.1,FR1_Approach,0,PelletDrop,323,442,151,106,0,0,,,,,,,,,,,,,,,,,,,,
2026-07-23 02:04:39,207548.468750,B8DB8AF16E20,0003,male,C57BL/6,1.1.1,FR1_Approach,0,PelletTaken,323,442,151,106,0,0,5.219,11.000,0,0,,,,,,,,,,,,,,,,
2026-07-23 02:08:17,207767.343750,B8DB8AF16E20,0003,male,C57BL/6,1.1.1,FR1_Approach,0,Status,323,442,151,106,0,0,,,,,Disabled,25.2,43.9,1015.8,12.2,0.000,0.000,247732,339964,181300,42247,3.73,17.24
2026-07-23 02:13:00,208050.734375,B8DB8AF16E20,0003,male,C57BL/6,1.1.1,FR1_Approach,0,Right,323,442,152,106,0,0,,,,,,,,,,,,,,,,,,,,
2026-07-23 02:13:08,208058.359375,B8DB8AF16E20,0003,male,C57BL/6,1.1.1,FR1_Approach,0,Left,323,443,152,106,0,0,,,,,,,,,,,,,,,,,,,,
2026-07-23 02:13:11,208061.140625,B8DB8AF16E20,0003,male,C57BL/6,1.1.1,FR1_Approach,0,No_approach,323,443,152,106,0,0,,,,,,,,,,,,,,,,,,,,
2026-07-23 02:15:12,208182.718750,B8DB8AF16E20,0003,male,C57BL/6,1.1.1,FR1_Approach,0,Left,323,444,152,106,0,0,,,,,,,,,,,,,,,,,,,,
2026-07-23 02:15:15,208185.375000,B8DB8AF16E20,0003,male,C57BL/6,1.1.1,FR1_Approach,0,Approach,323,444,152,106,0,0,,,,,,,,,,,,,,,,,,,,
2026-07-23 02:15:18,208188.234375,B8DB8AF16E20,0003,male,C57BL/6,1.1.1,FR1_Approach,0,PelletDrop,324,444,152,106,0,0,,,,,,,,,,,,,,,,,,,,
2026-07-23 02:15:19,208189.125000,B8DB8AF16E20,0003,male,C57BL/6,1.1.1,FR1_Approach,0,PelletTaken,324,444,152,106,0,0,0.291,12.000,0,1,,,,,,,,,,,,,,,,
2026-07-23 02:16:35,208265.765625,B8DB8AF16E20,0003,male,C57BL/6,1.1.1,FR1_Approach,0,Center,324,444,152,107,0,0,,,,,,,,,,,,,,,,,,,,
2026-07-23 02:16:43,208273.453125,B8DB8AF16E20,0003,male,C57BL/6,1.1.1,FR1_Approach,0,Right,324,444,153,107,0,0,,,,,,,,,,,,,,,,,,,,
2026-07-23 02:17:27,208317.937500,B8DB8AF16E20,0003,male,C57BL/6,1.1.1,FR1_Approach,0,Left,324,445,153,107,0,0,,,,,,,,,,,,,,,,,,,,
2026-07-23 02:17:30,208320.734375,B8DB8AF16E20,0003,male,C57BL/6,1.1.1,FR1_Approach,0,No_approach,324,445,153,107,0,0,,,,,,,,,,,,,,,,,,,,
2026-07-23 02:19:55,208465.953125,B8DB8AF16E20,0003,male,C57BL/6,1.1.1,FR1_Approach,0,Status,324,445,153,107,0,0,,,,,Disabled,25.2,43.8,1015.8,12.1,0.000,0.000,247732,339964,181284,42385,3.72,16.98
2026-07-23 02:22:10,208600.828125,B8DB8AF16E20,0003,male,C57BL/6,1.1.1,FR1_Approach,0,Left,324,446,153,107,0,0,,,,,,,,,,,,,,,,,,,,
2026-07-23 02:22:11,208602.031250,B8DB8AF16E20,0003,male,C57BL/6,1.1.1,FR1_Approach,0,Approach,324,446,153,107,0,0,,,,,,,,,,,,,,,,,,,,
2026-07-23 02:22:16,208607.125000,B8DB8AF16E20,0003,male,C57BL/6,1.1.1,FR1_Approach,0,PelletDrop,325,446,153,107,0,0,,,,,,,,,,,,,,,,,,,,
2026-07-23 02:22:24,208614.656250,B8DB8AF16E20,0003,male,C57BL/6,1.1.1,FR1_Approach,0,PelletTaken,325,446,153,107,0,0,6.935,21.000,0,2,,,,,,,,,,,,,,,,
2026-07-23 02:26:41,208871.609375,B8DB8AF16E20,0003,male,C57BL/6,1.1.1,FR1_Approach,0,Right,325,446,154,107,0,0,,,,,,,,,,,,,,,,,,,,
2026-07-23 02:26:50,208880.609375,B8DB8AF16E20,0003,male,C57BL/6,1.1.1,FR1_Approach,0,Left,325,447,154,107,0,0,,,,,,,,,,,,,,,,,,,,
2026-07-23 02:26:51,208882.046875,B8DB8AF16E20,0003,male,C57BL/6,1.1.1,FR1_Approach,0,Approach,325,447,154,107,0,0,,,,,,,,,,,,,,,,,,,,
2026-07-23 02:26:56,208887.125000,B8DB8AF16E20,0003,male,C57BL/6,1.1.1,FR1_Approach,0,PelletDrop,326,447,154,107,0,0,,,,,,,,,,,,,,,,,,,,
2026-07-23 02:27:01,208891.453125,B8DB8AF16E20,0003,male,C57BL/6,1.1.1,FR1_Approach,0,PelletTaken,326,447,154,107,0,0,3.733,21.000,0,2,,,,,,,,,,,,,,,,
2026-07-23 02:30:28,209099.984375,B8DB8AF16E20,0003,male,C57BL/6,1.1.1,FR1_Approach,0,Status,326,447,154,107,0,0,,,,,Disabled,25.0,45.4,1015.9,12.3,0.000,0.000,247732,339964,181284,42517,3.72,16.73
2026-07-23 02:33:07,209258.781250,B8DB8AF16E20,0003,male,C57BL/6,1.1.1,FR1_Approach,0,Left,326,448,154,107,0,0,,,,,,,,,,,,,,,,,,,,
2026-07-23 02:33:10,209261.562500,B8DB8AF16E20,0003,male,C57BL/6,1.1.1,FR1_Approach,0,No_approach,326,448,154,107,0,0,,,,,,,,,,,,,,,,,,,,
2026-07-23 02:33:17,209269.000000,B8DB8AF16E20,0003,male,C57BL/6,1.1.1,FR1_Approach,0,Left,326,449,154,107,0,0,,,,,,,,,,,,,,,,,,,,
2026-07-23 02:33:18,209270.203125,B8DB8AF16E20,0003,male,C57BL/6,1.1.1,FR1_Approach,0,Approach,326,449,154,107,0,0,,,,,,,,,,,,,,,,,,,,
2026-07-23 02:33:21,209273.062500,B8DB8AF16E20,0003,male,C57BL/6,1.1.1,FR1_Approach,0,PelletDrop,327,449,154,107,0,0,,,,,,,,,,,,,,,,,,,,
2026-07-23 02:33:24,209275.609375,B8DB8AF16E20,0003,male,C57BL/6,1.1.1,FR1_Approach,0,PelletTaken,327,449,154,107,0,0,1.941,41.000,0,1,,,,,,,,,,,,,,,,
2026-07-23 02:42:09,209801.156250,B8DB8AF16E20,0003,male,C57BL/6,1.1.1,FR1_Approach,0,Status,327,449,154,107,0,0,,,,,Disabled,25.0,44.1,1015.9,12.3,0.000,0.000,247732,339964,181284,42653,3.72,16.73
2026-07-23 02:53:53,210505.859375,B8DB8AF16E20,0003,male,C57BL/6,1.1.1,FR1_Approach,0,Status,327,449,154,107,0,0,,,,,Disabled,25.0,43.9,1016.0,12.1,0.000,0.000,247732,339964,181284,42790,3.72,16.47
2026-07-23 03:05:33,211206.437500,B8DB8AF16E20,0003,male,C57BL/6,1.1.1,FR1_Approach,0,Status,327,449,154,107,0,0,,,,,Disabled,25.0,43.9,1016.0,12.1,0.000,0.000,247732,339964,181284,42927,3.71,16.47
2026-07-23 03:17:19,211913.125000,B8DB8AF16E20,0003,male,C57BL/6,1.1.1,FR1_Approach,0,Status,327,449,154,107,0,0,,,,,Disabled,25.0,43.8,1016.1,12.2,0.000,0.000,247732,339964,181284,43064,3.71,16.21
2026-07-23 03:28:52,212606.781250,B8DB8AF16E20,0003,male,C57BL/6,1.1.1,FR1_Approach,0,Status,327,449,154,107,0,0,,,,,Disabled,25.0,44.0,1016.2,12.2,0.000,0.000,247732,339964,181284,43201,3.71,16.21
2026-07-23 03:40:26,213301.421875,B8DB8AF16E20,0003,male,C57BL/6,1.1.1,FR1_Approach,0,Status,327,449,154,107,0,0,,,,,Disabled,24.9,44.0,1016.2,12.2,0.000,0.000,247732,339964,181284,43338,3.71,15.95
2026-07-23 03:45:21,213596.187500,B8DB8AF16E20,0003,male,C57BL/6,1.1.1,FR1_Approach,0,Left,327,450,154,107,0,0,,,,,,,,,,,,,,,,,,,,
2026-07-23 03:45:22,213597.390625,B8DB8AF16E20,0003,male,C57BL/6,1.1.1,FR1_Approach,0,Approach,327,450,154,107,0,0,,,,,,,,,,,,,,,,,,,,
2026-07-23 03:45:25,213600.250000,B8DB8AF16E20,0003,male,C57BL/6,1.1.1,FR1_Approach,0,PelletDrop,328,450,154,107,0,0,,,,,,,,,,,,,,,,,,,,
2026-07-23 03:45:26,213601.515625,B8DB8AF16E20,0003,male,C57BL/6,1.1.1,FR1_Approach,0,PelletTaken,328,450,154,107,0,0,0.664,39.000,0,1,,,,,,,,,,,,,,,,
2026-07-23 03:47:03,213698.421875,B8DB8AF16E20,0003,male,C57BL/6,1.1.1,FR1_Approach,0,Left,328,451,154,107,0,0,,,,,,,,,,,,,,,,,,,,
2026-07-23 03:47:04,213699.875000,B8DB8AF16E20,0003,male,C57BL/6,1.1.1,FR1_Approach,0,Approach,328,451,154,107,0,0,,,,,,,,,,,,,,,,,,,,
2026-07-23 03:47:10,213704.968750,B8DB8AF16E20,0003,male,C57BL/6,1.1.1,FR1_Approach,0,PelletDrop,329,451,154,107,0,0,,,,,,,,,,,,,,,,,,,,
2026-07-23 03:47:19,213714.078125,B8DB8AF16E20,0003,male,C57BL/6,1.1.1,FR1_Approach,0,PelletTaken,329,451,154,107,0,0,8.519,105.000,0,2,,,,,,,,,,,,,,,,
2026-07-23 03:49:24,213839.453125,B8DB8AF16E20,0003,male,C57BL/6,1.1.1,FR1_Approach,0,Right,329,451,155,107,0,0,,,,,,,,,,,,,,,,,,,,
2026-07-23 03:52:05,214001.062500,B8DB8AF16E20,0003,male,C57BL/6,1.1.1,FR1_Approach,0,Status,329,451,155,107,0,0,,,,,Disabled,25.0,43.8,1016.3,12.2,0.000,0.000,247732,339964,181284,43472,3.71,15.69
2026-07-23 03:55:10,214186.484375,B8DB8AF16E20,0003,male,C57BL/6,1.1.1,FR1_Approach,0,Right,329,451,156,107,0,0,,,,,,,,,,,,,,,,,,,,
2026-07-23 03:55:17,214192.734375,B8DB8AF16E20,0003,male,C57BL/6,1.1.1,FR1_Approach,0,Left,329,452,156,107,0,0,,,,,,,,,,,,,,,,,,,,
2026-07-23 03:55:20,214195.890625,B8DB8AF16E20,0003,male,C57BL/6,1.1.1,FR1_Approach,0,Approach,329,452,156,107,0,0,,,,,,,,,,,,,,,,,,,,
2026-07-23 03:55:23,214198.750000,B8DB8AF16E20,0003,male,C57BL/6,1.1.1,FR1_Approach,0,PelletDrop,330,452,156,107,0,0,,,,,,,,,,,,,,,,,,,,
2026-07-23 03:55:24,214199.593750,B8DB8AF16E20,0003,male,C57BL/6,1.1.1,FR1_Approach,0,PelletTaken,330,452,156,107,0,0,0.236,22.000,0,1,,,,,,,,,,,,,,,,
2026-07-23 03:59:55,214471.484375,B8DB8AF16E20,0003,male,C57BL/6,1.1.1,FR1_Approach,0,Center,330,452,156,108,0,0,,,,,,,,,,,,,,,,,,,,
2026-07-23 04:03:39,214695.687500,B8DB8AF16E20,0003,male,C57BL/6,1.1.1,FR1_Approach,0,Status,330,452,156,108,0,0,,,,,Disabled,25.0,44.0,1016.4,12.2,0.000,0.000,247732,339964,181284,43608,3.70,15.69
2026-07-23 04:05:51,214827.187500,B8DB8AF16E20,0003,male,C57BL/6,1.1.1,FR1_Approach,0,Left,330,453,156,108,0,0,,,,,,,,,,,,,,,,,,,,
2026-07-23 04:05:53,214829.968750,B8DB8AF16E20,0003,male,C57BL/6,1.1.1,FR1_Approach,0,No_approach,330,453,156,108,0,0,,,,,,,,,,,,,,,,,,,,
2026-07-23 04:05:56,214832.296875,B8DB8AF16E20,0003,male,C57BL/6,1.1.1,FR1_Approach,0,Left,330,454,156,108,0,0,,,,,,,,,,,,,,,,,,,,
2026-07-23 04:05:59,214835.234375,B8DB8AF16E20,0003,male,C57BL/6,1.1.1,FR1_Approach,0,Approach,330,454,156,108,0,0,,,,,,,,,,,,,,,,,,,,
2026-07-23 04:06:04,214840.312500,B8DB8AF16E20,0003,male,C57BL/6,1.1.1,FR1_Approach,0,PelletDrop,331,454,156,108,0,0,,,,,,,,,,,,,,,,,,,,
2026-07-23 04:06:10,214846.625000,B8DB8AF16E20,0003,male,C57BL/6,1.1.1,FR1_Approach,0,PelletTaken,331,454,156,108,0,0,5.725,21.000,0,2,,,,,,,,,,,,,,,,
2026-07-23 04:11:08,215144.781250,B8DB8AF16E20,0003,male,C57BL/6,1.1.1,FR1_Approach,0,Left,331,455,156,108,0,0,,,,,,,,,,,,,,,,,,,,
2026-07-23 04:11:10,215147.218750,B8DB8AF16E20,0003,male,C57BL/6,1.1.1,FR1_Approach,0,Approach,331,455,156,108,0,0,,,,,,,,,,,,,,,,,,,,
2026-07-23 04:11:13,215150.078125,B8DB8AF16E20,0003,male,C57BL/6,1.1.1,FR1_Approach,0,PelletDrop,332,455,156,108,0,0,,,,,,,,,,,,,,,,,,,,
2026-07-23 04:11:14,215151.265625,B8DB8AF16E20,0003,male,C57BL/6,1.1.1,FR1_Approach,0,PelletNotDetected,332,455,156,108,0,0,,,,,,,,,,,,,,,,,,,,
2026-07-23 04:15:18,215395.250000,B8DB8AF16E20,0003,male,C57BL/6,1.1.1,FR1_Approach,0,Status,332,455,156,108,0,0,,,,,Disabled,25.0,43.8,1016.5,12.1,0.000,0.000,247732,339964,181284,43741,3.72,15.43
2026-07-23 04:18:22,215579.093750,B8DB8AF16E20,0003,male,C57BL/6,1.1.1,FR1_Approach,0,Left,332,456,156,108,0,0,,,,,,,,,,,,,,,,,,,,
2026-07-23 04:18:25,215581.875000,B8DB8AF16E20,0003,male,C57BL/6,1.1.1,FR1_Approach,0,No_approach,332,456,156,108,0,0,,,,,,,,,,,,,,,,,,,,
2026-07-23 04:19:54,215671.390625,B8DB8AF16E20,0003,male,C57BL/6,1.1.1,FR1_Approach,0,Left,332,457,156,108,0,0,,,,,,,,,,,,,,,,,,,,
2026-07-23 04:19:56,215673.593750,B8DB8AF16E20,0003,male,C57BL/6,1.1.1,FR1_Approach,0,Approach,332,457,156,108,0,0,,,,,,,,,,,,,,,,,,,,
2026-07-23 04:19:59,215676.390625,B8DB8AF16E20,0003,male,C57BL/6,1.1.1,FR1_Approach,0,PelletDrop,333,457,156,108,0,0,,,,,,,,,,,,,,,,,,,,
2026-07-23 04:20:00,215677.234375,B8DB8AF16E20,0003,male,C57BL/6,1.1.1,FR1_Approach,0,PelletTaken,333,457,156,108,0,0,0.225,30.000,0,2,,,,,,,,,,,,,,,,
2026-07-23 04:24:52,215969.312500,B8DB8AF16E20,0003,male,C57BL/6,1.1.1,FR1_Approach,0,Right,333,457,157,108,0,0,,,,,,,,,,,,,,,,,,,,
2026-07-23 04:24:55,215972.687500,B8DB8AF16E20,0003,male,C57BL/6,1.1.1,FR1_Approach,0,Left,333,458,157,108,0,0,,,,,,,,,,,,,,,,,,,,
2026-07-23 04:24:56,215973.890625,B8DB8AF16E20,0003,male,C57BL/6,1.1.1,FR1_Approach,0,Approach,333,458,157,108,0,0,,,,,,,,,,,,,,,,,,,,
2026-07-23 04:25:02,215978.968750,B8DB8AF16E20,0003,male,C57BL/6,1.1.1,FR1_Approach,0,PelletDrop,334,458,157,108,0,0,,,,,,,,,,,,,,,,,,,,
2026-07-23 04:25:09,215986.812500,B8DB8AF16E20,0003,male,C57BL/6,1.1.1,FR1_Approach,0,PelletTaken,334,458,157,108,0,0,7.242,20.000,0,2,,,,,,,,,,,,,,,,
2026-07-23 04:27:01,216098.843750,B8DB8AF16E20,0003,male,C57BL/6,1.1.1,FR1_Approach,0,Status,334,458,157,108,0,0,,,,,Disabled,25.0,44.4,1016.6,12.1,0.000,0.000,247732,339964,181284,43878,3.70,15.17
2026-07-23 04:29:02,216219.140625,B8DB8AF16E20,0003,male,C57BL/6,1.1.1,FR1_Approach,0,Left,334,459,157,108,0,0,,,,,,,,,,,,,,,,,,,,
2026-07-23 04:29:03,216220.343750,B8DB8AF16E20,0003,male,C57BL/6,1.1.1,FR1_Approach,0,Approach,334,459,157,108,0,0,,,,,,,,,,,,,,,,,,,,
2026-07-23 04:29:06,216223.187500,B8DB8AF16E20,0003,male,C57BL/6,1.1.1,FR1_Approach,0,PelletDrop,335,459,157,108,0,0,,,,,,,,,,,,,,,,,,,,
2026-07-23 04:29:07,216224.375000,B8DB8AF16E20,0003,male,C57BL/6,1.1.1,FR1_Approach,0,PelletNotDetected,335,459,157,108,0,0,,,,,,,,,,,,,,,,,,,,
2026-07-23 04:29:29,216246.531250,B8DB8AF16E20,0003,male,C57BL/6,1.1.1,FR1_Approach,0,Left,335,460,157,108,0,0,,,,,,,,,,,,,,,,,,,,
2026-07-23 04:29:31,216248.734375,B8DB8AF16E20,0003,male,C57BL/6,1.1.1,FR1_Approach,0,Approach,335,460,157,108,0,0,,,,,,,,,,,,,,,,,,,,
2026-07-23 04:29:34,216251.546875,B8DB8AF16E20,0003,male,C57BL/6,1.1.1,FR1_Approach,0,PelletDrop,336,460,157,108,0,0,,,,,,,,,,,,,,,,,,,,
2026-07-23 04:29:35,216252.515625,B8DB8AF16E20,0003,male,C57BL/6,1.1.1,FR1_Approach,0,PelletTaken,336,460,157,108,0,0,0.368,77.000,0,2,,,,,,,,,,,,,,,,
2026-07-23 04:32:52,216449.734375,B8DB8AF16E20,0003,male,C57BL/6,1.1.1,FR1_Approach,0,Left,336,461,157,108,0,0,,,,,,,,,,,,,,,,,,,,
2026-07-23 04:32:53,216450.937500,B8DB8AF16E20,0003,male,C57BL/6,1.1.1,FR1_Approach,0,Approach,336,461,157,108,0,0,,,,,,,,,,,,,,,,,,,,
2026-07-23 04:32:56,216453.796875,B8DB8AF16E20,0003,male,C57BL/6,1.1.1,FR1_Approach,0,PelletDrop,337,461,157,108,0,0,,,,,,,,,,,,,,,,,,,,
2026-07-23 04:32:59,216456.828125,B8DB8AF16E20,0003,male,C57BL/6,1.1.1,FR1_Approach,0,PelletTaken,337,461,157,108,0,0,2.435,21.000,0,1,,,,,,,,,,,,,,,,
2026-07-23 04:35:38,216616.343750,B8DB8AF16E20,0003,male,C57BL/6,1.1.1,FR1_Approach,0,Right,337,461,158,108,0,0,,,,,,,,,,,,,,,,,,,,
2026-07-23 04:38:42,216800.609375,B8DB8AF16E20,0003,male,C57BL/6,1.1.1,FR1_Approach,0,Left,337,462,158,108,0,0,,,,,,,,,,,,,,,,,,,,
2026-07-23 04:38:45,216803.390625,B8DB8AF16E20,0003,male,C57BL/6,1.1.1,FR1_Approach,0,No_approach,337,462,158,108,0,0,,,,,,,,,,,,,,,,,,,,
2026-07-23 04:38:53,216811.125000,B8DB8AF16E20,0003,male,C57BL/6,1.1.1,FR1_Approach,0,Status,337,462,158,108,0,0,,,,,Disabled,25.0,44.3,1016.7,12.0,0.000,0.000,247732,339964,181284,44015,3.70,14.91
2026-07-23 04:38:59,216816.859375,B8DB8AF16E20,0003,male,C57BL/6,1.1.1,FR1_Approach,0,Left,337,463,158,108,0,0,,,,,,,,,,,,,,,,,,,,
2026-07-23 04:39:00,216818.312500,B8DB8AF16E20,0003,male,C57BL/6,1.1.1,FR1_Approach,0,Approach,337,463,158,108,0,0,,,,,,,,,,,,,,,,,,,,
2026-07-23 04:39:05,216823.390625,B8DB8AF16E20,0003,male,C57BL/6,1.1.1,FR1_Approach,0,PelletDrop,338,463,158,108,0,0,,,,,,,,,,,,,,,,,,,,
2026-07-23 04:39:14,216831.687500,B8DB8AF16E20,0003,male,C57BL/6,1.1.1,FR1_Approach,0,PelletTaken,338,463,158,108,0,0,7.704,78.000,0,2,,,,,,,,,,,,,,,,
2026-07-23 04:50:29,217508.109375,B8DB8AF16E20,0003,male,C57BL/6,1.1.1,FR1_Approach,0,Status,338,463,158,108,0,0,,,,,Disabled,25.0,44.3,1016.7,12.0,0.000,0.000,247732,339964,181284,44149,3.70,14.91
2026-07-23 04:57:48,217947.531250,B8DB8AF16E20,0003,male,C57BL/6,1.1.1,FR1_Approach,0,Left,338,464,158,108,0,0,,,,,,,,,,,,,,,,,,,,
2026-07-23 04:57:51,217950.687500,B8DB8AF16E20,0003,male,C57BL/6,1.1.1,FR1_Approach,0,Approach,338,464,158,108,0,0,,,,,,,,,,,,,,,,,,,,
2026-07-23 04:57:54,217953.546875,B8DB8AF16E20,0003,male,C57BL/6,1.1.1,FR1_Approach,0,PelletDrop,339,464,158,108,0,0,,,,,,,,,,,,,,,,,,,,
2026-07-23 04:57:55,217954.750000,B8DB8AF16E20,0003,male,C57BL/6,1.1.1,FR1_Approach,0,PelletNotDetected,339,464,158,108,0,0,,,,,,,,,,,,,,,,,,,,
2026-07-23 05:02:16,218215.687500,B8DB8AF16E20,0003,male,C57BL/6,1.1.1,FR1_Approach,0,Status,339,464,158,108,0,0,,,,,Disabled,25.0,44.2,1016.8,12.1,0.000,0.000,247732,339964,181284,44285,3.70,14.66
2026-07-23 05:04:44,218363.656250,B8DB8AF16E20,0003,male,C57BL/6,1.1.1,FR1_Approach,0,Left,339,465,158,108,0,0,,,,,,,,,,,,,,,,,,,,
2026-07-23 05:04:45,218365.109375,B8DB8AF16E20,0003,male,C57BL/6,1.1.1,FR1_Approach,0,Approach,339,465,158,108,0,0,,,,,,,,,,,,,,,,,,,,
2026-07-23 05:04:48,218367.906250,B8DB8AF16E20,0003,male,C57BL/6,1.1.1,FR1_Approach,0,PelletDrop,340,465,158,108,0,0,,,,,,,,,,,,,,,,,,,,
2026-07-23 05:04:49,218369.109375,B8DB8AF16E20,0003,male,C57BL/6,1.1.1,FR1_Approach,0,PelletNotDetected,340,465,158,108,0,0,,,,,,,,,,,,,,,,,,,,
2026-07-23 05:08:52,218612.109375,B8DB8AF16E20,0003,male,C57BL/6,1.1.1,FR1_Approach,0,Left,340,466,158,108,0,0,,,,,,,,,,,,,,,,,,,,
2026-07-23 05:08:54,218614.531250,B8DB8AF16E20,0003,male,C57BL/6,1.1.1,FR1_Approach,0,Approach,340,466,158,108,0,0,,,,,,,,,,,,,,,,,,,,
2026-07-23 05:08:57,218617.343750,B8DB8AF16E20,0003,male,C57BL/6,1.1.1,FR1_Approach,0,PelletDrop,341,466,158,108,0,0,,,,,,,,,,,,,,,,,,,,
2026-07-23 05:08:59,218619.562500,B8DB8AF16E20,0003,male,C57BL/6,1.1.1,FR1_Approach,0,PelletTaken,341,466,158,108,0,0,1.622,59.000,0,3,,,,,,,,,,,,,,,,
2026-07-23 05:13:59,218919.343750,B8DB8AF16E20,0003,male,C57BL/6,1.1.1,FR1_Approach,0,Status,341,466,158,108,0,0,,,,,Disabled,25.0,44.4,1016.8,12.1,0.000,0.000,247732,339964,181284,44420,3.70,14.40
2026-07-23 05:21:23,219364.343750,B8DB8AF16E20,0003,male,C57BL/6,1.1.1,FR1_Approach,0,Left,341,467,158,108,0,0,,,,,,,,,,,,,,,,,,,,
2026-07-23 05:21:25,219366.265625,B8DB8AF16E20,0003,male,C57BL/6,1.1.1,FR1_Approach,0,Approach,341,467,158,108,0,0,,,,,,,,,,,,,,,,,,,,
2026-07-23 05:21:30,219371.375000,B8DB8AF16E20,0003,male,C57BL/6,1.1.1,FR1_Approach,0,PelletDrop,342,467,158,108,0,0,,,,,,,,,,,,,,,,,,,,
2026-07-23 05:21:38,219378.687500,B8DB8AF16E20,0003,male,C57BL/6,1.1.1,FR1_Approach,0,PelletTaken,342,467,158,108,0,0,6.714,30.000,0,2,,,,,,,,,,,,,,,,
2026-07-23 05:25:43,219623.984375,B8DB8AF16E20,0003,male,C57BL/6,1.1.1,FR1_Approach,0,Status,342,467,158,108,0,0,,,,,Disabled,25.0,44.3,1016.9,12.1,0.000,0.000,247732,339964,181284,44554,3.70,14.14
2026-07-23 05:37:26,220327.593750,B8DB8AF16E20,0003,male,C57BL/6,1.1.1,FR1_Approach,0,Status,342,467,158,108,0,0,,,,,Disabled,25.0,44.4,1017.0,12.1,0.000,0.000,247732,339964,181284,44691,3.71,13.88
2026-07-23 05:49:26,221048.187500,B8DB8AF16E20,0003,male,C57BL/6,1.1.1,FR1_Approach,0,Status,342,467,158,108,0,0,,,,,Disabled,25.0,44.0,1017.0,12.1,0.000,0.000,247732,339964,181284,44828,3.70,13.62
2026-07-23 06:01:10,221752.796875,B8DB8AF16E20,0003,male,C57BL/6,1.1.1,FR1_Approach,0,Status,342,467,158,108,0,0,,,,,Disabled,25.0,44.2,1017.1,12.1,1.595,644.000,247732,339964,181284,44965,3.70,13.62
2026-07-23 06:13:07,222470.375000,B8DB8AF16E20,0003,male,C57BL/6,1.1.1,FR1_Approach,0,Status,342,467,158,108,0,0,,,,,Disabled,25.0,44.0,1017.2,12.2,1.570,639.000,247732,339964,181284,45102,3.70,13.36
2026-07-23 06:24:54,223177.953125,B8DB8AF16E20,0003,male,C57BL/6,1.1.1,FR1_Approach,0,Status,342,467,158,108,0,0,,,,,Disabled,25.0,44.1,1017.3,12.2,1.703,688.000,247732,339964,181284,45239,3.70,13.10
2026-07-23 06:36:47,223891.578125,B8DB8AF16E20,0003,male,C57BL/6,1.1.1,FR1_Approach,0,Status,342,467,158,108,0,0,,,,,Disabled,25.0,43.9,1017.3,12.2,1.562,636.000,247732,339964,181284,45376,3.70,13.10
2026-07-23 06:48:37,224602.281250,B8DB8AF16E20,0003,male,C57BL/6,1.1.1,FR1_Approach,0,Status,342,467,158,108,0,0,,,,,Disabled,24.9,43.9,1017.4,12.1,1.555,634.000,247732,339964,181284,45513,3.68,12.84
2026-07-23 07:00:40,225325.906250,B8DB8AF16E20,0003,male,C57BL/6,1.1.1,FR1_Approach,0,Status,342,467,158,108,0,0,,,,,Disabled,25.0,43.6,1017.5,12.2,1.548,627.000,247732,339964,181284,45650,3.70,12.59
2026-07-23 07:12:22,226028.593750,B8DB8AF16E20,0003,male,C57BL/6,1.1.1,FR1_Approach,0,Status,342,467,158,108,0,0,,,,,Disabled,24.9,43.9,1017.6,12.2,1.570,634.000,247732,339964,181284,45787,3.69,12.59
2026-07-23 07:24:12,226739.125000,B8DB8AF16E20,0003,male,C57BL/6,1.1.1,FR1_Approach,0,Status,342,467,158,108,0,0,,,,,Disabled,24.9,43.8,1017.7,12.2,1.570,638.000,247732,339964,181284,45924,3.69,12.33
2026-07-23 07:36:05,227451.750000,B8DB8AF16E20,0003,male,C57BL/6,1.1.1,FR1_Approach,0,Status,342,467,158,108,0,0,,,,,Disabled,24.9,43.7,1017.9,12.2,1.588,642.000,247732,339964,181284,46061,3.69,12.33
2026-07-23 07:37:26,227533.671875,B8DB8AF16E20,0003,male,C57BL/6,1.1.1,FR1_Approach,0,Left,342,468,158,108,0,0,,,,,,,,,,,,,,,,,,,,
2026-07-23 07:37:28,227535.609375,B8DB8AF16E20,0003,male,C57BL/6,1.1.1,FR1_Approach,0,Approach,342,468,158,108,0,0,,,,,,,,,,,,,,,,,,,,
2026-07-23 07:37:33,227540.671875,B8DB8AF16E20,0003,male,C57BL/6,1.1.1,FR1_Approach,0,PelletDrop,343,468,158,108,0,0,,,,,,,,,,,,,,,,,,,,
2026-07-23 07:37:54,227561.281250,B8DB8AF16E20,0003,male,C57BL/6,1.1.1,FR1_Approach,0,PelletTaken,343,468,158,108,0,0,TimedOut,21.000,0,2,,,,,,,,,,,,,,,,
2026-07-23 07:38:41,227608.296875,B8DB8AF16E20,0003,male,C57BL/6,1.1.1,FR1_Approach,0,Left,343,469,158,108,0,0,,,,,,,,,,,,,,,,,,,,
2026-07-23 07:38:43,227610.000000,B8DB8AF16E20,0003,male,C57BL/6,1.1.1,FR1_Approach,0,Approach,343,469,158,108,0,0,,,,,,,,,,,,,,,,,,,,
2026-07-23 07:38:46,227612.859375,B8DB8AF16E20,0003,male,C57BL/6,1.1.1,FR1_Approach,0,PelletDrop,344,469,158,108,0,0,,,,,,,,,,,,,,,,,,,,
2026-07-23 07:38:47,227614.796875,B8DB8AF16E20,0003,male,C57BL/6,1.1.1,FR1_Approach,0,PelletTaken,344,469,158,108,0,0,1.336,31.000,0,1,,,,,,,,,,,,,,,,
2026-07-23 07:47:55,228163.296875,B8DB8AF16E20,0003,male,C57BL/6,1.1.1,FR1_Approach,0,Status,344,469,158,108,0,0,,,,,Disabled,24.9,43.6,1018.0,12.2,1.696,682.000,247732,339964,181284,46191,3.69,12.07
2026-07-23 07:49:12,228239.984375,B8DB8AF16E20,0003,male,C57BL/6,1.1.1,FR1_Approach,0,Right,344,469,159,108,0,0,,,,,,,,,,,,,,,,,,,,
2026-07-23 07:52:40,228448.656250,B8DB8AF16E20,0003,male,C57BL/6,1.1.1,FR1_Approach,0,Left,344,470,159,108,0,0,,,,,,,,,,,,,,,,,,,,
2026-07-23 07:52:42,228450.109375,B8DB8AF16E20,0003,male,C57BL/6,1.1.1,FR1_Approach,0,Approach,344,470,159,108,0,0,,,,,,,,,,,,,,,,,,,,
2026-07-23 07:52:44,228452.968750,B8DB8AF16E20,0003,male,C57BL/6,1.1.1,FR1_Approach,0,PelletDrop,345,470,159,108,0,0,,,,,,,,,,,,,,,,,,,,
2026-07-23 07:52:45,228453.796875,B8DB8AF16E20,0003,male,C57BL/6,1.1.1,FR1_Approach,0,PelletTaken,345,470,159,108,0,0,0.214,69.000,0,1,,,,,,,,,,,,,,,,
2026-07-23 07:54:50,228579.062500,B8DB8AF16E20,0003,male,C57BL/6,1.1.1,FR1_Approach,0,Left,345,471,159,108,0,0,,,,,,,,,,,,,,,,,,,,
2026-07-23 07:54:52,228580.515625,B8DB8AF16E20,0003,male,C57BL/6,1.1.1,FR1_Approach,0,Approach,345,471,159,108,0,0,,,,,,,,,,,,,,,,,,,,
2026-07-23 07:54:55,228583.359375,B8DB8AF16E20,0003,male,C57BL/6,1.1.1,FR1_Approach,0,PelletDrop,346,471,159,108,0,0,,,,,,,,,,,,,,,,,,,,
2026-07-23 07:54:58,228586.796875,B8DB8AF16E20,0003,male,C57BL/6,1.1.1,FR1_Approach,0,PelletTaken,346,471,159,108,0,0,2.809,30.000,0,1,,,,,,,,,,,,,,,,
2026-07-23 07:59:58,228886.937500,B8DB8AF16E20,0003,male,C57BL/6,1.1.1,FR1_Approach,0,Status,346,471,159,108,0,0,,,,,Disabled,25.0,43.6,1018.0,12.2,1.411,576.000,247732,339964,181284,46326,3.69,11.81
2026-07-23 08:01:02,228951.187500,B8DB8AF16E20,0003,male,C57BL/6,1.1.1,FR1_Approach,0,Left,346,472,159,108,0,0,,,,,,,,,,,,,,,,,,,,
2026-07-23 08:01:04,228952.656250,B8DB8AF16E20,0003,male,C57BL/6,1.1.1,FR1_Approach,0,Approach,346,472,159,108,0,0,,,,,,,,,,,,,,,,,,,,
2026-07-23 08:01:09,228957.718750,B8DB8AF16E20,0003,male,C57BL/6,1.1.1,FR1_Approach,0,PelletDrop,347,472,159,108,0,0,,,,,,,,,,,,,,,,,,,,
2026-07-23 08:01:17,228965.921875,B8DB8AF16E20,0003,male,C57BL/6,1.1.1,FR1_Approach,0,PelletTaken,347,472,159,108,0,0,7.595,191.000,0,2,,,,,,,,,,,,,,,,
2026-07-23 08:04:37,229165.656250,B8DB8AF16E20,0003,male,C57BL/6,1.1.1,FR1_Approach,0,Left,347,473,159,108,0,0,,,,,,,,,,,,,,,,,,,,
2026-07-23 08:04:38,229166.875000,B8DB8AF16E20,0003,male,C57BL/6,1.1.1,FR1_Approach,0,Approach,347,473,159,108,0,0,,,,,,,,,,,,,,,,,,,,
2026-07-23 08:04:43,229171.937500,B8DB8AF16E20,0003,male,C57BL/6,1.1.1,FR1_Approach,0,PelletDrop,348,473,159,108,0,0,,,,,,,,,,,,,,,,,,,,
2026-07-23 08:04:52,229181.109375,B8DB8AF16E20,0003,male,C57BL/6,1.1.1,FR1_Approach,0,PelletTaken,348,473,159,108,0,0,8.574,31.000,0,2,,,,,,,,,,,,,,,,
2026-07-23 08:11:52,229601.531250,B8DB8AF16E20,0003,male,C57BL/6,1.1.1,FR1_Approach,0,Status,348,473,159,108,0,0,,,,,Disabled,25.0,43.7,1018.1,12.1,1.440,588.000,247732,339964,181284,46458,3.68,11.81
2026-07-23 08:12:48,229657.968750,B8DB8AF16E20,0003,male,C57BL/6,1.1.1,FR1_Approach,0,Left,348,474,159,108,0,0,,,,,,,,,,,,,,,,,,,,
2026-07-23 08:12:50,229659.421875,B8DB8AF16E20,0003,male,C57BL/6,1.1.1,FR1_Approach,0,Approach,348,474,159,108,0,0,,,,,,,,,,,,,,,,,,,,
2026-07-23 08:12:55,229664.484375,B8DB8AF16E20,0003,male,C57BL/6,1.1.1,FR1_Approach,0,PelletDrop,349,474,159,108,0,0,,,,,,,,,,,,,,,,,,,,
2026-07-23 08:13:10,229679.750000,B8DB8AF16E20,0003,male,C57BL/6,1.1.1,FR1_Approach,0,PelletTaken,349,474,159,108,0,0,14.647,79.000,0,2,,,,,,,,,,,,,,,,
2026-07-23 08:24:06,230336.125000,B8DB8AF16E20,0003,male,C57BL/6,1.1.1,FR1_Approach,0,Status,349,474,159,108,0,0,,,,,Disabled,25.1,43.3,1018.1,12.1,1.228,494.000,247732,339964,181284,46593,3.69,11.55
2026-07-23 08:30:26,230716.265625,B8DB8AF16E20,0003,male,C57BL/6,1.1.1,FR1_Approach,0,Left,349,475,159,108,0,0,,,,,,,,,,,,,,,,,,,,
2026-07-23 08:30:27,230717.484375,B8DB8AF16E20,0003,male,C57BL/6,1.1.1,FR1_Approach,0,Approach,349,475,159,108,0,0,,,,,,,,,,,,,,,,,,,,
2026-07-23 08:30:32,230722.546875,B8DB8AF16E20,0003,male,C57BL/6,1.1.1,FR1_Approach,0,PelletDrop,350,475,159,108,0,0,,,,,,,,,,,,,,,,,,,,
2026-07-23 08:30:44,230734.000000,B8DB8AF16E20,0003,male,C57BL/6,1.1.1,FR1_Approach,0,PelletTaken,350,475,159,108,0,0,10.851,21.000,0,2,,,,,,,,,,,,,,,,
2026-07-23 08:35:56,231046.828125,B8DB8AF16E20,0003,male,C57BL/6,1.1.1,FR1_Approach,0,Status,350,475,159,108,0,0,,,,,Disabled,25.1,43.8,1018.2,12.1,1.512,630.000,247732,339964,181284,46726,3.70,11.29
2026-07-23 08:47:43,231754.437500,B8DB8AF16E20,0003,male,C57BL/6,1.1.1,FR1_Approach,0,Status,350,475,159,108,0,0,,,,,Disabled,25.1,44.0,1018.3,12.1,1.516,622.000,247732,339964,181284,46863,3.69,11.29
2026-07-23 08:59:39,232470.000000,B8DB8AF16E20,0003,male,C57BL/6,1.1.1,FR1_Approach,0,Status,350,475,159,108,0,0,,,,,Disabled,25.0,43.9,1018.4,12.1,1.498,622.000,247732,339964,181284,47000,3.69,11.03
2026-07-23 09:11:32,233183.687500,B8DB8AF16E20,0003,male,C57BL/6,1.1.1,FR1_Approach,0,Status,350,475,159,108,0,0,,,,,Disabled,25.0,43.9,1018.4,12.1,1.454,594.000,247732,339964,181284,47137,3.67,11.03
2026-07-23 09:23:32,233905.296875,B8DB8AF16E20,0003,male,C57BL/6,1.1.1,FR1_Approach,0,Status,350,475,159,108,0,0,,,,,Disabled,25.0,43.8,1018.4,12.1,1.483,605.000,247732,339964,181284,47274,3.69,10.77
2026-07-23 09:36:06,234659.968750,B8DB8AF16E20,0003,male,C57BL/6,1.1.1,FR1_Approach,0,Status,350,475,159,108,0,0,,,,,Disabled,25.1,43.1,1018.4,12.0,1.490,606.000,247732,339964,181284,47411,3.68,10.52
2026-07-23 09:48:01,235375.578125,B8DB8AF16E20,0003,male,C57BL/6,1.1.1,FR1_Approach,0,Status,350,475,159,108,0,0,,,,,Disabled,25.1,43.6,1018.5,12.0,1.505,616.000,247732,339964,181284,47548,3.69,10.26
2026-07-23 09:59:41,236075.140625,B8DB8AF16E20,0003,male,C57BL/6,1.1.1,FR1_Approach,0,Status,350,475,159,108,0,0,,,,,Disabled,25.1,43.8,1018.6,12.1,1.487,602.000,247732,339964,181284,47685,3.68,10.26
2026-07-23 10:11:30,236785.703125,B8DB8AF16E20,0003,male,C57BL/6,1.1.1,FR1_Approach,0,Status,350,475,159,108,0,0,,,,,Disabled,25.1,43.5,1018.6,12.1,1.480,602.000,247732,339964,181284,47822,3.68,10.00
2026-07-23 10:23:14,237489.421875,B8DB8AF16E20,0003,male,C57BL/6,1.1.1,FR1_Approach,0,Status,350,475,159,108,0,0,,,,,Disabled,25.0,43.5,1018.6,12.1,1.494,605.000,247732,339964,181284,47959,3.68,9.74
2026-07-23 10:35:09,238206.046875,B8DB8AF16E20,0003,male,C57BL/6,1.1.1,FR1_Approach,0,Status,350,475,159,108,0,0,,,,,Disabled,25.0,43.2,1018.6,12.1,1.476,605.000,247732,339964,181284,48096,3.68,9.74
2026-07-23 10:47:07,238924.640625,B8DB8AF16E20,0003,male,C57BL/6,1.1.1,FR1_Approach,0,Status,350,475,159,108,0,0,,,,,Disabled,25.0,43.1,1018.6,12.1,1.487,602.000,247732,339964,181284,48233,3.68,9.48
2026-07-23 10:59:09,239647.265625,B8DB8AF16E20,0003,male,C57BL/6,1.1.1,FR1_Approach,0,Status,350,475,159,108,0,0,,,,,Disabled,25.0,43.0,1018.6,12.1,1.490,609.000,247732,339964,181284,48370,3.68,9.22
2026-07-23 11:02:22,239840.671875,B8DB8AF16E20,0003,male,C57BL/6,1.1.1,FR1_Approach,0,Left,350,476,159,108,0,0,,,,,,,,,,,,,,,,,,,,
2026-07-23 11:02:24,239841.875000,B8DB8AF16E20,0003,male,C57BL/6,1.1.1,FR1_Approach,0,Approach,350,476,159,108,0,0,,,,,,,,,,,,,,,,,,,,
2026-07-23 11:02:31,239849.156250,B8DB8AF16E20,0003,male,C57BL/6,1.1.1,FR1_Approach,0,PelletDrop,351,476,159,108,0,0,,,,,,,,,,,,,,,,,,,,
2026-07-23 11:02:40,239857.890625,B8DB8AF16E20,0003,male,C57BL/6,1.1.1,FR1_Approach,0,PelletTaken,351,476,159,108,0,0,8.123,77.000,0,3,,,,,,,,,,,,,,,,
2026-07-23 11:05:21,240019.687500,B8DB8AF16E20,0003,male,C57BL/6,1.1.1,FR1_Approach,0,Left,351,477,159,108,0,0,,,,,,,,,,,,,,,,,,,,
2026-07-23 11:05:22,240020.890625,B8DB8AF16E20,0003,male,C57BL/6,1.1.1,FR1_Approach,0,Approach,351,477,159,108,0,0,,,,,,,,,,,,,,,,,,,,
2026-07-23 11:05:25,240023.734375,B8DB8AF16E20,0003,male,C57BL/6,1.1.1,FR1_Approach,0,PelletDrop,352,477,159,108,0,0,,,,,,,,,,,,,,,,,,,,
2026-07-23 11:05:26,240024.437500,B8DB8AF16E20,0003,male,C57BL/6,1.1.1,FR1_Approach,0,PelletTaken,352,477,159,108,0,0,0.104,87.000,0,1,,,,,,,,,,,,,,,,
2026-07-23 11:06:26,240084.343750,B8DB8AF16E20,0003,male,C57BL/6,1.1.1,FR1_Approach,0,Right,352,477,160,108,0,0,,,,,,,,,,,,,,,,,,,,
2026-07-23 11:11:11,240369.859375,B8DB8AF16E20,0003,male,C57BL/6,1.1.1,FR1_Approach,0,Status,352,477,160,108,0,0,,,,,Disabled,25.1,43.1,1018.6,12.0,1.404,572.000,247732,339964,181284,48503,3.68,9.22
2026-07-23 11:20:52,240951.093750,B8DB8AF16E20,0003,male,C57BL/6,1.1.1,FR1_Approach,0,Left,352,478,160,108,0,0,,,,,,,,,,,,,,,,,,,,
2026-07-23 11:20:53,240952.312500,B8DB8AF16E20,0003,male,C57BL/6,1.1.1,FR1_Approach,0,Approach,352,478,160,108,0,0,,,,,,,,,,,,,,,,,,,,
2026-07-23 11:20:58,240957.375000,B8DB8AF16E20,0003,male,C57BL/6,1.1.1,FR1_Approach,0,PelletDrop,353,478,160,108,0,0,,,,,,,,,,,,,,,,,,,,
2026-07-23 11:21:09,240968.328125,B8DB8AF16E20,0003,male,C57BL/6,1.1.1,FR1_Approach,0,PelletTaken,353,478,160,108,0,0,10.355,322.000,0,2,,,,,,,,,,,,,,,,
2026-07-23 11:23:14,241093.468750,B8DB8AF16E20,0003,male,C57BL/6,1.1.1,FR1_Approach,0,Status,353,478,160,108,0,0,,,,,Disabled,25.1,43.0,1018.5,12.0,1.624,650.000,247732,339964,181284,48637,3.69,8.96
2026-07-23 11:35:16,241816.125000,B8DB8AF16E20,0003,male,C57BL/6,1.1.1,FR1_Approach,0,Status,353,478,160,108,0,0,,,,,Disabled,25.2,42.9,1018.6,12.0,1.512,610.000,247732,339964,181284,48774,3.68,8.70
2026-07-23 11:47:24,242544.796875,B8DB8AF16E20,0003,male,C57BL/6,1.1.1,FR1_Approach,0,Status,353,478,160,108,0,0,,,,,Disabled,25.2,42.8,1018.6,11.9,1.508,608.000,247732,339964,181284,48911,3.65,8.58
2026-07-23 11:59:12,243253.281250,B8DB8AF16E20,0003,male,C57BL/6,1.1.1,FR1_Approach,0,Status,353,478,160,108,0,0,,,,,Disabled,25.1,43.1,1018.6,11.9,1.530,620.000,247732,339964,181284,49048,3.67,8.46
2026-07-23 12:11:04,243965.625000,B8DB8AF16E20,0003,male,C57BL/6,1.1.1,FR1_Approach,0,Left,353,479,160,108,0,0,,,,,,,,,,,,,,,,,,,,
2026-07-23 12:11:07,243968.796875,B8DB8AF16E20,0003,male,C57BL/6,1.1.1,FR1_Approach,0,Approach,353,479,160,108,0,0,,,,,,,,,,,,,,,,,,,,
2026-07-23 12:11:12,243973.875000,B8DB8AF16E20,0003,male,C57BL/6,1.1.1,FR1_Approach,0,PelletDrop,354,479,160,108,0,0,,,,,,,,,,,,,,,,,,,,
2026-07-23 12:11:25,243986.375000,B8DB8AF16E20,0003,male,C57BL/6,1.1.1,FR1_Approach,0,PelletTaken,354,479,160,108,0,0,11.896,11.000,0,2,,,,,,,,,,,,,,,,
2026-07-23 12:11:32,243994.140625,B8DB8AF16E20,0003,male,C57BL/6,1.1.1,FR1_Approach,0,Status,354,479,160,108,0,0,,,,,Disabled,25.2,42.7,1018.6,11.8,0.972,389.000,247732,339964,181284,49186,3.67,8.34
2026-07-23 12:11:46,244008.000000,B8DB8AF16E20,0003,male,C57BL/6,1.1.1,FR1_Approach,0,Left,354,480,160,108,0,0,,,,,,,,,,,,,,,,,,,,
2026-07-23 12:11:48,244009.703125,B8DB8AF16E20,0003,male,C57BL/6,1.1.1,FR1_Approach,0,Approach,354,480,160,108,0,0,,,,,,,,,,,,,,,,,,,,
2026-07-23 12:11:53,244014.765625,B8DB8AF16E20,0003,male,C57BL/6,1.1.1,FR1_Approach,0,PelletDrop,355,480,160,108,0,0,,,,,,,,,,,,,,,,,,,,
2026-07-23 12:12:02,244023.906250,B8DB8AF16E20,0003,male,C57BL/6,1.1.1,FR1_Approach,0,PelletTaken,355,480,160,108,0,0,8.541,78.000,0,2,,,,,,,,,,,,,,,,
2026-07-23 12:12:28,244049.562500,B8DB8AF16E20,0003,male,C57BL/6,1.1.1,FR1_Approach,0,Left,355,481,160,108,0,0,,,,,,,,,,,,,,,,,,,,
2026-07-23 12:12:31,244052.234375,B8DB8AF16E20,0003,male,C57BL/6,1.1.1,FR1_Approach,0,Approach,355,481,160,108,0,0,,,,,,,,,,,,,,,,,,,,
2026-07-23 12:12:38,244059.515625,B8DB8AF16E20,0003,male,C57BL/6,1.1.1,FR1_Approach,0,PelletDrop,356,481,160,108,0,0,,,,,,,,,,,,,,,,,,,,
2026-07-23 12:12:47,244069.000000,B8DB8AF16E20,0003,male,C57BL/6,1.1.1,FR1_Approach,0,PelletTaken,356,481,160,108,0,0,8.881,11.000,0,3,,,,,,,,,,,,,,,,
2026-07-23 12:13:12,244093.484375,B8DB8AF16E20,0003,male,C57BL/6,1.1.1,FR1_Approach,0,Left,356,482,160,108,0,0,,,,,,,,,,,,,,,,,,,,
2026-07-23 12:13:13,244094.687500,B8DB8AF16E20,0003,male,C57BL/6,1.1.1,FR1_Approach,0,Approach,356,482,160,108,0,0,,,,,,,,,,,,,,,,,,,,
2026-07-23 12:13:16,244097.640625,B8DB8AF16E20,0003,male,C57BL/6,1.1.1,FR1_Approach,0,PelletDrop,357,482,160,108,0,0,,,,,,,,,,,,,,,,,,,,
2026-07-23 12:13:17,244098.828125,B8DB8AF16E20,0003,male,C57BL/6,1.1.1,FR1_Approach,0,PelletNotDetected,357,482,160,108,0,0,,,,,,,,,,,,,,,,,,,,
2026-07-23 12:23:22,244704.531250,B8DB8AF16E20,0003,male,C57BL/6,1.1.1,FR1_Approach,0,Status,357,482,160,108,0,0,,,,,Disabled,25.2,42.6,1018.5,11.9,1.418,578.000,247732,339964,181284,49309,3.67,8.21
2026-07-23 12:35:20,245423.078125,B8DB8AF16E20,0003,male,C57BL/6,1.1.1,FR1_Approach,0,Status,357,482,160,108,0,0,,,,,Disabled,25.2,42.8,1018.4,11.9,1.440,582.000,247732,339964,181284,49446,3.67,8.21
2026-07-23 12:47:26,246149.703125,B8DB8AF16E20,0003,male,C57BL/6,1.1.1,FR1_Approach,0,Status,357,482,160,108,0,0,,,,,Disabled,25.2,42.6,1018.3,11.9,1.433,582.000,247732,339964,181284,49583,3.67,8.09
2026-07-23 12:59:30,246874.406250,B8DB8AF16E20,0003,male,C57BL/6,1.1.1,FR1_Approach,0,Status,357,482,160,108,0,0,,,,,Disabled,25.1,42.6,1018.2,11.9,1.418,580.000,247732,339964,181284,49720,3.65,7.96
2026-07-23 13:10:03,247507.734375,B8DB8AF16E20,0003,male,C57BL/6,1.1.1,FR1_Approach,0,Status,357,482,160,108,0,0,,,,,Disabled,24.8,44.5,1018.2,12.1,1.433,582.000,247732,339964,181284,49857,3.68,8.09
2026-07-23 13:20:36,248141.046875,B8DB8AF16E20,0003,male,C57BL/6,1.1.1,FR1_Approach,0,Status,357,482,160,108,0,0,,,,,Disabled,24.6,44.7,1018.2,12.2,1.440,584.000,247732,339964,181284,49994,3.67,8.09
2026-07-23 13:31:08,248774.359375,B8DB8AF16E20,0003,male,C57BL/6,1.1.1,FR1_Approach,0,Status,357,482,160,108,0,0,,,,,Disabled,24.3,44.8,1018.1,12.3,1.436,580.000,247732,339964,181284,50131,3.67,8.09
2026-07-23 13:43:00,249486.937500,B8DB8AF16E20,0003,male,C57BL/6,1.1.1,FR1_Approach,0,Status,357,482,160,108,0,0,,,,,Disabled,24.4,43.1,1018.1,12.2,1.436,582.000,247732,339964,181284,50268,3.67,7.96
2026-07-23 13:55:01,250207.593750,B8DB8AF16E20,0003,male,C57BL/6,1.1.1,FR1_Approach,0,Status,357,482,160,108,0,0,,,,,Disabled,24.5,42.8,1018.0,12.1,1.418,576.000,247732,339964,181284,50405,3.67,7.84
2026-07-23 14:06:47,250915.203125,B8DB8AF16E20,0003,male,C57BL/6,1.1.1,FR1_Approach,0,Status,357,482,160,108,0,0,,,,,Disabled,24.5,43.0,1017.8,12.1,1.429,574.000,247732,339964,181284,50542,3.67,7.84
2026-07-23 14:18:35,251623.734375,B8DB8AF16E20,0003,male,C57BL/6,1.1.1,FR1_Approach,0,Status,357,482,160,108,0,0,,,,,Disabled,24.5,43.0,1017.7,12.0,1.426,581.000,247732,339964,181284,50679,3.67,7.72
2026-07-23 14:30:31,252340.437500,B8DB8AF16E20,0003,male,C57BL/6,1.1.1,FR1_Approach,0,Status,357,482,160,108,0,0,,,,,Disabled,24.6,42.8,1017.6,12.0,1.426,578.000,247732,339964,181284,50816,3.67,7.60
2026-07-23 14:42:26,253056.000000,B8DB8AF16E20,0003,male,C57BL/6,1.1.1,FR1_Approach,0,Status,357,482,160,108,0,0,,,,,Disabled,24.6,42.8,1017.5,12.0,1.440,580.000,247732,339964,181284,50953,3.67,7.60
2026-07-23 14:54:18,253768.671875,B8DB8AF16E20,0003,male,C57BL/6,1.1.1,FR1_Approach,0,Status,357,482,160,108,0,0,,,,,Disabled,24.7,42.8,1017.4,12.0,1.440,586.000,247732,339964,181284,51090,3.67,7.60
2026-07-23 15:02:05,254235.343750,B8DB8AF16E20,0003,male,C57BL/6,1.1.1,FR1_Approach,0,Left,357,483,160,108,0,0,,,,,,,,,,,,,,,,,,,,
2026-07-23 15:02:06,254236.546875,B8DB8AF16E20,0003,male,C57BL/6,1.1.1,FR1_Approach,0,Approach,357,483,160,108,0,0,,,,,,,,,,,,,,,,,,,,
2026-07-23 15:02:11,254241.484375,B8DB8AF16E20,0003,male,C57BL/6,1.1.1,FR1_Approach,0,PelletDrop,358,483,160,108,0,0,,,,,,,,,,,,,,,,,,,,
2026-07-23 15:02:25,254255.437500,B8DB8AF16E20,0003,male,C57BL/6,1.1.1,FR1_Approach,0,PelletTaken,358,483,160,108,0,0,13.348,30.000,0,3,,,,,,,,,,,,,,,,
2026-07-23 15:06:08,254479.234375,B8DB8AF16E20,0003,male,C57BL/6,1.1.1,FR1_Approach,0,Status,358,483,160,108,0,0,,,,,Disabled,24.7,43.0,1017.3,11.9,1.469,604.000,247732,339964,181284,51223,3.67,7.47
2026-07-23 15:12:11,254842.203125,B8DB8AF16E20,0003,male,C57BL/6,1.1.1,FR1_Approach,0,Left,358,484,160,108,0,0,,,,,,,,,,,,,,,,,,,,
2026-07-23 15:12:12,254843.890625,B8DB8AF16E20,0003,male,C57BL/6,1.1.1,FR1_Approach,0,Approach,358,484,160,108,0,0,,,,,,,,,,,,,,,,,,,,
2026-07-23 15:12:17,254848.968750,B8DB8AF16E20,0003,male,C57BL/6,1.1.1,FR1_Approach,0,PelletDrop,359,484,160,108,0,0,,,,,,,,,,,,,,,,,,,,
2026-07-23 15:12:30,254861.187500,B8DB8AF16E20,0003,male,C57BL/6,1.1.1,FR1_Approach,0,PelletTaken,359,484,160,108,0,0,11.620,77.000,0,2,,,,,,,,,,,,,,,,
2026-07-23 15:15:34,255045.390625,B8DB8AF16E20,0003,male,C57BL/6,1.1.1,FR1_Approach,0,Left,359,485,160,108,0,0,,,,,,,,,,,,,,,,,,,,
2026-07-23 15:15:35,255046.843750,B8DB8AF16E20,0003,male,C57BL/6,1.1.1,FR1_Approach,0,Approach,359,485,160,108,0,0,,,,,,,,,,,,,,,,,,,,
2026-07-23 15:15:42,255054.140625,B8DB8AF16E20,0003,male,C57BL/6,1.1.1,FR1_Approach,0,PelletDrop,360,485,160,108,0,0,,,,,,,,,,,,,,,,,,,,
2026-07-23 15:15:53,255064.609375,B8DB8AF16E20,0003,male,C57BL/6,1.1.1,FR1_Approach,0,PelletTaken,360,485,160,108,0,0,9.849,96.000,0,3,,,,,,,,,,,,,,,,
2026-07-23 15:18:06,255196.953125,B8DB8AF16E20,0003,male,C57BL/6,1.1.1,FR1_Approach,0,Status,360,485,160,108,0,0,,,,,Disabled,24.8,42.6,1017.1,11.9,1.368,559.000,247732,339964,181284,51352,3.66,7.35
2026-07-23 15:30:02,255914.578125,B8DB8AF16E20,0003,male,C57BL/6,1.1.1,FR1_Approach,0,Status,360,485,160,108,0,0,,,,,Disabled,24.8,42.8,1017.0,11.9,1.418,576.000,247732,339964,181284,51489,3.66,7.35
2026-07-23 15:41:53,256626.109375,B8DB8AF16E20,0003,male,C57BL/6,1.1.1,FR1_Approach,0,Status,360,485,160,108,0,0,,,,,Disabled,24.8,43.0,1016.9,11.9,1.411,576.000,247732,339964,181284,51626,3.66,7.23
2026-07-23 15:53:46,257339.765625,B8DB8AF16E20,0003,male,C57BL/6,1.1.1,FR1_Approach,0,Status,360,485,160,108,0,0,,,,,Disabled,24.8,42.9,1016.8,11.9,1.397,566.000,247732,339964,181284,51763,3.66,7.23
2026-07-23 16:05:45,258059.406250,B8DB8AF16E20,0003,male,C57BL/6,1.1.1,FR1_Approach,0,Status,360,485,160,108,0,0,,,,,Disabled,24.9,42.8,1016.7,11.9,1.404,572.000,247732,339964,181284,51900,3.66,6.98
2026-07-23 16:17:46,258781.078125,B8DB8AF16E20,0003,male,C57BL/6,1.1.1,FR1_Approach,0,Status,360,485,160,108,0,0,,,,,Disabled,24.9,42.7,1016.6,11.9,1.404,572.000,247732,339964,181284,52037,3.66,6.98
2026-07-23 16:28:18,259414.375000,B8DB8AF16E20,0003,male,C57BL/6,1.1.1,FR1_Approach,0,Status,360,485,160,108,0,0,,,,,Disabled,24.6,44.5,1016.5,12.1,1.429,573.000,247732,339964,181284,52174,3.66,6.98
2026-07-23 16:38:51,260047.718750,B8DB8AF16E20,0003,male,C57BL/6,1.1.1,FR1_Approach,0,Status,360,485,160,108,0,0,,,,,Disabled,24.4,44.7,1016.5,12.2,1.433,580.000,247732,339964,181284,52311,3.66,6.98
2026-07-23 16:50:46,260762.859375,B8DB8AF16E20,0003,male,C57BL/6,1.1.1,FR1_Approach,0,Status,360,485,160,108,0,0,,,,,Disabled,24.5,42.9,1016.4,12.1,1.433,581.000,247732,339964,181284,52448,3.66,6.98
2026-07-23 17:01:19,261396.156250,B8DB8AF16E20,0003,male,C57BL/6,1.1.1,FR1_Approach,0,Status,360,485,160,108,0,0,,,,,Disabled,24.3,44.5,1016.3,12.2,1.426,580.000,247732,339964,181284,52585,3.66,6.86
2026-07-23 17:04:22,261578.828125,B8DB8AF16E20,0003,male,C57BL/6,1.1.1,FR1_Approach,0,Left,360,486,160,108,0,0,,,,,,,,,,,,,,,,,,,,
2026-07-23 17:04:23,261580.515625,B8DB8AF16E20,0003,male,C57BL/6,1.1.1,FR1_Approach,0,Approach,360,486,160,108,0,0,,,,,,,,,,,,,,,,,,,,
2026-07-23 17:04:28,261585.593750,B8DB8AF16E20,0003,male,C57BL/6,1.1.1,FR1_Approach,0,PelletDrop,361,486,160,108,0,0,,,,,,,,,,,,,,,,,,,,
2026-07-23 17:04:40,261596.953125,B8DB8AF16E20,0003,male,C57BL/6,1.1.1,FR1_Approach,0,PelletTaken,361,486,160,108,0,0,10.730,59.000,0,2,,,,,,,,,,,,,,,,
2026-07-23 17:05:10,261627.593750,B8DB8AF16E20,0003,male,C57BL/6,1.1.1,FR1_Approach,0,Left,361,487,160,108,0,0,,,,,,,,,,,,,,,,,,,,
2026-07-23 17:05:12,261629.046875,B8DB8AF16E20,0003,male,C57BL/6,1.1.1,FR1_Approach,0,Approach,361,487,160,108,0,0,,,,,,,,,,,,,,,,,,,,
2026-07-23 17:05:17,261634.109375,B8DB8AF16E20,0003,male,C57BL/6,1.1.1,FR1_Approach,0,PelletDrop,362,487,160,108,0,0,,,,,,,,,,,,,,,,,,,,
2026-07-23 17:05:31,261648.609375,B8DB8AF16E20,0003,male,C57BL/6,1.1.1,FR1_Approach,0,PelletTaken,362,487,160,108,0,0,13.875,39.000,0,2,,,,,,,,,,,,,,,,
2026-07-23 17:06:08,261685.515625,B8DB8AF16E20,0003,male,C57BL/6,1.1.1,FR1_Approach,0,Left,362,488,160,108,0,0,,,,,,,,,,,,,,,,,,,,
2026-07-23 17:06:09,261686.718750,B8DB8AF16E20,0003,male,C57BL/6,1.1.1,FR1_Approach,0,Approach,362,488,160,108,0,0,,,,,,,,,,,,,,,,,,,,
2026-07-23 17:06:14,261691.796875,B8DB8AF16E20,0003,male,C57BL/6,1.1.1,FR1_Approach,0,PelletDrop,363,488,160,108,0,0,,,,,,,,,,,,,,,,,,,,
2026-07-23 17:06:30,261707.250000,B8DB8AF16E20,0003,male,C57BL/6,1.1.1,FR1_Approach,0,PelletTaken,363,488,160,108,0,0,14.844,87.000,0,2,,,,,,,,,,,,,,,,
2026-07-23 17:13:32,262129.062500,B8DB8AF16E20,0003,male,C57BL/6,1.1.1,FR1_Approach,0,Status,363,488,160,108,0,0,,,,,Disabled,24.5,42.4,1016.2,12.0,1.422,575.000,247732,339964,181284,52710,3.66,6.73
2026-07-23 17:19:58,262515.656250,B8DB8AF16E20,0003,male,C57BL/6,1.1.1,FR1_Approach,0,Right,363,488,161,108,0,0,,,,,,,,,,,,,,,,,,,,
2026-07-23 17:20:02,262519.812500,B8DB8AF16E20,0003,male,C57BL/6,1.1.1,FR1_Approach,0,Left,363,489,161,108,0,0,,,,,,,,,,,,,,,,,,,,
2026-07-23 17:20:03,262521.250000,B8DB8AF16E20,0003,male,C57BL/6,1.1.1,FR1_Approach,0,Approach,363,489,161,108,0,0,,,,,,,,,,,,,,,,,,,,
2026-07-23 17:20:08,262526.312500,B8DB8AF16E20,0003,male,C57BL/6,1.1.1,FR1_Approach,0,PelletDrop,364,489,161,108,0,0,,,,,,,,,,,,,,,,,,,,
2026-07-23 17:20:20,262538.156250,B8DB8AF16E20,0003,male,C57BL/6,1.1.1,FR1_Approach,0,PelletTaken,364,489,161,108,0,0,11.213,67.000,0,2,,,,,,,,,,,,,,,,
2026-07-23 17:25:28,262846.656250,B8DB8AF16E20,0003,male,C57BL/6,1.1.1,FR1_Approach,0,Status,364,489,161,108,0,0,,,,,Disabled,24.6,42.6,1016.1,12.0,1.462,588.000,247732,339964,181284,52843,3.66,6.61
2026-07-23 17:26:20,262898.468750,B8DB8AF16E20,0003,male,C57BL/6,1.1.1,FR1_Approach,0,Left,364,490,161,108,0,0,,,,,,,,,,,,,,,,,,,,
2026-07-23 17:26:21,262899.687500,B8DB8AF16E20,0003,male,C57BL/6,1.1.1,FR1_Approach,0,Approach,364,490,161,108,0,0,,,,,,,,,,,,,,,,,,,,
2026-07-23 17:26:24,262902.562500,B8DB8AF16E20,0003,male,C57BL/6,1.1.1,FR1_Approach,0,PelletDrop,365,490,161,108,0,0,,,,,,,,,,,,,,,,,,,,
2026-07-23 17:26:25,262903.750000,B8DB8AF16E20,0003,male,C57BL/6,1.1.1,FR1_Approach,0,PelletNotDetected,365,490,161,108,0,0,,,,,,,,,,,,,,,,,,,,
2026-07-23 17:31:17,263196.062500,B8DB8AF16E20,0003,male,C57BL/6,1.1.1,FR1_Approach,0,Left,365,491,161,108,0,0,,,,,,,,,,,,,,,,,,,,
2026-07-23 17:31:20,263198.843750,B8DB8AF16E20,0003,male,C57BL/6,1.1.1,FR1_Approach,0,No_approach,365,491,161,108,0,0,,,,,,,,,,,,,,,,,,,,
2026-07-23 17:31:57,263235.687500,B8DB8AF16E20,0003,male,C57BL/6,1.1.1,FR1_Approach,0,Left,365,492,161,108,0,0,,,,,,,,,,,,,,,,,,,,
2026-07-23 17:32:00,263238.593750,B8DB8AF16E20,0003,male,C57BL/6,1.1.1,FR1_Approach,0,Approach,365,492,161,108,0,0,,,,,,,,,,,,,,,,,,,,
2026-07-23 17:32:05,263243.593750,B8DB8AF16E20,0003,male,C57BL/6,1.1.1,FR1_Approach,0,PelletDrop,366,492,161,108,0,0,,,,,,,,,,,,,,,,,,,,
2026-07-23 17:32:15,263254.093750,B8DB8AF16E20,0003,male,C57BL/6,1.1.1,FR1_Approach,0,PelletTaken,366,492,161,108,0,0,9.883,67.000,0,3,,,,,,,,,,,,,,,,
2026-07-23 17:37:17,263556.281250,B8DB8AF16E20,0003,male,C57BL/6,1.1.1,FR1_Approach,0,Status,366,492,161,108,0,0,,,,,Disabled,24.7,42.9,1016.0,11.9,1.339,536.000,247732,339964,181284,52975,3.66,6.61
2026-07-23 17:40:58,263777.093750,B8DB8AF16E20,0003,male,C57BL/6,1.1.1,FR1_Approach,0,Left,366,493,161,108,0,0,,,,,,,,,,,,,,,,,,,,
2026-07-23 17:40:59,263778.312500,B8DB8AF16E20,0003,male,C57BL/6,1.1.1,FR1_Approach,0,Approach,366,493,161,108,0,0,,,,,,,,,,,,,,,,,,,,
2026-07-23 17:41:04,263783.375000,B8DB8AF16E20,0003,male,C57BL/6,1.1.1,FR1_Approach,0,PelletDrop,367,493,161,108,0,0,,,,,,,,,,,,,,,,,,,,
2026-07-23 17:41:16,263795.781250,B8DB8AF16E20,0003,male,C57BL/6,1.1.1,FR1_Approach,0,PelletTaken,367,493,161,108,0,0,11.785,49.000,0,2,,,,,,,,,,,,,,,,
2026-07-23 17:49:15,264274.875000,B8DB8AF16E20,0003,male,C57BL/6,1.1.1,FR1_Approach,0,Status,367,493,161,108,0,0,,,,,Disabled,24.8,42.7,1015.9,11.9,1.440,582.000,247724,339964,181284,53108,3.65,6.49
2026-07-23 18:01:00,264980.531250,B8DB8AF16E20,0003,male,C57BL/6,1.1.1,FR1_Approach,0,Status,367,493,161,108,0,0,,,,,Disabled,24.8,43.0,1015.8,11.9,0.000,0.000,247732,339964,181284,53245,3.66,6.61
2026-07-23 18:12:48,265689.156250,B8DB8AF16E20,0003,male,C57BL/6,1.1.1,FR1_Approach,0,Status,367,493,161,108,0,0,,,,,Disabled,24.8,43.0,1015.8,11.9,0.000,0.000,247732,339964,181284,53382,3.65,6.49
2026-07-23 18:24:45,266406.750000,B8DB8AF16E20,0003,male,C57BL/6,1.1.1,FR1_Approach,0,Status,367,493,161,108,0,0,,,,,Disabled,24.8,42.8,1015.7,11.9,0.000,0.000,247732,339964,181284,53519,3.65,6.49
2026-07-23 18:36:33,267115.343750,B8DB8AF16E20,0003,male,C57BL/6,1.1.1,FR1_Approach,0,Status,367,493,161,108,0,0,,,,,Disabled,24.8,43.0,1015.7,11.9,0.000,0.000,247732,339964,181284,53656,3.65,6.37
2026-07-23 18:40:16,267337.906250,B8DB8AF16E20,0003,male,C57BL/6,1.1.1,FR1_Approach,0,Left,367,494,161,108,0,0,,,,,,,,,,,,,,,,,,,,
2026-07-23 18:40:17,267339.125000,B8DB8AF16E20,0003,male,C57BL/6,1.1.1,FR1_Approach,0,Approach,367,494,161,108,0,0,,,,,,,,,,,,,,,,,,,,
2026-07-23 18:40:22,267344.218750,B8DB8AF16E20,0003,male,C57BL/6,1.1.1,FR1_Approach,0,PelletDrop,368,494,161,108,0,0,,,,,,,,,,,,,,,,,,,,
2026-07-23 18:40:33,267355.218750,B8DB8AF16E20,0003,male,C57BL/6,1.1.1,FR1_Approach,0,PelletTaken,368,494,161,108,0,0,10.400,50.000,0,2,,,,,,,,,,,,,,,,
2026-07-23 18:40:58,267380.343750,B8DB8AF16E20,0003,male,C57BL/6,1.1.1,FR1_Approach,0,Left,368,495,161,108,0,0,,,,,,,,,,,,,,,,,,,,
2026-07-23 18:40:59,267381.562500,B8DB8AF16E20,0003,male,C57BL/6,1.1.1,FR1_Approach,0,Approach,368,495,161,108,0,0,,,,,,,,,,,,,,,,,,,,
2026-07-23 18:41:04,267386.656250,B8DB8AF16E20,0003,male,C57BL/6,1.1.1,FR1_Approach,0,PelletDrop,369,495,161,108,0,0,,,,,,,,,,,,,,,,,,,,
2026-07-23 18:41:17,267398.875000,B8DB8AF16E20,0003,male,C57BL/6,1.1.1,FR1_Approach,0,PelletTaken,369,495,161,108,0,0,11.642,115.000,0,2,,,,,,,,,,,,,,,,
2026-07-23 18:48:22,267824.875000,B8DB8AF16E20,0003,male,C57BL/6,1.1.1,FR1_Approach,0,Status,369,495,161,108,0,0,,,,,Disabled,24.8,42.9,1015.6,11.9,0.000,0.000,247732,339964,181284,53785,3.66,6.37
2026-07-23 18:55:20,268243.500000,B8DB8AF16E20,0003,male,C57BL/6,1.1.1,FR1_Approach,0,Left,369,496,161,108,0,0,,,,,,,,,,,,,,,,,,,,
2026-07-23 18:55:23,268246.437500,B8DB8AF16E20,0003,male,C57BL/6,1.1.1,FR1_Approach,0,Approach,369,496,161,108,0,0,,,,,,,,,,,,,,,,,,,,
2026-07-23 18:55:26,268249.281250,B8DB8AF16E20,0003,male,C57BL/6,1.1.1,FR1_Approach,0,PelletDrop,370,496,161,108,0,0,,,,,,,,,,,,,,,,,,,,
2026-07-23 18:55:27,268250.500000,B8DB8AF16E20,0003,male,C57BL/6,1.1.1,FR1_Approach,0,PelletNotDetected,370,496,161,108,0,0,,,,,,,,,,,,,,,,,,,,
2026-07-23 19:00:17,268540.531250,B8DB8AF16E20,0003,male,C57BL/6,1.1.1,FR1_Approach,0,Status,370,496,161,108,0,0,,,,,Disabled,24.9,43.0,1015.6,11.9,0.000,0.000,247732,339964,181284,53921,3.64,6.12
2026-07-23 19:01:14,268597.593750,B8DB8AF16E20,0003,male,C57BL/6,1.1.1,FR1_Approach,0,Left,370,497,161,108,0,0,,,,,,,,,,,,,,,,,,,,
2026-07-23 19:01:15,268598.812500,B8DB8AF16E20,0003,male,C57BL/6,1.1.1,FR1_Approach,0,Approach,370,497,161,108,0,0,,,,,,,,,,,,,,,,,,,,
2026-07-23 19:01:18,268601.625000,B8DB8AF16E20,0003,male,C57BL/6,1.1.1,FR1_Approach,0,PelletDrop,371,497,161,108,0,0,,,,,,,,,,,,,,,,,,,,
2026-07-23 19:01:19,268602.750000,B8DB8AF16E20,0003,male,C57BL/6,1.1.1,FR1_Approach,0,PelletTaken,371,497,161,108,0,0,0.533,22.000,0,2,,,,,,,,,,,,,,,,
2026-07-23 19:02:29,268672.812500,B8DB8AF16E20,0003,male,C57BL/6,1.1.1,FR1_Approach,0,Left,371,498,161,108,0,0,,,,,,,,,,,,,,,,,,,,
2026-07-23 19:02:32,268676.000000,B8DB8AF16E20,0003,male,C57BL/6,1.1.1,FR1_Approach,0,Approach,371,498,161,108,0,0,,,,,,,,,,,,,,,,,,,,
2026-07-23 19:02:35,268678.843750,B8DB8AF16E20,0003,male,C57BL/6,1.1.1,FR1_Approach,0,PelletDrop,372,498,161,108,0,0,,,,,,,,,,,,,,,,,,,,
2026-07-23 19:02:36,268680.031250,B8DB8AF16E20,0003,male,C57BL/6,1.1.1,FR1_Approach,0,PelletNotDetected,372,498,161,108,0,0,,,,,,,,,,,,,,,,,,,,
2026-07-23 19:03:37,268741.281250,B8DB8AF16E20,0003,male,C57BL/6,1.1.1,FR1_Approach,0,Left,372,499,161,108,0,0,,,,,,,,,,,,,,,,,,,,
2026-07-23 19:03:40,268743.718750,B8DB8AF16E20,0003,male,C57BL/6,1.1.1,FR1_Approach,0,Approach,372,499,161,108,0,0,,,,,,,,,,,,,,,,,,,,
2026-07-23 19:03:43,268746.531250,B8DB8AF16E20,0003,male,C57BL/6,1.1.1,FR1_Approach,0,PelletDrop,373,499,161,108,0,0,,,,,,,,,,,,,,,,,,,,
2026-07-23 19:03:44,268747.968750,B8DB8AF16E20,0003,male,C57BL/6,1.1.1,FR1_Approach,0,PelletTaken,373,499,161,108,0,0,0.851,20.000,0,2,,,,,,,,,,,,,,,,
2026-07-23 19:12:08,269252.187500,B8DB8AF16E20,0003,male,C57BL/6,1.1.1,FR1_Approach,0,Status,373,499,161,108,0,0,,,,,Disabled,24.9,43.0,1015.6,11.8,0.000,0.000,247732,339964,181284,54053,3.65,6.12
2026-07-23 19:15:03,269427.406250,B8DB8AF16E20,0003,male,C57BL/6,1.1.1,FR1_Approach,0,Left,373,500,161,108,0,0,,,,,,,,,,,,,,,,,,,,
2026-07-23 19:15:05,269428.593750,B8DB8AF16E20,0003,male,C57BL/6,1.1.1,FR1_Approach,0,Approach,373,500,161,108,0,0,,,,,,,,,,,,,,,,,,,,
2026-07-23 19:15:08,269431.437500,B8DB8AF16E20,0003,male,C57BL/6,1.1.1,FR1_Approach,0,PelletDrop,374,500,161,108,0,0,,,,,,,,,,,,,,,,,,,,
2026-07-23 19:15:09,269432.656250,B8DB8AF16E20,0003,male,C57BL/6,1.1.1,FR1_Approach,0,PelletNotDetected,374,500,161,108,0,0,,,,,,,,,,,,,,,,,,,,
2026-07-23 19:24:06,269969.687500,B8DB8AF16E20,0003,male,C57BL/6,1.1.1,FR1_Approach,0,Status,374,500,161,108,0,0,,,,,Disabled,25.0,43.1,1015.6,11.8,0.000,0.000,247732,339964,181284,54189,3.65,6.12
2026-07-23 19:25:56,270079.781250,B8DB8AF16E20,0003,male,C57BL/6,1.1.1,FR1_Approach,0,Left,374,501,161,108,0,0,,,,,,,,,,,,,,,,,,,,
2026-07-23 19:25:57,270081.000000,B8DB8AF16E20,0003,male,C57BL/6,1.1.1,FR1_Approach,0,Approach,374,501,161,108,0,0,,,,,,,,,,,,,,,,,,,,
2026-07-23 19:26:00,270083.812500,B8DB8AF16E20,0003,male,C57BL/6,1.1.1,FR1_Approach,0,PelletDrop,375,501,161,108,0,0,,,,,,,,,,,,,,,,,,,,
2026-07-23 19:26:01,270085.531250,B8DB8AF16E20,0003,male,C57BL/6,1.1.1,FR1_Approach,0,PelletTaken,375,501,161,108,0,0,1.138,209.000,0,2,,,,,,,,,,,,,,,,
2026-07-23 19:33:05,270509.562500,B8DB8AF16E20,0003,male,C57BL/6,1.1.1,FR1_Approach,0,Left,375,502,161,108,0,0,,,,,,,,,,,,,,,,,,,,
2026-07-23 19:33:06,270510.781250,B8DB8AF16E20,0003,male,C57BL/6,1.1.1,FR1_Approach,0,Approach,375,502,161,108,0,0,,,,,,,,,,,,,,,,,,,,
2026-07-23 19:33:09,270513.625000,B8DB8AF16E20,0003,male,C57BL/6,1.1.1,FR1_Approach,0,PelletDrop,376,502,161,108,0,0,,,,,,,,,,,,,,,,,,,,
2026-07-23 19:33:10,270514.531250,B8DB8AF16E20,0003,male,C57BL/6,1.1.1,FR1_Approach,0,PelletTaken,376,502,161,108,0,0,0.279,21.000,0,1,,,,,,,,,,,,,,,,
2026-07-23 19:33:30,270535.125000,B8DB8AF16E20,0003,male,C57BL/6,1.1.1,FR1_Approach,0,Right,376,502,162,108,0,0,,,,,,,,,,,,,,,,,,,,
2026-07-23 19:33:35,270540.187500,B8DB8AF16E20,0003,male,C57BL/6,1.1.1,FR1_Approach,0,Right,376,502,163,108,0,0,,,,,,,,,,,,,,,,,,,,
2026-07-23 19:33:39,270543.812500,B8DB8AF16E20,0003,male,C57BL/6,1.1.1,FR1_Approach,0,Left,376,503,163,108,0,0,,,,,,,,,,,,,,,,,,,,
2026-07-23 19:33:41,270545.750000,B8DB8AF16E20,0003,male,C57BL/6,1.1.1,FR1_Approach,0,Approach,376,503,163,108,0,0,,,,,,,,,,,,,,,,,,,,
2026-07-23 19:33:46,270550.812500,B8DB8AF16E20,0003,male,C57BL/6,1.1.1,FR1_Approach,0,PelletDrop,377,503,163,108,0,0,,,,,,,,,,,,,,,,,,,,
2026-07-23 19:33:56,270560.281250,B8DB8AF16E20,0003,male,C57BL/6,1.1.1,FR1_Approach,0,PelletTaken,377,503,163,108,0,0,8.871,125.000,0,2,,,,,,,,,,,,,,,,
2026-07-23 19:34:38,270602.968750,B8DB8AF16E20,0003,male,C57BL/6,1.1.1,FR1_Approach,0,Status,377,503,163,108,0,0,,,,,Disabled,24.8,44.7,1015.6,12.0,0.000,0.000,247732,339964,181284,54323,3.66,6.12
2026-07-23 19:46:24,271308.937500,B8DB8AF16E20,0003,male,C57BL/6,1.1.1,FR1_Approach,0,Status,377,503,163,108,0,0,,,,,Disabled,24.9,43.4,1015.6,11.9,0.000,0.000,247732,339964,181284,54460,3.65,6.12
2026-07-23 19:46:35,271320.843750,B8DB8AF16E20,0003,male,C57BL/6,1.1.1,FR1_Approach,0,Left,377,504,163,108,0,0,,,,,,,,,,,,,,,,,,,,
2026-07-23 19:46:37,271322.281250,B8DB8AF16E20,0003,male,C57BL/6,1.1.1,FR1_Approach,0,Approach,377,504,163,108,0,0,,,,,,,,,,,,,,,,,,,,
2026-07-23 19:46:42,271327.375000,B8DB8AF16E20,0003,male,C57BL/6,1.1.1,FR1_Approach,0,PelletDrop,378,504,163,108,0,0,,,,,,,,,,,,,,,,,,,,
2026-07-23 19:46:49,271334.437500,B8DB8AF16E20,0003,male,C57BL/6,1.1.1,FR1_Approach,0,PelletTaken,378,504,163,108,0,0,6.451,59.000,0,2,,,,,,,,,,,,,,,,
2026-07-23 19:47:08,271353.687500,B8DB8AF16E20,0003,male,C57BL/6,1.1.1,FR1_Approach,0,Left,378,505,163,108,0,0,,,,,,,,,,,,,,,,,,,,
2026-07-23 19:47:09,271354.906250,B8DB8AF16E20,0003,male,C57BL/6,1.1.1,FR1_Approach,0,Approach,378,505,163,108,0,0,,,,,,,,,,,,,,,,,,,,
2026-07-23 19:47:15,271360.437500,B8DB8AF16E20,0003,male,C57BL/6,1.1.1,FR1_Approach,0,PelletDrop,379,505,163,108,0,0,,,,,,,,,,,,,,,,,,,,
2026-07-23 19:47:23,271368.656250,B8DB8AF16E20,0003,male,C57BL/6,1.1.1,FR1_Approach,0,PelletTaken,379,505,163,108,0,0,7.617,106.000,0,2,,,,,,,,,,,,,,,,
2026-07-23 19:48:01,271406.750000,B8DB8AF16E20,0003,male,C57BL/6,1.1.1,FR1_Approach,0,Left,379,506,163,108,0,0,,,,,,,,,,,,,,,,,,,,
2026-07-23 19:48:03,271408.937500,B8DB8AF16E20,0003,male,C57BL/6,1.1.1,FR1_Approach,0,Approach,379,506,163,108,0,0,,,,,,,,,,,,,,,,,,,,
2026-07-23 19:48:06,271411.812500,B8DB8AF16E20,0003,male,C57BL/6,1.1.1,FR1_Approach,0,PelletDrop,380,506,163,108,0,0,,,,,,,,,,,,,,,,,,,,
2026-07-23 19:48:07,271412.500000,B8DB8AF16E20,0003,male,C57BL/6,1.1.1,FR1_Approach,0,PelletTaken,380,506,163,108,0,0,0.104,69.000,0,1,,,,,,,,,,,,,,,,
2026-07-23 19:58:24,272030.468750,B8DB8AF16E20,0003,male,C57BL/6,1.1.1,FR1_Approach,0,Status,380,506,163,108,0,0,,,,,Disabled,25.0,42.9,1015.6,11.8,0.000,0.000,247732,339964,181284,54590,3.65,5.83
2026-07-23 20:10:20,272747.156250,B8DB8AF16E20,0003,male,C57BL/6,1.1.1,FR1_Approach,0,Status,380,506,163,108,0,0,,,,,Disabled,25.1,42.9,1015.6,11.8,0.000,0.000,247732,339964,181284,54727,3.65,5.91
2026-07-23 20:22:05,273452.781250,B8DB8AF16E20,0003,male,C57BL/6,1.1.1,FR1_Approach,0,Status,380,506,163,108,0,0,,,,,Disabled,25.1,43.0,1015.7,11.9,0.000,0.000,247732,339964,181284,54864,3.65,5.91
2026-07-23 20:33:59,274167.593750,B8DB8AF16E20,0003,male,C57BL/6,1.1.1,FR1_Approach,0,Left,380,507,163,108,0,0,,,,,,,,,,,,,,,,,,,,
2026-07-23 20:34:00,274168.812500,B8DB8AF16E20,0003,male,C57BL/6,1.1.1,FR1_Approach,0,Approach,380,507,163,108,0,0,,,,,,,,,,,,,,,,,,,,
2026-07-23 20:34:05,274173.843750,B8DB8AF16E20,0003,male,C57BL/6,1.1.1,FR1_Approach,0,PelletDrop,381,507,163,108,0,0,,,,,,,,,,,,,,,,,,,,
2026-07-23 20:34:15,274183.437500,B8DB8AF16E20,0003,male,C57BL/6,1.1.1,FR1_Approach,0,PelletTaken,381,507,163,108,0,0,9.002,11.000,0,2,,,,,,,,,,,,,,,,
2026-07-23 20:34:23,274191.187500,B8DB8AF16E20,0003,male,C57BL/6,1.1.1,FR1_Approach,0,Status,381,507,163,108,0,0,,,,,Disabled,25.1,42.6,1015.7,11.8,0.000,0.000,247732,339964,181284,55002,3.65,5.83
2026-07-23 20:34:38,274206.937500,B8DB8AF16E20,0003,male,C57BL/6,1.1.1,FR1_Approach,0,Left,381,508,163,108,0,0,,,,,,,,,,,,,,,,,,,,
2026-07-23 20:34:40,274208.156250,B8DB8AF16E20,0003,male,C57BL/6,1.1.1,FR1_Approach,0,Approach,381,508,163,108,0,0,,,,,,,,,,,,,,,,,,,,
2026-07-23 20:34:45,274213.218750,B8DB8AF16E20,0003,male,C57BL/6,1.1.1,FR1_Approach,0,PelletDrop,382,508,163,108,0,0,,,,,,,,,,,,,,,,,,,,
2026-07-23 20:34:52,274220.656250,B8DB8AF16E20,0003,male,C57BL/6,1.1.1,FR1_Approach,0,PelletTaken,382,508,163,108,0,0,6.836,11.000,0,2,,,,,,,,,,,,,,,,
2026-07-23 20:35:19,274247.812500,B8DB8AF16E20,0003,male,C57BL/6,1.1.1,FR1_Approach,0,Left,382,509,163,108,0,0,,,,,,,,,,,,,,,,,,,,
2026-07-23 20:35:21,274249.000000,B8DB8AF16E20,0003,male,C57BL/6,1.1.1,FR1_Approach,0,Approach,382,509,163,108,0,0,,,,,,,,,,,,,,,,,,,,
2026-07-23 20:35:23,274251.843750,B8DB8AF16E20,0003,male,C57BL/6,1.1.1,FR1_Approach,0,PelletDrop,383,509,163,108,0,0,,,,,,,,,,,,,,,,,,,,
2026-07-23 20:35:25,274253.031250,B8DB8AF16E20,0003,male,C57BL/6,1.1.1,FR1_Approach,0,PelletNotDetected,383,509,163,108,0,0,,,,,,,,,,,,,,,,,,,,
2026-07-23 20:35:40,274268.687500,B8DB8AF16E20,0003,male,C57BL/6,1.1.1,FR1_Approach,0,Left,383,510,163,108,0,0,,,,,,,,,,,,,,,,,,,,
2026-07-23 20:35:41,274269.875000,B8DB8AF16E20,0003,male,C57BL/6,1.1.1,FR1_Approach,0,Approach,383,510,163,108,0,0,,,,,,,,,,,,,,,,,,,,
2026-07-23 20:35:44,274272.687500,B8DB8AF16E20,0003,male,C57BL/6,1.1.1,FR1_Approach,0,PelletDrop,384,510,163,108,0,0,,,,,,,,,,,,,,,,,,,,
2026-07-23 20:35:45,274273.906250,B8DB8AF16E20,0003,male,C57BL/6,1.1.1,FR1_Approach,0,PelletNotDetected,384,510,163,108,0,0,,,,,,,,,,,,,,,,,,,,
2026-07-23 20:36:01,274289.937500,B8DB8AF16E20,0003,male,C57BL/6,1.1.1,FR1_Approach,0,Left,384,511,163,108,0,0,,,,,,,,,,,,,,,,,,,,
2026-07-23 20:36:03,274291.875000,B8DB8AF16E20,0003,male,C57BL/6,1.1.1,FR1_Approach,0,Approach,384,511,163,108,0,0,,,,,,,,,,,,,,,,,,,,
2026-07-23 20:36:10,274298.937500,B8DB8AF16E20,0003,male,C57BL/6,1.1.1,FR1_Approach,0,PelletDrop,385,511,163,108,0,0,,,,,,,,,,,,,,,,,,,,
2026-07-23 20:36:18,274306.718750,B8DB8AF16E20,0003,male,C57BL/6,1.1.1,FR1_Approach,0,PelletTaken,385,511,163,108,0,0,7.199,191.000,0,4,,,,,,,,,,,,,,,,
2026-07-23 20:36:43,274331.656250,B8DB8AF16E20,0003,male,C57BL/6,1.1.1,FR1_Approach,0,Left,385,512,163,108,0,0,,,,,,,,,,,,,,,,,,,,
2026-07-23 20:36:44,274332.875000,B8DB8AF16E20,0003,male,C57BL/6,1.1.1,FR1_Approach,0,Approach,385,512,163,108,0,0,,,,,,,,,,,,,,,,,,,,
2026-07-23 20:36:50,274338.968750,B8DB8AF16E20,0003,male,C57BL/6,1.1.1,FR1_Approach,0,PelletDrop,386,512,163,108,0,0,,,,,,,,,,,,,,,,,,,,
2026-07-23 20:37:02,274351.031250,B8DB8AF16E20,0003,male,C57BL/6,1.1.1,FR1_Approach,0,PelletTaken,386,512,163,108,0,0,11.445,22.000,0,2,,,,,,,,,,,,,,,,
2026-07-23 20:41:43,274631.562500,B8DB8AF16E20,0003,male,C57BL/6,1.1.1,FR1_Approach,0,Left,386,513,163,108,0,0,,,,,,,,,,,,,,,,,,,,
2026-07-23 20:41:46,274634.343750,B8DB8AF16E20,0003,male,C57BL/6,1.1.1,FR1_Approach,0,No_approach,386,513,163,108,0,0,,,,,,,,,,,,,,,,,,,,
2026-07-23 20:41:52,274640.687500,B8DB8AF16E20,0003,male,C57BL/6,1.1.1,FR1_Approach,0,Left,386,514,163,108,0,0,,,,,,,,,,,,,,,,,,,,
2026-07-23 20:41:53,274641.875000,B8DB8AF16E20,0003,male,C57BL/6,1.1.1,FR1_Approach,0,Approach,386,514,163,108,0,0,,,,,,,,,,,,,,,,,,,,
2026-07-23 20:41:56,274644.718750,B8DB8AF16E20,0003,male,C57BL/6,1.1.1,FR1_Approach,0,PelletDrop,387,514,163,108,0,0,,,,,,,,,,,,,,,,,,,,
2026-07-23 20:41:58,274647.000000,B8DB8AF16E20,0003,male,C57BL/6,1.1.1,FR1_Approach,0,PelletTaken,387,514,163,108,0,0,1.666,12.000,0,1,,,,,,,,,,,,,,,,
2026-07-23 20:46:00,274889.000000,B8DB8AF16E20,0003,male,C57BL/6,1.1.1,FR1_Approach,0,Status,387,514,163,108,0,0,,,,,Disabled,25.2,42.5,1015.7,11.9,0.000,0.000,247732,339964,181284,55122,3.65,5.66
2026-07-23 20:47:59,275008.437500,B8DB8AF16E20,0003,male,C57BL/6,1.1.1,FR1_Approach,0,Right,387,514,164,108,0,0,,,,,,,,,,,,,,,,,,,,
2026-07-23 20:48:04,275013.375000,B8DB8AF16E20,0003,male,C57BL/6,1.1.1,FR1_Approach,0,Left,387,515,164,108,0,0,,,,,,,,,,,,,,,,,,,,
2026-07-23 20:48:07,275016.156250,B8DB8AF16E20,0003,male,C57BL/6,1.1.1,FR1_Approach,0,No_approach,387,515,164,108,0,0,,,,,,,,,,,,,,,,,,,,
2026-07-23 20:50:14,275143.125000,B8DB8AF16E20,0003,male,C57BL/6,1.1.1,FR1_Approach,0,Left,387,516,164,108,0,0,,,,,,,,,,,,,,,,,,,,
2026-07-23 20:50:16,275145.312500,B8DB8AF16E20,0003,male,C57BL/6,1.1.1,FR1_Approach,0,Approach,387,516,164,108,0,0,,,,,,,,,,,,,,,,,,,,
2026-07-23 20:50:19,275148.187500,B8DB8AF16E20,0003,male,C57BL/6,1.1.1,FR1_Approach,0,PelletDrop,388,516,164,108,0,0,,,,,,,,,,,,,,,,,,,,
2026-07-23 20:50:19,275148.906250,B8DB8AF16E20,0003,male,C57BL/6,1.1.1,FR1_Approach,0,PelletTaken,388,516,164,108,0,0,0.105,31.000,0,1,,,,,,,,,,,,,,,,
2026-07-23 20:57:49,275597.593750,B8DB8AF16E20,0003,male,C57BL/6,1.1.1,FR1_Approach,0,Status,388,516,164,108,0,0,,,,,Disabled,25.2,43.1,1015.8,11.9,0.000,0.000,247732,339964,181284,55257,3.65,5.66
2026-07-23 21:07:09,276159.031250,B8DB8AF16E20,0003,male,C57BL/6,1.1.1,FR1_Approach,0,Left,388,517,164,108,0,0,,,,,,,,,,,,,,,,,,,,
2026-07-23 21:07:11,276160.500000,B8DB8AF16E20,0003,male,C57BL/6,1.1.1,FR1_Approach,0,Approach,388,517,164,108,0,0,,,,,,,,,,,,,,,,,,,,
2026-07-23 21:07:16,276165.531250,B8DB8AF16E20,0003,male,C57BL/6,1.1.1,FR1_Approach,0,PelletDrop,389,517,164,108,0,0,,,,,,,,,,,,,,,,,,,,
2026-07-23 21:07:23,276172.812500,B8DB8AF16E20,0003,male,C57BL/6,1.1.1,FR1_Approach,0,PelletTaken,389,517,164,108,0,0,6.682,11.000,0,2,,,,,,,,,,,,,,,,
2026-07-23 21:09:35,276305.250000,B8DB8AF16E20,0003,male,C57BL/6,1.1.1,FR1_Approach,0,Status,389,517,164,108,0,0,,,,,Disabled,25.2,43.2,1015.8,11.8,0.000,0.000,247732,339964,181284,55391,3.66,5.57
2026-07-23 21:17:58,276808.968750,B8DB8AF16E20,0003,male,C57BL/6,1.1.1,FR1_Approach,0,Left,389,518,164,108,0,0,,,,,,,,,,,,,,,,,,,,
2026-07-23 21:18:01,276811.750000,B8DB8AF16E20,0003,male,C57BL/6,1.1.1,FR1_Approach,0,No_approach,389,518,164,108,0,0,,,,,,,,,,,,,,,,,,,,
2026-07-23 21:21:25,277015.750000,B8DB8AF16E20,0003,male,C57BL/6,1.1.1,FR1_Approach,0,Status,389,518,164,108,0,0,,,,,Disabled,25.2,43.4,1015.9,11.9,0.000,0.000,247732,339964,181284,55527,3.64,5.57
2026-07-23 21:33:23,277733.625000,B8DB8AF16E20,0003,male,C57BL/6,1.1.1,FR1_Approach,0,Right,389,518,165,108,0,0,,,,,,,,,,,,,,,,,,,,
2026-07-23 21:33:30,277741.343750,B8DB8AF16E20,0003,male,C57BL/6,1.1.1,FR1_Approach,0,Status,389,518,165,108,0,0,,,,,Disabled,25.2,43.2,1016.0,11.9,0.000,0.000,247732,339964,181284,55665,3.65,5.57
2026-07-23 21:33:34,277744.625000,B8DB8AF16E20,0003,male,C57BL/6,1.1.1,FR1_Approach,0,Left,389,519,165,108,0,0,,,,,,,,,,,,,,,,,,,,
2026-07-23 21:33:36,277747.062500,B8DB8AF16E20,0003,male,C57BL/6,1.1.1,FR1_Approach,0,Approach,389,519,165,108,0,0,,,,,,,,,,,,,,,,,,,,
2026-07-23 21:33:41,277752.156250,B8DB8AF16E20,0003,male,C57BL/6,1.1.1,FR1_Approach,0,PelletDrop,390,519,165,108,0,0,,,,,,,,,,,,,,,,,,,,
2026-07-23 21:33:46,277757.187500,B8DB8AF16E20,0003,male,C57BL/6,1.1.1,FR1_Approach,0,PelletTaken,390,519,165,108,0,0,4.437,11.000,0,2,,,,,,,,,,,,,,,,
2026-07-23 21:34:06,277776.812500,B8DB8AF16E20,0003,male,C57BL/6,1.1.1,FR1_Approach,0,Left,390,520,165,108,0,0,,,,,,,,,,,,,,,,,,,,
2026-07-23 21:34:07,277778.031250,B8DB8AF16E20,0003,male,C57BL/6,1.1.1,FR1_Approach,0,Approach,390,520,165,108,0,0,,,,,,,,,,,,,,,,,,,,
2026-07-23 21:34:12,277783.093750,B8DB8AF16E20,0003,male,C57BL/6,1.1.1,FR1_Approach,0,PelletDrop,391,520,165,108,0,0,,,,,,,,,,,,,,,,,,,,
2026-07-23 21:34:20,277790.718750,B8DB8AF16E20,0003,male,C57BL/6,1.1.1,FR1_Approach,0,PelletTaken,391,520,165,108,0,0,7.033,21.000,0,2,,,,,,,,,,,,,,,,
2026-07-23 21:45:25,278457.000000,B8DB8AF16E20,0003,male,C57BL/6,1.1.1,FR1_Approach,0,Status,391,520,165,108,0,0,,,,,Disabled,25.3,43.5,1016.1,11.9,0.000,0.000,247732,339964,181284,55796,3.65,5.40
2026-07-23 21:45:36,278468.406250,B8DB8AF16E20,0003,male,C57BL/6,1.1.1,FR1_Approach,0,Left,391,521,165,108,0,0,,,,,,,,,,,,,,,,,,,,
2026-07-23 21:45:39,278471.187500,B8DB8AF16E20,0003,male,C57BL/6,1.1.1,FR1_Approach,0,No_approach,391,521,165,108,0,0,,,,,,,,,,,,,,,,,,,,
2026-07-23 21:45:55,278486.937500,B8DB8AF16E20,0003,male,C57BL/6,1.1.1,FR1_Approach,0,Left,391,522,165,108,0,0,,,,,,,,,,,,,,,,,,,,
2026-07-23 21:45:57,278488.843750,B8DB8AF16E20,0003,male,C57BL/6,1.1.1,FR1_Approach,0,Approach,391,522,165,108,0,0,,,,,,,,,,,,,,,,,,,,
2026-07-23 21:46:02,278493.937500,B8DB8AF16E20,0003,male,C57BL/6,1.1.1,FR1_Approach,0,PelletDrop,392,522,165,108,0,0,,,,,,,,,,,,,,,,,,,,
2026-07-23 21:46:09,278500.937500,B8DB8AF16E20,0003,male,C57BL/6,1.1.1,FR1_Approach,0,PelletTaken,392,522,165,108,0,0,6.395,96.000,0,2,,,,,,,,,,,,,,,,
2026-07-23 21:46:33,278524.593750,B8DB8AF16E20,0003,male,C57BL/6,1.1.1,FR1_Approach,0,Left,392,523,165,108,0,0,,,,,,,,,,,,,,,,,,,,
2026-07-23 21:46:34,278526.281250,B8DB8AF16E20,0003,male,C57BL/6,1.1.1,FR1_Approach,0,Approach,392,523,165,108,0,0,,,,,,,,,,,,,,,,,,,,
2026-07-23 21:46:39,278531.375000,B8DB8AF16E20,0003,male,C57BL/6,1.1.1,FR1_Approach,0,PelletDrop,393,523,165,108,0,0,,,,,,,,,,,,,,,,,,,,
2026-07-23 21:46:45,278537.250000,B8DB8AF16E20,0003,male,C57BL/6,1.1.1,FR1_Approach,0,PelletTaken,393,523,165,108,0,0,5.263,30.000,0,2,,,,,,,,,,,,,,,,
2026-07-23 21:47:03,278554.906250,B8DB8AF16E20,0003,male,C57BL/6,1.1.1,FR1_Approach,0,Left,393,524,165,108,0,0,,,,,,,,,,,,,,,,,,,,
2026-07-23 21:47:04,278556.093750,B8DB8AF16E20,0003,male,C57BL/6,1.1.1,FR1_Approach,0,Approach,393,524,165,108,0,0,,,,,,,,,,,,,,,,,,,,
2026-07-23 21:47:09,278561.156250,B8DB8AF16E20,0003,male,C57BL/6,1.1.1,FR1_Approach,0,PelletDrop,394,524,165,108,0,0,,,,,,,,,,,,,,,,,,,,
2026-07-23 21:47:15,278566.750000,B8DB8AF16E20,0003,male,C57BL/6,1.1.1,FR1_Approach,0,PelletTaken,394,524,165,108,0,0,4.976,30.000,0,2,,,,,,,,,,,,,,,,
2026-07-23 21:47:37,278589.312500,B8DB8AF16E20,0003,male,C57BL/6,1.1.1,FR1_Approach,0,Left,394,525,165,108,0,0,,,,,,,,,,,,,,,,,,,,
2026-07-23 21:47:38,278590.531250,B8DB8AF16E20,0003,male,C57BL/6,1.1.1,FR1_Approach,0,Approach,394,525,165,108,0,0,,,,,,,,,,,,,,,,,,,,
2026-07-23 21:47:41,278593.375000,B8DB8AF16E20,0003,male,C57BL/6,1.1.1,FR1_Approach,0,PelletDrop,395,525,165,108,0,0,,,,,,,,,,,,,,,,,,,,
2026-07-23 21:47:43,278595.031250,B8DB8AF16E20,0003,male,C57BL/6,1.1.1,FR1_Approach,0,PelletTaken,395,525,165,108,0,0,1.006,11.000,0,1,,,,,,,,,,,,,,,,
2026-07-23 21:53:28,278940.375000,B8DB8AF16E20,0003,male,C57BL/6,1.1.1,FR1_Approach,0,Right,395,525,166,108,0,0,,,,,,,,,,,,,,,,,,,,
2026-07-23 21:53:32,278943.937500,B8DB8AF16E20,0003,male,C57BL/6,1.1.1,FR1_Approach,0,Right,395,525,167,108,0,0,,,,,,,,,,,,,,,,,,,,
2026-07-23 21:53:33,278945.093750,B8DB8AF16E20,0003,male,C57BL/6,1.1.1,FR1_Approach,0,Right,395,525,168,108,0,0,,,,,,,,,,,,,,,,,,,,
2026-07-23 21:53:36,278948.562500,B8DB8AF16E20,0003,male,C57BL/6,1.1.1,FR1_Approach,0,Left,395,526,168,108,0,0,,,,,,,,,,,,,,,,,,,,
2026-07-23 21:53:39,278951.218750,B8DB8AF16E20,0003,male,C57BL/6,1.1.1,FR1_Approach,0,Approach,395,526,168,108,0,0,,,,,,,,,,,,,,,,,,,,
2026-07-23 21:53:42,278954.093750,B8DB8AF16E20,0003,male,C57BL/6,1.1.1,FR1_Approach,0,PelletDrop,396,526,168,108,0,0,,,,,,,,,,,,,,,,,,,,
2026-07-23 21:53:42,278954.843750,B8DB8AF16E20,0003,male,C57BL/6,1.1.1,FR1_Approach,0,PelletTaken,396,526,168,108,0,0,0.137,192.000,0,1,,,,,,,,,,,,,,,,
2026-07-23 21:54:31,279003.062500,B8DB8AF16E20,0003,male,C57BL/6,1.1.1,FR1_Approach,0,Left,396,527,168,108,0,0,,,,,,,,,,,,,,,,,,,,
2026-07-23 21:54:33,279005.250000,B8DB8AF16E20,0003,male,C57BL/6,1.1.1,FR1_Approach,0,Approach,396,527,168,108,0,0,,,,,,,,,,,,,,,,,,,,
2026-07-23 21:54:36,279008.093750,B8DB8AF16E20,0003,male,C57BL/6,1.1.1,FR1_Approach,0,PelletDrop,397,527,168,108,0,0,,,,,,,,,,,,,,,,,,,,
2026-07-23 21:54:37,279009.125000,B8DB8AF16E20,0003,male,C57BL/6,1.1.1,FR1_Approach,0,PelletTaken,397,527,168,108,0,0,0.411,20.000,0,1,,,,,,,,,,,,,,,,
2026-07-23 21:55:00,279032.562500,B8DB8AF16E20,0003,male,C57BL/6,1.1.1,FR1_Approach,0,Right,397,527,169,108,0,0,,,,,,,,,,,,,,,,,,,,
2026-07-23 21:55:08,279040.000000,B8DB8AF16E20,0003,male,C57BL/6,1.1.1,FR1_Approach,0,Left,397,528,169,108,0,0,,,,,,,,,,,,,,,,,,,,
2026-07-23 21:55:09,279041.218750,B8DB8AF16E20,0003,male,C57BL/6,1.1.1,FR1_Approach,0,Approach,397,528,169,108,0,0,,,,,,,,,,,,,,,,,,,,
2026-07-23 21:55:12,279044.093750,B8DB8AF16E20,0003,male,C57BL/6,1.1.1,FR1_Approach,0,PelletDrop,398,528,169,108,0,0,,,,,,,,,,,,,,,,,,,,
2026-07-23 21:55:31,279063.500000,B8DB8AF16E20,0003,male,C57BL/6,1.1.1,FR1_Approach,0,PelletTaken,398,528,169,108,0,0,18.826,116.000,0,1,,,,,,,,,,,,,,,,
2026-07-23 21:57:36,279188.562500,B8DB8AF16E20,0003,male,C57BL/6,1.1.1,FR1_Approach,0,Status,398,528,169,108,0,0,,,,,Disabled,25.3,43.4,1016.2,11.8,0.000,0.000,247732,339964,181284,55921,3.64,5.40
2026-07-23 22:09:34,279907.187500,B8DB8AF16E20,0003,male,C57BL/6,1.1.1,FR1_Approach,0,Status,398,528,169,108,0,0,,,,,Disabled,25.3,43.5,1016.3,11.9,0.000,0.000,247732,339964,181284,56058,3.64,5.32
2026-07-23 22:09:58,279930.750000,B8DB8AF16E20,0003,male,C57BL/6,1.1.1,FR1_Approach,0,Left,398,529,169,108,0,0,,,,,,,,,,,,,,,,,,,,
2026-07-23 22:09:59,279931.968750,B8DB8AF16E20,0003,male,C57BL/6,1.1.1,FR1_Approach,0,Approach,398,529,169,108,0,0,,,,,,,,,,,,,,,,,,,,
2026-07-23 22:10:04,279937.062500,B8DB8AF16E20,0003,male,C57BL/6,1.1.1,FR1_Approach,0,PelletDrop,399,529,169,108,0,0,,,,,,,,,,,,,,,,,,,,
2026-07-23 22:10:13,279945.437500,B8DB8AF16E20,0003,male,C57BL/6,1.1.1,FR1_Approach,0,PelletTaken,399,529,169,108,0,0,7.804,172.000,0,2,,,,,,,,,,,,,,,,
2026-07-23 22:21:21,280615.437500,B8DB8AF16E20,0003,male,C57BL/6,1.1.1,FR1_Approach,0,Right,399,529,170,108,0,0,,,,,,,,,,,,,,,,,,,,
2026-07-23 22:21:29,280623.187500,B8DB8AF16E20,0003,male,C57BL/6,1.1.1,FR1_Approach,0,Status,399,529,170,108,0,0,,,,,Disabled,25.3,43.7,1016.4,11.9,0.000,0.000,247732,339964,181284,56193,3.64,5.32
2026-07-23 22:22:03,280657.312500,B8DB8AF16E20,0003,male,C57BL/6,1.1.1,FR1_Approach,0,Left,399,530,170,108,0,0,,,,,,,,,,,,,,,,,,,,
2026-07-23 22:22:04,280658.500000,B8DB8AF16E20,0003,male,C57BL/6,1.1.1,FR1_Approach,0,Approach,399,530,170,108,0,0,,,,,,,,,,,,,,,,,,,,
2026-07-23 22:22:07,280661.375000,B8DB8AF16E20,0003,male,C57BL/6,1.1.1,FR1_Approach,0,PelletDrop,400,530,170,108,0,0,,,,,,,,,,,,,,,,,,,,
2026-07-23 22:22:09,280662.625000,B8DB8AF16E20,0003,male,C57BL/6,1.1.1,FR1_Approach,0,PelletTaken,400,530,170,108,0,0,0.654,49.000,0,1,,,,,,,,,,,,,,,,
2026-07-23 22:26:04,280898.218750,B8DB8AF16E20,0003,male,C57BL/6,1.1.1,FR1_Approach,0,Left,400,531,170,108,0,0,,,,,,,,,,,,,,,,,,,,
2026-07-23 22:26:05,280899.406250,B8DB8AF16E20,0003,male,C57BL/6,1.1.1,FR1_Approach,0,Approach,400,531,170,108,0,0,,,,,,,,,,,,,,,,,,,,
2026-07-23 22:26:10,280904.437500,B8DB8AF16E20,0003,male,C57BL/6,1.1.1,FR1_Approach,0,PelletDrop,401,531,170,108,0,0,,,,,,,,,,,,,,,,,,,,
2026-07-23 22:26:17,280911.281250,B8DB8AF16E20,0003,male,C57BL/6,1.1.1,FR1_Approach,0,PelletTaken,401,531,170,108,0,0,6.210,50.000,0,2,,,,,,,,,,,,,,,,
2026-07-23 22:26:46,280940.625000,B8DB8AF16E20,0003,male,C57BL/6,1.1.1,FR1_Approach,0,Left,401,532,170,108,0,0,,,,,,,,,,,,,,,,,,,,
2026-07-23 22:26:49,280943.406250,B8DB8AF16E20,0003,male,C57BL/6,1.1.1,FR1_Approach,0,No_approach,401,532,170,108,0,0,,,,,,,,,,,,,,,,,,,,
2026-07-23 22:26:52,280946.812500,B8DB8AF16E20,0003,male,C57BL/6,1.1.1,FR1_Approach,0,Right,401,532,171,108,0,0,,,,,,,,,,,,,,,,,,,,
2026-07-23 22:27:05,280959.468750,B8DB8AF16E20,0003,male,C57BL/6,1.1.1,FR1_Approach,0,Left,401,533,171,108,0,0,,,,,,,,,,,,,,,,,,,,
2026-07-23 22:27:06,280960.656250,B8DB8AF16E20,0003,male,C57BL/6,1.1.1,FR1_Approach,0,Approach,401,533,171,108,0,0,,,,,,,,,,,,,,,,,,,,
2026-07-23 22:27:11,280965.750000,B8DB8AF16E20,0003,male,C57BL/6,1.1.1,FR1_Approach,0,PelletDrop,402,533,171,108,0,0,,,,,,,,,,,,,,,,,,,,
2026-07-23 22:27:18,280971.968750,B8DB8AF16E20,0003,male,C57BL/6,1.1.1,FR1_Approach,0,PelletTaken,402,533,171,108,0,0,5.604,30.000,0,2,,,,,,,,,,,,,,,,
2026-07-23 22:33:26,281339.437500,B8DB8AF16E20,0003,male,C57BL/6,1.1.1,FR1_Approach,0,Status,402,533,171,108,0,0,,,,,Disabled,25.3,43.8,1016.5,11.9,0.000,0.000,247732,339964,181284,56323,3.64,5.32
2026-07-23 22:34:50,281423.750000,B8DB8AF16E20,0003,male,C57BL/6,1.1.1,FR1_Approach,0,Left,402,534,171,108,0,0,,,,,,,,,,,,,,,,,,,,
2026-07-23 22:34:51,281424.968750,B8DB8AF16E20,0003,male,C57BL/6,1.1.1,FR1_Approach,0,Approach,402,534,171,108,0,0,,,,,,,,,,,,,,,,,,,,
2026-07-23 22:34:56,281430.031250,B8DB8AF16E20,0003,male,C57BL/6,1.1.1,FR1_Approach,0,PelletDrop,403,534,171,108,0,0,,,,,,,,,,,,,,,,,,,,
2026-07-23 22:35:03,281437.000000,B8DB8AF16E20,0003,male,C57BL/6,1.1.1,FR1_Approach,0,PelletTaken,403,534,171,108,0,0,6.374,30.000,0,2,,,,,,,,,,,,,,,,
2026-07-23 22:39:14,281688.437500,B8DB8AF16E20,0003,male,C57BL/6,1.1.1,FR1_Approach,0,Left,403,535,171,108,0,0,,,,,,,,,,,,,,,,,,,,
2026-07-23 22:39:17,281691.218750,B8DB8AF16E20,0003,male,C57BL/6,1.1.1,FR1_Approach,0,No_approach,403,535,171,108,0,0,,,,,,,,,,,,,,,,,,,,
2026-07-23 22:39:19,281692.937500,B8DB8AF16E20,0003,male,C57BL/6,1.1.1,FR1_Approach,0,Right,403,535,172,108,0,0,,,,,,,,,,,,,,,,,,,,
2026-07-23 22:39:20,281694.687500,B8DB8AF16E20,0003,male,C57BL/6,1.1.1,FR1_Approach,0,Left,403,536,172,108,0,0,,,,,,,,,,,,,,,,,,,,
2026-07-23 22:39:22,281695.875000,B8DB8AF16E20,0003,male,C57BL/6,1.1.1,FR1_Approach,0,Approach,403,536,172,108,0,0,,,,,,,,,,,,,,,,,,,,
2026-07-23 22:39:24,281698.750000,B8DB8AF16E20,0003,male,C57BL/6,1.1.1,FR1_Approach,0,PelletDrop,404,536,172,108,0,0,,,,,,,,,,,,,,,,,,,,
2026-07-23 22:39:26,281699.937500,B8DB8AF16E20,0003,male,C57BL/6,1.1.1,FR1_Approach,0,PelletNotDetected,404,536,172,108,0,0,,,,,,,,,,,,,,,,,,,,
2026-07-23 22:45:24,282058.937500,B8DB8AF16E20,0003,male,C57BL/6,1.1.1,FR1_Approach,0,Status,404,536,172,108,0,0,,,,,Disabled,25.3,43.7,1016.6,12.0,0.000,0.000,247732,339964,181284,56458,3.64,5.23
2026-07-23 22:50:08,282343.218750,B8DB8AF16E20,0003,male,C57BL/6,1.1.1,FR1_Approach,0,Left,404,537,172,108,0,0,,,,,,,,,,,,,,,,,,,,
2026-07-23 22:50:11,282346.000000,B8DB8AF16E20,0003,male,C57BL/6,1.1.1,FR1_Approach,0,No_approach,404,537,172,108,0,0,,,,,,,,,,,,,,,,,,,,
2026-07-23 22:50:13,282347.781250,B8DB8AF16E20,0003,male,C57BL/6,1.1.1,FR1_Approach,0,Left,404,538,172,108,0,0,,,,,,,,,,,,,,,,,,,,
2026-07-23 22:50:14,282349.718750,B8DB8AF16E20,0003,male,C57BL/6,1.1.1,FR1_Approach,0,Approach,404,538,172,108,0,0,,,,,,,,,,,,,,,,,,,,
2026-07-23 22:50:17,282352.531250,B8DB8AF16E20,0003,male,C57BL/6,1.1.1,FR1_Approach,0,PelletDrop,405,538,172,108,0,0,,,,,,,,,,,,,,,,,,,,
2026-07-23 22:50:19,282353.718750,B8DB8AF16E20,0003,male,C57BL/6,1.1.1,FR1_Approach,0,PelletNotDetected,405,538,172,108,0,0,,,,,,,,,,,,,,,,,,,,
2026-07-23 22:57:22,282776.593750,B8DB8AF16E20,0003,male,C57BL/6,1.1.1,FR1_Approach,0,Status,405,538,172,108,0,0,,,,,Disabled,25.3,43.8,1016.6,12.0,0.000,0.000,247732,339964,181284,56594,3.64,5.15
2026-07-23 22:59:07,282882.437500,B8DB8AF16E20,0003,male,C57BL/6,1.1.1,FR1_Approach,0,Left,405,539,172,108,0,0,,,,,,,,,,,,,,,,,,,,
2026-07-23 22:59:10,282885.218750,B8DB8AF16E20,0003,male,C57BL/6,1.1.1,FR1_Approach,0,No_approach,405,539,172,108,0,0,,,,,,,,,,,,,,,,,,,,
2026-07-23 22:59:13,282888.343750,B8DB8AF16E20,0003,male,C57BL/6,1.1.1,FR1_Approach,0,Left,405,540,172,108,0,0,,,,,,,,,,,,,,,,,,,,
2026-07-23 22:59:15,282890.031250,B8DB8AF16E20,0003,male,C57BL/6,1.1.1,FR1_Approach,0,Approach,405,540,172,108,0,0,,,,,,,,,,,,,,,,,,,,
2026-07-23 22:59:22,282897.031250,B8DB8AF16E20,0003,male,C57BL/6,1.1.1,FR1_Approach,0,PelletDrop,406,540,172,108,0,0,,,,,,,,,,,,,,,,,,,,
2026-07-23 22:59:26,282900.750000,B8DB8AF16E20,0003,male,C57BL/6,1.1.1,FR1_Approach,0,PelletTaken,406,540,172,108,0,0,3.106,20.000,0,4,,,,,,,,,,,,,,,,
2026-07-23 22:59:56,282930.968750,B8DB8AF16E20,0003,male,C57BL/6,1.1.1,FR1_Approach,0,Left,406,541,172,108,0,0,,,,,,,,,,,,,,,,,,,,
2026-07-23 22:59:58,282932.937500,B8DB8AF16E20,0003,male,C57BL/6,1.1.1,FR1_Approach,0,Approach,406,541,172,108,0,0,,,,,,,,,,,,,,,,,,,,
2026-07-23 23:00:05,282940.218750,B8DB8AF16E20,0003,male,C57BL/6,1.1.1,FR1_Approach,0,PelletDrop,407,541,172,108,0,0,,,,,,,,,,,,,,,,,,,,
2026-07-23 23:00:14,282948.812500,B8DB8AF16E20,0003,male,C57BL/6,1.1.1,FR1_Approach,0,PelletTaken,407,541,172,108,0,0,7.968,39.000,0,3,,,,,,,,,,,,,,,,
2026-07-23 23:01:30,283024.781250,B8DB8AF16E20,0003,male,C57BL/6,1.1.1,FR1_Approach,0,Left,407,542,172,108,0,0,,,,,,,,,,,,,,,,,,,,
2026-07-23 23:01:31,283026.000000,B8DB8AF16E20,0003,male,C57BL/6,1.1.1,FR1_Approach,0,Approach,407,542,172,108,0,0,,,,,,,,,,,,,,,,,,,,
2026-07-23 23:01:34,283028.843750,B8DB8AF16E20,0003,male,C57BL/6,1.1.1,FR1_Approach,0,PelletDrop,408,542,172,108,0,0,,,,,,,,,,,,,,,,,,,,
2026-07-23 23:01:38,283033.187500,B8DB8AF16E20,0003,male,C57BL/6,1.1.1,FR1_Approach,0,PelletTaken,408,542,172,108,0,0,3.734,105.000,0,1,,,,,,,,,,,,,,,,
2026-07-23 23:09:16,283492.156250,B8DB8AF16E20,0003,male,C57BL/6,1.1.1,FR1_Approach,0,Status,408,542,172,108,0,0,,,,,Disabled,25.3,43.9,1016.7,12.0,0.000,0.000,247732,339964,181284,56722,3.64,5.06
2026-07-23 23:13:16,283732.593750,B8DB8AF16E20,0003,male,C57BL/6,1.1.1,FR1_Approach,0,Center,408,542,172,109,0,0,,,,,,,,,,,,,,,,,,,,
2026-07-23 23:13:35,283751.437500,B8DB8AF16E20,0003,male,C57BL/6,1.1.1,FR1_Approach,0,Left,408,543,172,109,0,0,,,,,,,,,,,,,,,,,,,,
2026-07-23 23:13:38,283753.875000,B8DB8AF16E20,0003,male,C57BL/6,1.1.1,FR1_Approach,0,Approach,408,543,172,109,0,0,,,,,,,,,,,,,,,,,,,,
2026-07-23 23:13:39,283755.531250,B8DB8AF16E20,0003,male,C57BL/6,1.1.1,FR1_Approach,0,PelletDrop,409,543,172,109,0,0,,,,,,,,,,,,,,,,,,,,
2026-07-23 23:13:40,283756.312500,B8DB8AF16E20,0003,male,C57BL/6,1.1.1,FR1_Approach,0,PelletTaken,409,543,172,109,0,0,0.192,31.000,0,0,,,,,,,,,,,,,,,,
2026-07-23 23:15:31,283867.750000,B8DB8AF16E20,0003,male,C57BL/6,1.1.1,FR1_Approach,0,Left,409,544,172,109,0,0,,,,,,,,,,,,,,,,,,,,
2026-07-23 23:15:33,283869.437500,B8DB8AF16E20,0003,male,C57BL/6,1.1.1,FR1_Approach,0,Approach,409,544,172,109,0,0,,,,,,,,,,,,,,,,,,,,
2026-07-23 23:15:38,283874.531250,B8DB8AF16E20,0003,male,C57BL/6,1.1.1,FR1_Approach,0,PelletDrop,410,544,172,109,0,0,,,,,,,,,,,,,,,,,,,,
2026-07-23 23:15:45,283881.437500,B8DB8AF16E20,0003,male,C57BL/6,1.1.1,FR1_Approach,0,PelletTaken,410,544,172,109,0,0,6.307,58.000,0,2,,,,,,,,,,,,,,,,
2026-07-23 23:19:08,284084.500000,B8DB8AF16E20,0003,male,C57BL/6,1.1.1,FR1_Approach,0,Left,410,545,172,109,0,0,,,,,,,,,,,,,,,,,,,,
2026-07-23 23:19:09,284085.718750,B8DB8AF16E20,0003,male,C57BL/6,1.1.1,FR1_Approach,0,Approach,410,545,172,109,0,0,,,,,,,,,,,,,,,,,,,,
2026-07-23 23:19:12,284088.562500,B8DB8AF16E20,0003,male,C57BL/6,1.1.1,FR1_Approach,0,PelletDrop,411,545,172,109,0,0,,,,,,,,,,,,,,,,,,,,
2026-07-23 23:19:13,284089.781250,B8DB8AF16E20,0003,male,C57BL/6,1.1.1,FR1_Approach,0,PelletNotDetected,411,545,172,109,0,0,,,,,,,,,,,,,,,,,,,,
2026-07-23 23:21:13,284209.781250,B8DB8AF16E20,0003,male,C57BL/6,1.1.1,FR1_Approach,0,Status,411,545,172,109,0,0,,,,,Disabled,25.3,44.0,1016.7,11.9,0.000,0.000,247732,339964,181284,56856,3.64,5.06
2026-07-23 23:23:14,284330.656250,B8DB8AF16E20,0003,male,C57BL/6,1.1.1,FR1_Approach,0,Left,411,546,172,109,0,0,,,,,,,,,,,,,,,,,,,,
2026-07-23 23:23:17,284333.562500,B8DB8AF16E20,0003,male,C57BL/6,1.1.1,FR1_Approach,0,Approach,411,546,172,109,0,0,,,,,,,,,,,,,,,,,,,,
2026-07-23 23:23:19,284336.375000,B8DB8AF16E20,0003,male,C57BL/6,1.1.1,FR1_Approach,0,PelletDrop,412,546,172,109,0,0,,,,,,,,,,,,,,,,,,,,
2026-07-23 23:23:21,284337.593750,B8DB8AF16E20,0003,male,C57BL/6,1.1.1,FR1_Approach,0,PelletNotDetected,412,546,172,109,0,0,,,,,,,,,,,,,,,,,,,,
2026-07-23 23:28:31,284647.843750,B8DB8AF16E20,0003,male,C57BL/6,1.1.1,FR1_Approach,0,Left,412,547,172,109,0,0,,,,,,,,,,,,,,,,,,,,
2026-07-23 23:28:33,284650.625000,B8DB8AF16E20,0003,male,C57BL/6,1.1.1,FR1_Approach,0,No_approach,412,547,172,109,0,0,,,,,,,,,,,,,,,,,,,,
2026-07-23 23:30:26,284763.718750,B8DB8AF16E20,0003,male,C57BL/6,1.1.1,FR1_Approach,0,Left,412,548,172,109,0,0,,,,,,,,,,,,,,,,,,,,
2026-07-23 23:30:29,284766.156250,B8DB8AF16E20,0003,male,C57BL/6,1.1.1,FR1_Approach,0,Approach,412,548,172,109,0,0,,,,,,,,,,,,,,,,,,,,
2026-07-23 23:30:36,284773.156250,B8DB8AF16E20,0003,male,C57BL/6,1.1.1,FR1_Approach,0,PelletDrop,413,548,172,109,0,0,,,,,,,,,,,,,,,,,,,,
2026-07-23 23:30:40,284777.468750,B8DB8AF16E20,0003,male,C57BL/6,1.1.1,FR1_Approach,0,PelletTaken,413,548,172,109,0,0,3.734,60.000,0,4,,,,,,,,,,,,,,,,
2026-07-23 23:33:10,284927.343750,B8DB8AF16E20,0003,male,C57BL/6,1.1.1,FR1_Approach,0,Status,413,548,172,109,0,0,,,,,Disabled,25.4,44.1,1016.6,12.0,0.000,0.000,247732,339964,181284,56989,3.64,4.98
2026-07-23 23:39:49,285326.625000,B8DB8AF16E20,0003,male,C57BL/6,1.1.1,FR1_Approach,0,Right,413,548,173,109,0,0,,,,,,,,,,,,,,,,,,,,
2026-07-23 23:39:52,285329.875000,B8DB8AF16E20,0003,male,C57BL/6,1.1.1,FR1_Approach,0,Right,413,548,174,109,0,0,,,,,,,,,,,,,,,,,,,,
2026-07-23 23:39:55,285332.593750,B8DB8AF16E20,0003,male,C57BL/6,1.1.1,FR1_Approach,0,Left,413,549,174,109,0,0,,,,,,,,,,,,,,,,,,,,
2026-07-23 23:39:58,285335.406250,B8DB8AF16E20,0003,male,C57BL/6,1.1.1,FR1_Approach,0,No_approach,413,549,174,109,0,0,,,,,,,,,,,,,,,,,,,,
2026-07-23 23:40:02,285340.093750,B8DB8AF16E20,0003,male,C57BL/6,1.1.1,FR1_Approach,0,Left,413,550,174,109,0,0,,,,,,,,,,,,,,,,,,,,
2026-07-23 23:40:04,285341.312500,B8DB8AF16E20,0003,male,C57BL/6,1.1.1,FR1_Approach,0,Approach,413,550,174,109,0,0,,,,,,,,,,,,,,,,,,,,
2026-07-23 23:40:11,285348.593750,B8DB8AF16E20,0003,male,C57BL/6,1.1.1,FR1_Approach,0,PelletDrop,414,550,174,109,0,0,,,,,,,,,,,,,,,,,,,,
2026-07-23 23:40:16,285353.593750,B8DB8AF16E20,0003,male,C57BL/6,1.1.1,FR1_Approach,0,PelletTaken,414,550,174,109,0,0,4.395,49.000,0,3,,,,,,,,,,,,,,,,
2026-07-23 23:45:06,285642.968750,B8DB8AF16E20,0003,male,C57BL/6,1.1.1,FR1_Approach,0,Status,414,550,174,109,0,0,,,,,Disabled,25.4,44.3,1016.6,12.0,0.000,0.000,247732,339964,181284,57123,3.64,5.06
2026-07-23 23:45:09,285646.031250,B8DB8AF16E20,0003,male,C57BL/6,1.1.1,FR1_Approach,0,Right,414,550,175,109,0,0,,,,,,,,,,,,,,,,,,,,
2026-07-23 23:45:20,285657.781250,B8DB8AF16E20,0003,male,C57BL/6,1.1.1,FR1_Approach,0,Center,414,550,175,110,0,0,,,,,,,,,,,,,,,,,,,,
2026-07-23 23:47:13,285770.468750,B8DB8AF16E20,0003,male,C57BL/6,1.1.1,FR1_Approach,0,Left,414,551,175,110,0,0,,,,,,,,,,,,,,,,,,,,
2026-07-23 23:47:14,285771.687500,B8DB8AF16E20,0003,male,C57BL/6,1.1.1,FR1_Approach,0,Approach,414,551,175,110,0,0,,,,,,,,,,,,,,,,,,,,
2026-07-23 23:47:19,285776.750000,B8DB8AF16E20,0003,male,C57BL/6,1.1.1,FR1_Approach,0,PelletDrop,415,551,175,110,0,0,,,,,,,,,,,,,,,,,,,,
2026-07-23 23:47:27,285784.750000,B8DB8AF16E20,0003,male,C57BL/6,1.1.1,FR1_Approach,0,PelletTaken,415,551,175,110,0,0,7.375,22.000,0,2,,,,,,,,,,,,,,,,
2026-07-23 23:57:08,286366.625000,B8DB8AF16E20,0003,male,C57BL/6,1.1.1,FR1_Approach,0,Status,415,551,175,110,0,0,,,,,Disabled,25.4,44.1,1016.5,11.9,0.000,0.000,247732,339964,181284,57257,3.63,4.98
2026-07-23 23:59:00,286478.750000,B8DB8AF16E20,0003,male,C57BL/6,1.1.1,FR1_Approach,0,Left,415,552,175,110,0,0,,,,,,,,,,,,,,,,,,,,
2026-07-23 23:59:03,286481.562500,B8DB8AF16E20,0003,male,C57BL/6,1.1.1,FR1_Approach,0,No_approach,415,552,175,110,0,0,,,,,,,,,,,,,,,,,,,,
2026-07-24 00:09:08,287087.218750,B8DB8AF16E20,0003,male,C57BL/6,1.1.1,FR1_Approach,0,Status,415,552,175,110,0,0,,,,,Disabled,25.4,44.4,1016.5,12.0,0.000,0.000,247732,339964,181284,57394,3.64,4.89
2026-07-24 00:16:42,287540.718750,B8DB8AF16E20,0003,male,C57BL/6,1.1.1,FR1_Approach,0,Center,415,552,175,111,0,0,,,,,,,,,,,,,,,,,,,,
2026-07-24 00:16:45,287544.531250,B8DB8AF16E20,0003,male,C57BL/6,1.1.1,FR1_Approach,0,Center,415,552,175,112,0,0,,,,,,,,,,,,,,,,,,,,
2026-07-24 00:16:50,287549.406250,B8DB8AF16E20,0003,male,C57BL/6,1.1.1,FR1_Approach,0,Center,415,552,175,113,0,0,,,,,,,,,,,,,,,,,,,,
2026-07-24 00:17:03,287562.343750,B8DB8AF16E20,0003,male,C57BL/6,1.1.1,FR1_Approach,0,Right,415,552,176,113,0,0,,,,,,,,,,,,,,,,,,,,
2026-07-24 00:17:07,287566.406250,B8DB8AF16E20,0003,male,C57BL/6,1.1.1,FR1_Approach,0,Left,415,553,176,113,0,0,,,,,,,,,,,,,,,,,,,,
2026-07-24 00:17:08,287567.625000,B8DB8AF16E20,0003,male,C57BL/6,1.1.1,FR1_Approach,0,Approach,415,553,176,113,0,0,,,,,,,,,,,,,,,,,,,,
2026-07-24 00:17:13,287572.656250,B8DB8AF16E20,0003,male,C57BL/6,1.1.1,FR1_Approach,0,PelletDrop,416,553,176,113,0,0,,,,,,,,,,,,,,,,,,,,
2026-07-24 00:17:19,287578.625000,B8DB8AF16E20,0003,male,C57BL/6,1.1.1,FR1_Approach,0,PelletTaken,416,553,176,113,0,0,5.384,60.000,0,2,,,,,,,,,,,,,,,,
2026-07-24 00:21:09,287808.750000,B8DB8AF16E20,0003,male,C57BL/6,1.1.1,FR1_Approach,0,Status,416,553,176,113,0,0,,,,,Disabled,25.4,44.3,1016.5,12.0,0.000,0.000,247732,339964,181284,57529,3.64,4.89
2026-07-24 00:23:54,287974.250000,B8DB8AF16E20,0003,male,C57BL/6,1.1.1,FR1_Approach,0,Left,416,554,176,113,0,0,,,,,,,,,,,,,,,,,,,,
2026-07-24 00:23:56,287975.468750,B8DB8AF16E20,0003,male,C57BL/6,1.1.1,FR1_Approach,0,Approach,416,554,176,113,0,0,,,,,,,,,,,,,,,,,,,,
2026-07-24 00:24:01,287980.468750,B8DB8AF16E20,0003,male,C57BL/6,1.1.1,FR1_Approach,0,PelletDrop,417,554,176,113,0,0,,,,,,,,,,,,,,,,,,,,
2026-07-24 00:24:08,287987.843750,B8DB8AF16E20,0003,male,C57BL/6,1.1.1,FR1_Approach,0,PelletTaken,417,554,176,113,0,0,6.736,31.000,0,2,,,,,,,,,,,,,,,,
2026-07-24 00:25:51,288091.125000,B8DB8AF16E20,0003,male,C57BL/6,1.1.1,FR1_Approach,0,Left,417,555,176,113,0,0,,,,,,,,,,,,,,,,,,,,
2026-07-24 00:25:52,288092.312500,B8DB8AF16E20,0003,male,C57BL/6,1.1.1,FR1_Approach,0,Approach,417,555,176,113,0,0,,,,,,,,,,,,,,,,,,,,
2026-07-24 00:25:55,288095.156250,B8DB8AF16E20,0003,male,C57BL/6,1.1.1,FR1_Approach,0,PelletDrop,418,555,176,113,0,0,,,,,,,,,,,,,,,,,,,,
2026-07-24 00:25:56,288096.375000,B8DB8AF16E20,0003,male,C57BL/6,1.1.1,FR1_Approach,0,PelletNotDetected,418,555,176,113,0,0,,,,,,,,,,,,,,,,,,,,
2026-07-24 00:33:07,288527.625000,B8DB8AF16E20,0003,male,C57BL/6,1.1.1,FR1_Approach,0,Left,418,556,176,113,0,0,,,,,,,,,,,,,,,,,,,,
2026-07-24 00:33:08,288528.843750,B8DB8AF16E20,0003,male,C57BL/6,1.1.1,FR1_Approach,0,Approach,418,556,176,113,0,0,,,,,,,,,,,,,,,,,,,,
2026-07-24 00:33:11,288531.656250,B8DB8AF16E20,0003,male,C57BL/6,1.1.1,FR1_Approach,0,PelletDrop,419,556,176,113,0,0,,,,,,,,,,,,,,,,,,,,
2026-07-24 00:33:12,288532.875000,B8DB8AF16E20,0003,male,C57BL/6,1.1.1,FR1_Approach,0,PelletNotDetected,419,556,176,113,0,0,,,,,,,,,,,,,,,,,,,,
2026-07-24 00:33:20,288540.593750,B8DB8AF16E20,0003,male,C57BL/6,1.1.1,FR1_Approach,0,Status,419,556,176,113,0,0,,,,,Disabled,25.4,44.4,1016.5,12.0,0.000,0.000,247732,339964,181284,57664,3.64,4.89
2026-07-24 00:33:51,288571.375000,B8DB8AF16E20,0003,male,C57BL/6,1.1.1,FR1_Approach,0,Left,419,557,176,113,0,0,,,,,,,,,,,,,,,,,,,,
2026-07-24 00:33:53,288573.843750,B8DB8AF16E20,0003,male,C57BL/6,1.1.1,FR1_Approach,0,Approach,419,557,176,113,0,0,,,,,,,,,,,,,,,,,,,,
2026-07-24 00:33:56,288576.625000,B8DB8AF16E20,0003,male,C57BL/6,1.1.1,FR1_Approach,0,PelletDrop,420,557,176,113,0,0,,,,,,,,,,,,,,,,,,,,
2026-07-24 00:33:57,288577.843750,B8DB8AF16E20,0003,male,C57BL/6,1.1.1,FR1_Approach,0,PelletNotDetected,420,557,176,113,0,0,,,,,,,,,,,,,,,,,,,,
2026-07-24 00:35:13,288653.875000,B8DB8AF16E20,0003,male,C57BL/6,1.1.1,FR1_Approach,0,Right,420,557,177,113,0,0,,,,,,,,,,,,,,,,,,,,
2026-07-24 00:45:20,289260.968750,B8DB8AF16E20,0003,male,C57BL/6,1.1.1,FR1_Approach,0,Status,420,557,177,113,0,0,,,,,Disabled,25.4,44.1,1016.5,12.0,0.000,0.000,247732,339964,181284,57798,3.64,4.89
2026-07-24 00:50:02,289543.718750,B8DB8AF16E20,0003,male,C57BL/6,1.1.1,FR1_Approach,0,Left,420,558,177,113,0,0,,,,,,,,,,,,,,,,,,,,
2026-07-24 00:50:04,289544.906250,B8DB8AF16E20,0003,male,C57BL/6,1.1.1,FR1_Approach,0,Approach,420,558,177,113,0,0,,,,,,,,,,,,,,,,,,,,
2026-07-24 00:50:12,289552.937500,B8DB8AF16E20,0003,male,C57BL/6,1.1.1,FR1_Approach,0,PelletDrop,421,558,177,113,0,0,,,,,,,,,,,,,,,,,,,,
2026-07-24 00:50:16,289557.750000,B8DB8AF16E20,0003,male,C57BL/6,1.1.1,FR1_Approach,0,PelletTaken,421,558,177,113,0,0,4.207,116.000,0,5,,,,,,,,,,,,,,,,
2026-07-24 00:52:12,289673.312500,B8DB8AF16E20,0003,male,C57BL/6,1.1.1,FR1_Approach,0,Left,421,559,177,113,0,0,,,,,,,,,,,,,,,,,,,,
2026-07-24 00:52:15,289676.093750,B8DB8AF16E20,0003,male,C57BL/6,1.1.1,FR1_Approach,0,No_approach,421,559,177,113,0,0,,,,,,,,,,,,,,,,,,,,
2026-07-24 00:57:20,289981.593750,B8DB8AF16E20,0003,male,C57BL/6,1.1.1,FR1_Approach,0,Status,421,559,177,113,0,0,,,,,Disabled,25.4,44.3,1016.5,12.0,0.000,0.000,247732,339964,181284,57932,3.64,4.81
2026-07-24 01:01:55,290256.593750,B8DB8AF16E20,0003,male,C57BL/6,1.1.1,FR1_Approach,0,Left,421,560,177,113,0,0,,,,,,,,,,,,,,,,,,,,
2026-07-24 01:01:57,290258.781250,B8DB8AF16E20,0003,male,C57BL/6,1.1.1,FR1_Approach,0,Approach,421,560,177,113,0,0,,,,,,,,,,,,,,,,,,,,
2026-07-24 01:02:05,290266.093750,B8DB8AF16E20,0003,male,C57BL/6,1.1.1,FR1_Approach,0,PelletDrop,422,560,177,113,0,0,,,,,,,,,,,,,,,,,,,,
2026-07-24 01:02:12,290273.125000,B8DB8AF16E20,0003,male,C57BL/6,1.1.1,FR1_Approach,0,PelletTaken,422,560,177,113,0,0,6.440,22.000,0,3,,,,,,,,,,,,,,,,
2026-07-24 01:09:31,290713.250000,B8DB8AF16E20,0003,male,C57BL/6,1.1.1,FR1_Approach,0,Status,422,560,177,113,0,0,,,,,Disabled,25.4,44.0,1016.4,12.0,0.000,0.000,247732,339964,181284,58066,3.63,4.81
2026-07-24 01:15:48,291091.250000,B8DB8AF16E20,0003,male,C57BL/6,1.1.1,FR1_Approach,0,Left,422,561,177,113,0,0,,,,,,,,,,,,,,,,,,,,
2026-07-24 01:15:50,291093.406250,B8DB8AF16E20,0003,male,C57BL/6,1.1.1,FR1_Approach,0,Approach,422,561,177,113,0,0,,,,,,,,,,,,,,,,,,,,
2026-07-24 01:15:56,291098.500000,B8DB8AF16E20,0003,male,C57BL/6,1.1.1,FR1_Approach,0,PelletDrop,423,561,177,113,0,0,,,,,,,,,,,,,,,,,,,,
2026-07-24 01:16:03,291106.437500,B8DB8AF16E20,0003,male,C57BL/6,1.1.1,FR1_Approach,0,PelletTaken,423,561,177,113,0,0,7.342,20.000,0,2,,,,,,,,,,,,,,,,
2026-07-24 01:16:27,291130.468750,B8DB8AF16E20,0003,male,C57BL/6,1.1.1,FR1_Approach,0,Left,423,562,177,113,0,0,,,,,,,,,,,,,,,,,,,,
2026-07-24 01:16:29,291131.656250,B8DB8AF16E20,0003,male,C57BL/6,1.1.1,FR1_Approach,0,Approach,423,562,177,113,0,0,,,,,,,,,,,,,,,,,,,,
2026-07-24 01:16:32,291134.531250,B8DB8AF16E20,0003,male,C57BL/6,1.1.1,FR1_Approach,0,PelletDrop,424,562,177,113,0,0,,,,,,,,,,,,,,,,,,,,
2026-07-24 01:16:39,291142.375000,B8DB8AF16E20,0003,male,C57BL/6,1.1.1,FR1_Approach,0,PelletTaken,424,562,177,113,0,0,7.243,22.000,0,1,,,,,,,,,,,,,,,,
2026-07-24 01:21:42,291444.812500,B8DB8AF16E20,0003,male,C57BL/6,1.1.1,FR1_Approach,0,Status,424,562,177,113,0,0,,,,,Disabled,25.4,43.9,1016.4,11.9,0.000,0.000,247732,339964,181284,58200,3.63,4.72
2026-07-24 01:33:53,292176.468750,B8DB8AF16E20,0003,male,C57BL/6,1.1.1,FR1_Approach,0,Status,424,562,177,113,0,0,,,,,Disabled,25.4,44.0,1016.4,12.0,0.000,0.000,247732,339964,181284,58337,3.63,4.64
2026-07-24 01:46:06,292910.093750,B8DB8AF16E20,0003,male,C57BL/6,1.1.1,FR1_Approach,0,Status,424,562,177,113,0,0,,,,,Disabled,25.4,44.0,1016.4,12.0,0.000,0.000,247732,339964,181284,58474,3.63,4.55
2026-07-24 01:58:18,293642.718750,B8DB8AF16E20,0003,male,C57BL/6,1.1.1,FR1_Approach,0,Status,424,562,177,113,0,0,,,,,Disabled,25.4,44.0,1016.4,12.0,0.000,0.000,247732,339964,181284,58611,3.62,4.55
2026-07-24 02:10:37,294382.218750,B8DB8AF16E20,0003,male,C57BL/6,1.1.1,FR1_Approach,0,Status,424,562,177,113,0,0,,,,,Disabled,25.4,43.8,1016.4,12.0,0.000,0.000,247732,339964,181284,58748,3.63,4.55
2026-07-24 02:22:52,295117.906250,B8DB8AF16E20,0003,male,C57BL/6,1.1.1,FR1_Approach,0,Status,424,562,177,113,0,0,,,,,Disabled,25.4,43.8,1016.4,12.1,0.000,0.000,247732,339964,181284,58885,3.63,4.55
2026-07-24 02:34:58,295843.593750,B8DB8AF16E20,0003,male,C57BL/6,1.1.1,FR1_Approach,0,Status,424,562,177,113,0,0,,,,,Disabled,25.3,43.9,1016.4,12.1,0.000,0.000,247732,339964,181284,59022,3.63,4.47
2026-07-24 02:46:55,296562.187500,B8DB8AF16E20,0003,male,C57BL/6,1.1.1,FR1_Approach,0,Status,424,562,177,113,0,0,,,,,Disabled,25.3,44.0,1016.4,12.1,0.000,0.000,247732,339964,181284,59159,3.63,4.55
2026-07-24 02:58:52,297279.843750,B8DB8AF16E20,0003,male,C57BL/6,1.1.1,FR1_Approach,0,Status,424,562,177,113,0,0,,,,,Disabled,25.2,44.0,1016.4,12.1,0.000,0.000,247732,339964,181284,59296,3.63,4.55
2026-07-24 03:10:56,298004.468750,B8DB8AF16E20,0003,male,C57BL/6,1.1.1,FR1_Approach,0,Status,424,562,177,113,0,0,,,,,Disabled,25.2,43.9,1016.4,12.1,0.000,0.000,247732,339964,181284,59433,3.63,4.55
2026-07-24 03:11:03,298011.375000,B8DB8AF16E20,0003,male,C57BL/6,1.1.1,FR1_Approach,0,Left,424,563,177,113,0,0,,,,,,,,,,,,,,,,,,,,
2026-07-24 03:11:04,298012.562500,B8DB8AF16E20,0003,male,C57BL/6,1.1.1,FR1_Approach,0,Approach,424,563,177,113,0,0,,,,,,,,,,,,,,,,,,,,
2026-07-24 03:11:09,298017.656250,B8DB8AF16E20,0003,male,C57BL/6,1.1.1,FR1_Approach,0,PelletDrop,425,563,177,113,0,0,,,,,,,,,,,,,,,,,,,,
2026-07-24 03:11:21,298029.468750,B8DB8AF16E20,0003,male,C57BL/6,1.1.1,FR1_Approach,0,PelletTaken,425,563,177,113,0,0,11.214,12.000,0,2,,,,,,,,,,,,,,,,
2026-07-24 03:11:56,298064.375000,B8DB8AF16E20,0003,male,C57BL/6,1.1.1,FR1_Approach,0,Left,425,564,177,113,0,0,,,,,,,,,,,,,,,,,,,,
2026-07-24 03:11:57,298065.843750,B8DB8AF16E20,0003,male,C57BL/6,1.1.1,FR1_Approach,0,Approach,425,564,177,113,0,0,,,,,,,,,,,,,,,,,,,,
2026-07-24 03:12:02,298070.906250,B8DB8AF16E20,0003,male,C57BL/6,1.1.1,FR1_Approach,0,PelletDrop,426,564,177,113,0,0,,,,,,,,,,,,,,,,,,,,
2026-07-24 03:12:17,298085.406250,B8DB8AF16E20,0003,male,C57BL/6,1.1.1,FR1_Approach,0,PelletTaken,426,564,177,113,0,0,13.898,87.000,0,2,,,,,,,,,,,,,,,,
2026-07-24 03:15:02,298250.343750,B8DB8AF16E20,0003,male,C57BL/6,1.1.1,FR1_Approach,0,Left,426,565,177,113,0,0,,,,,,,,,,,,,,,,,,,,
2026-07-24 03:15:03,298251.781250,B8DB8AF16E20,0003,male,C57BL/6,1.1.1,FR1_Approach,0,Approach,426,565,177,113,0,0,,,,,,,,,,,,,,,,,,,,
2026-07-24 03:15:08,298256.875000,B8DB8AF16E20,0003,male,C57BL/6,1.1.1,FR1_Approach,0,PelletDrop,427,565,177,113,0,0,,,,,,,,,,,,,,,,,,,,
2026-07-24 03:15:19,298267.250000,B8DB8AF16E20,0003,male,C57BL/6,1.1.1,FR1_Approach,0,PelletTaken,427,565,177,113,0,0,9.740,31.000,0,2,,,,,,,,,,,,,,,,
2026-07-24 03:22:54,298723.093750,B8DB8AF16E20,0003,male,C57BL/6,1.1.1,FR1_Approach,0,Status,427,565,177,113,0,0,,,,,Disabled,25.2,43.8,1016.4,12.1,0.000,0.000,247732,339964,181284,59558,3.63,4.47
2026-07-24 03:26:10,298919.406250,B8DB8AF16E20,0003,male,C57BL/6,1.1.1,FR1_Approach,0,Left,427,566,177,113,0,0,,,,,,,,,,,,,,,,,,,,
2026-07-24 03:26:13,298922.187500,B8DB8AF16E20,0003,male,C57BL/6,1.1.1,FR1_Approach,0,No_approach,427,566,177,113,0,0,,,,,,,,,,,,,,,,,,,,
2026-07-24 03:27:13,298982.062500,B8DB8AF16E20,0003,male,C57BL/6,1.1.1,FR1_Approach,0,Left,427,567,177,113,0,0,,,,,,,,,,,,,,,,,,,,
2026-07-24 03:27:16,298984.843750,B8DB8AF16E20,0003,male,C57BL/6,1.1.1,FR1_Approach,0,No_approach,427,567,177,113,0,0,,,,,,,,,,,,,,,,,,,,
2026-07-24 03:27:20,298988.875000,B8DB8AF16E20,0003,male,C57BL/6,1.1.1,FR1_Approach,0,Left,427,568,177,113,0,0,,,,,,,,,,,,,,,,,,,,
2026-07-24 03:27:22,298991.687500,B8DB8AF16E20,0003,male,C57BL/6,1.1.1,FR1_Approach,0,No_approach,427,568,177,113,0,0,,,,,,,,,,,,,,,,,,,,
2026-07-24 03:27:26,298995.250000,B8DB8AF16E20,0003,male,C57BL/6,1.1.1,FR1_Approach,0,Left,427,569,177,113,0,0,,,,,,,,,,,,,,,,,,,,
2026-07-24 03:27:27,298996.437500,B8DB8AF16E20,0003,male,C57BL/6,1.1.1,FR1_Approach,0,Approach,427,569,177,113,0,0,,,,,,,,,,,,,,,,,,,,
2026-07-24 03:27:32,299001.500000,B8DB8AF16E20,0003,male,C57BL/6,1.1.1,FR1_Approach,0,PelletDrop,428,569,177,113,0,0,,,,,,,,,,,,,,,,,,,,
2026-07-24 03:27:41,299010.468750,B8DB8AF16E20,0003,male,C57BL/6,1.1.1,FR1_Approach,0,PelletTaken,428,569,177,113,0,0,8.354,12.000,0,2,,,,,,,,,,,,,,,,
2026-07-24 03:29:20,299109.593750,B8DB8AF16E20,0003,male,C57BL/6,1.1.1,FR1_Approach,0,Right,428,569,178,113,0,0,,,,,,,,,,,,,,,,,,,,
2026-07-24 03:29:22,299111.750000,B8DB8AF16E20,0003,male,C57BL/6,1.1.1,FR1_Approach,0,Left,428,570,178,113,0,0,,,,,,,,,,,,,,,,,,,,
2026-07-24 03:29:24,299112.968750,B8DB8AF16E20,0003,male,C57BL/6,1.1.1,FR1_Approach,0,Approach,428,570,178,113,0,0,,,,,,,,,,,,,,,,,,,,
2026-07-24 03:29:29,299118.062500,B8DB8AF16E20,0003,male,C57BL/6,1.1.1,FR1_Approach,0,PelletDrop,429,570,178,113,0,0,,,,,,,,,,,,,,,,,,,,
2026-07-24 03:29:39,299128.875000,B8DB8AF16E20,0003,male,C57BL/6,1.1.1,FR1_Approach,0,PelletTaken,429,570,178,113,0,0,10.235,22.000,0,2,,,,,,,,,,,,,,,,
2026-07-24 03:35:02,299451.625000,B8DB8AF16E20,0003,male,C57BL/6,1.1.1,FR1_Approach,0,Status,429,570,178,113,0,0,,,,,Disabled,25.3,43.4,1016.2,12.0,0.000,0.000,247732,339964,181284,59688,3.62,4.38
2026-07-24 03:41:24,299833.875000,B8DB8AF16E20,0003,male,C57BL/6,1.1.1,FR1_Approach,0,Left,429,571,178,113,0,0,,,,,,,,,,,,,,,,,,,,
2026-07-24 03:41:25,299835.093750,B8DB8AF16E20,0003,male,C57BL/6,1.1.1,FR1_Approach,0,Approach,429,571,178,113,0,0,,,,,,,,,,,,,,,,,,,,
2026-07-24 03:41:30,299840.156250,B8DB8AF16E20,0003,male,C57BL/6,1.1.1,FR1_Approach,0,PelletDrop,430,571,178,113,0,0,,,,,,,,,,,,,,,,,,,,
2026-07-24 03:41:40,299850.156250,B8DB8AF16E20,0003,male,C57BL/6,1.1.1,FR1_Approach,0,PelletTaken,430,571,178,113,0,0,9.388,106.000,0,2,,,,,,,,,,,,,,,,
2026-07-24 03:41:58,299868.312500,B8DB8AF16E20,0003,male,C57BL/6,1.1.1,FR1_Approach,0,Left,430,572,178,113,0,0,,,,,,,,,,,,,,,,,,,,
2026-07-24 03:42:00,299869.531250,B8DB8AF16E20,0003,male,C57BL/6,1.1.1,FR1_Approach,0,Approach,430,572,178,113,0,0,,,,,,,,,,,,,,,,,,,,
2026-07-24 03:42:05,299874.593750,B8DB8AF16E20,0003,male,C57BL/6,1.1.1,FR1_Approach,0,PelletDrop,431,572,178,113,0,0,,,,,,,,,,,,,,,,,,,,
2026-07-24 03:42:14,299883.875000,B8DB8AF16E20,0003,male,C57BL/6,1.1.1,FR1_Approach,0,PelletTaken,431,572,178,113,0,0,8.662,323.000,0,2,,,,,,,,,,,,,,,,
2026-07-24 03:42:45,299915.062500,B8DB8AF16E20,0003,male,C57BL/6,1.1.1,FR1_Approach,0,Left,431,573,178,113,0,0,,,,,,,,,,,,,,,,,,,,
2026-07-24 03:42:46,299916.250000,B8DB8AF16E20,0003,male,C57BL/6,1.1.1,FR1_Approach,0,Approach,431,573,178,113,0,0,,,,,,,,,,,,,,,,,,,,
2026-07-24 03:42:49,299919.093750,B8DB8AF16E20,0003,male,C57BL/6,1.1.1,FR1_Approach,0,PelletDrop,432,573,178,113,0,0,,,,,,,,,,,,,,,,,,,,
2026-07-24 03:42:52,299921.593750,B8DB8AF16E20,0003,male,C57BL/6,1.1.1,FR1_Approach,0,PelletTaken,432,573,178,113,0,0,1.875,391.000,0,1,,,,,,,,,,,,,,,,
2026-07-24 03:47:04,300174.250000,B8DB8AF16E20,0003,male,C57BL/6,1.1.1,FR1_Approach,0,Status,432,573,178,113,0,0,,,,,Disabled,25.4,43.5,1016.1,12.0,0.000,0.000,247732,339964,181284,59817,3.63,4.38
2026-07-24 03:54:32,300622.875000,B8DB8AF16E20,0003,male,C57BL/6,1.1.1,FR1_Approach,0,Left,432,574,178,113,0,0,,,,,,,,,,,,,,,,,,,,
2026-07-24 03:54:33,300624.093750,B8DB8AF16E20,0003,male,C57BL/6,1.1.1,FR1_Approach,0,Approach,432,574,178,113,0,0,,,,,,,,,,,,,,,,,,,,
2026-07-24 03:54:36,300626.968750,B8DB8AF16E20,0003,male,C57BL/6,1.1.1,FR1_Approach,0,PelletDrop,433,574,178,113,0,0,,,,,,,,,,,,,,,,,,,,
2026-07-24 03:54:37,300627.781250,B8DB8AF16E20,0003,male,C57BL/6,1.1.1,FR1_Approach,0,PelletTaken,433,574,178,113,0,0,0.235,11.000,0,1,,,,,,,,,,,,,,,,
2026-07-24 03:59:02,300891.781250,B8DB8AF16E20,0003,male,C57BL/6,1.1.1,FR1_Approach,0,Status,433,574,178,113,0,0,,,,,Disabled,25.3,43.8,1016.0,12.0,0.000,0.000,247732,339964,181284,59953,3.63,4.30
2026-07-24 04:03:45,301175.500000,B8DB8AF16E20,0003,male,C57BL/6,1.1.1,FR1_Approach,0,Left,433,575,178,113,0,0,,,,,,,,,,,,,,,,,,,,
2026-07-24 04:03:46,301176.718750,B8DB8AF16E20,0003,male,C57BL/6,1.1.1,FR1_Approach,0,Approach,433,575,178,113,0,0,,,,,,,,,,,,,,,,,,,,
2026-07-24 04:03:49,301179.562500,B8DB8AF16E20,0003,male,C57BL/6,1.1.1,FR1_Approach,0,PelletDrop,434,575,178,113,0,0,,,,,,,,,,,,,,,,,,,,
2026-07-24 04:03:50,301180.281250,B8DB8AF16E20,0003,male,C57BL/6,1.1.1,FR1_Approach,0,PelletTaken,434,575,178,113,0,0,0.104,77.000,0,1,,,,,,,,,,,,,,,,
2026-07-24 04:04:57,301248.125000,B8DB8AF16E20,0003,male,C57BL/6,1.1.1,FR1_Approach,0,Center,434,575,178,114,0,0,,,,,,,,,,,,,,,,,,,,
2026-07-24 04:04:59,301249.375000,B8DB8AF16E20,0003,male,C57BL/6,1.1.1,FR1_Approach,0,Center,434,575,178,115,0,0,,,,,,,,,,,,,,,,,,,,
2026-07-24 04:05:01,301251.187500,B8DB8AF16E20,0003,male,C57BL/6,1.1.1,FR1_Approach,0,Left,434,576,178,115,0,0,,,,,,,,,,,,,,,,,,,,
2026-07-24 04:05:02,301252.656250,B8DB8AF16E20,0003,male,C57BL/6,1.1.1,FR1_Approach,0,Approach,434,576,178,115,0,0,,,,,,,,,,,,,,,,,,,,
2026-07-24 04:05:05,301255.500000,B8DB8AF16E20,0003,male,C57BL/6,1.1.1,FR1_Approach,0,PelletDrop,435,576,178,115,0,0,,,,,,,,,,,,,,,,,,,,
2026-07-24 04:05:06,301256.437500,B8DB8AF16E20,0003,male,C57BL/6,1.1.1,FR1_Approach,0,PelletTaken,435,576,178,115,0,0,0.334,11.000,0,1,,,,,,,,,,,,,,,,
2026-07-24 04:11:01,301612.406250,B8DB8AF16E20,0003,male,C57BL/6,1.1.1,FR1_Approach,0,Status,435,576,178,115,0,0,,,,,Disabled,25.4,43.9,1016.0,12.0,0.000,0.000,247732,339964,181284,60090,3.63,4.30
2026-07-24 04:18:36,302068.062500,B8DB8AF16E20,0003,male,C57BL/6,1.1.1,FR1_Approach,0,Left,435,577,178,115,0,0,,,,,,,,,,,,,,,,,,,,
2026-07-24 04:18:39,302070.468750,B8DB8AF16E20,0003,male,C57BL/6,1.1.1,FR1_Approach,0,Approach,435,577,178,115,0,0,,,,,,,,,,,,,,,,,,,,
2026-07-24 04:18:41,302073.343750,B8DB8AF16E20,0003,male,C57BL/6,1.1.1,FR1_Approach,0,PelletDrop,436,577,178,115,0,0,,,,,,,,,,,,,,,,,,,,
2026-07-24 04:18:43,302074.531250,B8DB8AF16E20,0003,male,C57BL/6,1.1.1,FR1_Approach,0,PelletNotDetected,436,577,178,115,0,0,,,,,,,,,,,,,,,,,,,,
2026-07-24 04:22:51,302323.062500,B8DB8AF16E20,0003,male,C57BL/6,1.1.1,FR1_Approach,0,Status,436,577,178,115,0,0,,,,,Disabled,25.3,44.0,1016.0,12.1,0.000,0.000,247732,339964,181284,60227,3.62,4.21
2026-07-24 04:23:42,302374.156250,B8DB8AF16E20,0003,male,C57BL/6,1.1.1,FR1_Approach,0,Left,436,578,178,115,0,0,,,,,,,,,,,,,,,,,,,,
2026-07-24 04:23:44,302376.593750,B8DB8AF16E20,0003,male,C57BL/6,1.1.1,FR1_Approach,0,Approach,436,578,178,115,0,0,,,,,,,,,,,,,,,,,,,,
2026-07-24 04:23:47,302379.375000,B8DB8AF16E20,0003,male,C57BL/6,1.1.1,FR1_Approach,0,PelletDrop,437,578,178,115,0,0,,,,,,,,,,,,,,,,,,,,
2026-07-24 04:23:48,302380.718750,B8DB8AF16E20,0003,male,C57BL/6,1.1.1,FR1_Approach,0,PelletTaken,437,578,178,115,0,0,0.720,31.000,0,2,,,,,,,,,,,,,,,,
2026-07-24 04:25:13,302465.625000,B8DB8AF16E20,0003,male,C57BL/6,1.1.1,FR1_Approach,0,Left,437,579,178,115,0,0,,,,,,,,,,,,,,,,,,,,
2026-07-24 04:25:14,302466.843750,B8DB8AF16E20,0003,male,C57BL/6,1.1.1,FR1_Approach,0,Approach,437,579,178,115,0,0,,,,,,,,,,,,,,,,,,,,
2026-07-24 04:25:17,302469.687500,B8DB8AF16E20,0003,male,C57BL/6,1.1.1,FR1_Approach,0,PelletDrop,438,579,178,115,0,0,,,,,,,,,,,,,,,,,,,,
2026-07-24 04:25:18,302470.906250,B8DB8AF16E20,0003,male,C57BL/6,1.1.1,FR1_Approach,0,PelletNotDetected,438,579,178,115,0,0,,,,,,,,,,,,,,,,,,,,
2026-07-24 04:27:41,302613.937500,B8DB8AF16E20,0003,male,C57BL/6,1.1.1,FR1_Approach,0,Left,438,580,178,115,0,0,,,,,,,,,,,,,,,,,,,,
2026-07-24 04:27:43,302615.156250,B8DB8AF16E20,0003,male,C57BL/6,1.1.1,FR1_Approach,0,Approach,438,580,178,115,0,0,,,,,,,,,,,,,,,,,,,,
2026-07-24 04:27:45,302617.937500,B8DB8AF16E20,0003,male,C57BL/6,1.1.1,FR1_Approach,0,PelletDrop,439,580,178,115,0,0,,,,,,,,,,,,,,,,,,,,
2026-07-24 04:27:46,302618.843750,B8DB8AF16E20,0003,male,C57BL/6,1.1.1,FR1_Approach,0,PelletTaken,439,580,178,115,0,0,0.290,58.000,0,2,,,,,,,,,,,,,,,,
2026-07-24 04:34:56,303048.656250,B8DB8AF16E20,0003,male,C57BL/6,1.1.1,FR1_Approach,0,Status,439,580,178,115,0,0,,,,,Disabled,25.3,44.2,1016.0,12.0,0.000,0.000,247732,339964,181284,60362,3.62,4.21
2026-07-24 04:35:11,303063.625000,B8DB8AF16E20,0003,male,C57BL/6,1.1.1,FR1_Approach,0,Left,439,581,178,115,0,0,,,,,,,,,,,,,,,,,,,,
2026-07-24 04:35:14,303066.406250,B8DB8AF16E20,0003,male,C57BL/6,1.1.1,FR1_Approach,0,No_approach,439,581,178,115,0,0,,,,,,,,,,,,,,,,,,,,
2026-07-24 04:35:20,303072.625000,B8DB8AF16E20,0003,male,C57BL/6,1.1.1,FR1_Approach,0,Left,439,582,178,115,0,0,,,,,,,,,,,,,,,,,,,,
2026-07-24 04:35:21,303074.312500,B8DB8AF16E20,0003,male,C57BL/6,1.1.1,FR1_Approach,0,Approach,439,582,178,115,0,0,,,,,,,,,,,,,,,,,,,,
2026-07-24 04:35:27,303079.375000,B8DB8AF16E20,0003,male,C57BL/6,1.1.1,FR1_Approach,0,PelletDrop,440,582,178,115,0,0,,,,,,,,,,,,,,,,,,,,
2026-07-24 04:35:38,303090.406250,B8DB8AF16E20,0003,male,C57BL/6,1.1.1,FR1_Approach,0,PelletTaken,440,582,178,115,0,0,10.432,11.000,0,2,,,,,,,,,,,,,,,,
2026-07-24 04:36:03,303115.968750,B8DB8AF16E20,0003,male,C57BL/6,1.1.1,FR1_Approach,0,Left,440,583,178,115,0,0,,,,,,,,,,,,,,,,,,,,
2026-07-24 04:36:05,303117.406250,B8DB8AF16E20,0003,male,C57BL/6,1.1.1,FR1_Approach,0,Approach,440,583,178,115,0,0,,,,,,,,,,,,,,,,,,,,
2026-07-24 04:36:07,303120.250000,B8DB8AF16E20,0003,male,C57BL/6,1.1.1,FR1_Approach,0,PelletDrop,441,583,178,115,0,0,,,,,,,,,,,,,,,,,,,,
2026-07-24 04:36:28,303140.843750,B8DB8AF16E20,0003,male,C57BL/6,1.1.1,FR1_Approach,0,PelletTaken,441,583,178,115,0,0,TimedOut,58.000,0,1,,,,,,,,,,,,,,,,
2026-07-24 04:39:47,303339.625000,B8DB8AF16E20,0003,male,C57BL/6,1.1.1,FR1_Approach,0,Left,441,584,178,115,0,0,,,,,,,,,,,,,,,,,,,,
2026-07-24 04:39:48,303340.843750,B8DB8AF16E20,0003,male,C57BL/6,1.1.1,FR1_Approach,0,Approach,441,584,178,115,0,0,,,,,,,,,,,,,,,,,,,,
2026-07-24 04:39:53,303345.906250,B8DB8AF16E20,0003,male,C57BL/6,1.1.1,FR1_Approach,0,PelletDrop,442,584,178,115,0,0,,,,,,,,,,,,,,,,,,,,
2026-07-24 04:39:54,303346.687500,B8DB8AF16E20,0003,male,C57BL/6,1.1.1,FR1_Approach,0,PelletTaken,442,584,178,115,0,0,0.170,78.000,0,2,,,,,,,,,,,,,,,,
2026-07-24 04:45:29,303682.468750,B8DB8AF16E20,0003,male,C57BL/6,1.1.1,FR1_Approach,0,Status,442,584,178,115,0,0,,,,,Disabled,25.1,46.0,1016.0,12.3,0.000,0.000,247732,339964,181284,60490,3.62,4.13
2026-07-24 04:57:33,304406.875000,B8DB8AF16E20,0003,male,C57BL/6,1.1.1,FR1_Approach,0,Status,442,584,178,115,0,0,,,,,Disabled,25.1,44.3,1016.0,12.2,0.000,0.000,247732,339964,181284,60627,3.62,4.13
2026-07-24 05:04:03,304796.812500,B8DB8AF16E20,0003,male,C57BL/6,1.1.1,FR1_Approach,0,Right,442,584,179,115,0,0,,,,,,,,,,,,,,,,,,,,
2026-07-24 05:04:08,304801.812500,B8DB8AF16E20,0003,male,C57BL/6,1.1.1,FR1_Approach,0,Left,442,585,179,115,0,0,,,,,,,,,,,,,,,,,,,,
2026-07-24 05:04:10,304804.625000,B8DB8AF16E20,0003,male,C57BL/6,1.1.1,FR1_Approach,0,No_approach,442,585,179,115,0,0,,,,,,,,,,,,,,,,,,,,
2026-07-24 05:04:17,304810.781250,B8DB8AF16E20,0003,male,C57BL/6,1.1.1,FR1_Approach,0,Left,442,586,179,115,0,0,,,,,,,,,,,,,,,,,,,,
2026-07-24 05:04:19,304812.968750,B8DB8AF16E20,0003,male,C57BL/6,1.1.1,FR1_Approach,0,Approach,442,586,179,115,0,0,,,,,,,,,,,,,,,,,,,,
2026-07-24 05:04:22,304815.812500,B8DB8AF16E20,0003,male,C57BL/6,1.1.1,FR1_Approach,0,PelletDrop,443,586,179,115,0,0,,,,,,,,,,,,,,,,,,,,
2026-07-24 05:04:22,304816.625000,B8DB8AF16E20,0003,male,C57BL/6,1.1.1,FR1_Approach,0,PelletTaken,443,586,179,115,0,0,0.225,12.000,0,1,,,,,,,,,,,,,,,,
2026-07-24 05:05:55,304908.906250,B8DB8AF16E20,0003,male,C57BL/6,1.1.1,FR1_Approach,0,Left,443,587,179,115,0,0,,,,,,,,,,,,,,,,,,,,
2026-07-24 05:05:56,304910.125000,B8DB8AF16E20,0003,male,C57BL/6,1.1.1,FR1_Approach,0,Approach,443,587,179,115,0,0,,,,,,,,,,,,,,,,,,,,
2026-07-24 05:05:59,304912.968750,B8DB8AF16E20,0003,male,C57BL/6,1.1.1,FR1_Approach,0,PelletDrop,444,587,179,115,0,0,,,,,,,,,,,,,,,,,,,,
2026-07-24 05:06:07,304921.125000,B8DB8AF16E20,0003,male,C57BL/6,1.1.1,FR1_Approach,0,PelletTaken,444,587,179,115,0,0,7.551,342.000,0,1,,,,,,,,,,,,,,,,
2026-07-24 05:06:28,304941.875000,B8DB8AF16E20,0003,male,C57BL/6,1.1.1,FR1_Approach,0,Left,444,588,179,115,0,0,,,,,,,,,,,,,,,,,,,,
2026-07-24 05:06:29,304943.062500,B8DB8AF16E20,0003,male,C57BL/6,1.1.1,FR1_Approach,0,Approach,444,588,179,115,0,0,,,,,,,,,,,,,,,,,,,,
2026-07-24 05:06:32,304945.937500,B8DB8AF16E20,0003,male,C57BL/6,1.1.1,FR1_Approach,0,PelletDrop,445,588,179,115,0,0,,,,,,,,,,,,,,,,,,,,
2026-07-24 05:06:32,304946.625000,B8DB8AF16E20,0003,male,C57BL/6,1.1.1,FR1_Approach,0,PelletTaken,445,588,179,115,0,0,0.104,87.000,0,1,,,,,,,,,,,,,,,,
2026-07-24 05:08:03,305037.437500,B8DB8AF16E20,0003,male,C57BL/6,1.1.1,FR1_Approach,0,Status,445,588,179,115,0,0,,,,,Disabled,24.9,46.2,1016.0,12.4,0.000,0.000,247732,339964,181284,60759,3.62,3.96
2026-07-24 05:20:10,305765.125000,B8DB8AF16E20,0003,male,C57BL/6,1.1.1,FR1_Approach,0,Status,445,588,179,115,0,0,,,,,Disabled,25.0,44.4,1016.0,12.2,0.000,0.000,247732,339964,181284,60896,3.62,4.04
2026-07-24 05:30:44,306399.656250,B8DB8AF16E20,0003,male,C57BL/6,1.1.1,FR1_Approach,0,Status,445,588,179,115,0,0,,,,,Disabled,24.8,46.3,1016.1,12.4,0.000,0.000,247732,339964,181284,61035,3.63,4.13
2026-07-24 05:31:47,306462.593750,B8DB8AF16E20,0003,male,C57BL/6,1.1.1,FR1_Approach,0,Left,445,589,179,115,0,0,,,,,,,,,,,,,,,,,,,,
2026-07-24 05:31:48,306463.812500,B8DB8AF16E20,0003,male,C57BL/6,1.1.1,FR1_Approach,0,Approach,445,589,179,115,0,0,,,,,,,,,,,,,,,,,,,,
2026-07-24 05:31:51,306466.656250,B8DB8AF16E20,0003,male,C57BL/6,1.1.1,FR1_Approach,0,PelletDrop,446,589,179,115,0,0,,,,,,,,,,,,,,,,,,,,
2026-07-24 05:31:52,306467.406250,B8DB8AF16E20,0003,male,C57BL/6,1.1.1,FR1_Approach,0,PelletTaken,446,589,179,115,0,0,0.136,12.000,0,1,,,,,,,,,,,,,,,,
2026-07-24 05:34:43,306638.937500,B8DB8AF16E20,0003,male,C57BL/6,1.1.1,FR1_Approach,0,Right,446,589,180,115,0,0,,,,,,,,,,,,,,,,,,,,
2026-07-24 05:34:51,306646.343750,B8DB8AF16E20,0003,male,C57BL/6,1.1.1,FR1_Approach,0,Left,446,590,180,115,0,0,,,,,,,,,,,,,,,,,,,,
2026-07-24 05:34:52,306647.562500,B8DB8AF16E20,0003,male,C57BL/6,1.1.1,FR1_Approach,0,Approach,446,590,180,115,0,0,,,,,,,,,,,,,,,,,,,,
2026-07-24 05:34:55,306650.406250,B8DB8AF16E20,0003,male,C57BL/6,1.1.1,FR1_Approach,0,PelletDrop,447,590,180,115,0,0,,,,,,,,,,,,,,,,,,,,
2026-07-24 05:34:59,306654.656250,B8DB8AF16E20,0003,male,C57BL/6,1.1.1,FR1_Approach,0,PelletTaken,447,590,180,115,0,0,3.635,172.000,0,1,,,,,,,,,,,,,,,,
2026-07-24 05:36:07,306723.062500,B8DB8AF16E20,0003,male,C57BL/6,1.1.1,FR1_Approach,0,Left,447,591,180,115,0,0,,,,,,,,,,,,,,,,,,,,
2026-07-24 05:36:10,306725.843750,B8DB8AF16E20,0003,male,C57BL/6,1.1.1,FR1_Approach,0,No_approach,447,591,180,115,0,0,,,,,,,,,,,,,,,,,,,,
2026-07-24 05:36:17,306732.875000,B8DB8AF16E20,0003,male,C57BL/6,1.1.1,FR1_Approach,0,Left,447,592,180,115,0,0,,,,,,,,,,,,,,,,,,,,
2026-07-24 05:36:18,306734.062500,B8DB8AF16E20,0003,male,C57BL/6,1.1.1,FR1_Approach,0,Approach,447,592,180,115,0,0,,,,,,,,,,,,,,,,,,,,
2026-07-24 05:36:23,306739.156250,B8DB8AF16E20,0003,male,C57BL/6,1.1.1,FR1_Approach,0,PelletDrop,448,592,180,115,0,0,,,,,,,,,,,,,,,,,,,,
2026-07-24 05:36:39,306754.593750,B8DB8AF16E20,0003,male,C57BL/6,1.1.1,FR1_Approach,0,PelletTaken,448,592,180,115,0,0,14.845,78.000,0,2,,,,,,,,,,,,,,,,
2026-07-24 05:42:39,307115.656250,B8DB8AF16E20,0003,male,C57BL/6,1.1.1,FR1_Approach,0,Left,448,593,180,115,0,0,,,,,,,,,,,,,,,,,,,,
2026-07-24 05:42:40,307116.843750,B8DB8AF16E20,0003,male,C57BL/6,1.1.1,FR1_Approach,0,Approach,448,593,180,115,0,0,,,,,,,,,,,,,,,,,,,,
2026-07-24 05:42:43,307119.718750,B8DB8AF16E20,0003,male,C57BL/6,1.1.1,FR1_Approach,0,PelletDrop,449,593,180,115,0,0,,,,,,,,,,,,,,,,,,,,
2026-07-24 05:42:46,307122.312500,B8DB8AF16E20,0003,male,C57BL/6,1.1.1,FR1_Approach,0,LeftWithPellet,449,594,180,115,0,0,,,,,,,,,,,,,,,,,,,,
2026-07-24 05:42:47,307123.437500,B8DB8AF16E20,0003,male,C57BL/6,1.1.1,FR1_Approach,0,PelletTaken,449,594,180,115,0,0,3.121,70.000,0,1,,,,,,,,,,,,,,,,
2026-07-24 05:42:55,307131.187500,B8DB8AF16E20,0003,male,C57BL/6,1.1.1,FR1_Approach,0,Status,449,594,180,115,0,0,,,,,Disabled,24.9,44.3,1016.1,12.2,0.000,0.000,247732,339964,181284,61167,3.62,4.04
2026-07-24 05:43:16,307152.812500,B8DB8AF16E20,0003,male,C57BL/6,1.1.1,FR1_Approach,0,Left,449,595,180,115,0,0,,,,,,,,,,,,,,,,,,,,
2026-07-24 05:43:19,307155.500000,B8DB8AF16E20,0003,male,C57BL/6,1.1.1,FR1_Approach,0,Approach,449,595,180,115,0,0,,,,,,,,,,,,,,,,,,,,
2026-07-24 05:43:22,307158.343750,B8DB8AF16E20,0003,male,C57BL/6,1.1.1,FR1_Approach,0,PelletDrop,450,595,180,115,0,0,,,,,,,,,,,,,,,,,,,,
2026-07-24 05:43:24,307160.218750,B8DB8AF16E20,0003,male,C57BL/6,1.1.1,FR1_Approach,0,PelletTaken,450,595,180,115,0,0,1.270,40.000,0,1,,,,,,,,,,,,,,,,
2026-07-24 05:55:08,307864.906250,B8DB8AF16E20,0003,male,C57BL/6,1.1.1,FR1_Approach,0,Status,450,595,180,115,0,0,,,,,Disabled,25.0,43.7,1016.1,12.1,0.000,0.000,247732,339964,181284,61301,3.62,3.96
2026-07-24 06:07:33,308610.593750,B8DB8AF16E20,0003,male,C57BL/6,1.1.1,FR1_Approach,0,Status,450,595,180,115,0,0,,,,,Disabled,25.1,43.6,1016.2,12.0,1.440,582.000,247732,339964,181284,61438,3.62,3.96
2026-07-24 06:19:40,309338.156250,B8DB8AF16E20,0003,male,C57BL/6,1.1.1,FR1_Approach,0,Status,450,595,180,115,0,0,,,,,Disabled,25.1,43.7,1016.3,12.1,1.436,579.000,247732,339964,181284,61575,3.59,3.87
2026-07-24 06:31:49,310067.781250,B8DB8AF16E20,0003,male,C57BL/6,1.1.1,FR1_Approach,0,Status,450,595,180,115,0,0,,,,,Disabled,25.2,43.7,1016.4,12.0,1.440,585.000,247732,339964,181284,61712,3.62,3.79
2026-07-24 06:43:56,310795.406250,B8DB8AF16E20,0003,male,C57BL/6,1.1.1,FR1_Approach,0,Status,450,595,180,115,0,0,,,,,Disabled,25.1,43.7,1016.5,12.1,1.116,454.000,247732,339964,181284,61849,3.62,3.87
2026-07-24 06:56:02,311522.093750,B8DB8AF16E20,0003,male,C57BL/6,1.1.1,FR1_Approach,0,Status,450,595,180,115,0,0,,,,,Disabled,25.1,43.7,1016.6,12.1,1.264,516.000,247732,339964,181284,61986,3.62,3.79
2026-07-24 07:01:13,311833.156250,B8DB8AF16E20,0003,male,C57BL/6,1.1.1,FR1_Approach,0,Left,450,596,180,115,0,0,,,,,,,,,,,,,,,,,,,,
2026-07-24 07:01:15,311834.593750,B8DB8AF16E20,0003,male,C57BL/6,1.1.1,FR1_Approach,0,Approach,450,596,180,115,0,0,,,,,,,,,,,,,,,,,,,,
2026-07-24 07:01:17,311837.437500,B8DB8AF16E20,0003,male,C57BL/6,1.1.1,FR1_Approach,0,PelletDrop,451,596,180,115,0,0,,,,,,,,,,,,,,,,,,,,
2026-07-24 07:01:19,311838.625000,B8DB8AF16E20,0003,male,C57BL/6,1.1.1,FR1_Approach,0,PelletNotDetected,451,596,180,115,0,0,,,,,,,,,,,,,,,,,,,,
2026-07-24 07:08:06,312246.750000,B8DB8AF16E20,0003,male,C57BL/6,1.1.1,FR1_Approach,0,Status,451,596,180,115,0,0,,,,,Disabled,25.2,43.7,1016.7,12.0,1.314,536.000,247732,339964,181284,62122,3.62,3.79
2026-07-24 07:09:53,312353.781250,B8DB8AF16E20,0003,male,C57BL/6,1.1.1,FR1_Approach,0,Left,451,597,180,115,0,0,,,,,,,,,,,,,,,,,,,,
2026-07-24 07:09:55,312355.500000,B8DB8AF16E20,0003,male,C57BL/6,1.1.1,FR1_Approach,0,Approach,451,597,180,115,0,0,,,,,,,,,,,,,,,,,,,,
2026-07-24 07:10:00,312360.562500,B8DB8AF16E20,0003,male,C57BL/6,1.1.1,FR1_Approach,0,PelletDrop,452,597,180,115,0,0,,,,,,,,,,,,,,,,,,,,
2026-07-24 07:10:12,312372.781250,B8DB8AF16E20,0003,male,C57BL/6,1.1.1,FR1_Approach,0,PelletTaken,452,597,180,115,0,0,11.620,21.000,0,3,,,,,,,,,,,,,,,,
2026-07-24 07:10:43,312404.125000,B8DB8AF16E20,0003,male,C57BL/6,1.1.1,FR1_Approach,0,Left,452,598,180,115,0,0,,,,,,,,,,,,,,,,,,,,
2026-07-24 07:10:45,312405.562500,B8DB8AF16E20,0003,male,C57BL/6,1.1.1,FR1_Approach,0,Approach,452,598,180,115,0,0,,,,,,,,,,,,,,,,,,,,
2026-07-24 07:10:50,312410.656250,B8DB8AF16E20,0003,male,C57BL/6,1.1.1,FR1_Approach,0,PelletDrop,453,598,180,115,0,0,,,,,,,,,,,,,,,,,,,,
2026-07-24 07:10:59,312420.281250,B8DB8AF16E20,0003,male,C57BL/6,1.1.1,FR1_Approach,0,PelletTaken,453,598,180,115,0,0,9.036,50.000,0,2,,,,,,,,,,,,,,,,
2026-07-24 07:20:05,312966.343750,B8DB8AF16E20,0003,male,C57BL/6,1.1.1,FR1_Approach,0,Status,453,598,180,115,0,0,,,,,Disabled,25.2,43.4,1016.7,12.1,1.303,534.000,247732,339964,181284,62251,3.62,3.70
2026-07-24 07:31:59,313680.906250,B8DB8AF16E20,0003,male,C57BL/6,1.1.1,FR1_Approach,0,Status,453,598,180,115,0,0,,,,,Disabled,25.1,43.4,1016.7,12.1,1.307,535.000,247732,339964,181284,62388,3.62,3.70
2026-07-24 07:44:08,314410.562500,B8DB8AF16E20,0003,male,C57BL/6,1.1.1,FR1_Approach,0,Status,453,598,180,115,0,0,,,,,Disabled,25.1,43.2,1016.8,12.2,1.300,528.000,247732,339964,181284,62525,3.62,3.62
2026-07-24 07:53:44,314987.375000,B8DB8AF16E20,0003,male,C57BL/6,1.1.1,FR1_Approach,0,Left,453,599,180,115,0,0,,,,,,,,,,,,,,,,,,,,
2026-07-24 07:53:45,314988.593750,B8DB8AF16E20,0003,male,C57BL/6,1.1.1,FR1_Approach,0,Approach,453,599,180,115,0,0,,,,,,,,,,,,,,,,,,,,
2026-07-24 07:53:50,314993.656250,B8DB8AF16E20,0003,male,C57BL/6,1.1.1,FR1_Approach,0,PelletDrop,454,599,180,115,0,0,,,,,,,,,,,,,,,,,,,,
2026-07-24 07:54:03,315006.125000,B8DB8AF16E20,0003,male,C57BL/6,1.1.1,FR1_Approach,0,PelletTaken,454,599,180,115,0,0,11.851,48.000,0,2,,,,,,,,,,,,,,,,
2026-07-24 07:54:41,315044.406250,B8DB8AF16E20,0003,male,C57BL/6,1.1.1,FR1_Approach,0,Status,454,599,180,115,0,0,,,,,Disabled,24.9,45.1,1016.8,12.3,0.965,386.000,247732,339964,181284,62658,3.62,3.70
2026-07-24 08:06:55,315778.875000,B8DB8AF16E20,0003,male,C57BL/6,1.1.1,FR1_Approach,0,Status,454,599,180,115,0,0,,,,,Disabled,25.0,43.5,1016.8,12.2,1.206,492.000,247732,339964,181284,62795,3.61,3.70
2026-07-24 08:17:28,316412.218750,B8DB8AF16E20,0003,male,C57BL/6,1.1.1,FR1_Approach,0,Status,454,599,180,115,0,0,,,,,Disabled,24.7,45.6,1016.9,12.3,1.217,498.000,247732,339964,181284,62932,3.62,3.70
2026-07-24 08:29:42,317147.062500,B8DB8AF16E20,0003,male,C57BL/6,1.1.1,FR1_Approach,0,Status,454,599,180,115,0,0,,,,,Disabled,24.8,43.5,1016.8,12.2,1.210,497.000,247732,339964,181284,63069,3.62,3.62
2026-07-24 08:40:14,317780.375000,B8DB8AF16E20,0003,male,C57BL/6,1.1.1,FR1_Approach,0,Status,454,599,180,115,0,0,,,,,Disabled,24.6,45.6,1016.9,12.4,1.217,499.000,247732,339964,181284,63206,3.63,3.53
2026-07-24 08:52:30,318516.343750,B8DB8AF16E20,0003,male,C57BL/6,1.1.1,FR1_Approach,0,Status,454,599,180,115,0,0,,,,,Disabled,24.7,43.5,1016.9,12.2,1.202,494.000,247732,339964,181284,63343,3.62,3.53
2026-07-24 09:03:03,319149.687500,B8DB8AF16E20,0003,male,C57BL/6,1.1.1,FR1_Approach,0,Status,454,599,180,115,0,0,,,,,Disabled,24.5,45.4,1016.9,12.5,1.210,499.000,247732,339964,181284,63480,3.62,3.53
2026-07-24 09:15:20,319886.562500,B8DB8AF16E20,0003,male,C57BL/6,1.1.1,FR1_Approach,0,Status,454,599,180,115,0,0,,,,,Disabled,24.6,43.3,1016.9,12.2,1.202,492.000,247732,339964,181284,63617,3.61,3.45
2026-07-24 09:25:52,320519.843750,B8DB8AF16E20,0003,male,C57BL/6,1.1.1,FR1_Approach,0,Status,454,599,180,115,0,0,,,,,Disabled,24.4,45.3,1017.0,12.3,1.210,496.000,247732,339964,181284,63754,3.62,3.53
2026-07-24 09:38:48,321296.906250,B8DB8AF16E20,0003,male,C57BL/6,1.1.1,FR1_Approach,0,Status,454,599,180,115,0,0,,,,,Disabled,24.6,42.7,1017.0,12.1,1.159,474.000,247732,339964,181284,63891,3.61,3.45
2026-07-24 09:39:31,321339.812500,B8DB8AF16E20,0003,male,C57BL/6,1.1.1,FR1_Approach,0,Left,454,600,180,115,0,0,,,,,,,,,,,,,,,,,,,,
2026-07-24 09:39:32,321341.250000,B8DB8AF16E20,0003,male,C57BL/6,1.1.1,FR1_Approach,0,Approach,454,600,180,115,0,0,,,,,,,,,,,,,,,,,,,,
2026-07-24 09:39:37,321346.343750,B8DB8AF16E20,0003,male,C57BL/6,1.1.1,FR1_Approach,0,PelletDrop,455,600,180,115,0,0,,,,,,,,,,,,,,,,,,,,
2026-07-24 09:39:51,321359.843750,B8DB8AF16E20,0003,male,C57BL/6,1.1.1,FR1_Approach,0,PelletTaken,455,600,180,115,0,0,12.875,107.000,0,2,,,,,,,,,,,,,,,,
2026-07-24 09:40:13,321381.968750,B8DB8AF16E20,0003,male,C57BL/6,1.1.1,FR1_Approach,0,Left,455,601,180,115,0,0,,,,,,,,,,,,,,,,,,,,
2026-07-24 09:40:15,321383.875000,B8DB8AF16E20,0003,male,C57BL/6,1.1.1,FR1_Approach,0,Approach,455,601,180,115,0,0,,,,,,,,,,,,,,,,,,,,
2026-07-24 09:40:20,321388.968750,B8DB8AF16E20,0003,male,C57BL/6,1.1.1,FR1_Approach,0,PelletDrop,456,601,180,115,0,0,,,,,,,,,,,,,,,,,,,,
2026-07-24 09:40:31,321400.031250,B8DB8AF16E20,0003,male,C57BL/6,1.1.1,FR1_Approach,0,PelletTaken,456,601,180,115,0,0,10.444,126.000,0,2,,,,,,,,,,,,,,,,
2026-07-24 09:41:40,321469.031250,B8DB8AF16E20,0003,male,C57BL/6,1.1.1,FR1_Approach,0,Left,456,602,180,115,0,0,,,,,,,,,,,,,,,,,,,,
2026-07-24 09:41:41,321470.250000,B8DB8AF16E20,0003,male,C57BL/6,1.1.1,FR1_Approach,0,Approach,456,602,180,115,0,0,,,,,,,,,,,,,,,,,,,,
2026-07-24 09:41:44,321473.125000,B8DB8AF16E20,0003,male,C57BL/6,1.1.1,FR1_Approach,0,PelletDrop,457,602,180,115,0,0,,,,,,,,,,,,,,,,,,,,
2026-07-24 09:41:45,321473.812500,B8DB8AF16E20,0003,male,C57BL/6,1.1.1,FR1_Approach,0,PelletTaken,457,602,180,115,0,0,0.104,12.000,0,1,,,,,,,,,,,,,,,,
2026-07-24 09:43:17,321565.750000,B8DB8AF16E20,0003,male,C57BL/6,1.1.1,FR1_Approach,0,Left,457,603,180,115,0,0,,,,,,,,,,,,,,,,,,,,
2026-07-24 09:43:18,321566.968750,B8DB8AF16E20,0003,male,C57BL/6,1.1.1,FR1_Approach,0,Approach,457,603,180,115,0,0,,,,,,,,,,,,,,,,,,,,
2026-07-24 09:43:23,321572.031250,B8DB8AF16E20,0003,male,C57BL/6,1.1.1,FR1_Approach,0,PelletDrop,458,603,180,115,0,0,,,,,,,,,,,,,,,,,,,,
2026-07-24 09:43:34,321583.062500,B8DB8AF16E20,0003,male,C57BL/6,1.1.1,FR1_Approach,0,PelletTaken,458,603,180,115,0,0,10.411,50.000,0,2,,,,,,,,,,,,,,,,
2026-07-24 09:49:18,321927.625000,B8DB8AF16E20,0003,male,C57BL/6,1.1.1,FR1_Approach,0,Status,458,603,180,115,0,0,,,,,Disabled,24.5,44.9,1017.0,12.3,1.217,496.000,247732,339964,181284,64015,3.61,3.45
2026-07-24 09:59:51,322560.937500,B8DB8AF16E20,0003,male,C57BL/6,1.1.1,FR1_Approach,0,Status,458,603,180,115,0,0,,,,,Disabled,24.3,45.3,1017.0,12.3,1.242,514.000,247732,339964,181284,64152,3.61,3.36
2026-07-24 10:12:12,323302.531250,B8DB8AF16E20,0003,male,C57BL/6,1.1.1,FR1_Approach,0,Status,458,603,180,115,0,0,,,,,Disabled,24.5,43.1,1017.0,12.1,1.220,498.000,247732,339964,181284,64289,3.61,3.28
2026-07-24 10:22:45,323935.843750,B8DB8AF16E20,0003,male,C57BL/6,1.1.1,FR1_Approach,0,Status,458,603,180,115,0,0,,,,,Disabled,24.4,45.2,1017.0,12.2,1.231,504.000,247732,339964,181284,64426,3.62,3.28
2026-07-24 10:35:01,324672.812500,B8DB8AF16E20,0003,male,C57BL/6,1.1.1,FR1_Approach,0,Status,458,603,180,115,0,0,,,,,Disabled,24.5,43.1,1017.1,12.1,1.224,502.000,247732,339964,181284,64563,3.61,3.11
2026-07-24 10:45:33,325306.156250,B8DB8AF16E20,0003,male,C57BL/6,1.1.1,FR1_Approach,0,Status,458,603,180,115,0,0,,,,,Disabled,24.4,45.1,1017.1,12.2,1.235,505.000,247732,339964,181284,64700,3.61,3.19
2026-07-24 10:57:47,326040.093750,B8DB8AF16E20,0003,male,C57BL/6,1.1.1,FR1_Approach,0,Status,458,603,180,115,0,0,,,,,Disabled,24.5,43.0,1017.2,12.0,1.228,500.000,247732,339964,181284,64837,3.61,3.19
2026-07-24 11:09:59,326772.656250,B8DB8AF16E20,0003,male,C57BL/6,1.1.1,FR1_Approach,0,Status,458,603,180,115,0,0,,,,,Disabled,24.7,42.9,1017.2,12.0,1.217,500.000,247732,339964,181284,64974,3.61,3.19
2026-07-24 11:22:23,327517.343750,B8DB8AF16E20,0003,male,C57BL/6,1.1.1,FR1_Approach,0,Status,458,603,180,115,0,0,,,,,Disabled,24.8,42.6,1017.1,11.9,1.217,502.000,247732,339964,181284,65111,3.59,3.02
2026-07-24 11:34:35,328249.906250,B8DB8AF16E20,0003,male,C57BL/6,1.1.1,FR1_Approach,0,Status,458,603,180,115,0,0,,,,,Disabled,24.9,42.7,1017.1,12.0,1.217,502.000,247732,339964,181284,65248,3.61,3.02
2026-07-24 11:46:45,328981.656250,B8DB8AF16E20,0003,male,C57BL/6,1.1.1,FR1_Approach,0,Status,458,603,180,115,0,0,,,,,Disabled,24.9,42.6,1017.1,11.9,1.224,500.000,247732,339964,181284,65385,3.61,3.02
2026-07-24 11:58:50,329706.281250,B8DB8AF16E20,0003,male,C57BL/6,1.1.1,FR1_Approach,0,Status,458,603,180,115,0,0,,,,,Disabled,25.0,42.6,1017.0,12.0,1.217,500.000,247732,339964,181284,65522,3.61,3.02
2026-07-24 12:10:57,330433.906250,B8DB8AF16E20,0003,male,C57BL/6,1.1.1,FR1_Approach,0,Status,458,603,180,115,0,0,,,,,Disabled,25.0,42.6,1017.0,12.0,1.220,494.000,247732,339964,181284,65659,3.61,2.94
2026-07-24 12:23:07,331164.500000,B8DB8AF16E20,0003,male,C57BL/6,1.1.1,FR1_Approach,0,Status,458,603,180,115,0,0,,,,,Disabled,25.0,42.6,1016.9,12.0,1.210,497.000,247732,339964,181284,65796,3.61,2.94
2026-07-24 12:24:23,331240.562500,B8DB8AF16E20,0003,male,C57BL/6,1.1.1,FR1_Approach,0,Left,458,604,180,115,0,0,,,,,,,,,,,,,,,,,,,,
2026-07-24 12:24:24,331241.750000,B8DB8AF16E20,0003,male,C57BL/6,1.1.1,FR1_Approach,0,Approach,458,604,180,115,0,0,,,,,,,,,,,,,,,,,,,,
2026-07-24 12:24:29,331246.843750,B8DB8AF16E20,0003,male,C57BL/6,1.1.1,FR1_Approach,0,PelletDrop,459,604,180,115,0,0,,,,,,,,,,,,,,,,,,,,
2026-07-24 12:24:39,331257.343750,B8DB8AF16E20,0003,male,C57BL/6,1.1.1,FR1_Approach,0,PelletTaken,459,604,180,115,0,0,9.916,41.000,0,2,,,,,,,,,,,,,,,,
2026-07-24 12:25:06,331284.156250,B8DB8AF16E20,0003,male,C57BL/6,1.1.1,FR1_Approach,0,Left,459,605,180,115,0,0,,,,,,,,,,,,,,,,,,,,
2026-07-24 12:25:08,331285.875000,B8DB8AF16E20,0003,male,C57BL/6,1.1.1,FR1_Approach,0,Approach,459,605,180,115,0,0,,,,,,,,,,,,,,,,,,,,
2026-07-24 12:25:13,331290.937500,B8DB8AF16E20,0003,male,C57BL/6,1.1.1,FR1_Approach,0,PelletDrop,460,605,180,115,0,0,,,,,,,,,,,,,,,,,,,,
2026-07-24 12:25:14,331292.156250,B8DB8AF16E20,0003,male,C57BL/6,1.1.1,FR1_Approach,0,PelletNotDetected,460,605,180,115,0,0,,,,,,,,,,,,,,,,,,,,
2026-07-24 12:27:51,331449.093750,B8DB8AF16E20,0003,male,C57BL/6,1.1.1,FR1_Approach,0,Left,460,606,180,115,0,0,,,,,,,,,,,,,,,,,,,,
2026-07-24 12:27:54,331451.875000,B8DB8AF16E20,0003,male,C57BL/6,1.1.1,FR1_Approach,0,No_approach,460,606,180,115,0,0,,,,,,,,,,,,,,,,,,,,
2026-07-24 12:35:16,331894.093750,B8DB8AF16E20,0003,male,C57BL/6,1.1.1,FR1_Approach,0,Status,460,606,180,115,0,0,,,,,Disabled,25.1,42.6,1016.8,11.9,1.325,545.000,247732,339964,181284,65927,3.61,2.77
2026-07-24 12:36:33,331970.718750,B8DB8AF16E20,0003,male,C57BL/6,1.1.1,FR1_Approach,0,Left,460,607,180,115,0,0,,,,,,,,,,,,,,,,,,,,
2026-07-24 12:36:34,331971.937500,B8DB8AF16E20,0003,male,C57BL/6,1.1.1,FR1_Approach,0,Approach,460,607,180,115,0,0,,,,,,,,,,,,,,,,,,,,
2026-07-24 12:36:41,331978.937500,B8DB8AF16E20,0003,male,C57BL/6,1.1.1,FR1_Approach,0,PelletDrop,461,607,180,115,0,0,,,,,,,,,,,,,,,,,,,,
2026-07-24 12:36:52,331990.156250,B8DB8AF16E20,0003,male,C57BL/6,1.1.1,FR1_Approach,0,PelletTaken,461,607,180,115,0,0,10.610,12.000,0,4,,,,,,,,,,,,,,,,
2026-07-24 12:38:54,332112.312500,B8DB8AF16E20,0003,male,C57BL/6,1.1.1,FR1_Approach,0,Left,461,608,180,115,0,0,,,,,,,,,,,,,,,,,,,,
2026-07-24 12:38:56,332113.500000,B8DB8AF16E20,0003,male,C57BL/6,1.1.1,FR1_Approach,0,Approach,461,608,180,115,0,0,,,,,,,,,,,,,,,,,,,,
2026-07-24 12:39:02,332119.718750,B8DB8AF16E20,0003,male,C57BL/6,1.1.1,FR1_Approach,0,PelletDrop,462,608,180,115,0,0,,,,,,,,,,,,,,,,,,,,
2026-07-24 12:39:15,332133.406250,B8DB8AF16E20,0003,male,C57BL/6,1.1.1,FR1_Approach,0,PelletTaken,462,608,180,115,0,0,13.085,12.000,0,2,,,,,,,,,,,,,,,,
2026-07-24 12:47:27,332625.750000,B8DB8AF16E20,0003,male,C57BL/6,1.1.1,FR1_Approach,0,Status,462,608,180,115,0,0,,,,,Disabled,25.1,42.3,1016.6,11.9,1.346,548.000,247732,339964,181284,66055,3.61,2.77
2026-07-24 12:59:34,333353.343750,B8DB8AF16E20,0003,male,C57BL/6,1.1.1,FR1_Approach,0,Status,462,608,180,115,0,0,,,,,Disabled,25.1,42.4,1016.5,11.9,1.296,528.000,247732,339964,181284,66192,3.62,2.77
2026-07-24 13:10:07,333986.687500,B8DB8AF16E20,0003,male,C57BL/6,1.1.1,FR1_Approach,0,Status,462,608,180,115,0,0,,,,,Disabled,24.9,44.5,1016.5,12.2,1.303,535.000,247732,339964,181284,66329,3.60,2.77
2026-07-24 13:22:15,334715.562500,B8DB8AF16E20,0003,male,C57BL/6,1.1.1,FR1_Approach,0,Status,462,608,180,115,0,0,,,,,Disabled,24.9,42.8,1016.5,12.1,1.303,533.000,247732,339964,181284,66466,3.61,2.68
2026-07-24 13:32:47,335348.875000,B8DB8AF16E20,0003,male,C57BL/6,1.1.1,FR1_Approach,0,Status,462,608,180,115,0,0,,,,,Disabled,24.7,44.7,1016.5,12.3,1.303,534.000,247732,339964,181284,66603,3.60,2.77
