DateTime,ElapsedSeconds,ESP32_UID,MouseID,Sex,Strain,LibraryVer,Program,FR,Event,PelletCount,LeftCount,RightCount,CenterCount,BlockPelletCount,BlockPokeCount,RetrievalTime,PokeDuration,DispenseError,MotorTurns,Motion,Temperature,Humidity,Pressure,GasResistance,Lux,White,FreeHeap,HeapSize,MinFreeHeap,WakeCount,BatteryVoltage,BatteryPercent
2026-07-20 16:24:34,36.898998,B0DB8AF16E20,0001,male,C57BL/6,1.1.1,FR1_Approach,0,Startup,0,0,0,0,0,0,,,,,0.0,24.1,45.1,990.2,8.2,11.254,5364.000,246208,339964,244140,0,4.09,88.96
2026-07-20 16:24:40,42.673000,B0DB8AF16E20,0001,male,C57BL/6,1.1.1,FR1_Approach,0,Left,0,1,0,0,0,0,,,,,,,,,,,,,,,,,,,,
2026-07-20 16:24:41,43.780998,B0DB8AF16E20,0001,male,C57BL/6,1.1.1,FR1_Approach,0,Approach,0,1,0,0,0,0,,,,,,,,,,,,,,,,,,,,
2026-07-20 16:24:44,46.542999,B0DB8AF16E20,0001,male,C57BL/6,1.1.1,FR1_Approach,0,PelletDrop,1,1,0,0,0,0,,,,,,,,,,,,,,,,,,,,
2026-07-20 16:25:04,67.042000,B0DB8AF16E20,0001,male,C57BL/6,1.1.1,FR1_Approach,0,PelletTaken,1,1,0,0,0,0,TimedOut,355.000,0,1,,,,,,,,,,,,,,,,
2026-07-20 16:34:00,603.617004,B0DB8AF16E20,0001,male,C57BL/6,1.1.1,FR1_Approach,0,Status,1,1,0,0,0,0,,,,,Disabled,24.2,44.3,990.2,9.1,4.457,2343.000,247172,339964,244140,123,4.10,88.80
2026-07-20 16:41:31,1055.229004,B0DB8AF16E20,0001,male,C57BL/6,1.1.1,FR1_Approach,0,Left,1,2,0,0,0,0,,,,,,,,,,,,,,,,,,,,
2026-07-20 16:41:34,1057.921021,B0DB8AF16E20,0001,male,C57BL/6,1.1.1,FR1_Approach,0,No_approach,1,2,0,0,0,0,,,,,,,,,,,,,,,,,,,,
2026-07-20 16:42:53,1136.473999,B0DB8AF16E20,0001,male,C57BL/6,1.1.1,FR1_Approach,0,Left,1,3,0,0,0,0,,,,,,,,,,,,,,,,,,,,
2026-07-20 16:42:55,1139.176025,B0DB8AF16E20,0001,male,C57BL/6,1.1.1,FR1_Approach,0,No_approach,1,3,0,0,0,0,,,,,,,,,,,,,,,,,,,,
2026-07-20 16:43:55,1199.463013,B0DB8AF16E20,0001,male,C57BL/6,1.1.1,FR1_Approach,0,Right,1,3,1,0,0,0,,,,,,,,,,,,,,,,,,,,
2026-07-20 16:43:57,1201.038940,B0DB8AF16E20,0001,male,C57BL/6,1.1.1,FR1_Approach,0,Right,1,3,2,0,0,0,,,,,,,,,,,,,,,,,,,,
2026-07-20 16:43:58,1202.135010,B0DB8AF16E20,0001,male,C57BL/6,1.1.1,FR1_Approach,0,Right,1,3,3,0,0,0,,,,,,,,,,,,,,,,,,,,
2026-07-20 16:44:06,1209.791992,B0DB8AF16E20,0001,male,C57BL/6,1.1.1,FR1_Approach,0,Status,1,3,3,0,0,0,,,,,Disabled,24.3,42.7,990.0,10.0,0.000,10.000,249012,339964,187440,256,4.09,88.64
2026-07-20 16:44:11,1214.840942,B0DB8AF16E20,0001,male,C57BL/6,1.1.1,FR1_Approach,0,Left,1,4,3,0,0,0,,,,,,,,,,,,,,,,,,,,
2026-07-20 16:44:13,1217.532959,B0DB8AF16E20,0001,male,C57BL/6,1.1.1,FR1_Approach,0,No_approach,1,4,3,0,0,0,,,,,,,,,,,,,,,,,,,,
2026-07-20 16:45:30,1294.156006,B0DB8AF16E20,0001,male,C57BL/6,1.1.1,FR1_Approach,0,Left,1,5,3,0,0,0,,,,,,,,,,,,,,,,,,,,
2026-07-20 16:45:33,1296.859009,B0DB8AF16E20,0001,male,C57BL/6,1.1.1,FR1_Approach,0,No_approach,1,5,3,0,0,0,,,,,,,,,,,,,,,,,,,,
2026-07-20 16:45:38,1302.213013,B0DB8AF16E20,0001,male,C57BL/6,1.1.1,FR1_Approach,0,Right,1,5,4,0,0,0,,,,,,,,,,,,,,,,,,,,
2026-07-20 16:45:49,1312.770020,B0DB8AF16E20,0001,male,C57BL/6,1.1.1,FR1_Approach,0,Left,1,6,4,0,0,0,,,,,,,,,,,,,,,,,,,,
2026-07-20 16:45:51,1315.462036,B0DB8AF16E20,0001,male,C57BL/6,1.1.1,FR1_Approach,0,No_approach,1,6,4,0,0,0,,,,,,,,,,,,,,,,,,,,
2026-07-20 16:45:55,1318.775024,B0DB8AF16E20,0001,male,C57BL/6,1.1.1,FR1_Approach,0,Left,1,7,4,0,0,0,,,,,,,,,,,,,,,,,,,,
2026-07-20 16:45:57,1321.467041,B0DB8AF16E20,0001,male,C57BL/6,1.1.1,FR1_Approach,0,No_approach,1,7,4,0,0,0,,,,,,,,,,,,,,,,,,,,
2026-07-20 16:46:57,1380.774048,B0DB8AF16E20,0001,male,C57BL/6,1.1.1,FR1_Approach,0,Right,1,7,5,0,0,0,,,,,,,,,,,,,,,,,,,,
2026-07-20 16:46:58,1381.786011,B0DB8AF16E20,0001,male,C57BL/6,1.1.1,FR1_Approach,0,Right,1,7,6,0,0,0,,,,,,,,,,,,,,,,,,,,
2026-07-20 16:47:15,1398.814941,B0DB8AF16E20,0001,male,C57BL/6,1.1.1,FR1_Approach,0,Left,1,8,6,0,0,0,,,,,,,,,,,,,,,,,,,,
2026-07-20 16:47:16,1399.928955,B0DB8AF16E20,0001,male,C57BL/6,1.1.1,FR1_Approach,0,Approach,1,8,6,0,0,0,,,,,,,,,,,,,,,,,,,,
2026-07-20 16:47:23,1407.126953,B0DB8AF16E20,0001,male,C57BL/6,1.1.1,FR1_Approach,0,PelletDrop,2,8,6,0,0,0,,,,,,,,,,,,,,,,,,,,
2026-07-20 16:47:24,1408.227051,B0DB8AF16E20,0001,male,C57BL/6,1.1.1,FR1_Approach,0,PelletNotDetected,2,8,6,0,0,0,,,,,,,,,,,,,,,,,,,,
2026-07-20 16:47:48,1432.010010,B0DB8AF16E20,0001,male,C57BL/6,1.1.1,FR1_Approach,0,Left,2,9,6,0,0,0,,,,,,,,,,,,,,,,,,,,
2026-07-20 16:47:49,1433.119019,B0DB8AF16E20,0001,male,C57BL/6,1.1.1,FR1_Approach,0,Approach,2,9,6,0,0,0,,,,,,,,,,,,,,,,,,,,
2026-07-20 16:47:58,1442.239990,B0DB8AF16E20,0001,male,C57BL/6,1.1.1,FR1_Approach,0,PelletDrop,3,9,6,0,0,0,,,,,,,,,,,,,,,,,,,,
2026-07-20 16:48:03,1447.293945,B0DB8AF16E20,0001,male,C57BL/6,1.1.1,FR1_Approach,0,PelletTaken,3,9,6,0,0,0,4.547,99.000,0,6,,,,,,,,,,,,,,,,
2026-07-20 16:48:21,1464.905029,B0DB8AF16E20,0001,male,C57BL/6,1.1.1,FR1_Approach,0,Left,3,10,6,0,0,0,,,,,,,,,,,,,,,,,,,,
2026-07-20 16:48:22,1466.016968,B0DB8AF16E20,0001,male,C57BL/6,1.1.1,FR1_Approach,0,Approach,3,10,6,0,0,0,,,,,,,,,,,,,,,,,,,,
2026-07-20 16:48:27,1470.995972,B0DB8AF16E20,0001,male,C57BL/6,1.1.1,FR1_Approach,0,PelletDrop,4,10,6,0,0,0,,,,,,,,,,,,,,,,,,,,
2026-07-20 16:48:39,1483.597046,B0DB8AF16E20,0001,male,C57BL/6,1.1.1,FR1_Approach,0,PelletTaken,4,10,6,0,0,0,12.094,42.000,0,2,,,,,,,,,,,,,,,,
2026-07-20 16:49:04,1508.526978,B0DB8AF16E20,0001,male,C57BL/6,1.1.1,FR1_Approach,0,Left,4,11,6,0,0,0,,,,,,,,,,,,,,,,,,,,
2026-07-20 16:49:05,1509.640991,B0DB8AF16E20,0001,male,C57BL/6,1.1.1,FR1_Approach,0,Approach,4,11,6,0,0,0,,,,,,,,,,,,,,,,,,,,
2026-07-20 16:49:10,1514.620972,B0DB8AF16E20,0001,male,C57BL/6,1.1.1,FR1_Approach,0,PelletDrop,5,11,6,0,0,0,,,,,,,,,,,,,,,,,,,,
2026-07-20 16:49:19,1523.338013,B0DB8AF16E20,0001,male,C57BL/6,1.1.1,FR1_Approach,0,PelletTaken,5,11,6,0,0,0,8.210,90.000,0,2,,,,,,,,,,,,,,,,
2026-07-20 16:50:15,1579.077026,B0DB8AF16E20,0001,male,C57BL/6,1.1.1,FR1_Approach,0,Right,5,11,7,0,0,0,,,,,,,,,,,,,,,,,,,,
2026-07-20 16:52:34,1718.484985,B0DB8AF16E20,0001,male,C57BL/6,1.1.1,FR1_Approach,0,Center,5,11,7,1,0,0,,,,,,,,,,,,,,,,,,,,
2026-07-20 16:52:40,1725.072998,B0DB8AF16E20,0001,male,C57BL/6,1.1.1,FR1_Approach,0,Left,5,12,7,1,0,0,,,,,,,,,,,,,,,,,,,,
2026-07-20 16:52:43,1727.765015,B0DB8AF16E20,0001,male,C57BL/6,1.1.1,FR1_Approach,0,No_approach,5,12,7,1,0,0,,,,,,,,,,,,,,,,,,,,
2026-07-20 16:54:09,1814.157959,B0DB8AF16E20,0001,male,C57BL/6,1.1.1,FR1_Approach,0,Status,5,12,7,1,0,0,,,,,Disabled,24.4,43.6,989.8,10.9,0.022,27.000,248968,339964,187440,375,4.09,88.36
2026-07-20 16:56:35,1960.316040,B0DB8AF16E20,0001,male,C57BL/6,1.1.1,FR1_Approach,0,Left,5,13,7,1,0,0,,,,,,,,,,,,,,,,,,,,
2026-07-20 16:56:38,1962.404053,B0DB8AF16E20,0001,male,C57BL/6,1.1.1,FR1_Approach,0,Approach,5,13,7,1,0,0,,,,,,,,,,,,,,,,,,,,
2026-07-20 16:56:40,1965.177002,B0DB8AF16E20,0001,male,C57BL/6,1.1.1,FR1_Approach,0,PelletDrop,6,13,7,1,0,0,,,,,,,,,,,,,,,,,,,,
2026-07-20 16:56:41,1966.276978,B0DB8AF16E20,0001,male,C57BL/6,1.1.1,FR1_Approach,0,PelletNotDetected,6,13,7,1,0,0,,,,,,,,,,,,,,,,,,,,
2026-07-20 16:57:07,1991.818970,B0DB8AF16E20,0001,male,C57BL/6,1.1.1,FR1_Approach,0,Left,6,14,7,1,0,0,,,,,,,,,,,,,,,,,,,,
2026-07-20 16:57:10,1994.510986,B0DB8AF16E20,0001,male,C57BL/6,1.1.1,FR1_Approach,0,No_approach,6,14,7,1,0,0,,,,,,,,,,,,,,,,,,,,
2026-07-20 16:58:53,2098.033936,B0DB8AF16E20,0001,male,C57BL/6,1.1.1,FR1_Approach,0,Right,6,14,8,1,0,0,,,,,,,,,,,,,,,,,,,,
2026-07-20 17:04:11,2416.248047,B0DB8AF16E20,0001,male,C57BL/6,1.1.1,FR1_Approach,0,Status,6,14,8,1,0,0,,,,,Disabled,24.4,43.9,989.5,11.7,0.018,24.000,248968,339964,187440,504,4.09,88.21
2026-07-20 17:05:40,2505.790039,B0DB8AF16E20,0001,male,C57BL/6,1.1.1,FR1_Approach,0,Right,6,14,9,1,0,0,,,,,,,,,,,,,,,,,,,,
2026-07-20 17:11:46,2572.399902,B0DB8AF16E20,0001,male,C57BL/6,1.1.1,FR1_Approach,0,Left,6,15,9,1,0,0,,,,,,,,,,,,,,,,,,,,
2026-07-20 17:11:49,2575.103027,B0DB8AF16E20,0001,male,C57BL/6,1.1.1,FR1_Approach,0,No_approach,6,15,9,1,0,0,,,,,,,,,,,,,,,,,,,,
2026-07-20 17:16:36,2862.664062,B0DB8AF16E20,0001,male,C57BL/6,1.1.1,FR1_Approach,0,Right,6,15,10,1,0,0,,,,,,,,,,,,,,,,,,,,
2026-07-20 17:16:45,2871.301025,B0DB8AF16E20,0001,male,C57BL/6,1.1.1,FR1_Approach,0,Left,6,16,10,1,0,0,,,,,,,,,,,,,,,,,,,,
2026-07-20 17:16:46,2872.415039,B0DB8AF16E20,0001,male,C57BL/6,1.1.1,FR1_Approach,0,Approach,6,16,10,1,0,0,,,,,,,,,,,,,,,,,,,,
2026-07-20 17:16:48,2875.138916,B0DB8AF16E20,0001,male,C57BL/6,1.1.1,FR1_Approach,0,PelletDrop,7,16,10,1,0,0,,,,,,,,,,,,,,,,,,,,
2026-07-20 17:16:49,2875.749023,B0DB8AF16E20,0001,male,C57BL/6,1.1.1,FR1_Approach,0,PelletTaken,7,16,10,1,0,0,0.104,745.000,0,2,,,,,,,,,,,,,,,,
2026-07-20 17:17:16,2902.449951,B0DB8AF16E20,0001,male,C57BL/6,1.1.1,FR1_Approach,0,Left,7,17,10,1,0,0,,,,,,,,,,,,,,,,,,,,
2026-07-20 17:17:17,2903.563965,B0DB8AF16E20,0001,male,C57BL/6,1.1.1,FR1_Approach,0,Approach,7,17,10,1,0,0,,,,,,,,,,,,,,,,,,,,
2026-07-20 17:17:22,2909.041992,B0DB8AF16E20,0001,male,C57BL/6,1.1.1,FR1_Approach,0,PelletDrop,8,17,10,1,0,0,,,,,,,,,,,,,,,,,,,,
2026-07-20 17:17:33,2919.531006,B0DB8AF16E20,0001,male,C57BL/6,1.1.1,FR1_Approach,0,PelletTaken,8,17,10,1,0,0,9.982,414.000,0,2,,,,,,,,,,,,,,,,
2026-07-20 17:18:11,2958.128906,B0DB8AF16E20,0001,male,C57BL/6,1.1.1,FR1_Approach,0,Left,8,18,10,1,0,0,,,,,,,,,,,,,,,,,,,,
2026-07-20 17:18:14,2960.821045,B0DB8AF16E20,0001,male,C57BL/6,1.1.1,FR1_Approach,0,No_approach,8,18,10,1,0,0,,,,,,,,,,,,,,,,,,,,
2026-07-20 17:18:31,2977.860107,B0DB8AF16E20,0001,male,C57BL/6,1.1.1,FR1_Approach,0,Left,8,19,10,1,0,0,,,,,,,,,,,,,,,,,,,,
2026-07-20 17:18:34,2980.550049,B0DB8AF16E20,0001,male,C57BL/6,1.1.1,FR1_Approach,0,No_approach,8,19,10,1,0,0,,,,,,,,,,,,,,,,,,,,
2026-07-20 17:18:41,2987.855957,B0DB8AF16E20,0001,male,C57BL/6,1.1.1,FR1_Approach,0,Left,8,20,10,1,0,0,,,,,,,,,,,,,,,,,,,,
2026-07-20 17:18:44,2990.548096,B0DB8AF16E20,0001,male,C57BL/6,1.1.1,FR1_Approach,0,No_approach,8,20,10,1,0,0,,,,,,,,,,,,,,,,,,,,
2026-07-20 17:18:47,2994.320068,B0DB8AF16E20,0001,male,C57BL/6,1.1.1,FR1_Approach,0,Left,8,21,10,1,0,0,,,,,,,,,,,,,,,,,,,,
2026-07-20 17:18:50,2997.010010,B0DB8AF16E20,0001,male,C57BL/6,1.1.1,FR1_Approach,0,No_approach,8,21,10,1,0,0,,,,,,,,,,,,,,,,,,,,
2026-07-20 17:18:57,3003.832031,B0DB8AF16E20,0001,male,C57BL/6,1.1.1,FR1_Approach,0,Left,8,22,10,1,0,0,,,,,,,,,,,,,,,,,,,,
2026-07-20 17:19:00,3006.523926,B0DB8AF16E20,0001,male,C57BL/6,1.1.1,FR1_Approach,0,No_approach,8,22,10,1,0,0,,,,,,,,,,,,,,,,,,,,
2026-07-20 17:19:05,3012.190918,B0DB8AF16E20,0001,male,C57BL/6,1.1.1,FR1_Approach,0,Left,8,23,10,1,0,0,,,,,,,,,,,,,,,,,,,,
2026-07-20 17:19:08,3014.883057,B0DB8AF16E20,0001,male,C57BL/6,1.1.1,FR1_Approach,0,No_approach,8,23,10,1,0,0,,,,,,,,,,,,,,,,,,,,
2026-07-20 17:19:11,3017.485107,B0DB8AF16E20,0001,male,C57BL/6,1.1.1,FR1_Approach,0,Left,8,24,10,1,0,0,,,,,,,,,,,,,,,,,,,,
2026-07-20 17:19:13,3020.177002,B0DB8AF16E20,0001,male,C57BL/6,1.1.1,FR1_Approach,0,No_approach,8,24,10,1,0,0,,,,,,,,,,,,,,,,,,,,
2026-07-20 17:19:18,3024.659912,B0DB8AF16E20,0001,male,C57BL/6,1.1.1,FR1_Approach,0,Left,8,25,10,1,0,0,,,,,,,,,,,,,,,,,,,,
2026-07-20 17:19:20,3027.352051,B0DB8AF16E20,0001,male,C57BL/6,1.1.1,FR1_Approach,0,No_approach,8,25,10,1,0,0,,,,,,,,,,,,,,,,,,,,
2026-07-20 17:19:25,3031.450928,B0DB8AF16E20,0001,male,C57BL/6,1.1.1,FR1_Approach,0,Left,8,26,10,1,0,0,,,,,,,,,,,,,,,,,,,,
2026-07-20 17:19:26,3032.564941,B0DB8AF16E20,0001,male,C57BL/6,1.1.1,FR1_Approach,0,Approach,8,26,10,1,0,0,,,,,,,,,,,,,,,,,,,,
2026-07-20 17:19:31,3037.555908,B0DB8AF16E20,0001,male,C57BL/6,1.1.1,FR1_Approach,0,PelletDrop,9,26,10,1,0,0,,,,,,,,,,,,,,,,,,,,
2026-07-20 17:19:43,3050.068115,B0DB8AF16E20,0001,male,C57BL/6,1.1.1,FR1_Approach,0,PelletTaken,9,26,10,1,0,0,12.005,31.000,0,2,,,,,,,,,,,,,,,,
2026-07-20 17:19:51,3057.714111,B0DB8AF16E20,0001,male,C57BL/6,1.1.1,FR1_Approach,0,Status,9,26,10,1,0,0,,,,,Disabled,24.5,43.3,989.2,12.1,0.022,22.000,247772,339964,181648,625,4.09,87.93
2026-07-20 17:20:08,3075.019043,B0DB8AF16E20,0001,male,C57BL/6,1.1.1,FR1_Approach,0,Left,9,27,10,1,0,0,,,,,,,,,,,,,,,,,,,,
2026-07-20 17:20:09,3076.133057,B0DB8AF16E20,0001,male,C57BL/6,1.1.1,FR1_Approach,0,Approach,9,27,10,1,0,0,,,,,,,,,,,,,,,,,,,,
2026-07-20 17:20:14,3081.065918,B0DB8AF16E20,0001,male,C57BL/6,1.1.1,FR1_Approach,0,PelletDrop,10,27,10,1,0,0,,,,,,,,,,,,,,,,,,,,
2026-07-20 17:20:21,3088.385986,B0DB8AF16E20,0001,male,C57BL/6,1.1.1,FR1_Approach,0,PelletTaken,10,27,10,1,0,0,6.813,31.000,0,2,,,,,,,,,,,,,,,,
2026-07-20 17:29:54,3661.616943,B0DB8AF16E20,0001,male,C57BL/6,1.1.1,FR1_Approach,0,Status,10,27,10,1,0,0,,,,,Disabled,24.4,44.1,988.9,12.7,0.040,28.000,247772,339964,181552,755,4.09,87.78
2026-07-20 17:31:15,3743.146973,B0DB8AF16E20,0001,male,C57BL/6,1.1.1,FR1_Approach,0,Left,10,28,10,1,0,0,,,,,,,,,,,,,,,,,,,,
2026-07-20 17:31:16,3744.260986,B0DB8AF16E20,0001,male,C57BL/6,1.1.1,FR1_Approach,0,Approach,10,28,10,1,0,0,,,,,,,,,,,,,,,,,,,,
2026-07-20 17:31:21,3749.239990,B0DB8AF16E20,0001,male,C57BL/6,1.1.1,FR1_Approach,0,PelletDrop,11,28,10,1,0,0,,,,,,,,,,,,,,,,,,,,
2026-07-20 17:31:34,3762.181885,B0DB8AF16E20,0001,male,C57BL/6,1.1.1,FR1_Approach,0,PelletTaken,11,28,10,1,0,0,12.423,80.000,0,2,,,,,,,,,,,,,,,,
2026-07-20 17:34:10,3917.626953,B0DB8AF16E20,0001,male,C57BL/6,1.1.1,FR1_Approach,0,Right,11,28,11,1,0,0,,,,,,,,,,,,,,,,,,,,
2026-07-20 17:39:54,4262.086914,B0DB8AF16E20,0001,male,C57BL/6,1.1.1,FR1_Approach,0,Status,11,28,11,1,0,0,,,,,Disabled,24.3,44.5,988.7,13.1,0.000,2.000,247772,339964,181552,883,4.09,87.64
2026-07-20 17:49:55,4864.307129,B0DB8AF16E20,0001,male,C57BL/6,1.1.1,FR1_Approach,0,Status,11,28,11,1,0,0,,,,,Disabled,24.3,44.4,988.6,13.5,0.000,10.000,247772,339964,181552,1012,4.09,87.49
2026-07-20 17:59:59,5468.368164,B0DB8AF16E20,0001,male,C57BL/6,1.1.1,FR1_Approach,0,Status,11,28,11,1,0,0,,,,,Disabled,24.2,44.2,988.6,13.8,0.000,0.000,247772,339964,181552,1142,4.08,87.35
2026-07-20 18:09:59,6069.066895,B0DB8AF16E20,0001,male,C57BL/6,1.1.1,FR1_Approach,0,Status,11,28,11,1,0,0,,,,,Disabled,24.2,44.1,988.7,14.0,0.000,0.000,247772,339964,181552,1271,4.08,87.21
2026-07-20 18:20:00,6670.746094,B0DB8AF16E20,0001,male,C57BL/6,1.1.1,FR1_Approach,0,Status,11,28,11,1,0,0,,,,,Disabled,24.1,44.0,988.8,14.3,0.000,0.000,247772,339964,181552,1400,4.09,87.21
2026-07-20 18:22:07,6797.466797,B0DB8AF16E20,0001,male,C57BL/6,1.1.1,FR1_Approach,0,Left,11,29,11,1,0,0,,,,,,,,,,,,,,,,,,,,
2026-07-20 18:22:08,6798.579102,B0DB8AF16E20,0001,male,C57BL/6,1.1.1,FR1_Approach,0,Approach,11,29,11,1,0,0,,,,,,,,,,,,,,,,,,,,
2026-07-20 18:22:11,6801.352051,B0DB8AF16E20,0001,male,C57BL/6,1.1.1,FR1_Approach,0,PelletDrop,12,29,11,1,0,0,,,,,,,,,,,,,,,,,,,,
2026-07-20 18:22:12,6802.452148,B0DB8AF16E20,0001,male,C57BL/6,1.1.1,FR1_Approach,0,PelletNotDetected,12,29,11,1,0,0,,,,,,,,,,,,,,,,,,,,
2026-07-20 18:22:52,6842.147949,B0DB8AF16E20,0001,male,C57BL/6,1.1.1,FR1_Approach,0,Left,12,30,11,1,0,0,,,,,,,,,,,,,,,,,,,,
2026-07-20 18:22:53,6843.259766,B0DB8AF16E20,0001,male,C57BL/6,1.1.1,FR1_Approach,0,Approach,12,30,11,1,0,0,,,,,,,,,,,,,,,,,,,,
2026-07-20 18:23:02,6852.392090,B0DB8AF16E20,0001,male,C57BL/6,1.1.1,FR1_Approach,0,PelletDrop,13,30,11,1,0,0,,,,,,,,,,,,,,,,,,,,
2026-07-20 18:23:10,6860.361816,B0DB8AF16E20,0001,male,C57BL/6,1.1.1,FR1_Approach,0,PelletTaken,13,30,11,1,0,0,7.462,90.000,0,4,,,,,,,,,,,,,,,,
2026-07-20 18:23:38,6888.592773,B0DB8AF16E20,0001,male,C57BL/6,1.1.1,FR1_Approach,0,Right,13,30,12,1,0,0,,,,,,,,,,,,,,,,,,,,
2026-07-20 18:23:44,6894.830078,B0DB8AF16E20,0001,male,C57BL/6,1.1.1,FR1_Approach,0,Left,13,31,12,1,0,0,,,,,,,,,,,,,,,,,,,,
2026-07-20 18:23:45,6895.953125,B0DB8AF16E20,0001,male,C57BL/6,1.1.1,FR1_Approach,0,Approach,13,31,12,1,0,0,,,,,,,,,,,,,,,,,,,,
2026-07-20 18:24:00,6910.535156,B0DB8AF16E20,0001,male,C57BL/6,1.1.1,FR1_Approach,0,PelletDrop,14,31,12,1,0,0,,,,,,,,,,,,,,,,,,,,
2026-07-20 18:24:10,6920.638184,B0DB8AF16E20,0001,male,C57BL/6,1.1.1,FR1_Approach,0,PelletTaken,14,31,12,1,0,0,9.596,70.000,0,5,,,,,,,,,,,,,,,,
2026-07-20 18:24:31,6942.213867,B0DB8AF16E20,0001,male,C57BL/6,1.1.1,FR1_Approach,0,Left,14,32,12,1,0,0,,,,,,,,,,,,,,,,,,,,
2026-07-20 18:24:34,6944.916992,B0DB8AF16E20,0001,male,C57BL/6,1.1.1,FR1_Approach,0,No_approach,14,32,12,1,0,0,,,,,,,,,,,,,,,,,,,,
2026-07-20 18:30:01,7273.253906,B0DB8AF16E20,0001,male,C57BL/6,1.1.1,FR1_Approach,0,Status,14,32,12,1,0,0,,,,,Disabled,24.1,43.9,988.9,14.5,0.000,0.000,247772,339964,181552,1520,4.08,86.92
2026-07-20 18:33:42,7493.883789,B0DB8AF16E20,0001,male,C57BL/6,1.1.1,FR1_Approach,0,Right,14,32,13,1,0,0,,,,,,,,,,,,,,,,,,,,
2026-07-20 18:33:57,7509.248047,B0DB8AF16E20,0001,male,C57BL/6,1.1.1,FR1_Approach,0,Left,14,33,13,1,0,0,,,,,,,,,,,,,,,,,,,,
2026-07-20 18:33:58,7510.358887,B0DB8AF16E20,0001,male,C57BL/6,1.1.1,FR1_Approach,0,Approach,14,33,13,1,0,0,,,,,,,,,,,,,,,,,,,,
2026-07-20 18:34:03,7515.337891,B0DB8AF16E20,0001,male,C57BL/6,1.1.1,FR1_Approach,0,PelletDrop,15,33,13,1,0,0,,,,,,,,,,,,,,,,,,,,
2026-07-20 18:34:13,7525.541016,B0DB8AF16E20,0001,male,C57BL/6,1.1.1,FR1_Approach,0,PelletTaken,15,33,13,1,0,0,9.696,32.000,0,2,,,,,,,,,,,,,,,,
2026-07-20 18:34:39,7551.590820,B0DB8AF16E20,0001,male,C57BL/6,1.1.1,FR1_Approach,0,Right,15,33,14,1,0,0,,,,,,,,,,,,,,,,,,,,
2026-07-20 18:40:04,7876.800781,B0DB8AF16E20,0001,male,C57BL/6,1.1.1,FR1_Approach,0,Status,15,33,14,1,0,0,,,,,Disabled,24.1,44.0,988.9,14.6,0.000,0.000,247772,339964,181552,1648,4.08,86.92
2026-07-20 18:50:05,8477.917969,B0DB8AF16E20,0001,male,C57BL/6,1.1.1,FR1_Approach,0,Status,15,33,14,1,0,0,,,,,Disabled,24.1,43.9,988.9,14.8,0.000,0.000,247772,339964,181552,1778,4.08,86.92
2026-07-20 18:53:32,8685.818359,B0DB8AF16E20,0001,male,C57BL/6,1.1.1,FR1_Approach,0,Right,15,33,15,1,0,0,,,,,,,,,,,,,,,,,,,,
2026-07-20 19:00:05,9079.240234,B0DB8AF16E20,0001,male,C57BL/6,1.1.1,FR1_Approach,0,Status,15,33,15,1,0,0,,,,,Disabled,24.0,44.0,988.8,15.0,0.000,0.000,247772,339964,181552,1906,4.08,86.78
2026-07-20 19:02:16,9210.273438,B0DB8AF16E20,0001,male,C57BL/6,1.1.1,FR1_Approach,0,Left,15,34,15,1,0,0,,,,,,,,,,,,,,,,,,,,
2026-07-20 19:02:17,9211.386719,B0DB8AF16E20,0001,male,C57BL/6,1.1.1,FR1_Approach,0,Approach,15,34,15,1,0,0,,,,,,,,,,,,,,,,,,,,
2026-07-20 19:02:22,9216.377930,B0DB8AF16E20,0001,male,C57BL/6,1.1.1,FR1_Approach,0,PelletDrop,16,34,15,1,0,0,,,,,,,,,,,,,,,,,,,,
2026-07-20 19:02:35,9228.781250,B0DB8AF16E20,0001,male,C57BL/6,1.1.1,FR1_Approach,0,PelletTaken,16,34,15,1,0,0,11.896,13.000,0,2,,,,,,,,,,,,,,,,
2026-07-20 19:02:56,9249.833984,B0DB8AF16E20,0001,male,C57BL/6,1.1.1,FR1_Approach,0,Left,16,35,15,1,0,0,,,,,,,,,,,,,,,,,,,,
2026-07-20 19:02:58,9252.526367,B0DB8AF16E20,0001,male,C57BL/6,1.1.1,FR1_Approach,0,No_approach,16,35,15,1,0,0,,,,,,,,,,,,,,,,,,,,
2026-07-20 19:03:02,9256.587891,B0DB8AF16E20,0001,male,C57BL/6,1.1.1,FR1_Approach,0,Left,16,36,15,1,0,0,,,,,,,,,,,,,,,,,,,,
2026-07-20 19:03:05,9259.280273,B0DB8AF16E20,0001,male,C57BL/6,1.1.1,FR1_Approach,0,No_approach,16,36,15,1,0,0,,,,,,,,,,,,,,,,,,,,
2026-07-20 19:03:08,9262.114258,B0DB8AF16E20,0001,male,C57BL/6,1.1.1,FR1_Approach,0,Left,16,37,15,1,0,0,,,,,,,,,,,,,,,,,,,,
2026-07-20 19:03:11,9264.805664,B0DB8AF16E20,0001,male,C57BL/6,1.1.1,FR1_Approach,0,No_approach,16,37,15,1,0,0,,,,,,,,,,,,,,,,,,,,
2026-07-20 19:03:20,9273.788086,B0DB8AF16E20,0001,male,C57BL/6,1.1.1,FR1_Approach,0,Left,16,38,15,1,0,0,,,,,,,,,,,,,,,,,,,,
2026-07-20 19:03:22,9276.480469,B0DB8AF16E20,0001,male,C57BL/6,1.1.1,FR1_Approach,0,No_approach,16,38,15,1,0,0,,,,,,,,,,,,,,,,,,,,
2026-07-20 19:10:06,9679.957031,B0DB8AF16E20,0001,male,C57BL/6,1.1.1,FR1_Approach,0,Status,16,38,15,1,0,0,,,,,Disabled,24.0,43.9,988.8,15.1,0.000,0.000,247772,339964,181552,2029,4.08,86.63
2026-07-20 19:10:53,9727.216797,B0DB8AF16E20,0001,male,C57BL/6,1.1.1,FR1_Approach,0,Left,16,39,15,1,0,0,,,,,,,,,,,,,,,,,,,,
2026-07-20 19:10:54,9728.332031,B0DB8AF16E20,0001,male,C57BL/6,1.1.1,FR1_Approach,0,Approach,16,39,15,1,0,0,,,,,,,,,,,,,,,,,,,,
2026-07-20 19:10:59,9733.310547,B0DB8AF16E20,0001,male,C57BL/6,1.1.1,FR1_Approach,0,PelletDrop,17,39,15,1,0,0,,,,,,,,,,,,,,,,,,,,
2026-07-20 19:11:07,9741.523438,B0DB8AF16E20,0001,male,C57BL/6,1.1.1,FR1_Approach,0,PelletTaken,17,39,15,1,0,0,7.704,119.000,0,2,,,,,,,,,,,,,,,,
2026-07-20 19:12:31,9825.948242,B0DB8AF16E20,0001,male,C57BL/6,1.1.1,FR1_Approach,0,Left,17,40,15,1,0,0,,,,,,,,,,,,,,,,,,,,
2026-07-20 19:12:34,9828.639648,B0DB8AF16E20,0001,male,C57BL/6,1.1.1,FR1_Approach,0,No_approach,17,40,15,1,0,0,,,,,,,,,,,,,,,,,,,,
2026-07-20 19:16:00,10035.027344,B0DB8AF16E20,0001,male,C57BL/6,1.1.1,FR1_Approach,0,Left,17,41,15,1,0,0,,,,,,,,,,,,,,,,,,,,
2026-07-20 19:16:03,10037.718750,B0DB8AF16E20,0001,male,C57BL/6,1.1.1,FR1_Approach,0,No_approach,17,41,15,1,0,0,,,,,,,,,,,,,,,,,,,,
2026-07-20 19:16:28,10062.912109,B0DB8AF16E20,0001,male,C57BL/6,1.1.1,FR1_Approach,0,Left,17,42,15,1,0,0,,,,,,,,,,,,,,,,,,,,
2026-07-20 19:16:31,10065.603516,B0DB8AF16E20,0001,male,C57BL/6,1.1.1,FR1_Approach,0,No_approach,17,42,15,1,0,0,,,,,,,,,,,,,,,,,,,,
2026-07-20 19:20:07,10281.583984,B0DB8AF16E20,0001,male,C57BL/6,1.1.1,FR1_Approach,0,Status,17,42,15,1,0,0,,,,,Disabled,24.0,44.0,988.7,15.2,0.000,0.000,247772,339964,181552,2154,4.08,86.49
2026-07-20 19:22:16,10410.799805,B0DB8AF16E20,0001,male,C57BL/6,1.1.1,FR1_Approach,0,Right,17,42,16,1,0,0,,,,,,,,,,,,,,,,,,,,
2026-07-20 19:22:22,10417.348633,B0DB8AF16E20,0001,male,C57BL/6,1.1.1,FR1_Approach,0,Left,17,43,16,1,0,0,,,,,,,,,,,,,,,,,,,,
2026-07-20 19:22:25,10419.679688,B0DB8AF16E20,0001,male,C57BL/6,1.1.1,FR1_Approach,0,Approach,17,43,16,1,0,0,,,,,,,,,,,,,,,,,,,,
2026-07-20 19:22:30,10424.660156,B0DB8AF16E20,0001,male,C57BL/6,1.1.1,FR1_Approach,0,PelletDrop,18,43,16,1,0,0,,,,,,,,,,,,,,,,,,,,
2026-07-20 19:22:40,10435.093750,B0DB8AF16E20,0001,male,C57BL/6,1.1.1,FR1_Approach,0,PelletTaken,18,43,16,1,0,0,9.915,80.000,0,2,,,,,,,,,,,,,,,,
2026-07-20 19:23:11,10465.681641,B0DB8AF16E20,0001,male,C57BL/6,1.1.1,FR1_Approach,0,Left,18,44,16,1,0,0,,,,,,,,,,,,,,,,,,,,
2026-07-20 19:23:12,10466.793945,B0DB8AF16E20,0001,male,C57BL/6,1.1.1,FR1_Approach,0,Approach,18,44,16,1,0,0,,,,,,,,,,,,,,,,,,,,
2026-07-20 19:23:17,10471.774414,B0DB8AF16E20,0001,male,C57BL/6,1.1.1,FR1_Approach,0,PelletDrop,19,44,16,1,0,0,,,,,,,,,,,,,,,,,,,,
2026-07-20 19:23:25,10479.886719,B0DB8AF16E20,0001,male,C57BL/6,1.1.1,FR1_Approach,0,PelletTaken,19,44,16,1,0,0,7.594,215.000,0,2,,,,,,,,,,,,,,,,
2026-07-20 19:24:17,10532.122070,B0DB8AF16E20,0001,male,C57BL/6,1.1.1,FR1_Approach,0,Left,19,45,16,1,0,0,,,,,,,,,,,,,,,,,,,,
2026-07-20 19:24:18,10533.233398,B0DB8AF16E20,0001,male,C57BL/6,1.1.1,FR1_Approach,0,Approach,19,45,16,1,0,0,,,,,,,,,,,,,,,,,,,,
2026-07-20 19:24:24,10538.701172,B0DB8AF16E20,0001,male,C57BL/6,1.1.1,FR1_Approach,0,PelletDrop,20,45,16,1,0,0,,,,,,,,,,,,,,,,,,,,
2026-07-20 19:24:33,10548.068359,B0DB8AF16E20,0001,male,C57BL/6,1.1.1,FR1_Approach,0,PelletTaken,20,45,16,1,0,0,8.848,22.000,0,2,,,,,,,,,,,,,,,,
2026-07-20 19:25:03,10577.667969,B0DB8AF16E20,0001,male,C57BL/6,1.1.1,FR1_Approach,0,Left,20,46,16,1,0,0,,,,,,,,,,,,,,,,,,,,
2026-07-20 19:25:04,10578.780273,B0DB8AF16E20,0001,male,C57BL/6,1.1.1,FR1_Approach,0,Approach,20,46,16,1,0,0,,,,,,,,,,,,,,,,,,,,
2026-07-20 19:25:05,10580.446289,B0DB8AF16E20,0001,male,C57BL/6,1.1.1,FR1_Approach,0,PelletDrop,21,46,16,1,0,0,,,,,,,,,,,,,,,,,,,,
2026-07-20 19:25:06,10581.557617,B0DB8AF16E20,0001,male,C57BL/6,1.1.1,FR1_Approach,0,PelletNotDetected,21,46,16,1,0,0,,,,,,,,,,,,,,,,,,,,
2026-07-20 19:30:06,10882.056641,B0DB8AF16E20,0001,male,C57BL/6,1.1.1,FR1_Approach,0,Status,21,46,16,1,0,0,,,,,Disabled,24.1,43.6,988.5,15.2,0.000,0.000,247724,339964,181508,2271,4.08,86.49
2026-07-20 19:31:57,10992.601562,B0DB8AF16E20,0001,male,C57BL/6,1.1.1,FR1_Approach,0,Right,21,46,17,1,0,0,,,,,,,,,,,,,,,,,,,,
2026-07-20 19:40:06,11482.413086,B0DB8AF16E20,0001,male,C57BL/6,1.1.1,FR1_Approach,0,Status,21,46,17,1,0,0,,,,,Disabled,24.1,43.9,988.4,15.5,0.000,0.000,247724,339964,181508,2400,4.08,86.34
2026-07-20 19:50:12,12089.050781,B0DB8AF16E20,0001,male,C57BL/6,1.1.1,FR1_Approach,0,Status,21,46,17,1,0,0,,,,,Disabled,24.1,44.3,988.3,15.5,0.000,0.000,247724,339964,181508,2529,4.06,86.20
2026-07-20 20:00:55,12732.852539,B0DB8AF16E20,0001,male,C57BL/6,1.1.1,FR1_Approach,0,Status,21,46,17,1,0,0,,,,,Disabled,24.1,45.0,988.2,15.3,0.000,0.000,247724,339964,181508,2666,4.07,86.20
2026-07-20 20:11:38,13376.602539,B0DB8AF16E20,0001,male,C57BL/6,1.1.1,FR1_Approach,0,Status,21,46,17,1,0,0,,,,,Disabled,24.1,44.7,988.1,15.3,0.000,0.000,247724,339964,181508,2803,4.06,86.06
2026-07-20 20:13:13,13472.027344,B0DB8AF16E20,0001,male,C57BL/6,1.1.1,FR1_Approach,0,Left,21,47,17,1,0,0,,,,,,,,,,,,,,,,,,,,
2026-07-20 20:13:14,13473.134766,B0DB8AF16E20,0001,male,C57BL/6,1.1.1,FR1_Approach,0,Approach,21,47,17,1,0,0,,,,,,,,,,,,,,,,,,,,
2026-07-20 20:13:21,13479.171875,B0DB8AF16E20,0001,male,C57BL/6,1.1.1,FR1_Approach,0,PelletDrop,22,47,17,1,0,0,,,,,,,,,,,,,,,,,,,,
2026-07-20 20:13:29,13487.703125,B0DB8AF16E20,0001,male,C57BL/6,1.1.1,FR1_Approach,0,PelletTaken,22,47,17,1,0,0,8.024,42.000,0,3,,,,,,,,,,,,,,,,
2026-07-20 20:13:53,13511.470703,B0DB8AF16E20,0001,male,C57BL/6,1.1.1,FR1_Approach,0,Left,22,48,17,1,0,0,,,,,,,,,,,,,,,,,,,,
2026-07-20 20:13:54,13512.579102,B0DB8AF16E20,0001,male,C57BL/6,1.1.1,FR1_Approach,0,Approach,22,48,17,1,0,0,,,,,,,,,,,,,,,,,,,,
2026-07-20 20:13:59,13517.570312,B0DB8AF16E20,0001,male,C57BL/6,1.1.1,FR1_Approach,0,PelletDrop,23,48,17,1,0,0,,,,,,,,,,,,,,,,,,,,
2026-07-20 20:14:06,13524.868164,B0DB8AF16E20,0001,male,C57BL/6,1.1.1,FR1_Approach,0,PelletTaken,23,48,17,1,0,0,6.791,138.000,0,2,,,,,,,,,,,,,,,,
2026-07-20 20:14:31,13549.417969,B0DB8AF16E20,0001,male,C57BL/6,1.1.1,FR1_Approach,0,Left,23,49,17,1,0,0,,,,,,,,,,,,,,,,,,,,
2026-07-20 20:14:32,13550.531250,B0DB8AF16E20,0001,male,C57BL/6,1.1.1,FR1_Approach,0,Approach,23,49,17,1,0,0,,,,,,,,,,,,,,,,,,,,
2026-07-20 20:14:37,13555.522461,B0DB8AF16E20,0001,male,C57BL/6,1.1.1,FR1_Approach,0,PelletDrop,24,49,17,1,0,0,,,,,,,,,,,,,,,,,,,,
2026-07-20 20:14:50,13568.715820,B0DB8AF16E20,0001,male,C57BL/6,1.1.1,FR1_Approach,0,PelletTaken,24,49,17,1,0,0,12.688,158.000,0,2,,,,,,,,,,,,,,,,
2026-07-20 20:15:11,13590.231445,B0DB8AF16E20,0001,male,C57BL/6,1.1.1,FR1_Approach,0,Left,24,50,17,1,0,0,,,,,,,,,,,,,,,,,,,,
2026-07-20 20:15:13,13591.343750,B0DB8AF16E20,0001,male,C57BL/6,1.1.1,FR1_Approach,0,Approach,24,50,17,1,0,0,,,,,,,,,,,,,,,,,,,,
2026-07-20 20:15:18,13596.334961,B0DB8AF16E20,0001,male,C57BL/6,1.1.1,FR1_Approach,0,PelletDrop,25,50,17,1,0,0,,,,,,,,,,,,,,,,,,,,
2026-07-20 20:15:25,13604.183594,B0DB8AF16E20,0001,male,C57BL/6,1.1.1,FR1_Approach,0,PelletTaken,25,50,17,1,0,0,7.342,295.000,0,2,,,,,,,,,,,,,,,,
2026-07-20 20:15:55,13633.493164,B0DB8AF16E20,0001,male,C57BL/6,1.1.1,FR1_Approach,0,Left,25,51,17,1,0,0,,,,,,,,,,,,,,,,,,,,
2026-07-20 20:15:56,13634.606445,B0DB8AF16E20,0001,male,C57BL/6,1.1.1,FR1_Approach,0,Approach,25,51,17,1,0,0,,,,,,,,,,,,,,,,,,,,
2026-07-20 20:16:01,13639.597656,B0DB8AF16E20,0001,male,C57BL/6,1.1.1,FR1_Approach,0,PelletDrop,26,51,17,1,0,0,,,,,,,,,,,,,,,,,,,,
2026-07-20 20:16:09,13647.720703,B0DB8AF16E20,0001,male,C57BL/6,1.1.1,FR1_Approach,0,PelletTaken,26,51,17,1,0,0,7.616,196.000,0,2,,,,,,,,,,,,,,,,
2026-07-20 20:22:22,14021.206055,B0DB8AF16E20,0001,male,C57BL/6,1.1.1,FR1_Approach,0,Status,26,51,17,1,0,0,,,,,Disabled,24.1,44.6,988.1,15.2,0.000,0.000,247724,339964,181508,2924,4.06,85.91
2026-07-20 20:33:05,14664.925781,B0DB8AF16E20,0001,male,C57BL/6,1.1.1,FR1_Approach,0,Status,26,51,17,1,0,0,,,,,Disabled,24.1,45.0,988.2,15.2,0.000,0.000,247724,339964,181508,3061,4.06,85.77
2026-07-20 20:34:01,14720.991211,B0DB8AF16E20,0001,male,C57BL/6,1.1.1,FR1_Approach,0,Left,26,52,17,1,0,0,,,,,,,,,,,,,,,,,,,,
2026-07-20 20:34:03,14723.079102,B0DB8AF16E20,0001,male,C57BL/6,1.1.1,FR1_Approach,0,Approach,26,52,17,1,0,0,,,,,,,,,,,,,,,,,,,,
2026-07-20 20:34:08,14728.057617,B0DB8AF16E20,0001,male,C57BL/6,1.1.1,FR1_Approach,0,PelletDrop,27,52,17,1,0,0,,,,,,,,,,,,,,,,,,,,
2026-07-20 20:34:17,14737.380859,B0DB8AF16E20,0001,male,C57BL/6,1.1.1,FR1_Approach,0,PelletTaken,27,52,17,1,0,0,8.805,265.000,0,2,,,,,,,,,,,,,,,,
2026-07-20 20:34:38,14758.384766,B0DB8AF16E20,0001,male,C57BL/6,1.1.1,FR1_Approach,0,Left,27,53,17,1,0,0,,,,,,,,,,,,,,,,,,,,
2026-07-20 20:34:39,14759.493164,B0DB8AF16E20,0001,male,C57BL/6,1.1.1,FR1_Approach,0,Approach,27,53,17,1,0,0,,,,,,,,,,,,,,,,,,,,
2026-07-20 20:34:44,14764.484375,B0DB8AF16E20,0001,male,C57BL/6,1.1.1,FR1_Approach,0,PelletDrop,28,53,17,1,0,0,,,,,,,,,,,,,,,,,,,,
2026-07-20 20:34:50,14770.098633,B0DB8AF16E20,0001,male,C57BL/6,1.1.1,FR1_Approach,0,PelletTaken,28,53,17,1,0,0,5.108,304.000,0,2,,,,,,,,,,,,,,,,
2026-07-20 20:35:16,14796.416992,B0DB8AF16E20,0001,male,C57BL/6,1.1.1,FR1_Approach,0,Left,28,54,17,1,0,0,,,,,,,,,,,,,,,,,,,,
2026-07-20 20:35:17,14797.525391,B0DB8AF16E20,0001,male,C57BL/6,1.1.1,FR1_Approach,0,Approach,28,54,17,1,0,0,,,,,,,,,,,,,,,,,,,,
2026-07-20 20:35:22,14802.515625,B0DB8AF16E20,0001,male,C57BL/6,1.1.1,FR1_Approach,0,PelletDrop,29,54,17,1,0,0,,,,,,,,,,,,,,,,,,,,
2026-07-20 20:35:30,14810.550781,B0DB8AF16E20,0001,male,C57BL/6,1.1.1,FR1_Approach,0,PelletTaken,29,54,17,1,0,0,7.528,439.000,0,2,,,,,,,,,,,,,,,,
2026-07-20 20:43:52,15312.756836,B0DB8AF16E20,0001,male,C57BL/6,1.1.1,FR1_Approach,0,Status,29,54,17,1,0,0,,,,,Disabled,24.1,44.7,988.3,15.2,0.000,0.000,247724,339964,181508,3189,4.06,85.63
2026-07-20 20:44:12,15333.166992,B0DB8AF16E20,0001,male,C57BL/6,1.1.1,FR1_Approach,0,Left,29,55,17,1,0,0,,,,,,,,,,,,,,,,,,,,
2026-07-20 20:44:13,15334.290039,B0DB8AF16E20,0001,male,C57BL/6,1.1.1,FR1_Approach,0,Approach,29,55,17,1,0,0,,,,,,,,,,,,,,,,,,,,
2026-07-20 20:44:18,15339.268555,B0DB8AF16E20,0001,male,C57BL/6,1.1.1,FR1_Approach,0,PelletDrop,30,55,17,1,0,0,,,,,,,,,,,,,,,,,,,,
2026-07-20 20:44:28,15348.987305,B0DB8AF16E20,0001,male,C57BL/6,1.1.1,FR1_Approach,0,PelletTaken,30,55,17,1,0,0,9.211,22.000,0,2,,,,,,,,,,,,,,,,
2026-07-20 20:44:54,15375.059570,B0DB8AF16E20,0001,male,C57BL/6,1.1.1,FR1_Approach,0,Center,30,55,17,2,0,0,,,,,,,,,,,,,,,,,,,,
2026-07-20 20:54:41,15962.460938,B0DB8AF16E20,0001,male,C57BL/6,1.1.1,FR1_Approach,0,Status,30,55,17,2,0,0,,,,,Disabled,24.2,44.3,988.4,15.3,0.000,0.000,247724,339964,181508,3323,4.04,85.48
2026-07-20 21:05:20,16601.226562,B0DB8AF16E20,0001,male,C57BL/6,1.1.1,FR1_Approach,0,Status,30,55,17,2,0,0,,,,,Disabled,24.1,44.6,988.5,15.4,0.000,0.000,247724,339964,181508,3460,4.05,85.34
2026-07-20 21:05:46,16627.341797,B0DB8AF16E20,0001,male,C57BL/6,1.1.1,FR1_Approach,0,Left,30,56,17,2,0,0,,,,,,,,,,,,,,,,,,,,
2026-07-20 21:05:47,16628.451172,B0DB8AF16E20,0001,male,C57BL/6,1.1.1,FR1_Approach,0,Approach,30,56,17,2,0,0,,,,,,,,,,,,,,,,,,,,
2026-07-20 21:05:52,16633.431641,B0DB8AF16E20,0001,male,C57BL/6,1.1.1,FR1_Approach,0,PelletDrop,31,56,17,2,0,0,,,,,,,,,,,,,,,,,,,,
2026-07-20 21:06:12,16653.533203,B0DB8AF16E20,0001,male,C57BL/6,1.1.1,FR1_Approach,0,PelletTaken,31,56,17,2,0,0,19.595,157.000,0,2,,,,,,,,,,,,,,,,
2026-07-20 21:16:08,17250.951172,B0DB8AF16E20,0001,male,C57BL/6,1.1.1,FR1_Approach,0,Status,31,56,17,2,0,0,,,,,Disabled,24.2,44.4,988.7,15.4,0.000,0.000,247724,339964,181508,3592,4.06,85.20
2026-07-20 21:21:52,17595.365234,B0DB8AF16E20,0001,male,C57BL/6,1.1.1,FR1_Approach,0,Left,31,57,17,2,0,0,,,,,,,,,,,,,,,,,,,,
2026-07-20 21:21:53,17596.476562,B0DB8AF16E20,0001,male,C57BL/6,1.1.1,FR1_Approach,0,Approach,31,57,17,2,0,0,,,,,,,,,,,,,,,,,,,,
2026-07-20 21:21:56,17599.238281,B0DB8AF16E20,0001,male,C57BL/6,1.1.1,FR1_Approach,0,PelletDrop,32,57,17,2,0,0,,,,,,,,,,,,,,,,,,,,
2026-07-20 21:21:57,17600.349609,B0DB8AF16E20,0001,male,C57BL/6,1.1.1,FR1_Approach,0,PelletNotDetected,32,57,17,2,0,0,,,,,,,,,,,,,,,,,,,,
2026-07-20 21:24:32,17755.414062,B0DB8AF16E20,0001,male,C57BL/6,1.1.1,FR1_Approach,0,Left,32,58,17,2,0,0,,,,,,,,,,,,,,,,,,,,
2026-07-20 21:24:33,17756.527344,B0DB8AF16E20,0001,male,C57BL/6,1.1.1,FR1_Approach,0,Approach,32,58,17,2,0,0,,,,,,,,,,,,,,,,,,,,
2026-07-20 21:24:36,17759.679688,B0DB8AF16E20,0001,male,C57BL/6,1.1.1,FR1_Approach,0,PelletDrop,33,58,17,2,0,0,,,,,,,,,,,,,,,,,,,,
2026-07-20 21:24:37,17760.791016,B0DB8AF16E20,0001,male,C57BL/6,1.1.1,FR1_Approach,0,PelletNotDetected,33,58,17,2,0,0,,,,,,,,,,,,,,,,,,,,
2026-07-20 21:26:49,17892.677734,B0DB8AF16E20,0001,male,C57BL/6,1.1.1,FR1_Approach,0,Status,33,58,17,2,0,0,,,,,Disabled,24.1,44.5,988.8,15.5,0.000,0.000,247724,339964,181508,3727,4.06,85.20
2026-07-20 21:37:30,18534.423828,B0DB8AF16E20,0001,male,C57BL/6,1.1.1,FR1_Approach,0,Status,33,58,17,2,0,0,,,,,Disabled,24.1,44.6,988.9,15.6,0.000,0.000,247724,339964,181508,3864,4.05,85.05
2026-07-20 21:48:22,19187.214844,B0DB8AF16E20,0001,male,C57BL/6,1.1.1,FR1_Approach,0,Status,33,58,17,2,0,0,,,,,Disabled,24.1,44.5,989.1,15.7,0.000,0.000,247724,339964,181508,4002,4.05,85.05
2026-07-20 21:52:37,19442.015625,B0DB8AF16E20,0001,male,C57BL/6,1.1.1,FR1_Approach,0,Left,33,59,17,2,0,0,,,,,,,,,,,,,,,,,,,,
2026-07-20 21:52:38,19443.121094,B0DB8AF16E20,0001,male,C57BL/6,1.1.1,FR1_Approach,0,Approach,33,59,17,2,0,0,,,,,,,,,,,,,,,,,,,,
2026-07-20 21:52:40,19445.902344,B0DB8AF16E20,0001,male,C57BL/6,1.1.1,FR1_Approach,0,PelletDrop,34,59,17,2,0,0,,,,,,,,,,,,,,,,,,,,
2026-07-20 21:52:42,19447.025391,B0DB8AF16E20,0001,male,C57BL/6,1.1.1,FR1_Approach,0,PelletNotDetected,34,59,17,2,0,0,,,,,,,,,,,,,,,,,,,,
2026-07-20 21:52:56,19461.572266,B0DB8AF16E20,0001,male,C57BL/6,1.1.1,FR1_Approach,0,Left,34,60,17,2,0,0,,,,,,,,,,,,,,,,,,,,
2026-07-20 21:52:57,19462.705078,B0DB8AF16E20,0001,male,C57BL/6,1.1.1,FR1_Approach,0,Approach,34,60,17,2,0,0,,,,,,,,,,,,,,,,,,,,
2026-07-20 21:53:04,19469.201172,B0DB8AF16E20,0001,male,C57BL/6,1.1.1,FR1_Approach,0,PelletDrop,35,60,17,2,0,0,,,,,,,,,,,,,,,,,,,,
2026-07-20 21:53:05,19470.814453,B0DB8AF16E20,0001,male,C57BL/6,1.1.1,FR1_Approach,0,PelletTaken,35,60,17,2,0,0,1.083,179.000,0,5,,,,,,,,,,,,,,,,
2026-07-20 21:53:38,19503.542969,B0DB8AF16E20,0001,male,C57BL/6,1.1.1,FR1_Approach,0,Left,35,61,17,2,0,0,,,,,,,,,,,,,,,,,,,,
2026-07-20 21:53:39,19504.673828,B0DB8AF16E20,0001,male,C57BL/6,1.1.1,FR1_Approach,0,Approach,35,61,17,2,0,0,,,,,,,,,,,,,,,,,,,,
2026-07-20 21:53:44,19509.687500,B0DB8AF16E20,0001,male,C57BL/6,1.1.1,FR1_Approach,0,PelletDrop,36,61,17,2,0,0,,,,,,,,,,,,,,,,,,,,
2026-07-20 21:53:52,19517.468750,B0DB8AF16E20,0001,male,C57BL/6,1.1.1,FR1_Approach,0,PelletTaken,36,61,17,2,0,0,7.253,109.000,0,2,,,,,,,,,,,,,,,,
2026-07-20 21:59:03,19828.917969,B0DB8AF16E20,0001,male,C57BL/6,1.1.1,FR1_Approach,0,Status,36,61,17,2,0,0,,,,,Disabled,24.1,44.6,989.2,15.8,0.000,0.000,247724,339964,181508,4134,4.05,84.77
2026-07-20 22:09:47,20473.591797,B0DB8AF16E20,0001,male,C57BL/6,1.1.1,FR1_Approach,0,Status,36,61,17,2,0,0,,,,,Disabled,24.1,44.7,989.3,15.8,0.000,0.000,247724,339964,181508,4271,4.05,84.77
2026-07-20 22:11:06,20552.878906,B0DB8AF16E20,0001,male,C57BL/6,1.1.1,FR1_Approach,0,Left,36,62,17,2,0,0,,,,,,,,,,,,,,,,,,,,
2026-07-20 22:11:09,20555.591797,B0DB8AF16E20,0001,male,C57BL/6,1.1.1,FR1_Approach,0,No_approach,36,62,17,2,0,0,,,,,,,,,,,,,,,,,,,,
2026-07-20 22:20:32,21119.349609,B0DB8AF16E20,0001,male,C57BL/6,1.1.1,FR1_Approach,0,Status,36,62,17,2,0,0,,,,,Disabled,24.1,44.6,989.4,15.8,0.000,0.000,247724,339964,181508,4407,4.05,84.62
2026-07-20 22:31:17,21765.154297,B0DB8AF16E20,0001,male,C57BL/6,1.1.1,FR1_Approach,0,Status,36,62,17,2,0,0,,,,,Disabled,24.1,44.7,989.5,15.9,0.000,0.000,247724,339964,181508,4544,4.05,84.62
2026-07-20 22:35:18,22005.609375,B0DB8AF16E20,0001,male,C57BL/6,1.1.1,FR1_Approach,0,Left,36,63,17,2,0,0,,,,,,,,,,,,,,,,,,,,
2026-07-20 22:35:20,22008.322266,B0DB8AF16E20,0001,male,C57BL/6,1.1.1,FR1_Approach,0,No_approach,36,63,17,2,0,0,,,,,,,,,,,,,,,,,,,,
2026-07-20 22:42:02,22410.916016,B0DB8AF16E20,0001,male,C57BL/6,1.1.1,FR1_Approach,0,Status,36,63,17,2,0,0,,,,,Disabled,24.1,44.6,989.6,15.9,0.000,0.000,247724,339964,181508,4680,4.05,84.48
2026-07-20 22:50:37,22927.292969,B0DB8AF16E20,0001,male,C57BL/6,1.1.1,FR1_Approach,0,Left,36,64,17,2,0,0,,,,,,,,,,,,,,,,,,,,
2026-07-20 22:50:40,22930.005859,B0DB8AF16E20,0001,male,C57BL/6,1.1.1,FR1_Approach,0,No_approach,36,64,17,2,0,0,,,,,,,,,,,,,,,,,,,,
2026-07-20 22:52:46,23055.562500,B0DB8AF16E20,0001,male,C57BL/6,1.1.1,FR1_Approach,0,Status,36,64,17,2,0,0,,,,,Disabled,24.1,44.6,989.7,15.9,0.000,0.000,247724,339964,181508,4816,4.05,84.34
2026-07-20 23:03:32,23702.298828,B0DB8AF16E20,0001,male,C57BL/6,1.1.1,FR1_Approach,0,Status,36,64,17,2,0,0,,,,,Disabled,24.1,44.7,989.7,15.9,0.000,0.000,247724,339964,181508,4953,4.05,84.17
2026-07-20 23:14:19,24350.175781,B0DB8AF16E20,0001,male,C57BL/6,1.1.1,FR1_Approach,0,Status,36,64,17,2,0,0,,,,,Disabled,24.2,44.8,989.7,15.9,0.000,0.000,247724,339964,181508,5090,4.05,84.17
2026-07-20 23:25:07,24998.882812,B0DB8AF16E20,0001,male,C57BL/6,1.1.1,FR1_Approach,0,Status,36,64,17,2,0,0,,,,,Disabled,24.2,44.5,989.7,15.9,0.000,0.000,247724,339964,181508,5227,4.05,84.01
2026-07-20 23:35:57,25649.646484,B0DB8AF16E20,0001,male,C57BL/6,1.1.1,FR1_Approach,0,Status,36,64,17,2,0,0,,,,,Disabled,24.3,44.3,989.7,16.0,0.000,0.000,247724,339964,181508,5364,4.04,83.85
2026-07-20 23:46:45,26298.376953,B0DB8AF16E20,0001,male,C57BL/6,1.1.1,FR1_Approach,0,Status,36,64,17,2,0,0,,,,,Disabled,24.3,44.2,989.5,16.0,0.000,0.000,247724,339964,181508,5501,4.04,83.85
2026-07-20 23:57:36,26950.093750,B0DB8AF16E20,0001,male,C57BL/6,1.1.1,FR1_Approach,0,Status,36,64,17,2,0,0,,,,,Disabled,24.3,44.2,989.3,16.0,0.000,0.000,247724,339964,181508,5638,4.04,83.85
2026-07-21 00:08:29,27602.775391,B0DB8AF16E20,0001,male,C57BL/6,1.1.1,FR1_Approach,0,Status,36,64,17,2,0,0,,,,,Disabled,24.4,43.9,989.2,16.0,0.000,0.000,247724,339964,181508,5775,4.05,83.68
2026-07-21 00:19:19,28254.544922,B0DB8AF16E20,0001,male,C57BL/6,1.1.1,FR1_Approach,0,Status,36,64,17,2,0,0,,,,,Disabled,24.4,44.0,989.1,16.2,0.000,0.000,247724,339964,181500,5912,4.04,83.52
2026-07-21 00:29:51,28887.615234,B0DB8AF16E20,0001,male,C57BL/6,1.1.1,FR1_Approach,0,Status,36,64,17,2,0,0,,,,,Disabled,24.3,44.3,988.9,16.2,0.000,0.000,247724,339964,181500,6049,4.04,83.52
2026-07-21 00:40:24,29520.662109,B0DB8AF16E20,0001,male,C57BL/6,1.1.1,FR1_Approach,0,Status,36,64,17,2,0,0,,,,,Disabled,24.3,44.3,988.8,16.2,0.000,0.000,247724,339964,181500,6186,4.04,83.36
2026-07-21 00:50:56,30153.744141,B0DB8AF16E20,0001,male,C57BL/6,1.1.1,FR1_Approach,0,Status,36,64,17,2,0,0,,,,,Disabled,24.2,44.3,988.7,16.2,0.000,0.000,247724,339964,181500,6323,4.05,83.36
2026-07-21 00:54:37,30375.484375,B0DB8AF16E20,0001,male,C57BL/6,1.1.1,FR1_Approach,0,Left,36,65,17,2,0,0,,,,,,,,,,,,,,,,,,,,
2026-07-21 00:54:40,30378.197266,B0DB8AF16E20,0001,male,C57BL/6,1.1.1,FR1_Approach,0,No_approach,36,65,17,2,0,0,,,,,,,,,,,,,,,,,,,,
2026-07-21 00:54:43,30381.052734,B0DB8AF16E20,0001,male,C57BL/6,1.1.1,FR1_Approach,0,Left,36,66,17,2,0,0,,,,,,,,,,,,,,,,,,,,
2026-07-21 00:54:46,30383.765625,B0DB8AF16E20,0001,male,C57BL/6,1.1.1,FR1_Approach,0,No_approach,36,66,17,2,0,0,,,,,,,,,,,,,,,,,,,,
2026-07-21 01:01:27,30784.687500,B0DB8AF16E20,0001,male,C57BL/6,1.1.1,FR1_Approach,0,Status,36,66,17,2,0,0,,,,,Disabled,24.2,44.4,988.5,16.3,0.000,0.000,247724,339964,181500,6459,4.05,83.20
2026-07-21 01:06:55,31113.908203,B0DB8AF16E20,0001,male,C57BL/6,1.1.1,FR1_Approach,0,Center,36,66,17,3,0,0,,,,,,,,,,,,,,,,,,,,
2026-07-21 01:07:05,31123.876953,B0DB8AF16E20,0001,male,C57BL/6,1.1.1,FR1_Approach,0,Left,36,67,17,3,0,0,,,,,,,,,,,,,,,,,,,,
2026-07-21 01:07:08,31126.589844,B0DB8AF16E20,0001,male,C57BL/6,1.1.1,FR1_Approach,0,No_approach,36,67,17,3,0,0,,,,,,,,,,,,,,,,,,,,
2026-07-21 01:07:12,31131.072266,B0DB8AF16E20,0001,male,C57BL/6,1.1.1,FR1_Approach,0,Left,36,68,17,3,0,0,,,,,,,,,,,,,,,,,,,,
2026-07-21 01:07:15,31133.785156,B0DB8AF16E20,0001,male,C57BL/6,1.1.1,FR1_Approach,0,No_approach,36,68,17,3,0,0,,,,,,,,,,,,,,,,,,,,
2026-07-21 01:07:17,31135.419922,B0DB8AF16E20,0001,male,C57BL/6,1.1.1,FR1_Approach,0,Left,36,69,17,3,0,0,,,,,,,,,,,,,,,,,,,,
2026-07-21 01:07:20,31138.132812,B0DB8AF16E20,0001,male,C57BL/6,1.1.1,FR1_Approach,0,No_approach,36,69,17,3,0,0,,,,,,,,,,,,,,,,,,,,
2026-07-21 01:09:18,31256.419922,B0DB8AF16E20,0001,male,C57BL/6,1.1.1,FR1_Approach,0,Left,36,70,17,3,0,0,,,,,,,,,,,,,,,,,,,,
2026-07-21 01:09:20,31259.132812,B0DB8AF16E20,0001,male,C57BL/6,1.1.1,FR1_Approach,0,No_approach,36,70,17,3,0,0,,,,,,,,,,,,,,,,,,,,
2026-07-21 01:09:38,31276.378906,B0DB8AF16E20,0001,male,C57BL/6,1.1.1,FR1_Approach,0,Left,36,71,17,3,0,0,,,,,,,,,,,,,,,,,,,,
2026-07-21 01:09:40,31279.091797,B0DB8AF16E20,0001,male,C57BL/6,1.1.1,FR1_Approach,0,No_approach,36,71,17,3,0,0,,,,,,,,,,,,,,,,,,,,
2026-07-21 01:09:42,31280.554688,B0DB8AF16E20,0001,male,C57BL/6,1.1.1,FR1_Approach,0,Left,36,72,17,3,0,0,,,,,,,,,,,,,,,,,,,,
2026-07-21 01:09:45,31283.267578,B0DB8AF16E20,0001,male,C57BL/6,1.1.1,FR1_Approach,0,No_approach,36,72,17,3,0,0,,,,,,,,,,,,,,,,,,,,
2026-07-21 01:09:51,31289.822266,B0DB8AF16E20,0001,male,C57BL/6,1.1.1,FR1_Approach,0,Left,36,73,17,3,0,0,,,,,,,,,,,,,,,,,,,,
2026-07-21 01:09:53,31292.177734,B0DB8AF16E20,0001,male,C57BL/6,1.1.1,FR1_Approach,0,Approach,36,73,17,3,0,0,,,,,,,,,,,,,,,,,,,,
2026-07-21 01:09:56,31294.958984,B0DB8AF16E20,0001,male,C57BL/6,1.1.1,FR1_Approach,0,PelletDrop,37,73,17,3,0,0,,,,,,,,,,,,,,,,,,,,
2026-07-21 01:09:57,31296.080078,B0DB8AF16E20,0001,male,C57BL/6,1.1.1,FR1_Approach,0,PelletNotDetected,37,73,17,3,0,0,,,,,,,,,,,,,,,,,,,,
2026-07-21 01:10:19,31317.412109,B0DB8AF16E20,0001,male,C57BL/6,1.1.1,FR1_Approach,0,Left,37,74,17,3,0,0,,,,,,,,,,,,,,,,,,,,
2026-07-21 01:10:20,31318.546875,B0DB8AF16E20,0001,male,C57BL/6,1.1.1,FR1_Approach,0,Approach,37,74,17,3,0,0,,,,,,,,,,,,,,,,,,,,
2026-07-21 01:10:25,31323.986328,B0DB8AF16E20,0001,male,C57BL/6,1.1.1,FR1_Approach,0,PelletDrop,38,74,17,3,0,0,,,,,,,,,,,,,,,,,,,,
2026-07-21 01:10:34,31333.242188,B0DB8AF16E20,0001,male,C57BL/6,1.1.1,FR1_Approach,0,PelletTaken,38,74,17,3,0,0,8.717,23.000,0,3,,,,,,,,,,,,,,,,
2026-07-21 01:11:15,31373.718750,B0DB8AF16E20,0001,male,C57BL/6,1.1.1,FR1_Approach,0,Left,38,75,17,3,0,0,,,,,,,,,,,,,,,,,,,,
2026-07-21 01:11:16,31375.097656,B0DB8AF16E20,0001,male,C57BL/6,1.1.1,FR1_Approach,0,Approach,38,75,17,3,0,0,,,,,,,,,,,,,,,,,,,,
2026-07-21 01:11:21,31380.097656,B0DB8AF16E20,0001,male,C57BL/6,1.1.1,FR1_Approach,0,PelletDrop,39,75,17,3,0,0,,,,,,,,,,,,,,,,,,,,
2026-07-21 01:11:29,31387.628906,B0DB8AF16E20,0001,male,C57BL/6,1.1.1,FR1_Approach,0,PelletTaken,39,75,17,3,0,0,6.990,546.000,0,2,,,,,,,,,,,,,,,,
2026-07-21 01:12:01,31420.349609,B0DB8AF16E20,0001,male,C57BL/6,1.1.1,FR1_Approach,0,Status,39,75,17,3,0,0,,,,,Disabled,24.2,44.0,988.4,16.2,0.000,0.000,247724,339964,181500,6588,4.03,83.03
2026-07-21 01:22:39,32059.074219,B0DB8AF16E20,0001,male,C57BL/6,1.1.1,FR1_Approach,0,Status,39,75,17,3,0,0,,,,,Disabled,24.2,44.6,988.3,16.4,0.000,0.000,247724,339964,181500,6725,4.04,82.87
2026-07-21 01:33:12,32692.158203,B0DB8AF16E20,0001,male,C57BL/6,1.1.1,FR1_Approach,0,Status,39,75,17,3,0,0,,,,,Disabled,24.1,44.9,988.2,16.4,0.000,0.000,247724,339964,181500,6862,4.04,82.87
2026-07-21 01:43:41,33322.492188,B0DB8AF16E20,0001,male,C57BL/6,1.1.1,FR1_Approach,0,Status,39,75,17,3,0,0,,,,,Disabled,24.1,44.9,988.1,16.3,0.000,0.000,247724,339964,181500,6999,4.05,82.70
2026-07-21 01:54:15,33957.230469,B0DB8AF16E20,0001,male,C57BL/6,1.1.1,FR1_Approach,0,Status,39,75,17,3,0,0,,,,,Disabled,24.1,44.6,988.2,16.4,0.000,0.000,247724,339964,181500,7136,4.05,82.70
2026-07-21 02:04:43,34586.824219,B0DB8AF16E20,0001,male,C57BL/6,1.1.1,FR1_Approach,0,Status,39,75,17,3,0,0,,,,,Disabled,24.1,44.6,988.2,16.4,0.000,0.000,247724,339964,181500,7273,4.05,82.54
2026-07-21 02:15:23,35226.746094,B0DB8AF16E20,0001,male,C57BL/6,1.1.1,FR1_Approach,0,Status,39,75,17,3,0,0,,,,,Disabled,24.1,44.3,988.2,16.5,0.000,0.000,247724,339964,181500,7410,4.04,82.54
2026-07-21 02:25:58,35862.507812,B0DB8AF16E20,0001,male,C57BL/6,1.1.1,FR1_Approach,0,Status,39,75,17,3,0,0,,,,,Disabled,24.1,44.3,988.2,16.5,0.000,0.000,247724,339964,181500,7547,4.03,82.38
2026-07-21 02:36:33,36498.246094,B0DB8AF16E20,0001,male,C57BL/6,1.1.1,FR1_Approach,0,Status,39,75,17,3,0,0,,,,,Disabled,24.1,44.2,988.1,16.5,0.000,0.000,247724,339964,181500,7684,4.03,82.21
2026-07-21 02:47:07,37133.078125,B0DB8AF16E20,0001,male,C57BL/6,1.1.1,FR1_Approach,0,Status,39,75,17,3,0,0,,,,,Disabled,24.1,44.1,988.1,16.5,0.000,0.000,247724,339964,181500,7821,4.03,82.21
2026-07-21 02:57:42,37768.929688,B0DB8AF16E20,0001,male,C57BL/6,1.1.1,FR1_Approach,0,Status,39,75,17,3,0,0,,,,,Disabled,24.1,44.2,988.0,16.6,0.000,0.000,247724,339964,181492,7958,4.04,82.05
2026-07-21 03:08:17,38404.699219,B0DB8AF16E20,0001,male,C57BL/6,1.1.1,FR1_Approach,0,Status,39,75,17,3,0,0,,,,,Disabled,24.1,44.2,987.8,16.5,0.000,0.000,247724,339964,181492,8095,4.03,82.05
2026-07-21 03:11:41,38608.167969,B0DB8AF16E20,0001,male,C57BL/6,1.1.1,FR1_Approach,0,Right,39,75,18,3,0,0,,,,,,,,,,,,,,,,,,,,
2026-07-21 03:11:44,38611.730469,B0DB8AF16E20,0001,male,C57BL/6,1.1.1,FR1_Approach,0,Right,39,75,19,3,0,0,,,,,,,,,,,,,,,,,,,,
2026-07-21 03:11:48,38616.027344,B0DB8AF16E20,0001,male,C57BL/6,1.1.1,FR1_Approach,0,Right,39,75,20,3,0,0,,,,,,,,,,,,,,,,,,,,
2026-07-21 03:12:04,38631.515625,B0DB8AF16E20,0001,male,C57BL/6,1.1.1,FR1_Approach,0,Left,39,76,20,3,0,0,,,,,,,,,,,,,,,,,,,,
2026-07-21 03:12:05,38632.648438,B0DB8AF16E20,0001,male,C57BL/6,1.1.1,FR1_Approach,0,Approach,39,76,20,3,0,0,,,,,,,,,,,,,,,,,,,,
2026-07-21 03:12:08,38635.445312,B0DB8AF16E20,0001,male,C57BL/6,1.1.1,FR1_Approach,0,PelletDrop,40,76,20,3,0,0,,,,,,,,,,,,,,,,,,,,
2026-07-21 03:12:09,38636.566406,B0DB8AF16E20,0001,male,C57BL/6,1.1.1,FR1_Approach,0,PelletNotDetected,40,76,20,3,0,0,,,,,,,,,,,,,,,,,,,,
2026-07-21 03:12:50,38677.703125,B0DB8AF16E20,0001,male,C57BL/6,1.1.1,FR1_Approach,0,Left,40,77,20,3,0,0,,,,,,,,,,,,,,,,,,,,
2026-07-21 03:12:51,38678.839844,B0DB8AF16E20,0001,male,C57BL/6,1.1.1,FR1_Approach,0,Approach,40,77,20,3,0,0,,,,,,,,,,,,,,,,,,,,
2026-07-21 03:12:56,38683.800781,B0DB8AF16E20,0001,male,C57BL/6,1.1.1,FR1_Approach,0,PelletDrop,41,77,20,3,0,0,,,,,,,,,,,,,,,,,,,,
2026-07-21 03:13:05,38692.871094,B0DB8AF16E20,0001,male,C57BL/6,1.1.1,FR1_Approach,0,PelletTaken,41,77,20,3,0,0,8.541,305.000,0,3,,,,,,,,,,,,,,,,
2026-07-21 03:13:40,38727.910156,B0DB8AF16E20,0001,male,C57BL/6,1.1.1,FR1_Approach,0,Left,41,78,20,3,0,0,,,,,,,,,,,,,,,,,,,,
2026-07-21 03:13:41,38729.042969,B0DB8AF16E20,0001,male,C57BL/6,1.1.1,FR1_Approach,0,Approach,41,78,20,3,0,0,,,,,,,,,,,,,,,,,,,,
2026-07-21 03:13:46,38734.054688,B0DB8AF16E20,0001,male,C57BL/6,1.1.1,FR1_Approach,0,PelletDrop,42,78,20,3,0,0,,,,,,,,,,,,,,,,,,,,
2026-07-21 03:13:58,38745.929688,B0DB8AF16E20,0001,male,C57BL/6,1.1.1,FR1_Approach,0,PelletTaken,42,78,20,3,0,0,11.346,72.000,0,2,,,,,,,,,,,,,,,,
2026-07-21 03:14:43,38790.914062,B0DB8AF16E20,0001,male,C57BL/6,1.1.1,FR1_Approach,0,Right,42,78,21,3,0,0,,,,,,,,,,,,,,,,,,,,
2026-07-21 03:18:52,39040.367188,B0DB8AF16E20,0001,male,C57BL/6,1.1.1,FR1_Approach,0,Status,42,78,21,3,0,0,,,,,Disabled,24.1,44.1,987.7,16.5,0.000,0.000,247724,339964,181492,8227,4.03,81.89
2026-07-21 03:20:39,39147.402344,B0DB8AF16E20,0001,male,C57BL/6,1.1.1,FR1_Approach,0,Left,42,79,21,3,0,0,,,,,,,,,,,,,,,,,,,,
2026-07-21 03:20:40,39148.535156,B0DB8AF16E20,0001,male,C57BL/6,1.1.1,FR1_Approach,0,Approach,42,79,21,3,0,0,,,,,,,,,,,,,,,,,,,,
2026-07-21 03:20:48,39155.753906,B0DB8AF16E20,0001,male,C57BL/6,1.1.1,FR1_Approach,0,PelletDrop,43,79,21,3,0,0,,,,,,,,,,,,,,,,,,,,
2026-07-21 03:20:59,39167.464844,B0DB8AF16E20,0001,male,C57BL/6,1.1.1,FR1_Approach,0,PelletTaken,43,79,21,3,0,0,11.169,284.000,0,3,,,,,,,,,,,,,,,,
2026-07-21 03:21:25,39193.410156,B0DB8AF16E20,0001,male,C57BL/6,1.1.1,FR1_Approach,0,Left,43,80,21,3,0,0,,,,,,,,,,,,,,,,,,,,
2026-07-21 03:21:26,39194.539062,B0DB8AF16E20,0001,male,C57BL/6,1.1.1,FR1_Approach,0,Approach,43,80,21,3,0,0,,,,,,,,,,,,,,,,,,,,
2026-07-21 03:21:31,39199.542969,B0DB8AF16E20,0001,male,C57BL/6,1.1.1,FR1_Approach,0,PelletDrop,44,80,21,3,0,0,,,,,,,,,,,,,,,,,,,,
2026-07-21 03:21:41,39209.050781,B0DB8AF16E20,0001,male,C57BL/6,1.1.1,FR1_Approach,0,PelletTaken,44,80,21,3,0,0,8.970,177.000,0,2,,,,,,,,,,,,,,,,
2026-07-21 03:22:22,39250.101562,B0DB8AF16E20,0001,male,C57BL/6,1.1.1,FR1_Approach,0,Left,44,81,21,3,0,0,,,,,,,,,,,,,,,,,,,,
2026-07-21 03:22:23,39251.234375,B0DB8AF16E20,0001,male,C57BL/6,1.1.1,FR1_Approach,0,Approach,44,81,21,3,0,0,,,,,,,,,,,,,,,,,,,,
2026-07-21 03:22:28,39256.234375,B0DB8AF16E20,0001,male,C57BL/6,1.1.1,FR1_Approach,0,PelletDrop,45,81,21,3,0,0,,,,,,,,,,,,,,,,,,,,
2026-07-21 03:22:38,39265.812500,B0DB8AF16E20,0001,male,C57BL/6,1.1.1,FR1_Approach,0,PelletTaken,45,81,21,3,0,0,9.036,80.000,0,2,,,,,,,,,,,,,,,,
2026-07-21 03:29:26,39675.070312,B0DB8AF16E20,0001,male,C57BL/6,1.1.1,FR1_Approach,0,Status,45,81,21,3,0,0,,,,,Disabled,24.1,44.1,987.5,16.5,0.000,0.000,247724,339964,181492,8353,4.03,81.56
2026-07-21 03:40:03,40312.832031,B0DB8AF16E20,0001,male,C57BL/6,1.1.1,FR1_Approach,0,Status,45,81,21,3,0,0,,,,,Disabled,24.1,44.2,987.4,16.5,0.000,0.000,247724,339964,181492,8490,4.03,81.56
2026-07-21 03:50:37,40947.605469,B0DB8AF16E20,0001,male,C57BL/6,1.1.1,FR1_Approach,0,Status,45,81,21,3,0,0,,,,,Disabled,24.1,44.2,987.2,16.6,0.000,0.000,247724,339964,181492,8627,4.03,81.40
2026-07-21 04:01:14,41585.367188,B0DB8AF16E20,0001,male,C57BL/6,1.1.1,FR1_Approach,0,Status,45,81,21,3,0,0,,,,,Disabled,24.1,44.3,987.0,16.6,0.000,0.000,247724,339964,181492,8764,4.02,81.40
2026-07-21 04:11:44,42216.105469,B0DB8AF16E20,0001,male,C57BL/6,1.1.1,FR1_Approach,0,Status,45,81,21,3,0,0,,,,,Disabled,24.1,44.4,986.8,16.6,0.000,0.000,247724,339964,181492,8901,4.03,81.24
2026-07-21 04:22:21,42853.750000,B0DB8AF16E20,0001,male,C57BL/6,1.1.1,FR1_Approach,0,Status,45,81,21,3,0,0,,,,,Disabled,24.1,44.4,986.5,16.5,0.000,0.000,247724,339964,181492,9038,4.02,81.24
2026-07-21 04:32:59,43492.500000,B0DB8AF16E20,0001,male,C57BL/6,1.1.1,FR1_Approach,0,Status,45,81,21,3,0,0,,,,,Disabled,24.1,44.4,986.3,16.5,0.000,0.000,247724,339964,181492,9175,4.02,81.07
2026-07-21 04:43:28,44122.250000,B0DB8AF16E20,0001,male,C57BL/6,1.1.1,FR1_Approach,0,Status,45,81,21,3,0,0,,,,,Disabled,24.0,44.8,986.1,16.6,0.000,0.000,247724,339964,181492,9312,4.04,80.91
2026-07-21 04:50:10,44524.843750,B0DB8AF16E20,0001,male,C57BL/6,1.1.1,FR1_Approach,0,Left,45,82,21,3,0,0,,,,,,,,,,,,,,,,,,,,
2026-07-21 04:50:11,44525.976562,B0DB8AF16E20,0001,male,C57BL/6,1.1.1,FR1_Approach,0,Approach,45,82,21,3,0,0,,,,,,,,,,,,,,,,,,,,
2026-07-21 04:50:14,44528.757812,B0DB8AF16E20,0001,male,C57BL/6,1.1.1,FR1_Approach,0,PelletDrop,46,82,21,3,0,0,,,,,,,,,,,,,,,,,,,,
2026-07-21 04:50:15,44529.894531,B0DB8AF16E20,0001,male,C57BL/6,1.1.1,FR1_Approach,0,PelletNotDetected,46,82,21,3,0,0,,,,,,,,,,,,,,,,,,,,
2026-07-21 04:53:59,44754.070312,B0DB8AF16E20,0001,male,C57BL/6,1.1.1,FR1_Approach,0,Status,46,82,21,3,0,0,,,,,Disabled,24.0,44.9,986.0,16.6,0.000,0.000,247724,339964,181492,9448,4.03,80.91
2026-07-21 04:56:27,44902.132812,B0DB8AF16E20,0001,male,C57BL/6,1.1.1,FR1_Approach,0,Center,46,82,21,4,0,0,,,,,,,,,,,,,,,,,,,,
2026-07-21 04:57:19,44954.175781,B0DB8AF16E20,0001,male,C57BL/6,1.1.1,FR1_Approach,0,Left,46,83,21,4,0,0,,,,,,,,,,,,,,,,,,,,
2026-07-21 04:57:20,44955.308594,B0DB8AF16E20,0001,male,C57BL/6,1.1.1,FR1_Approach,0,Approach,46,83,21,4,0,0,,,,,,,,,,,,,,,,,,,,
2026-07-21 04:57:25,44960.261719,B0DB8AF16E20,0001,male,C57BL/6,1.1.1,FR1_Approach,0,PelletDrop,47,83,21,4,0,0,,,,,,,,,,,,,,,,,,,,
2026-07-21 04:57:34,44969.375000,B0DB8AF16E20,0001,male,C57BL/6,1.1.1,FR1_Approach,0,PelletTaken,47,83,21,4,0,0,8.584,224.000,0,3,,,,,,,,,,,,,,,,
2026-07-21 04:57:54,44989.179688,B0DB8AF16E20,0001,male,C57BL/6,1.1.1,FR1_Approach,0,Left,47,84,21,4,0,0,,,,,,,,,,,,,,,,,,,,
2026-07-21 04:57:55,44990.312500,B0DB8AF16E20,0001,male,C57BL/6,1.1.1,FR1_Approach,0,Approach,47,84,21,4,0,0,,,,,,,,,,,,,,,,,,,,
2026-07-21 04:58:02,44997.968750,B0DB8AF16E20,0001,male,C57BL/6,1.1.1,FR1_Approach,0,PelletDrop,48,84,21,4,0,0,,,,,,,,,,,,,,,,,,,,
2026-07-21 04:58:10,45005.675781,B0DB8AF16E20,0001,male,C57BL/6,1.1.1,FR1_Approach,0,PelletTaken,48,84,21,4,0,0,7.176,23.000,0,3,,,,,,,,,,,,,,,,
2026-07-21 05:04:31,45386.777344,B0DB8AF16E20,0001,male,C57BL/6,1.1.1,FR1_Approach,0,Status,48,84,21,4,0,0,,,,,Disabled,24.0,44.8,985.8,16.6,0.000,0.000,247724,339964,181492,9578,4.02,80.75
2026-07-21 05:15:03,46019.851562,B0DB8AF16E20,0001,male,C57BL/6,1.1.1,FR1_Approach,0,Status,48,84,21,4,0,0,,,,,Disabled,23.9,44.9,985.7,16.6,0.000,0.000,247724,339964,181492,9715,4.02,80.75
2026-07-21 05:25:35,46652.921875,B0DB8AF16E20,0001,male,C57BL/6,1.1.1,FR1_Approach,0,Status,48,84,21,4,0,0,,,,,Disabled,23.9,44.9,985.7,16.5,0.000,0.000,247724,339964,181492,9852,4.02,80.59
2026-07-21 05:36:08,47285.980469,B0DB8AF16E20,0001,male,C57BL/6,1.1.1,FR1_Approach,0,Status,48,84,21,4,0,0,,,,,Disabled,23.9,45.1,985.9,16.6,0.000,0.000,247724,339964,181492,9989,4.02,80.59
2026-07-21 05:46:45,47923.882812,B0DB8AF16E20,0001,male,C57BL/6,1.1.1,FR1_Approach,0,Status,48,84,21,4,0,0,,,,,Disabled,23.9,45.1,986.1,16.6,0.000,0.000,247724,339964,181492,10126,4.02,80.42
2026-07-21 05:57:16,48555.472656,B0DB8AF16E20,0001,male,C57BL/6,1.1.1,FR1_Approach,0,Status,48,84,21,4,0,0,,,,,Disabled,23.9,45.1,986.3,16.6,0.000,0.000,247724,339964,181492,10263,4.03,80.42
2026-07-21 06:07:49,49189.195312,B0DB8AF16E20,0001,male,C57BL/6,1.1.1,FR1_Approach,0,Status,48,84,21,4,0,0,,,,,Disabled,23.9,44.8,986.5,16.7,0.000,0.000,247724,339964,181492,10400,4.02,80.26
2026-07-21 06:18:21,49821.988281,B0DB8AF16E20,0001,male,C57BL/6,1.1.1,FR1_Approach,0,Status,48,84,21,4,0,0,,,,,Disabled,23.9,44.7,986.6,16.6,0.000,9.000,247724,339964,181492,10537,4.02,80.26
2026-07-21 06:28:52,50453.765625,B0DB8AF16E20,0001,male,C57BL/6,1.1.1,FR1_Approach,0,Status,48,84,21,4,0,0,,,,,Disabled,23.9,44.6,986.7,16.6,0.000,0.000,247724,339964,181492,10674,4.02,80.09
2026-07-21 06:39:25,51087.535156,B0DB8AF16E20,0001,male,C57BL/6,1.1.1,FR1_Approach,0,Status,48,84,21,4,0,0,,,,,Disabled,23.9,44.5,986.8,16.6,0.000,0.000,247724,339964,181492,10811,4.02,79.93
2026-07-21 06:49:57,51720.222656,B0DB8AF16E20,0001,male,C57BL/6,1.1.1,FR1_Approach,0,Status,48,84,21,4,0,0,,,,,Disabled,23.9,44.5,986.8,16.6,0.000,3.000,247724,339964,181492,10948,4.01,79.93
2026-07-21 07:00:29,52353.304688,B0DB8AF16E20,0001,male,C57BL/6,1.1.1,FR1_Approach,0,Status,48,84,21,4,0,0,,,,,Disabled,23.9,44.5,986.8,16.7,0.000,3.000,247724,339964,181492,11085,4.01,79.77
2026-07-21 07:11:10,52994.644531,B0DB8AF16E20,0001,male,C57BL/6,1.1.1,FR1_Approach,0,Status,48,84,21,4,0,0,,,,,Disabled,24.0,44.2,986.8,16.6,0.000,6.000,247724,339964,181492,11222,4.02,79.77
2026-07-21 07:21:48,53633.347656,B0DB8AF16E20,0001,male,C57BL/6,1.1.1,FR1_Approach,0,Status,48,84,21,4,0,0,,,,,Disabled,24.0,44.1,987.0,16.6,0.000,0.000,247724,339964,181492,11359,4.01,79.61
2026-07-21 07:21:50,53635.339844,B0DB8AF16E20,0001,male,C57BL/6,1.1.1,FR1_Approach,0,Right,48,84,22,4,0,0,,,,,,,,,,,,,,,,,,,,
2026-07-21 07:22:02,53647.945312,B0DB8AF16E20,0001,male,C57BL/6,1.1.1,FR1_Approach,0,Right,48,84,23,4,0,0,,,,,,,,,,,,,,,,,,,,
2026-07-21 07:22:41,53686.796875,B0DB8AF16E20,0001,male,C57BL/6,1.1.1,FR1_Approach,0,Right,48,84,24,4,0,0,,,,,,,,,,,,,,,,,,,,
2026-07-21 07:22:45,53690.308594,B0DB8AF16E20,0001,male,C57BL/6,1.1.1,FR1_Approach,0,Right,48,84,25,4,0,0,,,,,,,,,,,,,,,,,,,,
2026-07-21 07:32:23,54269.140625,B0DB8AF16E20,0001,male,C57BL/6,1.1.1,FR1_Approach,0,Status,48,84,25,4,0,0,,,,,Disabled,24.0,44.2,987.1,16.7,0.000,0.000,247724,339964,181492,11498,4.01,79.44
2026-07-21 07:35:23,54450.089844,B0DB8AF16E20,0001,male,C57BL/6,1.1.1,FR1_Approach,0,Left,48,85,25,4,0,0,,,,,,,,,,,,,,,,,,,,
2026-07-21 07:35:25,54451.222656,B0DB8AF16E20,0001,male,C57BL/6,1.1.1,FR1_Approach,0,Approach,48,85,25,4,0,0,,,,,,,,,,,,,,,,,,,,
2026-07-21 07:35:30,54456.234375,B0DB8AF16E20,0001,male,C57BL/6,1.1.1,FR1_Approach,0,PelletDrop,49,85,25,4,0,0,,,,,,,,,,,,,,,,,,,,
2026-07-21 07:35:41,54467.769531,B0DB8AF16E20,0001,male,C57BL/6,1.1.1,FR1_Approach,0,PelletTaken,49,85,25,4,0,0,11.005,128.000,0,2,,,,,,,,,,,,,,,,
2026-07-21 07:36:02,54488.925781,B0DB8AF16E20,0001,male,C57BL/6,1.1.1,FR1_Approach,0,Left,49,86,25,4,0,0,,,,,,,,,,,,,,,,,,,,
2026-07-21 07:36:03,54490.066406,B0DB8AF16E20,0001,male,C57BL/6,1.1.1,FR1_Approach,0,Approach,49,86,25,4,0,0,,,,,,,,,,,,,,,,,,,,
2026-07-21 07:36:08,54495.066406,B0DB8AF16E20,0001,male,C57BL/6,1.1.1,FR1_Approach,0,PelletDrop,50,86,25,4,0,0,,,,,,,,,,,,,,,,,,,,
2026-07-21 07:36:21,54507.679688,B0DB8AF16E20,0001,male,C57BL/6,1.1.1,FR1_Approach,0,PelletTaken,50,86,25,4,0,0,12.083,362.000,0,2,,,,,,,,,,,,,,,,
2026-07-21 07:42:55,54901.796875,B0DB8AF16E20,0001,male,C57BL/6,1.1.1,FR1_Approach,0,Status,50,86,25,4,0,0,,,,,Disabled,24.0,44.4,987.4,16.7,0.000,0.000,247724,339964,181492,11627,4.01,79.28
2026-07-21 07:53:33,55540.453125,B0DB8AF16E20,0001,male,C57BL/6,1.1.1,FR1_Approach,0,Status,50,86,25,4,0,0,,,,,Disabled,24.0,44.3,987.6,16.6,0.000,4.000,247724,339964,181492,11764,4.01,79.12
2026-07-21 08:04:16,56184.320312,B0DB8AF16E20,0001,male,C57BL/6,1.1.1,FR1_Approach,0,Status,50,86,25,4,0,0,,,,,Disabled,24.1,44.1,987.7,16.6,0.000,0.000,247724,339964,181492,11901,4.01,79.12
2026-07-21 08:14:57,56824.988281,B0DB8AF16E20,0001,male,C57BL/6,1.1.1,FR1_Approach,0,Status,50,86,25,4,0,0,,,,,Disabled,24.1,44.1,987.8,16.6,0.000,20.000,247724,339964,181492,12038,4.01,79.12
2026-07-21 08:25:28,57457.726562,B0DB8AF16E20,0001,male,C57BL/6,1.1.1,FR1_Approach,0,Status,50,86,25,4,0,0,,,,,Disabled,24.1,44.2,987.8,16.7,0.000,8.000,247724,339964,181492,12175,4.01,78.95
2026-07-21 08:36:00,58090.589844,B0DB8AF16E20,0001,male,C57BL/6,1.1.1,FR1_Approach,0,Status,50,86,25,4,0,0,,,,,Disabled,24.1,44.2,987.8,16.6,0.000,8.000,247724,339964,181492,12312,4.01,78.95
2026-07-21 08:46:43,58733.300781,B0DB8AF16E20,0001,male,C57BL/6,1.1.1,FR1_Approach,0,Status,50,86,25,4,0,0,,,,,Disabled,24.1,44.0,987.8,16.7,0.000,16.000,247724,339964,181492,12449,4.01,78.79
2026-07-21 08:57:24,59376.046875,B0DB8AF16E20,0001,male,C57BL/6,1.1.1,FR1_Approach,0,Status,50,86,25,4,0,0,,,,,Disabled,24.1,44.0,987.9,16.6,0.000,0.000,247724,339964,181492,12586,4.01,78.63
2026-07-21 09:07:57,60009.929688,B0DB8AF16E20,0001,male,C57BL/6,1.1.1,FR1_Approach,0,Status,50,86,25,4,0,0,,,,,Disabled,24.1,44.1,988.0,16.6,0.000,6.000,247724,339964,181492,12723,4.00,78.63
2026-07-21 09:18:34,60647.523438,B0DB8AF16E20,0001,male,C57BL/6,1.1.1,FR1_Approach,0,Status,50,86,25,4,0,0,,,,,Disabled,24.1,44.2,988.1,16.6,0.000,0.000,247724,339964,181492,12860,4.00,78.46
2026-07-21 09:29:17,61290.242188,B0DB8AF16E20,0001,male,C57BL/6,1.1.1,FR1_Approach,0,Status,50,86,25,4,0,0,,,,,Disabled,24.1,44.0,988.3,16.6,0.000,2.000,247724,339964,181492,12997,4.01,78.46
2026-07-21 09:39:50,61924.015625,B0DB8AF16E20,0001,male,C57BL/6,1.1.1,FR1_Approach,0,Status,50,86,25,4,0,0,,,,,Disabled,24.0,44.2,988.4,16.6,0.000,9.000,247724,339964,181492,13134,4.01,78.30
2026-07-21 09:50:22,62557.199219,B0DB8AF16E20,0001,male,C57BL/6,1.1.1,FR1_Approach,0,Status,50,86,25,4,0,0,,,,,Disabled,24.0,44.2,988.4,16.6,0.000,8.000,247724,339964,181492,13271,4.00,78.14
2026-07-21 10:00:54,63190.382812,B0DB8AF16E20,0001,male,C57BL/6,1.1.1,FR1_Approach,0,Status,50,86,25,4,0,0,,,,,Disabled,24.0,44.2,988.5,16.7,0.000,7.000,247724,339964,181492,13408,4.00,78.14
2026-07-21 10:11:27,63823.507812,B0DB8AF16E20,0001,male,C57BL/6,1.1.1,FR1_Approach,0,Status,50,86,25,4,0,0,,,,,Disabled,24.0,44.1,988.4,16.7,0.000,6.000,247724,339964,181492,13545,4.00,77.98
2026-07-21 10:22:02,64459.992188,B0DB8AF16E20,0001,male,C57BL/6,1.1.1,FR1_Approach,0,Status,50,86,25,4,0,0,,,,,Disabled,24.0,44.0,988.4,16.6,0.000,10.000,247724,339964,181492,13682,4.01,77.98
2026-07-21 10:32:38,65096.859375,B0DB8AF16E20,0001,male,C57BL/6,1.1.1,FR1_Approach,0,Status,50,86,25,4,0,0,,,,,Disabled,24.0,44.0,988.4,16.7,0.000,0.000,247724,339964,181492,13819,3.99,77.98
2026-07-21 10:43:20,65738.562500,B0DB8AF16E20,0001,male,C57BL/6,1.1.1,FR1_Approach,0,Status,50,86,25,4,0,0,,,,,Disabled,24.0,43.8,988.5,16.5,0.000,0.000,247724,339964,181492,13956,4.00,77.81
2026-07-21 10:54:01,66380.304688,B0DB8AF16E20,0001,male,C57BL/6,1.1.1,FR1_Approach,0,Status,50,86,25,4,0,0,,,,,Disabled,24.0,43.7,988.5,16.7,0.000,0.000,247724,339964,181492,14093,4.00,77.65
2026-07-21 10:57:45,66604.984375,B0DB8AF16E20,0001,male,C57BL/6,1.1.1,FR1_Approach,0,Right,50,86,26,4,0,0,,,,,,,,,,,,,,,,,,,,
2026-07-21 10:57:58,66618.531250,B0DB8AF16E20,0001,male,C57BL/6,1.1.1,FR1_Approach,0,Left,50,87,26,4,0,0,,,,,,,,,,,,,,,,,,,,
2026-07-21 10:58:00,66619.664062,B0DB8AF16E20,0001,male,C57BL/6,1.1.1,FR1_Approach,0,Approach,50,87,26,4,0,0,,,,,,,,,,,,,,,,,,,,
2026-07-21 10:58:02,66622.445312,B0DB8AF16E20,0001,male,C57BL/6,1.1.1,FR1_Approach,0,PelletDrop,51,87,26,4,0,0,,,,,,,,,,,,,,,,,,,,
2026-07-21 10:58:04,66623.570312,B0DB8AF16E20,0001,male,C57BL/6,1.1.1,FR1_Approach,0,PelletNotDetected,51,87,26,4,0,0,,,,,,,,,,,,,,,,,,,,
2026-07-21 10:58:33,66652.679688,B0DB8AF16E20,0001,male,C57BL/6,1.1.1,FR1_Approach,0,Left,51,88,26,4,0,0,,,,,,,,,,,,,,,,,,,,
2026-07-21 10:58:34,66653.812500,B0DB8AF16E20,0001,male,C57BL/6,1.1.1,FR1_Approach,0,Approach,51,88,26,4,0,0,,,,,,,,,,,,,,,,,,,,
2026-07-21 10:58:39,66658.757812,B0DB8AF16E20,0001,male,C57BL/6,1.1.1,FR1_Approach,0,PelletDrop,52,88,26,4,0,0,,,,,,,,,,,,,,,,,,,,
2026-07-21 10:58:49,66668.710938,B0DB8AF16E20,0001,male,C57BL/6,1.1.1,FR1_Approach,0,PelletTaken,52,88,26,4,0,0,9.420,62.000,0,3,,,,,,,,,,,,,,,,
2026-07-21 11:04:33,67013.242188,B0DB8AF16E20,0001,male,C57BL/6,1.1.1,FR1_Approach,0,Status,52,88,26,4,0,0,,,,,Disabled,24.0,43.9,988.5,16.7,0.000,0.000,247724,339964,181492,14226,4.01,77.48
2026-07-21 11:15:15,67656.835938,B0DB8AF16E20,0001,male,C57BL/6,1.1.1,FR1_Approach,0,Status,52,88,26,4,0,0,,,,,Disabled,24.0,43.7,988.5,16.6,0.000,5.000,247724,339964,181492,14363,4.00,77.48
2026-07-21 11:25:53,68295.476562,B0DB8AF16E20,0001,male,C57BL/6,1.1.1,FR1_Approach,0,Status,52,88,26,4,0,0,,,,,Disabled,24.0,43.9,988.6,16.6,0.000,4.000,247724,339964,181492,14500,3.99,77.32
2026-07-21 11:36:30,68933.289062,B0DB8AF16E20,0001,male,C57BL/6,1.1.1,FR1_Approach,0,Status,52,88,26,4,0,0,,,,,Disabled,24.0,43.9,988.6,16.6,0.000,14.000,247724,339964,181492,14637,3.99,77.32
2026-07-21 11:47:09,69573.101562,B0DB8AF16E20,0001,male,C57BL/6,1.1.1,FR1_Approach,0,Status,52,88,26,4,0,0,,,,,Disabled,24.0,43.8,988.6,16.6,0.000,14.000,247724,339964,181492,14774,3.99,77.16
2026-07-21 11:57:48,70212.906250,B0DB8AF16E20,0001,male,C57BL/6,1.1.1,FR1_Approach,0,Status,52,88,26,4,0,0,,,,,Disabled,24.1,43.8,988.7,16.6,0.000,16.000,247724,339964,181492,14911,3.99,77.16
2026-07-21 12:00:01,70345.171875,B0DB8AF16E20,0001,male,C57BL/6,1.1.1,FR1_Approach,0,Left,52,89,26,4,0,0,,,,,,,,,,,,,,,,,,,,
2026-07-21 12:00:02,70346.304688,B0DB8AF16E20,0001,male,C57BL/6,1.1.1,FR1_Approach,0,Approach,52,89,26,4,0,0,,,,,,,,,,,,,,,,,,,,
2026-07-21 12:00:04,70349.085938,B0DB8AF16E20,0001,male,C57BL/6,1.1.1,FR1_Approach,0,PelletDrop,53,89,26,4,0,0,,,,,,,,,,,,,,,,,,,,
2026-07-21 12:00:25,70369.625000,B0DB8AF16E20,0001,male,C57BL/6,1.1.1,FR1_Approach,0,PelletTaken,53,89,26,4,0,0,TimedOut,1493.000,0,1,,,,,,,,,,,,,,,,
2026-07-21 12:08:19,70844.484375,B0DB8AF16E20,0001,male,C57BL/6,1.1.1,FR1_Approach,0,Status,53,89,26,4,0,0,,,,,Disabled,24.0,43.9,988.7,16.5,0.094,61.000,247724,339964,181492,15042,3.99,77.00
2026-07-21 12:12:40,71106.250000,B0DB8AF16E20,0001,male,C57BL/6,1.1.1,FR1_Approach,0,Right,53,89,27,4,0,0,,,,,,,,,,,,,,,,,,,,
2026-07-21 12:18:57,71483.351562,B0DB8AF16E20,0001,male,C57BL/6,1.1.1,FR1_Approach,0,Status,53,89,27,4,0,0,,,,,Disabled,24.0,44.4,988.7,16.6,0.094,58.000,247724,339964,181492,15179,3.99,77.00
2026-07-21 12:29:34,72120.070312,B0DB8AF16E20,0001,male,C57BL/6,1.1.1,FR1_Approach,0,Status,53,89,27,4,0,0,,,,,Disabled,24.0,44.8,988.7,16.6,0.043,42.000,247724,339964,181492,15316,4.00,76.83
2026-07-21 12:40:09,72756.820312,B0DB8AF16E20,0001,male,C57BL/6,1.1.1,FR1_Approach,0,Status,53,89,27,4,0,0,,,,,Disabled,23.9,45.0,988.8,16.6,0.000,19.000,247724,339964,181492,15453,3.99,76.83
2026-07-21 12:50:52,73400.523438,B0DB8AF16E20,0001,male,C57BL/6,1.1.1,FR1_Approach,0,Status,53,89,27,4,0,0,,,,,Disabled,23.9,44.9,988.8,16.5,0.000,18.000,247724,339964,181492,15590,3.99,76.67
2026-07-21 13:01:31,74040.195312,B0DB8AF16E20,0001,male,C57BL/6,1.1.1,FR1_Approach,0,Status,53,89,27,4,0,0,,,,,Disabled,24.0,44.7,988.8,16.6,0.007,20.000,247724,339964,181492,15727,3.99,76.51
2026-07-21 13:12:08,74677.953125,B0DB8AF16E20,0001,male,C57BL/6,1.1.1,FR1_Approach,0,Status,53,89,27,4,0,0,,,,,Disabled,24.0,44.5,988.8,16.5,0.000,4.000,247724,339964,181492,15864,3.99,76.51
2026-07-21 13:22:51,75321.835938,B0DB8AF16E20,0001,male,C57BL/6,1.1.1,FR1_Approach,0,Status,53,89,27,4,0,0,,,,,Disabled,24.0,44.3,988.8,16.6,0.000,7.000,247724,339964,181492,16001,3.99,76.34
2026-07-21 13:33:35,75966.570312,B0DB8AF16E20,0001,male,C57BL/6,1.1.1,FR1_Approach,0,Status,53,89,27,4,0,0,,,,,Disabled,24.1,44.1,988.8,16.6,0.000,7.000,247724,339964,181492,16138,3.98,76.18
2026-07-21 13:44:11,76603.335938,B0DB8AF16E20,0001,male,C57BL/6,1.1.1,FR1_Approach,0,Status,53,89,27,4,0,0,,,,,Disabled,24.1,44.2,988.8,16.6,0.000,6.000,247724,339964,181492,16275,4.00,76.18
2026-07-21 13:55:12,77265.125000,B0DB8AF16E20,0001,male,C57BL/6,1.1.1,FR1_Approach,0,Status,53,89,27,4,0,0,,,,,Disabled,24.1,43.6,988.8,16.5,0.000,14.000,247724,339964,181492,16412,3.98,76.02
2026-07-21 14:05:44,77898.273438,B0DB8AF16E20,0001,male,C57BL/6,1.1.1,FR1_Approach,0,Status,53,89,27,4,0,0,,,,,Disabled,24.1,44.2,988.8,16.7,0.007,24.000,247724,339964,181492,16549,3.99,76.02
2026-07-21 14:16:33,78547.554688,B0DB8AF16E20,0001,male,C57BL/6,1.1.1,FR1_Approach,0,Status,53,89,27,4,0,0,,,,,Disabled,24.1,43.7,988.8,16.6,0.000,18.000,247724,339964,181492,16686,3.98,75.86
2026-07-21 14:27:06,79180.695312,B0DB8AF16E20,0001,male,C57BL/6,1.1.1,FR1_Approach,0,Status,53,89,27,4,0,0,,,,,Disabled,24.0,44.1,988.8,16.7,0.000,10.000,247724,339964,181492,16823,3.98,75.69
2026-07-21 14:37:38,79813.882812,B0DB8AF16E20,0001,male,C57BL/6,1.1.1,FR1_Approach,0,Status,53,89,27,4,0,0,,,,,Disabled,24.0,44.1,988.9,16.8,0.000,6.000,247724,339964,181492,16960,3.99,75.69
2026-07-21 14:48:11,80447.054688,B0DB8AF16E20,0001,male,C57BL/6,1.1.1,FR1_Approach,0,Status,53,89,27,4,0,0,,,,,Disabled,23.9,44.2,988.8,16.8,0.000,14.000,247724,339964,181492,17097,3.99,75.53
2026-07-21 14:58:43,81080.242188,B0DB8AF16E20,0001,male,C57BL/6,1.1.1,FR1_Approach,0,Status,53,89,27,4,0,0,,,,,Disabled,23.9,44.1,988.8,16.8,0.000,18.000,247724,339964,181492,17234,3.99,75.53
2026-07-21 15:09:24,81722.382812,B0DB8AF16E20,0001,male,C57BL/6,1.1.1,FR1_Approach,0,Status,53,89,27,4,0,0,,,,,Disabled,23.9,43.9,988.8,16.8,0.000,16.000,247724,339964,181492,17371,3.98,75.37
2026-07-21 15:19:57,82356.093750,B0DB8AF16E20,0001,male,C57BL/6,1.1.1,FR1_Approach,0,Status,53,89,27,4,0,0,,,,,Disabled,23.9,44.0,988.8,16.8,0.000,20.000,247724,339964,181492,17508,3.98,75.37
2026-07-21 15:30:38,82997.921875,B0DB8AF16E20,0001,male,C57BL/6,1.1.1,FR1_Approach,0,Status,53,89,27,4,0,0,,,,,Disabled,23.9,43.9,988.8,16.9,0.000,18.000,247724,339964,181492,17645,3.98,75.20
2026-07-21 15:41:21,83641.617188,B0DB8AF16E20,0001,male,C57BL/6,1.1.1,FR1_Approach,0,Status,53,89,27,4,0,0,,,,,Disabled,23.9,43.8,988.8,16.8,0.000,18.000,247724,339964,181492,17782,3.98,75.04
2026-07-21 15:52:01,84282.492188,B0DB8AF16E20,0001,male,C57BL/6,1.1.1,FR1_Approach,0,Status,53,89,27,4,0,0,,,,,Disabled,23.9,43.9,988.7,16.7,0.000,6.000,247724,339964,181492,17919,3.97,75.04
2026-07-21 16:02:37,84919.117188,B0DB8AF16E20,0001,male,C57BL/6,1.1.1,FR1_Approach,0,Status,53,89,27,4,0,0,,,,,Disabled,23.9,43.9,988.7,16.8,0.000,6.000,247724,339964,181492,18056,3.97,74.88
2026-07-21 16:13:21,85563.882812,B0DB8AF16E20,0001,male,C57BL/6,1.1.1,FR1_Approach,0,Status,53,89,27,4,0,0,,,,,Disabled,23.9,43.7,988.6,16.7,0.000,2.000,247724,339964,181492,18193,3.96,74.88
2026-07-21 16:24:02,86205.640625,B0DB8AF16E20,0001,male,C57BL/6,1.1.1,FR1_Approach,0,Status,53,89,27,4,0,0,,,,,Disabled,24.0,43.8,988.5,16.8,0.000,6.000,247724,339964,181492,18330,3.98,74.71
2026-07-21 16:24:53,86256.945312,B0DB8AF16E20,0001,male,C57BL/6,1.1.1,FR1_Approach,0,Left,53,90,27,4,0,0,,,,,,,,,,,,,,,,,,,,
2026-07-21 16:24:54,86258.078125,B0DB8AF16E20,0001,male,C57BL/6,1.1.1,FR1_Approach,0,Approach,53,90,27,4,0,0,,,,,,,,,,,,,,,,,,,,
2026-07-21 16:24:57,86261.007812,B0DB8AF16E20,0001,male,C57BL/6,1.1.1,FR1_Approach,0,PelletDrop,54,90,27,4,0,0,,,,,,,,,,,,,,,,,,,,
2026-07-21 16:24:58,86262.132812,B0DB8AF16E20,0001,male,C57BL/6,1.1.1,FR1_Approach,0,PelletNotDetected,54,90,27,4,0,0,,,,,,,,,,,,,,,,,,,,
2026-07-21 16:25:32,86296.242188,B0DB8AF16E20,0001,male,C57BL/6,1.1.1,FR1_Approach,0,Left,54,91,27,4,0,0,,,,,,,,,,,,,,,,,,,,
2026-07-21 16:25:33,86297.617188,B0DB8AF16E20,0001,male,C57BL/6,1.1.1,FR1_Approach,0,Approach,54,91,27,4,0,0,,,,,,,,,,,,,,,,,,,,
2026-07-21 16:25:38,86302.421875,B0DB8AF16E20,0001,male,C57BL/6,1.1.1,FR1_Approach,0,PelletDrop,55,91,27,4,0,0,,,,,,,,,,,,,,,,,,,,
2026-07-21 16:25:52,86315.781250,B0DB8AF16E20,0001,male,C57BL/6,1.1.1,FR1_Approach,0,PelletTaken,55,91,27,4,0,0,12.830,247.000,0,3,,,,,,,,,,,,,,,,
2026-07-21 16:26:20,86344.210938,B0DB8AF16E20,0001,male,C57BL/6,1.1.1,FR1_Approach,0,Left,55,92,27,4,0,0,,,,,,,,,,,,,,,,,,,,
2026-07-21 16:26:23,86346.929688,B0DB8AF16E20,0001,male,C57BL/6,1.1.1,FR1_Approach,0,No_approach,55,92,27,4,0,0,,,,,,,,,,,,,,,,,,,,
2026-07-21 16:26:29,86353.304688,B0DB8AF16E20,0001,male,C57BL/6,1.1.1,FR1_Approach,0,Left,55,93,27,4,0,0,,,,,,,,,,,,,,,,,,,,
2026-07-21 16:26:32,86356.015625,B0DB8AF16E20,0001,male,C57BL/6,1.1.1,FR1_Approach,0,No_approach,55,93,27,4,0,0,,,,,,,,,,,,,,,,,,,,
2026-07-21 16:26:46,86370.578125,B0DB8AF16E20,0001,male,C57BL/6,1.1.1,FR1_Approach,0,Left,55,94,27,4,0,0,,,,,,,,,,,,,,,,,,,,
2026-07-21 16:26:49,86373.289062,B0DB8AF16E20,0001,male,C57BL/6,1.1.1,FR1_Approach,0,No_approach,55,94,27,4,0,0,,,,,,,,,,,,,,,,,,,,
2026-07-21 16:26:53,86377.046875,B0DB8AF16E20,0001,male,C57BL/6,1.1.1,FR1_Approach,0,Left,55,95,27,4,0,0,,,,,,,,,,,,,,,,,,,,
2026-07-21 16:26:56,86379.757812,B0DB8AF16E20,0001,male,C57BL/6,1.1.1,FR1_Approach,0,No_approach,55,95,27,4,0,0,,,,,,,,,,,,,,,,,,,,
2026-07-21 16:26:59,86383.140625,B0DB8AF16E20,0001,male,C57BL/6,1.1.1,FR1_Approach,0,Left,55,96,27,4,0,0,,,,,,,,,,,,,,,,,,,,
2026-07-21 16:27:02,86385.851562,B0DB8AF16E20,0001,male,C57BL/6,1.1.1,FR1_Approach,0,No_approach,55,96,27,4,0,0,,,,,,,,,,,,,,,,,,,,
2026-07-21 16:27:06,86390.445312,B0DB8AF16E20,0001,male,C57BL/6,1.1.1,FR1_Approach,0,Left,55,97,27,4,0,0,,,,,,,,,,,,,,,,,,,,
2026-07-21 16:27:09,86393.156250,B0DB8AF16E20,0001,male,C57BL/6,1.1.1,FR1_Approach,0,No_approach,55,97,27,4,0,0,,,,,,,,,,,,,,,,,,,,
2026-07-21 16:27:10,86394.484375,B0DB8AF16E20,0001,male,C57BL/6,1.1.1,FR1_Approach,0,Left,55,98,27,4,0,0,,,,,,,,,,,,,,,,,,,,
2026-07-21 16:27:13,86397.195312,B0DB8AF16E20,0001,male,C57BL/6,1.1.1,FR1_Approach,0,No_approach,55,98,27,4,0,0,,,,,,,,,,,,,,,,,,,,
2026-07-21 16:27:16,86400.023438,B0DB8AF16E20,0001,male,C57BL/6,1.1.1,FR1_Approach,0,Left,55,99,27,4,0,0,,,,,,,,,,,,,,,,,,,,
2026-07-21 16:27:19,86402.734375,B0DB8AF16E20,0001,male,C57BL/6,1.1.1,FR1_Approach,0,No_approach,55,99,27,4,0,0,,,,,,,,,,,,,,,,,,,,
2026-07-21 16:27:22,86406.242188,B0DB8AF16E20,0001,male,C57BL/6,1.1.1,FR1_Approach,0,Left,55,100,27,4,0,0,,,,,,,,,,,,,,,,,,,,
2026-07-21 16:27:25,86408.953125,B0DB8AF16E20,0001,male,C57BL/6,1.1.1,FR1_Approach,0,No_approach,55,100,27,4,0,0,,,,,,,,,,,,,,,,,,,,
2026-07-21 16:27:28,86412.625000,B0DB8AF16E20,0001,male,C57BL/6,1.1.1,FR1_Approach,0,Left,55,101,27,4,0,0,,,,,,,,,,,,,,,,,,,,
2026-07-21 16:27:31,86415.343750,B0DB8AF16E20,0001,male,C57BL/6,1.1.1,FR1_Approach,0,No_approach,55,101,27,4,0,0,,,,,,,,,,,,,,,,,,,,
2026-07-21 16:27:33,86416.968750,B0DB8AF16E20,0001,male,C57BL/6,1.1.1,FR1_Approach,0,Left,55,102,27,4,0,0,,,,,,,,,,,,,,,,,,,,
2026-07-21 16:27:35,86419.679688,B0DB8AF16E20,0001,male,C57BL/6,1.1.1,FR1_Approach,0,No_approach,55,102,27,4,0,0,,,,,,,,,,,,,,,,,,,,
2026-07-21 16:27:39,86423.648438,B0DB8AF16E20,0001,male,C57BL/6,1.1.1,FR1_Approach,0,Right,55,102,28,4,0,0,,,,,,,,,,,,,,,,,,,,
2026-07-21 16:27:43,86427.445312,B0DB8AF16E20,0001,male,C57BL/6,1.1.1,FR1_Approach,0,Right,55,102,29,4,0,0,,,,,,,,,,,,,,,,,,,,
2026-07-21 16:27:44,86428.601562,B0DB8AF16E20,0001,male,C57BL/6,1.1.1,FR1_Approach,0,Right,55,102,30,4,0,0,,,,,,,,,,,,,,,,,,,,
2026-07-21 16:27:51,86435.375000,B0DB8AF16E20,0001,male,C57BL/6,1.1.1,FR1_Approach,0,Left,55,103,30,4,0,0,,,,,,,,,,,,,,,,,,,,
2026-07-21 16:27:52,86436.507812,B0DB8AF16E20,0001,male,C57BL/6,1.1.1,FR1_Approach,0,Approach,55,103,30,4,0,0,,,,,,,,,,,,,,,,,,,,
2026-07-21 16:27:57,86441.523438,B0DB8AF16E20,0001,male,C57BL/6,1.1.1,FR1_Approach,0,PelletDrop,56,103,30,4,0,0,,,,,,,,,,,,,,,,,,,,
2026-07-21 16:28:09,86452.835938,B0DB8AF16E20,0001,male,C57BL/6,1.1.1,FR1_Approach,0,PelletTaken,56,103,30,4,0,0,10.784,146.000,0,2,,,,,,,,,,,,,,,,
2026-07-21 16:28:37,86481.710938,B0DB8AF16E20,0001,male,C57BL/6,1.1.1,FR1_Approach,0,Left,56,104,30,4,0,0,,,,,,,,,,,,,,,,,,,,
2026-07-21 16:28:41,86484.796875,B0DB8AF16E20,0001,male,C57BL/6,1.1.1,FR1_Approach,0,Approach,56,104,30,4,0,0,,,,,,,,,,,,,,,,,,,,
2026-07-21 16:28:52,86496.218750,B0DB8AF16E20,0001,male,C57BL/6,1.1.1,FR1_Approach,0,PelletDrop,57,104,30,4,0,0,,,,,,,,,,,,,,,,,,,,
2026-07-21 16:28:57,86501.078125,B0DB8AF16E20,0001,male,C57BL/6,1.1.1,FR1_Approach,0,PelletTaken,57,104,30,4,0,0,4.339,50.000,0,4,,,,,,,,,,,,,,,,
2026-07-21 16:34:39,86843.328125,B0DB8AF16E20,0001,male,C57BL/6,1.1.1,FR1_Approach,0,Status,57,104,30,4,0,0,,,,,Disabled,24.0,43.6,988.5,16.7,0.029,30.000,247724,339964,181492,18452,3.97,74.55
2026-07-21 16:45:22,87487.007812,B0DB8AF16E20,0001,male,C57BL/6,1.1.1,FR1_Approach,0,Status,57,104,30,4,0,0,,,,,Disabled,24.0,43.7,988.4,16.8,0.000,14.000,247724,339964,181492,18589,3.97,74.38
2026-07-21 16:56:00,88125.765625,B0DB8AF16E20,0001,male,C57BL/6,1.1.1,FR1_Approach,0,Status,57,104,30,4,0,0,,,,,Disabled,24.0,43.8,988.4,16.8,0.000,14.000,247724,339964,181492,18726,3.97,74.38
2026-07-21 17:06:43,88769.546875,B0DB8AF16E20,0001,male,C57BL/6,1.1.1,FR1_Approach,0,Status,57,104,30,4,0,0,,,,,Disabled,24.0,43.7,988.3,16.9,0.000,18.000,247724,339964,181492,18863,3.97,74.22
2026-07-21 17:17:21,89407.281250,B0DB8AF16E20,0001,male,C57BL/6,1.1.1,FR1_Approach,0,Status,57,104,30,4,0,0,,,,,Disabled,24.0,43.7,988.3,16.8,0.245,118.000,247724,339964,181492,19000,3.98,74.22
2026-07-21 17:28:03,90051.070312,B0DB8AF16E20,0001,male,C57BL/6,1.1.1,FR1_Approach,0,Status,57,104,30,4,0,0,,,,,Disabled,24.0,43.6,988.3,16.9,0.029,32.000,247724,339964,181492,19137,3.97,74.05
2026-07-21 17:38:49,90697.757812,B0DB8AF16E20,0001,male,C57BL/6,1.1.1,FR1_Approach,0,Status,57,104,30,4,0,0,,,,,Disabled,24.0,43.6,988.2,16.8,0.000,18.000,247724,339964,181492,19274,3.97,74.05
2026-07-21 17:49:32,91341.515625,B0DB8AF16E20,0001,male,C57BL/6,1.1.1,FR1_Approach,0,Status,57,104,30,4,0,0,,,,,Disabled,24.0,43.6,988.3,16.9,0.000,18.000,247724,339964,181492,19411,3.97,73.89
2026-07-21 18:00:18,91988.210938,B0DB8AF16E20,0001,male,C57BL/6,1.1.1,FR1_Approach,0,Status,57,104,30,4,0,0,,,,,Disabled,24.0,43.6,988.3,16.9,0.000,0.000,247724,339964,181492,19548,3.97,73.73
2026-07-21 18:11:00,92631.046875,B0DB8AF16E20,0001,male,C57BL/6,1.1.1,FR1_Approach,0,Status,57,104,30,4,0,0,,,,,Disabled,24.0,43.6,988.4,16.9,0.000,0.000,247724,339964,181492,19685,3.97,73.73
2026-07-21 18:21:37,93268.781250,B0DB8AF16E20,0001,male,C57BL/6,1.1.1,FR1_Approach,0,Status,57,104,30,4,0,0,,,,,Disabled,24.0,43.7,988.5,17.0,0.000,0.000,247724,339964,181492,19822,3.97,73.56
2026-07-21 18:32:21,93913.562500,B0DB8AF16E20,0001,male,C57BL/6,1.1.1,FR1_Approach,0,Status,57,104,30,4,0,0,,,,,Disabled,24.0,43.6,988.6,16.9,0.000,0.000,247724,339964,181492,19959,3.96,73.40
2026-07-21 18:37:33,94225.867188,B0DB8AF16E20,0001,male,C57BL/6,1.1.1,FR1_Approach,0,Left,57,105,30,4,0,0,,,,,,,,,,,,,,,,,,,,
2026-07-21 18:37:34,94226.992188,B0DB8AF16E20,0001,male,C57BL/6,1.1.1,FR1_Approach,0,Approach,57,105,30,4,0,0,,,,,,,,,,,,,,,,,,,,
2026-07-21 18:37:38,94230.851562,B0DB8AF16E20,0001,male,C57BL/6,1.1.1,FR1_Approach,0,PelletDrop,58,105,30,4,0,0,,,,,,,,,,,,,,,,,,,,
2026-07-21 18:37:39,94231.484375,B0DB8AF16E20,0001,male,C57BL/6,1.1.1,FR1_Approach,0,PelletTaken,58,105,30,4,0,0,0.104,21.000,0,1,,,,,,,,,,,,,,,,
2026-07-21 18:38:03,94255.328125,B0DB8AF16E20,0001,male,C57BL/6,1.1.1,FR1_Approach,0,Left,58,106,30,4,0,0,,,,,,,,,,,,,,,,,,,,
2026-07-21 18:38:04,94256.460938,B0DB8AF16E20,0001,male,C57BL/6,1.1.1,FR1_Approach,0,Approach,58,106,30,4,0,0,,,,,,,,,,,,,,,,,,,,
2026-07-21 18:38:09,94261.414062,B0DB8AF16E20,0001,male,C57BL/6,1.1.1,FR1_Approach,0,PelletDrop,59,106,30,4,0,0,,,,,,,,,,,,,,,,,,,,
2026-07-21 18:38:18,94270.976562,B0DB8AF16E20,0001,male,C57BL/6,1.1.1,FR1_Approach,0,PelletTaken,59,106,30,4,0,0,9.035,69.000,0,2,,,,,,,,,,,,,,,,
2026-07-21 18:39:32,94344.781250,B0DB8AF16E20,0001,male,C57BL/6,1.1.1,FR1_Approach,0,Right,59,106,31,4,0,0,,,,,,,,,,,,,,,,,,,,
2026-07-21 18:39:36,94349.320312,B0DB8AF16E20,0001,male,C57BL/6,1.1.1,FR1_Approach,0,Right,59,106,32,4,0,0,,,,,,,,,,,,,,,,,,,,
2026-07-21 18:42:58,94551.328125,B0DB8AF16E20,0001,male,C57BL/6,1.1.1,FR1_Approach,0,Status,59,106,32,4,0,0,,,,,Disabled,24.0,43.8,988.7,16.9,0.000,0.000,247724,339964,181492,20092,3.96,73.40
2026-07-21 18:48:29,94882.234375,B0DB8AF16E20,0001,male,C57BL/6,1.1.1,FR1_Approach,0,Right,59,106,33,4,0,0,,,,,,,,,,,,,,,,,,,,
2026-07-21 18:48:34,94887.851562,B0DB8AF16E20,0001,male,C57BL/6,1.1.1,FR1_Approach,0,Right,59,106,34,4,0,0,,,,,,,,,,,,,,,,,,,,
2026-07-21 18:48:55,94908.617188,B0DB8AF16E20,0001,male,C57BL/6,1.1.1,FR1_Approach,0,Right,59,106,35,4,0,0,,,,,,,,,,,,,,,,,,,,
2026-07-21 18:49:00,94913.390625,B0DB8AF16E20,0001,male,C57BL/6,1.1.1,FR1_Approach,0,Right,59,106,36,4,0,0,,,,,,,,,,,,,,,,,,,,
2026-07-21 18:49:01,94914.906250,B0DB8AF16E20,0001,male,C57BL/6,1.1.1,FR1_Approach,0,Right,59,106,37,4,0,0,,,,,,,,,,,,,,,,,,,,
2026-07-21 18:49:08,94921.328125,B0DB8AF16E20,0001,male,C57BL/6,1.1.1,FR1_Approach,0,Left,59,107,37,4,0,0,,,,,,,,,,,,,,,,,,,,
2026-07-21 18:49:09,94922.460938,B0DB8AF16E20,0001,male,C57BL/6,1.1.1,FR1_Approach,0,Approach,59,107,37,4,0,0,,,,,,,,,,,,,,,,,,,,
2026-07-21 18:49:16,94929.679688,B0DB8AF16E20,0001,male,C57BL/6,1.1.1,FR1_Approach,0,PelletDrop,60,107,37,4,0,0,,,,,,,,,,,,,,,,,,,,
2026-07-21 18:49:27,94940.289062,B0DB8AF16E20,0001,male,C57BL/6,1.1.1,FR1_Approach,0,PelletTaken,60,107,37,4,0,0,10.069,60.000,0,3,,,,,,,,,,,,,,,,
2026-07-21 18:53:41,95195.046875,B0DB8AF16E20,0001,male,C57BL/6,1.1.1,FR1_Approach,0,Status,60,107,37,4,0,0,,,,,Disabled,24.1,43.7,988.8,16.9,0.000,0.000,247724,339964,181492,20227,3.97,73.23
2026-07-21 19:04:27,95841.851562,B0DB8AF16E20,0001,male,C57BL/6,1.1.1,FR1_Approach,0,Status,60,107,37,4,0,0,,,,,Disabled,24.1,43.5,988.8,16.8,0.000,0.000,247724,339964,181492,20364,3.96,73.23
2026-07-21 19:15:13,96488.546875,B0DB8AF16E20,0001,male,C57BL/6,1.1.1,FR1_Approach,0,Status,60,107,37,4,0,0,,,,,Disabled,24.1,43.6,988.9,16.8,0.000,0.000,247724,339964,181492,20501,3.96,73.07
2026-07-21 19:17:06,96601.921875,B0DB8AF16E20,0001,male,C57BL/6,1.1.1,FR1_Approach,0,Left,60,108,37,4,0,0,,,,,,,,,,,,,,,,,,,,
2026-07-21 19:17:07,96603.054688,B0DB8AF16E20,0001,male,C57BL/6,1.1.1,FR1_Approach,0,Approach,60,108,37,4,0,0,,,,,,,,,,,,,,,,,,,,
2026-07-21 19:17:12,96608.070312,B0DB8AF16E20,0001,male,C57BL/6,1.1.1,FR1_Approach,0,PelletDrop,61,108,37,4,0,0,,,,,,,,,,,,,,,,,,,,
2026-07-21 19:17:25,96620.406250,B0DB8AF16E20,0001,male,C57BL/6,1.1.1,FR1_Approach,0,PelletTaken,61,108,37,4,0,0,11.808,178.000,0,2,,,,,,,,,,,,,,,,
2026-07-21 19:18:02,96657.820312,B0DB8AF16E20,0001,male,C57BL/6,1.1.1,FR1_Approach,0,Left,61,109,37,4,0,0,,,,,,,,,,,,,,,,,,,,
2026-07-21 19:18:03,96658.953125,B0DB8AF16E20,0001,male,C57BL/6,1.1.1,FR1_Approach,0,Approach,61,109,37,4,0,0,,,,,,,,,,,,,,,,,,,,
2026-07-21 19:18:08,96663.960938,B0DB8AF16E20,0001,male,C57BL/6,1.1.1,FR1_Approach,0,PelletDrop,62,109,37,4,0,0,,,,,,,,,,,,,,,,,,,,
2026-07-21 19:18:16,96672.156250,B0DB8AF16E20,0001,male,C57BL/6,1.1.1,FR1_Approach,0,PelletTaken,62,109,37,4,0,0,7.661,70.000,0,2,,,,,,,,,,,,,,,,
2026-07-21 19:25:55,97131.281250,B0DB8AF16E20,0001,male,C57BL/6,1.1.1,FR1_Approach,0,Status,62,109,37,4,0,0,,,,,Disabled,24.1,43.8,989.0,16.8,0.000,0.000,247724,339964,181492,20631,3.95,72.91
2026-07-21 19:36:33,97770.031250,B0DB8AF16E20,0001,male,C57BL/6,1.1.1,FR1_Approach,0,Status,62,109,37,4,0,0,,,,,Disabled,24.1,43.9,989.0,16.9,0.000,0.000,247724,339964,181492,20768,3.96,72.74
2026-07-21 19:36:46,97782.921875,B0DB8AF16E20,0001,male,C57BL/6,1.1.1,FR1_Approach,0,Left,62,110,37,4,0,0,,,,,,,,,,,,,,,,,,,,
2026-07-21 19:36:47,97784.054688,B0DB8AF16E20,0001,male,C57BL/6,1.1.1,FR1_Approach,0,Approach,62,110,37,4,0,0,,,,,,,,,,,,,,,,,,,,
2026-07-21 19:36:50,97786.835938,B0DB8AF16E20,0001,male,C57BL/6,1.1.1,FR1_Approach,0,PelletDrop,63,110,37,4,0,0,,,,,,,,,,,,,,,,,,,,
2026-07-21 19:36:51,97787.968750,B0DB8AF16E20,0001,male,C57BL/6,1.1.1,FR1_Approach,0,PelletNotDetected,63,110,37,4,0,0,,,,,,,,,,,,,,,,,,,,
2026-07-21 19:37:16,97813.671875,B0DB8AF16E20,0001,male,C57BL/6,1.1.1,FR1_Approach,0,Left,63,111,37,4,0,0,,,,,,,,,,,,,,,,,,,,
2026-07-21 19:37:18,97814.804688,B0DB8AF16E20,0001,male,C57BL/6,1.1.1,FR1_Approach,0,Approach,63,111,37,4,0,0,,,,,,,,,,,,,,,,,,,,
2026-07-21 19:37:27,97823.945312,B0DB8AF16E20,0001,male,C57BL/6,1.1.1,FR1_Approach,0,PelletDrop,64,111,37,4,0,0,,,,,,,,,,,,,,,,,,,,
2026-07-21 19:37:34,97831.171875,B0DB8AF16E20,0001,male,C57BL/6,1.1.1,FR1_Approach,0,PelletTaken,64,111,37,4,0,0,6.681,119.000,0,4,,,,,,,,,,,,,,,,
2026-07-21 19:37:59,97855.976562,B0DB8AF16E20,0001,male,C57BL/6,1.1.1,FR1_Approach,0,Left,64,112,37,4,0,0,,,,,,,,,,,,,,,,,,,,
2026-07-21 19:38:00,97857.109375,B0DB8AF16E20,0001,male,C57BL/6,1.1.1,FR1_Approach,0,Approach,64,112,37,4,0,0,,,,,,,,,,,,,,,,,,,,
2026-07-21 19:38:11,97868.523438,B0DB8AF16E20,0001,male,C57BL/6,1.1.1,FR1_Approach,0,PelletDrop,65,112,37,4,0,0,,,,,,,,,,,,,,,,,,,,
2026-07-21 19:38:15,97872.234375,B0DB8AF16E20,0001,male,C57BL/6,1.1.1,FR1_Approach,0,PelletTaken,65,112,37,4,0,0,3.173,187.000,0,4,,,,,,,,,,,,,,,,
2026-07-21 19:47:14,98410.820312,B0DB8AF16E20,0001,male,C57BL/6,1.1.1,FR1_Approach,0,Status,65,112,37,4,0,0,,,,,Disabled,24.1,44.0,989.2,16.8,0.000,0.000,247724,339964,181492,20897,3.97,72.58
2026-07-21 19:57:52,99049.515625,B0DB8AF16E20,0001,male,C57BL/6,1.1.1,FR1_Approach,0,Status,65,112,37,4,0,0,,,,,Disabled,24.1,44.1,989.2,16.7,0.000,0.000,247724,339964,181492,21034,3.96,72.58
2026-07-21 20:00:42,99219.859375,B0DB8AF16E20,0001,male,C57BL/6,1.1.1,FR1_Approach,0,Right,65,112,38,4,0,0,,,,,,,,,,,,,,,,,,,,
2026-07-21 20:08:39,99698.234375,B0DB8AF16E20,0001,male,C57BL/6,1.1.1,FR1_Approach,0,Status,65,112,38,4,0,0,,,,,Disabled,24.1,43.9,989.3,16.7,0.000,0.000,247724,339964,181492,21171,3.96,72.41
2026-07-21 20:12:46,99945.281250,B0DB8AF16E20,0001,male,C57BL/6,1.1.1,FR1_Approach,0,Right,65,112,39,4,0,0,,,,,,,,,,,,,,,,,,,,
2026-07-21 20:19:19,100338.992188,B0DB8AF16E20,0001,male,C57BL/6,1.1.1,FR1_Approach,0,Status,65,112,39,4,0,0,,,,,Disabled,24.1,44.2,989.4,16.6,0.000,0.000,247724,339964,181492,21308,3.97,72.41
2026-07-21 20:20:02,100381.593750,B0DB8AF16E20,0001,male,C57BL/6,1.1.1,FR1_Approach,0,Right,65,112,40,4,0,0,,,,,,,,,,,,,,,,,,,,
2026-07-21 20:29:58,100978.671875,B0DB8AF16E20,0001,male,C57BL/6,1.1.1,FR1_Approach,0,Status,65,112,40,4,0,0,,,,,Disabled,24.1,44.9,989.5,16.6,0.000,0.000,247724,339964,181492,21445,3.96,72.41
2026-07-21 20:40:38,101619.460938,B0DB8AF16E20,0001,male,C57BL/6,1.1.1,FR1_Approach,0,Status,65,112,40,4,0,0,,,,,Disabled,24.1,44.7,989.6,16.6,0.000,0.000,247724,339964,181492,21582,3.95,72.25
2026-07-21 20:42:58,101760.250000,B0DB8AF16E20,0001,male,C57BL/6,1.1.1,FR1_Approach,0,Left,65,113,40,4,0,0,,,,,,,,,,,,,,,,,,,,
2026-07-21 20:42:59,101761.382812,B0DB8AF16E20,0001,male,C57BL/6,1.1.1,FR1_Approach,0,Approach,65,113,40,4,0,0,,,,,,,,,,,,,,,,,,,,
2026-07-21 20:43:03,101765.296875,B0DB8AF16E20,0001,male,C57BL/6,1.1.1,FR1_Approach,0,PelletDrop,66,113,40,4,0,0,,,,,,,,,,,,,,,,,,,,
2026-07-21 20:43:04,101766.421875,B0DB8AF16E20,0001,male,C57BL/6,1.1.1,FR1_Approach,0,PelletNotDetected,66,113,40,4,0,0,,,,,,,,,,,,,,,,,,,,
2026-07-21 20:43:23,101785.289062,B0DB8AF16E20,0001,male,C57BL/6,1.1.1,FR1_Approach,0,Left,66,114,40,4,0,0,,,,,,,,,,,,,,,,,,,,
2026-07-21 20:43:24,101786.421875,B0DB8AF16E20,0001,male,C57BL/6,1.1.1,FR1_Approach,0,Approach,66,114,40,4,0,0,,,,,,,,,,,,,,,,,,,,
2026-07-21 20:43:28,101790.218750,B0DB8AF16E20,0001,male,C57BL/6,1.1.1,FR1_Approach,0,PelletDrop,67,114,40,4,0,0,,,,,,,,,,,,,,,,,,,,
2026-07-21 20:43:29,101791.335938,B0DB8AF16E20,0001,male,C57BL/6,1.1.1,FR1_Approach,0,PelletNotDetected,67,114,40,4,0,0,,,,,,,,,,,,,,,,,,,,
2026-07-21 20:43:45,101806.734375,B0DB8AF16E20,0001,male,C57BL/6,1.1.1,FR1_Approach,0,Left,67,115,40,4,0,0,,,,,,,,,,,,,,,,,,,,
2026-07-21 20:43:46,101807.867188,B0DB8AF16E20,0001,male,C57BL/6,1.1.1,FR1_Approach,0,Approach,67,115,40,4,0,0,,,,,,,,,,,,,,,,,,,,
2026-07-21 20:43:54,101815.976562,B0DB8AF16E20,0001,male,C57BL/6,1.1.1,FR1_Approach,0,PelletDrop,68,115,40,4,0,0,,,,,,,,,,,,,,,,,,,,
2026-07-21 20:43:57,101819.375000,B0DB8AF16E20,0001,male,C57BL/6,1.1.1,FR1_Approach,0,PelletTaken,68,115,40,4,0,0,2.875,40.000,0,5,,,,,,,,,,,,,,,,
2026-07-21 20:44:19,101840.601562,B0DB8AF16E20,0001,male,C57BL/6,1.1.1,FR1_Approach,0,Left,68,116,40,4,0,0,,,,,,,,,,,,,,,,,,,,
2026-07-21 20:44:20,101841.734375,B0DB8AF16E20,0001,male,C57BL/6,1.1.1,FR1_Approach,0,Approach,68,116,40,4,0,0,,,,,,,,,,,,,,,,,,,,
2026-07-21 20:44:25,101846.695312,B0DB8AF16E20,0001,male,C57BL/6,1.1.1,FR1_Approach,0,PelletDrop,69,116,40,4,0,0,,,,,,,,,,,,,,,,,,,,
2026-07-21 20:44:31,101853.093750,B0DB8AF16E20,0001,male,C57BL/6,1.1.1,FR1_Approach,0,PelletTaken,69,116,40,4,0,0,5.868,89.000,0,2,,,,,,,,,,,,,,,,
2026-07-21 20:44:51,101873.265625,B0DB8AF16E20,0001,male,C57BL/6,1.1.1,FR1_Approach,0,Left,69,117,40,4,0,0,,,,,,,,,,,,,,,,,,,,
2026-07-21 20:44:52,101874.406250,B0DB8AF16E20,0001,male,C57BL/6,1.1.1,FR1_Approach,0,Approach,69,117,40,4,0,0,,,,,,,,,,,,,,,,,,,,
2026-07-21 20:44:57,101879.406250,B0DB8AF16E20,0001,male,C57BL/6,1.1.1,FR1_Approach,0,PelletDrop,70,117,40,4,0,0,,,,,,,,,,,,,,,,,,,,
2026-07-21 20:45:06,101887.687500,B0DB8AF16E20,0001,male,C57BL/6,1.1.1,FR1_Approach,0,PelletTaken,70,117,40,4,0,0,7.749,22.000,0,2,,,,,,,,,,,,,,,,
2026-07-21 20:45:30,101911.718750,B0DB8AF16E20,0001,male,C57BL/6,1.1.1,FR1_Approach,0,Left,70,118,40,4,0,0,,,,,,,,,,,,,,,,,,,,
2026-07-21 20:45:31,101912.859375,B0DB8AF16E20,0001,male,C57BL/6,1.1.1,FR1_Approach,0,Approach,70,118,40,4,0,0,,,,,,,,,,,,,,,,,,,,
2026-07-21 20:45:36,101917.867188,B0DB8AF16E20,0001,male,C57BL/6,1.1.1,FR1_Approach,0,PelletDrop,71,118,40,4,0,0,,,,,,,,,,,,,,,,,,,,
2026-07-21 20:45:44,101926.109375,B0DB8AF16E20,0001,male,C57BL/6,1.1.1,FR1_Approach,0,PelletTaken,71,118,40,4,0,0,7.715,89.000,0,2,,,,,,,,,,,,,,,,
2026-07-21 20:51:27,102269.179688,B0DB8AF16E20,0001,male,C57BL/6,1.1.1,FR1_Approach,0,Status,71,118,40,4,0,0,,,,,Disabled,24.1,44.4,989.8,16.5,0.000,0.000,247724,339964,181492,21706,3.96,72.09
2026-07-21 20:58:24,102687.265625,B0DB8AF16E20,0001,male,C57BL/6,1.1.1,FR1_Approach,0,Right,71,118,41,4,0,0,,,,,,,,,,,,,,,,,,,,
2026-07-21 21:02:07,102909.968750,B0DB8AF16E20,0001,male,C57BL/6,1.1.1,FR1_Approach,0,Status,71,118,41,4,0,0,,,,,Disabled,24.2,44.8,990.0,16.5,0.000,0.000,247724,339964,181492,21843,3.95,71.92
2026-07-21 21:08:55,103318.742188,B0DB8AF16E20,0001,male,C57BL/6,1.1.1,FR1_Approach,0,Left,71,119,41,4,0,0,,,,,,,,,,,,,,,,,,,,
2026-07-21 21:08:56,103319.890625,B0DB8AF16E20,0001,male,C57BL/6,1.1.1,FR1_Approach,0,Approach,71,119,41,4,0,0,,,,,,,,,,,,,,,,,,,,
2026-07-21 21:09:01,103324.890625,B0DB8AF16E20,0001,male,C57BL/6,1.1.1,FR1_Approach,0,PelletDrop,72,119,41,4,0,0,,,,,,,,,,,,,,,,,,,,
2026-07-21 21:09:14,103337.882812,B0DB8AF16E20,0001,male,C57BL/6,1.1.1,FR1_Approach,0,PelletTaken,72,119,41,4,0,0,12.468,51.000,0,2,,,,,,,,,,,,,,,,
2026-07-21 21:09:32,103355.976562,B0DB8AF16E20,0001,male,C57BL/6,1.1.1,FR1_Approach,0,Left,72,120,41,4,0,0,,,,,,,,,,,,,,,,,,,,
2026-07-21 21:09:33,103357.125000,B0DB8AF16E20,0001,male,C57BL/6,1.1.1,FR1_Approach,0,Approach,72,120,41,4,0,0,,,,,,,,,,,,,,,,,,,,
2026-07-21 21:09:38,103362.125000,B0DB8AF16E20,0001,male,C57BL/6,1.1.1,FR1_Approach,0,PelletDrop,73,120,41,4,0,0,,,,,,,,,,,,,,,,,,,,
2026-07-21 21:09:46,103370.226562,B0DB8AF16E20,0001,male,C57BL/6,1.1.1,FR1_Approach,0,PelletTaken,73,120,41,4,0,0,7.573,23.000,0,2,,,,,,,,,,,,,,,,
2026-07-21 21:12:47,103550.640625,B0DB8AF16E20,0001,male,C57BL/6,1.1.1,FR1_Approach,0,Status,73,120,41,4,0,0,,,,,Disabled,24.2,44.5,990.2,16.5,0.000,0.000,247724,339964,181492,21973,3.95,71.76
2026-07-21 21:23:36,104200.429688,B0DB8AF16E20,0001,male,C57BL/6,1.1.1,FR1_Approach,0,Status,73,120,41,4,0,0,,,,,Disabled,24.2,44.4,990.4,16.5,0.000,0.000,247724,339964,181492,22110,3.96,71.76
2026-07-21 21:34:18,104843.148438,B0DB8AF16E20,0001,male,C57BL/6,1.1.1,FR1_Approach,0,Status,73,120,41,4,0,0,,,,,Disabled,24.2,44.6,990.6,16.5,0.000,0.000,247724,339964,181492,22247,3.95,71.59
2026-07-21 21:44:58,105483.875000,B0DB8AF16E20,0001,male,C57BL/6,1.1.1,FR1_Approach,0,Status,73,120,41,4,0,0,,,,,Disabled,24.1,44.8,990.8,16.6,0.000,0.000,247724,339964,181492,22384,3.96,71.59
2026-07-21 21:55:40,106126.546875,B0DB8AF16E20,0001,male,C57BL/6,1.1.1,FR1_Approach,0,Status,73,120,41,4,0,0,,,,,Disabled,24.1,44.9,991.0,16.6,0.000,0.000,247724,339964,181492,22521,3.95,71.59
2026-07-21 22:06:21,106768.265625,B0DB8AF16E20,0001,male,C57BL/6,1.1.1,FR1_Approach,0,Status,73,120,41,4,0,0,,,,,Disabled,24.1,44.9,991.1,16.6,0.000,0.000,247724,339964,181492,22658,3.95,71.43
2026-07-21 22:17:06,107412.992188,B0DB8AF16E20,0001,male,C57BL/6,1.1.1,FR1_Approach,0,Status,73,120,41,4,0,0,,,,,Disabled,24.1,44.8,991.3,16.5,0.000,0.000,247724,339964,181492,22795,3.96,71.43
2026-07-21 22:27:45,108053.687500,B0DB8AF16E20,0001,male,C57BL/6,1.1.1,FR1_Approach,0,Status,73,120,41,4,0,0,,,,,Disabled,24.0,44.9,991.5,16.5,0.000,0.000,247724,339964,181492,22932,3.95,71.27
2026-07-21 22:36:06,108555.179688,B0DB8AF16E20,0001,male,C57BL/6,1.1.1,FR1_Approach,0,Center,73,120,41,5,0,0,,,,,,,,,,,,,,,,,,,,
2026-07-21 22:36:09,108558.054688,B0DB8AF16E20,0001,male,C57BL/6,1.1.1,FR1_Approach,0,Right,73,120,42,5,0,0,,,,,,,,,,,,,,,,,,,,
2026-07-21 22:36:17,108566.140625,B0DB8AF16E20,0001,male,C57BL/6,1.1.1,FR1_Approach,0,Right,73,120,43,5,0,0,,,,,,,,,,,,,,,,,,,,
2026-07-21 22:36:30,108578.968750,B0DB8AF16E20,0001,male,C57BL/6,1.1.1,FR1_Approach,0,Left,73,121,43,5,0,0,,,,,,,,,,,,,,,,,,,,
2026-07-21 22:36:33,108581.695312,B0DB8AF16E20,0001,male,C57BL/6,1.1.1,FR1_Approach,0,No_approach,73,121,43,5,0,0,,,,,,,,,,,,,,,,,,,,
2026-07-21 22:36:37,108585.664062,B0DB8AF16E20,0001,male,C57BL/6,1.1.1,FR1_Approach,0,Left,73,122,43,5,0,0,,,,,,,,,,,,,,,,,,,,
2026-07-21 22:36:39,108588.375000,B0DB8AF16E20,0001,male,C57BL/6,1.1.1,FR1_Approach,0,No_approach,73,122,43,5,0,0,,,,,,,,,,,,,,,,,,,,
2026-07-21 22:36:41,108589.976562,B0DB8AF16E20,0001,male,C57BL/6,1.1.1,FR1_Approach,0,Left,73,123,43,5,0,0,,,,,,,,,,,,,,,,,,,,
2026-07-21 22:36:44,108592.695312,B0DB8AF16E20,0001,male,C57BL/6,1.1.1,FR1_Approach,0,No_approach,73,123,43,5,0,0,,,,,,,,,,,,,,,,,,,,
2026-07-21 22:37:33,108642.320312,B0DB8AF16E20,0001,male,C57BL/6,1.1.1,FR1_Approach,0,Center,73,123,43,6,0,0,,,,,,,,,,,,,,,,,,,,
2026-07-21 22:38:30,108699.375000,B0DB8AF16E20,0001,male,C57BL/6,1.1.1,FR1_Approach,0,Status,73,123,43,6,0,0,,,,,Disabled,24.1,44.7,991.6,16.5,0.000,0.000,247724,339964,181492,23069,3.95,71.10
2026-07-21 22:49:14,109344.148438,B0DB8AF16E20,0001,male,C57BL/6,1.1.1,FR1_Approach,0,Status,73,123,43,6,0,0,,,,,Disabled,24.1,44.8,991.7,16.5,0.000,0.000,247724,339964,181492,23206,3.95,71.10
2026-07-21 22:59:57,109987.976562,B0DB8AF16E20,0001,male,C57BL/6,1.1.1,FR1_Approach,0,Status,73,123,43,6,0,0,,,,,Disabled,24.1,44.8,991.9,16.6,0.000,0.000,247724,339964,181492,23343,3.95,70.94
2026-07-21 23:05:02,110294.007812,B0DB8AF16E20,0001,male,C57BL/6,1.1.1,FR1_Approach,0,Left,73,124,43,6,0,0,,,,,,,,,,,,,,,,,,,,
2026-07-21 23:05:05,110296.718750,B0DB8AF16E20,0001,male,C57BL/6,1.1.1,FR1_Approach,0,No_approach,73,124,43,6,0,0,,,,,,,,,,,,,,,,,,,,
2026-07-21 23:08:23,110495.242188,B0DB8AF16E20,0001,male,C57BL/6,1.1.1,FR1_Approach,0,Left,73,125,43,6,0,0,,,,,,,,,,,,,,,,,,,,
2026-07-21 23:08:26,110497.960938,B0DB8AF16E20,0001,male,C57BL/6,1.1.1,FR1_Approach,0,No_approach,73,125,43,6,0,0,,,,,,,,,,,,,,,,,,,,
2026-07-21 23:08:29,110500.929688,B0DB8AF16E20,0001,male,C57BL/6,1.1.1,FR1_Approach,0,Left,73,126,43,6,0,0,,,,,,,,,,,,,,,,,,,,
2026-07-21 23:08:32,110503.640625,B0DB8AF16E20,0001,male,C57BL/6,1.1.1,FR1_Approach,0,No_approach,73,126,43,6,0,0,,,,,,,,,,,,,,,,,,,,
2026-07-21 23:08:41,110512.515625,B0DB8AF16E20,0001,male,C57BL/6,1.1.1,FR1_Approach,0,Left,73,127,43,6,0,0,,,,,,,,,,,,,,,,,,,,
2026-07-21 23:08:44,110515.593750,B0DB8AF16E20,0001,male,C57BL/6,1.1.1,FR1_Approach,0,Approach,73,127,43,6,0,0,,,,,,,,,,,,,,,,,,,,
2026-07-21 23:08:49,110520.593750,B0DB8AF16E20,0001,male,C57BL/6,1.1.1,FR1_Approach,0,PelletDrop,74,127,43,6,0,0,,,,,,,,,,,,,,,,,,,,
2026-07-21 23:08:59,110530.382812,B0DB8AF16E20,0001,male,C57BL/6,1.1.1,FR1_Approach,0,PelletTaken,74,127,43,6,0,0,9.245,51.000,0,2,,,,,,,,,,,,,,,,
2026-07-21 23:09:18,110549.546875,B0DB8AF16E20,0001,male,C57BL/6,1.1.1,FR1_Approach,0,Left,74,128,43,6,0,0,,,,,,,,,,,,,,,,,,,,
2026-07-21 23:09:20,110552.265625,B0DB8AF16E20,0001,male,C57BL/6,1.1.1,FR1_Approach,0,No_approach,74,128,43,6,0,0,,,,,,,,,,,,,,,,,,,,
2026-07-21 23:10:46,110637.562500,B0DB8AF16E20,0001,male,C57BL/6,1.1.1,FR1_Approach,0,Status,74,128,43,6,0,0,,,,,Disabled,24.2,44.3,991.9,16.6,0.000,0.000,247724,339964,181492,23475,3.95,70.77
2026-07-21 23:21:28,111280.335938,B0DB8AF16E20,0001,male,C57BL/6,1.1.1,FR1_Approach,0,Status,74,128,43,6,0,0,,,,,Disabled,24.1,44.9,992.0,16.7,0.000,0.000,247724,339964,181492,23612,3.94,70.77
2026-07-21 23:32:17,111930.117188,B0DB8AF16E20,0001,male,C57BL/6,1.1.1,FR1_Approach,0,Status,74,128,43,6,0,0,,,,,Disabled,24.1,44.8,992.1,16.5,0.000,0.000,247724,339964,181492,23749,3.94,70.61
2026-07-21 23:43:01,112574.890625,B0DB8AF16E20,0001,male,C57BL/6,1.1.1,FR1_Approach,0,Status,74,128,43,6,0,0,,,,,Disabled,24.1,45.0,992.2,16.5,0.000,0.000,247724,339964,181492,23886,3.94,70.61
2026-07-21 23:53:50,113224.656250,B0DB8AF16E20,0001,male,C57BL/6,1.1.1,FR1_Approach,0,Status,74,128,43,6,0,0,,,,,Disabled,24.1,44.8,992.2,16.5,0.000,0.000,247724,339964,181492,24023,3.94,70.45
2026-07-21 23:55:21,113316.070312,B0DB8AF16E20,0001,male,C57BL/6,1.1.1,FR1_Approach,0,Left,74,129,43,6,0,0,,,,,,,,,,,,,,,,,,,,
2026-07-21 23:55:23,113317.203125,B0DB8AF16E20,0001,male,C57BL/6,1.1.1,FR1_Approach,0,Approach,74,129,43,6,0,0,,,,,,,,,,,,,,,,,,,,
2026-07-21 23:55:28,113322.218750,B0DB8AF16E20,0001,male,C57BL/6,1.1.1,FR1_Approach,0,PelletDrop,75,129,43,6,0,0,,,,,,,,,,,,,,,,,,,,
2026-07-21 23:55:35,113329.523438,B0DB8AF16E20,0001,male,C57BL/6,1.1.1,FR1_Approach,0,PelletTaken,75,129,43,6,0,0,6.781,99.000,0,2,,,,,,,,,,,,,,,,
2026-07-21 23:55:56,113350.796875,B0DB8AF16E20,0001,male,C57BL/6,1.1.1,FR1_Approach,0,Left,75,130,43,6,0,0,,,,,,,,,,,,,,,,,,,,
2026-07-21 23:55:57,113351.937500,B0DB8AF16E20,0001,male,C57BL/6,1.1.1,FR1_Approach,0,Approach,75,130,43,6,0,0,,,,,,,,,,,,,,,,,,,,
2026-07-21 23:56:02,113356.945312,B0DB8AF16E20,0001,male,C57BL/6,1.1.1,FR1_Approach,0,PelletDrop,76,130,43,6,0,0,,,,,,,,,,,,,,,,,,,,
2026-07-21 23:56:11,113365.437500,B0DB8AF16E20,0001,male,C57BL/6,1.1.1,FR1_Approach,0,PelletTaken,76,130,43,6,0,0,7.968,40.000,0,2,,,,,,,,,,,,,,,,
2026-07-21 23:56:30,113384.867188,B0DB8AF16E20,0001,male,C57BL/6,1.1.1,FR1_Approach,0,Left,76,131,43,6,0,0,,,,,,,,,,,,,,,,,,,,
2026-07-21 23:56:31,113386.007812,B0DB8AF16E20,0001,male,C57BL/6,1.1.1,FR1_Approach,0,Approach,76,131,43,6,0,0,,,,,,,,,,,,,,,,,,,,
2026-07-21 23:56:36,113391.007812,B0DB8AF16E20,0001,male,C57BL/6,1.1.1,FR1_Approach,0,PelletDrop,77,131,43,6,0,0,,,,,,,,,,,,,,,,,,,,
2026-07-21 23:56:46,113400.734375,B0DB8AF16E20,0001,male,C57BL/6,1.1.1,FR1_Approach,0,PelletTaken,77,131,43,6,0,0,9.200,50.000,0,2,,,,,,,,,,,,,,,,
2026-07-21 23:57:08,113423.070312,B0DB8AF16E20,0001,male,C57BL/6,1.1.1,FR1_Approach,0,Left,77,132,43,6,0,0,,,,,,,,,,,,,,,,,,,,
2026-07-21 23:57:09,113424.210938,B0DB8AF16E20,0001,male,C57BL/6,1.1.1,FR1_Approach,0,Approach,77,132,43,6,0,0,,,,,,,,,,,,,,,,,,,,
2026-07-21 23:57:14,113429.210938,B0DB8AF16E20,0001,male,C57BL/6,1.1.1,FR1_Approach,0,PelletDrop,78,132,43,6,0,0,,,,,,,,,,,,,,,,,,,,
2026-07-21 23:57:23,113437.570312,B0DB8AF16E20,0001,male,C57BL/6,1.1.1,FR1_Approach,0,PelletTaken,78,132,43,6,0,0,7.836,98.000,0,2,,,,,,,,,,,,,,,,
2026-07-21 23:58:01,113476.226562,B0DB8AF16E20,0001,male,C57BL/6,1.1.1,FR1_Approach,0,Left,78,133,43,6,0,0,,,,,,,,,,,,,,,,,,,,
2026-07-21 23:58:03,113477.367188,B0DB8AF16E20,0001,male,C57BL/6,1.1.1,FR1_Approach,0,Approach,78,133,43,6,0,0,,,,,,,,,,,,,,,,,,,,
2026-07-21 23:58:05,113480.156250,B0DB8AF16E20,0001,male,C57BL/6,1.1.1,FR1_Approach,0,PelletDrop,79,133,43,6,0,0,,,,,,,,,,,,,,,,,,,,
2026-07-21 23:58:06,113481.273438,B0DB8AF16E20,0001,male,C57BL/6,1.1.1,FR1_Approach,0,PelletNotDetected,79,133,43,6,0,0,,,,,,,,,,,,,,,,,,,,
2026-07-22 00:04:36,113871.210938,B0DB8AF16E20,0001,male,C57BL/6,1.1.1,FR1_Approach,0,Status,79,133,43,6,0,0,,,,,Disabled,24.2,44.7,992.3,16.5,0.000,0.000,247724,339964,181492,24146,3.94,70.28
2026-07-22 00:15:28,114523.914062,B0DB8AF16E20,0001,male,C57BL/6,1.1.1,FR1_Approach,0,Status,79,133,43,6,0,0,,,,,Disabled,24.2,44.5,992.3,16.4,0.000,0.000,247724,339964,181492,24283,3.94,70.28
2026-07-22 00:26:14,115170.679688,B0DB8AF16E20,0001,male,C57BL/6,1.1.1,FR1_Approach,0,Status,79,133,43,6,0,0,,,,,Disabled,24.2,44.4,992.4,16.4,0.000,0.000,247724,339964,181492,24420,3.94,70.12
2026-07-22 00:37:06,115823.406250,B0DB8AF16E20,0001,male,C57BL/6,1.1.1,FR1_Approach,0,Status,79,133,43,6,0,0,,,,,Disabled,24.3,44.2,992.4,16.3,0.000,0.000,247724,339964,181492,24557,3.94,69.95
2026-07-22 00:47:51,116469.093750,B0DB8AF16E20,0001,male,C57BL/6,1.1.1,FR1_Approach,0,Status,79,133,43,6,0,0,,,,,Disabled,24.3,44.2,992.5,16.5,0.000,0.000,247724,339964,181492,24694,3.92,69.95
2026-07-22 00:58:41,117119.843750,B0DB8AF16E20,0001,male,C57BL/6,1.1.1,FR1_Approach,0,Status,79,133,43,6,0,0,,,,,Disabled,24.3,44.1,992.5,16.4,0.000,0.000,247724,339964,181492,24831,3.94,69.79
2026-07-22 01:09:29,117768.617188,B0DB8AF16E20,0001,male,C57BL/6,1.1.1,FR1_Approach,0,Status,79,133,43,6,0,0,,,,,Disabled,24.3,44.3,992.6,16.3,0.000,0.000,247724,339964,181492,24968,3.94,69.79
2026-07-22 01:20:19,118419.265625,B0DB8AF16E20,0001,male,C57BL/6,1.1.1,FR1_Approach,0,Status,79,133,43,6,0,0,,,,,Disabled,24.3,44.1,992.6,16.3,0.000,0.000,247724,339964,181492,25105,3.93,69.62
2026-07-22 01:31:22,119081.937500,B0DB8AF16E20,0001,male,C57BL/6,1.1.1,FR1_Approach,0,Status,79,133,43,6,0,0,,,,,Disabled,24.4,43.7,992.5,16.3,0.000,0.000,247724,339964,181492,25242,3.94,69.46
2026-07-22 01:42:12,119733.757812,B0DB8AF16E20,0001,male,C57BL/6,1.1.1,FR1_Approach,0,Status,79,133,43,6,0,0,,,,,Disabled,24.4,43.9,992.6,16.4,0.000,0.000,247724,339964,181492,25379,3.93,69.46
2026-07-22 01:48:46,120127.804688,B0DB8AF16E20,0001,male,C57BL/6,1.1.1,FR1_Approach,0,Left,79,134,43,6,0,0,,,,,,,,,,,,,,,,,,,,
2026-07-22 01:48:47,120128.937500,B0DB8AF16E20,0001,male,C57BL/6,1.1.1,FR1_Approach,0,Approach,79,134,43,6,0,0,,,,,,,,,,,,,,,,,,,,
2026-07-22 01:48:52,120133.914062,B0DB8AF16E20,0001,male,C57BL/6,1.1.1,FR1_Approach,0,PelletDrop,80,134,43,6,0,0,,,,,,,,,,,,,,,,,,,,
2026-07-22 01:49:02,120144.445312,B0DB8AF16E20,0001,male,C57BL/6,1.1.1,FR1_Approach,0,PelletTaken,80,134,43,6,0,0,10.004,60.000,0,3,,,,,,,,,,,,,,,,
2026-07-22 01:49:28,120169.664062,B0DB8AF16E20,0001,male,C57BL/6,1.1.1,FR1_Approach,0,Left,80,135,43,6,0,0,,,,,,,,,,,,,,,,,,,,
2026-07-22 01:49:29,120170.804688,B0DB8AF16E20,0001,male,C57BL/6,1.1.1,FR1_Approach,0,Approach,80,135,43,6,0,0,,,,,,,,,,,,,,,,,,,,
2026-07-22 01:49:34,120176.296875,B0DB8AF16E20,0001,male,C57BL/6,1.1.1,FR1_Approach,0,PelletDrop,81,135,43,6,0,0,,,,,,,,,,,,,,,,,,,,
2026-07-22 01:49:42,120184.156250,B0DB8AF16E20,0001,male,C57BL/6,1.1.1,FR1_Approach,0,PelletTaken,81,135,43,6,0,0,7.331,12.000,0,2,,,,,,,,,,,,,,,,
2026-07-22 01:50:08,120210.109375,B0DB8AF16E20,0001,male,C57BL/6,1.1.1,FR1_Approach,0,Left,81,136,43,6,0,0,,,,,,,,,,,,,,,,,,,,
2026-07-22 01:50:09,120211.250000,B0DB8AF16E20,0001,male,C57BL/6,1.1.1,FR1_Approach,0,Approach,81,136,43,6,0,0,,,,,,,,,,,,,,,,,,,,
2026-07-22 01:50:12,120213.984375,B0DB8AF16E20,0001,male,C57BL/6,1.1.1,FR1_Approach,0,PelletDrop,82,136,43,6,0,0,,,,,,,,,,,,,,,,,,,,
2026-07-22 01:50:13,120215.109375,B0DB8AF16E20,0001,male,C57BL/6,1.1.1,FR1_Approach,0,PelletNotDetected,82,136,43,6,0,0,,,,,,,,,,,,,,,,,,,,
2026-07-22 01:50:33,120234.796875,B0DB8AF16E20,0001,male,C57BL/6,1.1.1,FR1_Approach,0,Left,82,137,43,6,0,0,,,,,,,,,,,,,,,,,,,,
2026-07-22 01:50:34,120235.937500,B0DB8AF16E20,0001,male,C57BL/6,1.1.1,FR1_Approach,0,Approach,82,137,43,6,0,0,,,,,,,,,,,,,,,,,,,,
2026-07-22 01:50:39,120240.937500,B0DB8AF16E20,0001,male,C57BL/6,1.1.1,FR1_Approach,0,PelletDrop,83,137,43,6,0,0,,,,,,,,,,,,,,,,,,,,
2026-07-22 01:50:50,120251.726562,B0DB8AF16E20,0001,male,C57BL/6,1.1.1,FR1_Approach,0,PelletTaken,83,137,43,6,0,0,10.256,40.000,0,3,,,,,,,,,,,,,,,,
2026-07-22 01:53:15,120397.468750,B0DB8AF16E20,0001,male,C57BL/6,1.1.1,FR1_Approach,0,Status,83,137,43,6,0,0,,,,,Disabled,24.5,43.3,992.6,16.3,0.000,0.000,247724,339964,181480,25504,3.94,69.13
2026-07-22 02:01:09,120872.289062,B0DB8AF16E20,0001,male,C57BL/6,1.1.1,FR1_Approach,0,Right,83,137,44,6,0,0,,,,,,,,,,,,,,,,,,,,
2026-07-22 02:04:06,121049.203125,B0DB8AF16E20,0001,male,C57BL/6,1.1.1,FR1_Approach,0,Status,83,137,44,6,0,0,,,,,Disabled,24.4,44.1,992.6,16.3,0.000,0.000,247724,339964,181480,25641,3.93,69.13
2026-07-22 02:14:57,121700.804688,B0DB8AF16E20,0001,male,C57BL/6,1.1.1,FR1_Approach,0,Status,83,137,44,6,0,0,,,,,Disabled,24.4,44.3,992.6,16.3,0.000,0.000,247724,339964,181480,25778,3.93,68.97
2026-07-22 02:25:48,122352.546875,B0DB8AF16E20,0001,male,C57BL/6,1.1.1,FR1_Approach,0,Status,83,137,44,6,0,0,,,,,Disabled,24.4,44.4,992.6,16.3,0.000,0.000,247724,339964,181480,25915,3.93,68.97
2026-07-22 02:33:12,122797.585938,B0DB8AF16E20,0001,male,C57BL/6,1.1.1,FR1_Approach,0,Center,83,137,44,7,0,0,,,,,,,,,,,,,,,,,,,,
2026-07-22 02:33:23,122808.117188,B0DB8AF16E20,0001,male,C57BL/6,1.1.1,FR1_Approach,0,Left,83,138,44,7,0,0,,,,,,,,,,,,,,,,,,,,
2026-07-22 02:33:24,122809.507812,B0DB8AF16E20,0001,male,C57BL/6,1.1.1,FR1_Approach,0,Approach,83,138,44,7,0,0,,,,,,,,,,,,,,,,,,,,
2026-07-22 02:36:51,123016.234375,B0DB8AF16E20,0001,male,C57BL/6,1.1.1,FR1_Approach,0,Status,83,138,44,7,0,0,,,,,Disabled,24.4,44.1,992.6,16.2,0.000,0.000,247724,339964,181480,26052,3.93,68.80
2026-07-22 02:38:05,123090.867188,B0DB8AF16E20,0001,male,C57BL/6,1.1.1,FR1_Approach,0,Center,83,138,44,8,0,0,,,,,,,,,,,,,,,,,,,,
2026-07-22 02:38:18,123103.703125,B0DB8AF16E20,0001,male,C57BL/6,1.1.1,FR1_Approach,0,Center,83,138,44,9,0,0,,,,,,,,,,,,,,,,,,,,
2026-07-22 02:47:52,123678.039062,B0DB8AF16E20,0001,male,C57BL/6,1.1.1,FR1_Approach,0,Status,83,138,44,9,0,0,,,,,Disabled,24.4,44.2,992.6,16.1,0.000,0.000,247724,339964,181480,26189,3.93,68.64
2026-07-22 02:58:44,124329.757812,B0DB8AF16E20,0001,male,C57BL/6,1.1.1,FR1_Approach,0,Status,83,138,44,9,0,0,,,,,Disabled,24.4,44.5,992.6,16.1,0.000,0.000,247724,339964,181480,26326,3.92,68.64
2026-07-22 03:09:45,124992.460938,B0DB8AF16E20,0001,male,C57BL/6,1.1.1,FR1_Approach,0,Status,83,138,44,9,0,0,,,,,Disabled,24.5,44.0,992.6,16.1,0.000,0.000,247724,339964,181480,26463,3.93,68.48
2026-07-22 03:20:37,125645.296875,B0DB8AF16E20,0001,male,C57BL/6,1.1.1,FR1_Approach,0,Status,83,138,44,9,0,0,,,,,Disabled,24.5,44.1,992.6,16.1,0.000,0.000,247724,339964,181464,26600,3.92,68.31
2026-07-22 03:31:37,126306.031250,B0DB8AF16E20,0001,male,C57BL/6,1.1.1,FR1_Approach,0,Status,83,138,44,9,0,0,,,,,Disabled,24.5,43.9,992.6,16.1,0.000,0.000,247724,339964,181464,26737,3.93,68.31
2026-07-22 03:42:30,126959.867188,B0DB8AF16E20,0001,male,C57BL/6,1.1.1,FR1_Approach,0,Status,83,138,44,9,0,0,,,,,Disabled,24.5,43.9,992.7,16.2,0.000,0.000,247724,339964,181464,26874,3.93,68.17
2026-07-22 03:53:33,127623.625000,B0DB8AF16E20,0001,male,C57BL/6,1.1.1,FR1_Approach,0,Status,83,138,44,9,0,0,,,,,Disabled,24.5,43.8,992.7,16.1,0.000,0.000,247724,339964,181464,27011,3.93,68.17
2026-07-22 04:04:15,128266.445312,B0DB8AF16E20,0001,male,C57BL/6,1.1.1,FR1_Approach,0,Status,83,138,44,9,0,0,,,,,Disabled,24.5,44.3,992.8,16.2,0.000,0.000,247724,339964,181464,27148,3.91,68.02
2026-07-22 04:15:21,128933.140625,B0DB8AF16E20,0001,male,C57BL/6,1.1.1,FR1_Approach,0,Status,83,138,44,9,0,0,,,,,Disabled,24.5,43.6,992.8,16.2,0.000,0.000,247724,339964,181464,27285,3.93,67.88
2026-07-22 04:16:11,128982.804688,B0DB8AF16E20,0001,male,C57BL/6,1.1.1,FR1_Approach,0,Right,83,138,45,9,0,0,,,,,,,,,,,,,,,,,,,,
2026-07-22 04:26:12,129584.882812,B0DB8AF16E20,0001,male,C57BL/6,1.1.1,FR1_Approach,0,Status,83,138,45,9,0,0,,,,,Disabled,24.5,43.9,992.9,16.2,0.000,0.000,247724,339964,181464,27422,3.92,67.88
2026-07-22 04:37:10,130243.609375,B0DB8AF16E20,0001,male,C57BL/6,1.1.1,FR1_Approach,0,Status,83,138,45,9,0,0,,,,,Disabled,24.5,43.7,992.9,16.2,0.000,0.000,247724,339964,181464,27559,3.92,67.73
2026-07-22 04:48:02,130896.445312,B0DB8AF16E20,0001,male,C57BL/6,1.1.1,FR1_Approach,0,Status,83,138,45,9,0,0,,,,,Disabled,24.5,43.8,992.9,16.2,0.000,0.000,247724,339964,181464,27696,3.92,67.73
2026-07-22 04:58:59,131554.156250,B0DB8AF16E20,0001,male,C57BL/6,1.1.1,FR1_Approach,0,Status,83,138,45,9,0,0,,,,,Disabled,24.5,43.7,993.0,16.2,0.000,0.000,247724,339964,181464,27833,3.92,67.59
2026-07-22 05:10:01,132217.000000,B0DB8AF16E20,0001,male,C57BL/6,1.1.1,FR1_Approach,0,Status,83,138,45,9,0,0,,,,,Disabled,24.5,43.4,993.0,16.2,0.000,0.000,247724,339964,181464,27970,3.92,67.45
2026-07-22 05:20:54,132870.703125,B0DB8AF16E20,0001,male,C57BL/6,1.1.1,FR1_Approach,0,Status,83,138,45,9,0,0,,,,,Disabled,24.5,43.7,993.0,16.2,0.000,0.000,247724,339964,181464,28107,3.92,67.45
2026-07-22 05:30:15,133431.656250,B0DB8AF16E20,0001,male,C57BL/6,1.1.1,FR1_Approach,0,Right,83,138,46,9,0,0,,,,,,,,,,,,,,,,,,,,
2026-07-22 05:30:17,133433.734375,B0DB8AF16E20,0001,male,C57BL/6,1.1.1,FR1_Approach,0,Right,83,138,47,9,0,0,,,,,,,,,,,,,,,,,,,,
2026-07-22 05:30:18,133435.265625,B0DB8AF16E20,0001,male,C57BL/6,1.1.1,FR1_Approach,0,Right,83,138,48,9,0,0,,,,,,,,,,,,,,,,,,,,
2026-07-22 05:30:19,133436.296875,B0DB8AF16E20,0001,male,C57BL/6,1.1.1,FR1_Approach,0,Right,83,138,49,9,0,0,,,,,,,,,,,,,,,,,,,,
2026-07-22 05:30:28,133445.515625,B0DB8AF16E20,0001,male,C57BL/6,1.1.1,FR1_Approach,0,Left,83,139,49,9,0,0,,,,,,,,,,,,,,,,,,,,
2026-07-22 05:30:30,133446.640625,B0DB8AF16E20,0001,male,C57BL/6,1.1.1,FR1_Approach,0,Approach,83,139,49,9,0,0,,,,,,,,,,,,,,,,,,,,
2026-07-22 05:30:35,133451.640625,B0DB8AF16E20,0001,male,C57BL/6,1.1.1,FR1_Approach,0,PelletDrop,84,139,49,9,0,0,,,,,,,,,,,,,,,,,,,,
2026-07-22 05:30:44,133461.375000,B0DB8AF16E20,0001,male,C57BL/6,1.1.1,FR1_Approach,0,PelletTaken,84,139,49,9,0,0,9.190,41.000,0,2,,,,,,,,,,,,,,,,
2026-07-22 05:31:57,133534.390625,B0DB8AF16E20,0001,male,C57BL/6,1.1.1,FR1_Approach,0,Status,84,139,49,9,0,0,,,,,Disabled,24.6,43.3,993.1,16.2,0.000,0.000,247724,339964,181464,28243,3.92,67.30
2026-07-22 05:32:07,133544.250000,B0DB8AF16E20,0001,male,C57BL/6,1.1.1,FR1_Approach,0,Right,84,139,50,9,0,0,,,,,,,,,,,,,,,,,,,,
2026-07-22 05:32:08,133545.984375,B0DB8AF16E20,0001,male,C57BL/6,1.1.1,FR1_Approach,0,Right,84,139,51,9,0,0,,,,,,,,,,,,,,,,,,,,
2026-07-22 05:32:17,133554.109375,B0DB8AF16E20,0001,male,C57BL/6,1.1.1,FR1_Approach,0,Right,84,139,52,9,0,0,,,,,,,,,,,,,,,,,,,,
2026-07-22 05:32:19,133556.234375,B0DB8AF16E20,0001,male,C57BL/6,1.1.1,FR1_Approach,0,Right,84,139,53,9,0,0,,,,,,,,,,,,,,,,,,,,
2026-07-22 05:32:20,133557.187500,B0DB8AF16E20,0001,male,C57BL/6,1.1.1,FR1_Approach,0,Right,84,139,54,9,0,0,,,,,,,,,,,,,,,,,,,,
2026-07-22 05:32:26,133563.375000,B0DB8AF16E20,0001,male,C57BL/6,1.1.1,FR1_Approach,0,Right,84,139,55,9,0,0,,,,,,,,,,,,,,,,,,,,
2026-07-22 05:32:30,133567.593750,B0DB8AF16E20,0001,male,C57BL/6,1.1.1,FR1_Approach,0,Right,84,139,56,9,0,0,,,,,,,,,,,,,,,,,,,,
2026-07-22 05:32:32,133569.453125,B0DB8AF16E20,0001,male,C57BL/6,1.1.1,FR1_Approach,0,Right,84,139,57,9,0,0,,,,,,,,,,,,,,,,,,,,
2026-07-22 05:32:35,133572.203125,B0DB8AF16E20,0001,male,C57BL/6,1.1.1,FR1_Approach,0,Right,84,139,58,9,0,0,,,,,,,,,,,,,,,,,,,,
2026-07-22 05:32:38,133575.625000,B0DB8AF16E20,0001,male,C57BL/6,1.1.1,FR1_Approach,0,Right,84,139,59,9,0,0,,,,,,,,,,,,,,,,,,,,
2026-07-22 05:32:41,133578.578125,B0DB8AF16E20,0001,male,C57BL/6,1.1.1,FR1_Approach,0,Left,84,140,59,9,0,0,,,,,,,,,,,,,,,,,,,,
2026-07-22 05:32:42,133579.968750,B0DB8AF16E20,0001,male,C57BL/6,1.1.1,FR1_Approach,0,Approach,84,140,59,9,0,0,,,,,,,,,,,,,,,,,,,,
2026-07-22 05:32:50,133587.187500,B0DB8AF16E20,0001,male,C57BL/6,1.1.1,FR1_Approach,0,PelletDrop,85,140,59,9,0,0,,,,,,,,,,,,,,,,,,,,
2026-07-22 05:32:59,133596.515625,B0DB8AF16E20,0001,male,C57BL/6,1.1.1,FR1_Approach,0,PelletTaken,85,140,59,9,0,0,8.794,177.000,0,3,,,,,,,,,,,,,,,,
2026-07-22 05:33:20,133617.718750,B0DB8AF16E20,0001,male,C57BL/6,1.1.1,FR1_Approach,0,Left,85,141,59,9,0,0,,,,,,,,,,,,,,,,,,,,
2026-07-22 05:33:23,133620.437500,B0DB8AF16E20,0001,male,C57BL/6,1.1.1,FR1_Approach,0,No_approach,85,141,59,9,0,0,,,,,,,,,,,,,,,,,,,,
2026-07-22 05:33:26,133623.390625,B0DB8AF16E20,0001,male,C57BL/6,1.1.1,FR1_Approach,0,Left,85,142,59,9,0,0,,,,,,,,,,,,,,,,,,,,
2026-07-22 05:33:29,133626.109375,B0DB8AF16E20,0001,male,C57BL/6,1.1.1,FR1_Approach,0,No_approach,85,142,59,9,0,0,,,,,,,,,,,,,,,,,,,,
2026-07-22 05:33:32,133629.296875,B0DB8AF16E20,0001,male,C57BL/6,1.1.1,FR1_Approach,0,Left,85,143,59,9,0,0,,,,,,,,,,,,,,,,,,,,
2026-07-22 05:33:34,133632.015625,B0DB8AF16E20,0001,male,C57BL/6,1.1.1,FR1_Approach,0,No_approach,85,143,59,9,0,0,,,,,,,,,,,,,,,,,,,,
2026-07-22 05:33:39,133637.062500,B0DB8AF16E20,0001,male,C57BL/6,1.1.1,FR1_Approach,0,Left,85,144,59,9,0,0,,,,,,,,,,,,,,,,,,,,
2026-07-22 05:33:42,133639.781250,B0DB8AF16E20,0001,male,C57BL/6,1.1.1,FR1_Approach,0,No_approach,85,144,59,9,0,0,,,,,,,,,,,,,,,,,,,,
2026-07-22 05:33:44,133641.140625,B0DB8AF16E20,0001,male,C57BL/6,1.1.1,FR1_Approach,0,Left,85,145,59,9,0,0,,,,,,,,,,,,,,,,,,,,
2026-07-22 05:33:46,133643.843750,B0DB8AF16E20,0001,male,C57BL/6,1.1.1,FR1_Approach,0,No_approach,85,145,59,9,0,0,,,,,,,,,,,,,,,,,,,,
2026-07-22 05:33:51,133648.546875,B0DB8AF16E20,0001,male,C57BL/6,1.1.1,FR1_Approach,0,Right,85,145,60,9,0,0,,,,,,,,,,,,,,,,,,,,
2026-07-22 05:33:53,133650.703125,B0DB8AF16E20,0001,male,C57BL/6,1.1.1,FR1_Approach,0,Right,85,145,61,9,0,0,,,,,,,,,,,,,,,,,,,,
2026-07-22 05:33:54,133651.953125,B0DB8AF16E20,0001,male,C57BL/6,1.1.1,FR1_Approach,0,Right,85,145,62,9,0,0,,,,,,,,,,,,,,,,,,,,
2026-07-22 05:34:04,133662.031250,B0DB8AF16E20,0001,male,C57BL/6,1.1.1,FR1_Approach,0,Center,85,145,62,10,0,0,,,,,,,,,,,,,,,,,,,,
2026-07-22 05:34:06,133664.031250,B0DB8AF16E20,0001,male,C57BL/6,1.1.1,FR1_Approach,0,Center,85,145,62,11,0,0,,,,,,,,,,,,,,,,,,,,
2026-07-22 05:42:41,134179.125000,B0DB8AF16E20,0001,male,C57BL/6,1.1.1,FR1_Approach,0,Status,85,145,62,11,0,0,,,,,Disabled,24.6,43.9,993.2,16.2,0.000,0.000,247724,339964,181456,28381,3.91,67.16
2026-07-22 05:46:13,134391.281250,B0DB8AF16E20,0001,male,C57BL/6,1.1.1,FR1_Approach,0,Left,85,146,62,11,0,0,,,,,,,,,,,,,,,,,,,,
2026-07-22 05:46:14,134392.421875,B0DB8AF16E20,0001,male,C57BL/6,1.1.1,FR1_Approach,0,Approach,85,146,62,11,0,0,,,,,,,,,,,,,,,,,,,,
2026-07-22 05:46:22,134399.656250,B0DB8AF16E20,0001,male,C57BL/6,1.1.1,FR1_Approach,0,PelletDrop,86,146,62,11,0,0,,,,,,,,,,,,,,,,,,,,
2026-07-22 05:46:31,134408.640625,B0DB8AF16E20,0001,male,C57BL/6,1.1.1,FR1_Approach,0,PelletTaken,86,146,62,11,0,0,8.463,602.000,0,3,,,,,,,,,,,,,,,,
2026-07-22 05:46:57,134434.500000,B0DB8AF16E20,0001,male,C57BL/6,1.1.1,FR1_Approach,0,Left,86,147,62,11,0,0,,,,,,,,,,,,,,,,,,,,
2026-07-22 05:46:59,134437.218750,B0DB8AF16E20,0001,male,C57BL/6,1.1.1,FR1_Approach,0,No_approach,86,147,62,11,0,0,,,,,,,,,,,,,,,,,,,,
2026-07-22 05:47:01,134439.375000,B0DB8AF16E20,0001,male,C57BL/6,1.1.1,FR1_Approach,0,Left,86,148,62,11,0,0,,,,,,,,,,,,,,,,,,,,
2026-07-22 05:47:04,134442.093750,B0DB8AF16E20,0001,male,C57BL/6,1.1.1,FR1_Approach,0,No_approach,86,148,62,11,0,0,,,,,,,,,,,,,,,,,,,,
2026-07-22 05:51:24,134702.578125,B0DB8AF16E20,0001,male,C57BL/6,1.1.1,FR1_Approach,0,Center,86,148,62,12,0,0,,,,,,,,,,,,,,,,,,,,
2026-07-22 05:51:30,134708.281250,B0DB8AF16E20,0001,male,C57BL/6,1.1.1,FR1_Approach,0,Center,86,148,62,13,0,0,,,,,,,,,,,,,,,,,,,,
2026-07-22 05:53:14,134812.062500,B0DB8AF16E20,0001,male,C57BL/6,1.1.1,FR1_Approach,0,Status,86,148,62,13,0,0,,,,,Disabled,24.5,44.6,993.3,16.3,0.000,0.000,247724,339964,181456,28515,3.93,67.16
2026-07-22 06:03:46,135445.281250,B0DB8AF16E20,0001,male,C57BL/6,1.1.1,FR1_Approach,0,Status,86,148,62,13,0,0,,,,,Disabled,24.4,44.9,993.4,16.3,0.000,0.000,247724,339964,181456,28652,3.92,67.01
2026-07-22 06:12:00,135939.875000,B0DB8AF16E20,0001,male,C57BL/6,1.1.1,FR1_Approach,0,Right,86,148,63,13,0,0,,,,,,,,,,,,,,,,,,,,
2026-07-22 06:12:03,135942.875000,B0DB8AF16E20,0001,male,C57BL/6,1.1.1,FR1_Approach,0,Right,86,148,64,13,0,0,,,,,,,,,,,,,,,,,,,,
2026-07-22 06:14:17,136077.296875,B0DB8AF16E20,0001,male,C57BL/6,1.1.1,FR1_Approach,0,Status,86,148,64,13,0,0,,,,,Disabled,24.3,45.1,993.5,16.4,0.000,6.000,247724,339964,181456,28789,3.91,67.01
2026-07-22 06:24:50,136710.500000,B0DB8AF16E20,0001,male,C57BL/6,1.1.1,FR1_Approach,0,Status,86,148,64,13,0,0,,,,,Disabled,24.3,44.8,993.6,16.4,0.025,22.000,247724,339964,181456,28926,3.91,66.87
2026-07-22 06:35:42,137363.781250,B0DB8AF16E20,0001,male,C57BL/6,1.1.1,FR1_Approach,0,Status,86,148,64,13,0,0,,,,,Disabled,24.3,44.1,993.7,16.3,0.014,18.000,247724,339964,181456,29063,3.91,66.72
2026-07-22 06:46:31,138013.593750,B0DB8AF16E20,0001,male,C57BL/6,1.1.1,FR1_Approach,0,Status,86,148,64,13,0,0,,,,,Disabled,24.3,44.0,993.8,16.3,0.000,12.000,247724,339964,181456,29200,3.91,66.72
2026-07-22 06:57:18,138661.312500,B0DB8AF16E20,0001,male,C57BL/6,1.1.1,FR1_Approach,0,Status,86,148,64,13,0,0,,,,,Disabled,24.3,44.0,993.8,16.4,0.014,16.000,247724,339964,181456,29337,3.91,66.58
2026-07-22 07:07:50,139294.531250,B0DB8AF16E20,0001,male,C57BL/6,1.1.1,FR1_Approach,0,Status,86,148,64,13,0,0,,,,,Disabled,24.2,44.3,994.0,16.5,0.022,20.000,247724,339964,181456,29474,3.92,66.58
2026-07-22 07:18:45,139949.812500,B0DB8AF16E20,0001,male,C57BL/6,1.1.1,FR1_Approach,0,Status,86,148,64,13,0,0,,,,,Disabled,24.3,43.7,994.0,16.5,0.032,23.000,247724,339964,181456,29611,3.91,66.43
2026-07-22 07:29:36,140601.468750,B0DB8AF16E20,0001,male,C57BL/6,1.1.1,FR1_Approach,0,Status,86,148,64,13,0,0,,,,,Disabled,24.3,43.7,994.2,16.5,0.029,22.000,247724,339964,181456,29748,3.90,66.29
2026-07-22 07:40:21,141247.281250,B0DB8AF16E20,0001,male,C57BL/6,1.1.1,FR1_Approach,0,Status,86,148,64,13,0,0,,,,,Disabled,24.3,43.8,994.3,16.5,0.036,27.000,247724,339964,181456,29885,3.91,66.29
2026-07-22 07:51:13,141900.015625,B0DB8AF16E20,0001,male,C57BL/6,1.1.1,FR1_Approach,0,Status,86,148,64,13,0,0,,,,,Disabled,24.3,43.7,994.4,16.5,0.036,36.000,247724,339964,181456,30022,3.91,66.14
2026-07-22 08:02:05,142552.781250,B0DB8AF16E20,0001,male,C57BL/6,1.1.1,FR1_Approach,0,Status,86,148,64,13,0,0,,,,,Disabled,24.3,43.6,994.6,16.5,0.043,40.000,247724,339964,181456,30159,3.91,66.14
2026-07-22 08:12:59,143207.484375,B0DB8AF16E20,0001,male,C57BL/6,1.1.1,FR1_Approach,0,Status,86,148,64,13,0,0,,,,,Disabled,24.3,43.5,994.7,16.5,0.058,46.000,247724,339964,181448,30296,3.91,66.00
2026-07-22 08:23:50,143859.250000,B0DB8AF16E20,0001,male,C57BL/6,1.1.1,FR1_Approach,0,Status,86,148,64,13,0,0,,,,,Disabled,24.3,43.6,994.8,16.5,0.000,2.000,247724,339964,181448,30433,3.90,66.00
2026-07-22 08:26:43,144032.609375,B0DB8AF16E20,0001,male,C57BL/6,1.1.1,FR1_Approach,0,Left,86,149,64,13,0,0,,,,,,,,,,,,,,,,,,,,
2026-07-22 08:26:44,144033.734375,B0DB8AF16E20,0001,male,C57BL/6,1.1.1,FR1_Approach,0,Approach,86,149,64,13,0,0,,,,,,,,,,,,,,,,,,,,
2026-07-22 08:26:49,144038.750000,B0DB8AF16E20,0001,male,C57BL/6,1.1.1,FR1_Approach,0,PelletDrop,87,149,64,13,0,0,,,,,,,,,,,,,,,,,,,,
2026-07-22 08:27:01,144050.687500,B0DB8AF16E20,0001,male,C57BL/6,1.1.1,FR1_Approach,0,PelletTaken,87,149,64,13,0,0,11.401,80.000,0,2,,,,,,,,,,,,,,,,
2026-07-22 08:27:45,144094.593750,B0DB8AF16E20,0001,male,C57BL/6,1.1.1,FR1_Approach,0,Left,87,150,64,13,0,0,,,,,,,,,,,,,,,,,,,,
2026-07-22 08:27:46,144095.718750,B0DB8AF16E20,0001,male,C57BL/6,1.1.1,FR1_Approach,0,Approach,87,150,64,13,0,0,,,,,,,,,,,,,,,,,,,,
2026-07-22 08:27:51,144100.718750,B0DB8AF16E20,0001,male,C57BL/6,1.1.1,FR1_Approach,0,PelletDrop,88,150,64,13,0,0,,,,,,,,,,,,,,,,,,,,
2026-07-22 08:28:02,144112.031250,B0DB8AF16E20,0001,male,C57BL/6,1.1.1,FR1_Approach,0,PelletTaken,88,150,64,13,0,0,10.774,166.000,0,2,,,,,,,,,,,,,,,,
2026-07-22 08:28:29,144138.625000,B0DB8AF16E20,0001,male,C57BL/6,1.1.1,FR1_Approach,0,Left,88,151,64,13,0,0,,,,,,,,,,,,,,,,,,,,
2026-07-22 08:28:32,144141.328125,B0DB8AF16E20,0001,male,C57BL/6,1.1.1,FR1_Approach,0,No_approach,88,151,64,13,0,0,,,,,,,,,,,,,,,,,,,,
2026-07-22 08:28:36,144145.468750,B0DB8AF16E20,0001,male,C57BL/6,1.1.1,FR1_Approach,0,Left,88,152,64,13,0,0,,,,,,,,,,,,,,,,,,,,
2026-07-22 08:28:39,144148.187500,B0DB8AF16E20,0001,male,C57BL/6,1.1.1,FR1_Approach,0,No_approach,88,152,64,13,0,0,,,,,,,,,,,,,,,,,,,,
2026-07-22 08:28:40,144149.484375,B0DB8AF16E20,0001,male,C57BL/6,1.1.1,FR1_Approach,0,Left,88,153,64,13,0,0,,,,,,,,,,,,,,,,,,,,
2026-07-22 08:28:43,144152.203125,B0DB8AF16E20,0001,male,C57BL/6,1.1.1,FR1_Approach,0,No_approach,88,153,64,13,0,0,,,,,,,,,,,,,,,,,,,,
2026-07-22 08:28:50,144159.359375,B0DB8AF16E20,0001,male,C57BL/6,1.1.1,FR1_Approach,0,Left,88,154,64,13,0,0,,,,,,,,,,,,,,,,,,,,
2026-07-22 08:28:52,144162.078125,B0DB8AF16E20,0001,male,C57BL/6,1.1.1,FR1_Approach,0,No_approach,88,154,64,13,0,0,,,,,,,,,,,,,,,,,,,,
2026-07-22 08:30:16,144245.640625,B0DB8AF16E20,0001,male,C57BL/6,1.1.1,FR1_Approach,0,Right,88,154,65,13,0,0,,,,,,,,,,,,,,,,,,,,
2026-07-22 08:30:19,144248.671875,B0DB8AF16E20,0001,male,C57BL/6,1.1.1,FR1_Approach,0,Right,88,154,66,13,0,0,,,,,,,,,,,,,,,,,,,,
2026-07-22 08:30:20,144249.671875,B0DB8AF16E20,0001,male,C57BL/6,1.1.1,FR1_Approach,0,Right,88,154,67,13,0,0,,,,,,,,,,,,,,,,,,,,
2026-07-22 08:30:22,144251.312500,B0DB8AF16E20,0001,male,C57BL/6,1.1.1,FR1_Approach,0,Right,88,154,68,13,0,0,,,,,,,,,,,,,,,,,,,,
2026-07-22 08:30:25,144254.296875,B0DB8AF16E20,0001,male,C57BL/6,1.1.1,FR1_Approach,0,Right,88,154,69,13,0,0,,,,,,,,,,,,,,,,,,,,
2026-07-22 08:30:31,144260.812500,B0DB8AF16E20,0001,male,C57BL/6,1.1.1,FR1_Approach,0,Right,88,154,70,13,0,0,,,,,,,,,,,,,,,,,,,,
2026-07-22 08:30:38,144267.703125,B0DB8AF16E20,0001,male,C57BL/6,1.1.1,FR1_Approach,0,Left,88,155,70,13,0,0,,,,,,,,,,,,,,,,,,,,
2026-07-22 08:30:39,144268.828125,B0DB8AF16E20,0001,male,C57BL/6,1.1.1,FR1_Approach,0,Approach,88,155,70,13,0,0,,,,,,,,,,,,,,,,,,,,
2026-07-22 08:30:44,144273.828125,B0DB8AF16E20,0001,male,C57BL/6,1.1.1,FR1_Approach,0,PelletDrop,89,155,70,13,0,0,,,,,,,,,,,,,,,,,,,,
2026-07-22 08:30:57,144286.296875,B0DB8AF16E20,0001,male,C57BL/6,1.1.1,FR1_Approach,0,PelletTaken,89,155,70,13,0,0,11.929,555.000,0,2,,,,,,,,,,,,,,,,
2026-07-22 08:31:20,144310.093750,B0DB8AF16E20,0001,male,C57BL/6,1.1.1,FR1_Approach,0,Left,89,156,70,13,0,0,,,,,,,,,,,,,,,,,,,,
2026-07-22 08:31:23,144312.812500,B0DB8AF16E20,0001,male,C57BL/6,1.1.1,FR1_Approach,0,No_approach,89,156,70,13,0,0,,,,,,,,,,,,,,,,,,,,
2026-07-22 08:31:25,144314.609375,B0DB8AF16E20,0001,male,C57BL/6,1.1.1,FR1_Approach,0,Left,89,157,70,13,0,0,,,,,,,,,,,,,,,,,,,,
2026-07-22 08:31:28,144317.312500,B0DB8AF16E20,0001,male,C57BL/6,1.1.1,FR1_Approach,0,No_approach,89,157,70,13,0,0,,,,,,,,,,,,,,,,,,,,
2026-07-22 08:31:29,144319.062500,B0DB8AF16E20,0001,male,C57BL/6,1.1.1,FR1_Approach,0,Left,89,158,70,13,0,0,,,,,,,,,,,,,,,,,,,,
2026-07-22 08:31:32,144321.781250,B0DB8AF16E20,0001,male,C57BL/6,1.1.1,FR1_Approach,0,No_approach,89,158,70,13,0,0,,,,,,,,,,,,,,,,,,,,
2026-07-22 08:33:18,144428.015625,B0DB8AF16E20,0001,male,C57BL/6,1.1.1,FR1_Approach,0,Right,89,158,71,13,0,0,,,,,,,,,,,,,,,,,,,,
2026-07-22 08:34:40,144509.890625,B0DB8AF16E20,0001,male,C57BL/6,1.1.1,FR1_Approach,0,Status,89,158,71,13,0,0,,,,,Disabled,24.4,43.5,994.9,16.5,0.000,0.000,247724,339964,181448,30560,3.91,65.71
2026-07-22 08:45:30,145160.671875,B0DB8AF16E20,0001,male,C57BL/6,1.1.1,FR1_Approach,0,Status,89,158,71,13,0,0,,,,,Disabled,24.4,43.6,995.0,16.5,0.029,32.000,247724,339964,181448,30697,3.90,65.57
2026-07-22 08:56:24,145815.406250,B0DB8AF16E20,0001,male,C57BL/6,1.1.1,FR1_Approach,0,Status,89,158,71,13,0,0,,,,,Disabled,24.4,43.6,995.0,16.5,0.029,30.000,247724,339964,181448,30834,3.90,65.57
2026-07-22 09:07:12,146464.156250,B0DB8AF16E20,0001,male,C57BL/6,1.1.1,FR1_Approach,0,Status,89,158,71,13,0,0,,,,,Disabled,24.4,43.8,995.0,16.5,0.022,31.000,247724,339964,181448,30971,3.90,65.57
2026-07-22 09:18:08,147119.875000,B0DB8AF16E20,0001,male,C57BL/6,1.1.1,FR1_Approach,0,Status,89,158,71,13,0,0,,,,,Disabled,24.4,43.6,995.1,16.5,0.029,32.000,247724,339964,181448,31108,3.90,65.42
2026-07-22 09:28:56,147769.671875,B0DB8AF16E20,0001,male,C57BL/6,1.1.1,FR1_Approach,0,Status,89,158,71,13,0,0,,,,,Disabled,24.4,43.7,995.2,16.5,0.036,34.000,247724,339964,181448,31245,3.90,65.28
2026-07-22 09:39:52,148426.343750,B0DB8AF16E20,0001,male,C57BL/6,1.1.1,FR1_Approach,0,Status,89,158,71,13,0,0,,,,,Disabled,24.4,43.6,995.2,16.5,0.101,67.000,247724,339964,181448,31382,3.90,65.28
2026-07-22 09:50:48,149083.125000,B0DB8AF16E20,0001,male,C57BL/6,1.1.1,FR1_Approach,0,Status,89,158,71,13,0,0,,,,,Disabled,24.4,43.8,995.2,16.4,0.752,314.000,247724,339964,181448,31519,3.90,65.13
2026-07-22 10:01:40,149735.984375,B0DB8AF16E20,0001,male,C57BL/6,1.1.1,FR1_Approach,0,Status,89,158,71,13,0,0,,,,,Disabled,24.4,44.2,995.2,16.5,0.695,294.000,247724,339964,181448,31656,3.90,65.13
2026-07-22 10:12:31,150387.625000,B0DB8AF16E20,0001,male,C57BL/6,1.1.1,FR1_Approach,0,Status,89,158,71,13,0,0,,,,,Disabled,24.3,44.4,995.2,16.5,0.212,96.000,247724,339964,181448,31793,3.89,64.99
2026-07-22 10:23:23,151040.406250,B0DB8AF16E20,0001,male,C57BL/6,1.1.1,FR1_Approach,0,Status,89,158,71,13,0,0,,,,,Disabled,24.3,44.8,995.2,16.5,0.785,322.000,247724,339964,181448,31930,3.89,64.84
2026-07-22 10:34:14,151691.093750,B0DB8AF16E20,0001,male,C57BL/6,1.1.1,FR1_Approach,0,Status,89,158,71,13,0,0,,,,,Disabled,24.3,44.7,995.4,16.4,0.720,300.000,247724,339964,181448,32067,3.90,64.84
2026-07-22 10:45:04,152342.812500,B0DB8AF16E20,0001,male,C57BL/6,1.1.1,FR1_Approach,0,Status,89,158,71,13,0,0,,,,,Disabled,24.3,44.3,995.5,16.5,0.770,320.000,247724,339964,181448,32204,3.90,64.70
2026-07-22 10:55:56,152995.546875,B0DB8AF16E20,0001,male,C57BL/6,1.1.1,FR1_Approach,0,Status,89,158,71,13,0,0,,,,,Disabled,24.3,44.1,995.6,16.4,0.803,333.000,247724,339964,181448,32341,3.89,64.70
2026-07-22 11:06:49,153649.390625,B0DB8AF16E20,0001,male,C57BL/6,1.1.1,FR1_Approach,0,Status,89,158,71,13,0,0,,,,,Disabled,24.3,44.1,995.7,16.4,0.792,328.000,247724,339964,181448,32478,3.89,64.55
2026-07-22 11:17:47,154308.140625,B0DB8AF16E20,0001,male,C57BL/6,1.1.1,FR1_Approach,0,Status,89,158,71,13,0,0,,,,,Disabled,24.4,44.0,995.8,16.3,0.724,298.000,247724,339964,181448,32615,3.89,64.55
2026-07-22 11:28:47,154968.859375,B0DB8AF16E20,0001,male,C57BL/6,1.1.1,FR1_Approach,0,Status,89,158,71,13,0,0,,,,,Disabled,24.4,43.8,995.9,16.3,0.745,301.000,247724,339964,181448,32752,3.90,64.41
2026-07-22 11:39:48,155630.593750,B0DB8AF16E20,0001,male,C57BL/6,1.1.1,FR1_Approach,0,Status,89,158,71,13,0,0,,,,,Disabled,24.4,43.6,996.0,16.3,0.785,318.000,247724,339964,181448,32889,3.89,64.27
2026-07-22 11:50:42,156285.359375,B0DB8AF16E20,0001,male,C57BL/6,1.1.1,FR1_Approach,0,Status,89,158,71,13,0,0,,,,,Disabled,24.4,43.7,996.1,16.3,0.842,339.000,247724,339964,181448,33026,3.88,64.27
2026-07-22 12:01:14,156918.546875,B0DB8AF16E20,0001,male,C57BL/6,1.1.1,FR1_Approach,0,Status,89,158,71,13,0,0,,,,,Disabled,24.4,44.0,996.2,16.4,0.932,369.000,247724,339964,181448,33163,3.89,64.12
2026-07-22 12:11:47,157551.750000,B0DB8AF16E20,0001,male,C57BL/6,1.1.1,FR1_Approach,0,Status,89,158,71,13,0,0,,,,,Disabled,24.3,44.3,996.2,16.4,0.950,372.000,247724,339964,181448,33300,3.89,63.98
2026-07-22 12:22:19,158184.953125,B0DB8AF16E20,0001,male,C57BL/6,1.1.1,FR1_Approach,0,Status,89,158,71,13,0,0,,,,,Disabled,24.2,44.4,996.3,16.4,0.936,370.000,247724,339964,181448,33437,3.90,63.98
2026-07-22 12:32:51,158818.156250,B0DB8AF16E20,0001,male,C57BL/6,1.1.1,FR1_Approach,0,Status,89,158,71,13,0,0,,,,,Disabled,24.2,44.3,996.3,16.4,0.958,381.000,247724,339964,181448,33574,3.89,63.98
2026-07-22 12:43:44,159471.234375,B0DB8AF16E20,0001,male,C57BL/6,1.1.1,FR1_Approach,0,Status,89,158,71,13,0,0,,,,,Disabled,24.2,43.9,996.4,16.3,0.965,380.000,247724,339964,181448,33711,3.89,63.83
2026-07-22 12:54:36,160122.968750,B0DB8AF16E20,0001,male,C57BL/6,1.1.1,FR1_Approach,0,Status,89,158,71,13,0,0,,,,,Disabled,24.2,43.9,996.4,16.4,0.929,370.000,247724,339964,181448,33848,3.89,63.83
2026-07-22 13:05:29,160777.781250,B0DB8AF16E20,0001,male,C57BL/6,1.1.1,FR1_Approach,0,Status,89,158,71,13,0,0,,,,,Disabled,24.3,43.7,996.4,16.3,0.778,314.000,247724,339964,181448,33985,3.89,63.69
2026-07-22 13:16:02,161410.984375,B0DB8AF16E20,0001,male,C57BL/6,1.1.1,FR1_Approach,0,Status,89,158,71,13,0,0,,,,,Disabled,24.2,44.1,996.4,16.3,0.626,257.000,247724,339964,181448,34122,3.90,63.69
2026-07-22 13:26:55,162065.281250,B0DB8AF16E20,0001,male,C57BL/6,1.1.1,FR1_Approach,0,Status,89,158,71,13,0,0,,,,,Disabled,24.3,43.5,996.2,16.2,0.677,276.000,247724,339964,181448,34259,3.89,63.54
2026-07-22 13:37:50,162721.015625,B0DB8AF16E20,0001,male,C57BL/6,1.1.1,FR1_Approach,0,Status,89,158,71,13,0,0,,,,,Disabled,24.3,43.4,996.2,16.2,0.688,275.000,247724,339964,181448,34396,3.88,63.40
2026-07-22 13:48:47,163378.781250,B0DB8AF16E20,0001,male,C57BL/6,1.1.1,FR1_Approach,0,Status,89,158,71,13,0,0,,,,,Disabled,24.3,43.3,996.1,16.2,0.821,320.000,247724,339964,181448,34533,3.88,63.25
2026-07-22 13:59:40,164032.562500,B0DB8AF16E20,0001,male,C57BL/6,1.1.1,FR1_Approach,0,Status,89,158,71,13,0,0,,,,,Disabled,24.3,43.5,996.1,16.2,0.709,286.000,247724,339964,181448,34670,3.88,63.25
2026-07-22 14:10:33,164686.265625,B0DB8AF16E20,0001,male,C57BL/6,1.1.1,FR1_Approach,0,Status,89,158,71,13,0,0,,,,,Disabled,24.3,43.3,996.0,16.3,0.958,392.000,247724,339964,181448,34807,3.89,63.11
2026-07-22 14:17:39,165113.171875,B0DB8AF16E20,0001,male,C57BL/6,1.1.1,FR1_Approach,0,Right,89,158,72,13,0,0,,,,,,,,,,,,,,,,,,,,
2026-07-22 14:21:26,165339.859375,B0DB8AF16E20,0001,male,C57BL/6,1.1.1,FR1_Approach,0,Status,89,158,72,13,0,0,,,,,Disabled,24.3,43.6,996.0,16.2,0.400,166.000,247724,339964,181448,34944,3.88,63.11
2026-07-22 14:32:13,165987.609375,B0DB8AF16E20,0001,male,C57BL/6,1.1.1,FR1_Approach,0,Status,89,158,72,13,0,0,,,,,Disabled,24.3,44.0,996.0,16.2,0.662,264.000,247724,339964,181448,35081,3.88,62.96
2026-07-22 14:43:10,166645.359375,B0DB8AF16E20,0001,male,C57BL/6,1.1.1,FR1_Approach,0,Status,89,158,72,13,0,0,,,,,Disabled,24.3,43.6,995.9,16.2,0.785,308.000,247724,339964,181448,35218,3.88,62.96
2026-07-22 14:54:08,167304.140625,B0DB8AF16E20,0001,male,C57BL/6,1.1.1,FR1_Approach,0,Status,89,158,72,13,0,0,,,,,Disabled,24.3,43.5,995.8,16.2,0.666,271.000,247724,339964,181448,35355,3.88,62.82
2026-07-22 15:05:04,167960.984375,B0DB8AF16E20,0001,male,C57BL/6,1.1.1,FR1_Approach,0,Status,89,158,72,13,0,0,,,,,Disabled,24.3,43.4,995.8,16.2,0.684,283.000,247724,339964,181448,35492,3.86,62.68
2026-07-22 15:15:53,168610.734375,B0DB8AF16E20,0001,male,C57BL/6,1.1.1,FR1_Approach,0,Status,89,158,72,13,0,0,,,,,Disabled,24.3,43.6,995.8,16.3,0.713,288.000,247724,339964,181448,35629,3.88,62.68
2026-07-22 15:26:44,169262.453125,B0DB8AF16E20,0001,male,C57BL/6,1.1.1,FR1_Approach,0,Status,89,158,72,13,0,0,,,,,Disabled,24.3,43.6,995.8,16.3,0.792,312.000,247724,339964,181448,35766,3.88,62.53
2026-07-22 15:37:17,169895.671875,B0DB8AF16E20,0001,male,C57BL/6,1.1.1,FR1_Approach,0,Status,89,158,72,13,0,0,,,,,Disabled,24.1,44.1,995.8,16.4,0.691,282.000,247724,339964,181448,35903,3.87,62.53
2026-07-22 15:48:11,170551.015625,B0DB8AF16E20,0001,male,C57BL/6,1.1.1,FR1_Approach,0,Status,89,158,72,13,0,0,,,,,Disabled,24.1,43.6,995.7,16.3,0.454,192.000,247724,339964,181448,36040,3.88,62.39
2026-07-22 15:58:43,171184.203125,B0DB8AF16E20,0001,male,C57BL/6,1.1.1,FR1_Approach,0,Status,89,158,72,13,0,0,,,,,Disabled,24.0,44.1,995.6,16.5,0.522,213.000,247724,339964,181448,36177,3.87,62.39
2026-07-22 16:09:36,171837.484375,B0DB8AF16E20,0001,male,C57BL/6,1.1.1,FR1_Approach,0,Status,89,158,72,13,0,0,,,,,Disabled,24.0,43.7,995.6,16.3,0.346,156.000,247724,339964,181448,36314,3.88,62.24
2026-07-22 16:20:44,172506.171875,B0DB8AF16E20,0001,male,C57BL/6,1.1.1,FR1_Approach,0,Status,89,158,72,13,0,0,,,,,Disabled,24.1,43.5,995.5,16.3,1.145,460.000,247724,339964,181448,36451,3.88,62.10
2026-07-22 16:31:18,173140.828125,B0DB8AF16E20,0001,male,C57BL/6,1.1.1,FR1_Approach,0,Status,89,158,72,13,0,0,,,,,Disabled,24.0,44.3,995.5,16.5,0.353,152.000,247724,339964,181448,36589,3.88,62.10
2026-07-22 16:41:50,173774.031250,B0DB8AF16E20,0001,male,C57BL/6,1.1.1,FR1_Approach,0,Status,89,158,72,13,0,0,,,,,Disabled,24.0,44.4,995.4,16.4,0.806,329.000,247724,339964,181448,36726,3.88,62.10
2026-07-22 16:52:45,174428.468750,B0DB8AF16E20,0001,male,C57BL/6,1.1.1,FR1_Approach,0,Status,89,158,72,13,0,0,,,,,Disabled,24.0,43.9,995.4,16.4,0.871,355.000,247724,339964,181448,36863,3.87,61.95
2026-07-22 17:03:34,175079.203125,B0DB8AF16E20,0001,male,C57BL/6,1.1.1,FR1_Approach,0,Status,89,158,72,13,0,0,,,,,Disabled,24.0,44.0,995.3,16.3,0.695,286.000,247724,339964,181448,37000,3.87,61.81
2026-07-22 17:14:32,175737.906250,B0DB8AF16E20,0001,male,C57BL/6,1.1.1,FR1_Approach,0,Status,89,158,72,13,0,0,,,,,Disabled,24.0,43.7,995.4,16.3,1.206,484.000,247724,339964,181448,37137,3.87,61.66
2026-07-22 17:25:29,176395.750000,B0DB8AF16E20,0001,male,C57BL/6,1.1.1,FR1_Approach,0,Status,89,158,72,13,0,0,,,,,Disabled,24.1,43.6,995.4,16.3,0.482,206.000,247724,339964,181448,37274,3.87,61.66
2026-07-22 17:36:27,177054.609375,B0DB8AF16E20,0001,male,C57BL/6,1.1.1,FR1_Approach,0,Status,89,158,72,13,0,0,,,,,Disabled,24.1,43.6,995.4,16.3,0.634,265.000,247724,339964,181448,37411,3.87,61.52
2026-07-22 17:47:20,177708.250000,B0DB8AF16E20,0001,male,C57BL/6,1.1.1,FR1_Approach,0,Status,89,158,72,13,0,0,,,,,Disabled,24.1,43.7,995.4,16.3,0.497,211.000,247724,339964,181444,37548,3.87,61.52
2026-07-22 17:58:10,178359.046875,B0DB8AF16E20,0001,male,C57BL/6,1.1.1,FR1_Approach,0,Status,89,158,72,13,0,0,,,,,Disabled,24.1,43.7,995.4,16.3,0.461,192.000,247724,339964,181444,37685,3.87,61.38
2026-07-22 18:09:07,179016.687500,B0DB8AF16E20,0001,male,C57BL/6,1.1.1,FR1_Approach,0,Status,89,158,72,13,0,0,,,,,Disabled,24.2,43.5,995.5,16.3,0.000,0.000,247724,339964,181444,37822,3.88,61.38
2026-07-22 18:20:13,179683.515625,B0DB8AF16E20,0001,male,C57BL/6,1.1.1,FR1_Approach,0,Status,89,158,72,13,0,0,,,,,Disabled,24.2,43.2,995.5,16.2,0.000,0.000,247724,339964,181444,37959,3.86,61.38
2026-07-22 18:30:46,180316.734375,B0DB8AF16E20,0001,male,C57BL/6,1.1.1,FR1_Approach,0,Status,89,158,72,13,0,0,,,,,Disabled,24.2,44.0,995.5,16.4,0.000,0.000,247724,339964,181444,38096,3.86,61.06
2026-07-22 18:41:36,180967.984375,B0DB8AF16E20,0001,male,C57BL/6,1.1.1,FR1_Approach,0,Status,89,158,72,13,0,0,,,,,Disabled,24.2,43.5,995.6,16.4,0.000,0.000,247724,339964,181444,38233,3.86,61.06
2026-07-22 18:52:09,181601.218750,B0DB8AF16E20,0001,male,C57BL/6,1.1.1,FR1_Approach,0,Status,89,158,72,13,0,0,,,,,Disabled,24.1,44.0,995.6,16.4,0.000,0.000,247724,339964,181444,38370,3.88,60.74
2026-07-22 19:02:58,182251.406250,B0DB8AF16E20,0001,male,C57BL/6,1.1.1,FR1_Approach,0,Status,89,158,72,13,0,0,,,,,Disabled,24.2,43.6,995.6,16.3,0.000,0.000,247724,339964,181444,38507,3.86,60.74
2026-07-22 19:13:46,182900.187500,B0DB8AF16E20,0001,male,C57BL/6,1.1.1,FR1_Approach,0,Status,89,158,72,13,0,0,,,,,Disabled,24.2,43.8,995.7,16.3,0.000,0.000,247724,339964,181444,38644,3.86,60.43
2026-07-22 19:18:20,183173.953125,B0DB8AF16E20,0001,male,C57BL/6,1.1.1,FR1_Approach,0,Left,89,159,72,13,0,0,,,,,,,,,,,,,,,,,,,,
2026-07-22 19:18:21,183175.078125,B0DB8AF16E20,0001,male,C57BL/6,1.1.1,FR1_Approach,0,Approach,89,159,72,13,0,0,,,,,,,,,,,,,,,,,,,,
2026-07-22 19:18:26,183180.093750,B0DB8AF16E20,0001,male,C57BL/6,1.1.1,FR1_Approach,0,PelletDrop,90,159,72,13,0,0,,,,,,,,,,,,,,,,,,,,
2026-07-22 19:18:36,183189.875000,B0DB8AF16E20,0001,male,C57BL/6,1.1.1,FR1_Approach,0,PelletTaken,90,159,72,13,0,0,9.255,21.000,0,2,,,,,,,,,,,,,,,,
2026-07-22 19:18:59,183213.703125,B0DB8AF16E20,0001,male,C57BL/6,1.1.1,FR1_Approach,0,Left,90,160,72,13,0,0,,,,,,,,,,,,,,,,,,,,
2026-07-22 19:19:00,183214.828125,B0DB8AF16E20,0001,male,C57BL/6,1.1.1,FR1_Approach,0,Approach,90,160,72,13,0,0,,,,,,,,,,,,,,,,,,,,
2026-07-22 19:19:05,183219.843750,B0DB8AF16E20,0001,male,C57BL/6,1.1.1,FR1_Approach,0,PelletDrop,91,160,72,13,0,0,,,,,,,,,,,,,,,,,,,,
2026-07-22 19:19:13,183227.328125,B0DB8AF16E20,0001,male,C57BL/6,1.1.1,FR1_Approach,0,PelletTaken,91,160,72,13,0,0,6.967,117.000,0,2,,,,,,,,,,,,,,,,
2026-07-22 19:19:39,183253.875000,B0DB8AF16E20,0001,male,C57BL/6,1.1.1,FR1_Approach,0,Left,91,161,72,13,0,0,,,,,,,,,,,,,,,,,,,,
2026-07-22 19:19:41,183255.015625,B0DB8AF16E20,0001,male,C57BL/6,1.1.1,FR1_Approach,0,Approach,91,161,72,13,0,0,,,,,,,,,,,,,,,,,,,,
2026-07-22 19:19:46,183260.015625,B0DB8AF16E20,0001,male,C57BL/6,1.1.1,FR1_Approach,0,PelletDrop,92,161,72,13,0,0,,,,,,,,,,,,,,,,,,,,
2026-07-22 19:19:56,183270.406250,B0DB8AF16E20,0001,male,C57BL/6,1.1.1,FR1_Approach,0,PelletTaken,92,161,72,13,0,0,9.850,177.000,0,2,,,,,,,,,,,,,,,,
2026-07-22 19:24:03,183518.406250,B0DB8AF16E20,0001,male,C57BL/6,1.1.1,FR1_Approach,0,Status,92,161,72,13,0,0,,,,,Disabled,24.1,44.3,995.7,16.4,0.000,0.000,247724,339964,181444,38771,3.87,60.43
2026-07-22 19:34:36,184151.609375,B0DB8AF16E20,0001,male,C57BL/6,1.1.1,FR1_Approach,0,Status,92,161,72,13,0,0,,,,,Disabled,24.0,44.5,995.8,16.4,0.000,0.000,247724,339964,181444,38908,3.86,60.11
2026-07-22 19:45:29,184805.343750,B0DB8AF16E20,0001,male,C57BL/6,1.1.1,FR1_Approach,0,Status,92,161,72,13,0,0,,,,,Disabled,24.0,44.2,995.9,16.4,0.000,0.000,247724,339964,181444,39045,3.85,60.11
2026-07-22 19:56:20,185457.046875,B0DB8AF16E20,0001,male,C57BL/6,1.1.1,FR1_Approach,0,Status,92,161,72,13,0,0,,,,,Disabled,24.0,44.4,995.9,16.4,0.000,0.000,247724,339964,181444,39182,3.86,59.79
2026-07-22 20:07:18,186115.937500,B0DB8AF16E20,0001,male,C57BL/6,1.1.1,FR1_Approach,0,Status,92,161,72,13,0,0,,,,,Disabled,24.0,44.4,996.0,16.3,0.000,0.000,247724,339964,181444,39319,3.86,59.79
2026-07-22 20:15:19,186597.218750,B0DB8AF16E20,0001,male,C57BL/6,1.1.1,FR1_Approach,0,Center,92,161,72,14,0,0,,,,,,,,,,,,,,,,,,,,
2026-07-22 20:15:20,186598.578125,B0DB8AF16E20,0001,male,C57BL/6,1.1.1,FR1_Approach,0,Center,92,161,72,15,0,0,,,,,,,,,,,,,,,,,,,,
2026-07-22 20:15:24,186602.468750,B0DB8AF16E20,0001,male,C57BL/6,1.1.1,FR1_Approach,0,Left,92,162,72,15,0,0,,,,,,,,,,,,,,,,,,,,
2026-07-22 20:15:25,186603.859375,B0DB8AF16E20,0001,male,C57BL/6,1.1.1,FR1_Approach,0,Approach,92,162,72,15,0,0,,,,,,,,,,,,,,,,,,,,
2026-07-22 20:15:29,186607.078125,B0DB8AF16E20,0001,male,C57BL/6,1.1.1,FR1_Approach,0,PelletDrop,93,162,72,15,0,0,,,,,,,,,,,,,,,,,,,,
2026-07-22 20:15:30,186608.203125,B0DB8AF16E20,0001,male,C57BL/6,1.1.1,FR1_Approach,0,PelletNotDetected,93,162,72,15,0,0,,,,,,,,,,,,,,,,,,,,
2026-07-22 20:15:51,186629.109375,B0DB8AF16E20,0001,male,C57BL/6,1.1.1,FR1_Approach,0,Left,93,163,72,15,0,0,,,,,,,,,,,,,,,,,,,,
2026-07-22 20:15:52,186630.250000,B0DB8AF16E20,0001,male,C57BL/6,1.1.1,FR1_Approach,0,Approach,93,163,72,15,0,0,,,,,,,,,,,,,,,,,,,,
2026-07-22 20:15:55,186633.187500,B0DB8AF16E20,0001,male,C57BL/6,1.1.1,FR1_Approach,0,PelletDrop,94,163,72,15,0,0,,,,,,,,,,,,,,,,,,,,
2026-07-22 20:15:56,186634.312500,B0DB8AF16E20,0001,male,C57BL/6,1.1.1,FR1_Approach,0,PelletNotDetected,94,163,72,15,0,0,,,,,,,,,,,,,,,,,,,,
2026-07-22 20:16:32,186670.250000,B0DB8AF16E20,0001,male,C57BL/6,1.1.1,FR1_Approach,0,Left,94,164,72,15,0,0,,,,,,,,,,,,,,,,,,,,
2026-07-22 20:16:33,186671.390625,B0DB8AF16E20,0001,male,C57BL/6,1.1.1,FR1_Approach,0,Approach,94,164,72,15,0,0,,,,,,,,,,,,,,,,,,,,
2026-07-22 20:16:36,186674.125000,B0DB8AF16E20,0001,male,C57BL/6,1.1.1,FR1_Approach,0,PelletDrop,95,164,72,15,0,0,,,,,,,,,,,,,,,,,,,,
2026-07-22 20:16:37,186675.250000,B0DB8AF16E20,0001,male,C57BL/6,1.1.1,FR1_Approach,0,PelletNotDetected,95,164,72,15,0,0,,,,,,,,,,,,,,,,,,,,
2026-07-22 20:18:12,186770.687500,B0DB8AF16E20,0001,male,C57BL/6,1.1.1,FR1_Approach,0,Status,95,164,72,15,0,0,,,,,Disabled,24.0,44.3,996.1,16.3,0.000,0.000,247724,339964,181444,39454,3.86,59.48
2026-07-22 20:19:12,186830.734375,B0DB8AF16E20,0001,male,C57BL/6,1.1.1,FR1_Approach,0,Left,95,165,72,15,0,0,,,,,,,,,,,,,,,,,,,,
2026-07-22 20:19:13,186831.859375,B0DB8AF16E20,0001,male,C57BL/6,1.1.1,FR1_Approach,0,Approach,95,165,72,15,0,0,,,,,,,,,,,,,,,,,,,,
2026-07-22 20:19:22,186840.375000,B0DB8AF16E20,0001,male,C57BL/6,1.1.1,FR1_Approach,0,PelletDrop,96,165,72,15,0,0,,,,,,,,,,,,,,,,,,,,
2026-07-22 20:19:36,186854.843750,B0DB8AF16E20,0001,male,C57BL/6,1.1.1,FR1_Approach,0,PelletTaken,96,165,72,15,0,0,13.931,801.000,0,6,,,,,,,,,,,,,,,,
2026-07-22 20:20:17,186896.000000,B0DB8AF16E20,0001,male,C57BL/6,1.1.1,FR1_Approach,0,Left,96,166,72,15,0,0,,,,,,,,,,,,,,,,,,,,
2026-07-22 20:20:19,186897.125000,B0DB8AF16E20,0001,male,C57BL/6,1.1.1,FR1_Approach,0,Approach,96,166,72,15,0,0,,,,,,,,,,,,,,,,,,,,
2026-07-22 20:20:24,186902.562500,B0DB8AF16E20,0001,male,C57BL/6,1.1.1,FR1_Approach,0,PelletDrop,97,166,72,15,0,0,,,,,,,,,,,,,,,,,,,,
2026-07-22 20:20:40,186918.937500,B0DB8AF16E20,0001,male,C57BL/6,1.1.1,FR1_Approach,0,PelletTaken,97,166,72,15,0,0,15.822,50.000,0,2,,,,,,,,,,,,,,,,
2026-07-22 20:29:10,187429.359375,B0DB8AF16E20,0001,male,C57BL/6,1.1.1,FR1_Approach,0,Status,97,166,72,15,0,0,,,,,Disabled,24.0,44.4,996.1,16.2,0.000,0.000,247724,339964,181444,39581,3.86,59.16
2026-07-22 20:40:06,188086.140625,B0DB8AF16E20,0001,male,C57BL/6,1.1.1,FR1_Approach,0,Status,97,166,72,15,0,0,,,,,Disabled,24.1,44.3,996.2,16.2,0.000,0.000,247724,339964,181444,39718,3.85,59.16
2026-07-22 20:51:03,188743.890625,B0DB8AF16E20,0001,male,C57BL/6,1.1.1,FR1_Approach,0,Status,97,166,72,15,0,0,,,,,Disabled,24.1,44.2,996.2,16.3,0.000,0.000,247724,339964,181444,39855,3.86,58.84
2026-07-22 21:02:09,189410.468750,B0DB8AF16E20,0001,male,C57BL/6,1.1.1,FR1_Approach,0,Status,97,166,72,15,0,0,,,,,Disabled,24.2,43.9,996.4,16.1,0.000,0.000,247724,339964,181444,39992,3.85,58.53
2026-07-22 21:12:42,190043.671875,B0DB8AF16E20,0001,male,C57BL/6,1.1.1,FR1_Approach,0,Status,97,166,72,15,0,0,,,,,Disabled,24.1,44.7,996.5,16.3,0.000,0.000,247724,339964,181444,40129,3.85,58.53
2026-07-22 21:23:36,190699.015625,B0DB8AF16E20,0001,male,C57BL/6,1.1.1,FR1_Approach,0,Status,97,166,72,15,0,0,,,,,Disabled,24.1,44.2,996.6,16.3,0.000,0.000,247724,339964,181444,40266,3.85,58.21
2026-07-22 21:34:09,191332.234375,B0DB8AF16E20,0001,male,C57BL/6,1.1.1,FR1_Approach,0,Status,97,166,72,15,0,0,,,,,Disabled,24.1,44.7,996.7,16.3,0.000,0.000,247724,339964,181444,40403,3.85,57.89
2026-07-22 21:45:01,191985.562500,B0DB8AF16E20,0001,male,C57BL/6,1.1.1,FR1_Approach,0,Status,97,166,72,15,0,0,,,,,Disabled,24.1,44.1,996.8,16.2,0.000,0.000,247724,339964,181444,40540,3.83,57.89
2026-07-22 21:55:58,192643.234375,B0DB8AF16E20,0001,male,C57BL/6,1.1.1,FR1_Approach,0,Status,97,166,72,15,0,0,,,,,Disabled,24.1,44.5,997.0,16.2,0.000,0.000,247724,339964,181444,40677,3.85,57.58
2026-07-22 22:06:55,193301.031250,B0DB8AF16E20,0001,male,C57BL/6,1.1.1,FR1_Approach,0,Status,97,166,72,15,0,0,,,,,Disabled,24.1,44.7,997.1,16.2,0.000,0.000,247724,339964,181444,40814,3.85,57.26
2026-07-22 22:16:50,193896.781250,B0DB8AF16E20,0001,male,C57BL/6,1.1.1,FR1_Approach,0,Left,97,167,72,15,0,0,,,,,,,,,,,,,,,,,,,,
2026-07-22 22:16:52,193897.906250,B0DB8AF16E20,0001,male,C57BL/6,1.1.1,FR1_Approach,0,Approach,97,167,72,15,0,0,,,,,,,,,,,,,,,,,,,,
2026-07-22 22:16:57,193902.906250,B0DB8AF16E20,0001,male,C57BL/6,1.1.1,FR1_Approach,0,PelletDrop,98,167,72,15,0,0,,,,,,,,,,,,,,,,,,,,
2026-07-22 22:17:06,193912.312500,B0DB8AF16E20,0001,male,C57BL/6,1.1.1,FR1_Approach,0,PelletTaken,98,167,72,15,0,0,8.871,224.000,0,2,,,,,,,,,,,,,,,,
2026-07-22 22:18:12,193978.750000,B0DB8AF16E20,0001,male,C57BL/6,1.1.1,FR1_Approach,0,Status,98,167,72,15,0,0,,,,,Disabled,24.1,44.7,997.2,16.2,0.000,0.000,247724,339964,181444,40951,3.85,57.26
2026-07-22 22:20:29,194115.218750,B0DB8AF16E20,0001,male,C57BL/6,1.1.1,FR1_Approach,0,Left,98,168,72,15,0,0,,,,,,,,,,,,,,,,,,,,
2026-07-22 22:20:30,194116.593750,B0DB8AF16E20,0001,male,C57BL/6,1.1.1,FR1_Approach,0,Approach,98,168,72,15,0,0,,,,,,,,,,,,,,,,,,,,
2026-07-22 22:20:35,194121.593750,B0DB8AF16E20,0001,male,C57BL/6,1.1.1,FR1_Approach,0,PelletDrop,99,168,72,15,0,0,,,,,,,,,,,,,,,,,,,,
2026-07-22 22:20:46,194132.906250,B0DB8AF16E20,0001,male,C57BL/6,1.1.1,FR1_Approach,0,PelletTaken,99,168,72,15,0,0,10.774,205.000,0,2,,,,,,,,,,,,,,,,
2026-07-22 22:21:15,194162.000000,B0DB8AF16E20,0001,male,C57BL/6,1.1.1,FR1_Approach,0,Left,99,169,72,15,0,0,,,,,,,,,,,,,,,,,,,,
2026-07-22 22:21:17,194163.140625,B0DB8AF16E20,0001,male,C57BL/6,1.1.1,FR1_Approach,0,Approach,99,169,72,15,0,0,,,,,,,,,,,,,,,,,,,,
2026-07-22 22:21:22,194168.156250,B0DB8AF16E20,0001,male,C57BL/6,1.1.1,FR1_Approach,0,PelletDrop,100,169,72,15,0,0,,,,,,,,,,,,,,,,,,,,
2026-07-22 22:21:33,194179.312500,B0DB8AF16E20,0001,male,C57BL/6,1.1.1,FR1_Approach,0,PelletTaken,100,169,72,15,0,0,10.641,98.000,0,2,,,,,,,,,,,,,,,,
2026-07-22 22:29:14,194641.484375,B0DB8AF16E20,0001,male,C57BL/6,1.1.1,FR1_Approach,0,Status,100,169,72,15,0,0,,,,,Disabled,24.1,44.7,997.2,16.1,0.000,0.000,247724,339964,181444,41080,3.86,56.95
2026-07-22 22:39:47,195274.703125,B0DB8AF16E20,0001,male,C57BL/6,1.1.1,FR1_Approach,0,Status,100,169,72,15,0,0,,,,,Disabled,24.0,45.7,997.3,16.2,0.000,0.000,247724,339964,181444,41217,3.85,56.95
2026-07-22 22:50:19,195907.875000,B0DB8AF16E20,0001,male,C57BL/6,1.1.1,FR1_Approach,0,Status,100,169,72,15,0,0,,,,,Disabled,23.8,45.9,997.3,16.3,0.000,0.000,247724,339964,181444,41354,3.85,56.63
2026-07-22 23:01:16,196565.671875,B0DB8AF16E20,0001,male,C57BL/6,1.1.1,FR1_Approach,0,Status,100,169,72,15,0,0,,,,,Disabled,23.8,45.3,997.3,16.2,0.000,0.000,247724,339964,181444,41491,3.86,56.31
2026-07-22 23:12:10,197220.500000,B0DB8AF16E20,0001,male,C57BL/6,1.1.1,FR1_Approach,0,Status,100,169,72,15,0,0,,,,,Disabled,23.8,45.4,997.3,16.2,0.000,0.000,247724,339964,181444,41628,3.85,56.31
2026-07-22 23:20:42,197733.250000,B0DB8AF16E20,0001,male,C57BL/6,1.1.1,FR1_Approach,0,Right,100,169,73,15,0,0,,,,,,,,,,,,,,,,,,,,
2026-07-22 23:20:45,197736.031250,B0DB8AF16E20,0001,male,C57BL/6,1.1.1,FR1_Approach,0,Right,100,169,74,15,0,0,,,,,,,,,,,,,,,,,,,,
2026-07-22 23:21:05,197756.203125,B0DB8AF16E20,0001,male,C57BL/6,1.1.1,FR1_Approach,0,Left,100,170,74,15,0,0,,,,,,,,,,,,,,,,,,,,
2026-07-22 23:21:06,197757.343750,B0DB8AF16E20,0001,male,C57BL/6,1.1.1,FR1_Approach,0,Approach,100,170,74,15,0,0,,,,,,,,,,,,,,,,,,,,
2026-07-22 23:21:11,197762.343750,B0DB8AF16E20,0001,male,C57BL/6,1.1.1,FR1_Approach,0,PelletDrop,101,170,74,15,0,0,,,,,,,,,,,,,,,,,,,,
2026-07-22 23:21:19,197770.765625,B0DB8AF16E20,0001,male,C57BL/6,1.1.1,FR1_Approach,0,PelletTaken,101,170,74,15,0,0,7.892,244.000,0,2,,,,,,,,,,,,,,,,
2026-07-22 23:21:43,197794.234375,B0DB8AF16E20,0001,male,C57BL/6,1.1.1,FR1_Approach,0,Left,101,171,74,15,0,0,,,,,,,,,,,,,,,,,,,,
2026-07-22 23:21:44,197795.375000,B0DB8AF16E20,0001,male,C57BL/6,1.1.1,FR1_Approach,0,Approach,101,171,74,15,0,0,,,,,,,,,,,,,,,,,,,,
2026-07-22 23:21:49,197800.375000,B0DB8AF16E20,0001,male,C57BL/6,1.1.1,FR1_Approach,0,PelletDrop,102,171,74,15,0,0,,,,,,,,,,,,,,,,,,,,
2026-07-22 23:21:56,197807.843750,B0DB8AF16E20,0001,male,C57BL/6,1.1.1,FR1_Approach,0,PelletTaken,102,171,74,15,0,0,6.923,147.000,0,2,,,,,,,,,,,,,,,,
2026-07-22 23:23:05,197876.203125,B0DB8AF16E20,0001,male,C57BL/6,1.1.1,FR1_Approach,0,Status,102,171,74,15,0,0,,,,,Disabled,23.9,45.3,997.4,16.2,0.000,0.000,247724,339964,181444,41761,3.84,56.00
2026-07-22 23:34:03,198535.078125,B0DB8AF16E20,0001,male,C57BL/6,1.1.1,FR1_Approach,0,Status,102,171,74,15,0,0,,,,,Disabled,23.9,45.5,997.4,16.1,0.000,0.000,247724,339964,181444,41898,3.84,56.00
2026-07-22 23:45:06,199198.781250,B0DB8AF16E20,0001,male,C57BL/6,1.1.1,FR1_Approach,0,Status,102,171,74,15,0,0,,,,,Disabled,23.9,45.4,997.4,16.0,0.000,0.000,247724,339964,181444,42035,3.84,55.68
2026-07-22 23:55:39,199831.968750,B0DB8AF16E20,0001,male,C57BL/6,1.1.1,FR1_Approach,0,Status,102,171,74,15,0,0,,,,,Disabled,23.8,46.2,997.5,16.1,0.000,0.000,247724,339964,181444,42172,3.85,55.68
2026-07-23 00:06:41,200495.343750,B0DB8AF16E20,0001,male,C57BL/6,1.1.1,FR1_Approach,0,Status,102,171,74,15,0,0,,,,,Disabled,23.9,45.6,997.5,16.0,0.000,0.000,247724,339964,181444,42309,3.84,55.36
2026-07-23 00:17:13,201128.562500,B0DB8AF16E20,0001,male,C57BL/6,1.1.1,FR1_Approach,0,Status,102,171,74,15,0,0,,,,,Disabled,23.8,46.1,997.6,16.1,0.000,0.000,247724,339964,181444,42446,3.85,55.05
2026-07-23 00:28:06,201781.750000,B0DB8AF16E20,0001,male,C57BL/6,1.1.1,FR1_Approach,0,Status,102,171,74,15,0,0,,,,,Disabled,23.9,45.3,997.6,16.0,0.000,0.000,247724,339964,181444,42583,3.84,55.05
2026-07-23 00:39:07,202443.625000,B0DB8AF16E20,0001,male,C57BL/6,1.1.1,FR1_Approach,0,Status,102,171,74,15,0,0,,,,,Disabled,24.0,44.9,997.7,15.9,0.000,0.000,247724,339964,181444,42720,3.84,54.73
2026-07-23 00:50:05,203102.312500,B0DB8AF16E20,0001,male,C57BL/6,1.1.1,FR1_Approach,0,Status,102,171,74,15,0,0,,,,,Disabled,24.1,44.9,997.7,15.8,0.000,0.000,247724,339964,181444,42857,3.84,54.73
2026-07-23 01:00:57,203755.093750,B0DB8AF16E20,0001,male,C57BL/6,1.1.1,FR1_Approach,0,Status,102,171,74,15,0,0,,,,,Disabled,24.1,44.9,997.8,16.0,0.000,0.000,247724,339964,181444,42994,3.84,54.41
2026-07-23 01:11:56,204413.796875,B0DB8AF16E20,0001,male,C57BL/6,1.1.1,FR1_Approach,0,Status,102,171,74,15,0,0,,,,,Disabled,24.1,44.7,997.8,15.9,0.000,0.000,247724,339964,181444,43131,3.84,54.10
2026-07-23 01:22:56,205074.671875,B0DB8AF16E20,0001,male,C57BL/6,1.1.1,FR1_Approach,0,Status,102,171,74,15,0,0,,,,,Disabled,24.2,44.8,997.9,15.9,0.000,0.000,247724,339964,181444,43268,3.85,54.10
2026-07-23 01:33:28,205707.875000,B0DB8AF16E20,0001,male,C57BL/6,1.1.1,FR1_Approach,0,Status,102,171,74,15,0,0,,,,,Disabled,24.2,45.2,997.9,15.9,0.000,0.000,247724,339964,181444,43405,3.84,53.78
2026-07-23 01:44:00,206341.078125,B0DB8AF16E20,0001,male,C57BL/6,1.1.1,FR1_Approach,0,Status,102,171,74,15,0,0,,,,,Disabled,24.1,45.2,998.0,16.0,0.000,0.000,247724,339964,181444,43542,3.83,53.78
2026-07-23 01:54:50,206991.859375,B0DB8AF16E20,0001,male,C57BL/6,1.1.1,FR1_Approach,0,Status,102,171,74,15,0,0,,,,,Disabled,24.1,44.7,998.0,15.9,0.000,0.000,247724,339964,181444,43679,3.84,53.46
2026-07-23 02:05:52,207654.625000,B0DB8AF16E20,0001,male,C57BL/6,1.1.1,FR1_Approach,0,Status,102,171,74,15,0,0,,,,,Disabled,24.2,44.2,998.0,16.0,0.000,0.000,247724,339964,181444,43816,3.83,53.46
2026-07-23 02:16:52,208315.375000,B0DB8AF16E20,0001,male,C57BL/6,1.1.1,FR1_Approach,0,Status,102,171,74,15,0,0,,,,,Disabled,24.2,44.4,998.1,16.0,0.000,0.000,247724,339964,181444,43953,3.82,53.08
2026-07-23 02:27:25,208948.578125,B0DB8AF16E20,0001,male,C57BL/6,1.1.1,FR1_Approach,0,Status,102,171,74,15,0,0,,,,,Disabled,24.0,45.3,998.1,16.1,0.000,0.000,247724,339964,181444,44090,3.83,52.70
2026-07-23 02:38:23,209607.843750,B0DB8AF16E20,0001,male,C57BL/6,1.1.1,FR1_Approach,0,Status,102,171,74,15,0,0,,,,,Disabled,24.0,44.9,998.1,16.1,0.000,0.000,247724,339964,181444,44227,3.83,52.70
2026-07-23 02:48:55,210241.031250,B0DB8AF16E20,0001,male,C57BL/6,1.1.1,FR1_Approach,0,Status,102,171,74,15,0,0,,,,,Disabled,23.9,45.6,998.1,16.2,0.000,0.000,247724,339964,181444,44364,3.83,52.31
2026-07-23 02:59:50,210896.343750,B0DB8AF16E20,0001,male,C57BL/6,1.1.1,FR1_Approach,0,Status,102,171,74,15,0,0,,,,,Disabled,23.9,45.4,998.2,16.1,0.000,0.000,247724,339964,181444,44501,3.84,52.31
2026-07-23 03:10:44,211551.078125,B0DB8AF16E20,0001,male,C57BL/6,1.1.1,FR1_Approach,0,Status,102,171,74,15,0,0,,,,,Disabled,23.9,45.2,998.3,16.1,0.000,0.000,247724,339964,181444,44638,3.83,51.93
2026-07-23 03:21:44,212211.890625,B0DB8AF16E20,0001,male,C57BL/6,1.1.1,FR1_Approach,0,Status,102,171,74,15,0,0,,,,,Disabled,24.0,44.9,998.3,16.0,0.000,0.000,247724,339964,181444,44775,3.83,51.93
2026-07-23 03:32:42,212870.578125,B0DB8AF16E20,0001,male,C57BL/6,1.1.1,FR1_Approach,0,Status,102,171,74,15,0,0,,,,,Disabled,24.0,44.8,998.4,15.9,0.000,0.000,247724,339964,181444,44912,3.83,51.55
2026-07-23 03:43:44,213533.343750,B0DB8AF16E20,0001,male,C57BL/6,1.1.1,FR1_Approach,0,Status,102,171,74,15,0,0,,,,,Disabled,24.1,44.7,998.5,16.0,0.000,0.000,247724,339964,181444,45049,3.83,51.55
2026-07-23 03:54:37,214187.093750,B0DB8AF16E20,0001,male,C57BL/6,1.1.1,FR1_Approach,0,Status,102,171,74,15,0,0,,,,,Disabled,24.1,44.9,998.6,16.0,0.000,0.000,247724,339964,181444,45186,3.83,51.16
2026-07-23 04:05:36,214846.843750,B0DB8AF16E20,0001,male,C57BL/6,1.1.1,FR1_Approach,0,Status,102,171,74,15,0,0,,,,,Disabled,24.1,44.7,998.7,15.9,0.000,0.000,247724,339964,181444,45323,3.81,50.78
2026-07-23 04:16:32,215503.500000,B0DB8AF16E20,0001,male,C57BL/6,1.1.1,FR1_Approach,0,Status,102,171,74,15,0,0,,,,,Disabled,24.2,44.5,998.8,15.9,0.000,0.000,247724,339964,181444,45460,3.83,50.78
2026-07-23 04:27:05,216136.703125,B0DB8AF16E20,0001,male,C57BL/6,1.1.1,FR1_Approach,0,Status,102,171,74,15,0,0,,,,,Disabled,24.1,45.2,998.9,16.0,0.000,0.000,247724,339964,181444,45597,3.83,50.39
2026-07-23 04:34:48,216600.203125,B0DB8AF16E20,0001,male,C57BL/6,1.1.1,FR1_Approach,0,Left,102,172,74,15,0,0,,,,,,,,,,,,,,,,,,,,
2026-07-23 04:34:49,216601.328125,B0DB8AF16E20,0001,male,C57BL/6,1.1.1,FR1_Approach,0,Approach,102,172,74,15,0,0,,,,,,,,,,,,,,,,,,,,
2026-07-23 04:34:54,216606.328125,B0DB8AF16E20,0001,male,C57BL/6,1.1.1,FR1_Approach,0,PelletDrop,103,172,74,15,0,0,,,,,,,,,,,,,,,,,,,,
2026-07-23 04:35:04,216616.671875,B0DB8AF16E20,0001,male,C57BL/6,1.1.1,FR1_Approach,0,PelletTaken,103,172,74,15,0,0,9.795,156.000,0,2,,,,,,,,,,,,,,,,
2026-07-23 04:35:27,216639.640625,B0DB8AF16E20,0001,male,C57BL/6,1.1.1,FR1_Approach,0,Left,103,173,74,15,0,0,,,,,,,,,,,,,,,,,,,,
2026-07-23 04:35:28,216640.781250,B0DB8AF16E20,0001,male,C57BL/6,1.1.1,FR1_Approach,0,Approach,103,173,74,15,0,0,,,,,,,,,,,,,,,,,,,,
2026-07-23 04:35:33,216645.781250,B0DB8AF16E20,0001,male,C57BL/6,1.1.1,FR1_Approach,0,PelletDrop,104,173,74,15,0,0,,,,,,,,,,,,,,,,,,,,
2026-07-23 04:35:42,216654.468750,B0DB8AF16E20,0001,male,C57BL/6,1.1.1,FR1_Approach,0,PelletTaken,104,173,74,15,0,0,8.145,399.000,0,2,,,,,,,,,,,,,,,,
2026-07-23 04:37:39,216771.375000,B0DB8AF16E20,0001,male,C57BL/6,1.1.1,FR1_Approach,0,Status,104,173,74,15,0,0,,,,,Disabled,24.0,44.8,998.9,16.1,0.000,0.000,247724,339964,181444,45727,3.82,50.39
2026-07-23 04:48:11,217404.578125,B0DB8AF16E20,0001,male,C57BL/6,1.1.1,FR1_Approach,0,Status,104,173,74,15,0,0,,,,,Disabled,23.9,45.3,999.0,16.1,0.000,0.000,247724,339964,181444,45864,3.82,50.01
2026-07-23 04:48:55,217448.359375,B0DB8AF16E20,0001,male,C57BL/6,1.1.1,FR1_Approach,0,Left,104,174,74,15,0,0,,,,,,,,,,,,,,,,,,,,
2026-07-23 04:48:56,217449.500000,B0DB8AF16E20,0001,male,C57BL/6,1.1.1,FR1_Approach,0,Approach,104,174,74,15,0,0,,,,,,,,,,,,,,,,,,,,
2026-07-23 04:49:01,217454.500000,B0DB8AF16E20,0001,male,C57BL/6,1.1.1,FR1_Approach,0,PelletDrop,105,174,74,15,0,0,,,,,,,,,,,,,,,,,,,,
2026-07-23 04:49:10,217463.062500,B0DB8AF16E20,0001,male,C57BL/6,1.1.1,FR1_Approach,0,PelletTaken,105,174,74,15,0,0,8.024,89.000,0,2,,,,,,,,,,,,,,,,
2026-07-23 04:58:45,218039.359375,B0DB8AF16E20,0001,male,C57BL/6,1.1.1,FR1_Approach,0,Status,105,174,74,15,0,0,,,,,Disabled,23.8,45.6,999.0,16.1,0.000,0.000,247724,339964,181444,45998,3.82,49.62
2026-07-23 05:09:44,218699.171875,B0DB8AF16E20,0001,male,C57BL/6,1.1.1,FR1_Approach,0,Status,105,174,74,15,0,0,,,,,Disabled,23.9,45.2,999.0,16.1,0.000,0.000,247724,339964,181444,46135,3.82,49.62
2026-07-23 05:20:42,219357.968750,B0DB8AF16E20,0001,male,C57BL/6,1.1.1,FR1_Approach,0,Status,105,174,74,15,0,0,,,,,Disabled,23.9,45.3,999.1,16.0,0.000,0.000,247724,339964,181444,46272,3.83,49.24
2026-07-23 05:31:40,220016.781250,B0DB8AF16E20,0001,male,C57BL/6,1.1.1,FR1_Approach,0,Status,105,174,74,15,0,0,,,,,Disabled,24.0,45.0,999.2,16.0,0.000,0.000,247724,339964,181444,46409,3.82,49.24
2026-07-23 05:42:39,220676.453125,B0DB8AF16E20,0001,male,C57BL/6,1.1.1,FR1_Approach,0,Status,105,174,74,15,0,0,,,,,Disabled,24.0,44.7,999.2,15.9,0.000,0.000,247724,339964,181444,46546,3.82,48.86
2026-07-23 05:53:42,221340.187500,B0DB8AF16E20,0001,male,C57BL/6,1.1.1,FR1_Approach,0,Status,105,174,74,15,0,0,,,,,Disabled,24.1,44.5,999.3,15.9,0.000,0.000,247724,339964,181444,46683,3.82,48.48
2026-07-23 06:04:41,221999.859375,B0DB8AF16E20,0001,male,C57BL/6,1.1.1,FR1_Approach,0,Status,105,174,74,15,0,0,,,,,Disabled,24.2,44.5,999.3,15.8,1.130,442.000,247724,339964,181444,46820,3.83,48.48
2026-07-23 06:15:41,222660.718750,B0DB8AF16E20,0001,male,C57BL/6,1.1.1,FR1_Approach,0,Status,105,174,74,15,0,0,,,,,Disabled,24.2,44.3,999.4,15.9,1.030,404.000,247724,339964,181444,46957,3.82,48.09
2026-07-23 06:26:44,223324.296875,B0DB8AF16E20,0001,male,C57BL/6,1.1.1,FR1_Approach,0,Status,105,174,74,15,0,0,,,,,Disabled,24.3,44.1,999.5,15.9,0.922,374.000,247724,339964,181444,47094,3.80,48.09
2026-07-23 06:37:52,223993.046875,B0DB8AF16E20,0001,male,C57BL/6,1.1.1,FR1_Approach,0,Status,105,174,74,15,0,0,,,,,Disabled,24.3,44.0,999.5,15.9,1.058,424.000,247724,339964,181444,47231,3.81,47.71
2026-07-23 06:44:12,224374.015625,B0DB8AF16E20,0001,male,C57BL/6,1.1.1,FR1_Approach,0,Right,105,174,75,15,0,0,,,,,,,,,,,,,,,,,,,,
2026-07-23 06:45:32,224453.609375,B0DB8AF16E20,0001,male,C57BL/6,1.1.1,FR1_Approach,0,Left,105,175,75,15,0,0,,,,,,,,,,,,,,,,,,,,
2026-07-23 06:45:33,224454.984375,B0DB8AF16E20,0001,male,C57BL/6,1.1.1,FR1_Approach,0,Approach,105,175,75,15,0,0,,,,,,,,,,,,,,,,,,,,
2026-07-23 06:45:40,224462.218750,B0DB8AF16E20,0001,male,C57BL/6,1.1.1,FR1_Approach,0,PelletDrop,106,175,75,15,0,0,,,,,,,,,,,,,,,,,,,,
2026-07-23 06:45:56,224477.953125,B0DB8AF16E20,0001,male,C57BL/6,1.1.1,FR1_Approach,0,PelletTaken,106,175,75,15,0,0,15.195,234.000,0,3,,,,,,,,,,,,,,,,
2026-07-23 06:46:18,224500.078125,B0DB8AF16E20,0001,male,C57BL/6,1.1.1,FR1_Approach,0,Left,106,176,75,15,0,0,,,,,,,,,,,,,,,,,,,,
2026-07-23 06:46:19,224501.218750,B0DB8AF16E20,0001,male,C57BL/6,1.1.1,FR1_Approach,0,Approach,106,176,75,15,0,0,,,,,,,,,,,,,,,,,,,,
2026-07-23 06:46:23,224504.500000,B0DB8AF16E20,0001,male,C57BL/6,1.1.1,FR1_Approach,0,PelletDrop,107,176,75,15,0,0,,,,,,,,,,,,,,,,,,,,
2026-07-23 06:46:24,224505.625000,B0DB8AF16E20,0001,male,C57BL/6,1.1.1,FR1_Approach,0,PelletNotDetected,107,176,75,15,0,0,,,,,,,,,,,,,,,,,,,,
2026-07-23 06:46:48,224530.203125,B0DB8AF16E20,0001,male,C57BL/6,1.1.1,FR1_Approach,0,Left,107,177,75,15,0,0,,,,,,,,,,,,,,,,,,,,
2026-07-23 06:46:50,224531.578125,B0DB8AF16E20,0001,male,C57BL/6,1.1.1,FR1_Approach,0,Approach,107,177,75,15,0,0,,,,,,,,,,,,,,,,,,,,
2026-07-23 06:46:53,224534.468750,B0DB8AF16E20,0001,male,C57BL/6,1.1.1,FR1_Approach,0,PelletDrop,108,177,75,15,0,0,,,,,,,,,,,,,,,,,,,,
2026-07-23 06:46:53,224535.093750,B0DB8AF16E20,0001,male,C57BL/6,1.1.1,FR1_Approach,0,PelletTaken,108,177,75,15,0,0,0.105,235.000,0,2,,,,,,,,,,,,,,,,
2026-07-23 06:48:24,224625.781250,B0DB8AF16E20,0001,male,C57BL/6,1.1.1,FR1_Approach,0,Status,108,177,75,15,0,0,,,,,Disabled,24.3,44.5,999.6,16.0,1.357,545.000,247724,339964,181444,47360,3.81,47.32
2026-07-23 06:58:56,225258.984375,B0DB8AF16E20,0001,male,C57BL/6,1.1.1,FR1_Approach,0,Status,108,177,75,15,0,0,,,,,Disabled,24.2,45.0,999.7,16.0,0.598,247.000,247724,339964,181444,47497,3.82,46.91
2026-07-23 07:09:29,225892.203125,B0DB8AF16E20,0001,male,C57BL/6,1.1.1,FR1_Approach,0,Status,108,177,75,15,0,0,,,,,Disabled,24.1,44.9,999.7,16.1,0.580,236.000,247724,339964,181444,47634,3.82,46.91
2026-07-23 07:20:26,226550.125000,B0DB8AF16E20,0001,male,C57BL/6,1.1.1,FR1_Approach,0,Status,108,177,75,15,0,0,,,,,Disabled,24.2,44.2,999.9,15.9,0.706,292.000,247724,339964,181444,47771,3.81,46.91
2026-07-23 07:31:30,227214.843750,B0DB8AF16E20,0001,male,C57BL/6,1.1.1,FR1_Approach,0,Status,108,177,75,15,0,0,,,,,Disabled,24.3,43.9,1000.0,16.0,0.720,298.000,247724,339964,181444,47908,3.81,46.50
2026-07-23 07:42:25,227870.531250,B0DB8AF16E20,0001,male,C57BL/6,1.1.1,FR1_Approach,0,Status,108,177,75,15,0,0,,,,,Disabled,24.3,44.0,1000.1,15.9,0.767,312.000,247724,339964,181444,48045,3.81,46.10
2026-07-23 07:53:21,228527.265625,B0DB8AF16E20,0001,male,C57BL/6,1.1.1,FR1_Approach,0,Status,108,177,75,15,0,0,,,,,Disabled,24.3,44.0,1000.2,15.9,0.763,312.000,247724,339964,181444,48182,3.81,46.10
2026-07-23 08:04:30,229196.984375,B0DB8AF16E20,0001,male,C57BL/6,1.1.1,FR1_Approach,0,Status,108,177,75,15,0,0,,,,,Disabled,24.3,43.8,1000.2,15.9,0.824,337.000,247724,339964,181444,48319,3.80,45.69
2026-07-23 08:15:37,229864.765625,B0DB8AF16E20,0001,male,C57BL/6,1.1.1,FR1_Approach,0,Status,108,177,75,15,0,0,,,,,Disabled,24.4,43.9,1000.2,15.9,0.806,330.000,247724,339964,181444,48456,3.81,45.28
2026-07-23 08:26:42,230530.437500,B0DB8AF16E20,0001,male,C57BL/6,1.1.1,FR1_Approach,0,Status,108,177,75,15,0,0,,,,,Disabled,24.4,44.0,1000.3,15.9,0.677,281.000,247724,339964,181444,48593,3.81,45.28
2026-07-23 08:37:46,231195.218750,B0DB8AF16E20,0001,male,C57BL/6,1.1.1,FR1_Approach,0,Status,108,177,75,15,0,0,,,,,Disabled,24.4,44.1,1000.4,15.8,0.965,398.000,247724,339964,181444,48730,3.81,44.87
2026-07-23 08:47:16,231765.312500,B0DB8AF16E20,0001,male,C57BL/6,1.1.1,FR1_Approach,0,Right,108,177,76,15,0,0,,,,,,,,,,,,,,,,,,,,
2026-07-23 08:47:24,231773.609375,B0DB8AF16E20,0001,male,C57BL/6,1.1.1,FR1_Approach,0,Left,108,178,76,15,0,0,,,,,,,,,,,,,,,,,,,,
2026-07-23 08:47:25,231774.734375,B0DB8AF16E20,0001,male,C57BL/6,1.1.1,FR1_Approach,0,Approach,108,178,76,15,0,0,,,,,,,,,,,,,,,,,,,,
2026-07-23 08:47:27,231776.421875,B0DB8AF16E20,0001,male,C57BL/6,1.1.1,FR1_Approach,0,PelletDrop,109,178,76,15,0,0,,,,,,,,,,,,,,,,,,,,
2026-07-23 08:47:28,231777.546875,B0DB8AF16E20,0001,male,C57BL/6,1.1.1,FR1_Approach,0,PelletNotDetected,109,178,76,15,0,0,,,,,,,,,,,,,,,,,,,,
2026-07-23 08:48:51,231861.000000,B0DB8AF16E20,0001,male,C57BL/6,1.1.1,FR1_Approach,0,Status,109,178,76,15,0,0,,,,,Disabled,24.4,44.1,1000.5,15.8,0.896,370.000,247724,339964,181444,48867,3.81,44.46
2026-07-23 08:59:24,232494.218750,B0DB8AF16E20,0001,male,C57BL/6,1.1.1,FR1_Approach,0,Status,109,178,76,15,0,0,,,,,Disabled,24.3,45.1,1000.5,16.0,1.048,418.000,247724,339964,181444,49004,3.80,44.46
2026-07-23 09:09:56,233127.406250,B0DB8AF16E20,0001,male,C57BL/6,1.1.1,FR1_Approach,0,Status,109,178,76,15,0,0,,,,,Disabled,24.2,45.2,1000.6,15.9,0.857,348.000,247724,339964,181444,49141,3.80,44.05
2026-07-23 09:20:29,233760.609375,B0DB8AF16E20,0001,male,C57BL/6,1.1.1,FR1_Approach,0,Status,109,178,76,15,0,0,,,,,Disabled,24.2,45.2,1000.6,16.0,0.626,258.000,247724,339964,181444,49278,3.80,44.05
2026-07-23 09:31:27,234419.984375,B0DB8AF16E20,0001,male,C57BL/6,1.1.1,FR1_Approach,0,Status,109,178,76,15,0,0,,,,,Disabled,24.2,44.7,1000.6,15.9,0.396,166.000,247724,339964,181444,49415,3.80,43.64
2026-07-23 09:42:31,235084.703125,B0DB8AF16E20,0001,male,C57BL/6,1.1.1,FR1_Approach,0,Status,109,178,76,15,0,0,,,,,Disabled,24.3,44.6,1000.7,15.8,0.670,276.000,247724,339964,181444,49552,3.80,43.23
2026-07-23 09:53:36,235750.421875,B0DB8AF16E20,0001,male,C57BL/6,1.1.1,FR1_Approach,0,Status,109,178,76,15,0,0,,,,,Disabled,24.3,44.5,1000.7,15.7,0.677,278.000,247724,339964,181444,49689,3.80,43.23
2026-07-23 10:04:31,236406.109375,B0DB8AF16E20,0001,male,C57BL/6,1.1.1,FR1_Approach,0,Status,109,178,76,15,0,0,,,,,Disabled,24.3,44.6,1000.8,15.8,0.770,319.000,247724,339964,181444,49826,3.80,42.82
2026-07-23 10:15:37,237072.859375,B0DB8AF16E20,0001,male,C57BL/6,1.1.1,FR1_Approach,0,Status,109,178,76,15,0,0,,,,,Disabled,24.4,44.2,1000.8,15.8,0.662,269.000,247724,339964,181444,49963,3.80,42.82
2026-07-23 10:26:34,237730.718750,B0DB8AF16E20,0001,male,C57BL/6,1.1.1,FR1_Approach,0,Status,109,178,76,15,0,0,,,,,Disabled,24.3,44.3,1000.8,15.8,0.745,306.000,247724,339964,181444,50100,3.80,42.41
2026-07-23 10:37:34,238391.406250,B0DB8AF16E20,0001,male,C57BL/6,1.1.1,FR1_Approach,0,Status,109,178,76,15,0,0,,,,,Disabled,24.4,44.2,1000.8,15.7,0.738,300.000,247724,339964,181444,50237,3.80,42.00
2026-07-23 10:48:39,239057.218750,B0DB8AF16E20,0001,male,C57BL/6,1.1.1,FR1_Approach,0,Status,109,178,76,15,0,0,,,,,Disabled,24.4,44.0,1000.8,15.7,0.749,308.000,247724,339964,181444,50374,3.80,42.00
2026-07-23 10:59:11,239690.421875,B0DB8AF16E20,0001,male,C57BL/6,1.1.1,FR1_Approach,0,Status,109,178,76,15,0,0,,,,,Disabled,24.3,44.7,1000.8,15.8,0.763,314.000,247724,339964,181444,50511,3.80,41.59
2026-07-23 11:09:44,240323.640625,B0DB8AF16E20,0001,male,C57BL/6,1.1.1,FR1_Approach,0,Status,109,178,76,15,0,0,,,,,Disabled,24.2,44.7,1000.8,15.9,0.716,290.000,247724,339964,181444,50648,3.79,41.59
2026-07-23 11:20:16,240956.828125,B0DB8AF16E20,0001,male,C57BL/6,1.1.1,FR1_Approach,0,Status,109,178,76,15,0,0,,,,,Disabled,24.1,44.7,1000.8,15.9,0.194,90.000,247724,339964,181444,50785,3.79,41.19
2026-07-23 11:31:20,241621.171875,B0DB8AF16E20,0001,male,C57BL/6,1.1.1,FR1_Approach,0,Status,109,178,76,15,0,0,,,,,Disabled,24.2,43.9,1000.8,15.7,0.598,244.000,247724,339964,181444,50922,3.79,40.82
2026-07-23 11:42:19,242280.890625,B0DB8AF16E20,0001,male,C57BL/6,1.1.1,FR1_Approach,0,Status,109,178,76,15,0,0,,,,,Disabled,24.3,43.9,1000.8,15.8,0.781,310.000,247724,339964,181444,51059,3.79,40.82
2026-07-23 11:53:25,242947.656250,B0DB8AF16E20,0001,male,C57BL/6,1.1.1,FR1_Approach,0,Status,109,178,76,15,0,0,,,,,Disabled,24.3,43.7,1000.9,15.8,0.662,268.000,247724,339964,181444,51196,3.79,40.46
2026-07-23 12:04:27,243610.468750,B0DB8AF16E20,0001,male,C57BL/6,1.1.1,FR1_Approach,0,Status,109,178,76,15,0,0,,,,,Disabled,24.4,43.6,1000.8,15.7,0.598,251.000,247724,339964,181444,51333,3.79,40.11
2026-07-23 12:06:19,243722.578125,B0DB8AF16E20,0001,male,C57BL/6,1.1.1,FR1_Approach,0,Left,109,179,76,15,0,0,,,,,,,,,,,,,,,,,,,,
2026-07-23 12:06:20,243723.703125,B0DB8AF16E20,0001,male,C57BL/6,1.1.1,FR1_Approach,0,Approach,109,179,76,15,0,0,,,,,,,,,,,,,,,,,,,,
2026-07-23 12:06:24,243727.546875,B0DB8AF16E20,0001,male,C57BL/6,1.1.1,FR1_Approach,0,PelletDrop,110,179,76,15,0,0,,,,,,,,,,,,,,,,,,,,
2026-07-23 12:06:45,243748.062500,B0DB8AF16E20,0001,male,C57BL/6,1.1.1,FR1_Approach,0,PelletTaken,110,179,76,15,0,0,TimedOut,310.000,0,2,,,,,,,,,,,,,,,,
2026-07-23 12:15:30,244274.171875,B0DB8AF16E20,0001,male,C57BL/6,1.1.1,FR1_Approach,0,Status,110,179,76,15,0,0,,,,,Disabled,24.3,43.4,1000.8,15.3,0.158,88.000,247724,339964,181444,51464,3.79,39.75
2026-07-23 12:20:44,244589.093750,B0DB8AF16E20,0001,male,C57BL/6,1.1.1,FR1_Approach,0,Center,110,179,76,16,0,0,,,,,,,,,,,,,,,,,,,,
2026-07-23 12:22:19,244684.312500,B0DB8AF16E20,0001,male,C57BL/6,1.1.1,FR1_Approach,0,Right,110,179,77,16,0,0,,,,,,,,,,,,,,,,,,,,
2026-07-23 12:23:59,244784.078125,B0DB8AF16E20,0001,male,C57BL/6,1.1.1,FR1_Approach,0,Left,110,180,77,16,0,0,,,,,,,,,,,,,,,,,,,,
2026-07-23 12:24:00,244785.218750,B0DB8AF16E20,0001,male,C57BL/6,1.1.1,FR1_Approach,0,Approach,110,180,77,16,0,0,,,,,,,,,,,,,,,,,,,,
2026-07-23 12:24:03,244787.953125,B0DB8AF16E20,0001,male,C57BL/6,1.1.1,FR1_Approach,0,PelletDrop,111,180,77,16,0,0,,,,,,,,,,,,,,,,,,,,
2026-07-23 12:24:22,244806.796875,B0DB8AF16E20,0001,male,C57BL/6,1.1.1,FR1_Approach,0,PelletTaken,111,180,77,16,0,0,18.308,11.000,0,1,,,,,,,,,,,,,,,,
2026-07-23 12:26:34,244938.859375,B0DB8AF16E20,0001,male,C57BL/6,1.1.1,FR1_Approach,0,Status,111,180,77,16,0,0,,,,,Disabled,24.3,43.7,1000.8,15.5,0.173,88.000,247724,339964,181444,51596,3.78,39.38
2026-07-23 12:31:46,245251.531250,B0DB8AF16E20,0001,male,C57BL/6,1.1.1,FR1_Approach,0,Right,111,180,78,16,0,0,,,,,,,,,,,,,,,,,,,,
2026-07-23 12:32:11,245276.750000,B0DB8AF16E20,0001,male,C57BL/6,1.1.1,FR1_Approach,0,Center,111,180,78,17,0,0,,,,,,,,,,,,,,,,,,,,
2026-07-23 12:32:25,245290.031250,B0DB8AF16E20,0001,male,C57BL/6,1.1.1,FR1_Approach,0,Left,111,181,78,17,0,0,,,,,,,,,,,,,,,,,,,,
2026-07-23 12:32:27,245292.734375,B0DB8AF16E20,0001,male,C57BL/6,1.1.1,FR1_Approach,0,No_approach,111,181,78,17,0,0,,,,,,,,,,,,,,,,,,,,
2026-07-23 12:32:31,245296.531250,B0DB8AF16E20,0001,male,C57BL/6,1.1.1,FR1_Approach,0,Left,111,182,78,17,0,0,,,,,,,,,,,,,,,,,,,,
2026-07-23 12:32:34,245299.250000,B0DB8AF16E20,0001,male,C57BL/6,1.1.1,FR1_Approach,0,No_approach,111,182,78,17,0,0,,,,,,,,,,,,,,,,,,,,
2026-07-23 12:32:54,245318.921875,B0DB8AF16E20,0001,male,C57BL/6,1.1.1,FR1_Approach,0,Left,111,183,78,17,0,0,,,,,,,,,,,,,,,,,,,,
2026-07-23 12:32:56,245321.625000,B0DB8AF16E20,0001,male,C57BL/6,1.1.1,FR1_Approach,0,No_approach,111,183,78,17,0,0,,,,,,,,,,,,,,,,,,,,
2026-07-23 12:37:36,245600.671875,B0DB8AF16E20,0001,male,C57BL/6,1.1.1,FR1_Approach,0,Status,111,183,78,17,0,0,,,,,Disabled,24.3,44.1,1000.7,15.6,0.158,84.000,247724,339964,181444,51732,3.79,39.02
2026-07-23 12:45:57,246102.625000,B0DB8AF16E20,0001,male,C57BL/6,1.1.1,FR1_Approach,0,Right,111,183,79,17,0,0,,,,,,,,,,,,,,,,,,,,
2026-07-23 12:46:00,246106.125000,B0DB8AF16E20,0001,male,C57BL/6,1.1.1,FR1_Approach,0,Left,111,184,79,17,0,0,,,,,,,,,,,,,,,,,,,,
2026-07-23 12:46:02,246107.281250,B0DB8AF16E20,0001,male,C57BL/6,1.1.1,FR1_Approach,0,Approach,111,184,79,17,0,0,,,,,,,,,,,,,,,,,,,,
2026-07-23 12:46:04,246110.062500,B0DB8AF16E20,0001,male,C57BL/6,1.1.1,FR1_Approach,0,PelletDrop,112,184,79,17,0,0,,,,,,,,,,,,,,,,,,,,
2026-07-23 12:46:08,246114.203125,B0DB8AF16E20,0001,male,C57BL/6,1.1.1,FR1_Approach,0,PelletTaken,112,184,79,17,0,0,3.613,131.000,0,1,,,,,,,,,,,,,,,,
2026-07-23 12:48:44,246270.359375,B0DB8AF16E20,0001,male,C57BL/6,1.1.1,FR1_Approach,0,Status,112,184,79,17,0,0,,,,,Disabled,24.3,44.0,1000.6,15.7,0.173,94.000,247724,339964,181444,51868,3.80,39.02
2026-07-23 12:49:13,246299.171875,B0DB8AF16E20,0001,male,C57BL/6,1.1.1,FR1_Approach,0,Left,112,185,79,17,0,0,,,,,,,,,,,,,,,,,,,,
2026-07-23 12:49:14,246300.312500,B0DB8AF16E20,0001,male,C57BL/6,1.1.1,FR1_Approach,0,Approach,112,185,79,17,0,0,,,,,,,,,,,,,,,,,,,,
2026-07-23 12:49:17,246303.093750,B0DB8AF16E20,0001,male,C57BL/6,1.1.1,FR1_Approach,0,PelletDrop,113,185,79,17,0,0,,,,,,,,,,,,,,,,,,,,
2026-07-23 12:49:19,246304.718750,B0DB8AF16E20,0001,male,C57BL/6,1.1.1,FR1_Approach,0,PelletTaken,113,185,79,17,0,0,1.083,159.000,0,1,,,,,,,,,,,,,,,,
2026-07-23 12:57:40,246806.734375,B0DB8AF16E20,0001,male,C57BL/6,1.1.1,FR1_Approach,0,Center,113,185,79,18,0,0,,,,,,,,,,,,,,,,,,,,
2026-07-23 12:58:31,246858.015625,B0DB8AF16E20,0001,male,C57BL/6,1.1.1,FR1_Approach,0,Left,113,186,79,18,0,0,,,,,,,,,,,,,,,,,,,,
2026-07-23 12:58:33,246859.640625,B0DB8AF16E20,0001,male,C57BL/6,1.1.1,FR1_Approach,0,Approach,113,186,79,18,0,0,,,,,,,,,,,,,,,,,,,,
2026-07-23 12:58:38,246864.656250,B0DB8AF16E20,0001,male,C57BL/6,1.1.1,FR1_Approach,0,PelletDrop,114,186,79,18,0,0,,,,,,,,,,,,,,,,,,,,
2026-07-23 12:58:39,246865.296875,B0DB8AF16E20,0001,male,C57BL/6,1.1.1,FR1_Approach,0,LeftWithPellet,114,186,79,18,0,0,,,,,,,,,,,,,,,,,,,,
2026-07-23 12:58:40,246867.015625,B0DB8AF16E20,0001,male,C57BL/6,1.1.1,FR1_Approach,0,PelletTaken,114,186,79,18,0,0,1.839,4.000,0,2,,,,,,,,,,,,,,,,
2026-07-23 12:59:19,246905.171875,B0DB8AF16E20,0001,male,C57BL/6,1.1.1,FR1_Approach,0,Status,114,186,79,18,0,0,,,,,Disabled,24.2,44.7,1000.5,15.8,0.187,98.000,247724,339964,181444,52003,3.78,38.66
2026-07-23 12:59:45,246931.703125,B0DB8AF16E20,0001,male,C57BL/6,1.1.1,FR1_Approach,0,Right,114,186,80,18,0,0,,,,,,,,,,,,,,,,,,,,
2026-07-23 12:59:53,246939.312500,B0DB8AF16E20,0001,male,C57BL/6,1.1.1,FR1_Approach,0,Left,114,187,80,18,0,0,,,,,,,,,,,,,,,,,,,,
2026-07-23 12:59:54,246940.437500,B0DB8AF16E20,0001,male,C57BL/6,1.1.1,FR1_Approach,0,Approach,114,187,80,18,0,0,,,,,,,,,,,,,,,,,,,,
2026-07-23 12:59:57,246943.234375,B0DB8AF16E20,0001,male,C57BL/6,1.1.1,FR1_Approach,0,PelletDrop,115,187,80,18,0,0,,,,,,,,,,,,,,,,,,,,
2026-07-23 12:59:58,246944.703125,B0DB8AF16E20,0001,male,C57BL/6,1.1.1,FR1_Approach,0,PelletTaken,115,187,80,18,0,0,0.940,316.000,0,1,,,,,,,,,,,,,,,,
2026-07-23 13:03:16,247143.015625,B0DB8AF16E20,0001,male,C57BL/6,1.1.1,FR1_Approach,0,Right,115,187,81,18,0,0,,,,,,,,,,,,,,,,,,,,
2026-07-23 13:03:19,247146.015625,B0DB8AF16E20,0001,male,C57BL/6,1.1.1,FR1_Approach,0,Left,115,188,81,18,0,0,,,,,,,,,,,,,,,,,,,,
2026-07-23 13:03:22,247148.734375,B0DB8AF16E20,0001,male,C57BL/6,1.1.1,FR1_Approach,0,No_approach,115,188,81,18,0,0,,,,,,,,,,,,,,,,,,,,
2026-07-23 13:03:27,247153.578125,B0DB8AF16E20,0001,male,C57BL/6,1.1.1,FR1_Approach,0,Left,115,189,81,18,0,0,,,,,,,,,,,,,,,,,,,,
2026-07-23 13:03:28,247154.953125,B0DB8AF16E20,0001,male,C57BL/6,1.1.1,FR1_Approach,0,Approach,115,189,81,18,0,0,,,,,,,,,,,,,,,,,,,,
2026-07-23 13:03:33,247159.953125,B0DB8AF16E20,0001,male,C57BL/6,1.1.1,FR1_Approach,0,PelletDrop,116,189,81,18,0,0,,,,,,,,,,,,,,,,,,,,
2026-07-23 13:03:43,247170.343750,B0DB8AF16E20,0001,male,C57BL/6,1.1.1,FR1_Approach,0,PelletTaken,116,189,81,18,0,0,9.850,33.000,0,2,,,,,,,,,,,,,,,,
2026-07-23 13:08:29,247456.031250,B0DB8AF16E20,0001,male,C57BL/6,1.1.1,FR1_Approach,0,Left,116,190,81,18,0,0,,,,,,,,,,,,,,,,,,,,
2026-07-23 13:08:30,247457.156250,B0DB8AF16E20,0001,male,C57BL/6,1.1.1,FR1_Approach,0,Approach,116,190,81,18,0,0,,,,,,,,,,,,,,,,,,,,
2026-07-23 13:08:33,247459.984375,B0DB8AF16E20,0001,male,C57BL/6,1.1.1,FR1_Approach,0,PelletDrop,117,190,81,18,0,0,,,,,,,,,,,,,,,,,,,,
2026-07-23 13:08:34,247461.125000,B0DB8AF16E20,0001,male,C57BL/6,1.1.1,FR1_Approach,0,PelletNotDetected,117,190,81,18,0,0,,,,,,,,,,,,,,,,,,,,
2026-07-23 13:09:51,247538.656250,B0DB8AF16E20,0001,male,C57BL/6,1.1.1,FR1_Approach,0,Status,117,190,81,18,0,0,,,,,Disabled,24.2,44.7,1000.4,15.9,0.169,90.000,247724,339964,181444,52135,3.78,38.30
2026-07-23 13:11:18,247625.656250,B0DB8AF16E20,0001,male,C57BL/6,1.1.1,FR1_Approach,0,Right,117,190,82,18,0,0,,,,,,,,,,,,,,,,,,,,
2026-07-23 13:11:22,247629.859375,B0DB8AF16E20,0001,male,C57BL/6,1.1.1,FR1_Approach,0,Left,117,191,82,18,0,0,,,,,,,,,,,,,,,,,,,,
2026-07-23 13:11:24,247630.984375,B0DB8AF16E20,0001,male,C57BL/6,1.1.1,FR1_Approach,0,Approach,117,191,82,18,0,0,,,,,,,,,,,,,,,,,,,,
2026-07-23 13:11:26,247633.671875,B0DB8AF16E20,0001,male,C57BL/6,1.1.1,FR1_Approach,0,PelletDrop,118,191,82,18,0,0,,,,,,,,,,,,,,,,,,,,
2026-07-23 13:11:38,247645.750000,B0DB8AF16E20,0001,male,C57BL/6,1.1.1,FR1_Approach,0,PelletTaken,118,191,82,18,0,0,11.543,79.000,0,2,,,,,,,,,,,,,,,,
2026-07-23 13:13:27,247754.843750,B0DB8AF16E20,0001,male,C57BL/6,1.1.1,FR1_Approach,0,Right,118,191,83,18,0,0,,,,,,,,,,,,,,,,,,,,
2026-07-23 13:13:39,247766.140625,B0DB8AF16E20,0001,male,C57BL/6,1.1.1,FR1_Approach,0,Right,118,191,84,18,0,0,,,,,,,,,,,,,,,,,,,,
2026-07-23 13:13:54,247781.781250,B0DB8AF16E20,0001,male,C57BL/6,1.1.1,FR1_Approach,0,Right,118,191,85,18,0,0,,,,,,,,,,,,,,,,,,,,
2026-07-23 13:13:56,247783.890625,B0DB8AF16E20,0001,male,C57BL/6,1.1.1,FR1_Approach,0,Right,118,191,86,18,0,0,,,,,,,,,,,,,,,,,,,,
2026-07-23 13:14:17,247804.140625,B0DB8AF16E20,0001,male,C57BL/6,1.1.1,FR1_Approach,0,Center,118,191,86,19,0,0,,,,,,,,,,,,,,,,,,,,
2026-07-23 13:14:20,247807.875000,B0DB8AF16E20,0001,male,C57BL/6,1.1.1,FR1_Approach,0,Center,118,191,86,20,0,0,,,,,,,,,,,,,,,,,,,,
2026-07-23 13:14:22,247809.625000,B0DB8AF16E20,0001,male,C57BL/6,1.1.1,FR1_Approach,0,Center,118,191,86,21,0,0,,,,,,,,,,,,,,,,,,,,
2026-07-23 13:14:30,247817.562500,B0DB8AF16E20,0001,male,C57BL/6,1.1.1,FR1_Approach,0,Left,118,192,86,21,0,0,,,,,,,,,,,,,,,,,,,,
2026-07-23 13:14:31,247818.687500,B0DB8AF16E20,0001,male,C57BL/6,1.1.1,FR1_Approach,0,Approach,118,192,86,21,0,0,,,,,,,,,,,,,,,,,,,,
2026-07-23 13:14:33,247821.046875,B0DB8AF16E20,0001,male,C57BL/6,1.1.1,FR1_Approach,0,LeftWithPellet,118,192,86,22,0,0,,,,,,,,,,,,,,,,,,,,
2026-07-23 13:20:55,248203.515625,B0DB8AF16E20,0001,male,C57BL/6,1.1.1,FR1_Approach,0,Status,118,192,86,22,0,0,,,,,Disabled,24.3,43.9,1000.3,15.8,0.137,79.000,247724,339964,181444,52268,3.76,37.94
2026-07-23 13:23:37,248366.062500,B0DB8AF16E20,0001,male,C57BL/6,1.1.1,FR1_Approach,0,Left,118,193,86,22,0,0,,,,,,,,,,,,,,,,,,,,
2026-07-23 13:23:38,248367.203125,B0DB8AF16E20,0001,male,C57BL/6,1.1.1,FR1_Approach,0,Approach,118,193,86,22,0,0,,,,,,,,,,,,,,,,,,,,
2026-07-23 13:23:41,248369.984375,B0DB8AF16E20,0001,male,C57BL/6,1.1.1,FR1_Approach,0,PelletDrop,119,193,86,22,0,0,,,,,,,,,,,,,,,,,,,,
2026-07-23 13:24:01,248390.515625,B0DB8AF16E20,0001,male,C57BL/6,1.1.1,FR1_Approach,0,PelletTaken,119,193,86,22,0,0,TimedOut,90.000,0,1,,,,,,,,,,,,,,,,
2026-07-23 13:24:03,248392.000000,B0DB8AF16E20,0001,male,C57BL/6,1.1.1,FR1_Approach,0,Right,119,193,87,22,0,0,,,,,,,,,,,,,,,,,,,,
2026-07-23 13:24:35,248424.343750,B0DB8AF16E20,0001,male,C57BL/6,1.1.1,FR1_Approach,0,Left,119,194,87,22,0,0,,,,,,,,,,,,,,,,,,,,
2026-07-23 13:24:38,248427.046875,B0DB8AF16E20,0001,male,C57BL/6,1.1.1,FR1_Approach,0,No_approach,119,194,87,22,0,0,,,,,,,,,,,,,,,,,,,,
2026-07-23 13:25:43,248491.953125,B0DB8AF16E20,0001,male,C57BL/6,1.1.1,FR1_Approach,0,Left,119,195,87,22,0,0,,,,,,,,,,,,,,,,,,,,
2026-07-23 13:25:46,248494.656250,B0DB8AF16E20,0001,male,C57BL/6,1.1.1,FR1_Approach,0,No_approach,119,195,87,22,0,0,,,,,,,,,,,,,,,,,,,,
2026-07-23 13:25:53,248501.875000,B0DB8AF16E20,0001,male,C57BL/6,1.1.1,FR1_Approach,0,Center,119,195,87,23,0,0,,,,,,,,,,,,,,,,,,,,
2026-07-23 13:25:56,248504.937500,B0DB8AF16E20,0001,male,C57BL/6,1.1.1,FR1_Approach,0,Left,119,196,87,23,0,0,,,,,,,,,,,,,,,,,,,,
2026-07-23 13:25:59,248507.656250,B0DB8AF16E20,0001,male,C57BL/6,1.1.1,FR1_Approach,0,No_approach,119,196,87,23,0,0,,,,,,,,,,,,,,,,,,,,
2026-07-23 13:26:01,248510.406250,B0DB8AF16E20,0001,male,C57BL/6,1.1.1,FR1_Approach,0,Right,119,196,88,23,0,0,,,,,,,,,,,,,,,,,,,,
2026-07-23 13:26:09,248517.906250,B0DB8AF16E20,0001,male,C57BL/6,1.1.1,FR1_Approach,0,Right,119,196,89,23,0,0,,,,,,,,,,,,,,,,,,,,
2026-07-23 13:26:10,248518.750000,B0DB8AF16E20,0001,male,C57BL/6,1.1.1,FR1_Approach,0,Right,119,196,90,23,0,0,,,,,,,,,,,,,,,,,,,,
2026-07-23 13:26:13,248522.296875,B0DB8AF16E20,0001,male,C57BL/6,1.1.1,FR1_Approach,0,Right,119,196,91,23,0,0,,,,,,,,,,,,,,,,,,,,
2026-07-23 13:31:27,248836.109375,B0DB8AF16E20,0001,male,C57BL/6,1.1.1,FR1_Approach,0,Status,119,196,91,23,0,0,,,,,Disabled,24.2,44.8,1000.3,15.9,0.173,92.000,247724,339964,181444,52401,3.78,37.58
2026-07-23 13:41:59,249469.296875,B0DB8AF16E20,0001,male,C57BL/6,1.1.1,FR1_Approach,0,Status,119,196,91,23,0,0,,,,,Disabled,24.1,44.9,1000.2,16.1,0.130,68.000,247724,339964,181444,52538,3.78,37.22
2026-07-23 13:53:02,250132.671875,B0DB8AF16E20,0001,male,C57BL/6,1.1.1,FR1_Approach,0,Status,119,196,91,23,0,0,,,,,Disabled,24.2,44.2,1000.1,16.0,0.140,70.000,247724,339964,181444,52675,3.78,37.22
2026-07-23 13:53:28,250158.765625,B0DB8AF16E20,0001,male,C57BL/6,1.1.1,FR1_Approach,0,Right,119,196,92,23,0,0,,,,,,,,,,,,,,,,,,,,
2026-07-23 13:53:31,250161.093750,B0DB8AF16E20,0001,male,C57BL/6,1.1.1,FR1_Approach,0,Left,119,197,92,23,0,0,,,,,,,,,,,,,,,,,,,,
2026-07-23 13:53:33,250163.218750,B0DB8AF16E20,0001,male,C57BL/6,1.1.1,FR1_Approach,0,Approach,119,197,92,23,0,0,,,,,,,,,,,,,,,,,,,,
2026-07-23 13:53:36,250166.000000,B0DB8AF16E20,0001,male,C57BL/6,1.1.1,FR1_Approach,0,PelletDrop,120,197,92,23,0,0,,,,,,,,,,,,,,,,,,,,
2026-07-23 13:53:36,250166.687500,B0DB8AF16E20,0001,male,C57BL/6,1.1.1,FR1_Approach,0,PelletTaken,120,197,92,23,0,0,0.159,41.000,0,1,,,,,,,,,,,,,,,,
2026-07-23 13:54:22,250212.062500,B0DB8AF16E20,0001,male,C57BL/6,1.1.1,FR1_Approach,0,Center,120,197,92,24,0,0,,,,,,,,,,,,,,,,,,,,
2026-07-23 13:54:26,250216.437500,B0DB8AF16E20,0001,male,C57BL/6,1.1.1,FR1_Approach,0,Center,120,197,92,25,0,0,,,,,,,,,,,,,,,,,,,,
2026-07-23 13:54:29,250219.593750,B0DB8AF16E20,0001,male,C57BL/6,1.1.1,FR1_Approach,0,Center,120,197,92,26,0,0,,,,,,,,,,,,,,,,,,,,
2026-07-23 13:56:03,250313.937500,B0DB8AF16E20,0001,male,C57BL/6,1.1.1,FR1_Approach,0,Left,120,198,92,26,0,0,,,,,,,,,,,,,,,,,,,,
2026-07-23 13:56:05,250315.078125,B0DB8AF16E20,0001,male,C57BL/6,1.1.1,FR1_Approach,0,Approach,120,198,92,26,0,0,,,,,,,,,,,,,,,,,,,,
2026-07-23 13:56:07,250317.875000,B0DB8AF16E20,0001,male,C57BL/6,1.1.1,FR1_Approach,0,PelletDrop,121,198,92,26,0,0,,,,,,,,,,,,,,,,,,,,
2026-07-23 13:56:09,250319.125000,B0DB8AF16E20,0001,male,C57BL/6,1.1.1,FR1_Approach,0,PelletTaken,121,198,92,26,0,0,0.720,12.000,0,1,,,,,,,,,,,,,,,,
2026-07-23 14:01:37,250648.312500,B0DB8AF16E20,0001,male,C57BL/6,1.1.1,FR1_Approach,0,Right,121,198,93,26,0,0,,,,,,,,,,,,,,,,,,,,
2026-07-23 14:01:55,250665.562500,B0DB8AF16E20,0001,male,C57BL/6,1.1.1,FR1_Approach,0,Right,121,198,94,26,0,0,,,,,,,,,,,,,,,,,,,,
2026-07-23 14:02:00,250670.656250,B0DB8AF16E20,0001,male,C57BL/6,1.1.1,FR1_Approach,0,Left,121,199,94,26,0,0,,,,,,,,,,,,,,,,,,,,
2026-07-23 14:02:01,250671.796875,B0DB8AF16E20,0001,male,C57BL/6,1.1.1,FR1_Approach,0,Approach,121,199,94,26,0,0,,,,,,,,,,,,,,,,,,,,
2026-07-23 14:02:04,250674.578125,B0DB8AF16E20,0001,male,C57BL/6,1.1.1,FR1_Approach,0,PelletDrop,122,199,94,26,0,0,,,,,,,,,,,,,,,,,,,,
2026-07-23 14:02:04,250675.265625,B0DB8AF16E20,0001,male,C57BL/6,1.1.1,FR1_Approach,0,PelletTaken,122,199,94,26,0,0,0.148,148.000,0,1,,,,,,,,,,,,,,,,
2026-07-23 14:02:29,250699.750000,B0DB8AF16E20,0001,male,C57BL/6,1.1.1,FR1_Approach,0,Center,122,199,94,27,0,0,,,,,,,,,,,,,,,,,,,,
2026-07-23 14:02:31,250701.593750,B0DB8AF16E20,0001,male,C57BL/6,1.1.1,FR1_Approach,0,Right,122,199,95,27,0,0,,,,,,,,,,,,,,,,,,,,
2026-07-23 14:04:08,250799.406250,B0DB8AF16E20,0001,male,C57BL/6,1.1.1,FR1_Approach,0,Status,122,199,95,27,0,0,,,,,Disabled,24.3,43.9,1000.0,15.9,0.144,76.000,247724,339964,181444,52813,3.78,36.86
2026-07-23 14:07:37,251008.781250,B0DB8AF16E20,0001,male,C57BL/6,1.1.1,FR1_Approach,0,Right,122,199,96,27,0,0,,,,,,,,,,,,,,,,,,,,
2026-07-23 14:08:12,251043.578125,B0DB8AF16E20,0001,male,C57BL/6,1.1.1,FR1_Approach,0,Right,122,199,97,27,0,0,,,,,,,,,,,,,,,,,,,,
2026-07-23 14:08:19,251051.062500,B0DB8AF16E20,0001,male,C57BL/6,1.1.1,FR1_Approach,0,Left,122,200,97,27,0,0,,,,,,,,,,,,,,,,,,,,
2026-07-23 14:08:22,251053.171875,B0DB8AF16E20,0001,male,C57BL/6,1.1.1,FR1_Approach,0,Approach,122,200,97,27,0,0,,,,,,,,,,,,,,,,,,,,
2026-07-23 14:08:24,251055.968750,B0DB8AF16E20,0001,male,C57BL/6,1.1.1,FR1_Approach,0,PelletDrop,123,200,97,27,0,0,,,,,,,,,,,,,,,,,,,,
2026-07-23 14:08:29,251060.921875,B0DB8AF16E20,0001,male,C57BL/6,1.1.1,FR1_Approach,0,PelletTaken,123,200,97,27,0,0,4.437,21.000,0,1,,,,,,,,,,,,,,,,
2026-07-23 14:10:21,251173.000000,B0DB8AF16E20,0001,male,C57BL/6,1.1.1,FR1_Approach,0,Left,123,201,97,27,0,0,,,,,,,,,,,,,,,,,,,,
2026-07-23 14:10:23,251174.390625,B0DB8AF16E20,0001,male,C57BL/6,1.1.1,FR1_Approach,0,Approach,123,201,97,27,0,0,,,,,,,,,,,,,,,,,,,,
2026-07-23 14:10:25,251177.171875,B0DB8AF16E20,0001,male,C57BL/6,1.1.1,FR1_Approach,0,PelletDrop,124,201,97,27,0,0,,,,,,,,,,,,,,,,,,,,
2026-07-23 14:10:26,251178.093750,B0DB8AF16E20,0001,male,C57BL/6,1.1.1,FR1_Approach,0,PelletTaken,124,201,97,27,0,0,0.401,32.000,0,1,,,,,,,,,,,,,,,,
2026-07-23 14:11:30,251241.671875,B0DB8AF16E20,0001,male,C57BL/6,1.1.1,FR1_Approach,0,Left,124,202,97,27,0,0,,,,,,,,,,,,,,,,,,,,
2026-07-23 14:11:31,251243.312500,B0DB8AF16E20,0001,male,C57BL/6,1.1.1,FR1_Approach,0,Approach,124,202,97,27,0,0,,,,,,,,,,,,,,,,,,,,
2026-07-23 14:11:34,251246.093750,B0DB8AF16E20,0001,male,C57BL/6,1.1.1,FR1_Approach,0,PelletDrop,125,202,97,27,0,0,,,,,,,,,,,,,,,,,,,,
2026-07-23 14:11:37,251249.140625,B0DB8AF16E20,0001,male,C57BL/6,1.1.1,FR1_Approach,0,PelletTaken,125,202,97,27,0,0,2.523,12.000,0,1,,,,,,,,,,,,,,,,
2026-07-23 14:13:35,251366.781250,B0DB8AF16E20,0001,male,C57BL/6,1.1.1,FR1_Approach,0,Left,125,203,97,27,0,0,,,,,,,,,,,,,,,,,,,,
2026-07-23 14:13:36,251367.921875,B0DB8AF16E20,0001,male,C57BL/6,1.1.1,FR1_Approach,0,Approach,125,203,97,27,0,0,,,,,,,,,,,,,,,,,,,,
2026-07-23 14:13:39,251370.718750,B0DB8AF16E20,0001,male,C57BL/6,1.1.1,FR1_Approach,0,PelletDrop,126,203,97,27,0,0,,,,,,,,,,,,,,,,,,,,
2026-07-23 14:13:39,251371.343750,B0DB8AF16E20,0001,male,C57BL/6,1.1.1,FR1_Approach,0,PelletTaken,126,203,97,27,0,0,0.105,90.000,0,1,,,,,,,,,,,,,,,,
2026-07-23 14:15:09,251461.140625,B0DB8AF16E20,0001,male,C57BL/6,1.1.1,FR1_Approach,0,Status,126,203,97,27,0,0,,,,,Disabled,24.3,43.8,999.9,15.9,0.137,76.000,247724,339964,181444,52945,3.79,36.50
2026-07-23 14:25:42,252094.359375,B0DB8AF16E20,0001,male,C57BL/6,1.1.1,FR1_Approach,0,Status,126,203,97,27,0,0,,,,,Disabled,24.2,44.8,999.8,16.0,0.155,82.000,247724,339964,181444,53082,3.78,36.14
2026-07-23 14:31:15,252427.937500,B0DB8AF16E20,0001,male,C57BL/6,1.1.1,FR1_Approach,0,Right,126,203,98,27,0,0,,,,,,,,,,,,,,,,,,,,
2026-07-23 14:31:18,252431.250000,B0DB8AF16E20,0001,male,C57BL/6,1.1.1,FR1_Approach,0,Left,126,204,98,27,0,0,,,,,,,,,,,,,,,,,,,,
2026-07-23 14:31:19,252432.390625,B0DB8AF16E20,0001,male,C57BL/6,1.1.1,FR1_Approach,0,Approach,126,204,98,27,0,0,,,,,,,,,,,,,,,,,,,,
2026-07-23 14:31:22,252435.171875,B0DB8AF16E20,0001,male,C57BL/6,1.1.1,FR1_Approach,0,PelletDrop,127,204,98,27,0,0,,,,,,,,,,,,,,,,,,,,
2026-07-23 14:31:23,252436.281250,B0DB8AF16E20,0001,male,C57BL/6,1.1.1,FR1_Approach,0,PelletNotDetected,127,204,98,27,0,0,,,,,,,,,,,,,,,,,,,,
2026-07-23 14:32:00,252473.187500,B0DB8AF16E20,0001,male,C57BL/6,1.1.1,FR1_Approach,0,Right,127,204,99,27,0,0,,,,,,,,,,,,,,,,,,,,
2026-07-23 14:32:03,252476.453125,B0DB8AF16E20,0001,male,C57BL/6,1.1.1,FR1_Approach,0,Right,127,204,100,27,0,0,,,,,,,,,,,,,,,,,,,,
2026-07-23 14:32:13,252485.703125,B0DB8AF16E20,0001,male,C57BL/6,1.1.1,FR1_Approach,0,Left,127,205,100,27,0,0,,,,,,,,,,,,,,,,,,,,
2026-07-23 14:32:14,252487.078125,B0DB8AF16E20,0001,male,C57BL/6,1.1.1,FR1_Approach,0,Approach,127,205,100,27,0,0,,,,,,,,,,,,,,,,,,,,
2026-07-23 14:32:19,252492.046875,B0DB8AF16E20,0001,male,C57BL/6,1.1.1,FR1_Approach,0,PelletDrop,128,205,100,27,0,0,,,,,,,,,,,,,,,,,,,,
2026-07-23 14:32:29,252502.312500,B0DB8AF16E20,0001,male,C57BL/6,1.1.1,FR1_Approach,0,PelletTaken,128,205,100,27,0,0,9.739,185.000,0,3,,,,,,,,,,,,,,,,
2026-07-23 14:36:46,252759.656250,B0DB8AF16E20,0001,male,C57BL/6,1.1.1,FR1_Approach,0,Status,128,205,100,27,0,0,,,,,Disabled,24.3,44.0,999.7,15.9,0.148,80.000,247724,339964,181444,53216,3.78,35.78
2026-07-23 14:37:10,252784.484375,B0DB8AF16E20,0001,male,C57BL/6,1.1.1,FR1_Approach,0,Right,128,205,101,27,0,0,,,,,,,,,,,,,,,,,,,,
2026-07-23 14:37:15,252789.015625,B0DB8AF16E20,0001,male,C57BL/6,1.1.1,FR1_Approach,0,Left,128,206,101,27,0,0,,,,,,,,,,,,,,,,,,,,
2026-07-23 14:37:16,252790.140625,B0DB8AF16E20,0001,male,C57BL/6,1.1.1,FR1_Approach,0,Approach,128,206,101,27,0,0,,,,,,,,,,,,,,,,,,,,
2026-07-23 14:37:21,252795.140625,B0DB8AF16E20,0001,male,C57BL/6,1.1.1,FR1_Approach,0,PelletDrop,129,206,101,27,0,0,,,,,,,,,,,,,,,,,,,,
2026-07-23 14:37:34,252807.750000,B0DB8AF16E20,0001,male,C57BL/6,1.1.1,FR1_Approach,0,PelletTaken,129,206,101,27,0,0,12.061,566.000,0,2,,,,,,,,,,,,,,,,
2026-07-23 14:38:07,252840.921875,B0DB8AF16E20,0001,male,C57BL/6,1.1.1,FR1_Approach,0,Left,129,207,101,27,0,0,,,,,,,,,,,,,,,,,,,,
2026-07-23 14:38:09,252842.796875,B0DB8AF16E20,0001,male,C57BL/6,1.1.1,FR1_Approach,0,Approach,129,207,101,27,0,0,,,,,,,,,,,,,,,,,,,,
2026-07-23 14:38:12,252845.578125,B0DB8AF16E20,0001,male,C57BL/6,1.1.1,FR1_Approach,0,PelletDrop,130,207,101,27,0,0,,,,,,,,,,,,,,,,,,,,
2026-07-23 14:38:12,252846.218750,B0DB8AF16E20,0001,male,C57BL/6,1.1.1,FR1_Approach,0,PelletTaken,130,207,101,27,0,0,0.104,12.000,0,1,,,,,,,,,,,,,,,,
2026-07-23 14:41:51,253065.218750,B0DB8AF16E20,0001,male,C57BL/6,1.1.1,FR1_Approach,0,Right,130,207,102,27,0,0,,,,,,,,,,,,,,,,,,,,
2026-07-23 14:43:22,253156.843750,B0DB8AF16E20,0001,male,C57BL/6,1.1.1,FR1_Approach,0,Left,130,208,102,27,0,0,,,,,,,,,,,,,,,,,,,,
2026-07-23 14:43:24,253158.234375,B0DB8AF16E20,0001,male,C57BL/6,1.1.1,FR1_Approach,0,Approach,130,208,102,27,0,0,,,,,,,,,,,,,,,,,,,,
2026-07-23 14:43:27,253161.015625,B0DB8AF16E20,0001,male,C57BL/6,1.1.1,FR1_Approach,0,PelletDrop,131,208,102,27,0,0,,,,,,,,,,,,,,,,,,,,
2026-07-23 14:43:27,253161.671875,B0DB8AF16E20,0001,male,C57BL/6,1.1.1,FR1_Approach,0,PelletTaken,131,208,102,27,0,0,0.125,11.000,0,1,,,,,,,,,,,,,,,,
2026-07-23 14:45:44,253298.890625,B0DB8AF16E20,0001,male,C57BL/6,1.1.1,FR1_Approach,0,Left,131,209,102,27,0,0,,,,,,,,,,,,,,,,,,,,
2026-07-23 14:45:47,253301.250000,B0DB8AF16E20,0001,male,C57BL/6,1.1.1,FR1_Approach,0,Approach,131,209,102,27,0,0,,,,,,,,,,,,,,,,,,,,
2026-07-23 14:45:52,253306.250000,B0DB8AF16E20,0001,male,C57BL/6,1.1.1,FR1_Approach,0,PelletDrop,132,209,102,27,0,0,,,,,,,,,,,,,,,,,,,,
2026-07-23 14:45:53,253307.375000,B0DB8AF16E20,0001,male,C57BL/6,1.1.1,FR1_Approach,0,PelletNotDetected,132,209,102,27,0,0,,,,,,,,,,,,,,,,,,,,
2026-07-23 14:46:15,253330.156250,B0DB8AF16E20,0001,male,C57BL/6,1.1.1,FR1_Approach,0,Right,132,209,103,27,0,0,,,,,,,,,,,,,,,,,,,,
2026-07-23 14:47:41,253414.578125,B0DB8AF16E20,0001,male,C57BL/6,1.1.1,FR1_Approach,0,Left,132,210,103,27,0,0,,,,,,,,,,,,,,,,,,,,
2026-07-23 14:47:42,253416.453125,B0DB8AF16E20,0001,male,C57BL/6,1.1.1,FR1_Approach,0,Approach,132,210,103,27,0,0,,,,,,,,,,,,,,,,,,,,
2026-07-23 14:47:45,253419.187500,B0DB8AF16E20,0001,male,C57BL/6,1.1.1,FR1_Approach,0,PelletDrop,133,210,103,27,0,0,,,,,,,,,,,,,,,,,,,,
2026-07-23 14:47:47,253421.078125,B0DB8AF16E20,0001,male,C57BL/6,1.1.1,FR1_Approach,0,PelletTaken,133,210,103,27,0,0,1.357,41.000,0,3,,,,,,,,,,,,,,,,
2026-07-23 14:47:55,253428.750000,B0DB8AF16E20,0001,male,C57BL/6,1.1.1,FR1_Approach,0,Status,133,210,103,27,0,0,,,,,Disabled,24.4,43.6,999.6,15.8,0.144,80.000,247724,339964,181444,53347,3.78,35.42
2026-07-23 14:50:43,253596.828125,B0DB8AF16E20,0001,male,C57BL/6,1.1.1,FR1_Approach,0,Right,133,210,104,27,0,0,,,,,,,,,,,,,,,,,,,,
2026-07-23 14:50:48,253602.593750,B0DB8AF16E20,0001,male,C57BL/6,1.1.1,FR1_Approach,0,Left,133,211,104,27,0,0,,,,,,,,,,,,,,,,,,,,
2026-07-23 14:50:50,253603.984375,B0DB8AF16E20,0001,male,C57BL/6,1.1.1,FR1_Approach,0,Approach,133,211,104,27,0,0,,,,,,,,,,,,,,,,,,,,
2026-07-23 14:50:53,253606.765625,B0DB8AF16E20,0001,male,C57BL/6,1.1.1,FR1_Approach,0,PelletDrop,134,211,104,27,0,0,,,,,,,,,,,,,,,,,,,,
2026-07-23 14:50:54,253607.890625,B0DB8AF16E20,0001,male,C57BL/6,1.1.1,FR1_Approach,0,PelletNotDetected,134,211,104,27,0,0,,,,,,,,,,,,,,,,,,,,
2026-07-23 14:57:37,254011.687500,B0DB8AF16E20,0001,male,C57BL/6,1.1.1,FR1_Approach,0,Left,134,212,104,27,0,0,,,,,,,,,,,,,,,,,,,,
2026-07-23 14:57:38,254012.828125,B0DB8AF16E20,0001,male,C57BL/6,1.1.1,FR1_Approach,0,Approach,134,212,104,27,0,0,,,,,,,,,,,,,,,,,,,,
2026-07-23 14:57:41,254015.562500,B0DB8AF16E20,0001,male,C57BL/6,1.1.1,FR1_Approach,0,PelletDrop,135,212,104,27,0,0,,,,,,,,,,,,,,,,,,,,
2026-07-23 14:57:42,254016.453125,B0DB8AF16E20,0001,male,C57BL/6,1.1.1,FR1_Approach,0,PelletTaken,135,212,104,27,0,0,0.356,11.000,0,2,,,,,,,,,,,,,,,,
2026-07-23 14:58:56,254091.062500,B0DB8AF16E20,0001,male,C57BL/6,1.1.1,FR1_Approach,0,Status,135,212,104,27,0,0,,,,,Disabled,24.5,43.6,999.5,15.9,0.173,94.000,247724,339964,181444,53483,3.77,35.06
2026-07-23 15:00:26,254181.343750,B0DB8AF16E20,0001,male,C57BL/6,1.1.1,FR1_Approach,0,Left,135,213,104,27,0,0,,,,,,,,,,,,,,,,,,,,
2026-07-23 15:00:29,254184.062500,B0DB8AF16E20,0001,male,C57BL/6,1.1.1,FR1_Approach,0,No_approach,135,213,104,27,0,0,,,,,,,,,,,,,,,,,,,,
2026-07-23 15:02:01,254276.140625,B0DB8AF16E20,0001,male,C57BL/6,1.1.1,FR1_Approach,0,Right,135,213,105,27,0,0,,,,,,,,,,,,,,,,,,,,
2026-07-23 15:05:36,254492.156250,B0DB8AF16E20,0001,male,C57BL/6,1.1.1,FR1_Approach,0,Left,135,214,105,27,0,0,,,,,,,,,,,,,,,,,,,,
2026-07-23 15:05:38,254493.281250,B0DB8AF16E20,0001,male,C57BL/6,1.1.1,FR1_Approach,0,Approach,135,214,105,27,0,0,,,,,,,,,,,,,,,,,,,,
2026-07-23 15:05:40,254496.062500,B0DB8AF16E20,0001,male,C57BL/6,1.1.1,FR1_Approach,0,PelletDrop,136,214,105,27,0,0,,,,,,,,,,,,,,,,,,,,
2026-07-23 15:05:41,254496.828125,B0DB8AF16E20,0001,male,C57BL/6,1.1.1,FR1_Approach,0,PelletTaken,136,214,105,27,0,0,0.213,12.000,0,1,,,,,,,,,,,,,,,,
2026-07-23 15:07:02,254577.703125,B0DB8AF16E20,0001,male,C57BL/6,1.1.1,FR1_Approach,0,Center,136,214,105,28,0,0,,,,,,,,,,,,,,,,,,,,
2026-07-23 15:07:03,254579.250000,B0DB8AF16E20,0001,male,C57BL/6,1.1.1,FR1_Approach,0,Left,136,215,105,28,0,0,,,,,,,,,,,,,,,,,,,,
2026-07-23 15:07:05,254580.390625,B0DB8AF16E20,0001,male,C57BL/6,1.1.1,FR1_Approach,0,Approach,136,215,105,28,0,0,,,,,,,,,,,,,,,,,,,,
2026-07-23 15:07:10,254585.406250,B0DB8AF16E20,0001,male,C57BL/6,1.1.1,FR1_Approach,0,PelletDrop,137,215,105,28,0,0,,,,,,,,,,,,,,,,,,,,
2026-07-23 15:07:11,254586.640625,B0DB8AF16E20,0001,male,C57BL/6,1.1.1,FR1_Approach,0,PelletTaken,137,215,105,28,0,0,0.709,89.000,0,2,,,,,,,,,,,,,,,,
2026-07-23 15:07:27,254603.171875,B0DB8AF16E20,0001,male,C57BL/6,1.1.1,FR1_Approach,0,Center,137,215,105,29,0,0,,,,,,,,,,,,,,,,,,,,
2026-07-23 15:07:30,254606.296875,B0DB8AF16E20,0001,male,C57BL/6,1.1.1,FR1_Approach,0,Left,137,216,105,29,0,0,,,,,,,,,,,,,,,,,,,,
2026-07-23 15:07:33,254608.906250,B0DB8AF16E20,0001,male,C57BL/6,1.1.1,FR1_Approach,0,Approach,137,216,105,29,0,0,,,,,,,,,,,,,,,,,,,,
2026-07-23 15:07:36,254611.687500,B0DB8AF16E20,0001,male,C57BL/6,1.1.1,FR1_Approach,0,PelletDrop,138,216,105,29,0,0,,,,,,,,,,,,,,,,,,,,
2026-07-23 15:07:39,254614.765625,B0DB8AF16E20,0001,male,C57BL/6,1.1.1,FR1_Approach,0,PelletTaken,138,216,105,29,0,0,2.557,32.000,0,1,,,,,,,,,,,,,,,,
2026-07-23 15:08:07,254643.359375,B0DB8AF16E20,0001,male,C57BL/6,1.1.1,FR1_Approach,0,Left,138,217,105,29,0,0,,,,,,,,,,,,,,,,,,,,
2026-07-23 15:08:09,254644.484375,B0DB8AF16E20,0001,male,C57BL/6,1.1.1,FR1_Approach,0,Approach,138,217,105,29,0,0,,,,,,,,,,,,,,,,,,,,
2026-07-23 15:08:12,254647.703125,B0DB8AF16E20,0001,male,C57BL/6,1.1.1,FR1_Approach,0,PelletDrop,139,217,105,29,0,0,,,,,,,,,,,,,,,,,,,,
2026-07-23 15:08:13,254649.203125,B0DB8AF16E20,0001,male,C57BL/6,1.1.1,FR1_Approach,0,PelletTaken,139,217,105,29,0,0,0.962,70.000,0,1,,,,,,,,,,,,,,,,
2026-07-23 15:08:30,254665.734375,B0DB8AF16E20,0001,male,C57BL/6,1.1.1,FR1_Approach,0,Right,139,217,106,29,0,0,,,,,,,,,,,,,,,,,,,,
2026-07-23 15:08:40,254675.843750,B0DB8AF16E20,0001,male,C57BL/6,1.1.1,FR1_Approach,0,Left,139,218,106,29,0,0,,,,,,,,,,,,,,,,,,,,
2026-07-23 15:08:43,254678.562500,B0DB8AF16E20,0001,male,C57BL/6,1.1.1,FR1_Approach,0,No_approach,139,218,106,29,0,0,,,,,,,,,,,,,,,,,,,,
2026-07-23 15:10:09,254764.859375,B0DB8AF16E20,0001,male,C57BL/6,1.1.1,FR1_Approach,0,Status,139,218,106,29,0,0,,,,,Disabled,24.6,43.3,999.4,15.9,0.151,84.000,247724,339964,181444,53618,3.77,34.70
2026-07-23 15:15:01,255056.890625,B0DB8AF16E20,0001,male,C57BL/6,1.1.1,FR1_Approach,0,Left,139,219,106,29,0,0,,,,,,,,,,,,,,,,,,,,
2026-07-23 15:15:04,255059.734375,B0DB8AF16E20,0001,male,C57BL/6,1.1.1,FR1_Approach,0,Approach,139,219,106,29,0,0,,,,,,,,,,,,,,,,,,,,
2026-07-23 15:15:07,255062.468750,B0DB8AF16E20,0001,male,C57BL/6,1.1.1,FR1_Approach,0,PelletDrop,140,219,106,29,0,0,,,,,,,,,,,,,,,,,,,,
2026-07-23 15:15:08,255063.609375,B0DB8AF16E20,0001,male,C57BL/6,1.1.1,FR1_Approach,0,PelletNotDetected,140,219,106,29,0,0,,,,,,,,,,,,,,,,,,,,
2026-07-23 15:17:12,255188.046875,B0DB8AF16E20,0001,male,C57BL/6,1.1.1,FR1_Approach,0,Left,140,220,106,29,0,0,,,,,,,,,,,,,,,,,,,,
2026-07-23 15:17:14,255189.421875,B0DB8AF16E20,0001,male,C57BL/6,1.1.1,FR1_Approach,0,Approach,140,220,106,29,0,0,,,,,,,,,,,,,,,,,,,,
2026-07-23 15:17:16,255192.203125,B0DB8AF16E20,0001,male,C57BL/6,1.1.1,FR1_Approach,0,PelletDrop,141,220,106,29,0,0,,,,,,,,,,,,,,,,,,,,
2026-07-23 15:17:17,255193.343750,B0DB8AF16E20,0001,male,C57BL/6,1.1.1,FR1_Approach,0,PelletNotDetected,141,220,106,29,0,0,,,,,,,,,,,,,,,,,,,,
2026-07-23 15:17:37,255212.562500,B0DB8AF16E20,0001,male,C57BL/6,1.1.1,FR1_Approach,0,Left,141,221,106,29,0,0,,,,,,,,,,,,,,,,,,,,
2026-07-23 15:17:38,255213.953125,B0DB8AF16E20,0001,male,C57BL/6,1.1.1,FR1_Approach,0,Approach,141,221,106,29,0,0,,,,,,,,,,,,,,,,,,,,
2026-07-23 15:17:41,255216.687500,B0DB8AF16E20,0001,male,C57BL/6,1.1.1,FR1_Approach,0,PelletDrop,142,221,106,29,0,0,,,,,,,,,,,,,,,,,,,,
2026-07-23 15:17:42,255217.781250,B0DB8AF16E20,0001,male,C57BL/6,1.1.1,FR1_Approach,0,PelletTaken,142,221,106,29,0,0,0.554,167.000,0,3,,,,,,,,,,,,,,,,
2026-07-23 15:17:58,255234.093750,B0DB8AF16E20,0001,male,C57BL/6,1.1.1,FR1_Approach,0,Left,142,222,106,29,0,0,,,,,,,,,,,,,,,,,,,,
2026-07-23 15:17:59,255235.234375,B0DB8AF16E20,0001,male,C57BL/6,1.1.1,FR1_Approach,0,Approach,142,222,106,29,0,0,,,,,,,,,,,,,,,,,,,,
2026-07-23 15:18:02,255238.015625,B0DB8AF16E20,0001,male,C57BL/6,1.1.1,FR1_Approach,0,PelletDrop,143,222,106,29,0,0,,,,,,,,,,,,,,,,,,,,
2026-07-23 15:18:03,255238.843750,B0DB8AF16E20,0001,male,C57BL/6,1.1.1,FR1_Approach,0,PelletTaken,143,222,106,29,0,0,0.291,98.000,0,1,,,,,,,,,,,,,,,,
2026-07-23 15:18:22,255257.546875,B0DB8AF16E20,0001,male,C57BL/6,1.1.1,FR1_Approach,0,Center,143,222,106,30,0,0,,,,,,,,,,,,,,,,,,,,
2026-07-23 15:18:24,255260.218750,B0DB8AF16E20,0001,male,C57BL/6,1.1.1,FR1_Approach,0,Center,143,222,106,31,0,0,,,,,,,,,,,,,,,,,,,,
2026-07-23 15:18:33,255268.718750,B0DB8AF16E20,0001,male,C57BL/6,1.1.1,FR1_Approach,0,Left,143,223,106,31,0,0,,,,,,,,,,,,,,,,,,,,
2026-07-23 15:18:35,255271.421875,B0DB8AF16E20,0001,male,C57BL/6,1.1.1,FR1_Approach,0,No_approach,143,223,106,31,0,0,,,,,,,,,,,,,,,,,,,,
2026-07-23 15:18:45,255280.968750,B0DB8AF16E20,0001,male,C57BL/6,1.1.1,FR1_Approach,0,Left,143,224,106,31,0,0,,,,,,,,,,,,,,,,,,,,
2026-07-23 15:18:48,255283.671875,B0DB8AF16E20,0001,male,C57BL/6,1.1.1,FR1_Approach,0,No_approach,143,224,106,31,0,0,,,,,,,,,,,,,,,,,,,,
2026-07-23 15:18:54,255289.562500,B0DB8AF16E20,0001,male,C57BL/6,1.1.1,FR1_Approach,0,Left,143,225,106,31,0,0,,,,,,,,,,,,,,,,,,,,
2026-07-23 15:18:56,255292.265625,B0DB8AF16E20,0001,male,C57BL/6,1.1.1,FR1_Approach,0,No_approach,143,225,106,31,0,0,,,,,,,,,,,,,,,,,,,,
2026-07-23 15:21:12,255428.625000,B0DB8AF16E20,0001,male,C57BL/6,1.1.1,FR1_Approach,0,Status,143,225,106,31,0,0,,,,,Disabled,24.6,43.3,999.3,15.9,0.130,70.000,247724,339964,181444,53751,3.77,34.70
2026-07-23 15:23:42,255578.953125,B0DB8AF16E20,0001,male,C57BL/6,1.1.1,FR1_Approach,0,Left,143,226,106,31,0,0,,,,,,,,,,,,,,,,,,,,
2026-07-23 15:23:44,255580.093750,B0DB8AF16E20,0001,male,C57BL/6,1.1.1,FR1_Approach,0,Approach,143,226,106,31,0,0,,,,,,,,,,,,,,,,,,,,
2026-07-23 15:23:46,255582.875000,B0DB8AF16E20,0001,male,C57BL/6,1.1.1,FR1_Approach,0,PelletDrop,144,226,106,31,0,0,,,,,,,,,,,,,,,,,,,,
2026-07-23 15:23:48,255584.015625,B0DB8AF16E20,0001,male,C57BL/6,1.1.1,FR1_Approach,0,PelletTaken,144,226,106,31,0,0,0.610,131.000,0,1,,,,,,,,,,,,,,,,
2026-07-23 15:25:10,255667.000000,B0DB8AF16E20,0001,male,C57BL/6,1.1.1,FR1_Approach,0,Right,144,226,107,31,0,0,,,,,,,,,,,,,,,,,,,,
2026-07-23 15:26:00,255717.078125,B0DB8AF16E20,0001,male,C57BL/6,1.1.1,FR1_Approach,0,Right,144,226,108,31,0,0,,,,,,,,,,,,,,,,,,,,
2026-07-23 15:26:09,255725.531250,B0DB8AF16E20,0001,male,C57BL/6,1.1.1,FR1_Approach,0,Center,144,226,108,32,0,0,,,,,,,,,,,,,,,,,,,,
2026-07-23 15:26:15,255731.484375,B0DB8AF16E20,0001,male,C57BL/6,1.1.1,FR1_Approach,0,Right,144,226,109,32,0,0,,,,,,,,,,,,,,,,,,,,
2026-07-23 15:26:18,255734.390625,B0DB8AF16E20,0001,male,C57BL/6,1.1.1,FR1_Approach,0,Left,144,227,109,32,0,0,,,,,,,,,,,,,,,,,,,,
2026-07-23 15:26:19,255735.515625,B0DB8AF16E20,0001,male,C57BL/6,1.1.1,FR1_Approach,0,Approach,144,227,109,32,0,0,,,,,,,,,,,,,,,,,,,,
2026-07-23 15:26:22,255738.296875,B0DB8AF16E20,0001,male,C57BL/6,1.1.1,FR1_Approach,0,PelletDrop,145,227,109,32,0,0,,,,,,,,,,,,,,,,,,,,
2026-07-23 15:26:23,255739.421875,B0DB8AF16E20,0001,male,C57BL/6,1.1.1,FR1_Approach,0,PelletNotDetected,145,227,109,32,0,0,,,,,,,,,,,,,,,,,,,,
2026-07-23 15:26:45,255762.078125,B0DB8AF16E20,0001,male,C57BL/6,1.1.1,FR1_Approach,0,Left,145,228,109,32,0,0,,,,,,,,,,,,,,,,,,,,
2026-07-23 15:26:46,255763.218750,B0DB8AF16E20,0001,male,C57BL/6,1.1.1,FR1_Approach,0,Approach,145,228,109,32,0,0,,,,,,,,,,,,,,,,,,,,
2026-07-23 15:26:49,255765.953125,B0DB8AF16E20,0001,male,C57BL/6,1.1.1,FR1_Approach,0,PelletDrop,146,228,109,32,0,0,,,,,,,,,,,,,,,,,,,,
2026-07-23 15:26:50,255766.812500,B0DB8AF16E20,0001,male,C57BL/6,1.1.1,FR1_Approach,0,PelletTaken,146,228,109,32,0,0,0.313,22.000,0,2,,,,,,,,,,,,,,,,
2026-07-23 15:27:08,255784.453125,B0DB8AF16E20,0001,male,C57BL/6,1.1.1,FR1_Approach,0,Left,146,229,109,32,0,0,,,,,,,,,,,,,,,,,,,,
2026-07-23 15:27:09,255785.593750,B0DB8AF16E20,0001,male,C57BL/6,1.1.1,FR1_Approach,0,Approach,146,229,109,32,0,0,,,,,,,,,,,,,,,,,,,,
2026-07-23 15:27:12,255788.375000,B0DB8AF16E20,0001,male,C57BL/6,1.1.1,FR1_Approach,0,PelletDrop,147,229,109,32,0,0,,,,,,,,,,,,,,,,,,,,
2026-07-23 15:27:12,255789.015625,B0DB8AF16E20,0001,male,C57BL/6,1.1.1,FR1_Approach,0,PelletTaken,147,229,109,32,0,0,0.104,31.000,0,1,,,,,,,,,,,,,,,,
2026-07-23 15:32:28,256105.265625,B0DB8AF16E20,0001,male,C57BL/6,1.1.1,FR1_Approach,0,Status,147,229,109,32,0,0,,,,,Disabled,24.7,43.5,999.2,15.8,0.176,90.000,247724,339964,181444,53886,3.77,34.27
2026-07-23 15:41:34,256651.781250,B0DB8AF16E20,0001,male,C57BL/6,1.1.1,FR1_Approach,0,Center,147,229,109,33,0,0,,,,,,,,,,,,,,,,,,,,
2026-07-23 15:41:57,256674.625000,B0DB8AF16E20,0001,male,C57BL/6,1.1.1,FR1_Approach,0,Right,147,229,110,33,0,0,,,,,,,,,,,,,,,,,,,,
2026-07-23 15:42:05,256682.625000,B0DB8AF16E20,0001,male,C57BL/6,1.1.1,FR1_Approach,0,Left,147,230,110,33,0,0,,,,,,,,,,,,,,,,,,,,
2026-07-23 15:42:06,256683.750000,B0DB8AF16E20,0001,male,C57BL/6,1.1.1,FR1_Approach,0,Approach,147,230,110,33,0,0,,,,,,,,,,,,,,,,,,,,
2026-07-23 15:42:09,256686.531250,B0DB8AF16E20,0001,male,C57BL/6,1.1.1,FR1_Approach,0,PelletDrop,148,230,110,33,0,0,,,,,,,,,,,,,,,,,,,,
2026-07-23 15:42:10,256687.671875,B0DB8AF16E20,0001,male,C57BL/6,1.1.1,FR1_Approach,0,PelletNotDetected,148,230,110,33,0,0,,,,,,,,,,,,,,,,,,,,
2026-07-23 15:44:25,256823.000000,B0DB8AF16E20,0001,male,C57BL/6,1.1.1,FR1_Approach,0,Status,148,230,110,33,0,0,,,,,Disabled,24.8,42.7,999.1,15.7,0.137,80.000,247724,339964,181444,54024,3.77,33.84
2026-07-23 15:44:28,256825.859375,B0DB8AF16E20,0001,male,C57BL/6,1.1.1,FR1_Approach,0,Right,148,230,111,33,0,0,,,,,,,,,,,,,,,,,,,,
2026-07-23 15:44:29,256826.984375,B0DB8AF16E20,0001,male,C57BL/6,1.1.1,FR1_Approach,0,Center,148,230,111,34,0,0,,,,,,,,,,,,,,,,,,,,
2026-07-23 15:45:42,256900.406250,B0DB8AF16E20,0001,male,C57BL/6,1.1.1,FR1_Approach,0,Right,148,230,112,34,0,0,,,,,,,,,,,,,,,,,,,,
2026-07-23 15:45:45,256903.359375,B0DB8AF16E20,0001,male,C57BL/6,1.1.1,FR1_Approach,0,Center,148,230,112,35,0,0,,,,,,,,,,,,,,,,,,,,
2026-07-23 15:45:48,256906.234375,B0DB8AF16E20,0001,male,C57BL/6,1.1.1,FR1_Approach,0,Center,148,230,112,36,0,0,,,,,,,,,,,,,,,,,,,,
2026-07-23 15:45:52,256910.015625,B0DB8AF16E20,0001,male,C57BL/6,1.1.1,FR1_Approach,0,Left,148,231,112,36,0,0,,,,,,,,,,,,,,,,,,,,
2026-07-23 15:45:53,256911.156250,B0DB8AF16E20,0001,male,C57BL/6,1.1.1,FR1_Approach,0,Approach,148,231,112,36,0,0,,,,,,,,,,,,,,,,,,,,
2026-07-23 15:45:56,256913.890625,B0DB8AF16E20,0001,male,C57BL/6,1.1.1,FR1_Approach,0,PelletDrop,149,231,112,36,0,0,,,,,,,,,,,,,,,,,,,,
2026-07-23 15:45:57,256915.015625,B0DB8AF16E20,0001,male,C57BL/6,1.1.1,FR1_Approach,0,PelletNotDetected,149,231,112,36,0,0,,,,,,,,,,,,,,,,,,,,
2026-07-23 15:48:34,257072.765625,B0DB8AF16E20,0001,male,C57BL/6,1.1.1,FR1_Approach,0,Right,149,231,113,36,0,0,,,,,,,,,,,,,,,,,,,,
2026-07-23 15:48:36,257074.671875,B0DB8AF16E20,0001,male,C57BL/6,1.1.1,FR1_Approach,0,Right,149,231,114,36,0,0,,,,,,,,,,,,,,,,,,,,
2026-07-23 15:48:43,257081.203125,B0DB8AF16E20,0001,male,C57BL/6,1.1.1,FR1_Approach,0,Center,149,231,114,37,0,0,,,,,,,,,,,,,,,,,,,,
2026-07-23 15:48:48,257086.218750,B0DB8AF16E20,0001,male,C57BL/6,1.1.1,FR1_Approach,0,Center,149,231,114,38,0,0,,,,,,,,,,,,,,,,,,,,
2026-07-23 15:48:51,257089.609375,B0DB8AF16E20,0001,male,C57BL/6,1.1.1,FR1_Approach,0,Center,149,231,114,39,0,0,,,,,,,,,,,,,,,,,,,,
2026-07-23 15:48:56,257094.421875,B0DB8AF16E20,0001,male,C57BL/6,1.1.1,FR1_Approach,0,Left,149,232,114,39,0,0,,,,,,,,,,,,,,,,,,,,
2026-07-23 15:48:57,257095.546875,B0DB8AF16E20,0001,male,C57BL/6,1.1.1,FR1_Approach,0,Approach,149,232,114,39,0,0,,,,,,,,,,,,,,,,,,,,
2026-07-23 15:49:00,257098.281250,B0DB8AF16E20,0001,male,C57BL/6,1.1.1,FR1_Approach,0,PelletDrop,150,232,114,39,0,0,,,,,,,,,,,,,,,,,,,,
2026-07-23 15:49:02,257100.375000,B0DB8AF16E20,0001,male,C57BL/6,1.1.1,FR1_Approach,0,PelletTaken,150,232,114,39,0,0,1.556,79.000,0,3,,,,,,,,,,,,,,,,
2026-07-23 15:51:59,257277.125000,B0DB8AF16E20,0001,male,C57BL/6,1.1.1,FR1_Approach,0,Left,150,233,114,39,0,0,,,,,,,,,,,,,,,,,,,,
2026-07-23 15:52:00,257278.265625,B0DB8AF16E20,0001,male,C57BL/6,1.1.1,FR1_Approach,0,Approach,150,233,114,39,0,0,,,,,,,,,,,,,,,,,,,,
2026-07-23 15:52:02,257281.046875,B0DB8AF16E20,0001,male,C57BL/6,1.1.1,FR1_Approach,0,PelletDrop,151,233,114,39,0,0,,,,,,,,,,,,,,,,,,,,
2026-07-23 15:52:03,257281.953125,B0DB8AF16E20,0001,male,C57BL/6,1.1.1,FR1_Approach,0,PelletTaken,151,233,114,39,0,0,0.368,80.000,0,1,,,,,,,,,,,,,,,,
2026-07-23 15:52:50,257328.531250,B0DB8AF16E20,0001,male,C57BL/6,1.1.1,FR1_Approach,0,Right,151,233,115,39,0,0,,,,,,,,,,,,,,,,,,,,
2026-07-23 15:52:54,257332.968750,B0DB8AF16E20,0001,male,C57BL/6,1.1.1,FR1_Approach,0,Left,151,234,115,39,0,0,,,,,,,,,,,,,,,,,,,,
2026-07-23 15:52:55,257334.109375,B0DB8AF16E20,0001,male,C57BL/6,1.1.1,FR1_Approach,0,Approach,151,234,115,39,0,0,,,,,,,,,,,,,,,,,,,,
2026-07-23 15:52:58,257336.890625,B0DB8AF16E20,0001,male,C57BL/6,1.1.1,FR1_Approach,0,PelletDrop,152,234,115,39,0,0,,,,,,,,,,,,,,,,,,,,
2026-07-23 15:52:59,257337.625000,B0DB8AF16E20,0001,male,C57BL/6,1.1.1,FR1_Approach,0,PelletTaken,152,234,115,39,0,0,0.203,110.000,0,1,,,,,,,,,,,,,,,,
2026-07-23 15:53:18,257356.843750,B0DB8AF16E20,0001,male,C57BL/6,1.1.1,FR1_Approach,0,Center,152,234,115,40,0,0,,,,,,,,,,,,,,,,,,,,
2026-07-23 15:53:25,257363.328125,B0DB8AF16E20,0001,male,C57BL/6,1.1.1,FR1_Approach,0,Center,152,234,115,41,0,0,,,,,,,,,,,,,,,,,,,,
2026-07-23 15:53:28,257366.625000,B0DB8AF16E20,0001,male,C57BL/6,1.1.1,FR1_Approach,0,Left,152,235,115,41,0,0,,,,,,,,,,,,,,,,,,,,
2026-07-23 15:53:29,257367.765625,B0DB8AF16E20,0001,male,C57BL/6,1.1.1,FR1_Approach,0,Approach,152,235,115,41,0,0,,,,,,,,,,,,,,,,,,,,
2026-07-23 15:53:34,257372.765625,B0DB8AF16E20,0001,male,C57BL/6,1.1.1,FR1_Approach,0,PelletDrop,153,235,115,41,0,0,,,,,,,,,,,,,,,,,,,,
2026-07-23 15:53:42,257381.125000,B0DB8AF16E20,0001,male,C57BL/6,1.1.1,FR1_Approach,0,PelletTaken,153,235,115,41,0,0,7.815,284.000,0,2,,,,,,,,,,,,,,,,
2026-07-23 15:55:37,257495.703125,B0DB8AF16E20,0001,male,C57BL/6,1.1.1,FR1_Approach,0,Status,153,235,115,41,0,0,,,,,Disabled,24.9,43.2,999.0,15.7,0.130,72.000,247724,339964,181444,54159,3.76,32.98
2026-07-23 15:59:22,257720.812500,B0DB8AF16E20,0001,male,C57BL/6,1.1.1,FR1_Approach,0,Left,153,236,115,41,0,0,,,,,,,,,,,,,,,,,,,,
2026-07-23 15:59:25,257723.531250,B0DB8AF16E20,0001,male,C57BL/6,1.1.1,FR1_Approach,0,No_approach,153,236,115,41,0,0,,,,,,,,,,,,,,,,,,,,
2026-07-23 15:59:28,257726.890625,B0DB8AF16E20,0001,male,C57BL/6,1.1.1,FR1_Approach,0,Left,153,237,115,41,0,0,,,,,,,,,,,,,,,,,,,,
2026-07-23 15:59:30,257728.765625,B0DB8AF16E20,0001,male,C57BL/6,1.1.1,FR1_Approach,0,Approach,153,237,115,41,0,0,,,,,,,,,,,,,,,,,,,,
2026-07-23 15:59:33,257731.546875,B0DB8AF16E20,0001,male,C57BL/6,1.1.1,FR1_Approach,0,PelletDrop,154,237,115,41,0,0,,,,,,,,,,,,,,,,,,,,
2026-07-23 15:59:34,257733.109375,B0DB8AF16E20,0001,male,C57BL/6,1.1.1,FR1_Approach,0,PelletTaken,154,237,115,41,0,0,1.028,167.000,0,1,,,,,,,,,,,,,,,,
2026-07-23 16:07:03,258182.500000,B0DB8AF16E20,0001,male,C57BL/6,1.1.1,FR1_Approach,0,Status,154,237,115,41,0,0,,,,,Disabled,24.9,43.2,998.9,15.7,0.151,76.000,247724,339964,181444,54295,3.76,32.55
2026-07-23 16:08:26,258265.625000,B0DB8AF16E20,0001,male,C57BL/6,1.1.1,FR1_Approach,0,Left,154,238,115,41,0,0,,,,,,,,,,,,,,,,,,,,
2026-07-23 16:08:29,258268.343750,B0DB8AF16E20,0001,male,C57BL/6,1.1.1,FR1_Approach,0,No_approach,154,238,115,41,0,0,,,,,,,,,,,,,,,,,,,,
2026-07-23 16:08:39,258278.859375,B0DB8AF16E20,0001,male,C57BL/6,1.1.1,FR1_Approach,0,Left,154,239,115,41,0,0,,,,,,,,,,,,,,,,,,,,
2026-07-23 16:08:41,258280.734375,B0DB8AF16E20,0001,male,C57BL/6,1.1.1,FR1_Approach,0,Approach,154,239,115,41,0,0,,,,,,,,,,,,,,,,,,,,
2026-07-23 16:08:44,258283.515625,B0DB8AF16E20,0001,male,C57BL/6,1.1.1,FR1_Approach,0,PelletDrop,155,239,115,41,0,0,,,,,,,,,,,,,,,,,,,,
2026-07-23 16:08:45,258284.156250,B0DB8AF16E20,0001,male,C57BL/6,1.1.1,FR1_Approach,0,PelletTaken,155,239,115,41,0,0,0.105,156.000,0,1,,,,,,,,,,,,,,,,
2026-07-23 16:10:52,258411.890625,B0DB8AF16E20,0001,male,C57BL/6,1.1.1,FR1_Approach,0,Left,155,240,115,41,0,0,,,,,,,,,,,,,,,,,,,,
2026-07-23 16:10:55,258414.593750,B0DB8AF16E20,0001,male,C57BL/6,1.1.1,FR1_Approach,0,No_approach,155,240,115,41,0,0,,,,,,,,,,,,,,,,,,,,
2026-07-23 16:10:58,258417.890625,B0DB8AF16E20,0001,male,C57BL/6,1.1.1,FR1_Approach,0,Left,155,241,115,41,0,0,,,,,,,,,,,,,,,,,,,,
2026-07-23 16:11:01,258420.734375,B0DB8AF16E20,0001,male,C57BL/6,1.1.1,FR1_Approach,0,Approach,155,241,115,41,0,0,,,,,,,,,,,,,,,,,,,,
2026-07-23 16:11:06,258425.734375,B0DB8AF16E20,0001,male,C57BL/6,1.1.1,FR1_Approach,0,PelletDrop,156,241,115,41,0,0,,,,,,,,,,,,,,,,,,,,
2026-07-23 16:11:14,258433.765625,B0DB8AF16E20,0001,male,C57BL/6,1.1.1,FR1_Approach,0,PelletTaken,156,241,115,41,0,0,7.496,23.000,0,2,,,,,,,,,,,,,,,,
2026-07-23 16:12:04,258483.843750,B0DB8AF16E20,0001,male,C57BL/6,1.1.1,FR1_Approach,0,Center,156,241,115,42,0,0,,,,,,,,,,,,,,,,,,,,
2026-07-23 16:12:11,258490.500000,B0DB8AF16E20,0001,male,C57BL/6,1.1.1,FR1_Approach,0,Left,156,242,115,42,0,0,,,,,,,,,,,,,,,,,,,,
2026-07-23 16:12:12,258491.625000,B0DB8AF16E20,0001,male,C57BL/6,1.1.1,FR1_Approach,0,Approach,156,242,115,42,0,0,,,,,,,,,,,,,,,,,,,,
2026-07-23 16:12:15,258494.406250,B0DB8AF16E20,0001,male,C57BL/6,1.1.1,FR1_Approach,0,PelletDrop,157,242,115,42,0,0,,,,,,,,,,,,,,,,,,,,
2026-07-23 16:12:16,258495.546875,B0DB8AF16E20,0001,male,C57BL/6,1.1.1,FR1_Approach,0,PelletNotDetected,157,242,115,42,0,0,,,,,,,,,,,,,,,,,,,,
2026-07-23 16:12:30,258509.968750,B0DB8AF16E20,0001,male,C57BL/6,1.1.1,FR1_Approach,0,Center,157,242,115,43,0,0,,,,,,,,,,,,,,,,,,,,
2026-07-23 16:12:34,258513.765625,B0DB8AF16E20,0001,male,C57BL/6,1.1.1,FR1_Approach,0,Left,157,243,115,43,0,0,,,,,,,,,,,,,,,,,,,,
2026-07-23 16:12:35,258515.140625,B0DB8AF16E20,0001,male,C57BL/6,1.1.1,FR1_Approach,0,Approach,157,243,115,43,0,0,,,,,,,,,,,,,,,,,,,,
2026-07-23 16:12:38,258517.890625,B0DB8AF16E20,0001,male,C57BL/6,1.1.1,FR1_Approach,0,PelletDrop,158,243,115,43,0,0,,,,,,,,,,,,,,,,,,,,
2026-07-23 16:12:39,258518.531250,B0DB8AF16E20,0001,male,C57BL/6,1.1.1,FR1_Approach,0,PelletTaken,158,243,115,43,0,0,0.104,148.000,0,2,,,,,,,,,,,,,,,,
2026-07-23 16:16:24,258744.281250,B0DB8AF16E20,0001,male,C57BL/6,1.1.1,FR1_Approach,0,Left,158,244,115,43,0,0,,,,,,,,,,,,,,,,,,,,
2026-07-23 16:16:25,258745.421875,B0DB8AF16E20,0001,male,C57BL/6,1.1.1,FR1_Approach,0,Approach,158,244,115,43,0,0,,,,,,,,,,,,,,,,,,,,
2026-07-23 16:16:28,258748.203125,B0DB8AF16E20,0001,male,C57BL/6,1.1.1,FR1_Approach,0,PelletDrop,159,244,115,43,0,0,,,,,,,,,,,,,,,,,,,,
2026-07-23 16:16:29,258749.015625,B0DB8AF16E20,0001,male,C57BL/6,1.1.1,FR1_Approach,0,PelletTaken,159,244,115,43,0,0,0.280,291.000,0,1,,,,,,,,,,,,,,,,
2026-07-23 16:17:28,258807.921875,B0DB8AF16E20,0001,male,C57BL/6,1.1.1,FR1_Approach,0,Right,159,244,116,43,0,0,,,,,,,,,,,,,,,,,,,,
2026-07-23 16:17:32,258812.046875,B0DB8AF16E20,0001,male,C57BL/6,1.1.1,FR1_Approach,0,Left,159,245,116,43,0,0,,,,,,,,,,,,,,,,,,,,
2026-07-23 16:17:34,258813.921875,B0DB8AF16E20,0001,male,C57BL/6,1.1.1,FR1_Approach,0,Approach,159,245,116,43,0,0,,,,,,,,,,,,,,,,,,,,
2026-07-23 16:17:37,258816.703125,B0DB8AF16E20,0001,male,C57BL/6,1.1.1,FR1_Approach,0,PelletDrop,160,245,116,43,0,0,,,,,,,,,,,,,,,,,,,,
2026-07-23 16:17:38,258817.812500,B0DB8AF16E20,0001,male,C57BL/6,1.1.1,FR1_Approach,0,PelletNotDetected,160,245,116,43,0,0,,,,,,,,,,,,,,,,,,,,
2026-07-23 16:17:45,258825.500000,B0DB8AF16E20,0001,male,C57BL/6,1.1.1,FR1_Approach,0,Status,160,245,116,43,0,0,,,,,Disabled,24.8,44.0,998.8,15.9,0.191,96.000,247724,339964,181444,54427,3.76,32.12
2026-07-23 16:21:30,259050.312500,B0DB8AF16E20,0001,male,C57BL/6,1.1.1,FR1_Approach,0,Left,160,246,116,43,0,0,,,,,,,,,,,,,,,,,,,,
2026-07-23 16:21:31,259051.437500,B0DB8AF16E20,0001,male,C57BL/6,1.1.1,FR1_Approach,0,Approach,160,246,116,43,0,0,,,,,,,,,,,,,,,,,,,,
2026-07-23 16:21:34,259054.187500,B0DB8AF16E20,0001,male,C57BL/6,1.1.1,FR1_Approach,0,PelletDrop,161,246,116,43,0,0,,,,,,,,,,,,,,,,,,,,
2026-07-23 16:21:35,259055.125000,B0DB8AF16E20,0001,male,C57BL/6,1.1.1,FR1_Approach,0,PelletTaken,161,246,116,43,0,0,0.412,90.000,0,2,,,,,,,,,,,,,,,,
2026-07-23 16:25:58,259318.515625,B0DB8AF16E20,0001,male,C57BL/6,1.1.1,FR1_Approach,0,Right,161,246,117,43,0,0,,,,,,,,,,,,,,,,,,,,
2026-07-23 16:26:01,259321.421875,B0DB8AF16E20,0001,male,C57BL/6,1.1.1,FR1_Approach,0,Right,161,246,118,43,0,0,,,,,,,,,,,,,,,,,,,,
2026-07-23 16:28:50,259490.921875,B0DB8AF16E20,0001,male,C57BL/6,1.1.1,FR1_Approach,0,Status,161,246,118,43,0,0,,,,,Disabled,24.8,43.2,998.7,15.8,0.119,64.000,247724,339964,181444,54562,3.76,31.69
2026-07-23 16:36:12,259932.812500,B0DB8AF16E20,0001,male,C57BL/6,1.1.1,FR1_Approach,0,Center,161,246,118,44,0,0,,,,,,,,,,,,,,,,,,,,
2026-07-23 16:36:15,259935.734375,B0DB8AF16E20,0001,male,C57BL/6,1.1.1,FR1_Approach,0,Right,161,246,119,44,0,0,,,,,,,,,,,,,,,,,,,,
2026-07-23 16:36:17,259938.031250,B0DB8AF16E20,0001,male,C57BL/6,1.1.1,FR1_Approach,0,Right,161,246,120,44,0,0,,,,,,,,,,,,,,,,,,,,
2026-07-23 16:36:20,259941.015625,B0DB8AF16E20,0001,male,C57BL/6,1.1.1,FR1_Approach,0,Left,161,247,120,44,0,0,,,,,,,,,,,,,,,,,,,,
2026-07-23 16:36:21,259942.156250,B0DB8AF16E20,0001,male,C57BL/6,1.1.1,FR1_Approach,0,Approach,161,247,120,44,0,0,,,,,,,,,,,,,,,,,,,,
2026-07-23 16:36:24,259944.937500,B0DB8AF16E20,0001,male,C57BL/6,1.1.1,FR1_Approach,0,PelletDrop,162,247,120,44,0,0,,,,,,,,,,,,,,,,,,,,
2026-07-23 16:36:25,259946.437500,B0DB8AF16E20,0001,male,C57BL/6,1.1.1,FR1_Approach,0,PelletTaken,162,247,120,44,0,0,0.962,71.000,0,1,,,,,,,,,,,,,,,,
2026-07-23 16:37:01,259982.171875,B0DB8AF16E20,0001,male,C57BL/6,1.1.1,FR1_Approach,0,Left,162,248,120,44,0,0,,,,,,,,,,,,,,,,,,,,
2026-07-23 16:37:03,259984.046875,B0DB8AF16E20,0001,male,C57BL/6,1.1.1,FR1_Approach,0,Approach,162,248,120,44,0,0,,,,,,,,,,,,,,,,,,,,
2026-07-23 16:37:06,259986.828125,B0DB8AF16E20,0001,male,C57BL/6,1.1.1,FR1_Approach,0,PelletDrop,163,248,120,44,0,0,,,,,,,,,,,,,,,,,,,,
2026-07-23 16:37:07,259987.953125,B0DB8AF16E20,0001,male,C57BL/6,1.1.1,FR1_Approach,0,PelletNotDetected,163,248,120,44,0,0,,,,,,,,,,,,,,,,,,,,
2026-07-23 16:37:41,260022.609375,B0DB8AF16E20,0001,male,C57BL/6,1.1.1,FR1_Approach,0,Left,163,249,120,44,0,0,,,,,,,,,,,,,,,,,,,,
2026-07-23 16:37:43,260023.984375,B0DB8AF16E20,0001,male,C57BL/6,1.1.1,FR1_Approach,0,Approach,163,249,120,44,0,0,,,,,,,,,,,,,,,,,,,,
2026-07-23 16:37:46,260027.203125,B0DB8AF16E20,0001,male,C57BL/6,1.1.1,FR1_Approach,0,PelletDrop,164,249,120,44,0,0,,,,,,,,,,,,,,,,,,,,
2026-07-23 16:37:47,260028.500000,B0DB8AF16E20,0001,male,C57BL/6,1.1.1,FR1_Approach,0,PelletTaken,164,249,120,44,0,0,0.753,11.000,0,2,,,,,,,,,,,,,,,,
2026-07-23 16:38:18,260058.828125,B0DB8AF16E20,0001,male,C57BL/6,1.1.1,FR1_Approach,0,Right,164,249,121,44,0,0,,,,,,,,,,,,,,,,,,,,
2026-07-23 16:38:24,260065.093750,B0DB8AF16E20,0001,male,C57BL/6,1.1.1,FR1_Approach,0,Center,164,249,121,45,0,0,,,,,,,,,,,,,,,,,,,,
2026-07-23 16:39:24,260125.140625,B0DB8AF16E20,0001,male,C57BL/6,1.1.1,FR1_Approach,0,Status,164,249,121,45,0,0,,,,,Disabled,24.7,43.9,998.6,15.8,0.126,68.000,247724,339964,181444,54697,3.76,31.26
2026-07-23 16:40:30,260190.937500,B0DB8AF16E20,0001,male,C57BL/6,1.1.1,FR1_Approach,0,Right,164,249,122,45,0,0,,,,,,,,,,,,,,,,,,,,
2026-07-23 16:42:45,260326.734375,B0DB8AF16E20,0001,male,C57BL/6,1.1.1,FR1_Approach,0,Right,164,249,123,45,0,0,,,,,,,,,,,,,,,,,,,,
2026-07-23 16:43:21,260362.125000,B0DB8AF16E20,0001,male,C57BL/6,1.1.1,FR1_Approach,0,Left,164,250,123,45,0,0,,,,,,,,,,,,,,,,,,,,
2026-07-23 16:43:23,260364.843750,B0DB8AF16E20,0001,male,C57BL/6,1.1.1,FR1_Approach,0,No_approach,164,250,123,45,0,0,,,,,,,,,,,,,,,,,,,,
2026-07-23 16:44:31,260432.906250,B0DB8AF16E20,0001,male,C57BL/6,1.1.1,FR1_Approach,0,Left,164,251,123,45,0,0,,,,,,,,,,,,,,,,,,,,
2026-07-23 16:44:33,260435.015625,B0DB8AF16E20,0001,male,C57BL/6,1.1.1,FR1_Approach,0,Approach,164,251,123,45,0,0,,,,,,,,,,,,,,,,,,,,
2026-07-23 16:44:36,260437.812500,B0DB8AF16E20,0001,male,C57BL/6,1.1.1,FR1_Approach,0,PelletDrop,165,251,123,45,0,0,,,,,,,,,,,,,,,,,,,,
2026-07-23 16:44:37,260438.921875,B0DB8AF16E20,0001,male,C57BL/6,1.1.1,FR1_Approach,0,PelletNotDetected,165,251,123,45,0,0,,,,,,,,,,,,,,,,,,,,
2026-07-23 16:45:42,260503.593750,B0DB8AF16E20,0001,male,C57BL/6,1.1.1,FR1_Approach,0,Left,165,252,123,45,0,0,,,,,,,,,,,,,,,,,,,,
2026-07-23 16:45:44,260505.218750,B0DB8AF16E20,0001,male,C57BL/6,1.1.1,FR1_Approach,0,Approach,165,252,123,45,0,0,,,,,,,,,,,,,,,,,,,,
2026-07-23 16:45:46,260507.968750,B0DB8AF16E20,0001,male,C57BL/6,1.1.1,FR1_Approach,0,PelletDrop,166,252,123,45,0,0,,,,,,,,,,,,,,,,,,,,
2026-07-23 16:45:47,260509.093750,B0DB8AF16E20,0001,male,C57BL/6,1.1.1,FR1_Approach,0,PelletNotDetected,166,252,123,45,0,0,,,,,,,,,,,,,,,,,,,,
2026-07-23 16:49:55,260757.296875,B0DB8AF16E20,0001,male,C57BL/6,1.1.1,FR1_Approach,0,Status,166,252,123,45,0,0,,,,,Disabled,24.6,44.4,998.5,15.9,0.133,71.000,247724,339964,181444,54831,3.76,30.83
2026-07-23 16:53:02,260944.234375,B0DB8AF16E20,0001,male,C57BL/6,1.1.1,FR1_Approach,0,Left,166,253,123,45,0,0,,,,,,,,,,,,,,,,,,,,
2026-07-23 16:53:03,260945.359375,B0DB8AF16E20,0001,male,C57BL/6,1.1.1,FR1_Approach,0,Approach,166,253,123,45,0,0,,,,,,,,,,,,,,,,,,,,
2026-07-23 16:53:06,260948.093750,B0DB8AF16E20,0001,male,C57BL/6,1.1.1,FR1_Approach,0,PelletDrop,167,253,123,45,0,0,,,,,,,,,,,,,,,,,,,,
2026-07-23 16:53:07,260949.218750,B0DB8AF16E20,0001,male,C57BL/6,1.1.1,FR1_Approach,0,PelletNotDetected,167,253,123,45,0,0,,,,,,,,,,,,,,,,,,,,
2026-07-23 16:53:43,260985.031250,B0DB8AF16E20,0001,male,C57BL/6,1.1.1,FR1_Approach,0,Left,167,254,123,45,0,0,,,,,,,,,,,,,,,,,,,,
2026-07-23 16:53:44,260986.156250,B0DB8AF16E20,0001,male,C57BL/6,1.1.1,FR1_Approach,0,Approach,167,254,123,45,0,0,,,,,,,,,,,,,,,,,,,,
2026-07-23 16:53:52,260994.156250,B0DB8AF16E20,0001,male,C57BL/6,1.1.1,FR1_Approach,0,PelletDrop,168,254,123,45,0,0,,,,,,,,,,,,,,,,,,,,
2026-07-23 16:53:58,261000.625000,B0DB8AF16E20,0001,male,C57BL/6,1.1.1,FR1_Approach,0,PelletTaken,168,254,123,45,0,0,5.944,234.000,0,5,,,,,,,,,,,,,,,,
2026-07-23 16:54:45,261047.390625,B0DB8AF16E20,0001,male,C57BL/6,1.1.1,FR1_Approach,0,Left,168,255,123,45,0,0,,,,,,,,,,,,,,,,,,,,
2026-07-23 16:54:46,261048.531250,B0DB8AF16E20,0001,male,C57BL/6,1.1.1,FR1_Approach,0,Approach,168,255,123,45,0,0,,,,,,,,,,,,,,,,,,,,
2026-07-23 16:54:51,261053.531250,B0DB8AF16E20,0001,male,C57BL/6,1.1.1,FR1_Approach,0,PelletDrop,169,255,123,45,0,0,,,,,,,,,,,,,,,,,,,,
2026-07-23 16:54:56,261058.484375,B0DB8AF16E20,0001,male,C57BL/6,1.1.1,FR1_Approach,0,PelletTaken,169,255,123,45,0,0,4.426,157.000,0,2,,,,,,,,,,,,,,,,
2026-07-23 17:00:24,261386.609375,B0DB8AF16E20,0001,male,C57BL/6,1.1.1,FR1_Approach,0,Left,169,256,123,45,0,0,,,,,,,,,,,,,,,,,,,,
2026-07-23 17:00:26,261388.218750,B0DB8AF16E20,0001,male,C57BL/6,1.1.1,FR1_Approach,0,Approach,169,256,123,45,0,0,,,,,,,,,,,,,,,,,,,,
2026-07-23 17:00:28,261391.000000,B0DB8AF16E20,0001,male,C57BL/6,1.1.1,FR1_Approach,0,PelletDrop,170,256,123,45,0,0,,,,,,,,,,,,,,,,,,,,
2026-07-23 17:00:49,261411.562500,B0DB8AF16E20,0001,male,C57BL/6,1.1.1,FR1_Approach,0,PelletTaken,170,256,123,45,0,0,TimedOut,13.000,0,1,,,,,,,,,,,,,,,,
2026-07-23 17:00:57,261419.234375,B0DB8AF16E20,0001,male,C57BL/6,1.1.1,FR1_Approach,0,Status,170,256,123,45,0,0,,,,,Disabled,24.6,43.7,998.4,15.9,0.180,94.000,247724,339964,181444,54962,3.76,29.97
2026-07-23 17:11:36,262059.937500,B0DB8AF16E20,0001,male,C57BL/6,1.1.1,FR1_Approach,0,Status,170,256,123,45,0,0,,,,,Disabled,24.6,43.4,998.3,15.9,0.115,66.000,247724,339964,181444,55092,3.75,29.54
2026-07-23 17:22:47,262731.656250,B0DB8AF16E20,0001,male,C57BL/6,1.1.1,FR1_Approach,0,Status,170,256,123,45,0,0,,,,,Disabled,24.7,43.2,998.2,15.9,0.133,72.000,247724,339964,181444,55229,3.75,29.11
2026-07-23 17:34:00,263405.437500,B0DB8AF16E20,0001,male,C57BL/6,1.1.1,FR1_Approach,0,Status,170,256,123,45,0,0,,,,,Disabled,24.7,42.9,998.2,15.9,0.130,72.000,247724,339964,181444,55366,3.75,28.68
2026-07-23 17:44:32,264038.656250,B0DB8AF16E20,0001,male,C57BL/6,1.1.1,FR1_Approach,0,Status,170,256,123,45,0,0,,,,,Disabled,24.6,43.7,998.1,16.0,0.130,72.000,247724,339964,181444,55503,3.76,28.25
2026-07-23 17:55:47,264714.093750,B0DB8AF16E20,0001,male,C57BL/6,1.1.1,FR1_Approach,0,Status,170,256,123,45,0,0,,,,,Disabled,24.7,42.7,998.1,15.9,0.115,69.000,247724,339964,181444,55640,3.76,27.82
2026-07-23 17:59:49,264956.562500,B0DB8AF16E20,0001,male,C57BL/6,1.1.1,FR1_Approach,0,Right,170,256,124,45,0,0,,,,,,,,,,,,,,,,,,,,
2026-07-23 18:03:02,265150.093750,B0DB8AF16E20,0001,male,C57BL/6,1.1.1,FR1_Approach,0,Right,170,256,125,45,0,0,,,,,,,,,,,,,,,,,,,,
2026-07-23 18:03:23,265170.468750,B0DB8AF16E20,0001,male,C57BL/6,1.1.1,FR1_Approach,0,Left,170,257,125,45,0,0,,,,,,,,,,,,,,,,,,,,
2026-07-23 18:03:24,265171.593750,B0DB8AF16E20,0001,male,C57BL/6,1.1.1,FR1_Approach,0,Approach,170,257,125,45,0,0,,,,,,,,,,,,,,,,,,,,
2026-07-23 18:03:29,265176.593750,B0DB8AF16E20,0001,male,C57BL/6,1.1.1,FR1_Approach,0,PelletDrop,171,257,125,45,0,0,,,,,,,,,,,,,,,,,,,,
2026-07-23 18:03:39,265187.093750,B0DB8AF16E20,0001,male,C57BL/6,1.1.1,FR1_Approach,0,PelletTaken,171,257,125,45,0,0,9.981,21.000,0,2,,,,,,,,,,,,,,,,
2026-07-23 18:04:40,265247.625000,B0DB8AF16E20,0001,male,C57BL/6,1.1.1,FR1_Approach,0,Right,171,257,126,45,0,0,,,,,,,,,,,,,,,,,,,,
2026-07-23 18:04:51,265258.531250,B0DB8AF16E20,0001,male,C57BL/6,1.1.1,FR1_Approach,0,Left,171,258,126,45,0,0,,,,,,,,,,,,,,,,,,,,
2026-07-23 18:04:53,265260.406250,B0DB8AF16E20,0001,male,C57BL/6,1.1.1,FR1_Approach,0,Approach,171,258,126,45,0,0,,,,,,,,,,,,,,,,,,,,
2026-07-23 18:04:55,265263.218750,B0DB8AF16E20,0001,male,C57BL/6,1.1.1,FR1_Approach,0,PelletDrop,172,258,126,45,0,0,,,,,,,,,,,,,,,,,,,,
2026-07-23 18:04:56,265263.968750,B0DB8AF16E20,0001,male,C57BL/6,1.1.1,FR1_Approach,0,PelletTaken,172,258,126,45,0,0,0.203,108.000,0,1,,,,,,,,,,,,,,,,
2026-07-23 18:07:07,265394.781250,B0DB8AF16E20,0001,male,C57BL/6,1.1.1,FR1_Approach,0,Status,172,258,126,45,0,0,,,,,Disabled,24.8,42.6,998.0,15.8,0.000,0.000,247724,339964,181444,55774,3.75,27.39
2026-07-23 18:17:34,266022.562500,B0DB8AF16E20,0001,male,C57BL/6,1.1.1,FR1_Approach,0,Left,172,259,126,45,0,0,,,,,,,,,,,,,,,,,,,,
2026-07-23 18:17:37,266025.312500,B0DB8AF16E20,0001,male,C57BL/6,1.1.1,FR1_Approach,0,No_approach,172,259,126,45,0,0,,,,,,,,,,,,,,,,,,,,
2026-07-23 18:17:45,266032.968750,B0DB8AF16E20,0001,male,C57BL/6,1.1.1,FR1_Approach,0,Status,172,259,126,45,0,0,,,,,Disabled,24.7,43.6,998.0,15.9,0.000,0.000,247724,339964,181444,55912,3.74,26.96
2026-07-23 18:17:47,266035.125000,B0DB8AF16E20,0001,male,C57BL/6,1.1.1,FR1_Approach,0,Right,172,259,127,45,0,0,,,,,,,,,,,,,,,,,,,,
2026-07-23 18:17:49,266037.468750,B0DB8AF16E20,0001,male,C57BL/6,1.1.1,FR1_Approach,0,Right,172,259,128,45,0,0,,,,,,,,,,,,,,,,,,,,
2026-07-23 18:17:56,266044.625000,B0DB8AF16E20,0001,male,C57BL/6,1.1.1,FR1_Approach,0,Left,172,260,128,45,0,0,,,,,,,,,,,,,,,,,,,,
2026-07-23 18:17:58,266046.000000,B0DB8AF16E20,0001,male,C57BL/6,1.1.1,FR1_Approach,0,Approach,172,260,128,45,0,0,,,,,,,,,,,,,,,,,,,,
2026-07-23 18:18:00,266048.781250,B0DB8AF16E20,0001,male,C57BL/6,1.1.1,FR1_Approach,0,PelletDrop,173,260,128,45,0,0,,,,,,,,,,,,,,,,,,,,
2026-07-23 18:18:02,266049.906250,B0DB8AF16E20,0001,male,C57BL/6,1.1.1,FR1_Approach,0,PelletNotDetected,173,260,128,45,0,0,,,,,,,,,,,,,,,,,,,,
2026-07-23 18:18:53,266101.718750,B0DB8AF16E20,0001,male,C57BL/6,1.1.1,FR1_Approach,0,Left,173,261,128,45,0,0,,,,,,,,,,,,,,,,,,,,
2026-07-23 18:18:56,266104.406250,B0DB8AF16E20,0001,male,C57BL/6,1.1.1,FR1_Approach,0,No_approach,173,261,128,45,0,0,,,,,,,,,,,,,,,,,,,,
2026-07-23 18:18:57,266105.875000,B0DB8AF16E20,0001,male,C57BL/6,1.1.1,FR1_Approach,0,Left,173,262,128,45,0,0,,,,,,,,,,,,,,,,,,,,
2026-07-23 18:19:00,266108.000000,B0DB8AF16E20,0001,male,C57BL/6,1.1.1,FR1_Approach,0,Approach,173,262,128,45,0,0,,,,,,,,,,,,,,,,,,,,
2026-07-23 18:19:02,266110.718750,B0DB8AF16E20,0001,male,C57BL/6,1.1.1,FR1_Approach,0,PelletDrop,174,262,128,45,0,0,,,,,,,,,,,,,,,,,,,,
2026-07-23 18:19:03,266111.343750,B0DB8AF16E20,0001,male,C57BL/6,1.1.1,FR1_Approach,0,PelletTaken,174,262,128,45,0,0,0.105,12.000,0,2,,,,,,,,,,,,,,,,
2026-07-23 18:21:55,266283.531250,B0DB8AF16E20,0001,male,C57BL/6,1.1.1,FR1_Approach,0,Left,174,263,128,45,0,0,,,,,,,,,,,,,,,,,,,,
2026-07-23 18:21:56,266284.656250,B0DB8AF16E20,0001,male,C57BL/6,1.1.1,FR1_Approach,0,Approach,174,263,128,45,0,0,,,,,,,,,,,,,,,,,,,,
2026-07-23 18:21:59,266287.437500,B0DB8AF16E20,0001,male,C57BL/6,1.1.1,FR1_Approach,0,PelletDrop,175,263,128,45,0,0,,,,,,,,,,,,,,,,,,,,
2026-07-23 18:22:00,266288.562500,B0DB8AF16E20,0001,male,C57BL/6,1.1.1,FR1_Approach,0,PelletNotDetected,175,263,128,45,0,0,,,,,,,,,,,,,,,,,,,,
2026-07-23 18:26:09,266538.000000,B0DB8AF16E20,0001,male,C57BL/6,1.1.1,FR1_Approach,0,Right,175,263,129,45,0,0,,,,,,,,,,,,,,,,,,,,
2026-07-23 18:28:57,266706.187500,B0DB8AF16E20,0001,male,C57BL/6,1.1.1,FR1_Approach,0,Status,175,263,129,45,0,0,,,,,Disabled,24.7,42.8,997.9,15.9,0.000,0.000,247724,339964,181444,56046,3.75,26.54
2026-07-23 18:33:13,266962.718750,B0DB8AF16E20,0001,male,C57BL/6,1.1.1,FR1_Approach,0,Left,175,264,129,45,0,0,,,,,,,,,,,,,,,,,,,,
2026-07-23 18:33:15,266964.593750,B0DB8AF16E20,0001,male,C57BL/6,1.1.1,FR1_Approach,0,Approach,175,264,129,45,0,0,,,,,,,,,,,,,,,,,,,,
2026-07-23 18:33:18,266967.312500,B0DB8AF16E20,0001,male,C57BL/6,1.1.1,FR1_Approach,0,PelletDrop,176,264,129,45,0,0,,,,,,,,,,,,,,,,,,,,
2026-07-23 18:33:19,266968.437500,B0DB8AF16E20,0001,male,C57BL/6,1.1.1,FR1_Approach,0,PelletNotDetected,176,264,129,45,0,0,,,,,,,,,,,,,,,,,,,,
2026-07-23 18:34:22,267031.500000,B0DB8AF16E20,0001,male,C57BL/6,1.1.1,FR1_Approach,0,Left,176,265,129,45,0,0,,,,,,,,,,,,,,,,,,,,
2026-07-23 18:34:23,267032.656250,B0DB8AF16E20,0001,male,C57BL/6,1.1.1,FR1_Approach,0,Approach,176,265,129,45,0,0,,,,,,,,,,,,,,,,,,,,
2026-07-23 18:34:26,267035.375000,B0DB8AF16E20,0001,male,C57BL/6,1.1.1,FR1_Approach,0,PelletDrop,177,265,129,45,0,0,,,,,,,,,,,,,,,,,,,,
2026-07-23 18:34:26,267036.031250,B0DB8AF16E20,0001,male,C57BL/6,1.1.1,FR1_Approach,0,PelletTaken,177,265,129,45,0,0,0.104,497.000,0,3,,,,,,,,,,,,,,,,
2026-07-23 18:40:10,267379.968750,B0DB8AF16E20,0001,male,C57BL/6,1.1.1,FR1_Approach,0,Status,177,265,129,45,0,0,,,,,Disabled,24.8,43.0,997.8,15.8,0.000,0.000,247724,339964,181444,56181,3.74,26.11
2026-07-23 18:42:29,267519.718750,B0DB8AF16E20,0001,male,C57BL/6,1.1.1,FR1_Approach,0,Left,177,266,129,45,0,0,,,,,,,,,,,,,,,,,,,,
2026-07-23 18:42:30,267520.843750,B0DB8AF16E20,0001,male,C57BL/6,1.1.1,FR1_Approach,0,Approach,177,266,129,45,0,0,,,,,,,,,,,,,,,,,,,,
2026-07-23 18:42:33,267523.625000,B0DB8AF16E20,0001,male,C57BL/6,1.1.1,FR1_Approach,0,PelletDrop,178,266,129,45,0,0,,,,,,,,,,,,,,,,,,,,
2026-07-23 18:42:34,267524.312500,B0DB8AF16E20,0001,male,C57BL/6,1.1.1,FR1_Approach,0,PelletTaken,178,266,129,45,0,0,0.104,90.000,0,1,,,,,,,,,,,,,,,,
2026-07-23 18:43:07,267557.187500,B0DB8AF16E20,0001,male,C57BL/6,1.1.1,FR1_Approach,0,Left,178,267,129,45,0,0,,,,,,,,,,,,,,,,,,,,
2026-07-23 18:43:09,267559.031250,B0DB8AF16E20,0001,male,C57BL/6,1.1.1,FR1_Approach,0,Approach,178,267,129,45,0,0,,,,,,,,,,,,,,,,,,,,
2026-07-23 18:43:11,267561.812500,B0DB8AF16E20,0001,male,C57BL/6,1.1.1,FR1_Approach,0,PelletDrop,179,267,129,45,0,0,,,,,,,,,,,,,,,,,,,,
2026-07-23 18:43:32,267582.343750,B0DB8AF16E20,0001,male,C57BL/6,1.1.1,FR1_Approach,0,PelletTaken,179,267,129,45,0,0,TimedOut,21.000,0,1,,,,,,,,,,,,,,,,
2026-07-23 18:45:43,267713.593750,B0DB8AF16E20,0001,male,C57BL/6,1.1.1,FR1_Approach,0,Left,179,268,129,45,0,0,,,,,,,,,,,,,,,,,,,,
2026-07-23 18:45:46,267716.187500,B0DB8AF16E20,0001,male,C57BL/6,1.1.1,FR1_Approach,0,Approach,179,268,129,45,0,0,,,,,,,,,,,,,,,,,,,,
2026-07-23 18:45:48,267718.968750,B0DB8AF16E20,0001,male,C57BL/6,1.1.1,FR1_Approach,0,PelletDrop,180,268,129,45,0,0,,,,,,,,,,,,,,,,,,,,
2026-07-23 18:46:00,267730.500000,B0DB8AF16E20,0001,male,C57BL/6,1.1.1,FR1_Approach,0,LeftWithPellet,180,269,129,45,0,0,,,,,,,,,,,,,,,,,,,,
2026-07-23 18:46:01,267731.875000,B0DB8AF16E20,0001,male,C57BL/6,1.1.1,FR1_Approach,0,RightWithPellet,180,269,130,45,0,0,,,,,,,,,,,,,,,,,,,,
2026-07-23 18:46:05,267735.156250,B0DB8AF16E20,0001,male,C57BL/6,1.1.1,FR1_Approach,0,LeftWithPellet,180,270,130,45,0,0,,,,,,,,,,,,,,,,,,,,
2026-07-23 18:46:09,267739.500000,B0DB8AF16E20,0001,male,C57BL/6,1.1.1,FR1_Approach,0,PelletTaken,180,270,130,45,0,0,TimedOut,3.000,0,1,,,,,,,,,,,,,,,,
2026-07-23 18:46:10,267740.593750,B0DB8AF16E20,0001,male,C57BL/6,1.1.1,FR1_Approach,0,Right,180,270,131,45,0,0,,,,,,,,,,,,,,,,,,,,
2026-07-23 18:46:15,267745.687500,B0DB8AF16E20,0001,male,C57BL/6,1.1.1,FR1_Approach,0,Left,180,271,131,45,0,0,,,,,,,,,,,,,,,,,,,,
2026-07-23 18:46:17,267747.531250,B0DB8AF16E20,0001,male,C57BL/6,1.1.1,FR1_Approach,0,Approach,180,271,131,45,0,0,,,,,,,,,,,,,,,,,,,,
2026-07-23 18:46:18,267748.843750,B0DB8AF16E20,0001,male,C57BL/6,1.1.1,FR1_Approach,0,LeftWithPellet,180,271,131,45,0,0,,,,,,,,,,,,,,,,,,,,
2026-07-23 18:46:20,267750.281250,B0DB8AF16E20,0001,male,C57BL/6,1.1.1,FR1_Approach,0,RightWithPellet,180,271,132,45,0,0,,,,,,,,,,,,,,,,,,,,
2026-07-23 18:46:21,267751.968750,B0DB8AF16E20,0001,male,C57BL/6,1.1.1,FR1_Approach,0,LeftWithPellet,180,272,132,45,0,0,,,,,,,,,,,,,,,,,,,,
2026-07-23 18:46:23,267753.375000,B0DB8AF16E20,0001,male,C57BL/6,1.1.1,FR1_Approach,0,LeftWithPellet,180,273,132,45,0,0,,,,,,,,,,,,,,,,,,,,
2026-07-23 18:46:25,267755.843750,B0DB8AF16E20,0001,male,C57BL/6,1.1.1,FR1_Approach,0,LeftWithPellet,180,274,132,45,0,0,,,,,,,,,,,,,,,,,,,,
2026-07-23 18:46:28,267759.062500,B0DB8AF16E20,0001,male,C57BL/6,1.1.1,FR1_Approach,0,RightWithPellet,180,274,133,45,0,0,,,,,,,,,,,,,,,,,,,,
2026-07-23 18:46:31,267761.406250,B0DB8AF16E20,0001,male,C57BL/6,1.1.1,FR1_Approach,0,RightWithPellet,180,274,134,45,0,0,,,,,,,,,,,,,,,,,,,,
2026-07-23 18:46:32,267762.718750,B0DB8AF16E20,0001,male,C57BL/6,1.1.1,FR1_Approach,0,LeftWithPellet,180,275,134,45,0,0,,,,,,,,,,,,,,,,,,,,
2026-07-23 18:46:35,267765.093750,B0DB8AF16E20,0001,male,C57BL/6,1.1.1,FR1_Approach,0,LeftWithPellet,180,276,134,45,0,0,,,,,,,,,,,,,,,,,,,,
2026-07-23 18:46:37,267767.375000,B0DB8AF16E20,0001,male,C57BL/6,1.1.1,FR1_Approach,0,LeftWithPellet,180,277,134,45,0,0,,,,,,,,,,,,,,,,,,,,
2026-07-23 18:46:39,267769.562500,B0DB8AF16E20,0001,male,C57BL/6,1.1.1,FR1_Approach,0,Left,180,278,134,45,0,0,,,,,,,,,,,,,,,,,,,,
2026-07-23 18:46:42,267772.156250,B0DB8AF16E20,0001,male,C57BL/6,1.1.1,FR1_Approach,0,Approach,180,278,134,45,0,0,,,,,,,,,,,,,,,,,,,,
2026-07-23 18:50:42,268012.718750,B0DB8AF16E20,0001,male,C57BL/6,1.1.1,FR1_Approach,0,Status,180,278,134,45,0,0,,,,,Disabled,24.7,43.9,997.8,16.0,0.000,0.000,247724,339964,181444,56298,3.74,25.68
2026-07-23 18:58:01,268451.937500,B0DB8AF16E20,0001,male,C57BL/6,1.1.1,FR1_Approach,0,Left,180,279,134,45,0,0,,,,,,,,,,,,,,,,,,,,
2026-07-23 18:58:03,268454.312500,B0DB8AF16E20,0001,male,C57BL/6,1.1.1,FR1_Approach,0,Approach,180,279,134,45,0,0,,,,,,,,,,,,,,,,,,,,
2026-07-23 18:58:07,268458.625000,B0DB8AF16E20,0001,male,C57BL/6,1.1.1,FR1_Approach,0,LeftWithPellet,180,280,134,45,0,0,,,,,,,,,,,,,,,,,,,,
2026-07-23 18:58:09,268460.062500,B0DB8AF16E20,0001,male,C57BL/6,1.1.1,FR1_Approach,0,RightWithPellet,180,280,135,45,0,0,,,,,,,,,,,,,,,,,,,,
2026-07-23 18:58:11,268462.031250,B0DB8AF16E20,0001,male,C57BL/6,1.1.1,FR1_Approach,0,RightWithPellet,180,280,136,45,0,0,,,,,,,,,,,,,,,,,,,,
2026-07-23 18:58:13,268464.406250,B0DB8AF16E20,0001,male,C57BL/6,1.1.1,FR1_Approach,0,LeftWithPellet,180,281,136,45,0,0,,,,,,,,,,,,,,,,,,,,
2026-07-23 18:58:14,268465.218750,B0DB8AF16E20,0001,male,C57BL/6,1.1.1,FR1_Approach,0,LeftWithPellet,180,282,136,45,0,0,,,,,,,,,,,,,,,,,,,,
2026-07-23 18:58:15,268466.468750,B0DB8AF16E20,0001,male,C57BL/6,1.1.1,FR1_Approach,0,CenterWithPellet,180,282,136,46,0,0,,,,,,,,,,,,,,,,,,,,
2026-07-23 18:58:17,268467.937500,B0DB8AF16E20,0001,male,C57BL/6,1.1.1,FR1_Approach,0,LeftWithPellet,180,283,136,46,0,0,,,,,,,,,,,,,,,,,,,,
2026-07-23 18:58:19,268470.375000,B0DB8AF16E20,0001,male,C57BL/6,1.1.1,FR1_Approach,0,LeftWithPellet,180,284,136,46,0,0,,,,,,,,,,,,,,,,,,,,
2026-07-23 18:59:24,268535.406250,B0DB8AF16E20,0001,male,C57BL/6,1.1.1,FR1_Approach,0,Left,180,285,136,46,0,0,,,,,,,,,,,,,,,,,,,,
2026-07-23 18:59:26,268537.031250,B0DB8AF16E20,0001,male,C57BL/6,1.1.1,FR1_Approach,0,Approach,180,285,136,46,0,0,,,,,,,,,,,,,,,,,,,,
2026-07-23 18:59:28,268539.812500,B0DB8AF16E20,0001,male,C57BL/6,1.1.1,FR1_Approach,0,PelletDrop,181,285,136,46,0,0,,,,,,,,,,,,,,,,,,,,
2026-07-23 18:59:29,268540.937500,B0DB8AF16E20,0001,male,C57BL/6,1.1.1,FR1_Approach,0,PelletNotDetected,181,285,136,46,0,0,,,,,,,,,,,,,,,,,,,,
2026-07-23 18:59:55,268566.093750,B0DB8AF16E20,0001,male,C57BL/6,1.1.1,FR1_Approach,0,Right,181,285,137,46,0,0,,,,,,,,,,,,,,,,,,,,
2026-07-23 18:59:57,268568.343750,B0DB8AF16E20,0001,male,C57BL/6,1.1.1,FR1_Approach,0,Left,181,286,137,46,0,0,,,,,,,,,,,,,,,,,,,,
2026-07-23 18:59:59,268570.687500,B0DB8AF16E20,0001,male,C57BL/6,1.1.1,FR1_Approach,0,Approach,181,286,137,46,0,0,,,,,,,,,,,,,,,,,,,,
2026-07-23 19:00:04,268575.656250,B0DB8AF16E20,0001,male,C57BL/6,1.1.1,FR1_Approach,0,PelletDrop,182,286,137,46,0,0,,,,,,,,,,,,,,,,,,,,
2026-07-23 19:00:06,268577.875000,B0DB8AF16E20,0001,male,C57BL/6,1.1.1,FR1_Approach,0,PelletTaken,182,286,137,46,0,0,1.687,196.000,0,3,,,,,,,,,,,,,,,,
2026-07-23 19:01:59,268690.343750,B0DB8AF16E20,0001,male,C57BL/6,1.1.1,FR1_Approach,0,Status,182,286,137,46,0,0,,,,,Disabled,24.8,42.9,997.8,15.8,0.000,0.000,247724,339964,181444,56429,3.74,25.25
2026-07-23 19:04:43,268854.718750,B0DB8AF16E20,0001,male,C57BL/6,1.1.1,FR1_Approach,0,Left,182,287,137,46,0,0,,,,,,,,,,,,,,,,,,,,
2026-07-23 19:04:46,268857.437500,B0DB8AF16E20,0001,male,C57BL/6,1.1.1,FR1_Approach,0,No_approach,182,287,137,46,0,0,,,,,,,,,,,,,,,,,,,,
2026-07-23 19:04:51,268862.406250,B0DB8AF16E20,0001,male,C57BL/6,1.1.1,FR1_Approach,0,Left,182,288,137,46,0,0,,,,,,,,,,,,,,,,,,,,
2026-07-23 19:04:53,268864.281250,B0DB8AF16E20,0001,male,C57BL/6,1.1.1,FR1_Approach,0,Approach,182,288,137,46,0,0,,,,,,,,,,,,,,,,,,,,
2026-07-23 19:04:56,268867.062500,B0DB8AF16E20,0001,male,C57BL/6,1.1.1,FR1_Approach,0,PelletDrop,183,288,137,46,0,0,,,,,,,,,,,,,,,,,,,,
2026-07-23 19:04:58,268869.218750,B0DB8AF16E20,0001,male,C57BL/6,1.1.1,FR1_Approach,0,LeftWithPellet,183,289,137,46,0,0,,,,,,,,,,,,,,,,,,,,
2026-07-23 19:05:16,268887.593750,B0DB8AF16E20,0001,male,C57BL/6,1.1.1,FR1_Approach,0,PelletTaken,183,289,137,46,0,0,TimedOut,4.000,0,1,,,,,,,,,,,,,,,,
2026-07-23 19:09:39,269150.812500,B0DB8AF16E20,0001,male,C57BL/6,1.1.1,FR1_Approach,0,Left,183,290,137,46,0,0,,,,,,,,,,,,,,,,,,,,
2026-07-23 19:09:41,269153.187500,B0DB8AF16E20,0001,male,C57BL/6,1.1.1,FR1_Approach,0,Approach,183,290,137,46,0,0,,,,,,,,,,,,,,,,,,,,
2026-07-23 19:09:44,269155.968750,B0DB8AF16E20,0001,male,C57BL/6,1.1.1,FR1_Approach,0,PelletDrop,184,290,137,46,0,0,,,,,,,,,,,,,,,,,,,,
2026-07-23 19:10:05,269176.500000,B0DB8AF16E20,0001,male,C57BL/6,1.1.1,FR1_Approach,0,PelletTaken,184,290,137,46,0,0,TimedOut,22.000,0,1,,,,,,,,,,,,,,,,
2026-07-23 19:11:44,269276.281250,B0DB8AF16E20,0001,male,C57BL/6,1.1.1,FR1_Approach,0,Left,184,291,137,46,0,0,,,,,,,,,,,,,,,,,,,,
2026-07-23 19:11:45,269277.437500,B0DB8AF16E20,0001,male,C57BL/6,1.1.1,FR1_Approach,0,Approach,184,291,137,46,0,0,,,,,,,,,,,,,,,,,,,,
2026-07-23 19:11:46,269278.343750,B0DB8AF16E20,0001,male,C57BL/6,1.1.1,FR1_Approach,0,LeftWithPellet,184,292,137,46,0,0,,,,,,,,,,,,,,,,,,,,
2026-07-23 19:11:49,269281.250000,B0DB8AF16E20,0001,male,C57BL/6,1.1.1,FR1_Approach,0,LeftWithPellet,184,293,137,46,0,0,,,,,,,,,,,,,,,,,,,,
2026-07-23 19:11:51,269282.937500,B0DB8AF16E20,0001,male,C57BL/6,1.1.1,FR1_Approach,0,RightWithPellet,184,293,138,46,0,0,,,,,,,,,,,,,,,,,,,,
2026-07-23 19:13:31,269383.000000,B0DB8AF16E20,0001,male,C57BL/6,1.1.1,FR1_Approach,0,Status,184,293,138,46,0,0,,,,,Disabled,24.9,42.8,997.8,15.8,0.000,0.000,247724,339964,181444,56553,3.74,24.39
2026-07-23 19:16:45,269577.250000,B0DB8AF16E20,0001,male,C57BL/6,1.1.1,FR1_Approach,0,Left,184,294,138,46,0,0,,,,,,,,,,,,,,,,,,,,
2026-07-23 19:16:47,269579.125000,B0DB8AF16E20,0001,male,C57BL/6,1.1.1,FR1_Approach,0,Approach,184,294,138,46,0,0,,,,,,,,,,,,,,,,,,,,
2026-07-23 19:16:54,269586.687500,B0DB8AF16E20,0001,male,C57BL/6,1.1.1,FR1_Approach,0,LeftWithPellet,184,295,138,46,0,0,,,,,,,,,,,,,,,,,,,,
2026-07-23 19:16:56,269588.562500,B0DB8AF16E20,0001,male,C57BL/6,1.1.1,FR1_Approach,0,LeftWithPellet,184,296,138,46,0,0,,,,,,,,,,,,,,,,,,,,
2026-07-23 19:17:01,269593.843750,B0DB8AF16E20,0001,male,C57BL/6,1.1.1,FR1_Approach,0,LeftWithPellet,184,297,138,46,0,0,,,,,,,,,,,,,,,,,,,,
2026-07-23 19:17:06,269598.093750,B0DB8AF16E20,0001,male,C57BL/6,1.1.1,FR1_Approach,0,RightWithPellet,184,297,139,46,0,0,,,,,,,,,,,,,,,,,,,,
2026-07-23 19:17:09,269601.406250,B0DB8AF16E20,0001,male,C57BL/6,1.1.1,FR1_Approach,0,Left,184,298,139,46,0,0,,,,,,,,,,,,,,,,,,,,
2026-07-23 19:17:10,269602.812500,B0DB8AF16E20,0001,male,C57BL/6,1.1.1,FR1_Approach,0,Approach,184,298,139,46,0,0,,,,,,,,,,,,,,,,,,,,
2026-07-23 19:17:14,269606.968750,B0DB8AF16E20,0001,male,C57BL/6,1.1.1,FR1_Approach,0,LeftWithPellet,184,299,139,46,0,0,,,,,,,,,,,,,,,,,,,,
2026-07-23 19:17:23,269615.468750,B0DB8AF16E20,0001,male,C57BL/6,1.1.1,FR1_Approach,0,CenterWithPellet,184,299,139,47,0,0,,,,,,,,,,,,,,,,,,,,
2026-07-23 19:17:25,269617.281250,B0DB8AF16E20,0001,male,C57BL/6,1.1.1,FR1_Approach,0,CenterWithPellet,184,299,139,48,0,0,,,,,,,,,,,,,,,,,,,,
2026-07-23 19:17:26,269618.625000,B0DB8AF16E20,0001,male,C57BL/6,1.1.1,FR1_Approach,0,RightWithPellet,184,299,140,48,0,0,,,,,,,,,,,,,,,,,,,,
2026-07-23 19:17:27,269619.812500,B0DB8AF16E20,0001,male,C57BL/6,1.1.1,FR1_Approach,0,LeftWithPellet,184,300,140,48,0,0,,,,,,,,,,,,,,,,,,,,
2026-07-23 19:17:32,269624.812500,B0DB8AF16E20,0001,male,C57BL/6,1.1.1,FR1_Approach,0,Center,184,300,140,49,0,0,,,,,,,,,,,,,,,,,,,,
2026-07-23 19:17:35,269627.562500,B0DB8AF16E20,0001,male,C57BL/6,1.1.1,FR1_Approach,0,Center,184,300,140,50,0,0,,,,,,,,,,,,,,,,,,,,
2026-07-23 19:17:38,269630.937500,B0DB8AF16E20,0001,male,C57BL/6,1.1.1,FR1_Approach,0,Center,184,300,140,51,0,0,,,,,,,,,,,,,,,,,,,,
2026-07-23 19:17:42,269634.437500,B0DB8AF16E20,0001,male,C57BL/6,1.1.1,FR1_Approach,0,Center,184,300,140,52,0,0,,,,,,,,,,,,,,,,,,,,
2026-07-23 19:17:46,269638.156250,B0DB8AF16E20,0001,male,C57BL/6,1.1.1,FR1_Approach,0,Center,184,300,140,53,0,0,,,,,,,,,,,,,,,,,,,,
2026-07-23 19:17:49,269641.125000,B0DB8AF16E20,0001,male,C57BL/6,1.1.1,FR1_Approach,0,Center,184,300,140,54,0,0,,,,,,,,,,,,,,,,,,,,
2026-07-23 19:17:57,269649.937500,B0DB8AF16E20,0001,male,C57BL/6,1.1.1,FR1_Approach,0,Center,184,300,140,55,0,0,,,,,,,,,,,,,,,,,,,,
2026-07-23 19:18:04,269656.312500,B0DB8AF16E20,0001,male,C57BL/6,1.1.1,FR1_Approach,0,Center,184,300,140,56,0,0,,,,,,,,,,,,,,,,,,,,
2026-07-23 19:24:01,270013.843750,B0DB8AF16E20,0001,male,C57BL/6,1.1.1,FR1_Approach,0,Status,184,300,140,56,0,0,,,,,Disabled,24.7,44.2,997.8,15.9,0.000,0.000,247724,339964,181444,56684,3.74,23.96
2026-07-23 19:26:28,270161.718750,B0DB8AF16E20,0001,male,C57BL/6,1.1.1,FR1_Approach,0,Right,184,300,141,56,0,0,,,,,,,,,,,,,,,,,,,,
2026-07-23 19:26:41,270173.875000,B0DB8AF16E20,0001,male,C57BL/6,1.1.1,FR1_Approach,0,Left,184,301,141,56,0,0,,,,,,,,,,,,,,,,,,,,
2026-07-23 19:26:42,270175.250000,B0DB8AF16E20,0001,male,C57BL/6,1.1.1,FR1_Approach,0,Approach,184,301,141,56,0,0,,,,,,,,,,,,,,,,,,,,
2026-07-23 19:26:45,270178.031250,B0DB8AF16E20,0001,male,C57BL/6,1.1.1,FR1_Approach,0,PelletDrop,185,301,141,56,0,0,,,,,,,,,,,,,,,,,,,,
2026-07-23 19:26:46,270179.187500,B0DB8AF16E20,0001,male,C57BL/6,1.1.1,FR1_Approach,0,LeftWithPellet,185,301,141,56,0,0,,,,,,,,,,,,,,,,,,,,
2026-07-23 19:26:49,270181.843750,B0DB8AF16E20,0001,male,C57BL/6,1.1.1,FR1_Approach,0,PelletTaken,185,301,141,56,0,0,3.269,4.000,0,1,,,,,,,,,,,,,,,,
2026-07-23 19:27:30,270223.031250,B0DB8AF16E20,0001,male,C57BL/6,1.1.1,FR1_Approach,0,Left,185,302,141,56,0,0,,,,,,,,,,,,,,,,,,,,
2026-07-23 19:27:32,270225.625000,B0DB8AF16E20,0001,male,C57BL/6,1.1.1,FR1_Approach,0,Approach,185,302,141,56,0,0,,,,,,,,,,,,,,,,,,,,
2026-07-23 19:27:35,270228.406250,B0DB8AF16E20,0001,male,C57BL/6,1.1.1,FR1_Approach,0,PelletDrop,186,302,141,56,0,0,,,,,,,,,,,,,,,,,,,,
2026-07-23 19:27:36,270229.281250,B0DB8AF16E20,0001,male,C57BL/6,1.1.1,FR1_Approach,0,PelletTaken,186,302,141,56,0,0,0.346,109.000,0,1,,,,,,,,,,,,,,,,
2026-07-23 19:31:04,270437.343750,B0DB8AF16E20,0001,male,C57BL/6,1.1.1,FR1_Approach,0,Left,186,303,141,56,0,0,,,,,,,,,,,,,,,,,,,,
2026-07-23 19:31:05,270438.500000,B0DB8AF16E20,0001,male,C57BL/6,1.1.1,FR1_Approach,0,Approach,186,303,141,56,0,0,,,,,,,,,,,,,,,,,,,,
2026-07-23 19:31:08,270441.281250,B0DB8AF16E20,0001,male,C57BL/6,1.1.1,FR1_Approach,0,PelletDrop,187,303,141,56,0,0,,,,,,,,,,,,,,,,,,,,
2026-07-23 19:31:09,270442.250000,B0DB8AF16E20,0001,male,C57BL/6,1.1.1,FR1_Approach,0,PelletTaken,187,303,141,56,0,0,0.444,60.000,0,1,,,,,,,,,,,,,,,,
2026-07-23 19:32:26,270519.281250,B0DB8AF16E20,0001,male,C57BL/6,1.1.1,FR1_Approach,0,Left,187,304,141,56,0,0,,,,,,,,,,,,,,,,,,,,
2026-07-23 19:32:27,270520.687500,B0DB8AF16E20,0001,male,C57BL/6,1.1.1,FR1_Approach,0,Approach,187,304,141,56,0,0,,,,,,,,,,,,,,,,,,,,
2026-07-23 19:32:30,270523.468750,B0DB8AF16E20,0001,male,C57BL/6,1.1.1,FR1_Approach,0,PelletDrop,188,304,141,56,0,0,,,,,,,,,,,,,,,,,,,,
2026-07-23 19:32:35,270528.625000,B0DB8AF16E20,0001,male,C57BL/6,1.1.1,FR1_Approach,0,LeftWithPellet,188,304,142,56,0,0,,,,,,,,,,,,,,,,,,,,
2026-07-23 19:32:39,270532.218750,B0DB8AF16E20,0001,male,C57BL/6,1.1.1,FR1_Approach,0,LeftWithPellet,188,305,142,56,0,0,,,,,,,,,,,,,,,,,,,,
2026-07-23 19:32:50,270543.968750,B0DB8AF16E20,0001,male,C57BL/6,1.1.1,FR1_Approach,0,PelletTaken,188,305,142,56,0,0,TimedOut,4.000,0,1,,,,,,,,,,,,,,,,
2026-07-23 19:34:34,270647.781250,B0DB8AF16E20,0001,male,C57BL/6,1.1.1,FR1_Approach,0,Status,188,305,142,56,0,0,,,,,Disabled,24.7,44.3,997.8,15.9,0.000,0.000,247724,339964,181444,56815,3.73,23.53
2026-07-23 19:36:53,270786.656250,B0DB8AF16E20,0001,male,C57BL/6,1.1.1,FR1_Approach,0,Right,188,305,143,56,0,0,,,,,,,,,,,,,,,,,,,,
2026-07-23 19:37:06,270799.437500,B0DB8AF16E20,0001,male,C57BL/6,1.1.1,FR1_Approach,0,Left,188,306,143,56,0,0,,,,,,,,,,,,,,,,,,,,
2026-07-23 19:37:07,270800.562500,B0DB8AF16E20,0001,male,C57BL/6,1.1.1,FR1_Approach,0,Approach,188,306,143,56,0,0,,,,,,,,,,,,,,,,,,,,
2026-07-23 19:37:11,270804.500000,B0DB8AF16E20,0001,male,C57BL/6,1.1.1,FR1_Approach,0,LeftWithPellet,188,307,143,56,0,0,,,,,,,,,,,,,,,,,,,,
2026-07-23 19:37:11,270805.312500,B0DB8AF16E20,0001,male,C57BL/6,1.1.1,FR1_Approach,0,CenterWithPellet,188,307,143,57,0,0,,,,,,,,,,,,,,,,,,,,
2026-07-23 19:37:13,270806.750000,B0DB8AF16E20,0001,male,C57BL/6,1.1.1,FR1_Approach,0,RightWithPellet,188,307,144,57,0,0,,,,,,,,,,,,,,,,,,,,
2026-07-23 19:37:14,270808.250000,B0DB8AF16E20,0001,male,C57BL/6,1.1.1,FR1_Approach,0,LeftWithPellet,188,308,144,57,0,0,,,,,,,,,,,,,,,,,,,,
2026-07-23 19:37:16,270809.937500,B0DB8AF16E20,0001,male,C57BL/6,1.1.1,FR1_Approach,0,LeftWithPellet,188,309,144,57,0,0,,,,,,,,,,,,,,,,,,,,
2026-07-23 19:37:18,270812.156250,B0DB8AF16E20,0001,male,C57BL/6,1.1.1,FR1_Approach,0,RightWithPellet,188,309,145,57,0,0,,,,,,,,,,,,,,,,,,,,
2026-07-23 19:37:20,270813.625000,B0DB8AF16E20,0001,male,C57BL/6,1.1.1,FR1_Approach,0,LeftWithPellet,188,310,145,57,0,0,,,,,,,,,,,,,,,,,,,,
2026-07-23 19:37:21,270814.968750,B0DB8AF16E20,0001,male,C57BL/6,1.1.1,FR1_Approach,0,LeftWithPellet,188,311,145,57,0,0,,,,,,,,,,,,,,,,,,,,
2026-07-23 19:37:22,270816.250000,B0DB8AF16E20,0001,male,C57BL/6,1.1.1,FR1_Approach,0,LeftWithPellet,188,312,145,57,0,0,,,,,,,,,,,,,,,,,,,,
2026-07-23 19:37:28,270822.406250,B0DB8AF16E20,0001,male,C57BL/6,1.1.1,FR1_Approach,0,Left,188,313,145,57,0,0,,,,,,,,,,,,,,,,,,,,
2026-07-23 19:37:30,270823.781250,B0DB8AF16E20,0001,male,C57BL/6,1.1.1,FR1_Approach,0,Approach,188,313,145,57,0,0,,,,,,,,,,,,,,,,,,,,
2026-07-23 19:37:33,270826.437500,B0DB8AF16E20,0001,male,C57BL/6,1.1.1,FR1_Approach,0,LeftWithPellet,188,314,145,57,0,0,,,,,,,,,,,,,,,,,,,,
2026-07-23 19:37:33,270827.218750,B0DB8AF16E20,0001,male,C57BL/6,1.1.1,FR1_Approach,0,LeftWithPellet,188,315,145,57,0,0,,,,,,,,,,,,,,,,,,,,
2026-07-23 19:37:36,270829.875000,B0DB8AF16E20,0001,male,C57BL/6,1.1.1,FR1_Approach,0,LeftWithPellet,188,316,145,57,0,0,,,,,,,,,,,,,,,,,,,,
2026-07-23 19:37:38,270832.125000,B0DB8AF16E20,0001,male,C57BL/6,1.1.1,FR1_Approach,0,LeftWithPellet,188,317,145,57,0,0,,,,,,,,,,,,,,,,,,,,
2026-07-23 19:37:40,270833.468750,B0DB8AF16E20,0001,male,C57BL/6,1.1.1,FR1_Approach,0,RightWithPellet,188,317,146,57,0,0,,,,,,,,,,,,,,,,,,,,
2026-07-23 19:37:43,270836.687500,B0DB8AF16E20,0001,male,C57BL/6,1.1.1,FR1_Approach,0,CenterWithPellet,188,317,146,58,0,0,,,,,,,,,,,,,,,,,,,,
2026-07-23 19:37:44,270837.468750,B0DB8AF16E20,0001,male,C57BL/6,1.1.1,FR1_Approach,0,LeftWithPellet,188,318,146,58,0,0,,,,,,,,,,,,,,,,,,,,
2026-07-23 19:37:48,270841.781250,B0DB8AF16E20,0001,male,C57BL/6,1.1.1,FR1_Approach,0,LeftWithPellet,188,319,146,58,0,0,,,,,,,,,,,,,,,,,,,,
2026-07-23 19:45:05,271279.687500,B0DB8AF16E20,0001,male,C57BL/6,1.1.1,FR1_Approach,0,Status,188,319,146,58,0,0,,,,,Disabled,24.6,44.5,997.8,16.0,0.000,0.000,247724,339964,181444,56945,3.73,23.10
2026-07-23 19:53:14,271768.750000,B0DB8AF16E20,0001,male,C57BL/6,1.1.1,FR1_Approach,0,Left,188,320,146,58,0,0,,,,,,,,,,,,,,,,,,,,
2026-07-23 19:53:15,271770.125000,B0DB8AF16E20,0001,male,C57BL/6,1.1.1,FR1_Approach,0,Approach,188,320,146,58,0,0,,,,,,,,,,,,,,,,,,,,
2026-07-23 19:53:20,271774.531250,B0DB8AF16E20,0001,male,C57BL/6,1.1.1,FR1_Approach,0,LeftWithPellet,188,321,146,58,0,0,,,,,,,,,,,,,,,,,,,,
2026-07-23 19:53:23,271777.593750,B0DB8AF16E20,0001,male,C57BL/6,1.1.1,FR1_Approach,0,RightWithPellet,188,321,147,58,0,0,,,,,,,,,,,,,,,,,,,,
2026-07-23 19:53:26,271781.343750,B0DB8AF16E20,0001,male,C57BL/6,1.1.1,FR1_Approach,0,LeftWithPellet,188,322,147,58,0,0,,,,,,,,,,,,,,,,,,,,
2026-07-23 19:53:28,271782.968750,B0DB8AF16E20,0001,male,C57BL/6,1.1.1,FR1_Approach,0,RightWithPellet,188,322,148,58,0,0,,,,,,,,,,,,,,,,,,,,
2026-07-23 19:53:30,271785.281250,B0DB8AF16E20,0001,male,C57BL/6,1.1.1,FR1_Approach,0,LeftWithPellet,188,323,148,58,0,0,,,,,,,,,,,,,,,,,,,,
2026-07-23 19:53:31,271786.156250,B0DB8AF16E20,0001,male,C57BL/6,1.1.1,FR1_Approach,0,LeftWithPellet,188,324,148,58,0,0,,,,,,,,,,,,,,,,,,,,
2026-07-23 19:53:34,271789.000000,B0DB8AF16E20,0001,male,C57BL/6,1.1.1,FR1_Approach,0,CenterWithPellet,188,324,148,59,0,0,,,,,,,,,,,,,,,,,,,,
2026-07-23 19:53:35,271790.156250,B0DB8AF16E20,0001,male,C57BL/6,1.1.1,FR1_Approach,0,LeftWithPellet,188,325,148,59,0,0,,,,,,,,,,,,,,,,,,,,
2026-07-23 19:53:59,271813.937500,B0DB8AF16E20,0001,male,C57BL/6,1.1.1,FR1_Approach,0,Center,188,325,148,60,0,0,,,,,,,,,,,,,,,,,,,,
2026-07-23 19:54:43,271858.531250,B0DB8AF16E20,0001,male,C57BL/6,1.1.1,FR1_Approach,0,Left,188,326,148,60,0,0,,,,,,,,,,,,,,,,,,,,
2026-07-23 19:54:45,271859.656250,B0DB8AF16E20,0001,male,C57BL/6,1.1.1,FR1_Approach,0,Approach,188,326,148,60,0,0,,,,,,,,,,,,,,,,,,,,
2026-07-23 19:54:47,271862.437500,B0DB8AF16E20,0001,male,C57BL/6,1.1.1,FR1_Approach,0,PelletDrop,189,326,148,60,0,0,,,,,,,,,,,,,,,,,,,,
2026-07-23 19:54:49,271863.906250,B0DB8AF16E20,0001,male,C57BL/6,1.1.1,FR1_Approach,0,PelletTaken,189,326,148,60,0,0,0.918,61.000,0,1,,,,,,,,,,,,,,,,
2026-07-23 19:56:29,271963.906250,B0DB8AF16E20,0001,male,C57BL/6,1.1.1,FR1_Approach,0,Status,189,326,148,60,0,0,,,,,Disabled,24.7,43.0,997.8,15.8,0.000,0.000,247724,339964,181444,57078,3.73,22.67
2026-07-23 19:56:45,271979.781250,B0DB8AF16E20,0001,male,C57BL/6,1.1.1,FR1_Approach,0,Left,189,327,148,60,0,0,,,,,,,,,,,,,,,,,,,,
2026-07-23 19:56:46,271980.906250,B0DB8AF16E20,0001,male,C57BL/6,1.1.1,FR1_Approach,0,Approach,189,327,148,60,0,0,,,,,,,,,,,,,,,,,,,,
2026-07-23 19:56:49,271983.718750,B0DB8AF16E20,0001,male,C57BL/6,1.1.1,FR1_Approach,0,PelletDrop,190,327,148,60,0,0,,,,,,,,,,,,,,,,,,,,
2026-07-23 19:56:50,271984.843750,B0DB8AF16E20,0001,male,C57BL/6,1.1.1,FR1_Approach,0,PelletNotDetected,190,327,148,60,0,0,,,,,,,,,,,,,,,,,,,,
2026-07-23 20:07:47,272642.687500,B0DB8AF16E20,0001,male,C57BL/6,1.1.1,FR1_Approach,0,Status,190,327,148,60,0,0,,,,,Disabled,24.8,43.5,997.9,15.7,0.000,0.000,247724,339964,181444,57214,3.73,22.24
2026-07-23 20:07:50,272645.562500,B0DB8AF16E20,0001,male,C57BL/6,1.1.1,FR1_Approach,0,Left,190,328,148,60,0,0,,,,,,,,,,,,,,,,,,,,
2026-07-23 20:07:52,272647.437500,B0DB8AF16E20,0001,male,C57BL/6,1.1.1,FR1_Approach,0,Approach,190,328,148,60,0,0,,,,,,,,,,,,,,,,,,,,
2026-07-23 20:07:54,272650.156250,B0DB8AF16E20,0001,male,C57BL/6,1.1.1,FR1_Approach,0,PelletDrop,191,328,148,60,0,0,,,,,,,,,,,,,,,,,,,,
2026-07-23 20:07:56,272651.281250,B0DB8AF16E20,0001,male,C57BL/6,1.1.1,FR1_Approach,0,PelletNotDetected,191,328,148,60,0,0,,,,,,,,,,,,,,,,,,,,
2026-07-23 20:08:35,272690.812500,B0DB8AF16E20,0001,male,C57BL/6,1.1.1,FR1_Approach,0,Right,191,328,149,60,0,0,,,,,,,,,,,,,,,,,,,,
2026-07-23 20:08:46,272701.625000,B0DB8AF16E20,0001,male,C57BL/6,1.1.1,FR1_Approach,0,Left,191,329,149,60,0,0,,,,,,,,,,,,,,,,,,,,
2026-07-23 20:08:47,272703.000000,B0DB8AF16E20,0001,male,C57BL/6,1.1.1,FR1_Approach,0,Approach,191,329,149,60,0,0,,,,,,,,,,,,,,,,,,,,
2026-07-23 20:08:50,272705.718750,B0DB8AF16E20,0001,male,C57BL/6,1.1.1,FR1_Approach,0,PelletDrop,192,329,149,60,0,0,,,,,,,,,,,,,,,,,,,,
2026-07-23 20:08:51,272706.437500,B0DB8AF16E20,0001,male,C57BL/6,1.1.1,FR1_Approach,0,PelletTaken,192,329,149,60,0,0,0.180,176.000,0,3,,,,,,,,,,,,,,,,
2026-07-23 20:09:13,272729.250000,B0DB8AF16E20,0001,male,C57BL/6,1.1.1,FR1_Approach,0,Right,192,329,150,60,0,0,,,,,,,,,,,,,,,,,,,,
2026-07-23 20:09:16,272731.593750,B0DB8AF16E20,0001,male,C57BL/6,1.1.1,FR1_Approach,0,Center,192,329,150,61,0,0,,,,,,,,,,,,,,,,,,,,
2026-07-23 20:09:22,272737.437500,B0DB8AF16E20,0001,male,C57BL/6,1.1.1,FR1_Approach,0,Left,192,330,150,61,0,0,,,,,,,,,,,,,,,,,,,,
2026-07-23 20:09:23,272738.562500,B0DB8AF16E20,0001,male,C57BL/6,1.1.1,FR1_Approach,0,Approach,192,330,150,61,0,0,,,,,,,,,,,,,,,,,,,,
2026-07-23 20:09:25,272741.343750,B0DB8AF16E20,0001,male,C57BL/6,1.1.1,FR1_Approach,0,PelletDrop,193,330,150,61,0,0,,,,,,,,,,,,,,,,,,,,
2026-07-23 20:09:26,272742.312500,B0DB8AF16E20,0001,male,C57BL/6,1.1.1,FR1_Approach,0,PelletTaken,193,330,150,61,0,0,0.433,79.000,0,1,,,,,,,,,,,,,,,,
2026-07-23 20:09:46,272761.468750,B0DB8AF16E20,0001,male,C57BL/6,1.1.1,FR1_Approach,0,Left,193,331,150,61,0,0,,,,,,,,,,,,,,,,,,,,
2026-07-23 20:09:47,272762.593750,B0DB8AF16E20,0001,male,C57BL/6,1.1.1,FR1_Approach,0,Approach,193,331,150,61,0,0,,,,,,,,,,,,,,,,,,,,
2026-07-23 20:09:49,272765.375000,B0DB8AF16E20,0001,male,C57BL/6,1.1.1,FR1_Approach,0,PelletDrop,194,331,150,61,0,0,,,,,,,,,,,,,,,,,,,,
2026-07-23 20:09:50,272766.125000,B0DB8AF16E20,0001,male,C57BL/6,1.1.1,FR1_Approach,0,PelletTaken,194,331,150,61,0,0,0.214,80.000,0,1,,,,,,,,,,,,,,,,
2026-07-23 20:11:18,272854.437500,B0DB8AF16E20,0001,male,C57BL/6,1.1.1,FR1_Approach,0,Left,194,332,150,61,0,0,,,,,,,,,,,,,,,,,,,,
2026-07-23 20:11:20,272855.562500,B0DB8AF16E20,0001,male,C57BL/6,1.1.1,FR1_Approach,0,Approach,194,332,150,61,0,0,,,,,,,,,,,,,,,,,,,,
2026-07-23 20:11:22,272858.343750,B0DB8AF16E20,0001,male,C57BL/6,1.1.1,FR1_Approach,0,PelletDrop,195,332,150,61,0,0,,,,,,,,,,,,,,,,,,,,
2026-07-23 20:11:23,272859.000000,B0DB8AF16E20,0001,male,C57BL/6,1.1.1,FR1_Approach,0,PelletTaken,195,332,150,61,0,0,0.104,71.000,0,1,,,,,,,,,,,,,,,,
2026-07-23 20:15:35,273111.062500,B0DB8AF16E20,0001,male,C57BL/6,1.1.1,FR1_Approach,0,Right,195,332,151,61,0,0,,,,,,,,,,,,,,,,,,,,
2026-07-23 20:15:41,273117.656250,B0DB8AF16E20,0001,male,C57BL/6,1.1.1,FR1_Approach,0,Left,195,333,151,61,0,0,,,,,,,,,,,,,,,,,,,,
2026-07-23 20:15:44,273120.375000,B0DB8AF16E20,0001,male,C57BL/6,1.1.1,FR1_Approach,0,No_approach,195,333,151,61,0,0,,,,,,,,,,,,,,,,,,,,
2026-07-23 20:15:55,273131.031250,B0DB8AF16E20,0001,male,C57BL/6,1.1.1,FR1_Approach,0,Left,195,334,151,61,0,0,,,,,,,,,,,,,,,,,,,,
2026-07-23 20:15:58,273133.843750,B0DB8AF16E20,0001,male,C57BL/6,1.1.1,FR1_Approach,0,Approach,195,334,151,61,0,0,,,,,,,,,,,,,,,,,,,,
2026-07-23 20:16:03,273138.843750,B0DB8AF16E20,0001,male,C57BL/6,1.1.1,FR1_Approach,0,PelletDrop,196,334,151,61,0,0,,,,,,,,,,,,,,,,,,,,
2026-07-23 20:16:10,273145.906250,B0DB8AF16E20,0001,male,C57BL/6,1.1.1,FR1_Approach,0,PelletTaken,196,334,151,61,0,0,6.505,109.000,0,2,,,,,,,,,,,,,,,,
2026-07-23 20:18:20,273275.968750,B0DB8AF16E20,0001,male,C57BL/6,1.1.1,FR1_Approach,0,Status,196,334,151,61,0,0,,,,,Disabled,24.7,44.2,997.9,15.9,0.000,0.000,247724,339964,181444,57347,3.73,21.38
2026-07-23 20:21:45,273481.187500,B0DB8AF16E20,0001,male,C57BL/6,1.1.1,FR1_Approach,0,Left,196,335,151,61,0,0,,,,,,,,,,,,,,,,,,,,
2026-07-23 20:21:46,273482.562500,B0DB8AF16E20,0001,male,C57BL/6,1.1.1,FR1_Approach,0,Approach,196,335,151,61,0,0,,,,,,,,,,,,,,,,,,,,
2026-07-23 20:21:49,273485.375000,B0DB8AF16E20,0001,male,C57BL/6,1.1.1,FR1_Approach,0,PelletDrop,197,335,151,61,0,0,,,,,,,,,,,,,,,,,,,,
2026-07-23 20:21:49,273486.125000,B0DB8AF16E20,0001,male,C57BL/6,1.1.1,FR1_Approach,0,PelletTaken,197,335,151,61,0,0,0.225,31.000,0,1,,,,,,,,,,,,,,,,
2026-07-23 20:24:20,273637.187500,B0DB8AF16E20,0001,male,C57BL/6,1.1.1,FR1_Approach,0,Left,197,336,151,61,0,0,,,,,,,,,,,,,,,,,,,,
2026-07-23 20:24:21,273638.312500,B0DB8AF16E20,0001,male,C57BL/6,1.1.1,FR1_Approach,0,Approach,197,336,151,61,0,0,,,,,,,,,,,,,,,,,,,,
2026-07-23 20:24:24,273641.125000,B0DB8AF16E20,0001,male,C57BL/6,1.1.1,FR1_Approach,0,PelletDrop,198,336,151,61,0,0,,,,,,,,,,,,,,,,,,,,
2026-07-23 20:24:25,273642.250000,B0DB8AF16E20,0001,male,C57BL/6,1.1.1,FR1_Approach,0,PelletNotDetected,198,336,151,61,0,0,,,,,,,,,,,,,,,,,,,,
2026-07-23 20:25:13,273689.656250,B0DB8AF16E20,0001,male,C57BL/6,1.1.1,FR1_Approach,0,Left,198,337,151,61,0,0,,,,,,,,,,,,,,,,,,,,
2026-07-23 20:25:15,273692.375000,B0DB8AF16E20,0001,male,C57BL/6,1.1.1,FR1_Approach,0,No_approach,198,337,151,61,0,0,,,,,,,,,,,,,,,,,,,,
2026-07-23 20:25:18,273695.125000,B0DB8AF16E20,0001,male,C57BL/6,1.1.1,FR1_Approach,0,Right,198,337,152,61,0,0,,,,,,,,,,,,,,,,,,,,
2026-07-23 20:25:22,273698.812500,B0DB8AF16E20,0001,male,C57BL/6,1.1.1,FR1_Approach,0,Center,198,337,152,62,0,0,,,,,,,,,,,,,,,,,,,,
2026-07-23 20:25:26,273703.406250,B0DB8AF16E20,0001,male,C57BL/6,1.1.1,FR1_Approach,0,Right,198,337,153,62,0,0,,,,,,,,,,,,,,,,,,,,
2026-07-23 20:25:28,273705.156250,B0DB8AF16E20,0001,male,C57BL/6,1.1.1,FR1_Approach,0,Right,198,337,154,62,0,0,,,,,,,,,,,,,,,,,,,,
2026-07-23 20:25:31,273707.625000,B0DB8AF16E20,0001,male,C57BL/6,1.1.1,FR1_Approach,0,Left,198,338,154,62,0,0,,,,,,,,,,,,,,,,,,,,
2026-07-23 20:25:32,273708.750000,B0DB8AF16E20,0001,male,C57BL/6,1.1.1,FR1_Approach,0,Approach,198,338,154,62,0,0,,,,,,,,,,,,,,,,,,,,
2026-07-23 20:25:35,273712.000000,B0DB8AF16E20,0001,male,C57BL/6,1.1.1,FR1_Approach,0,PelletDrop,199,338,154,62,0,0,,,,,,,,,,,,,,,,,,,,
2026-07-23 20:25:37,273713.625000,B0DB8AF16E20,0001,male,C57BL/6,1.1.1,FR1_Approach,0,PelletTaken,199,338,154,62,0,0,1.105,80.000,0,2,,,,,,,,,,,,,,,,
2026-07-23 20:25:54,273731.062500,B0DB8AF16E20,0001,male,C57BL/6,1.1.1,FR1_Approach,0,Left,199,339,154,62,0,0,,,,,,,,,,,,,,,,,,,,
2026-07-23 20:25:56,273732.687500,B0DB8AF16E20,0001,male,C57BL/6,1.1.1,FR1_Approach,0,Approach,199,339,154,62,0,0,,,,,,,,,,,,,,,,,,,,
2026-07-23 20:25:58,273735.406250,B0DB8AF16E20,0001,male,C57BL/6,1.1.1,FR1_Approach,0,PelletDrop,200,339,154,62,0,0,,,,,,,,,,,,,,,,,,,,
2026-07-23 20:25:59,273736.281250,B0DB8AF16E20,0001,male,C57BL/6,1.1.1,FR1_Approach,0,LeftWithPellet,200,339,154,62,0,0,,,,,,,,,,,,,,,,,,,,
2026-07-23 20:26:01,273738.187500,B0DB8AF16E20,0001,male,C57BL/6,1.1.1,FR1_Approach,0,PelletTaken,200,339,154,62,0,0,2.224,4.000,0,1,,,,,,,,,,,,,,,,
2026-07-23 20:26:05,273742.406250,B0DB8AF16E20,0001,male,C57BL/6,1.1.1,FR1_Approach,0,Left,200,340,154,62,0,0,,,,,,,,,,,,,,,,,,,,
2026-07-23 20:26:08,273745.000000,B0DB8AF16E20,0001,male,C57BL/6,1.1.1,FR1_Approach,0,Approach,200,340,154,62,0,0,,,,,,,,,,,,,,,,,,,,
2026-07-23 20:26:10,273746.687500,B0DB8AF16E20,0001,male,C57BL/6,1.1.1,FR1_Approach,0,PelletDrop,201,340,154,62,0,0,,,,,,,,,,,,,,,,,,,,
2026-07-23 20:26:11,273747.937500,B0DB8AF16E20,0001,male,C57BL/6,1.1.1,FR1_Approach,0,LeftWithPellet,201,341,154,62,0,0,,,,,,,,,,,,,,,,,,,,
2026-07-23 20:26:12,273748.812500,B0DB8AF16E20,0001,male,C57BL/6,1.1.1,FR1_Approach,0,LeftWithPellet,201,342,154,62,0,0,,,,,,,,,,,,,,,,,,,,
2026-07-23 20:26:18,273755.000000,B0DB8AF16E20,0001,male,C57BL/6,1.1.1,FR1_Approach,0,RightWithPellet,201,342,155,62,0,0,,,,,,,,,,,,,,,,,,,,
2026-07-23 20:26:20,273756.562500,B0DB8AF16E20,0001,male,C57BL/6,1.1.1,FR1_Approach,0,RightWithPellet,201,342,156,62,0,0,,,,,,,,,,,,,,,,,,,,
2026-07-23 20:26:22,273758.906250,B0DB8AF16E20,0001,male,C57BL/6,1.1.1,FR1_Approach,0,RightWithPellet,201,342,157,62,0,0,,,,,,,,,,,,,,,,,,,,
2026-07-23 20:26:23,273760.125000,B0DB8AF16E20,0001,male,C57BL/6,1.1.1,FR1_Approach,0,LeftWithPellet,201,343,157,62,0,0,,,,,,,,,,,,,,,,,,,,
2026-07-23 20:26:26,273762.937500,B0DB8AF16E20,0001,male,C57BL/6,1.1.1,FR1_Approach,0,LeftWithPellet,201,344,157,62,0,0,,,,,,,,,,,,,,,,,,,,
2026-07-23 20:26:27,273763.687500,B0DB8AF16E20,0001,male,C57BL/6,1.1.1,FR1_Approach,0,LeftWithPellet,201,345,157,62,0,0,,,,,,,,,,,,,,,,,,,,
2026-07-23 20:26:29,273766.281250,B0DB8AF16E20,0001,male,C57BL/6,1.1.1,FR1_Approach,0,LeftWithPellet,201,346,157,62,0,0,,,,,,,,,,,,,,,,,,,,
2026-07-23 20:26:30,273767.218750,B0DB8AF16E20,0001,male,C57BL/6,1.1.1,FR1_Approach,0,PelletTaken,201,346,157,62,0,0,TimedOut,41.000,0,0,,,,,,,,,,,,,,,,
2026-07-23 20:29:49,273966.093750,B0DB8AF16E20,0001,male,C57BL/6,1.1.1,FR1_Approach,0,Status,201,346,157,62,0,0,,,,,Disabled,24.9,42.9,997.9,15.8,0.000,0.000,247724,339964,181444,57475,3.73,20.95
2026-07-23 20:38:42,274500.031250,B0DB8AF16E20,0001,male,C57BL/6,1.1.1,FR1_Approach,0,Left,201,347,157,62,0,0,,,,,,,,,,,,,,,,,,,,
2026-07-23 20:38:43,274501.156250,B0DB8AF16E20,0001,male,C57BL/6,1.1.1,FR1_Approach,0,Approach,201,347,157,62,0,0,,,,,,,,,,,,,,,,,,,,
2026-07-23 20:38:48,274506.250000,B0DB8AF16E20,0001,male,C57BL/6,1.1.1,FR1_Approach,0,LeftWithPellet,201,348,157,62,0,0,,,,,,,,,,,,,,,,,,,,
2026-07-23 20:38:51,274508.593750,B0DB8AF16E20,0001,male,C57BL/6,1.1.1,FR1_Approach,0,LeftWithPellet,201,349,157,62,0,0,,,,,,,,,,,,,,,,,,,,
2026-07-23 20:38:55,274512.968750,B0DB8AF16E20,0001,male,C57BL/6,1.1.1,FR1_Approach,0,LeftWithPellet,201,350,157,62,0,0,,,,,,,,,,,,,,,,,,,,
2026-07-23 20:38:56,274513.781250,B0DB8AF16E20,0001,male,C57BL/6,1.1.1,FR1_Approach,0,LeftWithPellet,201,351,157,62,0,0,,,,,,,,,,,,,,,,,,,,
2026-07-23 20:38:58,274515.687500,B0DB8AF16E20,0001,male,C57BL/6,1.1.1,FR1_Approach,0,RightWithPellet,201,351,158,62,0,0,,,,,,,,,,,,,,,,,,,,
2026-07-23 20:38:58,274516.468750,B0DB8AF16E20,0001,male,C57BL/6,1.1.1,FR1_Approach,0,RightWithPellet,201,351,159,62,0,0,,,,,,,,,,,,,,,,,,,,
2026-07-23 20:39:02,274520.531250,B0DB8AF16E20,0001,male,C57BL/6,1.1.1,FR1_Approach,0,LeftWithPellet,201,352,159,62,0,0,,,,,,,,,,,,,,,,,,,,
2026-07-23 20:39:03,274521.281250,B0DB8AF16E20,0001,male,C57BL/6,1.1.1,FR1_Approach,0,LeftWithPellet,201,353,159,62,0,0,,,,,,,,,,,,,,,,,,,,
2026-07-23 20:39:06,274524.125000,B0DB8AF16E20,0001,male,C57BL/6,1.1.1,FR1_Approach,0,Left,201,354,159,62,0,0,,,,,,,,,,,,,,,,,,,,
2026-07-23 20:39:07,274525.531250,B0DB8AF16E20,0001,male,C57BL/6,1.1.1,FR1_Approach,0,Approach,201,354,159,62,0,0,,,,,,,,,,,,,,,,,,,,
2026-07-23 20:39:10,274527.718750,B0DB8AF16E20,0001,male,C57BL/6,1.1.1,FR1_Approach,0,LeftWithPellet,201,355,159,62,0,0,,,,,,,,,,,,,,,,,,,,
2026-07-23 20:39:13,274530.781250,B0DB8AF16E20,0001,male,C57BL/6,1.1.1,FR1_Approach,0,RightWithPellet,201,355,160,62,0,0,,,,,,,,,,,,,,,,,,,,
2026-07-23 20:39:16,274534.093750,B0DB8AF16E20,0001,male,C57BL/6,1.1.1,FR1_Approach,0,LeftWithPellet,201,356,160,62,0,0,,,,,,,,,,,,,,,,,,,,
2026-07-23 20:39:19,274537.156250,B0DB8AF16E20,0001,male,C57BL/6,1.1.1,FR1_Approach,0,LeftWithPellet,201,357,160,62,0,0,,,,,,,,,,,,,,,,,,,,
2026-07-23 20:39:21,274538.812500,B0DB8AF16E20,0001,male,C57BL/6,1.1.1,FR1_Approach,0,RightWithPellet,201,357,161,62,0,0,,,,,,,,,,,,,,,,,,,,
2026-07-23 20:39:22,274540.093750,B0DB8AF16E20,0001,male,C57BL/6,1.1.1,FR1_Approach,0,CenterWithPellet,201,357,161,63,0,0,,,,,,,,,,,,,,,,,,,,
2026-07-23 20:39:23,274541.312500,B0DB8AF16E20,0001,male,C57BL/6,1.1.1,FR1_Approach,0,LeftWithPellet,201,358,161,63,0,0,,,,,,,,,,,,,,,,,,,,
2026-07-23 20:39:26,274543.875000,B0DB8AF16E20,0001,male,C57BL/6,1.1.1,FR1_Approach,0,RightWithPellet,201,358,162,63,0,0,,,,,,,,,,,,,,,,,,,,
2026-07-23 20:39:27,274545.187500,B0DB8AF16E20,0001,male,C57BL/6,1.1.1,FR1_Approach,0,RightWithPellet,201,358,163,63,0,0,,,,,,,,,,,,,,,,,,,,
2026-07-23 20:39:29,274547.218750,B0DB8AF16E20,0001,male,C57BL/6,1.1.1,FR1_Approach,0,Center,201,358,163,64,0,0,,,,,,,,,,,,,,,,,,,,
2026-07-23 20:39:31,274549.187500,B0DB8AF16E20,0001,male,C57BL/6,1.1.1,FR1_Approach,0,Center,201,358,163,65,0,0,,,,,,,,,,,,,,,,,,,,
2026-07-23 20:39:35,274552.937500,B0DB8AF16E20,0001,male,C57BL/6,1.1.1,FR1_Approach,0,Center,201,358,163,66,0,0,,,,,,,,,,,,,,,,,,,,
2026-07-23 20:40:19,274596.781250,B0DB8AF16E20,0001,male,C57BL/6,1.1.1,FR1_Approach,0,Status,201,358,163,66,0,0,,,,,Disabled,24.8,43.7,998.0,15.9,0.000,0.000,247724,339964,181444,57604,3.73,20.52
2026-07-23 20:51:51,275289.562500,B0DB8AF16E20,0001,male,C57BL/6,1.1.1,FR1_Approach,0,Status,201,358,163,66,0,0,,,,,Disabled,24.9,43.0,998.0,15.8,0.000,0.000,247724,339964,181444,57741,3.73,20.09
2026-07-23 20:53:06,275364.375000,B0DB8AF16E20,0001,male,C57BL/6,1.1.1,FR1_Approach,0,Left,201,359,163,66,0,0,,,,,,,,,,,,,,,,,,,,
2026-07-23 20:53:08,275366.500000,B0DB8AF16E20,0001,male,C57BL/6,1.1.1,FR1_Approach,0,Approach,201,359,163,66,0,0,,,,,,,,,,,,,,,,,,,,
2026-07-23 20:53:10,275369.281250,B0DB8AF16E20,0001,male,C57BL/6,1.1.1,FR1_Approach,0,PelletDrop,202,359,163,66,0,0,,,,,,,,,,,,,,,,,,,,
2026-07-23 20:53:12,275370.406250,B0DB8AF16E20,0001,male,C57BL/6,1.1.1,FR1_Approach,0,PelletNotDetected,202,359,163,66,0,0,,,,,,,,,,,,,,,,,,,,
2026-07-23 20:54:20,275438.843750,B0DB8AF16E20,0001,male,C57BL/6,1.1.1,FR1_Approach,0,Left,202,360,163,66,0,0,,,,,,,,,,,,,,,,,,,,
2026-07-23 20:54:23,275441.562500,B0DB8AF16E20,0001,male,C57BL/6,1.1.1,FR1_Approach,0,No_approach,202,360,163,66,0,0,,,,,,,,,,,,,,,,,,,,
2026-07-23 20:54:24,275442.718750,B0DB8AF16E20,0001,male,C57BL/6,1.1.1,FR1_Approach,0,Right,202,360,164,66,0,0,,,,,,,,,,,,,,,,,,,,
2026-07-23 20:54:28,275447.218750,B0DB8AF16E20,0001,male,C57BL/6,1.1.1,FR1_Approach,0,Left,202,361,164,66,0,0,,,,,,,,,,,,,,,,,,,,
2026-07-23 20:54:31,275449.562500,B0DB8AF16E20,0001,male,C57BL/6,1.1.1,FR1_Approach,0,Approach,202,361,164,66,0,0,,,,,,,,,,,,,,,,,,,,
2026-07-23 20:54:33,275452.312500,B0DB8AF16E20,0001,male,C57BL/6,1.1.1,FR1_Approach,0,PelletDrop,203,361,164,66,0,0,,,,,,,,,,,,,,,,,,,,
2026-07-23 20:54:37,275455.875000,B0DB8AF16E20,0001,male,C57BL/6,1.1.1,FR1_Approach,0,LeftWithPellet,203,362,164,66,0,0,,,,,,,,,,,,,,,,,,,,
2026-07-23 20:54:38,275457.062500,B0DB8AF16E20,0001,male,C57BL/6,1.1.1,FR1_Approach,0,LeftWithPellet,203,363,164,66,0,0,,,,,,,,,,,,,,,,,,,,
2026-07-23 20:54:42,275461.375000,B0DB8AF16E20,0001,male,C57BL/6,1.1.1,FR1_Approach,0,RightWithPellet,203,363,165,66,0,0,,,,,,,,,,,,,,,,,,,,
2026-07-23 20:54:54,275472.812500,B0DB8AF16E20,0001,male,C57BL/6,1.1.1,FR1_Approach,0,PelletTaken,203,363,165,66,0,0,TimedOut,3.000,0,2,,,,,,,,,,,,,,,,
2026-07-23 20:58:56,275714.843750,B0DB8AF16E20,0001,male,C57BL/6,1.1.1,FR1_Approach,0,Left,203,364,165,66,0,0,,,,,,,,,,,,,,,,,,,,
2026-07-23 20:58:58,275717.562500,B0DB8AF16E20,0001,male,C57BL/6,1.1.1,FR1_Approach,0,No_approach,203,364,165,66,0,0,,,,,,,,,,,,,,,,,,,,
2026-07-23 20:59:03,275721.937500,B0DB8AF16E20,0001,male,C57BL/6,1.1.1,FR1_Approach,0,Right,203,364,166,66,0,0,,,,,,,,,,,,,,,,,,,,
2026-07-23 20:59:15,275733.968750,B0DB8AF16E20,0001,male,C57BL/6,1.1.1,FR1_Approach,0,Left,203,365,166,66,0,0,,,,,,,,,,,,,,,,,,,,
2026-07-23 20:59:16,275735.562500,B0DB8AF16E20,0001,male,C57BL/6,1.1.1,FR1_Approach,0,Approach,203,365,166,66,0,0,,,,,,,,,,,,,,,,,,,,
2026-07-23 20:59:28,275747.593750,B0DB8AF16E20,0001,male,C57BL/6,1.1.1,FR1_Approach,0,LeftWithPellet,203,365,166,67,0,0,,,,,,,,,,,,,,,,,,,,
2026-07-23 20:59:32,275751.156250,B0DB8AF16E20,0001,male,C57BL/6,1.1.1,FR1_Approach,0,RightWithPellet,203,365,167,67,0,0,,,,,,,,,,,,,,,,,,,,
2026-07-23 20:59:33,275752.437500,B0DB8AF16E20,0001,male,C57BL/6,1.1.1,FR1_Approach,0,CenterWithPellet,203,365,167,68,0,0,,,,,,,,,,,,,,,,,,,,
2026-07-23 21:03:14,275973.156250,B0DB8AF16E20,0001,male,C57BL/6,1.1.1,FR1_Approach,0,Status,203,365,167,68,0,0,,,,,Disabled,25.0,43.1,998.1,15.7,0.000,0.000,247724,339964,181444,57866,3.73,19.57
2026-07-23 21:06:58,276197.031250,B0DB8AF16E20,0001,male,C57BL/6,1.1.1,FR1_Approach,0,Left,203,366,167,68,0,0,,,,,,,,,,,,,,,,,,,,
2026-07-23 21:06:59,276198.656250,B0DB8AF16E20,0001,male,C57BL/6,1.1.1,FR1_Approach,0,Approach,203,366,167,68,0,0,,,,,,,,,,,,,,,,,,,,
2026-07-23 21:07:04,276203.656250,B0DB8AF16E20,0001,male,C57BL/6,1.1.1,FR1_Approach,0,PelletDrop,204,366,167,68,0,0,,,,,,,,,,,,,,,,,,,,
2026-07-23 21:07:11,276210.750000,B0DB8AF16E20,0001,male,C57BL/6,1.1.1,FR1_Approach,0,PelletTaken,204,366,167,68,0,0,6.539,236.000,0,2,,,,,,,,,,,,,,,,
2026-07-23 21:08:01,276260.375000,B0DB8AF16E20,0001,male,C57BL/6,1.1.1,FR1_Approach,0,Right,204,366,168,68,0,0,,,,,,,,,,,,,,,,,,,,
2026-07-23 21:08:08,276267.531250,B0DB8AF16E20,0001,male,C57BL/6,1.1.1,FR1_Approach,0,Left,204,367,168,68,0,0,,,,,,,,,,,,,,,,,,,,
2026-07-23 21:08:09,276268.656250,B0DB8AF16E20,0001,male,C57BL/6,1.1.1,FR1_Approach,0,Approach,204,367,168,68,0,0,,,,,,,,,,,,,,,,,,,,
2026-07-23 21:08:14,276273.687500,B0DB8AF16E20,0001,male,C57BL/6,1.1.1,FR1_Approach,0,PelletDrop,205,367,168,68,0,0,,,,,,,,,,,,,,,,,,,,
2026-07-23 21:08:19,276278.656250,B0DB8AF16E20,0001,male,C57BL/6,1.1.1,FR1_Approach,0,PelletTaken,205,367,168,68,0,0,4.448,11.000,0,2,,,,,,,,,,,,,,,,
2026-07-23 21:14:41,276660.812500,B0DB8AF16E20,0001,male,C57BL/6,1.1.1,FR1_Approach,0,Status,205,367,168,68,0,0,,,,,Disabled,25.1,42.9,998.2,15.6,0.000,0.000,247724,339964,181444,57998,3.72,19.31
2026-07-23 21:14:53,276672.000000,B0DB8AF16E20,0001,male,C57BL/6,1.1.1,FR1_Approach,0,Left,205,368,168,68,0,0,,,,,,,,,,,,,,,,,,,,
2026-07-23 21:14:55,276674.687500,B0DB8AF16E20,0001,male,C57BL/6,1.1.1,FR1_Approach,0,No_approach,205,368,168,68,0,0,,,,,,,,,,,,,,,,,,,,
2026-07-23 21:14:57,276676.000000,B0DB8AF16E20,0001,male,C57BL/6,1.1.1,FR1_Approach,0,Left,205,369,168,68,0,0,,,,,,,,,,,,,,,,,,,,
2026-07-23 21:15:00,276679.093750,B0DB8AF16E20,0001,male,C57BL/6,1.1.1,FR1_Approach,0,Approach,205,369,168,68,0,0,,,,,,,,,,,,,,,,,,,,
2026-07-23 21:15:03,276681.875000,B0DB8AF16E20,0001,male,C57BL/6,1.1.1,FR1_Approach,0,PelletDrop,206,369,168,68,0,0,,,,,,,,,,,,,,,,,,,,
2026-07-23 21:15:03,276682.593750,B0DB8AF16E20,0001,male,C57BL/6,1.1.1,FR1_Approach,0,PelletTaken,206,369,168,68,0,0,0.180,50.000,0,1,,,,,,,,,,,,,,,,
2026-07-23 21:15:06,276685.531250,B0DB8AF16E20,0001,male,C57BL/6,1.1.1,FR1_Approach,0,Right,206,369,169,68,0,0,,,,,,,,,,,,,,,,,,,,
2026-07-23 21:15:09,276688.406250,B0DB8AF16E20,0001,male,C57BL/6,1.1.1,FR1_Approach,0,Left,206,370,169,68,0,0,,,,,,,,,,,,,,,,,,,,
2026-07-23 21:15:12,276691.125000,B0DB8AF16E20,0001,male,C57BL/6,1.1.1,FR1_Approach,0,No_approach,206,370,169,68,0,0,,,,,,,,,,,,,,,,,,,,
2026-07-23 21:15:14,276693.812500,B0DB8AF16E20,0001,male,C57BL/6,1.1.1,FR1_Approach,0,Left,206,371,169,68,0,0,,,,,,,,,,,,,,,,,,,,
2026-07-23 21:15:16,276694.937500,B0DB8AF16E20,0001,male,C57BL/6,1.1.1,FR1_Approach,0,Approach,206,371,169,68,0,0,,,,,,,,,,,,,,,,,,,,
2026-07-23 21:15:19,276697.875000,B0DB8AF16E20,0001,male,C57BL/6,1.1.1,FR1_Approach,0,LeftWithPellet,206,372,169,68,0,0,,,,,,,,,,,,,,,,,,,,
2026-07-23 21:15:20,276699.687500,B0DB8AF16E20,0001,male,C57BL/6,1.1.1,FR1_Approach,0,RightWithPellet,206,372,170,68,0,0,,,,,,,,,,,,,,,,,,,,
2026-07-23 21:15:24,276703.125000,B0DB8AF16E20,0001,male,C57BL/6,1.1.1,FR1_Approach,0,CenterWithPellet,206,372,170,69,0,0,,,,,,,,,,,,,,,,,,,,
2026-07-23 21:21:04,277043.906250,B0DB8AF16E20,0001,male,C57BL/6,1.1.1,FR1_Approach,0,Left,206,373,170,69,0,0,,,,,,,,,,,,,,,,,,,,
2026-07-23 21:21:06,277045.781250,B0DB8AF16E20,0001,male,C57BL/6,1.1.1,FR1_Approach,0,Approach,206,373,170,69,0,0,,,,,,,,,,,,,,,,,,,,
2026-07-23 21:21:09,277048.562500,B0DB8AF16E20,0001,male,C57BL/6,1.1.1,FR1_Approach,0,PelletDrop,207,373,170,69,0,0,,,,,,,,,,,,,,,,,,,,
2026-07-23 21:21:10,277049.687500,B0DB8AF16E20,0001,male,C57BL/6,1.1.1,FR1_Approach,0,PelletNotDetected,207,373,170,69,0,0,,,,,,,,,,,,,,,,,,,,
2026-07-23 21:22:05,277104.531250,B0DB8AF16E20,0001,male,C57BL/6,1.1.1,FR1_Approach,0,Left,207,374,170,69,0,0,,,,,,,,,,,,,,,,,,,,
2026-07-23 21:22:06,277105.687500,B0DB8AF16E20,0001,male,C57BL/6,1.1.1,FR1_Approach,0,Approach,207,374,170,69,0,0,,,,,,,,,,,,,,,,,,,,
2026-07-23 21:22:09,277108.437500,B0DB8AF16E20,0001,male,C57BL/6,1.1.1,FR1_Approach,0,PelletDrop,208,374,170,69,0,0,,,,,,,,,,,,,,,,,,,,
2026-07-23 21:22:09,277109.281250,B0DB8AF16E20,0001,male,C57BL/6,1.1.1,FR1_Approach,0,PelletTaken,208,374,170,69,0,0,0.312,59.000,0,2,,,,,,,,,,,,,,,,
2026-07-23 21:26:07,277347.531250,B0DB8AF16E20,0001,male,C57BL/6,1.1.1,FR1_Approach,0,Status,208,374,170,69,0,0,,,,,Disabled,25.2,43.0,998.2,15.6,0.000,0.000,247724,339964,181444,58131,3.72,19.05
2026-07-23 21:30:28,277608.781250,B0DB8AF16E20,0001,male,C57BL/6,1.1.1,FR1_Approach,0,Left,208,375,170,69,0,0,,,,,,,,,,,,,,,,,,,,
2026-07-23 21:30:31,277611.468750,B0DB8AF16E20,0001,male,C57BL/6,1.1.1,FR1_Approach,0,No_approach,208,375,170,69,0,0,,,,,,,,,,,,,,,,,,,,
2026-07-23 21:30:34,277614.687500,B0DB8AF16E20,0001,male,C57BL/6,1.1.1,FR1_Approach,0,Left,208,376,170,69,0,0,,,,,,,,,,,,,,,,,,,,
2026-07-23 21:30:35,277615.812500,B0DB8AF16E20,0001,male,C57BL/6,1.1.1,FR1_Approach,0,Approach,208,376,170,69,0,0,,,,,,,,,,,,,,,,,,,,
2026-07-23 21:30:38,277618.593750,B0DB8AF16E20,0001,male,C57BL/6,1.1.1,FR1_Approach,0,PelletDrop,209,376,170,69,0,0,,,,,,,,,,,,,,,,,,,,
2026-07-23 21:30:52,277632.437500,B0DB8AF16E20,0001,male,C57BL/6,1.1.1,FR1_Approach,0,LeftWithPellet,209,376,171,69,0,0,,,,,,,,,,,,,,,,,,,,
2026-07-23 21:30:59,277639.125000,B0DB8AF16E20,0001,male,C57BL/6,1.1.1,FR1_Approach,0,PelletTaken,209,376,171,69,0,0,TimedOut,4.000,0,1,,,,,,,,,,,,,,,,
2026-07-23 21:32:25,277725.968750,B0DB8AF16E20,0001,male,C57BL/6,1.1.1,FR1_Approach,0,Left,209,377,171,69,0,0,,,,,,,,,,,,,,,,,,,,
2026-07-23 21:32:26,277727.093750,B0DB8AF16E20,0001,male,C57BL/6,1.1.1,FR1_Approach,0,Approach,209,377,171,69,0,0,,,,,,,,,,,,,,,,,,,,
2026-07-23 21:32:28,277728.656250,B0DB8AF16E20,0001,male,C57BL/6,1.1.1,FR1_Approach,0,LeftWithPellet,209,378,171,69,0,0,,,,,,,,,,,,,,,,,,,,
2026-07-23 21:32:31,277731.437500,B0DB8AF16E20,0001,male,C57BL/6,1.1.1,FR1_Approach,0,RightWithPellet,209,378,172,69,0,0,,,,,,,,,,,,,,,,,,,,
2026-07-23 21:32:32,277732.937500,B0DB8AF16E20,0001,male,C57BL/6,1.1.1,FR1_Approach,0,LeftWithPellet,209,379,172,69,0,0,,,,,,,,,,,,,,,,,,,,
2026-07-23 21:32:35,277735.250000,B0DB8AF16E20,0001,male,C57BL/6,1.1.1,FR1_Approach,0,LeftWithPellet,209,380,172,69,0,0,,,,,,,,,,,,,,,,,,,,
2026-07-23 21:37:38,278039.187500,B0DB8AF16E20,0001,male,C57BL/6,1.1.1,FR1_Approach,0,Status,209,380,172,69,0,0,,,,,Disabled,25.2,42.8,998.3,15.7,0.000,0.000,247724,339964,181444,58258,3.72,18.54
2026-07-23 21:38:13,278074.656250,B0DB8AF16E20,0001,male,C57BL/6,1.1.1,FR1_Approach,0,Left,209,381,172,69,0,0,,,,,,,,,,,,,,,,,,,,
2026-07-23 21:38:16,278077.000000,B0DB8AF16E20,0001,male,C57BL/6,1.1.1,FR1_Approach,0,Approach,209,381,172,69,0,0,,,,,,,,,,,,,,,,,,,,
2026-07-23 21:41:30,278271.312500,B0DB8AF16E20,0001,male,C57BL/6,1.1.1,FR1_Approach,0,Left,209,382,172,69,0,0,,,,,,,,,,,,,,,,,,,,
2026-07-23 21:41:31,278272.687500,B0DB8AF16E20,0001,male,C57BL/6,1.1.1,FR1_Approach,0,Approach,209,382,172,69,0,0,,,,,,,,,,,,,,,,,,,,
2026-07-23 21:41:33,278274.875000,B0DB8AF16E20,0001,male,C57BL/6,1.1.1,FR1_Approach,0,LeftWithPellet,209,383,172,69,0,0,,,,,,,,,,,,,,,,,,,,
2026-07-23 21:41:34,278275.906250,B0DB8AF16E20,0001,male,C57BL/6,1.1.1,FR1_Approach,0,CenterWithPellet,209,383,172,70,0,0,,,,,,,,,,,,,,,,,,,,
2026-07-23 21:41:36,278277.343750,B0DB8AF16E20,0001,male,C57BL/6,1.1.1,FR1_Approach,0,LeftWithPellet,209,384,172,70,0,0,,,,,,,,,,,,,,,,,,,,
2026-07-23 21:41:38,278279.656250,B0DB8AF16E20,0001,male,C57BL/6,1.1.1,FR1_Approach,0,RightWithPellet,209,384,173,70,0,0,,,,,,,,,,,,,,,,,,,,
2026-07-23 21:41:41,278282.968750,B0DB8AF16E20,0001,male,C57BL/6,1.1.1,FR1_Approach,0,LeftWithPellet,209,385,173,70,0,0,,,,,,,,,,,,,,,,,,,,
2026-07-23 21:41:43,278284.500000,B0DB8AF16E20,0001,male,C57BL/6,1.1.1,FR1_Approach,0,RightWithPellet,209,385,174,70,0,0,,,,,,,,,,,,,,,,,,,,
2026-07-23 21:41:46,278288.062500,B0DB8AF16E20,0001,male,C57BL/6,1.1.1,FR1_Approach,0,LeftWithPellet,209,386,174,70,0,0,,,,,,,,,,,,,,,,,,,,
2026-07-23 21:41:49,278290.437500,B0DB8AF16E20,0001,male,C57BL/6,1.1.1,FR1_Approach,0,RightWithPellet,209,386,175,70,0,0,,,,,,,,,,,,,,,,,,,,
2026-07-23 21:41:50,278291.250000,B0DB8AF16E20,0001,male,C57BL/6,1.1.1,FR1_Approach,0,RightWithPellet,209,386,176,70,0,0,,,,,,,,,,,,,,,,,,,,
2026-07-23 21:41:50,278292.125000,B0DB8AF16E20,0001,male,C57BL/6,1.1.1,FR1_Approach,0,RightWithPellet,209,386,177,70,0,0,,,,,,,,,,,,,,,,,,,,
2026-07-23 21:41:53,278294.750000,B0DB8AF16E20,0001,male,C57BL/6,1.1.1,FR1_Approach,0,Right,209,386,178,70,0,0,,,,,,,,,,,,,,,,,,,,
2026-07-23 21:42:02,278303.281250,B0DB8AF16E20,0001,male,C57BL/6,1.1.1,FR1_Approach,0,Center,209,386,178,71,0,0,,,,,,,,,,,,,,,,,,,,
2026-07-23 21:49:07,278729.343750,B0DB8AF16E20,0001,male,C57BL/6,1.1.1,FR1_Approach,0,Left,209,387,178,71,0,0,,,,,,,,,,,,,,,,,,,,
2026-07-23 21:49:09,278730.718750,B0DB8AF16E20,0001,male,C57BL/6,1.1.1,FR1_Approach,0,Approach,209,387,178,71,0,0,,,,,,,,,,,,,,,,,,,,
2026-07-23 21:49:11,278733.500000,B0DB8AF16E20,0001,male,C57BL/6,1.1.1,FR1_Approach,0,PelletDrop,210,387,178,71,0,0,,,,,,,,,,,,,,,,,,,,
2026-07-23 21:49:13,278734.843750,B0DB8AF16E20,0001,male,C57BL/6,1.1.1,FR1_Approach,0,PelletTaken,210,387,178,71,0,0,0.807,70.000,0,1,,,,,,,,,,,,,,,,
2026-07-23 21:49:20,278742.531250,B0DB8AF16E20,0001,male,C57BL/6,1.1.1,FR1_Approach,0,Status,210,387,178,71,0,0,,,,,Disabled,25.3,42.5,998.4,15.6,0.000,0.000,247724,339964,181444,58387,3.72,18.28
2026-07-23 21:49:43,278765.375000,B0DB8AF16E20,0001,male,C57BL/6,1.1.1,FR1_Approach,0,Right,210,387,179,71,0,0,,,,,,,,,,,,,,,,,,,,
2026-07-23 21:49:45,278767.468750,B0DB8AF16E20,0001,male,C57BL/6,1.1.1,FR1_Approach,0,Right,210,387,180,71,0,0,,,,,,,,,,,,,,,,,,,,
2026-07-23 21:49:50,278772.312500,B0DB8AF16E20,0001,male,C57BL/6,1.1.1,FR1_Approach,0,Left,210,388,180,71,0,0,,,,,,,,,,,,,,,,,,,,
2026-07-23 21:49:52,278774.406250,B0DB8AF16E20,0001,male,C57BL/6,1.1.1,FR1_Approach,0,Approach,210,388,180,71,0,0,,,,,,,,,,,,,,,,,,,,
2026-07-23 21:49:55,278777.218750,B0DB8AF16E20,0001,male,C57BL/6,1.1.1,FR1_Approach,0,PelletDrop,211,388,180,71,0,0,,,,,,,,,,,,,,,,,,,,
2026-07-23 21:49:56,278778.312500,B0DB8AF16E20,0001,male,C57BL/6,1.1.1,FR1_Approach,0,PelletNotDetected,211,388,180,71,0,0,,,,,,,,,,,,,,,,,,,,
2026-07-23 21:50:12,278793.968750,B0DB8AF16E20,0001,male,C57BL/6,1.1.1,FR1_Approach,0,Left,211,389,180,71,0,0,,,,,,,,,,,,,,,,,,,,
2026-07-23 21:50:13,278795.093750,B0DB8AF16E20,0001,male,C57BL/6,1.1.1,FR1_Approach,0,Approach,211,389,180,71,0,0,,,,,,,,,,,,,,,,,,,,
2026-07-23 21:50:16,278797.843750,B0DB8AF16E20,0001,male,C57BL/6,1.1.1,FR1_Approach,0,PelletDrop,212,389,180,71,0,0,,,,,,,,,,,,,,,,,,,,
2026-07-23 21:50:17,278798.968750,B0DB8AF16E20,0001,male,C57BL/6,1.1.1,FR1_Approach,0,PelletNotDetected,212,389,180,71,0,0,,,,,,,,,,,,,,,,,,,,
2026-07-23 21:50:46,278828.250000,B0DB8AF16E20,0001,male,C57BL/6,1.1.1,FR1_Approach,0,Left,212,390,180,71,0,0,,,,,,,,,,,,,,,,,,,,
2026-07-23 21:50:47,278829.375000,B0DB8AF16E20,0001,male,C57BL/6,1.1.1,FR1_Approach,0,Approach,212,390,180,71,0,0,,,,,,,,,,,,,,,,,,,,
2026-07-23 21:50:59,278840.750000,B0DB8AF16E20,0001,male,C57BL/6,1.1.1,FR1_Approach,0,PelletDrop,213,390,180,71,0,0,,,,,,,,,,,,,,,,,,,,
2026-07-23 21:51:02,278843.687500,B0DB8AF16E20,0001,male,C57BL/6,1.1.1,FR1_Approach,0,PelletTaken,213,390,180,71,0,0,2.424,80.000,0,6,,,,,,,,,,,,,,,,
2026-07-23 21:51:28,278870.375000,B0DB8AF16E20,0001,male,C57BL/6,1.1.1,FR1_Approach,0,Left,213,391,180,71,0,0,,,,,,,,,,,,,,,,,,,,
2026-07-23 21:51:29,278871.500000,B0DB8AF16E20,0001,male,C57BL/6,1.1.1,FR1_Approach,0,Approach,213,391,180,71,0,0,,,,,,,,,,,,,,,,,,,,
2026-07-23 21:51:32,278874.312500,B0DB8AF16E20,0001,male,C57BL/6,1.1.1,FR1_Approach,0,PelletDrop,214,391,180,71,0,0,,,,,,,,,,,,,,,,,,,,
2026-07-23 21:51:33,278875.437500,B0DB8AF16E20,0001,male,C57BL/6,1.1.1,FR1_Approach,0,PelletNotDetected,214,391,180,71,0,0,,,,,,,,,,,,,,,,,,,,
2026-07-23 21:51:51,278892.937500,B0DB8AF16E20,0001,male,C57BL/6,1.1.1,FR1_Approach,0,Right,214,391,181,71,0,0,,,,,,,,,,,,,,,,,,,,
2026-07-23 21:51:53,278894.937500,B0DB8AF16E20,0001,male,C57BL/6,1.1.1,FR1_Approach,0,Right,214,391,182,71,0,0,,,,,,,,,,,,,,,,,,,,
2026-07-23 21:51:55,278897.281250,B0DB8AF16E20,0001,male,C57BL/6,1.1.1,FR1_Approach,0,Left,214,392,182,71,0,0,,,,,,,,,,,,,,,,,,,,
2026-07-23 21:51:58,278900.375000,B0DB8AF16E20,0001,male,C57BL/6,1.1.1,FR1_Approach,0,Approach,214,392,182,71,0,0,,,,,,,,,,,,,,,,,,,,
2026-07-23 21:52:01,278903.125000,B0DB8AF16E20,0001,male,C57BL/6,1.1.1,FR1_Approach,0,PelletDrop,215,392,182,71,0,0,,,,,,,,,,,,,,,,,,,,
2026-07-23 21:52:21,278923.656250,B0DB8AF16E20,0001,male,C57BL/6,1.1.1,FR1_Approach,0,PelletTaken,215,392,182,71,0,0,TimedOut,24.000,0,2,,,,,,,,,,,,,,,,
2026-07-23 22:00:38,279420.562500,B0DB8AF16E20,0001,male,C57BL/6,1.1.1,FR1_Approach,0,Status,215,392,182,71,0,0,,,,,Disabled,25.3,42.8,998.6,15.6,0.000,0.000,247724,339964,181444,58512,3.72,18.02
2026-07-23 22:12:05,280107.781250,B0DB8AF16E20,0001,male,C57BL/6,1.1.1,FR1_Approach,0,Status,215,392,182,71,0,0,,,,,Disabled,25.3,42.9,998.7,15.7,0.000,0.000,247724,339964,181444,58650,3.72,17.76
2026-07-23 22:12:06,280109.093750,B0DB8AF16E20,0001,male,C57BL/6,1.1.1,FR1_Approach,0,Right,215,392,183,71,0,0,,,,,,,,,,,,,,,,,,,,
2026-07-23 22:23:33,280797.031250,B0DB8AF16E20,0001,male,C57BL/6,1.1.1,FR1_Approach,0,Status,215,392,183,71,0,0,,,,,Disabled,25.3,42.8,998.8,15.7,0.000,0.000,247724,339964,181444,58787,3.72,17.50
2026-07-23 22:30:11,281196.187500,B0DB8AF16E20,0001,male,C57BL/6,1.1.1,FR1_Approach,0,Right,215,392,184,71,0,0,,,,,,,,,,,,,,,,,,,,
2026-07-23 22:31:13,281257.906250,B0DB8AF16E20,0001,male,C57BL/6,1.1.1,FR1_Approach,0,Right,215,392,185,71,0,0,,,,,,,,,,,,,,,,,,,,
2026-07-23 22:32:22,281327.187500,B0DB8AF16E20,0001,male,C57BL/6,1.1.1,FR1_Approach,0,Right,215,392,186,71,0,0,,,,,,,,,,,,,,,,,,,,
2026-07-23 22:32:25,281329.656250,B0DB8AF16E20,0001,male,C57BL/6,1.1.1,FR1_Approach,0,Left,215,393,186,71,0,0,,,,,,,,,,,,,,,,,,,,
2026-07-23 22:32:27,281331.781250,B0DB8AF16E20,0001,male,C57BL/6,1.1.1,FR1_Approach,0,Approach,215,393,186,71,0,0,,,,,,,,,,,,,,,,,,,,
2026-07-23 22:32:30,281334.562500,B0DB8AF16E20,0001,male,C57BL/6,1.1.1,FR1_Approach,0,PelletDrop,216,393,186,71,0,0,,,,,,,,,,,,,,,,,,,,
2026-07-23 22:32:31,281335.687500,B0DB8AF16E20,0001,male,C57BL/6,1.1.1,FR1_Approach,0,PelletNotDetected,216,393,186,71,0,0,,,,,,,,,,,,,,,,,,,,
2026-07-23 22:32:52,281356.531250,B0DB8AF16E20,0001,male,C57BL/6,1.1.1,FR1_Approach,0,Left,216,394,186,71,0,0,,,,,,,,,,,,,,,,,,,,
2026-07-23 22:32:53,281357.656250,B0DB8AF16E20,0001,male,C57BL/6,1.1.1,FR1_Approach,0,Approach,216,394,186,71,0,0,,,,,,,,,,,,,,,,,,,,
2026-07-23 22:32:55,281360.406250,B0DB8AF16E20,0001,male,C57BL/6,1.1.1,FR1_Approach,0,PelletDrop,217,394,186,71,0,0,,,,,,,,,,,,,,,,,,,,
2026-07-23 22:32:57,281361.531250,B0DB8AF16E20,0001,male,C57BL/6,1.1.1,FR1_Approach,0,PelletNotDetected,217,394,186,71,0,0,,,,,,,,,,,,,,,,,,,,
2026-07-23 22:33:07,281372.312500,B0DB8AF16E20,0001,male,C57BL/6,1.1.1,FR1_Approach,0,Left,217,395,186,71,0,0,,,,,,,,,,,,,,,,,,,,
2026-07-23 22:33:08,281373.437500,B0DB8AF16E20,0001,male,C57BL/6,1.1.1,FR1_Approach,0,Approach,217,395,186,71,0,0,,,,,,,,,,,,,,,,,,,,
2026-07-23 22:33:11,281376.187500,B0DB8AF16E20,0001,male,C57BL/6,1.1.1,FR1_Approach,0,PelletDrop,218,395,186,71,0,0,,,,,,,,,,,,,,,,,,,,
2026-07-23 22:33:12,281377.312500,B0DB8AF16E20,0001,male,C57BL/6,1.1.1,FR1_Approach,0,PelletNotDetected,218,395,186,71,0,0,,,,,,,,,,,,,,,,,,,,
2026-07-23 22:34:58,281482.750000,B0DB8AF16E20,0001,male,C57BL/6,1.1.1,FR1_Approach,0,Status,218,395,186,71,0,0,,,,,Disabled,25.3,42.9,998.8,15.7,0.000,0.000,247724,339964,181444,58924,3.72,17.24
2026-07-23 22:42:29,281933.812500,B0DB8AF16E20,0001,male,C57BL/6,1.1.1,FR1_Approach,0,Left,218,396,186,71,0,0,,,,,,,,,,,,,,,,,,,,
2026-07-23 22:42:30,281934.937500,B0DB8AF16E20,0001,male,C57BL/6,1.1.1,FR1_Approach,0,Approach,218,396,186,71,0,0,,,,,,,,,,,,,,,,,,,,
2026-07-23 22:42:39,281944.093750,B0DB8AF16E20,0001,male,C57BL/6,1.1.1,FR1_Approach,0,PelletDrop,219,396,186,71,0,0,,,,,,,,,,,,,,,,,,,,
2026-07-23 22:42:46,281950.750000,B0DB8AF16E20,0001,male,C57BL/6,1.1.1,FR1_Approach,0,PelletTaken,219,396,186,71,0,0,6.120,128.000,0,6,,,,,,,,,,,,,,,,
2026-07-23 22:43:47,282011.968750,B0DB8AF16E20,0001,male,C57BL/6,1.1.1,FR1_Approach,0,Right,219,396,187,71,0,0,,,,,,,,,,,,,,,,,,,,
2026-07-23 22:43:49,282014.093750,B0DB8AF16E20,0001,male,C57BL/6,1.1.1,FR1_Approach,0,Right,219,396,188,71,0,0,,,,,,,,,,,,,,,,,,,,
2026-07-23 22:43:51,282016.312500,B0DB8AF16E20,0001,male,C57BL/6,1.1.1,FR1_Approach,0,Left,219,397,188,71,0,0,,,,,,,,,,,,,,,,,,,,
2026-07-23 22:43:52,282017.468750,B0DB8AF16E20,0001,male,C57BL/6,1.1.1,FR1_Approach,0,Approach,219,397,188,71,0,0,,,,,,,,,,,,,,,,,,,,
2026-07-23 22:43:55,282020.250000,B0DB8AF16E20,0001,male,C57BL/6,1.1.1,FR1_Approach,0,PelletDrop,220,397,188,71,0,0,,,,,,,,,,,,,,,,,,,,
2026-07-23 22:44:15,282040.781250,B0DB8AF16E20,0001,male,C57BL/6,1.1.1,FR1_Approach,0,PelletTaken,220,397,188,71,0,0,TimedOut,187.000,0,1,,,,,,,,,,,,,,,,
2026-07-23 22:45:29,282113.937500,B0DB8AF16E20,0001,male,C57BL/6,1.1.1,FR1_Approach,0,Status,220,397,188,71,0,0,,,,,Disabled,25.1,43.9,998.9,16.0,0.000,0.000,247724,339964,181444,59052,3.71,16.98
2026-07-23 22:56:01,282747.125000,B0DB8AF16E20,0001,male,C57BL/6,1.1.1,FR1_Approach,0,Status,220,397,188,71,0,0,,,,,Disabled,24.9,44.3,999.0,16.1,0.000,0.000,247724,339964,181444,59189,3.73,16.98
2026-07-23 22:58:18,282884.125000,B0DB8AF16E20,0001,male,C57BL/6,1.1.1,FR1_Approach,0,Right,220,397,189,71,0,0,,,,,,,,,,,,,,,,,,,,
2026-07-23 22:58:22,282887.937500,B0DB8AF16E20,0001,male,C57BL/6,1.1.1,FR1_Approach,0,Left,220,398,189,71,0,0,,,,,,,,,,,,,,,,,,,,
2026-07-23 22:58:23,282889.312500,B0DB8AF16E20,0001,male,C57BL/6,1.1.1,FR1_Approach,0,Approach,220,398,189,71,0,0,,,,,,,,,,,,,,,,,,,,
2026-07-23 22:58:26,282891.937500,B0DB8AF16E20,0001,male,C57BL/6,1.1.1,FR1_Approach,0,LeftWithPellet,220,399,189,71,0,0,,,,,,,,,,,,,,,,,,,,
2026-07-23 22:58:27,282893.687500,B0DB8AF16E20,0001,male,C57BL/6,1.1.1,FR1_Approach,0,RightWithPellet,220,399,190,71,0,0,,,,,,,,,,,,,,,,,,,,
2026-07-23 22:58:29,282895.500000,B0DB8AF16E20,0001,male,C57BL/6,1.1.1,FR1_Approach,0,LeftWithPellet,220,400,190,71,0,0,,,,,,,,,,,,,,,,,,,,
2026-07-23 22:58:32,282898.687500,B0DB8AF16E20,0001,male,C57BL/6,1.1.1,FR1_Approach,0,RightWithPellet,220,400,191,71,0,0,,,,,,,,,,,,,,,,,,,,
2026-07-23 22:58:33,282899.718750,B0DB8AF16E20,0001,male,C57BL/6,1.1.1,FR1_Approach,0,LeftWithPellet,220,401,191,71,0,0,,,,,,,,,,,,,,,,,,,,
2026-07-23 22:58:35,282901.468750,B0DB8AF16E20,0001,male,C57BL/6,1.1.1,FR1_Approach,0,LeftWithPellet,220,402,191,71,0,0,,,,,,,,,,,,,,,,,,,,
2026-07-23 23:00:43,283029.843750,B0DB8AF16E20,0001,male,C57BL/6,1.1.1,FR1_Approach,0,Right,220,402,192,71,0,0,,,,,,,,,,,,,,,,,,,,
2026-07-23 23:00:45,283031.468750,B0DB8AF16E20,0001,male,C57BL/6,1.1.1,FR1_Approach,0,Left,220,403,192,71,0,0,,,,,,,,,,,,,,,,,,,,
2026-07-23 23:00:46,283032.593750,B0DB8AF16E20,0001,male,C57BL/6,1.1.1,FR1_Approach,0,Approach,220,403,192,71,0,0,,,,,,,,,,,,,,,,,,,,
2026-07-23 23:00:48,283034.656250,B0DB8AF16E20,0001,male,C57BL/6,1.1.1,FR1_Approach,0,LeftWithPellet,220,404,192,71,0,0,,,,,,,,,,,,,,,,,,,,
2026-07-23 23:00:50,283036.125000,B0DB8AF16E20,0001,male,C57BL/6,1.1.1,FR1_Approach,0,RightWithPellet,220,404,193,71,0,0,,,,,,,,,,,,,,,,,,,,
2026-07-23 23:00:52,283038.781250,B0DB8AF16E20,0001,male,C57BL/6,1.1.1,FR1_Approach,0,CenterWithPellet,220,404,193,72,0,0,,,,,,,,,,,,,,,,,,,,
2026-07-23 23:00:54,283040.468750,B0DB8AF16E20,0001,male,C57BL/6,1.1.1,FR1_Approach,0,CenterWithPellet,220,404,193,73,0,0,,,,,,,,,,,,,,,,,,,,
2026-07-23 23:00:55,283041.437500,B0DB8AF16E20,0001,male,C57BL/6,1.1.1,FR1_Approach,0,RightWithPellet,220,404,194,73,0,0,,,,,,,,,,,,,,,,,,,,
2026-07-23 23:00:57,283043.406250,B0DB8AF16E20,0001,male,C57BL/6,1.1.1,FR1_Approach,0,LeftWithPellet,220,405,194,73,0,0,,,,,,,,,,,,,,,,,,,,
2026-07-23 23:01:00,283046.343750,B0DB8AF16E20,0001,male,C57BL/6,1.1.1,FR1_Approach,0,RightWithPellet,220,405,195,73,0,0,,,,,,,,,,,,,,,,,,,,
2026-07-23 23:01:02,283048.593750,B0DB8AF16E20,0001,male,C57BL/6,1.1.1,FR1_Approach,0,LeftWithPellet,220,406,195,73,0,0,,,,,,,,,,,,,,,,,,,,
2026-07-23 23:01:07,283052.968750,B0DB8AF16E20,0001,male,C57BL/6,1.1.1,FR1_Approach,0,LeftWithPellet,220,407,195,73,0,0,,,,,,,,,,,,,,,,,,,,
2026-07-23 23:01:09,283055.500000,B0DB8AF16E20,0001,male,C57BL/6,1.1.1,FR1_Approach,0,Right,220,407,196,73,0,0,,,,,,,,,,,,,,,,,,,,
2026-07-23 23:01:14,283060.875000,B0DB8AF16E20,0001,male,C57BL/6,1.1.1,FR1_Approach,0,Right,220,407,197,73,0,0,,,,,,,,,,,,,,,,,,,,
2026-07-23 23:06:32,283379.031250,B0DB8AF16E20,0001,male,C57BL/6,1.1.1,FR1_Approach,0,Status,220,407,197,73,0,0,,,,,Disabled,24.8,44.3,999.0,16.2,0.000,0.000,247724,339964,181444,59319,3.72,16.73
2026-07-23 23:09:31,283558.156250,B0DB8AF16E20,0001,male,C57BL/6,1.1.1,FR1_Approach,0,Left,220,408,197,73,0,0,,,,,,,,,,,,,,,,,,,,
2026-07-23 23:09:32,283559.281250,B0DB8AF16E20,0001,male,C57BL/6,1.1.1,FR1_Approach,0,Approach,220,408,197,73,0,0,,,,,,,,,,,,,,,,,,,,
2026-07-23 23:12:05,283711.781250,B0DB8AF16E20,0001,male,C57BL/6,1.1.1,FR1_Approach,0,Right,220,408,198,73,0,0,,,,,,,,,,,,,,,,,,,,
2026-07-23 23:12:07,283714.343750,B0DB8AF16E20,0001,male,C57BL/6,1.1.1,FR1_Approach,0,Left,220,409,198,73,0,0,,,,,,,,,,,,,,,,,,,,
2026-07-23 23:12:08,283715.718750,B0DB8AF16E20,0001,male,C57BL/6,1.1.1,FR1_Approach,0,Approach,220,409,198,73,0,0,,,,,,,,,,,,,,,,,,,,
2026-07-23 23:12:09,283716.593750,B0DB8AF16E20,0001,male,C57BL/6,1.1.1,FR1_Approach,0,LeftWithPellet,220,409,198,73,0,0,,,,,,,,,,,,,,,,,,,,
2026-07-23 23:12:41,283748.656250,B0DB8AF16E20,0001,male,C57BL/6,1.1.1,FR1_Approach,0,Right,220,409,199,73,0,0,,,,,,,,,,,,,,,,,,,,
2026-07-23 23:12:46,283752.906250,B0DB8AF16E20,0001,male,C57BL/6,1.1.1,FR1_Approach,0,Right,220,409,200,73,0,0,,,,,,,,,,,,,,,,,,,,
2026-07-23 23:12:49,283756.093750,B0DB8AF16E20,0001,male,C57BL/6,1.1.1,FR1_Approach,0,Left,220,410,200,73,0,0,,,,,,,,,,,,,,,,,,,,
2026-07-23 23:12:50,283757.718750,B0DB8AF16E20,0001,male,C57BL/6,1.1.1,FR1_Approach,0,Approach,220,410,200,73,0,0,,,,,,,,,,,,,,,,,,,,
2026-07-23 23:12:53,283760.500000,B0DB8AF16E20,0001,male,C57BL/6,1.1.1,FR1_Approach,0,PelletDrop,221,410,200,73,0,0,,,,,,,,,,,,,,,,,,,,
2026-07-23 23:12:54,283761.625000,B0DB8AF16E20,0001,male,C57BL/6,1.1.1,FR1_Approach,0,PelletNotDetected,221,410,200,73,0,0,,,,,,,,,,,,,,,,,,,,
2026-07-23 23:13:59,283826.656250,B0DB8AF16E20,0001,male,C57BL/6,1.1.1,FR1_Approach,0,Left,221,411,200,73,0,0,,,,,,,,,,,,,,,,,,,,
2026-07-23 23:14:01,283828.031250,B0DB8AF16E20,0001,male,C57BL/6,1.1.1,FR1_Approach,0,Approach,221,411,200,73,0,0,,,,,,,,,,,,,,,,,,,,
2026-07-23 23:14:03,283830.781250,B0DB8AF16E20,0001,male,C57BL/6,1.1.1,FR1_Approach,0,PelletDrop,222,411,200,73,0,0,,,,,,,,,,,,,,,,,,,,
2026-07-23 23:14:05,283832.593750,B0DB8AF16E20,0001,male,C57BL/6,1.1.1,FR1_Approach,0,PelletTaken,222,411,200,73,0,0,1.281,89.000,0,2,,,,,,,,,,,,,,,,
2026-07-23 23:14:22,283849.062500,B0DB8AF16E20,0001,male,C57BL/6,1.1.1,FR1_Approach,0,Left,222,412,200,73,0,0,,,,,,,,,,,,,,,,,,,,
2026-07-23 23:14:23,283850.437500,B0DB8AF16E20,0001,male,C57BL/6,1.1.1,FR1_Approach,0,Approach,222,412,200,73,0,0,,,,,,,,,,,,,,,,,,,,
2026-07-23 23:14:28,283855.437500,B0DB8AF16E20,0001,male,C57BL/6,1.1.1,FR1_Approach,0,PelletDrop,223,412,200,73,0,0,,,,,,,,,,,,,,,,,,,,
2026-07-23 23:14:34,283861.781250,B0DB8AF16E20,0001,male,C57BL/6,1.1.1,FR1_Approach,0,PelletTaken,223,412,200,73,0,0,5.802,351.000,0,2,,,,,,,,,,,,,,,,
2026-07-23 23:18:02,284069.687500,B0DB8AF16E20,0001,male,C57BL/6,1.1.1,FR1_Approach,0,Status,223,412,200,73,0,0,,,,,Disabled,24.9,43.0,999.0,15.9,0.000,0.000,247724,339964,181444,59447,3.71,16.47
2026-07-23 23:23:23,284391.000000,B0DB8AF16E20,0001,male,C57BL/6,1.1.1,FR1_Approach,0,Right,223,412,201,73,0,0,,,,,,,,,,,,,,,,,,,,
2026-07-23 23:23:26,284393.375000,B0DB8AF16E20,0001,male,C57BL/6,1.1.1,FR1_Approach,0,Left,223,413,201,73,0,0,,,,,,,,,,,,,,,,,,,,
2026-07-23 23:23:27,284394.500000,B0DB8AF16E20,0001,male,C57BL/6,1.1.1,FR1_Approach,0,Approach,223,413,201,73,0,0,,,,,,,,,,,,,,,,,,,,
2026-07-23 23:23:30,284397.281250,B0DB8AF16E20,0001,male,C57BL/6,1.1.1,FR1_Approach,0,PelletDrop,224,413,201,73,0,0,,,,,,,,,,,,,,,,,,,,
2026-07-23 23:23:31,284398.406250,B0DB8AF16E20,0001,male,C57BL/6,1.1.1,FR1_Approach,0,PelletNotDetected,224,413,201,73,0,0,,,,,,,,,,,,,,,,,,,,
2026-07-23 23:24:36,284464.093750,B0DB8AF16E20,0001,male,C57BL/6,1.1.1,FR1_Approach,0,Left,224,414,201,73,0,0,,,,,,,,,,,,,,,,,,,,
2026-07-23 23:24:39,284466.687500,B0DB8AF16E20,0001,male,C57BL/6,1.1.1,FR1_Approach,0,Approach,224,414,201,73,0,0,,,,,,,,,,,,,,,,,,,,
2026-07-23 23:24:42,284469.437500,B0DB8AF16E20,0001,male,C57BL/6,1.1.1,FR1_Approach,0,PelletDrop,225,414,201,73,0,0,,,,,,,,,,,,,,,,,,,,
2026-07-23 23:24:43,284470.562500,B0DB8AF16E20,0001,male,C57BL/6,1.1.1,FR1_Approach,0,PelletNotDetected,225,414,201,73,0,0,,,,,,,,,,,,,,,,,,,,
2026-07-23 23:24:59,284486.781250,B0DB8AF16E20,0001,male,C57BL/6,1.1.1,FR1_Approach,0,Left,225,415,201,73,0,0,,,,,,,,,,,,,,,,,,,,
2026-07-23 23:25:00,284487.906250,B0DB8AF16E20,0001,male,C57BL/6,1.1.1,FR1_Approach,0,Approach,225,415,201,73,0,0,,,,,,,,,,,,,,,,,,,,
2026-07-23 23:25:03,284490.656250,B0DB8AF16E20,0001,male,C57BL/6,1.1.1,FR1_Approach,0,PelletDrop,226,415,201,73,0,0,,,,,,,,,,,,,,,,,,,,
2026-07-23 23:25:04,284491.781250,B0DB8AF16E20,0001,male,C57BL/6,1.1.1,FR1_Approach,0,PelletNotDetected,226,415,201,73,0,0,,,,,,,,,,,,,,,,,,,,
2026-07-23 23:25:29,284516.500000,B0DB8AF16E20,0001,male,C57BL/6,1.1.1,FR1_Approach,0,Left,226,416,201,73,0,0,,,,,,,,,,,,,,,,,,,,
2026-07-23 23:25:30,284518.375000,B0DB8AF16E20,0001,male,C57BL/6,1.1.1,FR1_Approach,0,Approach,226,416,201,73,0,0,,,,,,,,,,,,,,,,,,,,
2026-07-23 23:25:35,284523.062500,B0DB8AF16E20,0001,male,C57BL/6,1.1.1,FR1_Approach,0,PelletDrop,227,416,201,73,0,0,,,,,,,,,,,,,,,,,,,,
2026-07-23 23:25:56,284543.593750,B0DB8AF16E20,0001,male,C57BL/6,1.1.1,FR1_Approach,0,PelletTaken,227,416,201,73,0,0,TimedOut,80.000,0,4,,,,,,,,,,,,,,,,
2026-07-23 23:28:36,284704.281250,B0DB8AF16E20,0001,male,C57BL/6,1.1.1,FR1_Approach,0,Status,227,416,201,73,0,0,,,,,Disabled,24.8,44.1,999.0,16.0,0.000,0.000,247724,339964,181444,59578,3.71,16.21
2026-07-23 23:29:30,284758.125000,B0DB8AF16E20,0001,male,C57BL/6,1.1.1,FR1_Approach,0,Right,227,416,202,73,0,0,,,,,,,,,,,,,,,,,,,,
2026-07-23 23:29:32,284760.031250,B0DB8AF16E20,0001,male,C57BL/6,1.1.1,FR1_Approach,0,Right,227,416,203,73,0,0,,,,,,,,,,,,,,,,,,,,
2026-07-23 23:29:33,284761.625000,B0DB8AF16E20,0001,male,C57BL/6,1.1.1,FR1_Approach,0,Left,227,417,203,73,0,0,,,,,,,,,,,,,,,,,,,,
2026-07-23 23:29:35,284762.750000,B0DB8AF16E20,0001,male,C57BL/6,1.1.1,FR1_Approach,0,Approach,227,417,203,73,0,0,,,,,,,,,,,,,,,,,,,,
2026-07-23 23:29:43,284771.343750,B0DB8AF16E20,0001,male,C57BL/6,1.1.1,FR1_Approach,0,LeftWithPellet,227,418,203,73,0,0,,,,,,,,,,,,,,,,,,,,
2026-07-23 23:32:21,284929.406250,B0DB8AF16E20,0001,male,C57BL/6,1.1.1,FR1_Approach,0,Left,227,419,203,73,0,0,,,,,,,,,,,,,,,,,,,,
2026-07-23 23:32:24,284932.125000,B0DB8AF16E20,0001,male,C57BL/6,1.1.1,FR1_Approach,0,No_approach,227,419,203,73,0,0,,,,,,,,,,,,,,,,,,,,
2026-07-23 23:32:27,284935.843750,B0DB8AF16E20,0001,male,C57BL/6,1.1.1,FR1_Approach,0,Left,227,420,203,73,0,0,,,,,,,,,,,,,,,,,,,,
2026-07-23 23:32:29,284936.968750,B0DB8AF16E20,0001,male,C57BL/6,1.1.1,FR1_Approach,0,Approach,227,420,203,73,0,0,,,,,,,,,,,,,,,,,,,,
2026-07-23 23:32:33,284940.906250,B0DB8AF16E20,0001,male,C57BL/6,1.1.1,FR1_Approach,0,LeftWithPellet,227,421,203,73,0,0,,,,,,,,,,,,,,,,,,,,
2026-07-23 23:32:33,284941.718750,B0DB8AF16E20,0001,male,C57BL/6,1.1.1,FR1_Approach,0,LeftWithPellet,227,422,203,73,0,0,,,,,,,,,,,,,,,,,,,,
2026-07-23 23:32:36,284944.625000,B0DB8AF16E20,0001,male,C57BL/6,1.1.1,FR1_Approach,0,RightWithPellet,227,422,204,73,0,0,,,,,,,,,,,,,,,,,,,,
2026-07-23 23:33:08,284976.031250,B0DB8AF16E20,0001,male,C57BL/6,1.1.1,FR1_Approach,0,Center,227,422,204,74,0,0,,,,,,,,,,,,,,,,,,,,
2026-07-23 23:33:13,284981.125000,B0DB8AF16E20,0001,male,C57BL/6,1.1.1,FR1_Approach,0,Left,227,423,204,74,0,0,,,,,,,,,,,,,,,,,,,,
2026-07-23 23:33:14,284982.281250,B0DB8AF16E20,0001,male,C57BL/6,1.1.1,FR1_Approach,0,Approach,227,423,204,74,0,0,,,,,,,,,,,,,,,,,,,,
2026-07-23 23:33:18,284986.187500,B0DB8AF16E20,0001,male,C57BL/6,1.1.1,FR1_Approach,0,PelletDrop,228,423,204,74,0,0,,,,,,,,,,,,,,,,,,,,
2026-07-23 23:33:20,284988.718750,B0DB8AF16E20,0001,male,C57BL/6,1.1.1,FR1_Approach,0,LeftWithPellet,228,423,204,75,0,0,,,,,,,,,,,,,,,,,,,,
2026-07-23 23:33:24,284992.281250,B0DB8AF16E20,0001,male,C57BL/6,1.1.1,FR1_Approach,0,RightWithPellet,228,423,205,75,0,0,,,,,,,,,,,,,,,,,,,,
2026-07-23 23:33:35,285003.000000,B0DB8AF16E20,0001,male,C57BL/6,1.1.1,FR1_Approach,0,LeftWithPellet,228,424,205,75,0,0,,,,,,,,,,,,,,,,,,,,
2026-07-23 23:33:37,285005.312500,B0DB8AF16E20,0001,male,C57BL/6,1.1.1,FR1_Approach,0,CenterWithPellet,228,424,205,76,0,0,,,,,,,,,,,,,,,,,,,,
2026-07-23 23:33:38,285006.718750,B0DB8AF16E20,0001,male,C57BL/6,1.1.1,FR1_Approach,0,PelletTaken,228,424,205,76,0,0,TimedOut,3.000,0,1,,,,,,,,,,,,,,,,
2026-07-23 23:33:40,285008.843750,B0DB8AF16E20,0001,male,C57BL/6,1.1.1,FR1_Approach,0,Right,228,424,206,76,0,0,,,,,,,,,,,,,,,,,,,,
2026-07-23 23:33:42,285010.781250,B0DB8AF16E20,0001,male,C57BL/6,1.1.1,FR1_Approach,0,Left,228,425,206,76,0,0,,,,,,,,,,,,,,,,,,,,
2026-07-23 23:33:45,285012.906250,B0DB8AF16E20,0001,male,C57BL/6,1.1.1,FR1_Approach,0,Approach,228,425,206,76,0,0,,,,,,,,,,,,,,,,,,,,
2026-07-23 23:33:46,285014.187500,B0DB8AF16E20,0001,male,C57BL/6,1.1.1,FR1_Approach,0,LeftWithPellet,228,425,207,76,0,0,,,,,,,,,,,,,,,,,,,,
2026-07-23 23:33:54,285022.531250,B0DB8AF16E20,0001,male,C57BL/6,1.1.1,FR1_Approach,0,CenterWithPellet,228,425,207,77,0,0,,,,,,,,,,,,,,,,,,,,
2026-07-23 23:34:03,285031.531250,B0DB8AF16E20,0001,male,C57BL/6,1.1.1,FR1_Approach,0,CenterWithPellet,228,425,207,78,0,0,,,,,,,,,,,,,,,,,,,,
2026-07-23 23:34:04,285032.718750,B0DB8AF16E20,0001,male,C57BL/6,1.1.1,FR1_Approach,0,CenterWithPellet,228,425,207,79,0,0,,,,,,,,,,,,,,,,,,,,
2026-07-23 23:34:07,285034.937500,B0DB8AF16E20,0001,male,C57BL/6,1.1.1,FR1_Approach,0,Center,228,425,207,80,0,0,,,,,,,,,,,,,,,,,,,,
2026-07-23 23:34:10,285038.437500,B0DB8AF16E20,0001,male,C57BL/6,1.1.1,FR1_Approach,0,Center,228,425,207,81,0,0,,,,,,,,,,,,,,,,,,,,
2026-07-23 23:34:12,285040.187500,B0DB8AF16E20,0001,male,C57BL/6,1.1.1,FR1_Approach,0,Left,228,426,207,81,0,0,,,,,,,,,,,,,,,,,,,,
2026-07-23 23:34:13,285041.812500,B0DB8AF16E20,0001,male,C57BL/6,1.1.1,FR1_Approach,0,Approach,228,426,207,81,0,0,,,,,,,,,,,,,,,,,,,,
2026-07-23 23:34:15,285043.250000,B0DB8AF16E20,0001,male,C57BL/6,1.1.1,FR1_Approach,0,LeftWithPellet,228,426,207,82,0,0,,,,,,,,,,,,,,,,,,,,
2026-07-23 23:34:17,285045.406250,B0DB8AF16E20,0001,male,C57BL/6,1.1.1,FR1_Approach,0,CenterWithPellet,228,426,207,83,0,0,,,,,,,,,,,,,,,,,,,,
2026-07-23 23:34:20,285048.375000,B0DB8AF16E20,0001,male,C57BL/6,1.1.1,FR1_Approach,0,CenterWithPellet,228,426,207,84,0,0,,,,,,,,,,,,,,,,,,,,
2026-07-23 23:34:21,285049.218750,B0DB8AF16E20,0001,male,C57BL/6,1.1.1,FR1_Approach,0,CenterWithPellet,228,426,207,85,0,0,,,,,,,,,,,,,,,,,,,,
2026-07-23 23:34:25,285053.093750,B0DB8AF16E20,0001,male,C57BL/6,1.1.1,FR1_Approach,0,CenterWithPellet,228,426,207,86,0,0,,,,,,,,,,,,,,,,,,,,
2026-07-23 23:34:30,285058.531250,B0DB8AF16E20,0001,male,C57BL/6,1.1.1,FR1_Approach,0,CenterWithPellet,228,426,207,87,0,0,,,,,,,,,,,,,,,,,,,,
2026-07-23 23:34:37,285065.218750,B0DB8AF16E20,0001,male,C57BL/6,1.1.1,FR1_Approach,0,Center,228,426,207,88,0,0,,,,,,,,,,,,,,,,,,,,
2026-07-23 23:34:41,285069.750000,B0DB8AF16E20,0001,male,C57BL/6,1.1.1,FR1_Approach,0,Center,228,426,207,89,0,0,,,,,,,,,,,,,,,,,,,,
2026-07-23 23:34:42,285070.593750,B0DB8AF16E20,0001,male,C57BL/6,1.1.1,FR1_Approach,0,Right,228,426,208,89,0,0,,,,,,,,,,,,,,,,,,,,
2026-07-23 23:34:46,285074.937500,B0DB8AF16E20,0001,male,C57BL/6,1.1.1,FR1_Approach,0,Left,228,427,208,89,0,0,,,,,,,,,,,,,,,,,,,,
2026-07-23 23:34:48,285076.062500,B0DB8AF16E20,0001,male,C57BL/6,1.1.1,FR1_Approach,0,Approach,228,427,208,89,0,0,,,,,,,,,,,,,,,,,,,,
2026-07-23 23:34:49,285077.125000,B0DB8AF16E20,0001,male,C57BL/6,1.1.1,FR1_Approach,0,LeftWithPellet,228,427,209,89,0,0,,,,,,,,,,,,,,,,,,,,
2026-07-23 23:34:51,285079.281250,B0DB8AF16E20,0001,male,C57BL/6,1.1.1,FR1_Approach,0,LeftWithPellet,228,428,209,89,0,0,,,,,,,,,,,,,,,,,,,,
2026-07-23 23:34:53,285081.750000,B0DB8AF16E20,0001,male,C57BL/6,1.1.1,FR1_Approach,0,LeftWithPellet,228,429,209,89,0,0,,,,,,,,,,,,,,,,,,,,
2026-07-23 23:34:57,285085.031250,B0DB8AF16E20,0001,male,C57BL/6,1.1.1,FR1_Approach,0,LeftWithPellet,228,430,209,89,0,0,,,,,,,,,,,,,,,,,,,,
2026-07-23 23:34:59,285087.625000,B0DB8AF16E20,0001,male,C57BL/6,1.1.1,FR1_Approach,0,LeftWithPellet,228,431,209,89,0,0,,,,,,,,,,,,,,,,,,,,
2026-07-23 23:35:01,285089.062500,B0DB8AF16E20,0001,male,C57BL/6,1.1.1,FR1_Approach,0,LeftWithPellet,228,432,209,89,0,0,,,,,,,,,,,,,,,,,,,,
2026-07-23 23:35:04,285092.437500,B0DB8AF16E20,0001,male,C57BL/6,1.1.1,FR1_Approach,0,RightWithPellet,228,432,210,89,0,0,,,,,,,,,,,,,,,,,,,,
2026-07-23 23:35:05,285093.281250,B0DB8AF16E20,0001,male,C57BL/6,1.1.1,FR1_Approach,0,RightWithPellet,228,432,211,89,0,0,,,,,,,,,,,,,,,,,,,,
2026-07-23 23:35:07,285095.312500,B0DB8AF16E20,0001,male,C57BL/6,1.1.1,FR1_Approach,0,RightWithPellet,228,432,212,89,0,0,,,,,,,,,,,,,,,,,,,,
2026-07-23 23:35:10,285098.375000,B0DB8AF16E20,0001,male,C57BL/6,1.1.1,FR1_Approach,0,Right,228,432,213,89,0,0,,,,,,,,,,,,,,,,,,,,
2026-07-23 23:35:23,285111.500000,B0DB8AF16E20,0001,male,C57BL/6,1.1.1,FR1_Approach,0,Right,228,432,214,89,0,0,,,,,,,,,,,,,,,,,,,,
2026-07-23 23:35:26,285114.343750,B0DB8AF16E20,0001,male,C57BL/6,1.1.1,FR1_Approach,0,Left,228,433,214,89,0,0,,,,,,,,,,,,,,,,,,,,
2026-07-23 23:35:28,285115.968750,B0DB8AF16E20,0001,male,C57BL/6,1.1.1,FR1_Approach,0,Approach,228,433,214,89,0,0,,,,,,,,,,,,,,,,,,,,
2026-07-23 23:35:29,285117.187500,B0DB8AF16E20,0001,male,C57BL/6,1.1.1,FR1_Approach,0,LeftWithPellet,228,434,214,89,0,0,,,,,,,,,,,,,,,,,,,,
2026-07-23 23:35:30,285118.062500,B0DB8AF16E20,0001,male,C57BL/6,1.1.1,FR1_Approach,0,LeftWithPellet,228,435,214,89,0,0,,,,,,,,,,,,,,,,,,,,
2026-07-23 23:35:32,285120.468750,B0DB8AF16E20,0001,male,C57BL/6,1.1.1,FR1_Approach,0,LeftWithPellet,228,436,214,89,0,0,,,,,,,,,,,,,,,,,,,,
2026-07-23 23:35:35,285122.968750,B0DB8AF16E20,0001,male,C57BL/6,1.1.1,FR1_Approach,0,LeftWithPellet,228,437,214,89,0,0,,,,,,,,,,,,,,,,,,,,
2026-07-23 23:40:02,285390.968750,B0DB8AF16E20,0001,male,C57BL/6,1.1.1,FR1_Approach,0,Status,228,437,214,89,0,0,,,,,Disabled,25.0,42.7,999.0,15.9,0.000,0.000,247724,339964,181444,59691,3.71,15.95
2026-07-23 23:45:24,285712.875000,B0DB8AF16E20,0001,male,C57BL/6,1.1.1,FR1_Approach,0,Left,228,438,214,89,0,0,,,,,,,,,,,,,,,,,,,,
2026-07-23 23:45:27,285715.593750,B0DB8AF16E20,0001,male,C57BL/6,1.1.1,FR1_Approach,0,No_approach,228,438,214,89,0,0,,,,,,,,,,,,,,,,,,,,
2026-07-23 23:45:29,285717.593750,B0DB8AF16E20,0001,male,C57BL/6,1.1.1,FR1_Approach,0,Left,228,439,214,89,0,0,,,,,,,,,,,,,,,,,,,,
2026-07-23 23:45:30,285718.750000,B0DB8AF16E20,0001,male,C57BL/6,1.1.1,FR1_Approach,0,Approach,228,439,214,89,0,0,,,,,,,,,,,,,,,,,,,,
2026-07-23 23:45:31,285719.625000,B0DB8AF16E20,0001,male,C57BL/6,1.1.1,FR1_Approach,0,LeftWithPellet,228,440,214,89,0,0,,,,,,,,,,,,,,,,,,,,
2026-07-23 23:45:32,285720.812500,B0DB8AF16E20,0001,male,C57BL/6,1.1.1,FR1_Approach,0,LeftWithPellet,228,441,214,89,0,0,,,,,,,,,,,,,,,,,,,,
2026-07-23 23:45:34,285722.625000,B0DB8AF16E20,0001,male,C57BL/6,1.1.1,FR1_Approach,0,RightWithPellet,228,441,215,89,0,0,,,,,,,,,,,,,,,,,,,,
2026-07-23 23:45:35,285724.375000,B0DB8AF16E20,0001,male,C57BL/6,1.1.1,FR1_Approach,0,RightWithPellet,228,441,216,89,0,0,,,,,,,,,,,,,,,,,,,,
2026-07-23 23:45:37,285725.656250,B0DB8AF16E20,0001,male,C57BL/6,1.1.1,FR1_Approach,0,LeftWithPellet,228,442,216,89,0,0,,,,,,,,,,,,,,,,,,,,
2026-07-23 23:45:37,285726.500000,B0DB8AF16E20,0001,male,C57BL/6,1.1.1,FR1_Approach,0,LeftWithPellet,228,443,216,89,0,0,,,,,,,,,,,,,,,,,,,,
2026-07-23 23:45:39,285728.093750,B0DB8AF16E20,0001,male,C57BL/6,1.1.1,FR1_Approach,0,RightWithPellet,228,443,217,89,0,0,,,,,,,,,,,,,,,,,,,,
2026-07-23 23:45:40,285728.968750,B0DB8AF16E20,0001,male,C57BL/6,1.1.1,FR1_Approach,0,RightWithPellet,228,443,218,89,0,0,,,,,,,,,,,,,,,,,,,,
2026-07-23 23:45:41,285730.312500,B0DB8AF16E20,0001,male,C57BL/6,1.1.1,FR1_Approach,0,RightWithPellet,228,443,219,89,0,0,,,,,,,,,,,,,,,,,,,,
2026-07-23 23:45:43,285732.125000,B0DB8AF16E20,0001,male,C57BL/6,1.1.1,FR1_Approach,0,RightWithPellet,228,443,220,89,0,0,,,,,,,,,,,,,,,,,,,,
2026-07-23 23:45:46,285734.562500,B0DB8AF16E20,0001,male,C57BL/6,1.1.1,FR1_Approach,0,LeftWithPellet,228,444,220,89,0,0,,,,,,,,,,,,,,,,,,,,
2026-07-23 23:45:51,285740.062500,B0DB8AF16E20,0001,male,C57BL/6,1.1.1,FR1_Approach,0,Left,228,445,220,89,0,0,,,,,,,,,,,,,,,,,,,,
2026-07-23 23:45:54,285742.656250,B0DB8AF16E20,0001,male,C57BL/6,1.1.1,FR1_Approach,0,Approach,228,445,220,89,0,0,,,,,,,,,,,,,,,,,,,,
2026-07-23 23:45:59,285748.437500,B0DB8AF16E20,0001,male,C57BL/6,1.1.1,FR1_Approach,0,Left,228,446,220,89,0,0,,,,,,,,,,,,,,,,,,,,
2026-07-23 23:46:01,285750.312500,B0DB8AF16E20,0001,male,C57BL/6,1.1.1,FR1_Approach,0,Approach,228,446,220,89,0,0,,,,,,,,,,,,,,,,,,,,
2026-07-23 23:46:10,285758.812500,B0DB8AF16E20,0001,male,C57BL/6,1.1.1,FR1_Approach,0,LeftWithPellet,228,446,220,90,0,0,,,,,,,,,,,,,,,,,,,,
2026-07-23 23:46:11,285760.187500,B0DB8AF16E20,0001,male,C57BL/6,1.1.1,FR1_Approach,0,RightWithPellet,228,446,221,90,0,0,,,,,,,,,,,,,,,,,,,,
2026-07-23 23:46:15,285763.562500,B0DB8AF16E20,0001,male,C57BL/6,1.1.1,FR1_Approach,0,CenterWithPellet,228,446,221,91,0,0,,,,,,,,,,,,,,,,,,,,
2026-07-23 23:46:18,285767.218750,B0DB8AF16E20,0001,male,C57BL/6,1.1.1,FR1_Approach,0,LeftWithPellet,228,447,221,91,0,0,,,,,,,,,,,,,,,,,,,,
2026-07-23 23:46:20,285768.781250,B0DB8AF16E20,0001,male,C57BL/6,1.1.1,FR1_Approach,0,CenterWithPellet,228,447,221,92,0,0,,,,,,,,,,,,,,,,,,,,
2026-07-23 23:46:21,285769.750000,B0DB8AF16E20,0001,male,C57BL/6,1.1.1,FR1_Approach,0,RightWithPellet,228,447,222,92,0,0,,,,,,,,,,,,,,,,,,,,
2026-07-23 23:46:23,285771.687500,B0DB8AF16E20,0001,male,C57BL/6,1.1.1,FR1_Approach,0,Center,228,447,222,93,0,0,,,,,,,,,,,,,,,,,,,,
2026-07-23 23:46:24,285773.343750,B0DB8AF16E20,0001,male,C57BL/6,1.1.1,FR1_Approach,0,Left,228,448,222,93,0,0,,,,,,,,,,,,,,,,,,,,
2026-07-23 23:46:26,285775.437500,B0DB8AF16E20,0001,male,C57BL/6,1.1.1,FR1_Approach,0,Approach,228,448,222,93,0,0,,,,,,,,,,,,,,,,,,,,
2026-07-23 23:46:29,285777.562500,B0DB8AF16E20,0001,male,C57BL/6,1.1.1,FR1_Approach,0,LeftWithPellet,228,448,222,94,0,0,,,,,,,,,,,,,,,,,,,,
2026-07-23 23:47:14,285823.531250,B0DB8AF16E20,0001,male,C57BL/6,1.1.1,FR1_Approach,0,Right,228,448,223,94,0,0,,,,,,,,,,,,,,,,,,,,
2026-07-23 23:47:16,285825.062500,B0DB8AF16E20,0001,male,C57BL/6,1.1.1,FR1_Approach,0,Right,228,448,224,94,0,0,,,,,,,,,,,,,,,,,,,,
2026-07-23 23:51:43,286092.687500,B0DB8AF16E20,0001,male,C57BL/6,1.1.1,FR1_Approach,0,Status,228,448,224,94,0,0,,,,,Disabled,25.1,42.5,998.9,15.7,0.000,0.000,247724,339964,181444,59816,3.71,15.69
2026-07-23 23:54:49,286279.125000,B0DB8AF16E20,0001,male,C57BL/6,1.1.1,FR1_Approach,0,Left,228,449,224,94,0,0,,,,,,,,,,,,,,,,,,,,
2026-07-23 23:54:50,286280.250000,B0DB8AF16E20,0001,male,C57BL/6,1.1.1,FR1_Approach,0,Approach,228,449,224,94,0,0,,,,,,,,,,,,,,,,,,,,
2026-07-23 23:54:53,286283.031250,B0DB8AF16E20,0001,male,C57BL/6,1.1.1,FR1_Approach,0,PelletDrop,229,449,224,94,0,0,,,,,,,,,,,,,,,,,,,,
2026-07-23 23:54:55,286284.750000,B0DB8AF16E20,0001,male,C57BL/6,1.1.1,FR1_Approach,0,LeftWithPellet,229,450,224,94,0,0,,,,,,,,,,,,,,,,,,,,
2026-07-23 23:55:14,286303.562500,B0DB8AF16E20,0001,male,C57BL/6,1.1.1,FR1_Approach,0,PelletTaken,229,450,224,94,0,0,TimedOut,4.000,0,1,,,,,,,,,,,,,,,,
2026-07-24 00:03:20,286790.406250,B0DB8AF16E20,0001,male,C57BL/6,1.1.1,FR1_Approach,0,Status,229,450,224,94,0,0,,,,,Disabled,25.2,42.6,998.8,15.7,0.000,0.000,247724,339964,181440,59948,3.71,15.43
2026-07-24 00:04:51,286881.625000,B0DB8AF16E20,0001,male,C57BL/6,1.1.1,FR1_Approach,0,Left,229,451,224,94,0,0,,,,,,,,,,,,,,,,,,,,
2026-07-24 00:04:52,286882.750000,B0DB8AF16E20,0001,male,C57BL/6,1.1.1,FR1_Approach,0,Approach,229,451,224,94,0,0,,,,,,,,,,,,,,,,,,,,
2026-07-24 00:04:55,286885.562500,B0DB8AF16E20,0001,male,C57BL/6,1.1.1,FR1_Approach,0,PelletDrop,230,451,224,94,0,0,,,,,,,,,,,,,,,,,,,,
2026-07-24 00:05:15,286906.062500,B0DB8AF16E20,0001,male,C57BL/6,1.1.1,FR1_Approach,0,PelletTaken,230,451,224,94,0,0,TimedOut,224.000,0,1,,,,,,,,,,,,,,,,
2026-07-24 00:06:59,287009.937500,B0DB8AF16E20,0001,male,C57BL/6,1.1.1,FR1_Approach,0,Right,230,451,225,94,0,0,,,,,,,,,,,,,,,,,,,,
2026-07-24 00:07:01,287012.156250,B0DB8AF16E20,0001,male,C57BL/6,1.1.1,FR1_Approach,0,Right,230,451,226,94,0,0,,,,,,,,,,,,,,,,,,,,
2026-07-24 00:07:05,287015.593750,B0DB8AF16E20,0001,male,C57BL/6,1.1.1,FR1_Approach,0,Left,230,452,226,94,0,0,,,,,,,,,,,,,,,,,,,,
2026-07-24 00:07:06,287016.750000,B0DB8AF16E20,0001,male,C57BL/6,1.1.1,FR1_Approach,0,Approach,230,452,226,94,0,0,,,,,,,,,,,,,,,,,,,,
2026-07-24 00:09:32,287162.625000,B0DB8AF16E20,0001,male,C57BL/6,1.1.1,FR1_Approach,0,Left,230,453,226,94,0,0,,,,,,,,,,,,,,,,,,,,
2026-07-24 00:09:33,287163.781250,B0DB8AF16E20,0001,male,C57BL/6,1.1.1,FR1_Approach,0,Approach,230,453,226,94,0,0,,,,,,,,,,,,,,,,,,,,
2026-07-24 00:09:34,287164.718750,B0DB8AF16E20,0001,male,C57BL/6,1.1.1,FR1_Approach,0,LeftWithPellet,230,453,227,94,0,0,,,,,,,,,,,,,,,,,,,,
2026-07-24 00:09:36,287166.937500,B0DB8AF16E20,0001,male,C57BL/6,1.1.1,FR1_Approach,0,LeftWithPellet,230,454,227,94,0,0,,,,,,,,,,,,,,,,,,,,
2026-07-24 00:09:38,287168.875000,B0DB8AF16E20,0001,male,C57BL/6,1.1.1,FR1_Approach,0,RightWithPellet,230,454,228,94,0,0,,,,,,,,,,,,,,,,,,,,
2026-07-24 00:09:39,287170.531250,B0DB8AF16E20,0001,male,C57BL/6,1.1.1,FR1_Approach,0,LeftWithPellet,230,455,228,94,0,0,,,,,,,,,,,,,,,,,,,,
2026-07-24 00:09:44,287174.593750,B0DB8AF16E20,0001,male,C57BL/6,1.1.1,FR1_Approach,0,RightWithPellet,230,455,229,94,0,0,,,,,,,,,,,,,,,,,,,,
2026-07-24 00:09:50,287181.250000,B0DB8AF16E20,0001,male,C57BL/6,1.1.1,FR1_Approach,0,LeftWithPellet,230,456,229,94,0,0,,,,,,,,,,,,,,,,,,,,
2026-07-24 00:09:51,287182.156250,B0DB8AF16E20,0001,male,C57BL/6,1.1.1,FR1_Approach,0,LeftWithPellet,230,457,229,94,0,0,,,,,,,,,,,,,,,,,,,,
2026-07-24 00:09:56,287187.468750,B0DB8AF16E20,0001,male,C57BL/6,1.1.1,FR1_Approach,0,Left,230,458,229,94,0,0,,,,,,,,,,,,,,,,,,,,
2026-07-24 00:09:58,287188.593750,B0DB8AF16E20,0001,male,C57BL/6,1.1.1,FR1_Approach,0,Approach,230,458,229,94,0,0,,,,,,,,,,,,,,,,,,,,
2026-07-24 00:09:59,287190.406250,B0DB8AF16E20,0001,male,C57BL/6,1.1.1,FR1_Approach,0,LeftWithPellet,230,459,229,94,0,0,,,,,,,,,,,,,,,,,,,,
2026-07-24 00:10:04,287195.500000,B0DB8AF16E20,0001,male,C57BL/6,1.1.1,FR1_Approach,0,LeftWithPellet,230,460,229,94,0,0,,,,,,,,,,,,,,,,,,,,
2026-07-24 00:10:06,287196.625000,B0DB8AF16E20,0001,male,C57BL/6,1.1.1,FR1_Approach,0,LeftWithPellet,230,461,229,94,0,0,,,,,,,,,,,,,,,,,,,,
2026-07-24 00:14:58,287489.125000,B0DB8AF16E20,0001,male,C57BL/6,1.1.1,FR1_Approach,0,Status,230,461,229,94,0,0,,,,,Disabled,25.3,42.4,998.8,15.7,0.000,0.000,247724,339964,181440,60068,3.71,15.17
2026-07-24 00:19:36,287768.031250,B0DB8AF16E20,0001,male,C57BL/6,1.1.1,FR1_Approach,0,Right,230,461,230,94,0,0,,,,,,,,,,,,,,,,,,,,
2026-07-24 00:19:39,287770.625000,B0DB8AF16E20,0001,male,C57BL/6,1.1.1,FR1_Approach,0,Left,230,462,230,94,0,0,,,,,,,,,,,,,,,,,,,,
2026-07-24 00:19:40,287772.000000,B0DB8AF16E20,0001,male,C57BL/6,1.1.1,FR1_Approach,0,Approach,230,462,230,94,0,0,,,,,,,,,,,,,,,,,,,,
2026-07-24 00:19:43,287774.781250,B0DB8AF16E20,0001,male,C57BL/6,1.1.1,FR1_Approach,0,PelletDrop,231,462,230,94,0,0,,,,,,,,,,,,,,,,,,,,
2026-07-24 00:19:44,287775.718750,B0DB8AF16E20,0001,male,C57BL/6,1.1.1,FR1_Approach,0,LeftWithPellet,231,463,230,94,0,0,,,,,,,,,,,,,,,,,,,,
2026-07-24 00:19:47,287778.562500,B0DB8AF16E20,0001,male,C57BL/6,1.1.1,FR1_Approach,0,LeftWithPellet,231,464,230,94,0,0,,,,,,,,,,,,,,,,,,,,
2026-07-24 00:20:03,287795.343750,B0DB8AF16E20,0001,male,C57BL/6,1.1.1,FR1_Approach,0,PelletTaken,231,464,230,94,0,0,TimedOut,4.000,0,1,,,,,,,,,,,,,,,,
2026-07-24 00:26:38,288188.875000,B0DB8AF16E20,0001,male,C57BL/6,1.1.1,FR1_Approach,0,Status,231,464,230,94,0,0,,,,,Disabled,25.3,42.4,998.8,15.6,0.000,0.000,247724,339964,181440,60200,3.70,14.91
2026-07-24 00:27:51,288262.531250,B0DB8AF16E20,0001,male,C57BL/6,1.1.1,FR1_Approach,0,Left,231,465,230,94,0,0,,,,,,,,,,,,,,,,,,,,
2026-07-24 00:27:52,288263.687500,B0DB8AF16E20,0001,male,C57BL/6,1.1.1,FR1_Approach,0,Approach,231,465,230,94,0,0,,,,,,,,,,,,,,,,,,,,
2026-07-24 00:31:21,288472.562500,B0DB8AF16E20,0001,male,C57BL/6,1.1.1,FR1_Approach,0,Left,231,466,230,94,0,0,,,,,,,,,,,,,,,,,,,,
2026-07-24 00:31:22,288473.937500,B0DB8AF16E20,0001,male,C57BL/6,1.1.1,FR1_Approach,0,Approach,231,466,230,94,0,0,,,,,,,,,,,,,,,,,,,,
2026-07-24 00:31:23,288474.718750,B0DB8AF16E20,0001,male,C57BL/6,1.1.1,FR1_Approach,0,LeftWithPellet,231,466,230,94,0,0,,,,,,,,,,,,,,,,,,,,
2026-07-24 00:31:25,288476.562500,B0DB8AF16E20,0001,male,C57BL/6,1.1.1,FR1_Approach,0,LeftWithPellet,231,467,230,94,0,0,,,,,,,,,,,,,,,,,,,,
2026-07-24 00:31:26,288478.156250,B0DB8AF16E20,0001,male,C57BL/6,1.1.1,FR1_Approach,0,LeftWithPellet,231,468,230,94,0,0,,,,,,,,,,,,,,,,,,,,
2026-07-24 00:31:29,288480.531250,B0DB8AF16E20,0001,male,C57BL/6,1.1.1,FR1_Approach,0,RightWithPellet,231,468,231,94,0,0,,,,,,,,,,,,,,,,,,,,
2026-07-24 00:31:32,288483.437500,B0DB8AF16E20,0001,male,C57BL/6,1.1.1,FR1_Approach,0,LeftWithPellet,231,469,231,94,0,0,,,,,,,,,,,,,,,,,,,,
2026-07-24 00:38:17,288889.593750,B0DB8AF16E20,0001,male,C57BL/6,1.1.1,FR1_Approach,0,Right,231,469,232,94,0,0,,,,,,,,,,,,,,,,,,,,
2026-07-24 00:38:20,288892.906250,B0DB8AF16E20,0001,male,C57BL/6,1.1.1,FR1_Approach,0,Left,231,470,232,94,0,0,,,,,,,,,,,,,,,,,,,,
2026-07-24 00:38:21,288894.031250,B0DB8AF16E20,0001,male,C57BL/6,1.1.1,FR1_Approach,0,Approach,231,470,232,94,0,0,,,,,,,,,,,,,,,,,,,,
2026-07-24 00:38:24,288896.812500,B0DB8AF16E20,0001,male,C57BL/6,1.1.1,FR1_Approach,0,PelletDrop,232,470,232,94,0,0,,,,,,,,,,,,,,,,,,,,
2026-07-24 00:38:25,288898.250000,B0DB8AF16E20,0001,male,C57BL/6,1.1.1,FR1_Approach,0,LeftWithPellet,232,470,233,94,0,0,,,,,,,,,,,,,,,,,,,,
2026-07-24 00:38:44,288917.343750,B0DB8AF16E20,0001,male,C57BL/6,1.1.1,FR1_Approach,0,PelletTaken,232,470,233,94,0,0,TimedOut,3.000,0,1,,,,,,,,,,,,,,,,
2026-07-24 00:38:52,288925.000000,B0DB8AF16E20,0001,male,C57BL/6,1.1.1,FR1_Approach,0,Status,232,470,233,94,0,0,,,,,Disabled,25.4,42.2,998.8,15.5,0.000,0.000,247724,339964,181440,60332,3.71,14.66
2026-07-24 00:41:06,289059.156250,B0DB8AF16E20,0001,male,C57BL/6,1.1.1,FR1_Approach,0,Right,232,470,234,94,0,0,,,,,,,,,,,,,,,,,,,,
2026-07-24 00:41:09,289062.406250,B0DB8AF16E20,0001,male,C57BL/6,1.1.1,FR1_Approach,0,Left,232,471,234,94,0,0,,,,,,,,,,,,,,,,,,,,
2026-07-24 00:41:12,289065.000000,B0DB8AF16E20,0001,male,C57BL/6,1.1.1,FR1_Approach,0,Approach,232,471,234,94,0,0,,,,,,,,,,,,,,,,,,,,
2026-07-24 00:41:15,289067.781250,B0DB8AF16E20,0001,male,C57BL/6,1.1.1,FR1_Approach,0,PelletDrop,233,471,234,94,0,0,,,,,,,,,,,,,,,,,,,,
2026-07-24 00:41:15,289068.593750,B0DB8AF16E20,0001,male,C57BL/6,1.1.1,FR1_Approach,0,LeftWithPellet,233,472,234,94,0,0,,,,,,,,,,,,,,,,,,,,
2026-07-24 00:41:35,289088.312500,B0DB8AF16E20,0001,male,C57BL/6,1.1.1,FR1_Approach,0,PelletTaken,233,472,234,94,0,0,TimedOut,3.000,0,1,,,,,,,,,,,,,,,,
2026-07-24 00:47:38,289451.218750,B0DB8AF16E20,0001,male,C57BL/6,1.1.1,FR1_Approach,0,Right,233,472,235,94,0,0,,,,,,,,,,,,,,,,,,,,
2026-07-24 00:47:39,289452.687500,B0DB8AF16E20,0001,male,C57BL/6,1.1.1,FR1_Approach,0,Right,233,472,236,94,0,0,,,,,,,,,,,,,,,,,,,,
2026-07-24 00:47:42,289455.843750,B0DB8AF16E20,0001,male,C57BL/6,1.1.1,FR1_Approach,0,Left,233,473,236,94,0,0,,,,,,,,,,,,,,,,,,,,
2026-07-24 00:47:43,289456.968750,B0DB8AF16E20,0001,male,C57BL/6,1.1.1,FR1_Approach,0,Approach,233,473,236,94,0,0,,,,,,,,,,,,,,,,,,,,
2026-07-24 00:47:44,289457.843750,B0DB8AF16E20,0001,male,C57BL/6,1.1.1,FR1_Approach,0,LeftWithPellet,233,474,236,94,0,0,,,,,,,,,,,,,,,,,,,,
2026-07-24 00:47:47,289460.218750,B0DB8AF16E20,0001,male,C57BL/6,1.1.1,FR1_Approach,0,LeftWithPellet,233,475,236,94,0,0,,,,,,,,,,,,,,,,,,,,
2026-07-24 00:47:47,289461.031250,B0DB8AF16E20,0001,male,C57BL/6,1.1.1,FR1_Approach,0,LeftWithPellet,233,476,236,94,0,0,,,,,,,,,,,,,,,,,,,,
2026-07-24 00:47:50,289463.531250,B0DB8AF16E20,0001,male,C57BL/6,1.1.1,FR1_Approach,0,LeftWithPellet,233,477,236,94,0,0,,,,,,,,,,,,,,,,,,,,
2026-07-24 00:50:02,289595.250000,B0DB8AF16E20,0001,male,C57BL/6,1.1.1,FR1_Approach,0,Status,233,477,236,94,0,0,,,,,Disabled,25.4,42.3,998.8,15.6,0.000,0.000,247724,339964,181440,60453,3.70,14.66
2026-07-24 01:01:35,290288.937500,B0DB8AF16E20,0001,male,C57BL/6,1.1.1,FR1_Approach,0,Left,233,478,236,94,0,0,,,,,,,,,,,,,,,,,,,,
2026-07-24 01:01:37,290290.343750,B0DB8AF16E20,0001,male,C57BL/6,1.1.1,FR1_Approach,0,Approach,233,478,236,94,0,0,,,,,,,,,,,,,,,,,,,,
2026-07-24 01:01:39,290293.125000,B0DB8AF16E20,0001,male,C57BL/6,1.1.1,FR1_Approach,0,PelletDrop,234,478,236,94,0,0,,,,,,,,,,,,,,,,,,,,
2026-07-24 01:01:40,290293.812500,B0DB8AF16E20,0001,male,C57BL/6,1.1.1,FR1_Approach,0,PelletTaken,234,478,236,94,0,0,0.158,226.000,0,1,,,,,,,,,,,,,,,,
2026-07-24 01:01:48,290301.468750,B0DB8AF16E20,0001,male,C57BL/6,1.1.1,FR1_Approach,0,Status,234,478,236,94,0,0,,,,,Disabled,25.4,42.4,998.7,15.7,0.000,0.000,247724,339964,181440,60592,3.70,14.40
2026-07-24 01:02:21,290334.312500,B0DB8AF16E20,0001,male,C57BL/6,1.1.1,FR1_Approach,0,Left,234,479,236,94,0,0,,,,,,,,,,,,,,,,,,,,
2026-07-24 01:02:22,290335.468750,B0DB8AF16E20,0001,male,C57BL/6,1.1.1,FR1_Approach,0,Approach,234,479,236,94,0,0,,,,,,,,,,,,,,,,,,,,
2026-07-24 01:02:25,290338.250000,B0DB8AF16E20,0001,male,C57BL/6,1.1.1,FR1_Approach,0,PelletDrop,235,479,236,94,0,0,,,,,,,,,,,,,,,,,,,,
2026-07-24 01:02:26,290339.375000,B0DB8AF16E20,0001,male,C57BL/6,1.1.1,FR1_Approach,0,PelletNotDetected,235,479,236,94,0,0,,,,,,,,,,,,,,,,,,,,
2026-07-24 01:02:39,290352.468750,B0DB8AF16E20,0001,male,C57BL/6,1.1.1,FR1_Approach,0,Left,235,480,236,94,0,0,,,,,,,,,,,,,,,,,,,,
2026-07-24 01:02:40,290353.843750,B0DB8AF16E20,0001,male,C57BL/6,1.1.1,FR1_Approach,0,Approach,235,480,236,94,0,0,,,,,,,,,,,,,,,,,,,,
2026-07-24 01:02:43,290356.593750,B0DB8AF16E20,0001,male,C57BL/6,1.1.1,FR1_Approach,0,PelletDrop,236,480,236,94,0,0,,,,,,,,,,,,,,,,,,,,
2026-07-24 01:02:44,290357.718750,B0DB8AF16E20,0001,male,C57BL/6,1.1.1,FR1_Approach,0,PelletNotDetected,236,480,236,94,0,0,,,,,,,,,,,,,,,,,,,,
2026-07-24 01:03:18,290391.718750,B0DB8AF16E20,0001,male,C57BL/6,1.1.1,FR1_Approach,0,Left,236,481,236,94,0,0,,,,,,,,,,,,,,,,,,,,
2026-07-24 01:03:19,290393.093750,B0DB8AF16E20,0001,male,C57BL/6,1.1.1,FR1_Approach,0,Approach,236,481,236,94,0,0,,,,,,,,,,,,,,,,,,,,
2026-07-24 01:03:22,290395.843750,B0DB8AF16E20,0001,male,C57BL/6,1.1.1,FR1_Approach,0,PelletDrop,237,481,236,94,0,0,,,,,,,,,,,,,,,,,,,,
2026-07-24 01:03:24,290397.750000,B0DB8AF16E20,0001,male,C57BL/6,1.1.1,FR1_Approach,0,PelletTaken,237,481,236,94,0,0,1.368,70.000,0,3,,,,,,,,,,,,,,,,
2026-07-24 01:03:40,290413.906250,B0DB8AF16E20,0001,male,C57BL/6,1.1.1,FR1_Approach,0,Right,237,481,237,94,0,0,,,,,,,,,,,,,,,,,,,,
2026-07-24 01:03:42,290415.781250,B0DB8AF16E20,0001,male,C57BL/6,1.1.1,FR1_Approach,0,Right,237,481,238,94,0,0,,,,,,,,,,,,,,,,,,,,
2026-07-24 01:13:18,290992.718750,B0DB8AF16E20,0001,male,C57BL/6,1.1.1,FR1_Approach,0,Status,237,481,238,94,0,0,,,,,Disabled,25.4,42.4,998.7,15.7,0.000,0.000,247724,339964,181440,60725,3.71,14.14
2026-07-24 01:14:14,291049.312500,B0DB8AF16E20,0001,male,C57BL/6,1.1.1,FR1_Approach,0,Right,237,481,239,94,0,0,,,,,,,,,,,,,,,,,,,,
2026-07-24 01:14:41,291075.812500,B0DB8AF16E20,0001,male,C57BL/6,1.1.1,FR1_Approach,0,Right,237,481,240,94,0,0,,,,,,,,,,,,,,,,,,,,
2026-07-24 01:14:43,291078.312500,B0DB8AF16E20,0001,male,C57BL/6,1.1.1,FR1_Approach,0,Right,237,481,241,94,0,0,,,,,,,,,,,,,,,,,,,,
2026-07-24 01:14:49,291084.000000,B0DB8AF16E20,0001,male,C57BL/6,1.1.1,FR1_Approach,0,Left,237,482,241,94,0,0,,,,,,,,,,,,,,,,,,,,
2026-07-24 01:14:50,291085.156250,B0DB8AF16E20,0001,male,C57BL/6,1.1.1,FR1_Approach,0,Approach,237,482,241,94,0,0,,,,,,,,,,,,,,,,,,,,
2026-07-24 01:14:53,291087.968750,B0DB8AF16E20,0001,male,C57BL/6,1.1.1,FR1_Approach,0,PelletDrop,238,482,241,94,0,0,,,,,,,,,,,,,,,,,,,,
2026-07-24 01:14:54,291089.125000,B0DB8AF16E20,0001,male,C57BL/6,1.1.1,FR1_Approach,0,PelletNotDetected,238,482,241,94,0,0,,,,,,,,,,,,,,,,,,,,
2026-07-24 01:24:56,291691.531250,B0DB8AF16E20,0001,male,C57BL/6,1.1.1,FR1_Approach,0,Status,238,482,241,94,0,0,,,,,Disabled,25.5,42.6,998.7,15.7,0.000,0.000,247724,339964,181440,60862,3.70,13.88
2026-07-24 01:28:01,291876.093750,B0DB8AF16E20,0001,male,C57BL/6,1.1.1,FR1_Approach,0,Left,238,483,241,94,0,0,,,,,,,,,,,,,,,,,,,,
2026-07-24 01:28:02,291877.250000,B0DB8AF16E20,0001,male,C57BL/6,1.1.1,FR1_Approach,0,Approach,238,483,241,94,0,0,,,,,,,,,,,,,,,,,,,,
2026-07-24 01:28:04,291879.937500,B0DB8AF16E20,0001,male,C57BL/6,1.1.1,FR1_Approach,0,PelletDrop,239,483,241,94,0,0,,,,,,,,,,,,,,,,,,,,
2026-07-24 01:28:06,291881.062500,B0DB8AF16E20,0001,male,C57BL/6,1.1.1,FR1_Approach,0,PelletNotDetected,239,483,241,94,0,0,,,,,,,,,,,,,,,,,,,,
2026-07-24 01:30:46,292041.781250,B0DB8AF16E20,0001,male,C57BL/6,1.1.1,FR1_Approach,0,Left,239,484,241,94,0,0,,,,,,,,,,,,,,,,,,,,
2026-07-24 01:30:47,292042.937500,B0DB8AF16E20,0001,male,C57BL/6,1.1.1,FR1_Approach,0,Approach,239,484,241,94,0,0,,,,,,,,,,,,,,,,,,,,
2026-07-24 01:30:50,292045.656250,B0DB8AF16E20,0001,male,C57BL/6,1.1.1,FR1_Approach,0,PelletDrop,240,484,241,94,0,0,,,,,,,,,,,,,,,,,,,,
2026-07-24 01:30:51,292046.375000,B0DB8AF16E20,0001,male,C57BL/6,1.1.1,FR1_Approach,0,PelletTaken,240,484,241,94,0,0,0.180,80.000,0,3,,,,,,,,,,,,,,,,
2026-07-24 01:31:13,292068.937500,B0DB8AF16E20,0001,male,C57BL/6,1.1.1,FR1_Approach,0,Left,240,485,241,94,0,0,,,,,,,,,,,,,,,,,,,,
2026-07-24 01:31:15,292070.343750,B0DB8AF16E20,0001,male,C57BL/6,1.1.1,FR1_Approach,0,Approach,240,485,241,94,0,0,,,,,,,,,,,,,,,,,,,,
2026-07-24 01:31:17,292073.125000,B0DB8AF16E20,0001,male,C57BL/6,1.1.1,FR1_Approach,0,PelletDrop,241,485,241,94,0,0,,,,,,,,,,,,,,,,,,,,
2026-07-24 01:31:38,292093.656250,B0DB8AF16E20,0001,male,C57BL/6,1.1.1,FR1_Approach,0,PelletTaken,241,485,241,94,0,0,TimedOut,89.000,0,1,,,,,,,,,,,,,,,,
2026-07-24 01:34:11,292246.500000,B0DB8AF16E20,0001,male,C57BL/6,1.1.1,FR1_Approach,0,Left,241,486,241,94,0,0,,,,,,,,,,,,,,,,,,,,
2026-07-24 01:34:12,292247.625000,B0DB8AF16E20,0001,male,C57BL/6,1.1.1,FR1_Approach,0,Approach,241,486,241,94,0,0,,,,,,,,,,,,,,,,,,,,
2026-07-24 01:34:14,292249.718750,B0DB8AF16E20,0001,male,C57BL/6,1.1.1,FR1_Approach,0,LeftWithPellet,241,487,241,94,0,0,,,,,,,,,,,,,,,,,,,,
2026-07-24 01:34:21,292257.031250,B0DB8AF16E20,0001,male,C57BL/6,1.1.1,FR1_Approach,0,CenterWithPellet,241,487,241,95,0,0,,,,,,,,,,,,,,,,,,,,
2026-07-24 01:34:22,292258.250000,B0DB8AF16E20,0001,male,C57BL/6,1.1.1,FR1_Approach,0,LeftWithPellet,241,488,241,95,0,0,,,,,,,,,,,,,,,,,,,,
2026-07-24 01:34:23,292259.031250,B0DB8AF16E20,0001,male,C57BL/6,1.1.1,FR1_Approach,0,LeftWithPellet,241,489,241,95,0,0,,,,,,,,,,,,,,,,,,,,
2026-07-24 01:34:24,292260.375000,B0DB8AF16E20,0001,male,C57BL/6,1.1.1,FR1_Approach,0,LeftWithPellet,241,490,241,95,0,0,,,,,,,,,,,,,,,,,,,,
2026-07-24 01:34:26,292261.562500,B0DB8AF16E20,0001,male,C57BL/6,1.1.1,FR1_Approach,0,LeftWithPellet,241,491,241,95,0,0,,,,,,,,,,,,,,,,,,,,
2026-07-24 01:34:27,292263.187500,B0DB8AF16E20,0001,male,C57BL/6,1.1.1,FR1_Approach,0,RightWithPellet,241,491,242,95,0,0,,,,,,,,,,,,,,,,,,,,
2026-07-24 01:34:30,292265.718750,B0DB8AF16E20,0001,male,C57BL/6,1.1.1,FR1_Approach,0,RightWithPellet,241,491,243,95,0,0,,,,,,,,,,,,,,,,,,,,
2026-07-24 01:34:34,292270.156250,B0DB8AF16E20,0001,male,C57BL/6,1.1.1,FR1_Approach,0,Left,241,492,243,95,0,0,,,,,,,,,,,,,,,,,,,,
2026-07-24 01:34:35,292271.312500,B0DB8AF16E20,0001,male,C57BL/6,1.1.1,FR1_Approach,0,Approach,241,492,243,95,0,0,,,,,,,,,,,,,,,,,,,,
2026-07-24 01:34:37,292272.906250,B0DB8AF16E20,0001,male,C57BL/6,1.1.1,FR1_Approach,0,LeftWithPellet,241,493,243,95,0,0,,,,,,,,,,,,,,,,,,,,
2026-07-24 01:34:40,292275.687500,B0DB8AF16E20,0001,male,C57BL/6,1.1.1,FR1_Approach,0,LeftWithPellet,241,494,243,95,0,0,,,,,,,,,,,,,,,,,,,,
2026-07-24 01:36:44,292400.218750,B0DB8AF16E20,0001,male,C57BL/6,1.1.1,FR1_Approach,0,Status,241,494,243,95,0,0,,,,,Disabled,25.6,41.8,998.7,15.6,0.000,0.000,247724,339964,181440,60983,3.70,13.62
2026-07-24 01:42:38,292754.187500,B0DB8AF16E20,0001,male,C57BL/6,1.1.1,FR1_Approach,0,Right,241,494,244,95,0,0,,,,,,,,,,,,,,,,,,,,
2026-07-24 01:42:44,292760.625000,B0DB8AF16E20,0001,male,C57BL/6,1.1.1,FR1_Approach,0,Right,241,494,245,95,0,0,,,,,,,,,,,,,,,,,,,,
2026-07-24 01:42:47,292763.062500,B0DB8AF16E20,0001,male,C57BL/6,1.1.1,FR1_Approach,0,Left,241,495,245,95,0,0,,,,,,,,,,,,,,,,,,,,
2026-07-24 01:42:48,292764.687500,B0DB8AF16E20,0001,male,C57BL/6,1.1.1,FR1_Approach,0,Approach,241,495,245,95,0,0,,,,,,,,,,,,,,,,,,,,
2026-07-24 01:42:49,292765.406250,B0DB8AF16E20,0001,male,C57BL/6,1.1.1,FR1_Approach,0,LeftWithPellet,241,495,245,95,0,0,,,,,,,,,,,,,,,,,,,,
2026-07-24 01:42:51,292767.437500,B0DB8AF16E20,0001,male,C57BL/6,1.1.1,FR1_Approach,0,LeftWithPellet,241,496,245,95,0,0,,,,,,,,,,,,,,,,,,,,
2026-07-24 01:42:53,292769.156250,B0DB8AF16E20,0001,male,C57BL/6,1.1.1,FR1_Approach,0,RightWithPellet,241,496,246,95,0,0,,,,,,,,,,,,,,,,,,,,
2026-07-24 01:42:55,292771.531250,B0DB8AF16E20,0001,male,C57BL/6,1.1.1,FR1_Approach,0,LeftWithPellet,241,497,246,95,0,0,,,,,,,,,,,,,,,,,,,,
2026-07-24 01:42:57,292773.687500,B0DB8AF16E20,0001,male,C57BL/6,1.1.1,FR1_Approach,0,RightWithPellet,241,497,247,95,0,0,,,,,,,,,,,,,,,,,,,,
2026-07-24 01:42:59,292775.093750,B0DB8AF16E20,0001,male,C57BL/6,1.1.1,FR1_Approach,0,LeftWithPellet,241,498,247,95,0,0,,,,,,,,,,,,,,,,,,,,
2026-07-24 01:43:01,292777.031250,B0DB8AF16E20,0001,male,C57BL/6,1.1.1,FR1_Approach,0,RightWithPellet,241,498,248,95,0,0,,,,,,,,,,,,,,,,,,,,
2026-07-24 01:43:03,292779.781250,B0DB8AF16E20,0001,male,C57BL/6,1.1.1,FR1_Approach,0,RightWithPellet,241,498,249,95,0,0,,,,,,,,,,,,,,,,,,,,
2026-07-24 01:43:05,292781.656250,B0DB8AF16E20,0001,male,C57BL/6,1.1.1,FR1_Approach,0,LeftWithPellet,241,499,249,95,0,0,,,,,,,,,,,,,,,,,,,,
2026-07-24 01:43:09,292785.250000,B0DB8AF16E20,0001,male,C57BL/6,1.1.1,FR1_Approach,0,LeftWithPellet,241,500,249,95,0,0,,,,,,,,,,,,,,,,,,,,
2026-07-24 01:48:23,293099.937500,B0DB8AF16E20,0001,male,C57BL/6,1.1.1,FR1_Approach,0,Status,241,500,249,95,0,0,,,,,Disabled,25.6,42.1,998.7,15.6,0.000,0.000,247724,339964,181440,61117,3.71,13.36
2026-07-24 02:00:02,293799.562500,B0DB8AF16E20,0001,male,C57BL/6,1.1.1,FR1_Approach,0,Status,241,500,249,95,0,0,,,,,Disabled,25.6,42.1,998.7,15.7,0.000,0.000,247724,339964,181440,61254,3.70,13.10
2026-07-24 02:10:35,294432.750000,B0DB8AF16E20,0001,male,C57BL/6,1.1.1,FR1_Approach,0,Status,241,500,249,95,0,0,,,,,Disabled,25.3,43.6,998.7,15.9,0.000,0.000,247724,339964,181440,61391,3.71,13.10
2026-07-24 02:14:20,294658.375000,B0DB8AF16E20,0001,male,C57BL/6,1.1.1,FR1_Approach,0,Left,241,501,249,95,0,0,,,,,,,,,,,,,,,,,,,,
2026-07-24 02:14:23,294661.093750,B0DB8AF16E20,0001,male,C57BL/6,1.1.1,FR1_Approach,0,No_approach,241,501,249,95,0,0,,,,,,,,,,,,,,,,,,,,
2026-07-24 02:16:47,294805.437500,B0DB8AF16E20,0001,male,C57BL/6,1.1.1,FR1_Approach,0,Left,241,502,249,95,0,0,,,,,,,,,,,,,,,,,,,,
2026-07-24 02:16:49,294807.562500,B0DB8AF16E20,0001,male,C57BL/6,1.1.1,FR1_Approach,0,Approach,241,502,249,95,0,0,,,,,,,,,,,,,,,,,,,,
2026-07-24 02:16:52,294810.343750,B0DB8AF16E20,0001,male,C57BL/6,1.1.1,FR1_Approach,0,PelletDrop,242,502,249,95,0,0,,,,,,,,,,,,,,,,,,,,
2026-07-24 02:16:53,294811.468750,B0DB8AF16E20,0001,male,C57BL/6,1.1.1,FR1_Approach,0,PelletNotDetected,242,502,249,95,0,0,,,,,,,,,,,,,,,,,,,,
2026-07-24 02:21:05,295064.031250,B0DB8AF16E20,0001,male,C57BL/6,1.1.1,FR1_Approach,0,Status,242,502,249,95,0,0,,,,,Disabled,25.1,43.7,998.7,16.1,0.000,0.000,247724,339964,181440,61526,3.71,13.10
2026-07-24 02:21:54,295112.250000,B0DB8AF16E20,0001,male,C57BL/6,1.1.1,FR1_Approach,0,Right,242,502,250,95,0,0,,,,,,,,,,,,,,,,,,,,
2026-07-24 02:21:56,295114.437500,B0DB8AF16E20,0001,male,C57BL/6,1.1.1,FR1_Approach,0,Right,242,502,251,95,0,0,,,,,,,,,,,,,,,,,,,,
2026-07-24 02:29:18,295557.406250,B0DB8AF16E20,0001,male,C57BL/6,1.1.1,FR1_Approach,0,Left,242,503,251,95,0,0,,,,,,,,,,,,,,,,,,,,
2026-07-24 02:29:19,295558.531250,B0DB8AF16E20,0001,male,C57BL/6,1.1.1,FR1_Approach,0,Approach,242,503,251,95,0,0,,,,,,,,,,,,,,,,,,,,
2026-07-24 02:29:22,295561.750000,B0DB8AF16E20,0001,male,C57BL/6,1.1.1,FR1_Approach,0,PelletDrop,243,503,251,95,0,0,,,,,,,,,,,,,,,,,,,,
2026-07-24 02:29:43,295582.281250,B0DB8AF16E20,0001,male,C57BL/6,1.1.1,FR1_Approach,0,PelletTaken,243,503,251,95,0,0,TimedOut,235.000,0,2,,,,,,,,,,,,,,,,
2026-07-24 02:31:35,295694.843750,B0DB8AF16E20,0001,male,C57BL/6,1.1.1,FR1_Approach,0,Status,243,503,251,95,0,0,,,,,Disabled,25.0,43.6,998.7,16.2,0.000,0.000,247724,339964,181440,61657,3.70,12.84
2026-07-24 02:33:53,295832.968750,B0DB8AF16E20,0001,male,C57BL/6,1.1.1,FR1_Approach,0,Left,243,504,251,95,0,0,,,,,,,,,,,,,,,,,,,,
2026-07-24 02:33:54,295834.093750,B0DB8AF16E20,0001,male,C57BL/6,1.1.1,FR1_Approach,0,Approach,243,504,251,95,0,0,,,,,,,,,,,,,,,,,,,,
2026-07-24 02:34:00,295839.500000,B0DB8AF16E20,0001,male,C57BL/6,1.1.1,FR1_Approach,0,LeftWithPellet,243,505,251,95,0,0,,,,,,,,,,,,,,,,,,,,
2026-07-24 02:34:02,295841.656250,B0DB8AF16E20,0001,male,C57BL/6,1.1.1,FR1_Approach,0,RightWithPellet,243,505,252,95,0,0,,,,,,,,,,,,,,,,,,,,
2026-07-24 02:34:04,295843.562500,B0DB8AF16E20,0001,male,C57BL/6,1.1.1,FR1_Approach,0,LeftWithPellet,243,506,252,95,0,0,,,,,,,,,,,,,,,,,,,,
2026-07-24 02:35:19,295919.156250,B0DB8AF16E20,0001,male,C57BL/6,1.1.1,FR1_Approach,0,Left,243,507,252,95,0,0,,,,,,,,,,,,,,,,,,,,
2026-07-24 02:35:21,295920.312500,B0DB8AF16E20,0001,male,C57BL/6,1.1.1,FR1_Approach,0,Approach,243,507,252,95,0,0,,,,,,,,,,,,,,,,,,,,
2026-07-24 02:35:23,295923.093750,B0DB8AF16E20,0001,male,C57BL/6,1.1.1,FR1_Approach,0,PelletDrop,244,507,252,95,0,0,,,,,,,,,,,,,,,,,,,,
2026-07-24 02:35:44,295943.625000,B0DB8AF16E20,0001,male,C57BL/6,1.1.1,FR1_Approach,0,PelletTaken,244,507,252,95,0,0,TimedOut,148.000,0,1,,,,,,,,,,,,,,,,
2026-07-24 02:40:02,296201.593750,B0DB8AF16E20,0001,male,C57BL/6,1.1.1,FR1_Approach,0,Left,244,508,252,95,0,0,,,,,,,,,,,,,,,,,,,,
2026-07-24 02:40:03,296203.437500,B0DB8AF16E20,0001,male,C57BL/6,1.1.1,FR1_Approach,0,Approach,244,508,252,95,0,0,,,,,,,,,,,,,,,,,,,,
2026-07-24 02:40:06,296205.875000,B0DB8AF16E20,0001,male,C57BL/6,1.1.1,FR1_Approach,0,LeftWithPellet,244,508,253,95,0,0,,,,,,,,,,,,,,,,,,,,
2026-07-24 02:40:10,296209.718750,B0DB8AF16E20,0001,male,C57BL/6,1.1.1,FR1_Approach,0,LeftWithPellet,244,509,253,95,0,0,,,,,,,,,,,,,,,,,,,,
2026-07-24 02:40:15,296215.187500,B0DB8AF16E20,0001,male,C57BL/6,1.1.1,FR1_Approach,0,LeftWithPellet,244,510,253,95,0,0,,,,,,,,,,,,,,,,,,,,
2026-07-24 02:40:22,296221.687500,B0DB8AF16E20,0001,male,C57BL/6,1.1.1,FR1_Approach,0,LeftWithPellet,244,511,253,95,0,0,,,,,,,,,,,,,,,,,,,,
2026-07-24 02:40:23,296222.843750,B0DB8AF16E20,0001,male,C57BL/6,1.1.1,FR1_Approach,0,CenterWithPellet,244,511,253,96,0,0,,,,,,,,,,,,,,,,,,,,
2026-07-24 02:40:24,296223.687500,B0DB8AF16E20,0001,male,C57BL/6,1.1.1,FR1_Approach,0,RightWithPellet,244,511,254,96,0,0,,,,,,,,,,,,,,,,,,,,
2026-07-24 02:40:26,296226.250000,B0DB8AF16E20,0001,male,C57BL/6,1.1.1,FR1_Approach,0,Left,244,512,254,96,0,0,,,,,,,,,,,,,,,,,,,,
2026-07-24 02:40:29,296228.968750,B0DB8AF16E20,0001,male,C57BL/6,1.1.1,FR1_Approach,0,No_approach,244,512,254,96,0,0,,,,,,,,,,,,,,,,,,,,
2026-07-24 02:40:32,296231.843750,B0DB8AF16E20,0001,male,C57BL/6,1.1.1,FR1_Approach,0,Left,244,513,254,96,0,0,,,,,,,,,,,,,,,,,,,,
2026-07-24 02:40:35,296234.562500,B0DB8AF16E20,0001,male,C57BL/6,1.1.1,FR1_Approach,0,No_approach,244,513,254,96,0,0,,,,,,,,,,,,,,,,,,,,
2026-07-24 02:40:37,296237.312500,B0DB8AF16E20,0001,male,C57BL/6,1.1.1,FR1_Approach,0,Right,244,513,255,96,0,0,,,,,,,,,,,,,,,,,,,,
2026-07-24 02:40:39,296239.125000,B0DB8AF16E20,0001,male,C57BL/6,1.1.1,FR1_Approach,0,Right,244,513,256,96,0,0,,,,,,,,,,,,,,,,,,,,
2026-07-24 02:41:03,296263.093750,B0DB8AF16E20,0001,male,C57BL/6,1.1.1,FR1_Approach,0,Left,244,514,256,96,0,0,,,,,,,,,,,,,,,,,,,,
2026-07-24 02:41:05,296265.437500,B0DB8AF16E20,0001,male,C57BL/6,1.1.1,FR1_Approach,0,Approach,244,514,256,96,0,0,,,,,,,,,,,,,,,,,,,,
2026-07-24 02:41:10,296270.437500,B0DB8AF16E20,0001,male,C57BL/6,1.1.1,FR1_Approach,0,PelletDrop,245,514,256,96,0,0,,,,,,,,,,,,,,,,,,,,
2026-07-24 02:41:31,296290.968750,B0DB8AF16E20,0001,male,C57BL/6,1.1.1,FR1_Approach,0,PelletTaken,245,514,256,96,0,0,TimedOut,109.000,0,2,,,,,,,,,,,,,,,,
2026-07-24 02:43:20,296400.500000,B0DB8AF16E20,0001,male,C57BL/6,1.1.1,FR1_Approach,0,Status,245,514,256,96,0,0,,,,,Disabled,25.1,41.8,998.7,15.9,0.000,0.000,247724,339964,181440,61775,3.69,12.59
2026-07-24 02:46:17,296578.125000,B0DB8AF16E20,0001,male,C57BL/6,1.1.1,FR1_Approach,0,Left,245,515,256,96,0,0,,,,,,,,,,,,,,,,,,,,
2026-07-24 02:46:20,296580.843750,B0DB8AF16E20,0001,male,C57BL/6,1.1.1,FR1_Approach,0,No_approach,245,515,256,96,0,0,,,,,,,,,,,,,,,,,,,,
2026-07-24 02:47:55,296676.468750,B0DB8AF16E20,0001,male,C57BL/6,1.1.1,FR1_Approach,0,Right,245,515,257,96,0,0,,,,,,,,,,,,,,,,,,,,
2026-07-24 02:49:05,296745.937500,B0DB8AF16E20,0001,male,C57BL/6,1.1.1,FR1_Approach,0,Left,245,516,257,96,0,0,,,,,,,,,,,,,,,,,,,,
2026-07-24 02:49:06,296747.062500,B0DB8AF16E20,0001,male,C57BL/6,1.1.1,FR1_Approach,0,Approach,245,516,257,96,0,0,,,,,,,,,,,,,,,,,,,,
2026-07-24 02:49:08,296748.937500,B0DB8AF16E20,0001,male,C57BL/6,1.1.1,FR1_Approach,0,LeftWithPellet,245,517,257,96,0,0,,,,,,,,,,,,,,,,,,,,
2026-07-24 02:49:14,296755.687500,B0DB8AF16E20,0001,male,C57BL/6,1.1.1,FR1_Approach,0,LeftWithPellet,245,518,257,96,0,0,,,,,,,,,,,,,,,,,,,,
2026-07-24 02:55:06,297107.187500,B0DB8AF16E20,0001,male,C57BL/6,1.1.1,FR1_Approach,0,Status,245,518,257,96,0,0,,,,,Disabled,25.2,41.9,998.8,15.8,0.000,0.000,247724,339964,181440,61907,3.69,12.59
2026-07-24 03:01:07,297468.500000,B0DB8AF16E20,0001,male,C57BL/6,1.1.1,FR1_Approach,0,Right,245,518,258,96,0,0,,,,,,,,,,,,,,,,,,,,
2026-07-24 03:01:10,297471.531250,B0DB8AF16E20,0001,male,C57BL/6,1.1.1,FR1_Approach,0,Right,245,518,259,96,0,0,,,,,,,,,,,,,,,,,,,,
2026-07-24 03:05:39,297741.593750,B0DB8AF16E20,0001,male,C57BL/6,1.1.1,FR1_Approach,0,Status,245,518,259,96,0,0,,,,,Disabled,25.0,43.6,998.7,16.0,0.000,0.000,247724,339964,181440,62045,3.69,12.33
2026-07-24 03:17:24,298446.781250,B0DB8AF16E20,0001,male,C57BL/6,1.1.1,FR1_Approach,0,Status,245,518,259,96,0,0,,,,,Disabled,25.1,41.9,998.7,16.0,0.000,0.000,247724,339964,181440,62182,3.69,12.33
2026-07-24 03:27:57,299080.031250,B0DB8AF16E20,0001,male,C57BL/6,1.1.1,FR1_Approach,0,Status,245,518,259,96,0,0,,,,,Disabled,24.9,43.5,998.6,16.2,0.000,0.000,247724,339964,181440,62319,3.69,12.07
2026-07-24 03:39:41,299784.281250,B0DB8AF16E20,0001,male,C57BL/6,1.1.1,FR1_Approach,0,Status,245,518,259,96,0,0,,,,,Disabled,25.0,41.9,998.5,16.1,0.000,0.000,247724,339964,181440,62456,3.69,12.07
2026-07-24 03:51:16,300481.000000,B0DB8AF16E20,0001,male,C57BL/6,1.1.1,FR1_Approach,0,Status,245,518,259,96,0,0,,,,,Disabled,25.0,42.0,998.4,16.1,0.000,0.000,247724,339964,181440,62593,3.69,11.81
2026-07-24 04:01:49,301114.218750,B0DB8AF16E20,0001,male,C57BL/6,1.1.1,FR1_Approach,0,Status,245,518,259,96,0,0,,,,,Disabled,24.8,43.4,998.3,16.3,0.000,0.000,247724,339964,181440,62730,3.69,11.81
2026-07-24 04:13:32,301817.625000,B0DB8AF16E20,0001,male,C57BL/6,1.1.1,FR1_Approach,0,Status,245,518,259,96,0,0,,,,,Disabled,24.9,41.9,998.3,16.4,0.000,0.000,247724,339964,181440,62867,3.69,11.55
2026-07-24 04:24:04,302450.875000,B0DB8AF16E20,0001,male,C57BL/6,1.1.1,FR1_Approach,0,Status,245,518,259,96,0,0,,,,,Disabled,24.7,43.4,998.3,16.6,0.000,0.000,247724,339964,181440,63004,3.70,11.55
2026-07-24 04:34:36,303084.062500,B0DB8AF16E20,0001,male,C57BL/6,1.1.1,FR1_Approach,0,Status,245,518,259,96,0,0,,,,,Disabled,24.6,43.5,998.3,16.7,0.000,0.000,247724,339964,181440,63141,3.70,11.29
2026-07-24 04:46:13,303782.000000,B0DB8AF16E20,0001,male,C57BL/6,1.1.1,FR1_Approach,0,Status,245,518,259,96,0,0,,,,,Disabled,24.7,41.9,998.2,16.4,0.000,0.000,247724,339964,181436,63278,3.69,11.29
2026-07-24 04:56:46,304415.187500,B0DB8AF16E20,0001,male,C57BL/6,1.1.1,FR1_Approach,0,Status,245,518,259,96,0,0,,,,,Disabled,24.5,43.5,998.2,16.6,0.000,0.000,247724,339964,181436,63415,3.70,11.03
2026-07-24 04:58:08,304497.875000,B0DB8AF16E20,0001,male,C57BL/6,1.1.1,FR1_Approach,0,Right,245,518,260,96,0,0,,,,,,,,,,,,,,,,,,,,
2026-07-24 04:58:10,304500.031250,B0DB8AF16E20,0001,male,C57BL/6,1.1.1,FR1_Approach,0,Right,245,518,261,96,0,0,,,,,,,,,,,,,,,,,,,,
2026-07-24 04:58:13,304502.812500,B0DB8AF16E20,0001,male,C57BL/6,1.1.1,FR1_Approach,0,Right,245,518,262,96,0,0,,,,,,,,,,,,,,,,,,,,
2026-07-24 04:59:59,304609.000000,B0DB8AF16E20,0001,male,C57BL/6,1.1.1,FR1_Approach,0,Center,245,518,262,97,0,0,,,,,,,,,,,,,,,,,,,,
2026-07-24 05:00:02,304612.218750,B0DB8AF16E20,0001,male,C57BL/6,1.1.1,FR1_Approach,0,Left,245,519,262,97,0,0,,,,,,,,,,,,,,,,,,,,
2026-07-24 05:00:04,304613.375000,B0DB8AF16E20,0001,male,C57BL/6,1.1.1,FR1_Approach,0,Approach,245,519,262,97,0,0,,,,,,,,,,,,,,,,,,,,
2026-07-24 05:00:06,304616.156250,B0DB8AF16E20,0001,male,C57BL/6,1.1.1,FR1_Approach,0,PelletDrop,246,519,262,97,0,0,,,,,,,,,,,,,,,,,,,,
2026-07-24 05:00:07,304616.937500,B0DB8AF16E20,0001,male,C57BL/6,1.1.1,FR1_Approach,0,PelletTaken,246,519,262,97,0,0,0.257,465.000,0,1,,,,,,,,,,,,,,,,
2026-07-24 05:00:26,304636.125000,B0DB8AF16E20,0001,male,C57BL/6,1.1.1,FR1_Approach,0,Left,246,520,262,97,0,0,,,,,,,,,,,,,,,,,,,,
2026-07-24 05:00:29,304638.500000,B0DB8AF16E20,0001,male,C57BL/6,1.1.1,FR1_Approach,0,Approach,246,520,262,97,0,0,,,,,,,,,,,,,,,,,,,,
2026-07-24 05:00:31,304641.281250,B0DB8AF16E20,0001,male,C57BL/6,1.1.1,FR1_Approach,0,PelletDrop,247,520,262,97,0,0,,,,,,,,,,,,,,,,,,,,
2026-07-24 05:00:33,304642.375000,B0DB8AF16E20,0001,male,C57BL/6,1.1.1,FR1_Approach,0,PelletNotDetected,247,520,262,97,0,0,,,,,,,,,,,,,,,,,,,,
2026-07-24 05:02:05,304734.812500,B0DB8AF16E20,0001,male,C57BL/6,1.1.1,FR1_Approach,0,Left,247,521,262,97,0,0,,,,,,,,,,,,,,,,,,,,
2026-07-24 05:02:07,304736.937500,B0DB8AF16E20,0001,male,C57BL/6,1.1.1,FR1_Approach,0,Approach,247,521,262,97,0,0,,,,,,,,,,,,,,,,,,,,
2026-07-24 05:02:10,304739.625000,B0DB8AF16E20,0001,male,C57BL/6,1.1.1,FR1_Approach,0,PelletDrop,248,521,262,97,0,0,,,,,,,,,,,,,,,,,,,,
2026-07-24 05:02:11,304740.750000,B0DB8AF16E20,0001,male,C57BL/6,1.1.1,FR1_Approach,0,PelletNotDetected,248,521,262,97,0,0,,,,,,,,,,,,,,,,,,,,
2026-07-24 05:03:42,304831.625000,B0DB8AF16E20,0001,male,C57BL/6,1.1.1,FR1_Approach,0,Left,248,522,262,97,0,0,,,,,,,,,,,,,,,,,,,,
2026-07-24 05:03:43,304832.781250,B0DB8AF16E20,0001,male,C57BL/6,1.1.1,FR1_Approach,0,Approach,248,522,262,97,0,0,,,,,,,,,,,,,,,,,,,,
2026-07-24 05:03:45,304835.500000,B0DB8AF16E20,0001,male,C57BL/6,1.1.1,FR1_Approach,0,PelletDrop,249,522,262,97,0,0,,,,,,,,,,,,,,,,,,,,
2026-07-24 05:03:46,304836.375000,B0DB8AF16E20,0001,male,C57BL/6,1.1.1,FR1_Approach,0,PelletTaken,249,522,262,97,0,0,0.324,100.000,0,3,,,,,,,,,,,,,,,,
2026-07-24 05:08:24,305114.468750,B0DB8AF16E20,0001,male,C57BL/6,1.1.1,FR1_Approach,0,Status,249,522,262,97,0,0,,,,,Disabled,24.7,42.3,998.2,16.3,0.000,0.000,247724,339964,181436,63551,3.69,11.03
2026-07-24 05:12:09,305339.937500,B0DB8AF16E20,0001,male,C57BL/6,1.1.1,FR1_Approach,0,Right,249,522,263,97,0,0,,,,,,,,,,,,,,,,,,,,
2026-07-24 05:12:20,305351.093750,B0DB8AF16E20,0001,male,C57BL/6,1.1.1,FR1_Approach,0,Left,249,523,263,97,0,0,,,,,,,,,,,,,,,,,,,,
2026-07-24 05:12:21,305352.218750,B0DB8AF16E20,0001,male,C57BL/6,1.1.1,FR1_Approach,0,Approach,249,523,263,97,0,0,,,,,,,,,,,,,,,,,,,,
2026-07-24 05:12:28,305358.562500,B0DB8AF16E20,0001,male,C57BL/6,1.1.1,FR1_Approach,0,LeftWithPellet,249,524,263,97,0,0,,,,,,,,,,,,,,,,,,,,
2026-07-24 05:18:56,305747.281250,B0DB8AF16E20,0001,male,C57BL/6,1.1.1,FR1_Approach,0,Status,249,524,263,97,0,0,,,,,Disabled,24.6,43.6,998.2,16.6,0.000,0.000,247724,339964,181436,63684,3.68,10.77
2026-07-24 05:21:41,305912.718750,B0DB8AF16E20,0001,male,C57BL/6,1.1.1,FR1_Approach,0,Left,249,525,263,97,0,0,,,,,,,,,,,,,,,,,,,,
2026-07-24 05:21:44,305915.437500,B0DB8AF16E20,0001,male,C57BL/6,1.1.1,FR1_Approach,0,No_approach,249,525,263,97,0,0,,,,,,,,,,,,,,,,,,,,
2026-07-24 05:21:56,305927.187500,B0DB8AF16E20,0001,male,C57BL/6,1.1.1,FR1_Approach,0,Right,249,525,264,97,0,0,,,,,,,,,,,,,,,,,,,,
2026-07-24 05:24:48,306100.250000,B0DB8AF16E20,0001,male,C57BL/6,1.1.1,FR1_Approach,0,Right,249,525,265,97,0,0,,,,,,,,,,,,,,,,,,,,
2026-07-24 05:24:51,306102.875000,B0DB8AF16E20,0001,male,C57BL/6,1.1.1,FR1_Approach,0,Left,249,526,265,97,0,0,,,,,,,,,,,,,,,,,,,,
2026-07-24 05:24:54,306105.468750,B0DB8AF16E20,0001,male,C57BL/6,1.1.1,FR1_Approach,0,Approach,249,526,265,97,0,0,,,,,,,,,,,,,,,,,,,,
2026-07-24 05:24:55,306106.500000,B0DB8AF16E20,0001,male,C57BL/6,1.1.1,FR1_Approach,0,LeftWithPellet,249,527,265,97,0,0,,,,,,,,,,,,,,,,,,,,
2026-07-24 05:24:58,306109.312500,B0DB8AF16E20,0001,male,C57BL/6,1.1.1,FR1_Approach,0,LeftWithPellet,249,528,265,97,0,0,,,,,,,,,,,,,,,,,,,,
2026-07-24 05:25:01,306112.500000,B0DB8AF16E20,0001,male,C57BL/6,1.1.1,FR1_Approach,0,RightWithPellet,249,528,266,97,0,0,,,,,,,,,,,,,,,,,,,,
2026-07-24 05:30:43,306453.781250,B0DB8AF16E20,0001,male,C57BL/6,1.1.1,FR1_Approach,0,Status,249,528,266,97,0,0,,,,,Disabled,24.8,42.1,998.3,16.3,0.000,0.000,247724,339964,181436,63820,3.69,10.52
2026-07-24 05:33:49,306640.937500,B0DB8AF16E20,0001,male,C57BL/6,1.1.1,FR1_Approach,0,Right,249,528,267,97,0,0,,,,,,,,,,,,,,,,,,,,
2026-07-24 05:34:02,306653.906250,B0DB8AF16E20,0001,male,C57BL/6,1.1.1,FR1_Approach,0,Left,249,529,267,97,0,0,,,,,,,,,,,,,,,,,,,,
2026-07-24 05:34:04,306655.062500,B0DB8AF16E20,0001,male,C57BL/6,1.1.1,FR1_Approach,0,Approach,249,529,267,97,0,0,,,,,,,,,,,,,,,,,,,,
2026-07-24 05:34:06,306657.843750,B0DB8AF16E20,0001,male,C57BL/6,1.1.1,FR1_Approach,0,PelletDrop,250,529,267,97,0,0,,,,,,,,,,,,,,,,,,,,
2026-07-24 05:34:07,306658.531250,B0DB8AF16E20,0001,male,C57BL/6,1.1.1,FR1_Approach,0,PelletTaken,250,529,267,97,0,0,0.170,62.000,0,1,,,,,,,,,,,,,,,,
2026-07-24 05:35:21,306732.781250,B0DB8AF16E20,0001,male,C57BL/6,1.1.1,FR1_Approach,0,Left,250,530,267,97,0,0,,,,,,,,,,,,,,,,,,,,
2026-07-24 05:35:24,306735.500000,B0DB8AF16E20,0001,male,C57BL/6,1.1.1,FR1_Approach,0,No_approach,250,530,267,97,0,0,,,,,,,,,,,,,,,,,,,,
2026-07-24 05:35:31,306742.406250,B0DB8AF16E20,0001,male,C57BL/6,1.1.1,FR1_Approach,0,Left,250,531,267,97,0,0,,,,,,,,,,,,,,,,,,,,
2026-07-24 05:35:32,306743.781250,B0DB8AF16E20,0001,male,C57BL/6,1.1.1,FR1_Approach,0,Approach,250,531,267,97,0,0,,,,,,,,,,,,,,,,,,,,
2026-07-24 05:35:37,306748.812500,B0DB8AF16E20,0001,male,C57BL/6,1.1.1,FR1_Approach,0,PelletDrop,251,531,267,97,0,0,,,,,,,,,,,,,,,,,,,,
2026-07-24 05:35:42,306753.562500,B0DB8AF16E20,0001,male,C57BL/6,1.1.1,FR1_Approach,0,PelletTaken,251,531,267,97,0,0,4.218,42.000,0,2,,,,,,,,,,,,,,,,
2026-07-24 05:41:08,307080.125000,B0DB8AF16E20,0001,male,C57BL/6,1.1.1,FR1_Approach,0,Right,251,531,268,97,0,0,,,,,,,,,,,,,,,,,,,,
2026-07-24 05:41:09,307081.125000,B0DB8AF16E20,0001,male,C57BL/6,1.1.1,FR1_Approach,0,Right,251,531,269,97,0,0,,,,,,,,,,,,,,,,,,,,
2026-07-24 05:41:12,307083.656250,B0DB8AF16E20,0001,male,C57BL/6,1.1.1,FR1_Approach,0,Center,251,531,269,98,0,0,,,,,,,,,,,,,,,,,,,,
2026-07-24 05:41:19,307091.312500,B0DB8AF16E20,0001,male,C57BL/6,1.1.1,FR1_Approach,0,Status,251,531,269,98,0,0,,,,,Disabled,24.7,43.5,998.3,16.4,0.000,0.000,247724,339964,181436,63956,3.68,10.26
2026-07-24 05:43:32,307224.218750,B0DB8AF16E20,0001,male,C57BL/6,1.1.1,FR1_Approach,0,Left,251,532,269,98,0,0,,,,,,,,,,,,,,,,,,,,
2026-07-24 05:43:34,307226.093750,B0DB8AF16E20,0001,male,C57BL/6,1.1.1,FR1_Approach,0,Approach,251,532,269,98,0,0,,,,,,,,,,,,,,,,,,,,
2026-07-24 05:43:37,307228.906250,B0DB8AF16E20,0001,male,C57BL/6,1.1.1,FR1_Approach,0,PelletDrop,252,532,269,98,0,0,,,,,,,,,,,,,,,,,,,,
2026-07-24 05:43:38,307230.000000,B0DB8AF16E20,0001,male,C57BL/6,1.1.1,FR1_Approach,0,PelletNotDetected,252,532,269,98,0,0,,,,,,,,,,,,,,,,,,,,
2026-07-24 05:44:42,307293.843750,B0DB8AF16E20,0001,male,C57BL/6,1.1.1,FR1_Approach,0,Left,252,533,269,98,0,0,,,,,,,,,,,,,,,,,,,,
2026-07-24 05:44:44,307296.562500,B0DB8AF16E20,0001,male,C57BL/6,1.1.1,FR1_Approach,0,No_approach,252,533,269,98,0,0,,,,,,,,,,,,,,,,,,,,
2026-07-24 05:44:46,307298.187500,B0DB8AF16E20,0001,male,C57BL/6,1.1.1,FR1_Approach,0,Left,252,534,269,98,0,0,,,,,,,,,,,,,,,,,,,,
2026-07-24 05:44:49,307300.906250,B0DB8AF16E20,0001,male,C57BL/6,1.1.1,FR1_Approach,0,No_approach,252,534,269,98,0,0,,,,,,,,,,,,,,,,,,,,
2026-07-24 05:49:51,307603.468750,B0DB8AF16E20,0001,male,C57BL/6,1.1.1,FR1_Approach,0,Left,252,535,269,98,0,0,,,,,,,,,,,,,,,,,,,,
2026-07-24 05:49:53,307605.812500,B0DB8AF16E20,0001,male,C57BL/6,1.1.1,FR1_Approach,0,Approach,252,535,269,98,0,0,,,,,,,,,,,,,,,,,,,,
2026-07-24 05:49:56,307608.562500,B0DB8AF16E20,0001,male,C57BL/6,1.1.1,FR1_Approach,0,PelletDrop,253,535,269,98,0,0,,,,,,,,,,,,,,,,,,,,
2026-07-24 05:49:57,307609.187500,B0DB8AF16E20,0001,male,C57BL/6,1.1.1,FR1_Approach,0,PelletTaken,253,535,269,98,0,0,0.104,11.000,0,2,,,,,,,,,,,,,,,,
2026-07-24 05:52:56,307789.312500,B0DB8AF16E20,0001,male,C57BL/6,1.1.1,FR1_Approach,0,Status,253,535,269,98,0,0,,,,,Disabled,24.9,42.1,998.3,16.1,0.000,0.000,247724,339964,181436,64089,3.68,10.26
2026-07-24 05:57:14,308047.468750,B0DB8AF16E20,0001,male,C57BL/6,1.1.1,FR1_Approach,0,Left,253,536,269,98,0,0,,,,,,,,,,,,,,,,,,,,
2026-07-24 05:57:15,308048.843750,B0DB8AF16E20,0001,male,C57BL/6,1.1.1,FR1_Approach,0,Approach,253,536,269,98,0,0,,,,,,,,,,,,,,,,,,,,
2026-07-24 05:57:18,308051.625000,B0DB8AF16E20,0001,male,C57BL/6,1.1.1,FR1_Approach,0,PelletDrop,254,536,269,98,0,0,,,,,,,,,,,,,,,,,,,,
2026-07-24 05:57:19,308052.750000,B0DB8AF16E20,0001,male,C57BL/6,1.1.1,FR1_Approach,0,PelletNotDetected,254,536,269,98,0,0,,,,,,,,,,,,,,,,,,,,
2026-07-24 06:03:29,308423.468750,B0DB8AF16E20,0001,male,C57BL/6,1.1.1,FR1_Approach,0,Status,254,536,269,98,0,0,,,,,Disabled,24.8,43.7,998.3,16.3,0.144,78.000,247724,339964,181436,64225,3.68,10.00
2026-07-24 06:12:36,308970.687500,B0DB8AF16E20,0001,male,C57BL/6,1.1.1,FR1_Approach,0,Left,254,537,269,98,0,0,,,,,,,,,,,,,,,,,,,,
2026-07-24 06:12:39,308973.406250,B0DB8AF16E20,0001,male,C57BL/6,1.1.1,FR1_Approach,0,No_approach,254,537,269,98,0,0,,,,,,,,,,,,,,,,,,,,
2026-07-24 06:12:49,308983.406250,B0DB8AF16E20,0001,male,C57BL/6,1.1.1,FR1_Approach,0,Right,254,537,270,98,0,0,,,,,,,,,,,,,,,,,,,,
2026-07-24 06:12:52,308986.281250,B0DB8AF16E20,0001,male,C57BL/6,1.1.1,FR1_Approach,0,Left,254,538,270,98,0,0,,,,,,,,,,,,,,,,,,,,
2026-07-24 06:12:53,308987.406250,B0DB8AF16E20,0001,male,C57BL/6,1.1.1,FR1_Approach,0,Approach,254,538,270,98,0,0,,,,,,,,,,,,,,,,,,,,
2026-07-24 06:12:58,308992.375000,B0DB8AF16E20,0001,male,C57BL/6,1.1.1,FR1_Approach,0,PelletDrop,255,538,270,98,0,0,,,,,,,,,,,,,,,,,,,,
2026-07-24 06:12:58,308993.000000,B0DB8AF16E20,0001,male,C57BL/6,1.1.1,FR1_Approach,0,PelletTaken,255,538,270,98,0,0,0.104,91.000,0,3,,,,,,,,,,,,,,,,
2026-07-24 06:13:57,309051.593750,B0DB8AF16E20,0001,male,C57BL/6,1.1.1,FR1_Approach,0,Left,255,539,270,98,0,0,,,,,,,,,,,,,,,,,,,,
2026-07-24 06:13:58,309052.750000,B0DB8AF16E20,0001,male,C57BL/6,1.1.1,FR1_Approach,0,Approach,255,539,270,98,0,0,,,,,,,,,,,,,,,,,,,,
2026-07-24 06:14:01,309055.531250,B0DB8AF16E20,0001,male,C57BL/6,1.1.1,FR1_Approach,0,PelletDrop,256,539,270,98,0,0,,,,,,,,,,,,,,,,,,,,
2026-07-24 06:14:02,309056.656250,B0DB8AF16E20,0001,male,C57BL/6,1.1.1,FR1_Approach,0,PelletNotDetected,256,539,270,98,0,0,,,,,,,,,,,,,,,,,,,,
2026-07-24 06:14:10,309064.312500,B0DB8AF16E20,0001,male,C57BL/6,1.1.1,FR1_Approach,0,Status,256,539,270,98,0,0,,,,,Disabled,24.7,43.5,998.5,16.4,0.202,100.000,247724,339964,181436,64362,3.68,10.00
2026-07-24 06:14:17,309072.156250,B0DB8AF16E20,0001,male,C57BL/6,1.1.1,FR1_Approach,0,Left,256,540,270,98,0,0,,,,,,,,,,,,,,,,,,,,
2026-07-24 06:14:20,309074.531250,B0DB8AF16E20,0001,male,C57BL/6,1.1.1,FR1_Approach,0,Approach,256,540,270,98,0,0,,,,,,,,,,,,,,,,,,,,
2026-07-24 06:14:23,309077.250000,B0DB8AF16E20,0001,male,C57BL/6,1.1.1,FR1_Approach,0,PelletDrop,257,540,270,98,0,0,,,,,,,,,,,,,,,,,,,,
2026-07-24 06:14:23,309077.906250,B0DB8AF16E20,0001,male,C57BL/6,1.1.1,FR1_Approach,0,PelletTaken,257,540,270,98,0,0,0.104,21.000,0,2,,,,,,,,,,,,,,,,
2026-07-24 06:14:44,309098.593750,B0DB8AF16E20,0001,male,C57BL/6,1.1.1,FR1_Approach,0,Left,257,541,270,98,0,0,,,,,,,,,,,,,,,,,,,,
2026-07-24 06:14:47,309101.437500,B0DB8AF16E20,0001,male,C57BL/6,1.1.1,FR1_Approach,0,Approach,257,541,270,98,0,0,,,,,,,,,,,,,,,,,,,,
2026-07-24 06:14:49,309104.218750,B0DB8AF16E20,0001,male,C57BL/6,1.1.1,FR1_Approach,0,PelletDrop,258,541,270,98,0,0,,,,,,,,,,,,,,,,,,,,
2026-07-24 06:14:51,309106.218750,B0DB8AF16E20,0001,male,C57BL/6,1.1.1,FR1_Approach,0,LeftWithPellet,258,541,271,98,0,0,,,,,,,,,,,,,,,,,,,,
2026-07-24 06:14:56,309110.375000,B0DB8AF16E20,0001,male,C57BL/6,1.1.1,FR1_Approach,0,RightWithPellet,258,541,272,98,0,0,,,,,,,,,,,,,,,,,,,,
2026-07-24 06:15:06,309120.968750,B0DB8AF16E20,0001,male,C57BL/6,1.1.1,FR1_Approach,0,LeftWithPellet,258,542,272,98,0,0,,,,,,,,,,,,,,,,,,,,
2026-07-24 06:15:10,309124.781250,B0DB8AF16E20,0001,male,C57BL/6,1.1.1,FR1_Approach,0,PelletTaken,258,542,272,98,0,0,TimedOut,4.000,0,1,,,,,,,,,,,,,,,,
2026-07-24 06:16:04,309179.281250,B0DB8AF16E20,0001,male,C57BL/6,1.1.1,FR1_Approach,0,Right,258,542,273,98,0,0,,,,,,,,,,,,,,,,,,,,
2026-07-24 06:17:02,309237.312500,B0DB8AF16E20,0001,male,C57BL/6,1.1.1,FR1_Approach,0,Right,258,542,274,98,0,0,,,,,,,,,,,,,,,,,,,,
2026-07-24 06:17:39,309273.968750,B0DB8AF16E20,0001,male,C57BL/6,1.1.1,FR1_Approach,0,Right,258,542,275,98,0,0,,,,,,,,,,,,,,,,,,,,
2026-07-24 06:17:44,309279.375000,B0DB8AF16E20,0001,male,C57BL/6,1.1.1,FR1_Approach,0,Right,258,542,276,98,0,0,,,,,,,,,,,,,,,,,,,,
2026-07-24 06:17:46,309281.000000,B0DB8AF16E20,0001,male,C57BL/6,1.1.1,FR1_Approach,0,Left,258,543,276,98,0,0,,,,,,,,,,,,,,,,,,,,
2026-07-24 06:17:47,309282.156250,B0DB8AF16E20,0001,male,C57BL/6,1.1.1,FR1_Approach,0,Approach,258,543,276,98,0,0,,,,,,,,,,,,,,,,,,,,
2026-07-24 06:17:49,309284.000000,B0DB8AF16E20,0001,male,C57BL/6,1.1.1,FR1_Approach,0,LeftWithPellet,258,543,277,98,0,0,,,,,,,,,,,,,,,,,,,,
2026-07-24 06:25:55,309770.468750,B0DB8AF16E20,0001,male,C57BL/6,1.1.1,FR1_Approach,0,Status,258,543,277,98,0,0,,,,,Disabled,24.9,41.8,998.6,16.0,0.180,96.000,247724,339964,181436,64489,3.68,9.74
2026-07-24 06:26:25,309799.937500,B0DB8AF16E20,0001,male,C57BL/6,1.1.1,FR1_Approach,0,Right,258,543,278,98,0,0,,,,,,,,,,,,,,,,,,,,
2026-07-24 06:26:34,309808.750000,B0DB8AF16E20,0001,male,C57BL/6,1.1.1,FR1_Approach,0,Left,258,544,278,98,0,0,,,,,,,,,,,,,,,,,,,,
2026-07-24 06:26:36,309811.593750,B0DB8AF16E20,0001,male,C57BL/6,1.1.1,FR1_Approach,0,Approach,258,544,278,98,0,0,,,,,,,,,,,,,,,,,,,,
2026-07-24 06:26:37,309812.500000,B0DB8AF16E20,0001,male,C57BL/6,1.1.1,FR1_Approach,0,LeftWithPellet,258,544,278,98,0,0,,,,,,,,,,,,,,,,,,,,
2026-07-24 06:26:41,309816.468750,B0DB8AF16E20,0001,male,C57BL/6,1.1.1,FR1_Approach,0,LeftWithPellet,258,545,278,98,0,0,,,,,,,,,,,,,,,,,,,,
2026-07-24 06:26:49,309824.093750,B0DB8AF16E20,0001,male,C57BL/6,1.1.1,FR1_Approach,0,RightWithPellet,258,545,279,98,0,0,,,,,,,,,,,,,,,,,,,,
2026-07-24 06:36:28,310403.593750,B0DB8AF16E20,0001,male,C57BL/6,1.1.1,FR1_Approach,0,Status,258,545,279,98,0,0,,,,,Disabled,24.8,43.6,998.8,16.2,0.230,117.000,247724,339964,181436,64621,3.68,9.48
2026-07-24 06:48:16,311111.968750,B0DB8AF16E20,0001,male,C57BL/6,1.1.1,FR1_Approach,0,Status,258,545,279,98,0,0,,,,,Disabled,24.9,42.0,998.9,16.0,0.223,114.000,247724,339964,181436,64758,3.68,9.48
2026-07-24 06:59:57,311814.687500,B0DB8AF16E20,0001,male,C57BL/6,1.1.1,FR1_Approach,0,Status,258,545,279,98,0,0,,,,,Disabled,25.0,42.2,999.0,15.9,0.198,100.000,247724,339964,181436,64895,3.68,9.22
2026-07-24 07:10:29,312447.906250,B0DB8AF16E20,0001,male,C57BL/6,1.1.1,FR1_Approach,0,Status,258,545,279,98,0,0,,,,,Disabled,24.8,43.7,999.0,16.1,0.202,104.000,247724,339964,181436,65032,3.68,9.22
2026-07-24 07:22:14,313153.250000,B0DB8AF16E20,0001,male,C57BL/6,1.1.1,FR1_Approach,0,Status,258,545,279,98,0,0,,,,,Disabled,24.9,42.1,999.1,16.0,0.198,98.000,247724,339964,181436,65169,3.69,9.22
2026-07-24 07:34:03,313863.031250,B0DB8AF16E20,0001,male,C57BL/6,1.1.1,FR1_Approach,0,Status,258,545,279,98,0,0,,,,,Disabled,25.0,41.9,999.0,15.9,0.194,100.000,247724,339964,181436,65306,3.68,8.96
2026-07-24 07:46:00,314580.781250,B0DB8AF16E20,0001,male,C57BL/6,1.1.1,FR1_Approach,0,Status,258,545,279,98,0,0,,,,,Disabled,25.1,41.8,999.1,15.9,0.187,96.000,247724,339964,181436,65443,3.68,8.96
2026-07-24 07:57:41,315282.468750,B0DB8AF16E20,0001,male,C57BL/6,1.1.1,FR1_Approach,0,Status,258,545,279,98,0,0,,,,,Disabled,25.1,41.9,999.1,16.0,0.187,96.000,247724,339964,181436,65580,3.68,8.70
2026-07-24 08:09:31,315993.250000,B0DB8AF16E20,0001,male,C57BL/6,1.1.1,FR1_Approach,0,Status,258,545,279,98,0,0,,,,,Disabled,25.1,41.7,999.1,16.0,0.187,96.000,247724,339964,181436,65717,3.66,8.58
2026-07-24 08:21:13,316695.937500,B0DB8AF16E20,0001,male,C57BL/6,1.1.1,FR1_Approach,0,Status,258,545,279,98,0,0,,,,,Disabled,25.1,41.7,999.0,16.0,0.187,96.000,247724,339964,181436,65854,3.67,8.46
2026-07-24 08:33:03,317406.718750,B0DB8AF16E20,0001,male,C57BL/6,1.1.1,FR1_Approach,0,Status,258,545,279,98,0,0,,,,,Disabled,25.1,41.6,999.0,16.0,0.191,98.000,247724,339964,181436,65991,3.69,8.46
2026-07-24 08:44:56,318120.375000,B0DB8AF16E20,0001,male,C57BL/6,1.1.1,FR1_Approach,0,Status,258,545,279,98,0,0,,,,,Disabled,25.2,41.5,999.0,16.0,0.187,99.000,247724,339964,181436,66128,3.68,8.34
2026-07-24 08:56:45,318830.500000,B0DB8AF16E20,0001,male,C57BL/6,1.1.1,FR1_Approach,0,Left,258,546,279,98,0,0,,,,,,,,,,,,,,,,,,,,
2026-07-24 08:56:48,318833.218750,B0DB8AF16E20,0001,male,C57BL/6,1.1.1,FR1_Approach,0,No_approach,258,546,279,98,0,0,,,,,,,,,,,,,,,,,,,,
2026-07-24 08:56:50,318835.000000,B0DB8AF16E20,0001,male,C57BL/6,1.1.1,FR1_Approach,0,Left,258,547,279,98,0,0,,,,,,,,,,,,,,,,,,,,
2026-07-24 08:56:52,318837.718750,B0DB8AF16E20,0001,male,C57BL/6,1.1.1,FR1_Approach,0,No_approach,258,547,279,98,0,0,,,,,,,,,,,,,,,,,,,,
2026-07-24 08:57:00,318845.812500,B0DB8AF16E20,0001,male,C57BL/6,1.1.1,FR1_Approach,0,Status,258,547,279,98,0,0,,,,,Disabled,25.2,41.4,999.0,16.0,0.194,101.000,247724,339964,181436,66267,3.67,8.34
2026-07-24 08:57:05,318850.250000,B0DB8AF16E20,0001,male,C57BL/6,1.1.1,FR1_Approach,0,Left,258,548,279,98,0,0,,,,,,,,,,,,,,,,,,,,
2026-07-24 08:57:06,318851.875000,B0DB8AF16E20,0001,male,C57BL/6,1.1.1,FR1_Approach,0,Approach,258,548,279,98,0,0,,,,,,,,,,,,,,,,,,,,
2026-07-24 08:57:09,318854.656250,B0DB8AF16E20,0001,male,C57BL/6,1.1.1,FR1_Approach,0,PelletDrop,259,548,279,98,0,0,,,,,,,,,,,,,,,,,,,,
2026-07-24 08:57:10,318855.781250,B0DB8AF16E20,0001,male,C57BL/6,1.1.1,FR1_Approach,0,PelletNotDetected,259,548,279,98,0,0,,,,,,,,,,,,,,,,,,,,
2026-07-24 08:57:44,318889.968750,B0DB8AF16E20,0001,male,C57BL/6,1.1.1,FR1_Approach,0,Left,259,549,279,98,0,0,,,,,,,,,,,,,,,,,,,,
2026-07-24 08:57:47,318892.343750,B0DB8AF16E20,0001,male,C57BL/6,1.1.1,FR1_Approach,0,Approach,259,549,279,98,0,0,,,,,,,,,,,,,,,,,,,,
2026-07-24 08:57:50,318895.062500,B0DB8AF16E20,0001,male,C57BL/6,1.1.1,FR1_Approach,0,PelletDrop,260,549,279,98,0,0,,,,,,,,,,,,,,,,,,,,
2026-07-24 08:57:51,318896.187500,B0DB8AF16E20,0001,male,C57BL/6,1.1.1,FR1_Approach,0,PelletNotDetected,260,549,279,98,0,0,,,,,,,,,,,,,,,,,,,,
2026-07-24 08:58:10,318915.718750,B0DB8AF16E20,0001,male,C57BL/6,1.1.1,FR1_Approach,0,Left,260,550,279,98,0,0,,,,,,,,,,,,,,,,,,,,
2026-07-24 08:58:13,318918.062500,B0DB8AF16E20,0001,male,C57BL/6,1.1.1,FR1_Approach,0,Approach,260,550,279,98,0,0,,,,,,,,,,,,,,,,,,,,
2026-07-24 08:58:15,318920.812500,B0DB8AF16E20,0001,male,C57BL/6,1.1.1,FR1_Approach,0,PelletDrop,261,550,279,98,0,0,,,,,,,,,,,,,,,,,,,,
2026-07-24 08:58:16,318921.937500,B0DB8AF16E20,0001,male,C57BL/6,1.1.1,FR1_Approach,0,PelletNotDetected,261,550,279,98,0,0,,,,,,,,,,,,,,,,,,,,
2026-07-24 09:01:57,319143.125000,B0DB8AF16E20,0001,male,C57BL/6,1.1.1,FR1_Approach,0,Right,261,550,280,98,0,0,,,,,,,,,,,,,,,,,,,,
2026-07-24 09:02:00,319146.093750,B0DB8AF16E20,0001,male,C57BL/6,1.1.1,FR1_Approach,0,Left,261,551,280,98,0,0,,,,,,,,,,,,,,,,,,,,
2026-07-24 09:02:02,319147.468750,B0DB8AF16E20,0001,male,C57BL/6,1.1.1,FR1_Approach,0,Approach,261,551,280,98,0,0,,,,,,,,,,,,,,,,,,,,
2026-07-24 09:02:11,319156.625000,B0DB8AF16E20,0001,male,C57BL/6,1.1.1,FR1_Approach,0,PelletDrop,262,551,280,98,0,0,,,,,,,,,,,,,,,,,,,,
2026-07-24 09:02:15,319160.750000,B0DB8AF16E20,0001,male,C57BL/6,1.1.1,FR1_Approach,0,PelletTaken,262,551,280,98,0,0,3.591,138.000,0,6,,,,,,,,,,,,,,,,
2026-07-24 09:02:49,319195.187500,B0DB8AF16E20,0001,male,C57BL/6,1.1.1,FR1_Approach,0,Left,262,552,280,98,0,0,,,,,,,,,,,,,,,,,,,,
2026-07-24 09:02:52,319197.906250,B0DB8AF16E20,0001,male,C57BL/6,1.1.1,FR1_Approach,0,No_approach,262,552,280,98,0,0,,,,,,,,,,,,,,,,,,,,
2026-07-24 09:02:56,319201.812500,B0DB8AF16E20,0001,male,C57BL/6,1.1.1,FR1_Approach,0,Left,262,553,280,98,0,0,,,,,,,,,,,,,,,,,,,,
2026-07-24 09:02:59,319204.531250,B0DB8AF16E20,0001,male,C57BL/6,1.1.1,FR1_Approach,0,No_approach,262,553,280,98,0,0,,,,,,,,,,,,,,,,,,,,
2026-07-24 09:03:02,319207.500000,B0DB8AF16E20,0001,male,C57BL/6,1.1.1,FR1_Approach,0,Left,262,554,280,98,0,0,,,,,,,,,,,,,,,,,,,,
2026-07-24 09:03:03,319209.343750,B0DB8AF16E20,0001,male,C57BL/6,1.1.1,FR1_Approach,0,Approach,262,554,280,98,0,0,,,,,,,,,,,,,,,,,,,,
2026-07-24 09:03:06,319212.156250,B0DB8AF16E20,0001,male,C57BL/6,1.1.1,FR1_Approach,0,PelletDrop,263,554,280,98,0,0,,,,,,,,,,,,,,,,,,,,
2026-07-24 09:03:07,319213.281250,B0DB8AF16E20,0001,male,C57BL/6,1.1.1,FR1_Approach,0,PelletNotDetected,263,554,280,98,0,0,,,,,,,,,,,,,,,,,,,,
2026-07-24 09:05:53,319379.000000,B0DB8AF16E20,0001,male,C57BL/6,1.1.1,FR1_Approach,0,Left,263,555,280,98,0,0,,,,,,,,,,,,,,,,,,,,
2026-07-24 09:05:54,319380.125000,B0DB8AF16E20,0001,male,C57BL/6,1.1.1,FR1_Approach,0,Approach,263,555,280,98,0,0,,,,,,,,,,,,,,,,,,,,
2026-07-24 09:05:57,319382.875000,B0DB8AF16E20,0001,male,C57BL/6,1.1.1,FR1_Approach,0,PelletDrop,264,555,280,98,0,0,,,,,,,,,,,,,,,,,,,,
2026-07-24 09:05:58,319384.000000,B0DB8AF16E20,0001,male,C57BL/6,1.1.1,FR1_Approach,0,PelletNotDetected,264,555,280,98,0,0,,,,,,,,,,,,,,,,,,,,
2026-07-24 09:08:40,319545.937500,B0DB8AF16E20,0001,male,C57BL/6,1.1.1,FR1_Approach,0,Status,264,555,280,98,0,0,,,,,Disabled,25.2,41.6,999.0,15.9,0.187,96.000,247724,339964,181436,66394,3.67,8.09
2026-07-24 09:12:13,319759.906250,B0DB8AF16E20,0001,male,C57BL/6,1.1.1,FR1_Approach,0,Right,264,555,281,98,0,0,,,,,,,,,,,,,,,,,,,,
2026-07-24 09:13:45,319851.937500,B0DB8AF16E20,0001,male,C57BL/6,1.1.1,FR1_Approach,0,Left,264,556,281,98,0,0,,,,,,,,,,,,,,,,,,,,
2026-07-24 09:13:48,319855.031250,B0DB8AF16E20,0001,male,C57BL/6,1.1.1,FR1_Approach,0,Approach,264,556,281,98,0,0,,,,,,,,,,,,,,,,,,,,
2026-07-24 09:13:51,319857.750000,B0DB8AF16E20,0001,male,C57BL/6,1.1.1,FR1_Approach,0,PelletDrop,265,556,281,98,0,0,,,,,,,,,,,,,,,,,,,,
2026-07-24 09:13:52,319858.875000,B0DB8AF16E20,0001,male,C57BL/6,1.1.1,FR1_Approach,0,PelletNotDetected,265,556,281,98,0,0,,,,,,,,,,,,,,,,,,,,
2026-07-24 09:14:36,319902.500000,B0DB8AF16E20,0001,male,C57BL/6,1.1.1,FR1_Approach,0,Right,265,556,282,98,0,0,,,,,,,,,,,,,,,,,,,,
2026-07-24 09:14:42,319908.437500,B0DB8AF16E20,0001,male,C57BL/6,1.1.1,FR1_Approach,0,Left,265,557,282,98,0,0,,,,,,,,,,,,,,,,,,,,
2026-07-24 09:14:43,319909.812500,B0DB8AF16E20,0001,male,C57BL/6,1.1.1,FR1_Approach,0,Approach,265,557,282,98,0,0,,,,,,,,,,,,,,,,,,,,
2026-07-24 09:14:52,319918.968750,B0DB8AF16E20,0001,male,C57BL/6,1.1.1,FR1_Approach,0,PelletDrop,266,557,282,98,0,0,,,,,,,,,,,,,,,,,,,,
2026-07-24 09:15:00,319926.156250,B0DB8AF16E20,0001,male,C57BL/6,1.1.1,FR1_Approach,0,PelletTaken,266,557,282,98,0,0,6.671,293.000,0,6,,,,,,,,,,,,,,,,
2026-07-24 09:20:23,320249.718750,B0DB8AF16E20,0001,male,C57BL/6,1.1.1,FR1_Approach,0,Status,266,557,282,98,0,0,,,,,Disabled,25.3,41.7,999.1,15.9,0.234,110.000,247724,339964,181436,66526,3.66,8.09
2026-07-24 09:25:54,320580.875000,B0DB8AF16E20,0001,male,C57BL/6,1.1.1,FR1_Approach,0,Right,266,557,283,98,0,0,,,,,,,,,,,,,,,,,,,,
2026-07-24 09:25:57,320583.625000,B0DB8AF16E20,0001,male,C57BL/6,1.1.1,FR1_Approach,0,Left,266,558,283,98,0,0,,,,,,,,,,,,,,,,,,,,
2026-07-24 09:25:58,320585.250000,B0DB8AF16E20,0001,male,C57BL/6,1.1.1,FR1_Approach,0,Approach,266,558,283,98,0,0,,,,,,,,,,,,,,,,,,,,
2026-07-24 09:26:01,320588.093750,B0DB8AF16E20,0001,male,C57BL/6,1.1.1,FR1_Approach,0,PelletDrop,267,558,283,98,0,0,,,,,,,,,,,,,,,,,,,,
2026-07-24 09:26:02,320589.218750,B0DB8AF16E20,0001,male,C57BL/6,1.1.1,FR1_Approach,0,PelletNotDetected,267,558,283,98,0,0,,,,,,,,,,,,,,,,,,,,
2026-07-24 09:26:28,320614.625000,B0DB8AF16E20,0001,male,C57BL/6,1.1.1,FR1_Approach,0,Left,267,559,283,98,0,0,,,,,,,,,,,,,,,,,,,,
2026-07-24 09:26:29,320616.468750,B0DB8AF16E20,0001,male,C57BL/6,1.1.1,FR1_Approach,0,Approach,267,559,283,98,0,0,,,,,,,,,,,,,,,,,,,,
2026-07-24 09:26:34,320621.406250,B0DB8AF16E20,0001,male,C57BL/6,1.1.1,FR1_Approach,0,PelletDrop,268,559,283,98,0,0,,,,,,,,,,,,,,,,,,,,
2026-07-24 09:26:42,320629.531250,B0DB8AF16E20,0001,male,C57BL/6,1.1.1,FR1_Approach,0,PelletTaken,268,559,283,98,0,0,7.618,100.000,0,3,,,,,,,,,,,,,,,,
2026-07-24 09:27:15,320662.593750,B0DB8AF16E20,0001,male,C57BL/6,1.1.1,FR1_Approach,0,Left,268,560,283,98,0,0,,,,,,,,,,,,,,,,,,,,
2026-07-24 09:27:18,320664.937500,B0DB8AF16E20,0001,male,C57BL/6,1.1.1,FR1_Approach,0,Approach,268,560,283,98,0,0,,,,,,,,,,,,,,,,,,,,
2026-07-24 09:27:21,320667.750000,B0DB8AF16E20,0001,male,C57BL/6,1.1.1,FR1_Approach,0,PelletDrop,269,560,283,98,0,0,,,,,,,,,,,,,,,,,,,,
2026-07-24 09:27:41,320688.250000,B0DB8AF16E20,0001,male,C57BL/6,1.1.1,FR1_Approach,0,PelletTaken,269,560,283,98,0,0,TimedOut,21.000,0,1,,,,,,,,,,,,,,,,
2026-07-24 09:32:15,320962.375000,B0DB8AF16E20,0001,male,C57BL/6,1.1.1,FR1_Approach,0,Status,269,560,283,98,0,0,,,,,Disabled,25.3,41.4,999.1,15.9,0.212,104.000,247724,339964,181436,66654,3.67,7.84
2026-07-24 09:34:05,321072.687500,B0DB8AF16E20,0001,male,C57BL/6,1.1.1,FR1_Approach,0,Left,269,561,283,98,0,0,,,,,,,,,,,,,,,,,,,,
2026-07-24 09:34:08,321075.406250,B0DB8AF16E20,0001,male,C57BL/6,1.1.1,FR1_Approach,0,No_approach,269,561,283,98,0,0,,,,,,,,,,,,,,,,,,,,
2026-07-24 09:37:06,321254.093750,B0DB8AF16E20,0001,male,C57BL/6,1.1.1,FR1_Approach,0,Left,269,562,283,98,0,0,,,,,,,,,,,,,,,,,,,,
2026-07-24 09:37:07,321255.218750,B0DB8AF16E20,0001,male,C57BL/6,1.1.1,FR1_Approach,0,Approach,269,562,283,98,0,0,,,,,,,,,,,,,,,,,,,,
2026-07-24 09:37:09,321256.625000,B0DB8AF16E20,0001,male,C57BL/6,1.1.1,FR1_Approach,0,LeftWithPellet,269,563,283,98,0,0,,,,,,,,,,,,,,,,,,,,
2026-07-24 09:44:16,321684.093750,B0DB8AF16E20,0001,male,C57BL/6,1.1.1,FR1_Approach,0,Status,269,563,283,98,0,0,,,,,Disabled,25.4,41.2,999.1,15.8,0.173,90.000,247724,339964,181436,66785,3.67,7.84
2026-07-24 09:45:05,321732.750000,B0DB8AF16E20,0001,male,C57BL/6,1.1.1,FR1_Approach,0,Left,269,564,283,98,0,0,,,,,,,,,,,,,,,,,,,,
2026-07-24 09:45:08,321735.468750,B0DB8AF16E20,0001,male,C57BL/6,1.1.1,FR1_Approach,0,No_approach,269,564,283,98,0,0,,,,,,,,,,,,,,,,,,,,
2026-07-24 09:45:11,321738.343750,B0DB8AF16E20,0001,male,C57BL/6,1.1.1,FR1_Approach,0,Left,269,565,283,98,0,0,,,,,,,,,,,,,,,,,,,,
2026-07-24 09:45:12,321739.718750,B0DB8AF16E20,0001,male,C57BL/6,1.1.1,FR1_Approach,0,Approach,269,565,283,98,0,0,,,,,,,,,,,,,,,,,,,,
2026-07-24 09:56:03,322391.875000,B0DB8AF16E20,0001,male,C57BL/6,1.1.1,FR1_Approach,0,Status,269,565,283,98,0,0,,,,,Disabled,25.4,41.6,999.1,15.8,0.148,78.000,247724,339964,181436,66917,3.67,7.84
2026-07-24 09:59:28,322597.562500,B0DB8AF16E20,0001,male,C57BL/6,1.1.1,FR1_Approach,0,Right,269,565,284,98,0,0,,,,,,,,,,,,,,,,,,,,
2026-07-24 09:59:38,322607.031250,B0DB8AF16E20,0001,male,C57BL/6,1.1.1,FR1_Approach,0,Left,269,566,284,98,0,0,,,,,,,,,,,,,,,,,,,,
2026-07-24 09:59:39,322608.156250,B0DB8AF16E20,0001,male,C57BL/6,1.1.1,FR1_Approach,0,Approach,269,566,284,98,0,0,,,,,,,,,,,,,,,,,,,,
2026-07-24 09:59:42,322610.781250,B0DB8AF16E20,0001,male,C57BL/6,1.1.1,FR1_Approach,0,LeftWithPellet,269,566,284,99,0,0,,,,,,,,,,,,,,,,,,,,
2026-07-24 09:59:43,322612.593750,B0DB8AF16E20,0001,male,C57BL/6,1.1.1,FR1_Approach,0,LeftWithPellet,269,567,284,99,0,0,,,,,,,,,,,,,,,,,,,,
2026-07-24 09:59:49,322618.218750,B0DB8AF16E20,0001,male,C57BL/6,1.1.1,FR1_Approach,0,LeftWithPellet,269,568,284,99,0,0,,,,,,,,,,,,,,,,,,,,
2026-07-24 10:07:55,323104.687500,B0DB8AF16E20,0001,male,C57BL/6,1.1.1,FR1_Approach,0,Status,269,568,284,99,0,0,,,,,Disabled,25.4,41.6,999.1,15.8,0.173,92.000,247724,339964,181436,67050,3.67,7.84
2026-07-24 10:19:46,323816.375000,B0DB8AF16E20,0001,male,C57BL/6,1.1.1,FR1_Approach,0,Status,269,568,284,99,0,0,,,,,Disabled,25.4,41.5,999.1,15.7,0.209,106.000,247724,339964,181436,67187,3.67,7.72
2026-07-24 10:31:33,324524.093750,B0DB8AF16E20,0001,male,C57BL/6,1.1.1,FR1_Approach,0,Status,269,568,284,99,0,0,,,,,Disabled,25.4,41.5,999.2,15.8,0.209,106.000,247724,339964,181436,67324,3.68,7.60
2026-07-24 10:43:19,325230.843750,B0DB8AF16E20,0001,male,C57BL/6,1.1.1,FR1_Approach,0,Status,269,568,284,99,0,0,,,,,Disabled,25.4,41.5,999.2,15.9,0.209,106.000,247724,339964,181436,67461,3.67,7.60
2026-07-24 10:55:05,325937.531250,B0DB8AF16E20,0001,male,C57BL/6,1.1.1,FR1_Approach,0,Status,269,568,284,99,0,0,,,,,Disabled,25.3,41.4,999.2,15.9,0.212,106.000,247724,339964,181436,67598,3.67,7.60
2026-07-24 11:06:50,326643.343750,B0DB8AF16E20,0001,male,C57BL/6,1.1.1,FR1_Approach,0,Status,269,568,284,99,0,0,,,,,Disabled,25.3,41.4,999.3,15.9,0.209,106.000,247724,339964,181436,67735,3.67,7.47
2026-07-24 11:18:39,327353.062500,B0DB8AF16E20,0001,male,C57BL/6,1.1.1,FR1_Approach,0,Status,269,568,284,99,0,0,,,,,Disabled,25.3,41.3,999.3,16.0,0.209,106.000,247724,339964,181436,67872,3.67,7.47
2026-07-24 11:30:33,328067.781250,B0DB8AF16E20,0001,male,C57BL/6,1.1.1,FR1_Approach,0,Status,269,568,284,99,0,0,,,,,Disabled,25.3,41.1,999.3,16.0,0.209,106.000,247724,339964,181436,68009,3.66,7.35
2026-07-24 11:41:05,328700.968750,B0DB8AF16E20,0001,male,C57BL/6,1.1.1,FR1_Approach,0,Status,269,568,284,99,0,0,,,,,Disabled,25.0,42.9,999.3,16.3,0.220,106.000,247724,339964,181436,68146,3.66,7.35
2026-07-24 11:52:50,329406.375000,B0DB8AF16E20,0001,male,C57BL/6,1.1.1,FR1_Approach,0,Status,269,568,284,99,0,0,,,,,Disabled,25.1,41.3,999.2,16.1,0.216,106.000,247724,339964,181436,68283,3.67,7.23
2026-07-24 12:03:23,330039.593750,B0DB8AF16E20,0001,male,C57BL/6,1.1.1,FR1_Approach,0,Status,269,568,284,99,0,0,,,,,Disabled,24.9,42.9,999.2,16.3,0.223,111.000,247724,339964,181436,68420,3.66,7.35
2026-07-24 12:15:09,330746.875000,B0DB8AF16E20,0001,male,C57BL/6,1.1.1,FR1_Approach,0,Status,269,568,284,99,0,0,,,,,Disabled,24.9,41.3,999.2,16.2,0.209,102.000,247724,339964,181436,68557,3.67,7.23
2026-07-24 12:26:52,331450.593750,B0DB8AF16E20,0001,male,C57BL/6,1.1.1,FR1_Approach,0,Status,269,568,284,99,0,0,,,,,Disabled,25.0,41.3,999.1,16.2,0.209,104.000,247724,339964,181436,68694,3.66,7.23
2026-07-24 12:37:24,332083.812500,B0DB8AF16E20,0001,male,C57BL/6,1.1.1,FR1_Approach,0,Status,269,568,284,99,0,0,,,,,Disabled,24.8,42.9,999.0,16.4,0.216,108.000,247724,339964,181436,68831,3.67,7.23
2026-07-24 12:49:25,332805.125000,B0DB8AF16E20,0001,male,C57BL/6,1.1.1,FR1_Approach,0,Status,269,568,284,99,0,0,,,,,Disabled,24.9,41.1,998.8,16.2,0.212,107.000,247724,339964,181436,68968,3.66,7.11
2026-07-24 13:01:31,333531.937500,B0DB8AF16E20,0001,male,C57BL/6,1.1.1,FR1_Approach,0,Status,269,568,284,99,0,0,,,,,Disabled,25.0,40.9,998.8,16.2,0.212,107.000,247724,339964,181436,69105,3.66,6.98
2026-07-24 13:13:21,334242.718750,B0DB8AF16E20,0001,male,C57BL/6,1.1.1,FR1_Approach,0,Status,269,568,284,99,0,0,,,,,Disabled,25.0,41.2,998.7,16.2,0.212,106.000,247724,339964,181436,69242,3.66,6.98
2026-07-24 13:25:08,334950.437500,B0DB8AF16E20,0001,male,C57BL/6,1.1.1,FR1_Approach,0,Status,269,568,284,99,0,0,,,,,Disabled,25.0,41.2,998.7,16.2,0.209,107.000,247724,339964,181436,69379,3.66,6.86
2026-07-24 13:36:54,335657.125000,B0DB8AF16E20,0001,male,C57BL/6,1.1.1,FR1_Approach,0,Status,269,568,284,99,0,0,,,,,Disabled,25.1,41.2,998.6,16.2,0.212,107.000,247724,339964,181436,69516,3.66,6.86
