DateTime,ElapsedSeconds,ESP32_UID,MouseID,Sex,Strain,LibraryVer,Program,FR,Event,PelletCount,LeftCount,RightCount,CenterCount,BlockPelletCount,BlockPokeCount,RetrievalTime,PokeDuration,DispenseError,MotorTurns,Motion,Temperature,Humidity,Pressure,GasResistance,Lux,White,FreeHeap,HeapSize,MinFreeHeap,WakeCount,BatteryVoltage,BatteryPercent
2026-08-18 08:35:47,38.005001,B0DB8AF16E20,0001,male,C57BL/6,1.1.1,FR1_Approach,0,Startup,0,0,0,0,0,0,,,,,0.0,23.1,45.4,996.6,21.3,3.622,1678.000,248384,339956,246240,0,4.20,100.00
2026-08-18 08:45:14,605.380005,B0DB8AF16E20,0001,male,C57BL/6,1.1.1,FR1_Approach,0,Status,0,0,2,0,0,0,,,,,Disabled,23.1,46.2,996.6,19.6,0.054,38.000,249348,339956,246240,129,4.20,100.00
2026-08-18 08:53:09,1080.594971,B0DB8AF16E20,0001,male,C57BL/6,1.1.1,FR1_Approach,0,PelletDrop,1,1,2,0,0,0,,,,,,,,,,,,,,,,,,,,
2026-08-18 08:53:23,1094.373047,B0DB8AF16E20,0001,male,C57BL/6,1.1.1,FR1_Approach,0,PelletTaken,1,1,2,0,0,0,13.238,51.000,0,2,,,,,,,,,,,,,,,,
2026-08-18 08:55:15,1207.078003,B0DB8AF16E20,0001,male,C57BL/6,1.1.1,FR1_Approach,0,Status,1,1,2,0,0,0,,,,,Disabled,23.2,46.5,996.5,18.7,0.043,39.000,249348,339956,246240,262,4.20,100.00
2026-08-18 09:05:17,1809.671997,B0DB8AF16E20,0001,male,C57BL/6,1.1.1,FR1_Approach,0,Status,1,1,2,0,0,0,,,,,Disabled,23.2,47.1,996.5,18.4,0.011,23.000,249348,339956,246240,399,4.20,100.00
2026-08-18 09:15:19,2412.277100,B0DB8AF16E20,0001,male,C57BL/6,1.1.1,FR1_Approach,0,Status,1,1,2,0,0,0,,,,,Disabled,23.2,47.3,996.5,18.2,0.029,32.000,249348,339956,246240,536,4.20,100.00
2026-08-18 09:25:21,3014.893066,B0DB8AF16E20,0001,male,C57BL/6,1.1.1,FR1_Approach,0,Status,1,1,2,0,0,0,,,,,Disabled,23.2,47.6,996.6,18.2,0.022,28.000,249348,339956,246240,673,4.20,100.00
2026-08-18 09:35:23,3617.497070,B0DB8AF16E20,0001,male,C57BL/6,1.1.1,FR1_Approach,0,Status,1,1,2,0,0,0,,,,,Disabled,23.2,47.6,996.6,18.1,0.022,28.000,249348,339956,246240,810,4.20,100.00
2026-08-18 09:45:25,4220.080078,B0DB8AF16E20,0001,male,C57BL/6,1.1.1,FR1_Approach,0,Status,1,1,2,0,0,0,,,,,Disabled,23.3,47.6,996.6,18.1,0.022,29.000,249348,339956,246240,947,4.20,100.00
2026-08-18 09:55:26,4822.694824,B0DB8AF16E20,0001,male,C57BL/6,1.1.1,FR1_Approach,0,Status,1,1,2,0,0,0,,,,,Disabled,23.3,47.5,996.7,18.0,0.014,24.000,249348,339956,246240,1084,4.20,100.00
2026-08-18 10:05:28,5425.298828,B0DB8AF16E20,0001,male,C57BL/6,1.1.1,FR1_Approach,0,Status,1,1,2,0,0,0,,,,,Disabled,23.3,47.4,996.7,18.0,0.022,26.000,249348,339956,246240,1221,4.19,100.00
2026-08-18 10:15:30,6027.882812,B0DB8AF16E20,0001,male,C57BL/6,1.1.1,FR1_Approach,0,Status,1,1,2,0,0,0,,,,,Disabled,23.3,47.3,996.7,17.8,0.000,12.000,249256,339956,246240,1358,4.20,100.00
2026-08-18 10:25:32,6630.499023,B0DB8AF16E20,0001,male,C57BL/6,1.1.1,FR1_Approach,0,Status,1,1,2,0,0,0,,,,,Disabled,23.3,47.1,996.7,17.8,0.014,26.000,249256,339956,246240,1495,4.20,100.00
2026-08-18 10:35:34,7233.103027,B0DB8AF16E20,0001,male,C57BL/6,1.1.1,FR1_Approach,0,Status,1,1,2,0,0,0,,,,,Disabled,23.3,47.0,996.7,17.9,0.022,28.000,249256,339956,246240,1632,4.20,100.00
2026-08-18 10:45:36,7835.686035,B0DB8AF16E20,0001,male,C57BL/6,1.1.1,FR1_Approach,0,Status,1,1,2,0,0,0,,,,,Disabled,23.3,46.9,996.7,17.8,0.000,12.000,249256,339956,246240,1769,4.20,100.00
2026-08-18 10:52:55,8275.967773,B0DB8AF16E20,0001,male,C57BL/6,1.1.1,FR1_Approach,0,PelletDrop,2,2,4,0,0,0,,,,,,,,,,,,,,,,,,,,
2026-08-18 10:52:56,8277.099609,B0DB8AF16E20,0001,male,C57BL/6,1.1.1,FR1_Approach,0,PelletNotDetected,2,2,4,0,0,0,,,,,,,,,,,,,,,,,,,,
2026-08-18 10:53:40,8320.586914,B0DB8AF16E20,0001,male,C57BL/6,1.1.1,FR1_Approach,0,PelletDrop,3,4,4,0,0,0,,,,,,,,,,,,,,,,,,,,
2026-08-18 10:53:41,8321.730469,B0DB8AF16E20,0001,male,C57BL/6,1.1.1,FR1_Approach,0,PelletNotDetected,3,4,4,0,0,0,,,,,,,,,,,,,,,,,,,,
2026-08-18 10:54:13,8353.275391,B0DB8AF16E20,0001,male,C57BL/6,1.1.1,FR1_Approach,0,PelletDrop,4,7,4,0,0,0,,,,,,,,,,,,,,,,,,,,
2026-08-18 10:54:19,8359.737305,B0DB8AF16E20,0001,male,C57BL/6,1.1.1,FR1_Approach,0,PelletTaken,4,7,4,0,0,0,5.923,138.000,0,5,,,,,,,,,,,,,,,,
2026-08-18 10:54:55,8395.862305,B0DB8AF16E20,0001,male,C57BL/6,1.1.1,FR1_Approach,0,PelletDrop,5,11,4,0,0,0,,,,,,,,,,,,,,,,,,,,
2026-08-18 10:55:06,8407.185547,B0DB8AF16E20,0001,male,C57BL/6,1.1.1,FR1_Approach,0,PelletTaken,5,11,4,0,0,0,10.773,79.000,0,2,,,,,,,,,,,,,,,,
2026-08-18 10:55:36,8436.799805,B0DB8AF16E20,0001,male,C57BL/6,1.1.1,FR1_Approach,0,Status,5,11,4,0,0,0,,,,,Disabled,23.4,46.3,996.8,17.8,0.000,2.000,249196,339956,246240,1903,4.19,100.00
2026-08-18 11:05:38,9039.404297,B0DB8AF16E20,0001,male,C57BL/6,1.1.1,FR1_Approach,0,Status,5,11,4,0,0,0,,,,,Disabled,23.5,46.6,996.8,17.8,0.050,42.000,249196,339956,246240,2040,4.19,100.00
2026-08-18 11:15:40,9641.999023,B0DB8AF16E20,0001,male,C57BL/6,1.1.1,FR1_Approach,0,Status,5,11,4,0,0,0,,,,,Disabled,23.5,46.5,996.9,17.7,0.018,22.000,249196,339956,246240,2177,4.18,100.00
2026-08-18 11:25:41,10244.602539,B0DB8AF16E20,0001,male,C57BL/6,1.1.1,FR1_Approach,0,Status,5,11,4,0,0,0,,,,,Disabled,23.5,46.4,996.9,17.8,0.018,22.000,249196,339956,246240,2314,4.19,100.00
2026-08-18 11:35:43,10847.207031,B0DB8AF16E20,0001,male,C57BL/6,1.1.1,FR1_Approach,0,Status,5,11,4,0,0,0,,,,,Disabled,23.4,46.3,996.9,17.9,0.014,22.000,249196,339956,246240,2451,4.19,100.00
2026-08-18 11:45:45,11449.802734,B0DB8AF16E20,0001,male,C57BL/6,1.1.1,FR1_Approach,0,Status,5,11,4,0,0,0,,,,,Disabled,23.4,46.3,996.8,17.8,0.007,22.000,249196,339956,246240,2588,4.19,100.00
2026-08-18 11:55:47,12052.408203,B0DB8AF16E20,0001,male,C57BL/6,1.1.1,FR1_Approach,0,Status,5,11,4,0,0,0,,,,,Disabled,23.4,46.2,996.6,17.9,0.018,22.000,249196,339956,246240,2725,4.19,100.00
2026-08-18 12:05:49,12655.011719,B0DB8AF16E20,0001,male,C57BL/6,1.1.1,FR1_Approach,0,Status,5,11,4,0,0,0,,,,,Disabled,23.3,46.2,996.5,17.9,0.022,26.000,249196,339956,246240,2862,4.19,100.00
2026-08-18 12:15:50,13257.607422,B0DB8AF16E20,0001,male,C57BL/6,1.1.1,FR1_Approach,0,Status,5,11,4,0,0,0,,,,,Disabled,23.3,46.2,996.5,17.8,0.014,24.000,249196,339956,246240,2999,4.19,100.00
2026-08-18 12:25:52,13860.210938,B0DB8AF16E20,0001,male,C57BL/6,1.1.1,FR1_Approach,0,Status,5,11,4,0,0,0,,,,,Disabled,23.3,46.1,996.4,17.9,0.011,20.000,249148,339956,246240,3136,4.19,100.00
2026-08-18 12:35:54,14462.827148,B0DB8AF16E20,0001,male,C57BL/6,1.1.1,FR1_Approach,0,Status,5,11,4,0,0,0,,,,,Disabled,23.3,46.1,996.3,17.9,0.000,13.000,249160,339956,246240,3273,4.19,100.00
2026-08-18 12:45:56,15065.430664,B0DB8AF16E20,0001,male,C57BL/6,1.1.1,FR1_Approach,0,Status,5,11,4,0,0,0,,,,,Disabled,23.3,46.0,996.2,17.9,0.022,24.000,249160,339956,246240,3410,4.19,99.88
2026-08-18 12:55:58,15668.014648,B0DB8AF16E20,0001,male,C57BL/6,1.1.1,FR1_Approach,0,Status,5,11,4,0,0,0,,,,,Disabled,23.3,46.0,996.1,17.9,0.007,23.000,249160,339956,246240,3547,4.18,99.88
2026-08-18 13:06:00,16270.631836,B0DB8AF16E20,0001,male,C57BL/6,1.1.1,FR1_Approach,0,Status,5,11,4,0,0,0,,,,,Disabled,23.3,46.1,996.0,18.0,0.000,16.000,249160,339956,246240,3684,4.18,99.71
2026-08-18 13:16:02,16873.236328,B0DB8AF16E20,0001,male,C57BL/6,1.1.1,FR1_Approach,0,Status,5,11,4,0,0,0,,,,,Disabled,23.3,46.1,995.9,18.0,0.000,2.000,249160,339956,246240,3821,4.18,99.56
2026-08-18 13:16:32,16904.123047,B0DB8AF16E20,0001,male,C57BL/6,1.1.1,FR1_Approach,0,PelletDrop,6,12,4,0,0,0,,,,,,,,,,,,,,,,,,,,
2026-08-18 13:16:47,16918.386719,B0DB8AF16E20,0001,male,C57BL/6,1.1.1,FR1_Approach,0,PelletTaken,6,12,4,0,0,0,13.711,275.000,0,2,,,,,,,,,,,,,,,,
2026-08-18 13:17:26,16957.279297,B0DB8AF16E20,0001,male,C57BL/6,1.1.1,FR1_Approach,0,PelletDrop,7,14,4,0,0,0,,,,,,,,,,,,,,,,,,,,
2026-08-18 13:17:27,16958.412109,B0DB8AF16E20,0001,male,C57BL/6,1.1.1,FR1_Approach,0,PelletNotDetected,7,14,4,0,0,0,,,,,,,,,,,,,,,,,,,,
2026-08-18 13:26:02,17474.375000,B0DB8AF16E20,0001,male,C57BL/6,1.1.1,FR1_Approach,0,Status,7,14,5,0,0,0,,,,,Disabled,23.3,46.0,995.8,18.0,0.000,5.000,249160,339956,246240,3954,4.18,99.56
2026-08-18 13:36:04,18076.980469,B0DB8AF16E20,0001,male,C57BL/6,1.1.1,FR1_Approach,0,Status,7,14,5,0,0,0,,,,,Disabled,23.3,45.9,995.7,17.9,0.000,8.000,249160,339956,246240,4091,4.18,99.40
2026-08-18 13:46:06,18679.583984,B0DB8AF16E20,0001,male,C57BL/6,1.1.1,FR1_Approach,0,Status,7,14,5,0,0,0,,,,,Disabled,23.3,45.9,995.6,17.9,0.000,8.000,249160,339956,246240,4228,4.18,99.40
2026-08-18 13:56:08,19282.179688,B0DB8AF16E20,0001,male,C57BL/6,1.1.1,FR1_Approach,0,Status,7,14,5,0,0,0,,,,,Disabled,23.3,45.8,995.5,17.9,0.014,26.000,249160,339956,246240,4365,4.18,99.24
2026-08-18 14:06:10,19884.781250,B0DB8AF16E20,0001,male,C57BL/6,1.1.1,FR1_Approach,0,Status,7,14,5,0,0,0,,,,,Disabled,23.4,45.8,995.4,17.8,0.022,28.000,249160,339956,246240,4502,4.18,99.24
2026-08-18 14:16:11,20487.386719,B0DB8AF16E20,0001,male,C57BL/6,1.1.1,FR1_Approach,0,Status,7,14,5,0,0,0,,,,,Disabled,23.4,45.8,995.3,17.8,0.022,28.000,249160,339956,246240,4639,4.18,99.08
2026-08-18 14:26:13,21089.982422,B0DB8AF16E20,0001,male,C57BL/6,1.1.1,FR1_Approach,0,Status,7,14,5,0,0,0,,,,,Disabled,23.4,45.7,995.1,17.8,0.000,10.000,249160,339956,246240,4776,4.18,99.08
2026-08-18 14:36:15,21692.585938,B0DB8AF16E20,0001,male,C57BL/6,1.1.1,FR1_Approach,0,Status,7,14,5,0,0,0,,,,,Disabled,23.4,45.7,995.0,17.7,0.000,12.000,249160,339956,246240,4913,4.18,98.93
2026-08-18 14:46:13,22290.843750,B0DB8AF16E20,0001,male,C57BL/6,1.1.1,FR1_Approach,0,PelletDrop,8,15,5,0,0,0,,,,,,,,,,,,,,,,,,,,
2026-08-18 14:46:22,22300.628906,B0DB8AF16E20,0001,male,C57BL/6,1.1.1,FR1_Approach,0,PelletTaken,8,15,5,0,0,0,9.233,213.000,0,3,,,,,,,,,,,,,,,,
2026-08-18 14:46:30,22308.351562,B0DB8AF16E20,0001,male,C57BL/6,1.1.1,FR1_Approach,0,Status,8,15,5,0,0,0,,,,,Disabled,23.5,45.6,994.8,17.7,0.007,14.000,249160,339956,246240,5050,4.17,98.77
2026-08-18 14:47:14,22352.218750,B0DB8AF16E20,0001,male,C57BL/6,1.1.1,FR1_Approach,0,PelletDrop,9,17,5,0,0,0,,,,,,,,,,,,,,,,,,,,
2026-08-18 14:47:15,22353.363281,B0DB8AF16E20,0001,male,C57BL/6,1.1.1,FR1_Approach,0,PelletNotDetected,9,17,5,0,0,0,,,,,,,,,,,,,,,,,,,,
2026-08-18 14:47:48,22386.685547,B0DB8AF16E20,0001,male,C57BL/6,1.1.1,FR1_Approach,0,PelletDrop,10,20,5,0,0,0,,,,,,,,,,,,,,,,,,,,
2026-08-18 14:47:49,22387.505859,B0DB8AF16E20,0001,male,C57BL/6,1.1.1,FR1_Approach,0,PelletTaken,10,20,5,0,0,0,0.280,245.000,0,2,,,,,,,,,,,,,,,,
2026-08-18 14:56:32,22911.396484,B0DB8AF16E20,0001,male,C57BL/6,1.1.1,FR1_Approach,0,Status,10,20,5,0,0,0,,,,,Disabled,23.5,45.5,994.7,17.6,0.000,6.000,249160,339956,246240,5188,4.18,98.61
2026-08-18 15:06:34,23514.013672,B0DB8AF16E20,0001,male,C57BL/6,1.1.1,FR1_Approach,0,Status,10,20,5,0,0,0,,,,,Disabled,23.5,45.5,994.5,17.7,0.007,20.000,249160,339956,246240,5325,4.17,98.61
2026-08-18 15:16:36,24116.617188,B0DB8AF16E20,0001,male,C57BL/6,1.1.1,FR1_Approach,0,Status,10,20,5,0,0,0,,,,,Disabled,23.5,45.5,994.4,17.6,0.000,14.000,249160,339956,246240,5462,4.18,98.45
2026-08-18 15:26:38,24719.212891,B0DB8AF16E20,0001,male,C57BL/6,1.1.1,FR1_Approach,0,Status,10,20,5,0,0,0,,,,,Disabled,23.5,45.5,994.3,17.7,0.007,20.000,249160,339956,246240,5599,4.18,98.45
2026-08-18 15:36:40,25321.816406,B0DB8AF16E20,0001,male,C57BL/6,1.1.1,FR1_Approach,0,Status,10,20,5,0,0,0,,,,,Disabled,23.5,45.5,994.2,17.6,0.000,18.000,249160,339956,246240,5736,4.18,98.29
2026-08-18 15:46:42,25924.421875,B0DB8AF16E20,0001,male,C57BL/6,1.1.1,FR1_Approach,0,Status,10,20,5,0,0,0,,,,,Disabled,23.5,45.4,994.2,17.5,0.011,22.000,249160,339956,246240,5873,4.17,98.29
2026-08-18 15:56:43,26527.037109,B0DB8AF16E20,0001,male,C57BL/6,1.1.1,FR1_Approach,0,Status,10,20,5,0,0,0,,,,,Disabled,23.5,45.4,994.1,17.5,0.000,18.000,249160,339956,246240,6010,4.17,98.13
2026-08-18 16:06:45,27129.621094,B0DB8AF16E20,0001,male,C57BL/6,1.1.1,FR1_Approach,0,Status,10,20,5,0,0,0,,,,,Disabled,23.5,45.4,994.0,17.6,0.000,8.000,249160,339956,246240,6147,4.17,98.13
2026-08-18 16:07:56,27199.921875,B0DB8AF16E20,0001,male,C57BL/6,1.1.1,FR1_Approach,0,PelletDrop,11,21,5,0,0,0,,,,,,,,,,,,,,,,,,,,
2026-08-18 16:08:06,27210.521484,B0DB8AF16E20,0001,male,C57BL/6,1.1.1,FR1_Approach,0,PelletTaken,11,21,5,0,0,0,10.048,118.000,0,2,,,,,,,,,,,,,,,,
2026-08-18 16:08:45,27249.203125,B0DB8AF16E20,0001,male,C57BL/6,1.1.1,FR1_Approach,0,PelletDrop,12,23,5,0,0,0,,,,,,,,,,,,,,,,,,,,
2026-08-18 16:08:46,27250.335938,B0DB8AF16E20,0001,male,C57BL/6,1.1.1,FR1_Approach,0,PelletNotDetected,12,23,5,0,0,0,,,,,,,,,,,,,,,,,,,,
2026-08-18 16:09:17,27281.408203,B0DB8AF16E20,0001,male,C57BL/6,1.1.1,FR1_Approach,0,PelletDrop,13,26,5,0,0,0,,,,,,,,,,,,,,,,,,,,
2026-08-18 16:09:27,27291.800781,B0DB8AF16E20,0001,male,C57BL/6,1.1.1,FR1_Approach,0,PelletTaken,13,26,5,0,0,0,9.840,109.000,0,3,,,,,,,,,,,,,,,,
2026-08-18 16:10:07,27331.408203,B0DB8AF16E20,0001,male,C57BL/6,1.1.1,FR1_Approach,0,PelletDrop,14,30,5,0,0,0,,,,,,,,,,,,,,,,,,,,
2026-08-18 16:10:14,27338.595703,B0DB8AF16E20,0001,male,C57BL/6,1.1.1,FR1_Approach,0,PelletTaken,14,30,5,0,0,0,6.649,243.000,0,3,,,,,,,,,,,,,,,,
2026-08-18 16:16:46,27731.291016,B0DB8AF16E20,0001,male,C57BL/6,1.1.1,FR1_Approach,0,Status,14,30,5,0,0,0,,,,,Disabled,23.6,45.2,994.0,17.6,0.000,15.000,249160,339956,246240,6278,4.17,97.98
2026-08-18 16:26:48,28333.894531,B0DB8AF16E20,0001,male,C57BL/6,1.1.1,FR1_Approach,0,Status,14,30,5,0,0,0,,,,,Disabled,23.6,45.2,994.0,17.6,0.000,18.000,249160,339956,246240,6415,4.17,97.82
2026-08-18 16:36:50,28936.478516,B0DB8AF16E20,0001,male,C57BL/6,1.1.1,FR1_Approach,0,Status,14,30,5,0,0,0,,,,,Disabled,23.6,45.2,994.0,17.5,0.007,20.000,249160,339956,246240,6552,4.17,97.82
2026-08-18 16:46:52,29539.095703,B0DB8AF16E20,0001,male,C57BL/6,1.1.1,FR1_Approach,0,Status,14,30,5,0,0,0,,,,,Disabled,23.6,45.2,994.0,17.5,0.000,8.000,249160,339956,246240,6689,4.17,97.66
2026-08-18 16:56:54,30141.699219,B0DB8AF16E20,0001,male,C57BL/6,1.1.1,FR1_Approach,0,Status,14,30,5,0,0,0,,,,,Disabled,23.6,45.1,994.0,17.5,0.000,6.000,249160,339956,246240,6826,4.17,97.66
2026-08-18 17:06:56,30744.281250,B0DB8AF16E20,0001,male,C57BL/6,1.1.1,FR1_Approach,0,Status,14,30,5,0,0,0,,,,,Disabled,23.6,45.2,994.0,17.5,0.000,8.000,249160,339956,246240,6963,4.17,97.50
2026-08-18 17:16:57,31346.898438,B0DB8AF16E20,0001,male,C57BL/6,1.1.1,FR1_Approach,0,Status,14,30,5,0,0,0,,,,,Disabled,23.6,45.2,994.0,17.6,0.000,8.000,249160,339956,246240,7100,4.17,97.50
2026-08-18 17:26:59,31949.503906,B0DB8AF16E20,0001,male,C57BL/6,1.1.1,FR1_Approach,0,Status,14,30,5,0,0,0,,,,,Disabled,23.6,45.1,994.0,17.5,0.000,0.000,249160,339956,246240,7237,4.17,97.34
2026-08-18 17:32:30,32280.929688,B0DB8AF16E20,0001,male,C57BL/6,1.1.1,FR1_Approach,0,PelletDrop,15,31,5,0,0,0,,,,,,,,,,,,,,,,,,,,
2026-08-18 17:32:40,32290.406250,B0DB8AF16E20,0001,male,C57BL/6,1.1.1,FR1_Approach,0,PelletTaken,15,31,5,0,0,0,8.926,13.000,0,2,,,,,,,,,,,,,,,,
2026-08-18 17:35:41,32472.064453,B0DB8AF16E20,0001,male,C57BL/6,1.1.1,FR1_Approach,0,PelletDrop,16,33,5,0,0,0,,,,,,,,,,,,,,,,,,,,
2026-08-18 17:35:54,32484.785156,B0DB8AF16E20,0001,male,C57BL/6,1.1.1,FR1_Approach,0,PelletTaken,16,33,5,0,0,0,12.182,71.000,0,2,,,,,,,,,,,,,,,,
2026-08-18 17:37:03,32553.759766,B0DB8AF16E20,0001,male,C57BL/6,1.1.1,FR1_Approach,0,Status,16,33,5,0,0,0,,,,,Disabled,23.7,44.8,993.9,17.5,0.000,10.000,249160,339956,246240,7369,4.16,97.18
2026-08-18 17:47:05,33156.363281,B0DB8AF16E20,0001,male,C57BL/6,1.1.1,FR1_Approach,0,Status,16,33,5,0,0,0,,,,,Disabled,23.7,45.0,993.8,17.5,0.000,0.000,249160,339956,246240,7506,4.16,97.18
2026-08-18 17:57:07,33758.968750,B0DB8AF16E20,0001,male,C57BL/6,1.1.1,FR1_Approach,0,Status,16,33,5,0,0,0,,,,,Disabled,23.7,45.0,993.7,17.5,0.000,0.000,249160,339956,246240,7643,4.16,97.03
2026-08-18 18:07:08,34361.562500,B0DB8AF16E20,0001,male,C57BL/6,1.1.1,FR1_Approach,0,Status,16,33,5,0,0,0,,,,,Disabled,23.7,45.0,993.5,17.4,0.000,0.000,249160,339956,246240,7780,4.16,97.03
2026-08-18 18:09:34,34507.648438,B0DB8AF16E20,0001,male,C57BL/6,1.1.1,FR1_Approach,0,PelletDrop,17,34,5,0,0,0,,,,,,,,,,,,,,,,,,,,
2026-08-18 18:09:53,34526.355469,B0DB8AF16E20,0001,male,C57BL/6,1.1.1,FR1_Approach,0,PelletTaken,17,34,5,0,0,0,18.166,140.000,0,2,,,,,,,,,,,,,,,,
2026-08-18 18:11:14,34607.226562,B0DB8AF16E20,0001,male,C57BL/6,1.1.1,FR1_Approach,0,PelletDrop,18,36,5,0,0,0,,,,,,,,,,,,,,,,,,,,
2026-08-18 18:11:22,34615.394531,B0DB8AF16E20,0001,male,C57BL/6,1.1.1,FR1_Approach,0,PelletTaken,18,36,5,0,0,0,7.628,90.000,0,3,,,,,,,,,,,,,,,,
2026-08-18 18:17:10,34964.312500,B0DB8AF16E20,0001,male,C57BL/6,1.1.1,FR1_Approach,0,Status,18,36,5,0,0,0,,,,,Disabled,23.7,44.9,993.2,17.5,0.000,0.000,249160,339956,246240,7910,4.16,96.71
2026-08-18 18:27:12,35566.929688,B0DB8AF16E20,0001,male,C57BL/6,1.1.1,FR1_Approach,0,Status,18,36,5,0,0,0,,,,,Disabled,23.7,45.0,993.1,17.5,0.000,0.000,249160,339956,246240,8047,4.16,96.71
2026-08-18 18:37:14,36169.511719,B0DB8AF16E20,0001,male,C57BL/6,1.1.1,FR1_Approach,0,Status,18,36,5,0,0,0,,,,,Disabled,23.7,44.9,993.0,17.5,0.000,0.000,249160,339956,246240,8184,4.16,96.55
2026-08-18 18:42:42,36497.566406,B0DB8AF16E20,0001,male,C57BL/6,1.1.1,FR1_Approach,0,PelletDrop,19,37,5,0,0,0,,,,,,,,,,,,,,,,,,,,
2026-08-18 18:42:54,36509.507812,B0DB8AF16E20,0001,male,C57BL/6,1.1.1,FR1_Approach,0,PelletTaken,19,37,5,0,0,0,11.390,21.000,0,2,,,,,,,,,,,,,,,,
2026-08-18 18:43:38,36553.878906,B0DB8AF16E20,0001,male,C57BL/6,1.1.1,FR1_Approach,0,PelletDrop,20,39,5,0,0,0,,,,,,,,,,,,,,,,,,,,
2026-08-18 18:43:51,36566.707031,B0DB8AF16E20,0001,male,C57BL/6,1.1.1,FR1_Approach,0,PelletTaken,20,39,5,0,0,0,12.291,224.000,0,2,,,,,,,,,,,,,,,,
2026-08-18 18:47:15,36771.277344,B0DB8AF16E20,0001,male,C57BL/6,1.1.1,FR1_Approach,0,Status,20,39,5,0,0,0,,,,,Disabled,23.7,44.7,992.9,17.5,0.000,0.000,249160,339956,246240,8314,4.16,96.55
2026-08-18 18:57:17,37373.890625,B0DB8AF16E20,0001,male,C57BL/6,1.1.1,FR1_Approach,0,Status,20,39,5,0,0,0,,,,,Disabled,23.7,44.9,992.9,17.5,0.000,0.000,249160,339956,246240,8451,4.16,96.39
2026-08-18 18:57:42,37398.566406,B0DB8AF16E20,0001,male,C57BL/6,1.1.1,FR1_Approach,0,PelletDrop,21,42,5,0,0,0,,,,,,,,,,,,,,,,,,,,
2026-08-18 18:57:43,37399.699219,B0DB8AF16E20,0001,male,C57BL/6,1.1.1,FR1_Approach,0,PelletNotDetected,21,42,5,0,0,0,,,,,,,,,,,,,,,,,,,,
2026-08-18 18:58:09,37426.273438,B0DB8AF16E20,0001,male,C57BL/6,1.1.1,FR1_Approach,0,PelletDrop,22,46,5,0,0,0,,,,,,,,,,,,,,,,,,,,
2026-08-18 18:58:10,37427.406250,B0DB8AF16E20,0001,male,C57BL/6,1.1.1,FR1_Approach,0,PelletNotDetected,22,46,5,0,0,0,,,,,,,,,,,,,,,,,,,,
2026-08-18 18:58:37,37454.351562,B0DB8AF16E20,0001,male,C57BL/6,1.1.1,FR1_Approach,0,PelletDrop,23,51,5,0,0,0,,,,,,,,,,,,,,,,,,,,
2026-08-18 18:58:48,37465.128906,B0DB8AF16E20,0001,male,C57BL/6,1.1.1,FR1_Approach,0,PelletTaken,23,51,5,0,0,0,10.235,131.000,0,6,,,,,,,,,,,,,,,,
2026-08-18 19:02:38,37694.816406,B0DB8AF16E20,0001,male,C57BL/6,1.1.1,FR1_Approach,0,PelletDrop,24,57,5,0,0,0,,,,,,,,,,,,,,,,,,,,
2026-08-18 19:02:45,37702.093750,B0DB8AF16E20,0001,male,C57BL/6,1.1.1,FR1_Approach,0,PelletTaken,24,57,5,0,0,0,6.736,119.000,0,3,,,,,,,,,,,,,,,,
2026-08-18 19:04:34,37811.769531,B0DB8AF16E20,0001,male,C57BL/6,1.1.1,FR1_Approach,0,PelletDrop,25,64,5,0,0,0,,,,,,,,,,,,,,,,,,,,
2026-08-18 19:04:36,37812.898438,B0DB8AF16E20,0001,male,C57BL/6,1.1.1,FR1_Approach,0,PelletNotDetected,25,64,5,0,0,0,,,,,,,,,,,,,,,,,,,,
2026-08-18 19:05:32,37869.242188,B0DB8AF16E20,0001,male,C57BL/6,1.1.1,FR1_Approach,0,PelletDrop,26,72,5,0,0,0,,,,,,,,,,,,,,,,,,,,
2026-08-18 19:05:33,37870.378906,B0DB8AF16E20,0001,male,C57BL/6,1.1.1,FR1_Approach,0,PelletNotDetected,26,72,5,0,0,0,,,,,,,,,,,,,,,,,,,,
2026-08-18 19:07:17,37974.335938,B0DB8AF16E20,0001,male,C57BL/6,1.1.1,FR1_Approach,0,Status,26,72,5,0,0,0,,,,,Disabled,23.7,44.6,992.8,17.5,0.000,0.000,249160,339956,246240,8598,4.16,96.23
2026-08-18 19:17:20,38578.015625,B0DB8AF16E20,0001,male,C57BL/6,1.1.1,FR1_Approach,0,PelletDrop,27,81,5,0,0,0,,,,,,,,,,,,,,,,,,,,
2026-08-18 19:17:27,38585.082031,B0DB8AF16E20,0001,male,C57BL/6,1.1.1,FR1_Approach,0,PelletTaken,27,81,5,0,0,0,6.528,214.000,0,6,,,,,,,,,,,,,,,,
2026-08-18 19:17:35,38592.804688,B0DB8AF16E20,0001,male,C57BL/6,1.1.1,FR1_Approach,0,Status,27,81,5,0,0,0,,,,,Disabled,23.7,45.1,992.8,17.5,0.000,0.000,249160,339956,246240,8742,4.16,96.23
2026-08-18 19:20:22,38760.308594,B0DB8AF16E20,0001,male,C57BL/6,1.1.1,FR1_Approach,0,PelletDrop,28,91,5,1,0,0,,,,,,,,,,,,,,,,,,,,
2026-08-18 19:20:31,38769.894531,B0DB8AF16E20,0001,male,C57BL/6,1.1.1,FR1_Approach,0,PelletTaken,28,91,5,1,0,0,9.047,61.000,0,2,,,,,,,,,,,,,,,,
2026-08-18 19:23:20,38938.683594,B0DB8AF16E20,0001,male,C57BL/6,1.1.1,FR1_Approach,0,PelletDrop,29,102,5,2,0,0,,,,,,,,,,,,,,,,,,,,
2026-08-18 19:23:32,38950.261719,B0DB8AF16E20,0001,male,C57BL/6,1.1.1,FR1_Approach,0,PelletTaken,29,102,5,2,0,0,11.038,23.000,0,2,,,,,,,,,,,,,,,,
2026-08-18 19:27:35,39194.210938,B0DB8AF16E20,0001,male,C57BL/6,1.1.1,FR1_Approach,0,Status,29,102,5,2,0,0,,,,,Disabled,23.7,45.1,992.7,17.5,0.000,0.000,249160,339956,246240,8888,4.16,96.08
2026-08-18 19:37:37,39796.812500,B0DB8AF16E20,0001,male,C57BL/6,1.1.1,FR1_Approach,0,Status,29,102,5,2,0,0,,,,,Disabled,23.6,45.3,992.7,17.4,0.000,0.000,249160,339956,246240,9025,4.15,95.92
2026-08-18 19:45:34,40274.621094,B0DB8AF16E20,0001,male,C57BL/6,1.1.1,FR1_Approach,0,PelletDrop,30,114,5,2,0,0,,,,,,,,,,,,,,,,,,,,
2026-08-18 19:45:46,40286.562500,B0DB8AF16E20,0001,male,C57BL/6,1.1.1,FR1_Approach,0,PelletTaken,30,114,5,2,0,0,11.390,62.000,0,2,,,,,,,,,,,,,,,,
2026-08-18 19:46:35,40335.007812,B0DB8AF16E20,0001,male,C57BL/6,1.1.1,FR1_Approach,0,PelletDrop,31,127,5,2,0,0,,,,,,,,,,,,,,,,,,,,
2026-08-18 19:46:47,40347.210938,B0DB8AF16E20,0001,male,C57BL/6,1.1.1,FR1_Approach,0,PelletTaken,31,127,5,2,0,0,11.664,337.000,0,2,,,,,,,,,,,,,,,,
2026-08-18 19:47:38,40398.679688,B0DB8AF16E20,0001,male,C57BL/6,1.1.1,FR1_Approach,0,Status,31,127,5,2,0,0,,,,,Disabled,23.6,45.0,992.6,17.5,0.000,0.000,249160,339956,246240,9171,4.16,95.92
2026-08-18 19:57:40,41001.296875,B0DB8AF16E20,0001,male,C57BL/6,1.1.1,FR1_Approach,0,Status,31,127,5,2,0,0,,,,,Disabled,23.5,45.6,992.6,17.5,0.000,0.000,249160,339956,246240,9308,4.15,95.76
2026-08-18 20:07:42,41603.898438,B0DB8AF16E20,0001,male,C57BL/6,1.1.1,FR1_Approach,0,Status,31,127,5,2,0,0,,,,,Disabled,23.5,45.8,992.6,17.5,0.000,0.000,249160,339956,246240,9445,4.15,95.76
2026-08-18 20:17:44,42206.496094,B0DB8AF16E20,0001,male,C57BL/6,1.1.1,FR1_Approach,0,Status,31,127,5,2,0,0,,,,,Disabled,23.5,45.9,992.5,17.5,0.000,0.000,249160,339956,246240,9582,4.15,95.60
2026-08-18 20:27:46,42809.101562,B0DB8AF16E20,0001,male,C57BL/6,1.1.1,FR1_Approach,0,Status,31,127,5,2,0,0,,,,,Disabled,23.5,45.8,992.5,17.5,0.000,0.000,249160,339956,246240,9719,4.15,95.60
2026-08-18 20:36:17,43321.234375,B0DB8AF16E20,0001,male,C57BL/6,1.1.1,FR1_Approach,0,PelletDrop,32,128,5,2,0,0,,,,,,,,,,,,,,,,,,,,
2026-08-18 20:36:27,43331.328125,B0DB8AF16E20,0001,male,C57BL/6,1.1.1,FR1_Approach,0,PelletTaken,32,128,5,2,0,0,9.542,42.000,0,2,,,,,,,,,,,,,,,,
2026-08-18 20:37:22,43385.550781,B0DB8AF16E20,0001,male,C57BL/6,1.1.1,FR1_Approach,0,PelletDrop,33,130,5,2,0,0,,,,,,,,,,,,,,,,,,,,
2026-08-18 20:37:31,43395.378906,B0DB8AF16E20,0001,male,C57BL/6,1.1.1,FR1_Approach,0,PelletTaken,33,130,5,2,0,0,9.289,31.000,0,2,,,,,,,,,,,,,,,,
2026-08-18 20:37:48,43411.851562,B0DB8AF16E20,0001,male,C57BL/6,1.1.1,FR1_Approach,0,Status,33,130,5,2,0,0,,,,,Disabled,23.5,45.4,992.5,17.4,0.000,0.000,249160,339956,246240,9850,4.15,95.45
2026-08-18 20:38:15,43439.285156,B0DB8AF16E20,0001,male,C57BL/6,1.1.1,FR1_Approach,0,PelletDrop,34,133,5,2,0,0,,,,,,,,,,,,,,,,,,,,
2026-08-18 20:38:22,43445.640625,B0DB8AF16E20,0001,male,C57BL/6,1.1.1,FR1_Approach,0,PelletTaken,34,133,5,2,0,0,5.813,21.000,0,3,,,,,,,,,,,,,,,,
2026-08-18 20:39:00,43484.160156,B0DB8AF16E20,0001,male,C57BL/6,1.1.1,FR1_Approach,0,PelletDrop,35,137,5,2,0,0,,,,,,,,,,,,,,,,,,,,
2026-08-18 20:39:11,43495.089844,B0DB8AF16E20,0001,male,C57BL/6,1.1.1,FR1_Approach,0,PelletTaken,35,137,5,2,0,0,10.378,139.000,0,2,,,,,,,,,,,,,,,,
2026-08-18 20:39:53,43537.609375,B0DB8AF16E20,0001,male,C57BL/6,1.1.1,FR1_Approach,0,PelletDrop,36,142,5,2,0,0,,,,,,,,,,,,,,,,,,,,
2026-08-18 20:40:08,43551.695312,B0DB8AF16E20,0001,male,C57BL/6,1.1.1,FR1_Approach,0,PelletTaken,36,142,5,2,0,0,13.546,90.000,0,2,,,,,,,,,,,,,,,,
2026-08-18 20:47:50,44014.347656,B0DB8AF16E20,0001,male,C57BL/6,1.1.1,FR1_Approach,0,Status,36,142,5,2,0,0,,,,,Disabled,23.5,45.5,992.5,17.5,0.000,0.000,249160,339956,246240,9983,4.14,95.29
2026-08-18 20:57:52,44616.960938,B0DB8AF16E20,0001,male,C57BL/6,1.1.1,FR1_Approach,0,Status,36,142,5,2,0,0,,,,,Disabled,23.5,45.5,992.5,17.4,0.000,0.000,249160,339956,246240,10120,4.15,95.29
2026-08-18 21:07:53,45219.566406,B0DB8AF16E20,0001,male,C57BL/6,1.1.1,FR1_Approach,0,Status,36,142,5,2,0,0,,,,,Disabled,23.5,45.6,992.5,17.5,0.000,0.000,249160,339956,246240,10257,4.15,95.13
2026-08-18 21:17:55,45822.164062,B0DB8AF16E20,0001,male,C57BL/6,1.1.1,FR1_Approach,0,Status,36,142,5,2,0,0,,,,,Disabled,23.4,45.6,992.4,17.6,0.000,0.000,249160,339956,246240,10394,4.15,95.13
2026-08-18 21:22:58,46124.902344,B0DB8AF16E20,0001,male,C57BL/6,1.1.1,FR1_Approach,0,PelletDrop,37,143,5,2,0,0,,,,,,,,,,,,,,,,,,,,
2026-08-18 21:23:07,46134.257812,B0DB8AF16E20,0001,male,C57BL/6,1.1.1,FR1_Approach,0,PelletTaken,37,143,5,2,0,0,8.816,52.000,0,3,,,,,,,,,,,,,,,,
2026-08-18 21:23:40,46167.863281,B0DB8AF16E20,0001,male,C57BL/6,1.1.1,FR1_Approach,0,PelletDrop,38,145,5,2,0,0,,,,,,,,,,,,,,,,,,,,
2026-08-18 21:23:50,46177.636719,B0DB8AF16E20,0001,male,C57BL/6,1.1.1,FR1_Approach,0,PelletTaken,38,145,5,2,0,0,9.223,91.000,0,2,,,,,,,,,,,,,,,,
2026-08-18 21:27:58,46425.945312,B0DB8AF16E20,0001,male,C57BL/6,1.1.1,FR1_Approach,0,Status,38,145,5,2,0,0,,,,,Disabled,23.5,45.5,992.5,17.4,0.000,0.000,249160,339956,246240,10525,4.15,94.97
2026-08-18 21:30:46,46593.480469,B0DB8AF16E20,0001,male,C57BL/6,1.1.1,FR1_Approach,0,PelletDrop,39,148,5,2,0,0,,,,,,,,,,,,,,,,,,,,
2026-08-18 21:30:50,46597.644531,B0DB8AF16E20,0001,male,C57BL/6,1.1.1,FR1_Approach,0,PelletTaken,39,148,5,2,0,0,3.613,253.000,0,3,,,,,,,,,,,,,,,,
2026-08-18 21:38:01,47029.695312,B0DB8AF16E20,0001,male,C57BL/6,1.1.1,FR1_Approach,0,Status,39,148,5,2,0,0,,,,,Disabled,23.4,45.7,992.5,17.5,0.000,0.000,249160,339956,246240,10661,4.15,94.81
2026-08-18 21:41:22,47230.761719,B0DB8AF16E20,0001,male,C57BL/6,1.1.1,FR1_Approach,0,PelletDrop,40,152,5,2,0,0,,,,,,,,,,,,,,,,,,,,
2026-08-18 21:41:31,47239.414062,B0DB8AF16E20,0001,male,C57BL/6,1.1.1,FR1_Approach,0,PelletTaken,40,152,5,2,0,0,8.101,412.000,0,3,,,,,,,,,,,,,,,,
2026-08-18 21:42:09,47277.746094,B0DB8AF16E20,0001,male,C57BL/6,1.1.1,FR1_Approach,0,PelletDrop,41,157,5,2,0,0,,,,,,,,,,,,,,,,,,,,
2026-08-18 21:42:15,47283.308594,B0DB8AF16E20,0001,male,C57BL/6,1.1.1,FR1_Approach,0,PelletTaken,41,157,5,2,0,0,5.021,140.000,0,3,,,,,,,,,,,,,,,,
2026-08-18 21:48:03,47632.226562,B0DB8AF16E20,0001,male,C57BL/6,1.1.1,FR1_Approach,0,Status,41,157,5,2,0,0,,,,,Disabled,23.4,45.7,992.6,17.5,0.000,0.000,249160,339956,246240,10797,4.15,94.81
2026-08-18 21:58:11,48241.082031,B0DB8AF16E20,0001,male,C57BL/6,1.1.1,FR1_Approach,0,PelletDrop,42,163,5,2,0,0,,,,,,,,,,,,,,,,,,,,
2026-08-18 21:58:20,48249.734375,B0DB8AF16E20,0001,male,C57BL/6,1.1.1,FR1_Approach,0,PelletTaken,42,163,5,2,0,0,8.112,21.000,0,2,,,,,,,,,,,,,,,,
2026-08-18 21:58:27,48257.457031,B0DB8AF16E20,0001,male,C57BL/6,1.1.1,FR1_Approach,0,Status,42,163,5,2,0,0,,,,,Disabled,23.4,46.0,992.6,17.3,0.000,0.000,249160,339956,246240,10940,4.14,94.65
2026-08-18 21:59:06,48296.480469,B0DB8AF16E20,0001,male,C57BL/6,1.1.1,FR1_Approach,0,PelletDrop,43,170,5,2,0,0,,,,,,,,,,,,,,,,,,,,
2026-08-18 21:59:13,48302.753906,B0DB8AF16E20,0001,male,C57BL/6,1.1.1,FR1_Approach,0,PelletTaken,43,170,5,2,0,0,5.736,146.000,0,2,,,,,,,,,,,,,,,,
2026-08-18 22:08:31,48861.683594,B0DB8AF16E20,0001,male,C57BL/6,1.1.1,FR1_Approach,0,Status,43,170,5,2,0,0,,,,,Disabled,23.4,46.0,992.6,17.5,0.000,0.000,249160,339956,246240,11080,4.14,94.50
2026-08-18 22:15:07,49258.523438,B0DB8AF16E20,0001,male,C57BL/6,1.1.1,FR1_Approach,0,PelletDrop,44,178,5,2,0,0,,,,,,,,,,,,,,,,,,,,
2026-08-18 22:15:20,49270.718750,B0DB8AF16E20,0001,male,C57BL/6,1.1.1,FR1_Approach,0,PelletTaken,44,178,5,2,0,0,11.653,149.000,0,2,,,,,,,,,,,,,,,,
2026-08-18 22:16:28,49339.718750,B0DB8AF16E20,0001,male,C57BL/6,1.1.1,FR1_Approach,0,PelletDrop,45,187,5,2,0,0,,,,,,,,,,,,,,,,,,,,
2026-08-18 22:16:35,49346.359375,B0DB8AF16E20,0001,male,C57BL/6,1.1.1,FR1_Approach,0,PelletTaken,45,187,5,2,0,0,6.099,178.000,0,2,,,,,,,,,,,,,,,,
2026-08-18 22:18:32,49463.472656,B0DB8AF16E20,0001,male,C57BL/6,1.1.1,FR1_Approach,0,Status,45,187,5,2,0,0,,,,,Disabled,23.4,46.1,992.7,17.6,0.000,0.000,249160,339956,246240,11221,4.14,94.50
2026-08-18 22:21:44,49655.828125,B0DB8AF16E20,0001,male,C57BL/6,1.1.1,FR1_Approach,0,PelletDrop,46,197,10,2,0,0,,,,,,,,,,,,,,,,,,,,
2026-08-18 22:21:53,49664.839844,B0DB8AF16E20,0001,male,C57BL/6,1.1.1,FR1_Approach,0,PelletTaken,46,197,10,2,0,0,8.475,32.000,0,2,,,,,,,,,,,,,,,,
2026-08-18 22:22:33,49704.656250,B0DB8AF16E20,0001,male,C57BL/6,1.1.1,FR1_Approach,0,PelletDrop,47,208,10,2,0,0,,,,,,,,,,,,,,,,,,,,
2026-08-18 22:22:40,49711.812500,B0DB8AF16E20,0001,male,C57BL/6,1.1.1,FR1_Approach,0,PelletTaken,47,208,10,2,0,0,6.616,101.000,0,2,,,,,,,,,,,,,,,,
2026-08-18 22:28:33,50065.105469,B0DB8AF16E20,0001,male,C57BL/6,1.1.1,FR1_Approach,0,Status,47,208,10,2,0,0,,,,,Disabled,23.4,46.2,992.7,17.5,0.000,0.000,249160,339956,246240,11370,4.14,94.34
2026-08-18 22:38:35,50667.710938,B0DB8AF16E20,0001,male,C57BL/6,1.1.1,FR1_Approach,0,Status,47,208,10,2,0,0,,,,,Disabled,23.4,46.3,992.7,17.4,0.000,0.000,249160,339956,246240,11507,4.14,94.18
2026-08-18 22:48:37,51270.324219,B0DB8AF16E20,0001,male,C57BL/6,1.1.1,FR1_Approach,0,Status,47,208,10,2,0,0,,,,,Disabled,23.4,46.1,992.6,17.5,0.000,0.000,249160,339956,246240,11644,4.14,94.18
2026-08-18 22:58:39,51872.910156,B0DB8AF16E20,0001,male,C57BL/6,1.1.1,FR1_Approach,0,Status,47,208,10,2,0,0,,,,,Disabled,23.4,46.1,992.5,17.6,0.000,0.000,249160,339956,246240,11781,4.14,94.18
2026-08-18 23:08:40,52475.527344,B0DB8AF16E20,0001,male,C57BL/6,1.1.1,FR1_Approach,0,Status,47,208,10,2,0,0,,,,,Disabled,23.4,46.2,992.5,17.4,0.000,0.000,249160,339956,246240,11918,4.14,94.02
2026-08-18 23:18:42,53078.132812,B0DB8AF16E20,0001,male,C57BL/6,1.1.1,FR1_Approach,0,Status,47,208,10,2,0,0,,,,,Disabled,23.4,45.9,992.5,17.5,0.000,0.000,249160,339956,246240,12055,4.14,94.02
2026-08-18 23:23:23,53358.964844,B0DB8AF16E20,0001,male,C57BL/6,1.1.1,FR1_Approach,0,PelletDrop,48,209,10,2,0,0,,,,,,,,,,,,,,,,,,,,
2026-08-18 23:23:32,53368.453125,B0DB8AF16E20,0001,male,C57BL/6,1.1.1,FR1_Approach,0,PelletTaken,48,209,10,2,0,0,8.937,70.000,0,3,,,,,,,,,,,,,,,,
2026-08-18 23:24:30,53426.375000,B0DB8AF16E20,0001,male,C57BL/6,1.1.1,FR1_Approach,0,PelletDrop,49,211,10,2,0,0,,,,,,,,,,,,,,,,,,,,
2026-08-18 23:24:40,53436.191406,B0DB8AF16E20,0001,male,C57BL/6,1.1.1,FR1_Approach,0,PelletTaken,49,211,10,2,0,0,9.278,255.000,0,3,,,,,,,,,,,,,,,,
2026-08-18 23:25:20,53476.433594,B0DB8AF16E20,0001,male,C57BL/6,1.1.1,FR1_Approach,0,PelletDrop,50,214,10,2,0,0,,,,,,,,,,,,,,,,,,,,
2026-08-18 23:25:33,53488.773438,B0DB8AF16E20,0001,male,C57BL/6,1.1.1,FR1_Approach,0,PelletTaken,50,214,10,2,0,0,11.786,98.000,0,2,,,,,,,,,,,,,,,,
2026-08-18 23:28:44,53680.218750,B0DB8AF16E20,0001,male,C57BL/6,1.1.1,FR1_Approach,0,Status,50,214,10,2,0,0,,,,,Disabled,23.5,45.5,992.4,17.4,0.000,0.000,249160,339956,246240,12183,4.14,93.86
2026-08-18 23:38:46,54282.820312,B0DB8AF16E20,0001,male,C57BL/6,1.1.1,FR1_Approach,0,Status,50,214,10,2,0,0,,,,,Disabled,23.5,45.7,992.5,17.4,0.000,0.000,249160,339956,246240,12320,4.14,93.70
2026-08-18 23:48:47,54885.437500,B0DB8AF16E20,0001,male,C57BL/6,1.1.1,FR1_Approach,0,Status,50,214,10,2,0,0,,,,,Disabled,23.5,45.7,992.5,17.4,0.000,0.000,249160,339956,246240,12457,4.14,93.70
2026-08-18 23:58:49,55488.019531,B0DB8AF16E20,0001,male,C57BL/6,1.1.1,FR1_Approach,0,Status,50,214,10,2,0,0,,,,,Disabled,23.5,45.7,992.6,17.4,0.000,0.000,249160,339956,246240,12594,4.14,93.55
2026-08-19 00:04:21,55819.855469,B0DB8AF16E20,0001,male,C57BL/6,1.1.1,FR1_Approach,0,PelletDrop,51,215,11,2,0,0,,,,,,,,,,,,,,,,,,,,
2026-08-19 00:04:30,55829.046875,B0DB8AF16E20,0001,male,C57BL/6,1.1.1,FR1_Approach,0,PelletTaken,51,215,11,2,0,0,8.650,156.000,0,2,,,,,,,,,,,,,,,,
2026-08-19 00:04:59,55858.457031,B0DB8AF16E20,0001,male,C57BL/6,1.1.1,FR1_Approach,0,PelletDrop,52,217,11,2,0,0,,,,,,,,,,,,,,,,,,,,
2026-08-19 00:05:08,55867.746094,B0DB8AF16E20,0001,male,C57BL/6,1.1.1,FR1_Approach,0,PelletTaken,52,217,11,2,0,0,8.750,216.000,0,2,,,,,,,,,,,,,,,,
2026-08-19 00:05:57,55916.296875,B0DB8AF16E20,0001,male,C57BL/6,1.1.1,FR1_Approach,0,PelletDrop,53,220,11,2,0,0,,,,,,,,,,,,,,,,,,,,
2026-08-19 00:06:03,55922.507812,B0DB8AF16E20,0001,male,C57BL/6,1.1.1,FR1_Approach,0,PelletTaken,53,220,11,2,0,0,5.669,137.000,0,2,,,,,,,,,,,,,,,,
2026-08-19 00:08:50,56089.253906,B0DB8AF16E20,0001,male,C57BL/6,1.1.1,FR1_Approach,0,Status,53,221,11,2,0,0,,,,,Disabled,23.5,45.5,992.7,17.4,0.000,0.000,249160,339956,246240,12726,4.14,93.39
2026-08-19 00:09:41,56140.953125,B0DB8AF16E20,0001,male,C57BL/6,1.1.1,FR1_Approach,0,PelletDrop,54,224,11,2,0,0,,,,,,,,,,,,,,,,,,,,
2026-08-19 00:09:52,56151.804688,B0DB8AF16E20,0001,male,C57BL/6,1.1.1,FR1_Approach,0,PelletTaken,54,224,11,2,0,0,10.290,12.000,0,2,,,,,,,,,,,,,,,,
2026-08-19 00:10:47,56206.601562,B0DB8AF16E20,0001,male,C57BL/6,1.1.1,FR1_Approach,0,PelletDrop,55,229,11,2,0,0,,,,,,,,,,,,,,,,,,,,
2026-08-19 00:10:58,56218.125000,B0DB8AF16E20,0001,male,C57BL/6,1.1.1,FR1_Approach,0,PelletTaken,55,229,11,2,0,0,10.961,343.000,0,2,,,,,,,,,,,,,,,,
2026-08-19 00:18:49,56689.578125,B0DB8AF16E20,0001,male,C57BL/6,1.1.1,FR1_Approach,0,Status,55,229,11,2,0,0,,,,,Disabled,23.5,45.6,992.8,17.5,0.000,0.000,249160,339956,246240,12860,4.13,93.23
2026-08-19 00:28:51,57292.183594,B0DB8AF16E20,0001,male,C57BL/6,1.1.1,FR1_Approach,0,Status,55,229,11,2,0,0,,,,,Disabled,23.5,45.9,992.9,17.6,0.000,0.000,249160,339956,246240,12997,4.13,93.23
2026-08-19 00:38:53,57894.808594,B0DB8AF16E20,0001,male,C57BL/6,1.1.1,FR1_Approach,0,Status,55,229,11,2,0,0,,,,,Disabled,23.4,46.2,992.9,17.5,0.000,0.000,249160,339956,246240,13134,4.13,93.07
2026-08-19 00:48:55,58497.445312,B0DB8AF16E20,0001,male,C57BL/6,1.1.1,FR1_Approach,0,Status,55,229,11,2,0,0,,,,,Disabled,23.4,46.4,993.0,17.5,0.000,0.000,249160,339956,246240,13271,4.13,93.07
2026-08-19 00:49:31,58533.750000,B0DB8AF16E20,0001,male,C57BL/6,1.1.1,FR1_Approach,0,PelletDrop,56,230,13,2,0,0,,,,,,,,,,,,,,,,,,,,
2026-08-19 00:49:39,58541.214844,B0DB8AF16E20,0001,male,C57BL/6,1.1.1,FR1_Approach,0,PelletTaken,56,230,13,2,0,0,6.902,196.000,0,3,,,,,,,,,,,,,,,,
2026-08-19 00:50:11,58573.382812,B0DB8AF16E20,0001,male,C57BL/6,1.1.1,FR1_Approach,0,PelletDrop,57,232,13,2,0,0,,,,,,,,,,,,,,,,,,,,
2026-08-19 00:50:20,58582.156250,B0DB8AF16E20,0001,male,C57BL/6,1.1.1,FR1_Approach,0,PelletTaken,57,232,13,2,0,0,8.211,337.000,0,2,,,,,,,,,,,,,,,,
2026-08-19 00:58:58,59101.714844,B0DB8AF16E20,0001,male,C57BL/6,1.1.1,FR1_Approach,0,Status,57,232,13,2,0,0,,,,,Disabled,23.3,46.6,992.9,17.6,0.000,0.000,249160,339956,246240,13404,4.12,93.07
2026-08-19 01:03:37,59380.625000,B0DB8AF16E20,0001,male,C57BL/6,1.1.1,FR1_Approach,0,PelletDrop,58,235,13,2,0,0,,,,,,,,,,,,,,,,,,,,
2026-08-19 01:03:48,59392.050781,B0DB8AF16E20,0001,male,C57BL/6,1.1.1,FR1_Approach,0,PelletTaken,58,235,13,2,0,0,10.862,81.000,0,2,,,,,,,,,,,,,,,,
2026-08-19 01:09:02,59705.992188,B0DB8AF16E20,0001,male,C57BL/6,1.1.1,FR1_Approach,0,Status,58,235,13,2,0,0,,,,,Disabled,23.3,46.6,992.8,17.5,0.000,0.000,249160,339956,246240,13539,4.13,92.91
2026-08-19 01:19:04,60308.632812,B0DB8AF16E20,0001,male,C57BL/6,1.1.1,FR1_Approach,0,Status,58,235,13,2,0,0,,,,,Disabled,23.3,46.5,992.7,17.3,0.000,0.000,249160,339956,246240,13676,4.13,92.91
2026-08-19 01:29:06,60911.257812,B0DB8AF16E20,0001,male,C57BL/6,1.1.1,FR1_Approach,0,Status,58,235,13,2,0,0,,,,,Disabled,23.3,46.4,992.7,17.5,0.000,0.000,249160,339956,246240,13813,4.13,92.75
2026-08-19 01:39:08,61513.863281,B0DB8AF16E20,0001,male,C57BL/6,1.1.1,FR1_Approach,0,Status,58,235,13,2,0,0,,,,,Disabled,23.4,46.3,992.6,17.4,0.000,0.000,249160,339956,246240,13950,4.13,92.75
2026-08-19 01:49:10,62116.503906,B0DB8AF16E20,0001,male,C57BL/6,1.1.1,FR1_Approach,0,Status,58,235,13,2,0,0,,,,,Disabled,23.4,46.1,992.5,17.4,0.000,0.000,249160,339956,246240,14087,4.13,92.60
2026-08-19 01:59:11,62719.128906,B0DB8AF16E20,0001,male,C57BL/6,1.1.1,FR1_Approach,0,Status,58,235,13,2,0,0,,,,,Disabled,23.5,45.9,992.4,17.4,0.000,0.000,249160,339956,246240,14224,4.13,92.60
2026-08-19 02:06:18,63145.664062,B0DB8AF16E20,0001,male,C57BL/6,1.1.1,FR1_Approach,0,PelletDrop,59,236,13,2,0,0,,,,,,,,,,,,,,,,,,,,
2026-08-19 02:06:27,63155.449219,B0DB8AF16E20,0001,male,C57BL/6,1.1.1,FR1_Approach,0,PelletTaken,59,236,13,2,0,0,9.211,119.000,0,2,,,,,,,,,,,,,,,,
2026-08-19 02:06:57,63185.574219,B0DB8AF16E20,0001,male,C57BL/6,1.1.1,FR1_Approach,0,PelletDrop,60,238,13,2,0,0,,,,,,,,,,,,,,,,,,,,
2026-08-19 02:07:05,63193.574219,B0DB8AF16E20,0001,male,C57BL/6,1.1.1,FR1_Approach,0,PelletTaken,60,238,13,2,0,0,7.441,70.000,0,3,,,,,,,,,,,,,,,,
2026-08-19 02:07:43,63231.664062,B0DB8AF16E20,0001,male,C57BL/6,1.1.1,FR1_Approach,0,PelletDrop,61,241,13,2,0,0,,,,,,,,,,,,,,,,,,,,
2026-08-19 02:07:58,63246.457031,B0DB8AF16E20,0001,male,C57BL/6,1.1.1,FR1_Approach,0,PelletTaken,61,241,13,2,0,0,14.228,32.000,0,3,,,,,,,,,,,,,,,,
2026-08-19 02:09:11,63319.816406,B0DB8AF16E20,0001,male,C57BL/6,1.1.1,FR1_Approach,0,Status,61,241,13,2,0,0,,,,,Disabled,23.6,45.4,992.5,17.3,0.000,0.000,249160,339956,246240,14351,4.13,92.44
2026-08-19 02:19:00,63908.777344,B0DB8AF16E20,0001,male,C57BL/6,1.1.1,FR1_Approach,0,PelletDrop,62,245,17,2,0,0,,,,,,,,,,,,,,,,,,,,
2026-08-19 02:19:09,63918.363281,B0DB8AF16E20,0001,male,C57BL/6,1.1.1,FR1_Approach,0,PelletTaken,62,245,17,2,0,0,9.014,101.000,0,2,,,,,,,,,,,,,,,,
2026-08-19 02:19:17,63926.128906,B0DB8AF16E20,0001,male,C57BL/6,1.1.1,FR1_Approach,0,Status,62,245,17,2,0,0,,,,,Disabled,23.6,46.2,992.6,17.3,0.000,0.000,249160,339956,246240,14489,4.13,92.44
2026-08-19 02:19:42,63951.050781,B0DB8AF16E20,0001,male,C57BL/6,1.1.1,FR1_Approach,0,PelletDrop,63,250,17,2,0,0,,,,,,,,,,,,,,,,,,,,
2026-08-19 02:19:51,63960.394531,B0DB8AF16E20,0001,male,C57BL/6,1.1.1,FR1_Approach,0,PelletTaken,63,250,17,2,0,0,8.772,176.000,0,2,,,,,,,,,,,,,,,,
2026-08-19 02:20:26,63995.050781,B0DB8AF16E20,0001,male,C57BL/6,1.1.1,FR1_Approach,0,PelletDrop,64,256,17,2,0,0,,,,,,,,,,,,,,,,,,,,
2026-08-19 02:20:35,64004.117188,B0DB8AF16E20,0001,male,C57BL/6,1.1.1,FR1_Approach,0,PelletTaken,64,256,17,2,0,0,8.508,39.000,0,2,,,,,,,,,,,,,,,,
2026-08-19 02:24:26,64235.515625,B0DB8AF16E20,0001,male,C57BL/6,1.1.1,FR1_Approach,0,LeftWithPellet,64,264,18,2,0,0,,,,,,,,,,,,,,,,,,,,
2026-08-19 02:24:29,64238.105469,B0DB8AF16E20,0001,male,C57BL/6,1.1.1,FR1_Approach,0,LeftWithPellet,64,265,18,2,0,0,,,,,,,,,,,,,,,,,,,,
2026-08-19 02:24:30,64239.035156,B0DB8AF16E20,0001,male,C57BL/6,1.1.1,FR1_Approach,0,LeftWithPellet,64,266,18,2,0,0,,,,,,,,,,,,,,,,,,,,
2026-08-19 02:24:32,64240.972656,B0DB8AF16E20,0001,male,C57BL/6,1.1.1,FR1_Approach,0,LeftWithPellet,64,267,18,2,0,0,,,,,,,,,,,,,,,,,,,,
2026-08-19 02:24:35,64244.859375,B0DB8AF16E20,0001,male,C57BL/6,1.1.1,FR1_Approach,0,LeftWithPellet,64,268,18,2,0,0,,,,,,,,,,,,,,,,,,,,
2026-08-19 02:24:49,64258.078125,B0DB8AF16E20,0001,male,C57BL/6,1.1.1,FR1_Approach,0,LeftWithPellet,64,277,18,2,0,0,,,,,,,,,,,,,,,,,,,,
2026-08-19 02:24:52,64261.503906,B0DB8AF16E20,0001,male,C57BL/6,1.1.1,FR1_Approach,0,LeftWithPellet,64,278,18,2,0,0,,,,,,,,,,,,,,,,,,,,
2026-08-19 02:29:19,64529.019531,B0DB8AF16E20,0001,male,C57BL/6,1.1.1,FR1_Approach,0,Status,64,278,18,2,0,0,,,,,Disabled,23.6,45.6,992.6,17.3,0.000,0.000,249160,339956,246240,14630,4.12,92.28
2026-08-19 02:36:59,64988.960938,B0DB8AF16E20,0001,male,C57BL/6,1.1.1,FR1_Approach,0,PelletDrop,65,287,18,2,0,0,,,,,,,,,,,,,,,,,,,,
2026-08-19 02:37:09,64999.039062,B0DB8AF16E20,0001,male,C57BL/6,1.1.1,FR1_Approach,0,PelletTaken,65,287,18,2,0,0,9.520,40.000,0,2,,,,,,,,,,,,,,,,
2026-08-19 02:39:19,65129.265625,B0DB8AF16E20,0001,male,C57BL/6,1.1.1,FR1_Approach,0,Status,65,287,18,2,0,0,,,,,Disabled,23.6,45.7,992.5,17.3,0.000,0.000,249160,339956,246240,14769,4.12,92.12
2026-08-19 02:49:21,65731.906250,B0DB8AF16E20,0001,male,C57BL/6,1.1.1,FR1_Approach,0,Status,65,287,18,2,0,0,,,,,Disabled,23.6,46.0,992.5,17.4,0.000,0.000,249160,339956,246240,14906,4.12,92.12
2026-08-19 02:59:22,66334.531250,B0DB8AF16E20,0001,male,C57BL/6,1.1.1,FR1_Approach,0,Status,65,287,18,2,0,0,,,,,Disabled,23.5,46.1,992.3,17.4,0.000,0.000,249160,339956,246240,15043,4.12,91.96
2026-08-19 03:09:24,66937.132812,B0DB8AF16E20,0001,male,C57BL/6,1.1.1,FR1_Approach,0,Status,65,287,18,2,0,0,,,,,Disabled,23.5,46.0,992.2,17.5,0.000,0.000,249160,339956,246240,15180,4.12,91.96
2026-08-19 03:19:26,67539.773438,B0DB8AF16E20,0001,male,C57BL/6,1.1.1,FR1_Approach,0,Status,65,287,18,2,0,0,,,,,Disabled,23.5,45.9,992.0,17.5,0.000,0.000,249160,339956,246240,15317,4.12,91.96
2026-08-19 03:29:28,68142.398438,B0DB8AF16E20,0001,male,C57BL/6,1.1.1,FR1_Approach,0,Status,65,287,18,2,0,0,,,,,Disabled,23.4,45.9,991.9,17.5,0.000,0.000,249160,339956,246240,15454,4.11,91.80
2026-08-19 03:39:30,68745.007812,B0DB8AF16E20,0001,male,C57BL/6,1.1.1,FR1_Approach,0,Status,65,287,18,2,0,0,,,,,Disabled,23.4,45.9,991.9,17.4,0.000,0.000,249160,339956,246240,15591,4.12,91.80
2026-08-19 03:49:32,69347.640625,B0DB8AF16E20,0001,male,C57BL/6,1.1.1,FR1_Approach,0,Status,65,287,18,2,0,0,,,,,Disabled,23.4,45.9,992.0,17.5,0.000,0.000,249160,339956,246240,15728,4.12,91.65
2026-08-19 03:59:34,69950.273438,B0DB8AF16E20,0001,male,C57BL/6,1.1.1,FR1_Approach,0,Status,65,287,18,2,0,0,,,,,Disabled,23.3,45.9,992.1,17.4,0.000,0.000,249160,339956,246240,15865,4.11,91.65
2026-08-19 04:09:36,70552.906250,B0DB8AF16E20,0001,male,C57BL/6,1.1.1,FR1_Approach,0,Status,65,287,18,2,0,0,,,,,Disabled,23.3,45.9,992.2,17.5,0.000,0.000,249160,339956,246240,16002,4.12,91.49
2026-08-19 04:19:37,71155.515625,B0DB8AF16E20,0001,male,C57BL/6,1.1.1,FR1_Approach,0,Status,65,287,18,2,0,0,,,,,Disabled,23.3,45.9,992.5,17.6,0.000,0.000,249160,339956,246240,16139,4.12,91.49
2026-08-19 04:20:16,71193.648438,B0DB8AF16E20,0001,male,C57BL/6,1.1.1,FR1_Approach,0,PelletDrop,66,288,18,2,0,0,,,,,,,,,,,,,,,,,,,,
2026-08-19 04:20:23,71201.281250,B0DB8AF16E20,0001,male,C57BL/6,1.1.1,FR1_Approach,0,PelletTaken,66,288,18,2,0,0,7.055,23.000,0,2,,,,,,,,,,,,,,,,
2026-08-19 04:22:20,71318.617188,B0DB8AF16E20,0001,male,C57BL/6,1.1.1,FR1_Approach,0,PelletDrop,67,290,18,2,0,0,,,,,,,,,,,,,,,,,,,,
2026-08-19 04:22:32,71330.476562,B0DB8AF16E20,0001,male,C57BL/6,1.1.1,FR1_Approach,0,PelletTaken,67,290,18,2,0,0,11.302,111.000,0,2,,,,,,,,,,,,,,,,
2026-08-19 04:25:34,71512.398438,B0DB8AF16E20,0001,male,C57BL/6,1.1.1,FR1_Approach,0,PelletDrop,68,293,25,2,0,0,,,,,,,,,,,,,,,,,,,,
2026-08-19 04:25:44,71522.257812,B0DB8AF16E20,0001,male,C57BL/6,1.1.1,FR1_Approach,0,PelletTaken,68,293,25,2,0,0,9.288,234.000,0,2,,,,,,,,,,,,,,,,
2026-08-19 04:26:29,71567.523438,B0DB8AF16E20,0001,male,C57BL/6,1.1.1,FR1_Approach,0,PelletDrop,69,297,25,2,0,0,,,,,,,,,,,,,,,,,,,,
2026-08-19 04:26:39,71577.640625,B0DB8AF16E20,0001,male,C57BL/6,1.1.1,FR1_Approach,0,PelletTaken,69,297,25,2,0,0,9.553,99.000,0,2,,,,,,,,,,,,,,,,
2026-08-19 04:29:37,71756.015625,B0DB8AF16E20,0001,male,C57BL/6,1.1.1,FR1_Approach,0,Status,69,297,25,2,0,0,,,,,Disabled,23.3,45.8,992.6,17.6,0.000,0.000,249160,339956,246240,16271,4.12,91.33
2026-08-19 04:31:49,71887.867188,B0DB8AF16E20,0001,male,C57BL/6,1.1.1,FR1_Approach,0,PelletDrop,70,302,25,2,0,0,,,,,,,,,,,,,,,,,,,,
2026-08-19 04:31:58,71896.804688,B0DB8AF16E20,0001,male,C57BL/6,1.1.1,FR1_Approach,0,PelletTaken,70,302,25,2,0,0,8.376,139.000,0,2,,,,,,,,,,,,,,,,
2026-08-19 04:39:37,72356.703125,B0DB8AF16E20,0001,male,C57BL/6,1.1.1,FR1_Approach,0,Status,70,305,25,2,0,0,,,,,Disabled,23.3,46.0,992.8,17.5,0.000,0.000,249160,339956,246240,16410,4.12,91.17
2026-08-19 04:48:04,72863.742188,B0DB8AF16E20,0001,male,C57BL/6,1.1.1,FR1_Approach,0,PelletDrop,71,308,35,3,0,0,,,,,,,,,,,,,,,,,,,,
2026-08-19 04:48:12,72872.382812,B0DB8AF16E20,0001,male,C57BL/6,1.1.1,FR1_Approach,0,PelletTaken,71,308,35,3,0,0,8.079,331.000,0,2,,,,,,,,,,,,,,,,
2026-08-19 04:48:58,72918.437500,B0DB8AF16E20,0001,male,C57BL/6,1.1.1,FR1_Approach,0,PelletDrop,72,315,35,3,0,0,,,,,,,,,,,,,,,,,,,,
2026-08-19 04:49:07,72927.320312,B0DB8AF16E20,0001,male,C57BL/6,1.1.1,FR1_Approach,0,PelletTaken,72,315,35,3,0,0,8.309,40.000,0,3,,,,,,,,,,,,,,,,
2026-08-19 04:49:37,72956.937500,B0DB8AF16E20,0001,male,C57BL/6,1.1.1,FR1_Approach,0,Status,72,315,35,3,0,0,,,,,Disabled,23.4,46.0,993.0,17.5,0.000,0.000,249160,339956,246240,16553,4.11,91.17
2026-08-19 04:59:39,73559.562500,B0DB8AF16E20,0001,male,C57BL/6,1.1.1,FR1_Approach,0,Status,72,315,35,3,0,0,,,,,Disabled,23.4,46.4,993.0,17.5,0.000,0.000,249160,339956,246240,16690,4.11,91.02
2026-08-19 05:09:41,74162.195312,B0DB8AF16E20,0001,male,C57BL/6,1.1.1,FR1_Approach,0,Status,72,315,35,3,0,0,,,,,Disabled,23.3,46.5,993.0,17.4,0.000,0.000,249160,339956,246240,16827,4.12,91.02
2026-08-19 05:19:42,74764.804688,B0DB8AF16E20,0001,male,C57BL/6,1.1.1,FR1_Approach,0,Status,72,315,35,3,0,0,,,,,Disabled,23.3,46.5,992.9,17.5,0.000,0.000,249160,339956,246240,16964,4.11,91.02
2026-08-19 05:29:44,75367.429688,B0DB8AF16E20,0001,male,C57BL/6,1.1.1,FR1_Approach,0,Status,72,315,35,3,0,0,,,,,Disabled,23.3,46.5,992.8,17.5,0.000,0.000,249160,339956,246240,17101,4.11,90.86
2026-08-19 05:39:46,75970.062500,B0DB8AF16E20,0001,male,C57BL/6,1.1.1,FR1_Approach,0,Status,72,315,35,3,0,0,,,,,Disabled,23.2,46.5,992.6,17.5,0.000,0.000,249160,339956,246240,17238,4.12,90.86
2026-08-19 05:43:20,76184.140625,B0DB8AF16E20,0001,male,C57BL/6,1.1.1,FR1_Approach,0,PelletDrop,73,316,35,3,0,0,,,,,,,,,,,,,,,,,,,,
2026-08-19 05:43:32,76195.640625,B0DB8AF16E20,0001,male,C57BL/6,1.1.1,FR1_Approach,0,PelletTaken,73,316,35,3,0,0,10.939,129.000,0,2,,,,,,,,,,,,,,,,
2026-08-19 05:44:17,76241.421875,B0DB8AF16E20,0001,male,C57BL/6,1.1.1,FR1_Approach,0,PelletDrop,74,318,35,3,0,0,,,,,,,,,,,,,,,,,,,,
2026-08-19 05:44:26,76250.656250,B0DB8AF16E20,0001,male,C57BL/6,1.1.1,FR1_Approach,0,PelletTaken,74,318,35,3,0,0,8.673,12.000,0,2,,,,,,,,,,,,,,,,
2026-08-19 05:45:03,76287.320312,B0DB8AF16E20,0001,male,C57BL/6,1.1.1,FR1_Approach,0,PelletDrop,75,321,35,3,0,0,,,,,,,,,,,,,,,,,,,,
2026-08-19 05:45:16,76299.906250,B0DB8AF16E20,0001,male,C57BL/6,1.1.1,FR1_Approach,0,PelletTaken,75,321,35,3,0,0,12.016,147.000,0,2,,,,,,,,,,,,,,,,
2026-08-19 05:49:46,76570.109375,B0DB8AF16E20,0001,male,C57BL/6,1.1.1,FR1_Approach,0,Status,75,321,35,3,0,0,,,,,Disabled,23.2,46.5,992.5,17.4,0.022,22.000,249160,339956,246240,17368,4.11,90.70
2026-08-19 05:59:47,77172.726562,B0DB8AF16E20,0001,male,C57BL/6,1.1.1,FR1_Approach,0,Status,75,321,35,3,0,0,,,,,Disabled,23.2,46.4,992.5,17.4,0.036,26.000,249160,339956,246240,17505,4.11,90.70
2026-08-19 06:09:49,77775.351562,B0DB8AF16E20,0001,male,C57BL/6,1.1.1,FR1_Approach,0,Status,75,321,35,3,0,0,,,,,Disabled,23.2,46.5,992.6,17.5,0.029,23.000,249160,339956,246240,17642,4.11,90.54
2026-08-19 06:19:51,78377.953125,B0DB8AF16E20,0001,male,C57BL/6,1.1.1,FR1_Approach,0,Status,75,321,35,3,0,0,,,,,Disabled,23.2,46.4,992.7,17.5,0.022,22.000,249160,339956,246240,17779,4.11,90.54
2026-08-19 06:29:53,78980.570312,B0DB8AF16E20,0001,male,C57BL/6,1.1.1,FR1_Approach,0,Status,75,321,35,3,0,0,,,,,Disabled,23.3,46.3,992.8,17.4,0.050,42.000,249160,339956,246240,17916,4.11,90.38
2026-08-19 06:39:55,79583.210938,B0DB8AF16E20,0001,male,C57BL/6,1.1.1,FR1_Approach,0,Status,75,321,35,3,0,0,,,,,Disabled,23.3,46.3,992.9,17.3,0.050,42.000,249160,339956,246240,18053,4.11,90.38
2026-08-19 06:49:57,80185.820312,B0DB8AF16E20,0001,male,C57BL/6,1.1.1,FR1_Approach,0,Status,75,321,35,3,0,0,,,,,Disabled,23.4,46.2,993.0,17.3,0.022,22.000,249160,339956,246240,18190,4.11,90.38
2026-08-19 06:59:59,80788.437500,B0DB8AF16E20,0001,male,C57BL/6,1.1.1,FR1_Approach,0,Status,75,321,35,3,0,0,,,,,Disabled,23.4,46.1,992.8,17.3,0.022,22.000,249160,339956,246240,18327,4.11,90.22
2026-08-19 07:10:01,81391.070312,B0DB8AF16E20,0001,male,C57BL/6,1.1.1,FR1_Approach,0,Status,75,321,35,3,0,0,,,,,Disabled,23.5,46.0,992.7,17.3,0.025,20.000,249160,339956,246240,18464,4.11,90.22
2026-08-19 07:20:02,81993.703125,B0DB8AF16E20,0001,male,C57BL/6,1.1.1,FR1_Approach,0,Status,75,321,35,3,0,0,,,,,Disabled,23.5,45.9,992.7,17.3,0.025,20.000,249160,339956,246240,18601,4.11,90.22
2026-08-19 07:30:04,82596.320312,B0DB8AF16E20,0001,male,C57BL/6,1.1.1,FR1_Approach,0,Status,75,321,35,3,0,0,,,,,Disabled,23.5,45.9,992.7,17.3,0.007,14.000,249160,339956,246240,18738,4.11,90.07
2026-08-19 07:32:28,82740.109375,B0DB8AF16E20,0001,male,C57BL/6,1.1.1,FR1_Approach,0,PelletDrop,76,322,35,3,0,0,,,,,,,,,,,,,,,,,,,,
2026-08-19 07:32:38,82749.765625,B0DB8AF16E20,0001,male,C57BL/6,1.1.1,FR1_Approach,0,PelletTaken,76,322,35,3,0,0,9.091,52.000,0,3,,,,,,,,,,,,,,,,
2026-08-19 07:33:36,82808.210938,B0DB8AF16E20,0001,male,C57BL/6,1.1.1,FR1_Approach,0,PelletDrop,77,324,35,3,0,0,,,,,,,,,,,,,,,,,,,,
2026-08-19 07:33:44,82815.867188,B0DB8AF16E20,0001,male,C57BL/6,1.1.1,FR1_Approach,0,PelletTaken,77,324,35,3,0,0,7.099,30.000,0,2,,,,,,,,,,,,,,,,
2026-08-19 07:40:07,83199.828125,B0DB8AF16E20,0001,male,C57BL/6,1.1.1,FR1_Approach,0,Status,77,326,35,3,0,0,,,,,Disabled,23.6,45.8,992.8,17.3,0.007,15.000,249160,339956,246240,18871,4.11,90.07
2026-08-19 07:50:09,83802.453125,B0DB8AF16E20,0001,male,C57BL/6,1.1.1,FR1_Approach,0,Status,77,326,35,3,0,0,,,,,Disabled,23.6,45.8,992.7,17.3,0.036,35.000,249160,339956,246240,19008,4.11,89.91
2026-08-19 08:00:11,84405.070312,B0DB8AF16E20,0001,male,C57BL/6,1.1.1,FR1_Approach,0,Status,77,326,35,3,0,0,,,,,Disabled,23.6,45.8,992.8,17.3,0.043,42.000,249160,339956,246240,19145,4.11,89.91
2026-08-19 08:10:13,85007.695312,B0DB8AF16E20,0001,male,C57BL/6,1.1.1,FR1_Approach,0,Status,77,326,35,3,0,0,,,,,Disabled,23.6,45.7,992.8,17.3,0.029,33.000,249160,339956,246240,19282,4.11,89.75
2026-08-19 08:20:15,85610.335938,B0DB8AF16E20,0001,male,C57BL/6,1.1.1,FR1_Approach,0,Status,77,326,35,3,0,0,,,,,Disabled,23.6,45.8,992.7,17.3,0.032,32.000,249160,339956,246240,19419,4.11,89.75
2026-08-19 08:30:16,86212.960938,B0DB8AF16E20,0001,male,C57BL/6,1.1.1,FR1_Approach,0,Status,77,326,35,3,0,0,,,,,Disabled,23.7,45.7,992.6,17.2,0.036,35.000,249160,339956,246240,19556,4.11,89.75
2026-08-19 08:40:18,86815.601562,B0DB8AF16E20,0001,male,C57BL/6,1.1.1,FR1_Approach,0,Status,77,326,35,3,0,0,,,,,Disabled,23.7,45.6,992.5,17.4,0.029,35.000,249160,339956,246240,19693,4.11,89.59
2026-08-19 08:50:20,87418.234375,B0DB8AF16E20,0001,male,C57BL/6,1.1.1,FR1_Approach,0,Status,77,326,35,3,0,0,,,,,Disabled,23.7,45.6,992.4,17.4,0.036,34.000,249160,339956,246240,19830,4.10,89.59
2026-08-19 09:00:22,88020.843750,B0DB8AF16E20,0001,male,C57BL/6,1.1.1,FR1_Approach,0,Status,77,326,35,3,0,0,,,,,Disabled,23.7,45.5,992.5,17.4,0.036,34.000,249160,339956,246240,19967,4.10,89.43
2026-08-19 09:09:06,88544.984375,B0DB8AF16E20,0001,male,C57BL/6,1.1.1,FR1_Approach,0,PelletDrop,78,327,35,3,0,0,,,,,,,,,,,,,,,,,,,,
2026-08-19 09:09:07,88546.148438,B0DB8AF16E20,0001,male,C57BL/6,1.1.1,FR1_Approach,0,PelletNotDetected,78,327,35,3,0,0,,,,,,,,,,,,,,,,,,,,
2026-08-19 09:09:36,88575.054688,B0DB8AF16E20,0001,male,C57BL/6,1.1.1,FR1_Approach,0,PelletDrop,79,329,35,3,0,0,,,,,,,,,,,,,,,,,,,,
2026-08-19 09:09:48,88587.773438,B0DB8AF16E20,0001,male,C57BL/6,1.1.1,FR1_Approach,0,PelletTaken,79,329,35,3,0,0,12.160,109.000,0,5,,,,,,,,,,,,,,,,
2026-08-19 09:10:18,88617.945312,B0DB8AF16E20,0001,male,C57BL/6,1.1.1,FR1_Approach,0,PelletDrop,80,332,35,3,0,0,,,,,,,,,,,,,,,,,,,,
2026-08-19 09:10:24,88623.734375,B0DB8AF16E20,0001,male,C57BL/6,1.1.1,FR1_Approach,0,PelletTaken,80,332,35,3,0,0,5.230,109.000,0,3,,,,,,,,,,,,,,,,
2026-08-19 09:10:32,88631.476562,B0DB8AF16E20,0001,male,C57BL/6,1.1.1,FR1_Approach,0,Status,80,332,35,3,0,0,,,,,Disabled,23.8,45.1,992.5,17.3,0.036,36.000,249160,339956,246240,20100,4.10,89.43
2026-08-19 09:20:35,89234.968750,B0DB8AF16E20,0001,male,C57BL/6,1.1.1,FR1_Approach,0,Status,80,335,35,3,0,0,,,,,Disabled,23.8,45.5,992.6,17.3,0.000,10.000,249160,339956,246240,20239,4.10,89.27
2026-08-19 09:30:36,89837.585938,B0DB8AF16E20,0001,male,C57BL/6,1.1.1,FR1_Approach,0,Status,80,335,35,3,0,0,,,,,Disabled,23.8,45.5,992.6,17.2,0.000,10.000,249160,339956,246240,20376,4.10,89.27
2026-08-19 09:40:38,90440.210938,B0DB8AF16E20,0001,male,C57BL/6,1.1.1,FR1_Approach,0,Status,80,335,35,3,0,0,,,,,Disabled,23.8,45.4,992.6,17.2,0.022,28.000,249160,339956,246240,20513,4.10,89.12
2026-08-19 09:50:40,91042.851562,B0DB8AF16E20,0001,male,C57BL/6,1.1.1,FR1_Approach,0,Status,80,335,35,3,0,0,,,,,Disabled,23.8,45.4,992.6,17.2,0.022,30.000,249160,339956,246240,20650,4.10,89.12
2026-08-19 10:00:42,91645.453125,B0DB8AF16E20,0001,male,C57BL/6,1.1.1,FR1_Approach,0,Status,80,335,35,3,0,0,,,,,Disabled,23.8,45.3,992.6,17.2,0.022,28.000,249160,339956,246240,20787,4.10,89.12
2026-08-19 10:10:44,92248.078125,B0DB8AF16E20,0001,male,C57BL/6,1.1.1,FR1_Approach,0,Status,80,335,35,3,0,0,,,,,Disabled,23.8,45.3,992.6,17.3,0.022,30.000,249160,339956,246240,20924,4.10,88.96
2026-08-19 10:20:46,92850.718750,B0DB8AF16E20,0001,male,C57BL/6,1.1.1,FR1_Approach,0,Status,80,335,35,3,0,0,,,,,Disabled,23.8,45.4,992.7,17.2,0.050,44.000,249160,339956,246240,21061,4.10,88.96
2026-08-19 10:30:48,93453.320312,B0DB8AF16E20,0001,male,C57BL/6,1.1.1,FR1_Approach,0,Status,80,335,35,3,0,0,,,,,Disabled,23.8,45.3,992.7,17.2,0.011,22.000,249160,339956,246240,21198,4.10,88.96
2026-08-19 10:40:50,94055.960938,B0DB8AF16E20,0001,male,C57BL/6,1.1.1,FR1_Approach,0,Status,80,335,35,3,0,0,,,,,Disabled,23.8,45.2,992.7,17.2,0.011,22.000,249160,339956,246240,21335,4.10,88.80
2026-08-19 10:50:52,94658.585938,B0DB8AF16E20,0001,male,C57BL/6,1.1.1,FR1_Approach,0,Status,80,335,35,3,0,0,,,,,Disabled,23.8,45.1,992.7,17.3,0.011,24.000,249160,339956,246240,21472,4.10,88.80
2026-08-19 11:00:53,95261.218750,B0DB8AF16E20,0001,male,C57BL/6,1.1.1,FR1_Approach,0,Status,80,335,35,3,0,0,,,,,Disabled,23.7,45.1,992.6,17.3,0.011,24.000,249160,339956,246240,21609,4.10,88.80
2026-08-19 11:10:55,95863.828125,B0DB8AF16E20,0001,male,C57BL/6,1.1.1,FR1_Approach,0,Status,80,335,35,3,0,0,,,,,Disabled,23.7,45.1,992.5,17.4,0.011,22.000,249160,339956,246240,21746,4.10,88.64
2026-08-19 11:20:57,96466.460938,B0DB8AF16E20,0001,male,C57BL/6,1.1.1,FR1_Approach,0,Status,80,335,35,3,0,0,,,,,Disabled,23.7,45.1,992.5,17.3,0.007,22.000,249160,339956,246240,21883,4.10,88.64
2026-08-19 11:30:59,97069.085938,B0DB8AF16E20,0001,male,C57BL/6,1.1.1,FR1_Approach,0,Status,80,335,35,3,0,0,,,,,Disabled,23.7,45.0,992.5,17.4,0.018,27.000,249160,339956,246240,22020,4.10,88.64
2026-08-19 11:41:01,97671.703125,B0DB8AF16E20,0001,male,C57BL/6,1.1.1,FR1_Approach,0,Status,80,335,35,3,0,0,,,,,Disabled,23.8,45.0,992.5,17.2,0.000,6.000,249160,339956,246240,22157,4.10,88.50
2026-08-19 11:51:03,98274.328125,B0DB8AF16E20,0001,male,C57BL/6,1.1.1,FR1_Approach,0,Status,80,335,35,3,0,0,,,,,Disabled,23.8,44.9,992.5,17.3,0.014,24.000,249160,339956,246240,22294,4.10,88.50
2026-08-19 12:01:05,98876.968750,B0DB8AF16E20,0001,male,C57BL/6,1.1.1,FR1_Approach,0,Status,80,335,35,3,0,0,,,,,Disabled,23.8,44.9,992.5,17.3,0.014,24.000,249160,339956,246240,22431,4.10,88.36
2026-08-19 12:11:07,99479.570312,B0DB8AF16E20,0001,male,C57BL/6,1.1.1,FR1_Approach,0,Status,80,335,35,3,0,0,,,,,Disabled,23.8,44.9,992.4,17.3,0.014,26.000,249160,339956,246240,22568,4.09,88.36
2026-08-19 12:16:45,99818.156250,B0DB8AF16E20,0001,male,C57BL/6,1.1.1,FR1_Approach,0,PelletDrop,81,336,35,3,0,0,,,,,,,,,,,,,,,,,,,,
2026-08-19 12:16:46,99819.320312,B0DB8AF16E20,0001,male,C57BL/6,1.1.1,FR1_Approach,0,PelletNotDetected,81,336,35,3,0,0,,,,,,,,,,,,,,,,,,,,
2026-08-19 12:18:21,99914.531250,B0DB8AF16E20,0001,male,C57BL/6,1.1.1,FR1_Approach,0,PelletDrop,82,338,35,3,0,0,,,,,,,,,,,,,,,,,,,,
2026-08-19 12:18:28,99922.093750,B0DB8AF16E20,0001,male,C57BL/6,1.1.1,FR1_Approach,0,PelletTaken,82,338,35,3,0,0,7.002,189.000,0,4,,,,,,,,,,,,,,,,
2026-08-19 12:21:09,100082.937500,B0DB8AF16E20,0001,male,C57BL/6,1.1.1,FR1_Approach,0,Status,82,338,35,3,0,0,,,,,Disabled,23.8,44.7,992.4,17.2,0.000,20.000,249160,339956,246240,22702,4.09,88.07
2026-08-19 12:31:11,100685.578125,B0DB8AF16E20,0001,male,C57BL/6,1.1.1,FR1_Approach,0,Status,82,338,35,3,0,0,,,,,Disabled,23.8,44.9,992.4,17.2,0.000,18.000,249160,339956,246240,22839,4.09,88.07
2026-08-19 12:41:13,101288.179688,B0DB8AF16E20,0001,male,C57BL/6,1.1.1,FR1_Approach,0,Status,82,338,35,3,0,0,,,,,Disabled,23.8,45.1,992.4,17.2,0.000,20.000,249160,339956,246240,22976,4.09,88.07
2026-08-19 12:51:15,101890.804688,B0DB8AF16E20,0001,male,C57BL/6,1.1.1,FR1_Approach,0,Status,82,338,35,3,0,0,,,,,Disabled,23.8,45.2,992.4,17.3,0.014,26.000,249160,339956,246240,23113,4.09,88.07
2026-08-19 13:01:17,102493.421875,B0DB8AF16E20,0001,male,C57BL/6,1.1.1,FR1_Approach,0,Status,82,338,35,3,0,0,,,,,Disabled,23.8,45.0,992.4,17.3,0.014,26.000,249160,339956,246240,23250,4.09,88.07
2026-08-19 13:11:18,103096.023438,B0DB8AF16E20,0001,male,C57BL/6,1.1.1,FR1_Approach,0,Status,82,338,35,3,0,0,,,,,Disabled,23.8,45.0,992.3,17.3,0.000,11.000,249160,339956,246240,23387,4.09,87.93
2026-08-19 13:21:20,103698.664062,B0DB8AF16E20,0001,male,C57BL/6,1.1.1,FR1_Approach,0,Status,82,338,35,3,0,0,,,,,Disabled,23.8,45.0,992.2,17.2,0.000,11.000,249160,339956,246240,23524,4.09,87.93
2026-08-19 13:31:22,104301.289062,B0DB8AF16E20,0001,male,C57BL/6,1.1.1,FR1_Approach,0,Status,82,338,35,3,0,0,,,,,Disabled,23.8,45.0,992.1,17.2,0.022,28.000,249160,339956,246240,23661,4.09,87.93
2026-08-19 13:41:24,104903.890625,B0DB8AF16E20,0001,male,C57BL/6,1.1.1,FR1_Approach,0,Status,82,338,35,3,0,0,,,,,Disabled,23.8,45.0,992.0,17.2,0.014,26.000,249160,339956,246240,23798,4.09,87.78
2026-08-19 13:51:26,105506.531250,B0DB8AF16E20,0001,male,C57BL/6,1.1.1,FR1_Approach,0,Status,82,338,35,3,0,0,,,,,Disabled,23.8,45.0,991.9,17.2,0.018,26.000,249160,339956,246240,23935,4.09,87.78
2026-08-19 14:01:28,106109.148438,B0DB8AF16E20,0001,male,C57BL/6,1.1.1,FR1_Approach,0,Status,82,338,35,3,0,0,,,,,Disabled,23.8,45.0,991.9,17.2,0.000,10.000,249160,339956,246240,24072,4.08,87.78
2026-08-19 14:11:30,106711.789062,B0DB8AF16E20,0001,male,C57BL/6,1.1.1,FR1_Approach,0,Status,82,338,35,3,0,0,,,,,Disabled,23.8,45.0,991.8,17.2,0.014,28.000,249160,339956,246240,24209,4.09,87.78
2026-08-19 14:21:32,107314.390625,B0DB8AF16E20,0001,male,C57BL/6,1.1.1,FR1_Approach,0,Status,82,338,35,3,0,0,,,,,Disabled,23.8,45.0,991.8,17.2,0.014,28.000,249160,339956,246240,24346,4.09,87.64
2026-08-19 14:30:59,107882.328125,B0DB8AF16E20,0001,male,C57BL/6,1.1.1,FR1_Approach,0,PelletDrop,83,339,35,3,0,0,,,,,,,,,,,,,,,,,,,,
2026-08-19 14:31:12,107895.226562,B0DB8AF16E20,0001,male,C57BL/6,1.1.1,FR1_Approach,0,PelletTaken,83,339,35,3,0,0,12.325,72.000,0,1,,,,,,,,,,,,,,,,
2026-08-19 14:31:33,107916.093750,B0DB8AF16E20,0001,male,C57BL/6,1.1.1,FR1_Approach,0,Status,83,339,35,3,0,0,,,,,Disabled,23.8,44.9,991.8,17.2,0.032,33.000,249160,339956,246240,24479,4.09,87.64
2026-08-19 14:31:53,107936.382812,B0DB8AF16E20,0001,male,C57BL/6,1.1.1,FR1_Approach,0,PelletDrop,84,341,35,3,0,0,,,,,,,,,,,,,,,,,,,,
2026-08-19 14:32:04,107947.554688,B0DB8AF16E20,0001,male,C57BL/6,1.1.1,FR1_Approach,0,PelletTaken,84,341,35,3,0,0,10.609,139.000,0,2,,,,,,,,,,,,,,,,
2026-08-19 14:41:33,108517.132812,B0DB8AF16E20,0001,male,C57BL/6,1.1.1,FR1_Approach,0,Status,84,342,35,3,0,0,,,,,Disabled,23.8,45.0,991.8,17.2,0.022,28.000,249160,339956,246240,24614,4.09,87.64
2026-08-19 14:51:35,109119.734375,B0DB8AF16E20,0001,male,C57BL/6,1.1.1,FR1_Approach,0,Status,84,342,35,3,0,0,,,,,Disabled,23.8,45.0,991.8,17.2,0.025,28.000,249160,339956,246240,24751,4.09,87.49
2026-08-19 15:01:37,109722.375000,B0DB8AF16E20,0001,male,C57BL/6,1.1.1,FR1_Approach,0,Status,84,342,35,3,0,0,,,,,Disabled,23.8,44.9,991.9,17.2,0.000,10.000,249160,339956,246240,24888,4.09,87.49
2026-08-19 15:11:39,110325.000000,B0DB8AF16E20,0001,male,C57BL/6,1.1.1,FR1_Approach,0,Status,84,342,35,3,0,0,,,,,Disabled,23.8,44.9,991.9,17.2,0.000,10.000,249160,339956,246240,25025,4.09,87.49
2026-08-19 15:21:41,110927.601562,B0DB8AF16E20,0001,male,C57BL/6,1.1.1,FR1_Approach,0,Status,84,342,35,3,0,0,,,,,Disabled,23.8,44.9,991.9,17.2,0.014,26.000,249160,339956,246240,25162,4.09,87.35
2026-08-19 15:31:42,111530.242188,B0DB8AF16E20,0001,male,C57BL/6,1.1.1,FR1_Approach,0,Status,84,342,35,3,0,0,,,,,Disabled,23.8,44.8,991.9,17.2,0.014,26.000,249160,339956,246240,25299,4.09,87.35
2026-08-19 15:41:44,112132.867188,B0DB8AF16E20,0001,male,C57BL/6,1.1.1,FR1_Approach,0,Status,84,342,35,3,0,0,,,,,Disabled,23.8,44.9,991.8,17.2,0.014,28.000,249160,339956,246240,25436,4.09,87.35
2026-08-19 15:51:46,112735.476562,B0DB8AF16E20,0001,male,C57BL/6,1.1.1,FR1_Approach,0,Status,84,342,35,3,0,0,,,,,Disabled,23.8,44.8,991.7,17.1,0.014,26.000,249160,339956,246240,25573,4.09,87.21
2026-08-19 16:01:20,113310.093750,B0DB8AF16E20,0001,male,C57BL/6,1.1.1,FR1_Approach,0,PelletDrop,85,343,35,3,0,0,,,,,,,,,,,,,,,,,,,,
2026-08-19 16:01:31,113321.382812,B0DB8AF16E20,0001,male,C57BL/6,1.1.1,FR1_Approach,0,PelletTaken,85,343,35,3,0,0,10.730,527.000,0,3,,,,,,,,,,,,,,,,
2026-08-19 16:01:48,113337.898438,B0DB8AF16E20,0001,male,C57BL/6,1.1.1,FR1_Approach,0,Status,85,343,35,3,0,0,,,,,Disabled,23.9,44.7,991.6,17.1,0.014,28.000,249160,339956,246240,25706,4.08,87.21
2026-08-19 16:02:05,113355.429688,B0DB8AF16E20,0001,male,C57BL/6,1.1.1,FR1_Approach,0,PelletDrop,86,345,35,3,0,0,,,,,,,,,,,,,,,,,,,,
2026-08-19 16:02:18,113367.968750,B0DB8AF16E20,0001,male,C57BL/6,1.1.1,FR1_Approach,0,PelletTaken,86,345,35,3,0,0,11.973,63.000,0,2,,,,,,,,,,,,,,,,
2026-08-19 16:11:49,113940.015625,B0DB8AF16E20,0001,male,C57BL/6,1.1.1,FR1_Approach,0,Status,86,345,35,3,0,0,,,,,Disabled,23.9,44.8,991.5,17.1,0.022,31.000,249160,339956,246240,25840,4.08,87.06
2026-08-19 16:21:51,114542.632812,B0DB8AF16E20,0001,male,C57BL/6,1.1.1,FR1_Approach,0,Status,86,345,35,3,0,0,,,,,Disabled,23.9,44.7,991.5,17.1,0.032,30.000,249160,339956,246240,25977,4.08,87.06
2026-08-19 16:31:53,115145.257812,B0DB8AF16E20,0001,male,C57BL/6,1.1.1,FR1_Approach,0,Status,86,345,35,3,0,0,,,,,Disabled,23.9,44.7,991.4,17.0,0.022,30.000,249160,339956,246240,26114,4.08,87.06
2026-08-19 16:41:55,115747.890625,B0DB8AF16E20,0001,male,C57BL/6,1.1.1,FR1_Approach,0,Status,86,345,35,3,0,0,,,,,Disabled,23.9,44.7,991.3,17.1,0.022,30.000,249160,339956,246240,26251,4.08,86.92
2026-08-19 16:51:57,116350.507812,B0DB8AF16E20,0001,male,C57BL/6,1.1.1,FR1_Approach,0,Status,86,345,35,3,0,0,,,,,Disabled,23.9,44.6,991.3,17.1,0.022,30.000,249160,339956,246240,26388,4.08,86.92
2026-08-19 17:01:59,116953.132812,B0DB8AF16E20,0001,male,C57BL/6,1.1.1,FR1_Approach,0,Status,86,345,35,3,0,0,,,,,Disabled,23.9,44.6,991.2,17.0,0.022,28.000,249160,339956,246240,26525,4.08,86.92
2026-08-19 17:12:01,117555.773438,B0DB8AF16E20,0001,male,C57BL/6,1.1.1,FR1_Approach,0,Status,86,345,35,3,0,0,,,,,Disabled,23.9,44.6,991.2,17.0,0.014,29.000,249160,339956,246240,26662,4.08,86.78
2026-08-19 17:17:44,117899.585938,B0DB8AF16E20,0001,male,C57BL/6,1.1.1,FR1_Approach,0,PelletDrop,87,346,35,3,0,0,,,,,,,,,,,,,,,,,,,,
2026-08-19 17:17:54,117909.773438,B0DB8AF16E20,0001,male,C57BL/6,1.1.1,FR1_Approach,0,PelletTaken,87,346,35,3,0,0,9.631,72.000,0,2,,,,,,,,,,,,,,,,
2026-08-19 17:18:30,117945.789062,B0DB8AF16E20,0001,male,C57BL/6,1.1.1,FR1_Approach,0,PelletDrop,88,348,35,3,0,0,,,,,,,,,,,,,,,,,,,,
2026-08-19 17:18:38,117953.414062,B0DB8AF16E20,0001,male,C57BL/6,1.1.1,FR1_Approach,0,PelletTaken,88,348,35,3,0,0,7.055,88.000,0,3,,,,,,,,,,,,,,,,
2026-08-19 17:19:12,117988.007812,B0DB8AF16E20,0001,male,C57BL/6,1.1.1,FR1_Approach,0,PelletDrop,89,351,35,3,0,0,,,,,,,,,,,,,,,,,,,,
2026-08-19 17:19:21,117996.703125,B0DB8AF16E20,0001,male,C57BL/6,1.1.1,FR1_Approach,0,PelletTaken,89,351,35,3,0,0,8.134,179.000,0,2,,,,,,,,,,,,,,,,
2026-08-19 17:22:04,118159.929688,B0DB8AF16E20,0001,male,C57BL/6,1.1.1,FR1_Approach,0,Status,89,353,35,3,0,0,,,,,Disabled,24.0,44.3,991.1,17.0,0.014,27.000,249160,339956,246240,26795,4.08,86.63
2026-08-19 17:32:06,118762.554688,B0DB8AF16E20,0001,male,C57BL/6,1.1.1,FR1_Approach,0,Status,89,353,35,3,0,0,,,,,Disabled,24.0,44.6,991.1,17.1,0.022,30.000,249160,339956,246240,26932,4.08,86.63
2026-08-19 17:42:08,119365.179688,B0DB8AF16E20,0001,male,C57BL/6,1.1.1,FR1_Approach,0,Status,89,353,35,3,0,0,,,,,Disabled,24.0,44.7,991.1,17.0,0.000,12.000,249160,339956,246240,27069,4.08,86.63
2026-08-19 17:52:10,119967.820312,B0DB8AF16E20,0001,male,C57BL/6,1.1.1,FR1_Approach,0,Status,89,353,35,3,0,0,,,,,Disabled,24.0,44.6,991.1,17.0,0.000,0.000,249160,339956,246240,27206,4.08,86.63
2026-08-19 18:02:12,120570.429688,B0DB8AF16E20,0001,male,C57BL/6,1.1.1,FR1_Approach,0,Status,89,353,35,3,0,0,,,,,Disabled,24.1,44.5,991.0,17.0,0.000,0.000,249160,339956,246240,27343,4.08,86.49
2026-08-19 18:11:27,121126.203125,B0DB8AF16E20,0001,male,C57BL/6,1.1.1,FR1_Approach,0,PelletDrop,90,354,35,3,0,0,,,,,,,,,,,,,,,,,,,,
2026-08-19 18:11:38,121137.914062,B0DB8AF16E20,0001,male,C57BL/6,1.1.1,FR1_Approach,0,PelletTaken,90,354,35,3,0,0,11.136,206.000,0,2,,,,,,,,,,,,,,,,
2026-08-19 18:12:12,121171.906250,B0DB8AF16E20,0001,male,C57BL/6,1.1.1,FR1_Approach,0,Status,90,354,35,3,0,0,,,,,Disabled,24.1,44.3,990.9,17.0,0.000,0.000,249160,339956,246240,27476,4.08,86.34
2026-08-19 18:13:08,121227.085938,B0DB8AF16E20,0001,male,C57BL/6,1.1.1,FR1_Approach,0,PelletDrop,91,356,35,3,0,0,,,,,,,,,,,,,,,,,,,,
2026-08-19 18:13:17,121236.804688,B0DB8AF16E20,0001,male,C57BL/6,1.1.1,FR1_Approach,0,PelletTaken,91,356,35,3,0,0,9.146,33.000,0,2,,,,,,,,,,,,,,,,
2026-08-19 18:14:05,121284.210938,B0DB8AF16E20,0001,male,C57BL/6,1.1.1,FR1_Approach,0,PelletDrop,92,359,35,3,0,0,,,,,,,,,,,,,,,,,,,,
2026-08-19 18:14:06,121285.359375,B0DB8AF16E20,0001,male,C57BL/6,1.1.1,FR1_Approach,0,PelletNotDetected,92,359,35,3,0,0,,,,,,,,,,,,,,,,,,,,
2026-08-19 18:14:53,121332.585938,B0DB8AF16E20,0001,male,C57BL/6,1.1.1,FR1_Approach,0,PelletDrop,93,363,35,3,0,0,,,,,,,,,,,,,,,,,,,,
2026-08-19 18:14:55,121334.554688,B0DB8AF16E20,0001,male,C57BL/6,1.1.1,FR1_Approach,0,PelletTaken,93,363,35,3,0,0,1.401,89.000,0,6,,,,,,,,,,,,,,,,
2026-08-19 18:22:15,121775.375000,B0DB8AF16E20,0001,male,C57BL/6,1.1.1,FR1_Approach,0,Status,93,363,35,3,0,0,,,,,Disabled,24.1,44.3,990.8,17.0,0.000,0.000,249160,339956,246240,27610,4.08,86.34
2026-08-19 18:32:17,122377.976562,B0DB8AF16E20,0001,male,C57BL/6,1.1.1,FR1_Approach,0,Status,93,363,35,3,0,0,,,,,Disabled,24.1,44.4,990.8,17.0,0.000,0.000,249160,339956,246240,27747,4.07,86.34
2026-08-19 18:42:19,122980.617188,B0DB8AF16E20,0001,male,C57BL/6,1.1.1,FR1_Approach,0,Status,93,363,35,3,0,0,,,,,Disabled,24.0,44.4,990.9,17.1,0.000,0.000,249160,339956,246240,27884,4.08,86.34
2026-08-19 18:45:20,123161.757812,B0DB8AF16E20,0001,male,C57BL/6,1.1.1,FR1_Approach,0,PelletDrop,94,364,35,3,0,0,,,,,,,,,,,,,,,,,,,,
2026-08-19 18:45:32,123173.460938,B0DB8AF16E20,0001,male,C57BL/6,1.1.1,FR1_Approach,0,PelletTaken,94,364,35,3,0,0,11.148,158.000,0,2,,,,,,,,,,,,,,,,
2026-08-19 18:46:15,123216.890625,B0DB8AF16E20,0001,male,C57BL/6,1.1.1,FR1_Approach,0,PelletDrop,95,366,35,3,0,0,,,,,,,,,,,,,,,,,,,,
2026-08-19 18:46:22,123224.382812,B0DB8AF16E20,0001,male,C57BL/6,1.1.1,FR1_Approach,0,PelletTaken,95,366,35,3,0,0,6.936,120.000,0,3,,,,,,,,,,,,,,,,
2026-08-19 18:52:20,123582.093750,B0DB8AF16E20,0001,male,C57BL/6,1.1.1,FR1_Approach,0,Status,95,366,35,3,0,0,,,,,Disabled,24.0,44.3,991.0,17.1,0.000,0.000,249160,339956,246240,28015,4.08,86.34
2026-08-19 19:01:32,124134.703125,B0DB8AF16E20,0001,male,C57BL/6,1.1.1,FR1_Approach,0,PelletDrop,96,369,35,3,0,0,,,,,,,,,,,,,,,,,,,,
2026-08-19 19:01:41,124144.609375,B0DB8AF16E20,0001,male,C57BL/6,1.1.1,FR1_Approach,0,PelletTaken,96,369,35,3,0,0,9.344,179.000,0,2,,,,,,,,,,,,,,,,
2026-08-19 19:02:20,124182.976562,B0DB8AF16E20,0001,male,C57BL/6,1.1.1,FR1_Approach,0,Status,96,369,35,3,0,0,,,,,Disabled,24.0,44.2,991.0,17.1,0.000,0.000,249160,339956,246240,28150,4.08,86.20
2026-08-19 19:12:22,124785.617188,B0DB8AF16E20,0001,male,C57BL/6,1.1.1,FR1_Approach,0,Status,96,369,35,3,0,0,,,,,Disabled,23.9,44.5,991.0,17.1,0.000,0.000,249160,339956,246240,28287,4.07,86.20
2026-08-19 19:13:18,124841.875000,B0DB8AF16E20,0001,male,C57BL/6,1.1.1,FR1_Approach,0,PelletDrop,97,373,35,3,0,0,,,,,,,,,,,,,,,,,,,,
2026-08-19 19:13:26,124849.898438,B0DB8AF16E20,0001,male,C57BL/6,1.1.1,FR1_Approach,0,PelletTaken,97,373,35,3,0,0,7.462,197.000,0,3,,,,,,,,,,,,,,,,
2026-08-19 19:15:49,124993.523438,B0DB8AF16E20,0001,male,C57BL/6,1.1.1,FR1_Approach,0,PelletDrop,98,378,35,3,0,0,,,,,,,,,,,,,,,,,,,,
2026-08-19 19:15:55,124999.648438,B0DB8AF16E20,0001,male,C57BL/6,1.1.1,FR1_Approach,0,PelletTaken,98,378,35,3,0,0,5.560,121.000,0,3,,,,,,,,,,,,,,,,
2026-08-19 19:22:24,125388.515625,B0DB8AF16E20,0001,male,C57BL/6,1.1.1,FR1_Approach,0,Status,98,379,35,3,0,0,,,,,Disabled,23.8,44.8,991.0,17.1,0.000,0.000,249160,339956,246240,28426,4.08,86.20
2026-08-19 19:28:44,125769.226562,B0DB8AF16E20,0001,male,C57BL/6,1.1.1,FR1_Approach,0,PelletDrop,99,384,35,3,0,0,,,,,,,,,,,,,,,,,,,,
2026-08-19 19:28:55,125780.148438,B0DB8AF16E20,0001,male,C57BL/6,1.1.1,FR1_Approach,0,PelletTaken,99,384,35,3,0,0,10.345,275.000,0,2,,,,,,,,,,,,,,,,
2026-08-19 19:32:24,125989.109375,B0DB8AF16E20,0001,male,C57BL/6,1.1.1,FR1_Approach,0,Status,99,384,35,3,0,0,,,,,Disabled,23.8,44.9,990.9,17.2,0.000,0.000,249160,339956,246240,28562,4.08,86.06
2026-08-19 19:41:02,126507.718750,B0DB8AF16E20,0001,male,C57BL/6,1.1.1,FR1_Approach,0,PelletDrop,100,391,35,3,0,0,,,,,,,,,,,,,,,,,,,,
2026-08-19 19:41:06,126512.414062,B0DB8AF16E20,0001,male,C57BL/6,1.1.1,FR1_Approach,0,PelletTaken,100,391,35,3,0,0,4.129,332.000,0,4,,,,,,,,,,,,,,,,
2026-08-19 19:42:24,126590.171875,B0DB8AF16E20,0001,male,C57BL/6,1.1.1,FR1_Approach,0,Status,100,391,35,3,0,0,,,,,Disabled,23.7,44.8,990.8,17.1,0.000,0.000,249160,339956,246240,28699,4.07,86.06
2026-08-19 19:52:26,127192.921875,B0DB8AF16E20,0001,male,C57BL/6,1.1.1,FR1_Approach,0,Status,100,391,35,3,0,0,,,,,Disabled,23.7,45.2,990.8,17.1,0.000,0.000,249160,339956,246240,28836,4.07,86.06
2026-08-19 19:58:11,127538.140625,B0DB8AF16E20,0001,male,C57BL/6,1.1.1,FR1_Approach,0,PelletDrop,101,399,35,3,0,0,,,,,,,,,,,,,,,,,,,,
2026-08-19 19:58:18,127544.984375,B0DB8AF16E20,0001,male,C57BL/6,1.1.1,FR1_Approach,0,PelletTaken,101,399,35,3,0,0,6.286,12.000,0,4,,,,,,,,,,,,,,,,
2026-08-19 19:58:50,127576.789062,B0DB8AF16E20,0001,male,C57BL/6,1.1.1,FR1_Approach,0,PelletDrop,102,408,35,3,0,0,,,,,,,,,,,,,,,,,,,,
2026-08-19 19:58:51,127577.953125,B0DB8AF16E20,0001,male,C57BL/6,1.1.1,FR1_Approach,0,PelletNotDetected,102,408,35,3,0,0,,,,,,,,,,,,,,,,,,,,
2026-08-19 19:59:27,127614.187500,B0DB8AF16E20,0001,male,C57BL/6,1.1.1,FR1_Approach,0,PelletDrop,103,418,35,3,0,0,,,,,,,,,,,,,,,,,,,,
2026-08-19 19:59:33,127620.265625,B0DB8AF16E20,0001,male,C57BL/6,1.1.1,FR1_Approach,0,PelletTaken,103,418,35,3,0,0,5.516,207.000,0,4,,,,,,,,,,,,,,,,
2026-08-19 20:02:27,127794.289062,B0DB8AF16E20,0001,male,C57BL/6,1.1.1,FR1_Approach,0,Status,103,418,35,3,0,0,,,,,Disabled,23.7,44.8,990.8,17.1,0.000,0.000,249160,339956,246240,28984,4.07,85.91
2026-08-19 20:10:41,128289.218750,B0DB8AF16E20,0001,male,C57BL/6,1.1.1,FR1_Approach,0,PelletDrop,104,429,36,3,0,0,,,,,,,,,,,,,,,,,,,,
2026-08-19 20:10:52,128299.960938,B0DB8AF16E20,0001,male,C57BL/6,1.1.1,FR1_Approach,0,PelletTaken,104,429,36,3,0,0,10.180,50.000,0,2,,,,,,,,,,,,,,,,
2026-08-19 20:12:27,128395.210938,B0DB8AF16E20,0001,male,C57BL/6,1.1.1,FR1_Approach,0,Status,104,429,36,3,0,0,,,,,Disabled,23.7,44.9,990.9,17.1,0.000,0.000,249160,339956,246240,29125,4.07,85.91
2026-08-19 20:22:29,128997.851562,B0DB8AF16E20,0001,male,C57BL/6,1.1.1,FR1_Approach,0,Status,104,429,36,3,0,0,,,,,Disabled,23.7,45.0,990.9,17.2,0.000,0.000,249160,339956,246240,29262,4.07,85.77
2026-08-19 20:25:15,129164.132812,B0DB8AF16E20,0001,male,C57BL/6,1.1.1,FR1_Approach,0,PelletDrop,105,441,40,3,0,0,,,,,,,,,,,,,,,,,,,,
2026-08-19 20:25:24,129172.820312,B0DB8AF16E20,0001,male,C57BL/6,1.1.1,FR1_Approach,0,PelletTaken,105,441,40,3,0,0,8.123,89.000,0,3,,,,,,,,,,,,,,,,
2026-08-19 20:26:11,129220.429688,B0DB8AF16E20,0001,male,C57BL/6,1.1.1,FR1_Approach,0,PelletDrop,106,454,40,3,0,0,,,,,,,,,,,,,,,,,,,,
2026-08-19 20:26:22,129231.164062,B0DB8AF16E20,0001,male,C57BL/6,1.1.1,FR1_Approach,0,PelletTaken,106,454,40,3,0,0,10.169,22.000,0,2,,,,,,,,,,,,,,,,
2026-08-19 20:32:32,129601.992188,B0DB8AF16E20,0001,male,C57BL/6,1.1.1,FR1_Approach,0,Status,106,454,40,3,0,0,,,,,Disabled,23.7,45.1,991.0,17.2,0.000,0.000,249160,339956,246240,29415,4.07,85.77
2026-08-19 20:42:34,130204.601562,B0DB8AF16E20,0001,male,C57BL/6,1.1.1,FR1_Approach,0,Status,106,454,40,3,0,0,,,,,Disabled,23.6,45.3,991.1,17.2,0.000,0.000,249160,339956,246240,29552,4.07,85.77
2026-08-19 20:52:36,130807.226562,B0DB8AF16E20,0001,male,C57BL/6,1.1.1,FR1_Approach,0,Status,106,454,40,3,0,0,,,,,Disabled,23.6,45.5,991.2,17.3,0.000,0.000,249160,339956,246240,29689,4.07,85.63
2026-08-19 20:57:44,131115.593750,B0DB8AF16E20,0001,male,C57BL/6,1.1.1,FR1_Approach,0,PelletDrop,107,455,41,3,0,0,,,,,,,,,,,,,,,,,,,,
2026-08-19 20:57:54,131125.250000,B0DB8AF16E20,0001,male,C57BL/6,1.1.1,FR1_Approach,0,PelletTaken,107,455,41,3,0,0,9.090,32.000,0,2,,,,,,,,,,,,,,,,
2026-08-19 20:58:30,131161.140625,B0DB8AF16E20,0001,male,C57BL/6,1.1.1,FR1_Approach,0,PelletDrop,108,457,41,3,0,0,,,,,,,,,,,,,,,,,,,,
2026-08-19 20:58:36,131168.078125,B0DB8AF16E20,0001,male,C57BL/6,1.1.1,FR1_Approach,0,PelletTaken,108,457,41,3,0,0,6.374,242.000,0,3,,,,,,,,,,,,,,,,
2026-08-19 21:00:08,131259.515625,B0DB8AF16E20,0001,male,C57BL/6,1.1.1,FR1_Approach,0,PelletDrop,109,460,41,3,0,0,,,,,,,,,,,,,,,,,,,,
2026-08-19 21:00:18,131269.546875,B0DB8AF16E20,0001,male,C57BL/6,1.1.1,FR1_Approach,0,PelletTaken,109,460,41,3,0,0,9.465,227.000,0,2,,,,,,,,,,,,,,,,
2026-08-19 21:02:27,131398.390625,B0DB8AF16E20,0001,male,C57BL/6,1.1.1,FR1_Approach,0,PelletDrop,110,464,41,4,0,0,,,,,,,,,,,,,,,,,,,,
2026-08-19 21:02:39,131410.781250,B0DB8AF16E20,0001,male,C57BL/6,1.1.1,FR1_Approach,0,PelletTaken,110,464,41,4,0,0,11.840,53.000,0,2,,,,,,,,,,,,,,,,
2026-08-19 21:02:47,131418.546875,B0DB8AF16E20,0001,male,C57BL/6,1.1.1,FR1_Approach,0,Status,110,464,41,4,0,0,,,,,Disabled,23.6,45.4,991.2,17.3,0.000,0.000,249160,339956,246240,29821,4.07,85.63
2026-08-19 21:03:45,131476.859375,B0DB8AF16E20,0001,male,C57BL/6,1.1.1,FR1_Approach,0,PelletDrop,111,469,41,4,0,0,,,,,,,,,,,,,,,,,,,,
2026-08-19 21:03:56,131487.531250,B0DB8AF16E20,0001,male,C57BL/6,1.1.1,FR1_Approach,0,PelletTaken,111,469,41,4,0,0,10.114,168.000,0,2,,,,,,,,,,,,,,,,
2026-08-19 21:08:08,131740.125000,B0DB8AF16E20,0001,male,C57BL/6,1.1.1,FR1_Approach,0,PelletDrop,112,475,41,4,0,0,,,,,,,,,,,,,,,,,,,,
2026-08-19 21:08:09,131741.281250,B0DB8AF16E20,0001,male,C57BL/6,1.1.1,FR1_Approach,0,PelletNotDetected,112,475,41,4,0,0,,,,,,,,,,,,,,,,,,,,
2026-08-19 21:12:47,132019.125000,B0DB8AF16E20,0001,male,C57BL/6,1.1.1,FR1_Approach,0,Status,112,477,41,4,0,0,,,,,Disabled,23.5,45.7,991.3,17.3,0.000,0.000,249160,339956,246240,29961,4.07,85.63
2026-08-19 21:22:48,132621.781250,B0DB8AF16E20,0001,male,C57BL/6,1.1.1,FR1_Approach,0,Status,112,477,41,4,0,0,,,,,Disabled,23.5,45.8,991.4,17.2,0.000,0.000,249160,339956,246240,30098,4.07,85.48
2026-08-19 21:28:24,132958.125000,B0DB8AF16E20,0001,male,C57BL/6,1.1.1,FR1_Approach,0,PelletDrop,113,482,41,4,0,0,,,,,,,,,,,,,,,,,,,,
2026-08-19 21:28:32,132966.078125,B0DB8AF16E20,0001,male,C57BL/6,1.1.1,FR1_Approach,0,PelletTaken,113,482,41,4,0,0,7.387,275.000,0,6,,,,,,,,,,,,,,,,
2026-08-19 21:29:07,133000.265625,B0DB8AF16E20,0001,male,C57BL/6,1.1.1,FR1_Approach,0,PelletDrop,114,490,41,4,0,0,,,,,,,,,,,,,,,,,,,,
2026-08-19 21:29:17,133010.843750,B0DB8AF16E20,0001,male,C57BL/6,1.1.1,FR1_Approach,0,PelletTaken,114,490,41,4,0,0,9.993,147.000,0,2,,,,,,,,,,,,,,,,
2026-08-19 21:32:50,133224.234375,B0DB8AF16E20,0001,male,C57BL/6,1.1.1,FR1_Approach,0,Status,114,490,41,4,0,0,,,,,Disabled,23.5,45.6,991.5,17.2,0.000,0.000,249160,339956,246240,30237,4.07,85.48
2026-08-19 21:42:52,133826.906250,B0DB8AF16E20,0001,male,C57BL/6,1.1.1,FR1_Approach,0,Status,114,490,41,4,0,0,,,,,Disabled,23.5,45.7,991.6,17.2,0.000,0.000,249160,339956,246240,30374,4.07,85.48
2026-08-19 21:50:10,134265.234375,B0DB8AF16E20,0001,male,C57BL/6,1.1.1,FR1_Approach,0,PelletDrop,115,499,41,4,0,0,,,,,,,,,,,,,,,,,,,,
2026-08-19 21:50:19,134274.453125,B0DB8AF16E20,0001,male,C57BL/6,1.1.1,FR1_Approach,0,PelletTaken,115,499,41,4,0,0,8.661,247.000,0,2,,,,,,,,,,,,,,,,
2026-08-19 21:52:56,134430.953125,B0DB8AF16E20,0001,male,C57BL/6,1.1.1,FR1_Approach,0,Status,115,499,41,4,0,0,,,,,Disabled,23.4,45.8,991.7,17.2,0.000,0.000,249160,339956,246240,30514,4.07,85.34
2026-08-19 21:57:30,134705.765625,B0DB8AF16E20,0001,male,C57BL/6,1.1.1,FR1_Approach,0,PelletDrop,116,509,41,4,0,0,,,,,,,,,,,,,,,,,,,,
2026-08-19 21:57:40,134715.671875,B0DB8AF16E20,0001,male,C57BL/6,1.1.1,FR1_Approach,0,PelletTaken,116,509,41,4,0,0,9.333,159.000,0,3,,,,,,,,,,,,,,,,
2026-08-19 22:02:58,135034.078125,B0DB8AF16E20,0001,male,C57BL/6,1.1.1,FR1_Approach,0,Status,116,509,41,4,0,0,,,,,Disabled,23.4,45.9,991.7,17.3,0.000,0.000,249160,339956,246240,30654,4.07,85.34
2026-08-19 22:05:11,135167.640625,B0DB8AF16E20,0001,male,C57BL/6,1.1.1,FR1_Approach,0,PelletDrop,117,520,41,4,0,0,,,,,,,,,,,,,,,,,,,,
2026-08-19 22:05:19,135175.218750,B0DB8AF16E20,0001,male,C57BL/6,1.1.1,FR1_Approach,0,PelletTaken,117,520,41,4,0,0,7.023,50.000,0,3,,,,,,,,,,,,,,,,
2026-08-19 22:13:01,135637.890625,B0DB8AF16E20,0001,male,C57BL/6,1.1.1,FR1_Approach,0,Status,117,520,41,4,0,0,,,,,Disabled,23.4,46.0,991.7,17.2,0.000,0.000,249160,339956,246240,30796,4.06,85.20
2026-08-19 22:23:03,136240.515625,B0DB8AF16E20,0001,male,C57BL/6,1.1.1,FR1_Approach,0,Status,117,520,41,4,0,0,,,,,Disabled,23.4,45.9,991.7,17.2,0.000,0.000,249160,339956,246240,30933,4.07,85.20
2026-08-19 22:33:05,136843.156250,B0DB8AF16E20,0001,male,C57BL/6,1.1.1,FR1_Approach,0,Status,117,520,41,4,0,0,,,,,Disabled,23.5,45.8,991.7,17.2,0.000,0.000,249160,339956,246240,31070,4.07,85.20
2026-08-19 22:43:07,137445.781250,B0DB8AF16E20,0001,male,C57BL/6,1.1.1,FR1_Approach,0,Status,117,520,41,4,0,0,,,,,Disabled,23.5,45.7,991.6,17.2,0.000,0.000,249160,339956,246240,31207,4.07,85.20
2026-08-19 22:53:09,138048.406250,B0DB8AF16E20,0001,male,C57BL/6,1.1.1,FR1_Approach,0,Status,117,520,41,4,0,0,,,,,Disabled,23.5,45.6,991.6,17.2,0.000,0.000,249160,339956,246240,31344,4.07,85.05
2026-08-19 23:03:10,138651.031250,B0DB8AF16E20,0001,male,C57BL/6,1.1.1,FR1_Approach,0,Status,117,520,41,4,0,0,,,,,Disabled,23.5,45.6,991.6,17.2,0.000,0.000,249160,339956,246240,31481,4.07,85.05
2026-08-19 23:13:12,139253.656250,B0DB8AF16E20,0001,male,C57BL/6,1.1.1,FR1_Approach,0,Status,117,520,41,4,0,0,,,,,Disabled,23.5,45.6,991.6,17.2,0.000,0.000,249160,339956,246240,31618,4.07,85.05
2026-08-19 23:15:41,139402.093750,B0DB8AF16E20,0001,male,C57BL/6,1.1.1,FR1_Approach,0,PelletDrop,118,521,41,4,0,0,,,,,,,,,,,,,,,,,,,,
2026-08-19 23:15:50,139411.562500,B0DB8AF16E20,0001,male,C57BL/6,1.1.1,FR1_Approach,0,PelletTaken,118,521,41,4,0,0,8.904,335.000,0,2,,,,,,,,,,,,,,,,
2026-08-19 23:16:22,139444.062500,B0DB8AF16E20,0001,male,C57BL/6,1.1.1,FR1_Approach,0,PelletDrop,119,523,41,4,0,0,,,,,,,,,,,,,,,,,,,,
2026-08-19 23:16:32,139453.281250,B0DB8AF16E20,0001,male,C57BL/6,1.1.1,FR1_Approach,0,PelletTaken,119,523,41,4,0,0,8.651,110.000,0,2,,,,,,,,,,,,,,,,
2026-08-19 23:17:09,139490.906250,B0DB8AF16E20,0001,male,C57BL/6,1.1.1,FR1_Approach,0,PelletDrop,120,526,41,4,0,0,,,,,,,,,,,,,,,,,,,,
2026-08-19 23:17:18,139499.718750,B0DB8AF16E20,0001,male,C57BL/6,1.1.1,FR1_Approach,0,PelletTaken,120,526,41,4,0,0,8.243,60.000,0,2,,,,,,,,,,,,,,,,
2026-08-19 23:23:15,139857.406250,B0DB8AF16E20,0001,male,C57BL/6,1.1.1,FR1_Approach,0,Status,120,526,41,4,0,0,,,,,Disabled,23.5,45.4,991.6,17.2,0.000,0.000,249160,339956,246240,31749,4.07,85.05
2026-08-19 23:33:17,140460.031250,B0DB8AF16E20,0001,male,C57BL/6,1.1.1,FR1_Approach,0,Status,120,526,41,4,0,0,,,,,Disabled,23.5,45.5,991.6,17.2,0.000,0.000,249160,339956,246240,31886,4.07,84.91
2026-08-19 23:36:17,140640.234375,B0DB8AF16E20,0001,male,C57BL/6,1.1.1,FR1_Approach,0,PelletDrop,121,530,41,4,0,0,,,,,,,,,,,,,,,,,,,,
2026-08-19 23:36:29,140651.875000,B0DB8AF16E20,0001,male,C57BL/6,1.1.1,FR1_Approach,0,PelletTaken,121,530,41,4,0,0,11.082,90.000,0,2,,,,,,,,,,,,,,,,
2026-08-19 23:40:45,140908.562500,B0DB8AF16E20,0001,male,C57BL/6,1.1.1,FR1_Approach,0,PelletDrop,122,535,41,4,0,0,,,,,,,,,,,,,,,,,,,,
2026-08-19 23:40:58,140921.046875,B0DB8AF16E20,0001,male,C57BL/6,1.1.1,FR1_Approach,0,PelletTaken,122,535,41,4,0,0,11.918,177.000,0,2,,,,,,,,,,,,,,,,
2026-08-19 23:43:19,141062.640625,B0DB8AF16E20,0001,male,C57BL/6,1.1.1,FR1_Approach,0,PelletDrop,123,541,41,4,0,0,,,,,,,,,,,,,,,,,,,,
2026-08-19 23:43:26,141069.468750,B0DB8AF16E20,0001,male,C57BL/6,1.1.1,FR1_Approach,0,PelletTaken,123,541,41,4,0,0,6.253,89.000,0,2,,,,,,,,,,,,,,,,
2026-08-19 23:43:34,141077.203125,B0DB8AF16E20,0001,male,C57BL/6,1.1.1,FR1_Approach,0,Status,123,541,41,4,0,0,,,,,Disabled,23.6,45.2,991.5,17.2,0.000,0.000,249160,339956,246240,32026,4.07,84.91
2026-08-19 23:53:36,141679.812500,B0DB8AF16E20,0001,male,C57BL/6,1.1.1,FR1_Approach,0,Status,123,541,41,4,0,0,,,,,Disabled,23.5,45.5,991.3,17.2,0.000,0.000,249160,339956,246240,32163,4.07,84.77
2026-08-20 00:03:37,142282.453125,B0DB8AF16E20,0001,male,C57BL/6,1.1.1,FR1_Approach,0,Status,123,541,41,4,0,0,,,,,Disabled,23.5,45.8,991.3,17.2,0.000,0.000,249160,339956,246240,32300,4.06,84.77
2026-08-20 00:10:03,142668.781250,B0DB8AF16E20,0001,male,C57BL/6,1.1.1,FR1_Approach,0,PelletDrop,124,548,41,4,0,0,,,,,,,,,,,,,,,,,,,,
2026-08-20 00:10:11,142676.156250,B0DB8AF16E20,0001,male,C57BL/6,1.1.1,FR1_Approach,0,PelletTaken,124,548,41,4,0,0,6.803,627.000,0,3,,,,,,,,,,,,,,,,
2026-08-20 00:10:50,142715.078125,B0DB8AF16E20,0001,male,C57BL/6,1.1.1,FR1_Approach,0,PelletDrop,125,556,41,4,0,0,,,,,,,,,,,,,,,,,,,,
2026-08-20 00:10:59,142724.187500,B0DB8AF16E20,0001,male,C57BL/6,1.1.1,FR1_Approach,0,PelletTaken,125,556,41,4,0,0,8.552,304.000,0,2,,,,,,,,,,,,,,,,
2026-08-20 00:13:39,142885.062500,B0DB8AF16E20,0001,male,C57BL/6,1.1.1,FR1_Approach,0,Status,125,556,41,4,0,0,,,,,Disabled,23.5,45.8,991.2,17.3,0.000,0.000,249160,339956,246240,32440,4.06,84.77
2026-08-20 00:23:41,143487.812500,B0DB8AF16E20,0001,male,C57BL/6,1.1.1,FR1_Approach,0,Status,125,556,41,4,0,0,,,,,Disabled,23.4,46.0,991.3,17.3,0.000,0.000,249160,339956,246240,32577,4.06,84.62
2026-08-20 00:33:43,144090.578125,B0DB8AF16E20,0001,male,C57BL/6,1.1.1,FR1_Approach,0,Status,125,556,41,4,0,0,,,,,Disabled,23.4,46.0,991.3,17.4,0.000,0.000,249160,339956,246240,32714,4.06,84.62
2026-08-20 00:43:45,144693.343750,B0DB8AF16E20,0001,male,C57BL/6,1.1.1,FR1_Approach,0,Status,125,556,41,4,0,0,,,,,Disabled,23.4,45.9,991.3,17.3,0.000,0.000,249160,339956,246240,32851,4.06,84.62
2026-08-20 00:44:19,144727.312500,B0DB8AF16E20,0001,male,C57BL/6,1.1.1,FR1_Approach,0,PelletDrop,126,557,43,4,0,0,,,,,,,,,,,,,,,,,,,,
2026-08-20 00:44:30,144737.593750,B0DB8AF16E20,0001,male,C57BL/6,1.1.1,FR1_Approach,0,PelletTaken,126,557,43,4,0,0,9.718,160.000,0,2,,,,,,,,,,,,,,,,
2026-08-20 00:45:19,144786.640625,B0DB8AF16E20,0001,male,C57BL/6,1.1.1,FR1_Approach,0,PelletDrop,127,559,43,4,0,0,,,,,,,,,,,,,,,,,,,,
2026-08-20 00:45:26,144794.093750,B0DB8AF16E20,0001,male,C57BL/6,1.1.1,FR1_Approach,0,PelletTaken,127,559,43,4,0,0,6.902,70.000,0,2,,,,,,,,,,,,,,,,
2026-08-20 00:46:00,144828.156250,B0DB8AF16E20,0001,male,C57BL/6,1.1.1,FR1_Approach,0,PelletDrop,128,562,43,4,0,0,,,,,,,,,,,,,,,,,,,,
2026-08-20 00:46:10,144838.343750,B0DB8AF16E20,0001,male,C57BL/6,1.1.1,FR1_Approach,0,PelletTaken,128,562,43,4,0,0,9.619,71.000,0,3,,,,,,,,,,,,,,,,
2026-08-20 00:53:46,145294.250000,B0DB8AF16E20,0001,male,C57BL/6,1.1.1,FR1_Approach,0,Status,128,565,43,4,0,0,,,,,Disabled,23.4,45.8,991.5,17.4,0.000,0.000,249160,339956,246240,32982,4.06,84.62
2026-08-20 01:03:48,145897.015625,B0DB8AF16E20,0001,male,C57BL/6,1.1.1,FR1_Approach,0,Status,128,565,43,4,0,0,,,,,Disabled,23.4,45.8,991.5,17.3,0.000,0.000,249160,339956,246240,33119,4.06,84.48
2026-08-20 01:13:50,146499.765625,B0DB8AF16E20,0001,male,C57BL/6,1.1.1,FR1_Approach,0,Status,128,565,43,4,0,0,,,,,Disabled,23.4,45.7,991.6,17.3,0.000,0.000,249160,339956,246240,33256,4.05,84.48
2026-08-20 01:23:52,147102.515625,B0DB8AF16E20,0001,male,C57BL/6,1.1.1,FR1_Approach,0,Status,128,565,43,4,0,0,,,,,Disabled,23.3,45.7,991.6,17.4,0.000,0.000,249160,339956,246240,33393,4.06,84.48
2026-08-20 01:29:55,147465.765625,B0DB8AF16E20,0001,male,C57BL/6,1.1.1,FR1_Approach,0,PelletDrop,129,566,43,4,0,0,,,,,,,,,,,,,,,,,,,,
2026-08-20 01:29:56,147466.921875,B0DB8AF16E20,0001,male,C57BL/6,1.1.1,FR1_Approach,0,PelletNotDetected,129,566,43,4,0,0,,,,,,,,,,,,,,,,,,,,
2026-08-20 01:33:55,147706.500000,B0DB8AF16E20,0001,male,C57BL/6,1.1.1,FR1_Approach,0,Status,129,566,43,4,0,0,,,,,Disabled,23.3,45.7,991.6,17.3,0.000,0.000,249160,339956,246240,33530,4.06,84.48
2026-08-20 01:43:57,148309.140625,B0DB8AF16E20,0001,male,C57BL/6,1.1.1,FR1_Approach,0,Status,129,566,43,4,0,0,,,,,Disabled,23.3,45.7,991.6,17.4,0.000,0.000,249160,339956,246240,33667,4.06,84.34
2026-08-20 01:53:59,148911.765625,B0DB8AF16E20,0001,male,C57BL/6,1.1.1,FR1_Approach,0,Status,129,566,43,4,0,0,,,,,Disabled,23.3,45.7,991.5,17.3,0.000,0.000,249160,339956,246240,33804,4.06,84.34
2026-08-20 01:57:55,149148.453125,B0DB8AF16E20,0001,male,C57BL/6,1.1.1,FR1_Approach,0,PelletDrop,130,568,43,4,0,0,,,,,,,,,,,,,,,,,,,,
2026-08-20 01:58:06,149159.109375,B0DB8AF16E20,0001,male,C57BL/6,1.1.1,FR1_Approach,0,PelletTaken,130,568,43,4,0,0,10.081,195.000,0,3,,,,,,,,,,,,,,,,
2026-08-20 02:03:59,149512.515625,B0DB8AF16E20,0001,male,C57BL/6,1.1.1,FR1_Approach,0,Status,130,568,43,4,0,0,,,,,Disabled,23.3,45.7,991.5,17.3,0.000,0.000,249160,339956,246240,33938,4.06,84.34
2026-08-20 02:04:13,149526.296875,B0DB8AF16E20,0001,male,C57BL/6,1.1.1,FR1_Approach,0,PelletDrop,131,571,43,4,0,0,,,,,,,,,,,,,,,,,,,,
2026-08-20 02:04:17,149531.140625,B0DB8AF16E20,0001,male,C57BL/6,1.1.1,FR1_Approach,0,PelletTaken,131,571,43,4,0,0,4.262,109.000,0,2,,,,,,,,,,,,,,,,
2026-08-20 02:12:53,150047.750000,B0DB8AF16E20,0001,male,C57BL/6,1.1.1,FR1_Approach,0,PelletDrop,132,575,43,4,0,0,,,,,,,,,,,,,,,,,,,,
2026-08-20 02:13:03,150057.078125,B0DB8AF16E20,0001,male,C57BL/6,1.1.1,FR1_Approach,0,PelletTaken,132,575,43,4,0,0,8.772,362.000,0,2,,,,,,,,,,,,,,,,
2026-08-20 02:13:58,150112.953125,B0DB8AF16E20,0001,male,C57BL/6,1.1.1,FR1_Approach,0,Status,132,575,43,4,0,0,,,,,Disabled,23.3,45.7,991.4,17.2,0.000,0.000,249160,339956,246240,34073,4.06,84.34
2026-08-20 02:17:05,150299.546875,B0DB8AF16E20,0001,male,C57BL/6,1.1.1,FR1_Approach,0,PelletDrop,133,580,43,4,0,0,,,,,,,,,,,,,,,,,,,,
2026-08-20 02:17:12,150306.984375,B0DB8AF16E20,0001,male,C57BL/6,1.1.1,FR1_Approach,0,PelletTaken,133,580,43,4,0,0,6.880,42.000,0,3,,,,,,,,,,,,,,,,
2026-08-20 02:18:42,150396.921875,B0DB8AF16E20,0001,male,C57BL/6,1.1.1,FR1_Approach,0,PelletDrop,134,586,43,4,0,0,,,,,,,,,,,,,,,,,,,,
2026-08-20 02:18:52,150406.437500,B0DB8AF16E20,0001,male,C57BL/6,1.1.1,FR1_Approach,0,PelletTaken,134,586,43,4,0,0,8.938,51.000,0,2,,,,,,,,,,,,,,,,
2026-08-20 02:19:43,150457.968750,B0DB8AF16E20,0001,male,C57BL/6,1.1.1,FR1_Approach,0,PelletDrop,135,593,43,4,0,0,,,,,,,,,,,,,,,,,,,,
2026-08-20 02:20:04,150478.515625,B0DB8AF16E20,0001,male,C57BL/6,1.1.1,FR1_Approach,0,PelletTaken,135,593,43,4,0,0,TimedOut,11.000,0,2,,,,,,,,,,,,,,,,
2026-08-20 02:23:59,150713.812500,B0DB8AF16E20,0001,male,C57BL/6,1.1.1,FR1_Approach,0,Status,135,593,43,4,0,0,,,,,Disabled,23.4,45.8,991.3,17.2,0.000,0.000,249160,339956,246240,34210,4.06,84.17
2026-08-20 02:34:01,151316.562500,B0DB8AF16E20,0001,male,C57BL/6,1.1.1,FR1_Approach,0,Status,135,593,43,4,0,0,,,,,Disabled,23.4,46.1,991.3,17.2,0.000,0.000,249160,339956,246240,34347,4.06,84.17
2026-08-20 02:44:03,151919.312500,B0DB8AF16E20,0001,male,C57BL/6,1.1.1,FR1_Approach,0,Status,135,593,43,4,0,0,,,,,Disabled,23.3,46.3,991.2,17.2,0.000,0.000,249160,339956,246240,34484,4.06,84.17
2026-08-20 02:46:05,152041.859375,B0DB8AF16E20,0001,male,C57BL/6,1.1.1,FR1_Approach,0,PelletDrop,136,601,43,4,0,0,,,,,,,,,,,,,,,,,,,,
2026-08-20 02:46:16,152053.140625,B0DB8AF16E20,0001,male,C57BL/6,1.1.1,FR1_Approach,0,PelletTaken,136,601,43,4,0,0,10.720,110.000,0,2,,,,,,,,,,,,,,,,
2026-08-20 02:54:03,152520.328125,B0DB8AF16E20,0001,male,C57BL/6,1.1.1,FR1_Approach,0,Status,136,601,43,4,0,0,,,,,Disabled,23.3,46.4,991.2,17.2,0.000,0.000,249160,339956,246240,34622,4.06,84.01
2026-08-20 03:04:05,153123.093750,B0DB8AF16E20,0001,male,C57BL/6,1.1.1,FR1_Approach,0,Status,136,601,43,4,0,0,,,,,Disabled,23.4,46.4,991.2,17.1,0.000,0.000,249160,339956,246240,34759,4.05,84.01
2026-08-20 03:14:07,153725.843750,B0DB8AF16E20,0001,male,C57BL/6,1.1.1,FR1_Approach,0,Status,136,601,43,4,0,0,,,,,Disabled,23.4,46.3,991.2,17.2,0.000,0.000,249160,339956,246240,34896,4.06,84.01
2026-08-20 03:24:09,154328.609375,B0DB8AF16E20,0001,male,C57BL/6,1.1.1,FR1_Approach,0,Status,136,601,43,4,0,0,,,,,Disabled,23.4,46.2,991.2,17.1,0.000,0.000,249160,339956,246240,35033,4.06,84.01
2026-08-20 03:34:11,154931.359375,B0DB8AF16E20,0001,male,C57BL/6,1.1.1,FR1_Approach,0,Status,136,601,43,4,0,0,,,,,Disabled,23.4,46.0,991.3,17.1,0.000,0.000,249160,339956,246240,35170,4.06,83.85
2026-08-20 03:44:13,155534.125000,B0DB8AF16E20,0001,male,C57BL/6,1.1.1,FR1_Approach,0,Status,136,601,43,4,0,0,,,,,Disabled,23.4,46.1,991.4,17.1,0.000,0.000,249160,339956,246240,35307,4.05,83.85
2026-08-20 03:44:44,155565.265625,B0DB8AF16E20,0001,male,C57BL/6,1.1.1,FR1_Approach,0,PelletDrop,137,602,43,4,0,0,,,,,,,,,,,,,,,,,,,,
2026-08-20 03:44:45,155566.031250,B0DB8AF16E20,0001,male,C57BL/6,1.1.1,FR1_Approach,0,PelletTaken,137,602,43,4,0,0,0.170,61.000,0,0,,,,,,,,,,,,,,,,
2026-08-20 03:45:11,155591.906250,B0DB8AF16E20,0001,male,C57BL/6,1.1.1,FR1_Approach,0,PelletDrop,138,604,43,4,0,0,,,,,,,,,,,,,,,,,,,,
2026-08-20 03:45:20,155601.812500,B0DB8AF16E20,0001,male,C57BL/6,1.1.1,FR1_Approach,0,PelletTaken,138,604,43,4,0,0,9.355,207.000,0,1,,,,,,,,,,,,,,,,
2026-08-20 03:45:52,155633.015625,B0DB8AF16E20,0001,male,C57BL/6,1.1.1,FR1_Approach,0,PelletDrop,139,607,43,4,0,0,,,,,,,,,,,,,,,,,,,,
2026-08-20 03:46:00,155641.171875,B0DB8AF16E20,0001,male,C57BL/6,1.1.1,FR1_Approach,0,PelletTaken,139,607,43,4,0,0,7.584,60.000,0,2,,,,,,,,,,,,,,,,
2026-08-20 03:54:13,156134.546875,B0DB8AF16E20,0001,male,C57BL/6,1.1.1,FR1_Approach,0,Status,139,607,43,4,0,0,,,,,Disabled,23.4,46.0,991.4,17.0,0.000,0.000,249160,339956,246240,35440,4.05,83.85
2026-08-20 04:04:15,156737.296875,B0DB8AF16E20,0001,male,C57BL/6,1.1.1,FR1_Approach,0,Status,139,607,43,4,0,0,,,,,Disabled,23.4,46.0,991.4,17.0,0.000,0.000,249160,339956,246240,35577,4.06,83.85
2026-08-20 04:14:16,157339.906250,B0DB8AF16E20,0001,male,C57BL/6,1.1.1,FR1_Approach,0,Status,139,607,43,4,0,0,,,,,Disabled,23.4,45.9,991.5,17.0,0.000,0.000,249160,339956,246240,35714,4.06,83.85
2026-08-20 04:20:13,157696.875000,B0DB8AF16E20,0001,male,C57BL/6,1.1.1,FR1_Approach,0,PelletDrop,140,608,43,4,0,0,,,,,,,,,,,,,,,,,,,,
2026-08-20 04:20:22,157705.390625,B0DB8AF16E20,0001,male,C57BL/6,1.1.1,FR1_Approach,0,PelletTaken,140,608,43,4,0,0,7.935,12.000,0,2,,,,,,,,,,,,,,,,
2026-08-20 04:20:55,157738.968750,B0DB8AF16E20,0001,male,C57BL/6,1.1.1,FR1_Approach,0,PelletDrop,141,610,43,4,0,0,,,,,,,,,,,,,,,,,,,,
2026-08-20 04:21:05,157748.656250,B0DB8AF16E20,0001,male,C57BL/6,1.1.1,FR1_Approach,0,PelletTaken,141,610,43,4,0,0,9.124,127.000,0,2,,,,,,,,,,,,,,,,
2026-08-20 04:23:41,157904.656250,B0DB8AF16E20,0001,male,C57BL/6,1.1.1,FR1_Approach,0,PelletDrop,142,613,43,4,0,0,,,,,,,,,,,,,,,,,,,,
2026-08-20 04:23:52,157915.890625,B0DB8AF16E20,0001,male,C57BL/6,1.1.1,FR1_Approach,0,PelletTaken,142,613,43,4,0,0,10.652,157.000,0,2,,,,,,,,,,,,,,,,
2026-08-20 04:24:17,157941.156250,B0DB8AF16E20,0001,male,C57BL/6,1.1.1,FR1_Approach,0,Status,142,613,43,4,0,0,,,,,Disabled,23.5,45.7,991.5,17.1,0.000,0.000,249160,339956,246240,35843,4.05,83.68
2026-08-20 04:34:19,158543.890625,B0DB8AF16E20,0001,male,C57BL/6,1.1.1,FR1_Approach,0,Status,142,613,43,4,0,0,,,,,Disabled,23.4,46.0,991.6,17.1,0.000,0.000,249160,339956,246240,35980,4.05,83.68
2026-08-20 04:43:51,159117.062500,B0DB8AF16E20,0001,male,C57BL/6,1.1.1,FR1_Approach,0,PelletDrop,143,617,44,4,0,0,,,,,,,,,,,,,,,,,,,,
2026-08-20 04:43:57,159122.640625,B0DB8AF16E20,0001,male,C57BL/6,1.1.1,FR1_Approach,0,PelletTaken,143,617,44,4,0,0,5.021,118.000,0,3,,,,,,,,,,,,,,,,
2026-08-20 04:44:22,159147.875000,B0DB8AF16E20,0001,male,C57BL/6,1.1.1,FR1_Approach,0,Status,143,617,44,4,0,0,,,,,Disabled,23.4,46.1,991.6,17.1,0.000,0.000,249160,339956,246240,36117,4.01,83.52
2026-08-20 04:54:24,159750.656250,B0DB8AF16E20,0001,male,C57BL/6,1.1.1,FR1_Approach,0,Status,143,617,44,4,0,0,,,,,Disabled,23.4,46.2,991.7,17.1,0.000,0.000,249160,339956,246240,36254,4.05,83.52
2026-08-20 05:01:27,160173.921875,B0DB8AF16E20,0001,male,C57BL/6,1.1.1,FR1_Approach,0,PelletDrop,144,622,44,4,0,0,,,,,,,,,,,,,,,,,,,,
2026-08-20 05:01:36,160182.703125,B0DB8AF16E20,0001,male,C57BL/6,1.1.1,FR1_Approach,0,PelletTaken,144,622,44,4,0,0,8.222,100.000,0,2,,,,,,,,,,,,,,,,
2026-08-20 05:04:25,160352.359375,B0DB8AF16E20,0001,male,C57BL/6,1.1.1,FR1_Approach,0,Status,144,622,44,4,0,0,,,,,Disabled,23.3,46.1,991.8,17.1,0.000,0.000,249160,339956,246240,36391,4.05,83.36
2026-08-20 05:06:32,160479.546875,B0DB8AF16E20,0001,male,C57BL/6,1.1.1,FR1_Approach,0,PelletDrop,145,628,45,4,0,0,,,,,,,,,,,,,,,,,,,,
2026-08-20 05:06:40,160487.812500,B0DB8AF16E20,0001,male,C57BL/6,1.1.1,FR1_Approach,0,PelletTaken,145,628,45,4,0,0,7.694,168.000,0,3,,,,,,,,,,,,,,,,
2026-08-20 05:07:39,160546.500000,B0DB8AF16E20,0001,male,C57BL/6,1.1.1,FR1_Approach,0,PelletDrop,146,635,45,6,0,0,,,,,,,,,,,,,,,,,,,,
2026-08-20 05:07:50,160557.687500,B0DB8AF16E20,0001,male,C57BL/6,1.1.1,FR1_Approach,0,PelletTaken,146,635,45,6,0,0,10.620,40.000,0,2,,,,,,,,,,,,,,,,
2026-08-20 05:08:37,160604.671875,B0DB8AF16E20,0001,male,C57BL/6,1.1.1,FR1_Approach,0,PelletDrop,147,643,45,7,0,0,,,,,,,,,,,,,,,,,,,,
2026-08-20 05:08:48,160615.703125,B0DB8AF16E20,0001,male,C57BL/6,1.1.1,FR1_Approach,0,PelletTaken,147,643,45,7,0,0,10.477,81.000,0,2,,,,,,,,,,,,,,,,
2026-08-20 05:14:28,160955.921875,B0DB8AF16E20,0001,male,C57BL/6,1.1.1,FR1_Approach,0,Status,147,643,45,7,0,0,,,,,Disabled,23.3,46.2,991.8,17.1,0.000,0.000,249160,339956,246240,36534,4.05,83.36
2026-08-20 05:24:30,161558.562500,B0DB8AF16E20,0001,male,C57BL/6,1.1.1,FR1_Approach,0,Status,147,643,45,7,0,0,,,,,Disabled,23.3,46.4,991.9,17.2,0.000,0.000,249160,339956,246240,36671,4.05,83.36
2026-08-20 05:31:29,161978.062500,B0DB8AF16E20,0001,male,C57BL/6,1.1.1,FR1_Approach,0,PelletDrop,148,652,45,7,0,0,,,,,,,,,,,,,,,,,,,,
2026-08-20 05:31:38,161987.453125,B0DB8AF16E20,0001,male,C57BL/6,1.1.1,FR1_Approach,0,PelletTaken,148,652,45,7,0,0,8.827,100.000,0,2,,,,,,,,,,,,,,,,
2026-08-20 05:33:45,162114.531250,B0DB8AF16E20,0001,male,C57BL/6,1.1.1,FR1_Approach,0,PelletDrop,149,662,45,7,0,0,,,,,,,,,,,,,,,,,,,,
2026-08-20 05:33:56,162125.328125,B0DB8AF16E20,0001,male,C57BL/6,1.1.1,FR1_Approach,0,PelletTaken,149,662,45,7,0,0,10.246,99.000,0,2,,,,,,,,,,,,,,,,
2026-08-20 05:34:30,162159.359375,B0DB8AF16E20,0001,male,C57BL/6,1.1.1,FR1_Approach,0,Status,149,662,45,7,0,0,,,,,Disabled,23.3,46.1,992.0,17.2,0.000,0.000,249160,339956,246240,36814,4.05,83.36
2026-08-20 05:44:32,162762.093750,B0DB8AF16E20,0001,male,C57BL/6,1.1.1,FR1_Approach,0,Status,149,662,45,7,0,0,,,,,Disabled,23.3,46.4,992.2,17.1,0.000,0.000,249160,339956,246240,36951,4.05,83.36
2026-08-20 05:54:34,163364.765625,B0DB8AF16E20,0001,male,C57BL/6,1.1.1,FR1_Approach,0,Status,149,662,45,7,0,0,,,,,Disabled,23.3,46.5,992.3,17.0,0.000,6.000,249160,339956,246240,37088,4.05,83.36
2026-08-20 06:04:36,163967.484375,B0DB8AF16E20,0001,male,C57BL/6,1.1.1,FR1_Approach,0,Status,149,662,45,7,0,0,,,,,Disabled,23.4,46.3,992.5,17.0,0.000,4.000,249160,339956,246240,37225,4.05,83.20
2026-08-20 06:14:38,164570.140625,B0DB8AF16E20,0001,male,C57BL/6,1.1.1,FR1_Approach,0,Status,149,662,45,7,0,0,,,,,Disabled,23.4,46.3,992.6,16.9,0.000,6.000,249160,339956,246240,37362,4.05,83.20
2026-08-20 06:24:40,165172.890625,B0DB8AF16E20,0001,male,C57BL/6,1.1.1,FR1_Approach,0,Status,149,662,45,7,0,0,,,,,Disabled,23.4,46.2,992.7,16.9,0.007,26.000,249160,339956,246240,37499,4.05,83.20
2026-08-20 06:34:42,165775.671875,B0DB8AF16E20,0001,male,C57BL/6,1.1.1,FR1_Approach,0,Status,149,662,45,7,0,0,,,,,Disabled,23.4,46.2,992.8,16.9,0.007,26.000,249160,339956,246240,37636,4.05,83.20
2026-08-20 06:44:44,166378.406250,B0DB8AF16E20,0001,male,C57BL/6,1.1.1,FR1_Approach,0,Status,149,662,45,7,0,0,,,,,Disabled,23.4,46.2,993.0,16.9,0.000,6.000,249160,339956,246240,37773,4.04,83.20
2026-08-20 06:54:46,166981.187500,B0DB8AF16E20,0001,male,C57BL/6,1.1.1,FR1_Approach,0,Status,149,662,45,7,0,0,,,,,Disabled,23.4,46.2,993.1,16.9,0.000,6.000,249160,339956,246240,37910,4.05,83.03
2026-08-20 07:04:48,167583.859375,B0DB8AF16E20,0001,male,C57BL/6,1.1.1,FR1_Approach,0,Status,149,662,45,7,0,0,,,,,Disabled,23.4,46.2,993.2,16.8,0.000,9.000,249160,339956,246240,38047,4.05,83.03
2026-08-20 07:14:50,168186.468750,B0DB8AF16E20,0001,male,C57BL/6,1.1.1,FR1_Approach,0,Status,149,662,45,7,0,0,,,,,Disabled,23.5,46.1,993.3,16.8,0.000,8.000,249160,339956,246240,38184,4.05,83.03
2026-08-20 07:24:52,168789.109375,B0DB8AF16E20,0001,male,C57BL/6,1.1.1,FR1_Approach,0,Status,149,662,45,7,0,0,,,,,Disabled,23.5,46.0,993.5,16.7,0.000,8.000,249160,339956,246240,38321,4.05,83.03
2026-08-20 07:34:53,169391.734375,B0DB8AF16E20,0001,male,C57BL/6,1.1.1,FR1_Approach,0,Status,149,662,45,7,0,0,,,,,Disabled,23.6,46.0,993.6,16.7,0.000,9.000,249160,339956,246240,38458,4.05,83.03
2026-08-20 07:43:03,169881.968750,B0DB8AF16E20,0001,male,C57BL/6,1.1.1,FR1_Approach,0,PelletDrop,150,663,45,7,0,0,,,,,,,,,,,,,,,,,,,,
2026-08-20 07:43:15,169894.031250,B0DB8AF16E20,0001,male,C57BL/6,1.1.1,FR1_Approach,0,PelletTaken,150,663,45,7,0,0,11.479,130.000,0,2,,,,,,,,,,,,,,,,
2026-08-20 07:44:04,169942.531250,B0DB8AF16E20,0001,male,C57BL/6,1.1.1,FR1_Approach,0,PelletDrop,151,665,45,7,0,0,,,,,,,,,,,,,,,,,,,,
2026-08-20 07:44:12,169951.390625,B0DB8AF16E20,0001,male,C57BL/6,1.1.1,FR1_Approach,0,PelletTaken,151,665,45,7,0,0,8.299,80.000,0,2,,,,,,,,,,,,,,,,
2026-08-20 07:44:55,169994.171875,B0DB8AF16E20,0001,male,C57BL/6,1.1.1,FR1_Approach,0,Status,151,665,45,7,0,0,,,,,Disabled,23.7,45.4,993.7,16.7,0.000,0.000,249160,339956,246240,38588,4.04,83.03
2026-08-20 07:54:57,170596.843750,B0DB8AF16E20,0001,male,C57BL/6,1.1.1,FR1_Approach,0,Status,151,665,45,7,0,0,,,,,Disabled,23.7,45.8,993.8,16.7,0.000,0.000,249160,339956,246240,38725,4.05,82.87
2026-08-20 08:04:59,171199.593750,B0DB8AF16E20,0001,male,C57BL/6,1.1.1,FR1_Approach,0,Status,151,665,45,7,0,0,,,,,Disabled,23.7,45.8,993.8,16.7,0.000,14.000,249160,339956,246240,38862,4.05,82.87
2026-08-20 08:08:07,171387.656250,B0DB8AF16E20,0001,male,C57BL/6,1.1.1,FR1_Approach,0,PelletDrop,152,668,45,7,0,0,,,,,,,,,,,,,,,,,,,,
2026-08-20 08:08:18,171398.312500,B0DB8AF16E20,0001,male,C57BL/6,1.1.1,FR1_Approach,0,PelletTaken,152,668,45,7,0,0,10.081,51.000,0,2,,,,,,,,,,,,,,,,
2026-08-20 08:08:59,171439.859375,B0DB8AF16E20,0001,male,C57BL/6,1.1.1,FR1_Approach,0,PelletDrop,153,672,45,7,0,0,,,,,,,,,,,,,,,,,,,,
2026-08-20 08:09:09,171450.250000,B0DB8AF16E20,0001,male,C57BL/6,1.1.1,FR1_Approach,0,PelletTaken,153,672,45,7,0,0,9.806,32.000,0,3,,,,,,,,,,,,,,,,
2026-08-20 08:14:59,171799.953125,B0DB8AF16E20,0001,male,C57BL/6,1.1.1,FR1_Approach,0,Status,153,673,45,7,0,0,,,,,Disabled,23.8,45.7,993.9,16.7,0.000,20.000,249160,339956,246240,38995,4.05,82.87
2026-08-20 08:25:01,172402.703125,B0DB8AF16E20,0001,male,C57BL/6,1.1.1,FR1_Approach,0,Status,153,673,45,7,0,0,,,,,Disabled,23.8,45.7,994.0,16.7,0.000,0.000,249160,339956,246240,39132,4.05,82.87
2026-08-20 08:35:03,173005.484375,B0DB8AF16E20,0001,male,C57BL/6,1.1.1,FR1_Approach,0,Status,153,673,45,7,0,0,,,,,Disabled,23.8,45.8,994.0,16.7,0.000,6.000,249160,339956,246240,39269,4.05,82.87
2026-08-20 08:45:05,173608.250000,B0DB8AF16E20,0001,male,C57BL/6,1.1.1,FR1_Approach,0,Status,153,673,45,7,0,0,,,,,Disabled,23.8,45.8,994.0,16.7,0.000,14.000,249160,339956,246240,39406,4.05,82.70
2026-08-20 08:55:07,174210.984375,B0DB8AF16E20,0001,male,C57BL/6,1.1.1,FR1_Approach,0,Status,153,673,45,7,0,0,,,,,Disabled,23.8,45.7,994.1,16.7,0.000,15.000,249160,339956,246240,39543,4.05,82.70
2026-08-20 09:05:09,174813.765625,B0DB8AF16E20,0001,male,C57BL/6,1.1.1,FR1_Approach,0,Status,153,673,45,7,0,0,,,,,Disabled,23.8,45.7,994.2,16.7,0.000,16.000,249160,339956,246240,39680,4.05,82.70
2026-08-20 09:15:11,175416.515625,B0DB8AF16E20,0001,male,C57BL/6,1.1.1,FR1_Approach,0,Status,153,673,45,7,0,0,,,,,Disabled,23.8,45.7,994.2,16.7,0.000,18.000,249160,339956,246240,39817,4.05,82.70
2026-08-20 09:25:13,176019.265625,B0DB8AF16E20,0001,male,C57BL/6,1.1.1,FR1_Approach,0,Status,153,673,45,7,0,0,,,,,Disabled,23.7,45.7,994.3,16.7,0.000,16.000,249160,339956,246240,39954,4.05,82.70
2026-08-20 09:35:15,176622.031250,B0DB8AF16E20,0001,male,C57BL/6,1.1.1,FR1_Approach,0,Status,153,673,45,7,0,0,,,,,Disabled,23.7,45.7,994.4,16.7,0.000,16.000,249160,339956,246240,40091,4.05,82.70
2026-08-20 09:45:17,177224.796875,B0DB8AF16E20,0001,male,C57BL/6,1.1.1,FR1_Approach,0,Status,153,673,45,7,0,0,,,,,Disabled,23.7,45.7,994.5,16.7,0.000,16.000,249160,339956,246240,40228,4.05,82.54
2026-08-20 09:55:19,177827.546875,B0DB8AF16E20,0001,male,C57BL/6,1.1.1,FR1_Approach,0,Status,153,673,45,7,0,0,,,,,Disabled,23.7,45.7,994.6,16.7,0.000,14.000,249160,339956,246240,40365,4.05,82.54
2026-08-20 10:05:21,178430.312500,B0DB8AF16E20,0001,male,C57BL/6,1.1.1,FR1_Approach,0,Status,153,673,45,7,0,0,,,,,Disabled,23.7,45.7,994.7,16.7,0.000,15.000,249160,339956,246240,40502,4.04,82.54
2026-08-20 10:14:01,178950.781250,B0DB8AF16E20,0001,male,C57BL/6,1.1.1,FR1_Approach,0,PelletDrop,154,674,45,7,0,0,,,,,,,,,,,,,,,,,,,,
2026-08-20 10:14:12,178962.046875,B0DB8AF16E20,0001,male,C57BL/6,1.1.1,FR1_Approach,0,PelletTaken,154,674,45,7,0,0,10.686,41.000,0,2,,,,,,,,,,,,,,,,
2026-08-20 10:14:41,178991.187500,B0DB8AF16E20,0001,male,C57BL/6,1.1.1,FR1_Approach,0,PelletDrop,155,676,45,7,0,0,,,,,,,,,,,,,,,,,,,,
2026-08-20 10:14:51,179001.625000,B0DB8AF16E20,0001,male,C57BL/6,1.1.1,FR1_Approach,0,PelletTaken,155,676,45,7,0,0,9.883,21.000,0,2,,,,,,,,,,,,,,,,
2026-08-20 10:15:21,179031.234375,B0DB8AF16E20,0001,male,C57BL/6,1.1.1,FR1_Approach,0,Status,155,676,45,7,0,0,,,,,Disabled,23.8,45.3,994.8,16.7,0.000,19.000,249160,339956,246240,40632,4.01,82.38
2026-08-20 10:25:23,179633.906250,B0DB8AF16E20,0001,male,C57BL/6,1.1.1,FR1_Approach,0,Status,155,676,45,7,0,0,,,,,Disabled,23.8,45.6,994.9,16.7,0.000,22.000,249160,339956,246240,40769,4.05,82.38
2026-08-20 10:35:25,180236.625000,B0DB8AF16E20,0001,male,C57BL/6,1.1.1,FR1_Approach,0,Status,155,676,45,7,0,0,,,,,Disabled,23.8,45.5,995.0,16.6,0.000,20.000,249160,339956,246240,40906,4.04,82.38
2026-08-20 10:45:27,180839.328125,B0DB8AF16E20,0001,male,C57BL/6,1.1.1,FR1_Approach,0,Status,155,676,45,7,0,0,,,,,Disabled,23.8,45.5,995.1,16.6,0.000,2.000,249160,339956,246240,41043,4.05,82.38
2026-08-20 10:55:29,181441.984375,B0DB8AF16E20,0001,male,C57BL/6,1.1.1,FR1_Approach,0,Status,155,676,45,7,0,0,,,,,Disabled,23.8,45.4,995.2,16.5,0.029,34.000,249160,339956,246240,41180,4.04,82.38
2026-08-20 11:05:31,182044.671875,B0DB8AF16E20,0001,male,C57BL/6,1.1.1,FR1_Approach,0,Status,155,676,45,7,0,0,,,,,Disabled,23.8,45.3,995.2,16.5,0.000,22.000,249160,339956,246240,41317,4.05,82.38
2026-08-20 11:15:33,182647.312500,B0DB8AF16E20,0001,male,C57BL/6,1.1.1,FR1_Approach,0,Status,155,676,45,7,0,0,,,,,Disabled,23.8,45.3,995.3,16.5,0.000,22.000,249160,339956,246240,41454,4.05,82.21
2026-08-20 11:25:35,183249.906250,B0DB8AF16E20,0001,male,C57BL/6,1.1.1,FR1_Approach,0,Status,155,676,45,7,0,0,,,,,Disabled,23.9,45.3,995.3,16.5,0.000,22.000,249160,339956,246240,41591,4.05,82.38
2026-08-20 11:35:36,183852.546875,B0DB8AF16E20,0001,male,C57BL/6,1.1.1,FR1_Approach,0,Status,155,676,45,7,0,0,,,,,Disabled,23.9,45.2,995.3,16.5,0.011,24.000,249160,339956,246240,41728,4.04,82.21
2026-08-20 11:45:38,184455.218750,B0DB8AF16E20,0001,male,C57BL/6,1.1.1,FR1_Approach,0,Status,155,676,45,7,0,0,,,,,Disabled,23.9,45.2,995.3,16.5,0.000,4.000,249160,339956,246240,41865,4.05,82.21
2026-08-20 11:55:40,185057.843750,B0DB8AF16E20,0001,male,C57BL/6,1.1.1,FR1_Approach,0,Status,155,676,45,7,0,0,,,,,Disabled,23.9,45.1,995.3,16.5,0.000,22.000,249160,339956,246240,42002,4.05,82.21
2026-08-20 12:05:42,185660.500000,B0DB8AF16E20,0001,male,C57BL/6,1.1.1,FR1_Approach,0,Status,155,676,45,7,0,0,,,,,Disabled,23.9,45.1,995.3,16.5,0.011,24.000,249160,339956,246240,42139,4.04,82.21
2026-08-20 12:15:44,186263.218750,B0DB8AF16E20,0001,male,C57BL/6,1.1.1,FR1_Approach,0,Status,155,676,45,7,0,0,,,,,Disabled,23.9,45.1,995.4,16.5,0.000,12.000,249160,339956,246240,42276,4.04,82.21
2026-08-20 12:25:46,186865.906250,B0DB8AF16E20,0001,male,C57BL/6,1.1.1,FR1_Approach,0,Status,155,676,45,7,0,0,,,,,Disabled,23.9,45.1,995.3,16.5,0.000,12.000,249160,339956,246240,42413,4.03,82.21
2026-08-20 12:35:48,187468.625000,B0DB8AF16E20,0001,male,C57BL/6,1.1.1,FR1_Approach,0,Status,155,676,45,7,0,0,,,,,Disabled,23.9,45.1,995.3,16.5,0.000,20.000,249160,339956,246240,42550,4.04,82.05
2026-08-20 12:45:50,188071.296875,B0DB8AF16E20,0001,male,C57BL/6,1.1.1,FR1_Approach,0,Status,155,676,45,7,0,0,,,,,Disabled,23.9,45.0,995.3,16.5,0.007,25.000,249160,339956,246240,42687,4.05,82.05
2026-08-20 12:55:52,188674.062500,B0DB8AF16E20,0001,male,C57BL/6,1.1.1,FR1_Approach,0,Status,155,676,45,7,0,0,,,,,Disabled,23.9,45.0,995.3,16.6,0.000,20.000,249160,339956,246240,42824,4.04,82.05
2026-08-20 13:05:54,189276.734375,B0DB8AF16E20,0001,male,C57BL/6,1.1.1,FR1_Approach,0,Status,155,676,45,7,0,0,,,,,Disabled,23.9,45.1,995.2,16.5,0.022,30.000,249160,339956,246240,42961,4.04,82.05
2026-08-20 13:08:50,189452.593750,B0DB8AF16E20,0001,male,C57BL/6,1.1.1,FR1_Approach,0,PelletDrop,156,677,45,7,0,0,,,,,,,,,,,,,,,,,,,,
2026-08-20 13:09:06,189469.375000,B0DB8AF16E20,0001,male,C57BL/6,1.1.1,FR1_Approach,0,PelletTaken,156,677,45,7,0,0,16.208,50.000,0,1,,,,,,,,,,,,,,,,
2026-08-20 13:10:09,189531.828125,B0DB8AF16E20,0001,male,C57BL/6,1.1.1,FR1_Approach,0,PelletDrop,157,679,45,7,0,0,,,,,,,,,,,,,,,,,,,,
2026-08-20 13:10:29,189552.375000,B0DB8AF16E20,0001,male,C57BL/6,1.1.1,FR1_Approach,0,PelletTaken,157,679,45,7,0,0,TimedOut,89.000,0,3,,,,,,,,,,,,,,,,
2026-08-20 13:15:56,189879.515625,B0DB8AF16E20,0001,male,C57BL/6,1.1.1,FR1_Approach,0,Status,157,679,45,7,0,0,,,,,Disabled,23.9,45.0,995.2,16.5,0.014,29.000,249160,339956,246240,43089,4.04,81.89
2026-08-20 13:25:58,190482.281250,B0DB8AF16E20,0001,male,C57BL/6,1.1.1,FR1_Approach,0,Status,157,679,45,7,0,0,,,,,Disabled,23.9,45.4,995.1,16.5,0.014,26.000,249160,339956,246240,43226,4.04,81.89
2026-08-20 13:36:00,191085.031250,B0DB8AF16E20,0001,male,C57BL/6,1.1.1,FR1_Approach,0,Status,157,679,45,7,0,0,,,,,Disabled,23.9,45.5,995.1,16.6,0.029,34.000,249160,339956,246240,43363,4.04,81.89
2026-08-20 13:46:02,191687.796875,B0DB8AF16E20,0001,male,C57BL/6,1.1.1,FR1_Approach,0,Status,157,679,45,7,0,0,,,,,Disabled,23.9,45.4,995.1,16.5,0.043,38.000,249160,339956,246240,43500,4.04,81.89
2026-08-20 13:56:04,192290.562500,B0DB8AF16E20,0001,male,C57BL/6,1.1.1,FR1_Approach,0,Status,157,679,45,7,0,0,,,,,Disabled,23.8,45.4,995.1,16.6,0.036,39.000,249160,339956,246240,43637,4.04,81.89
2026-08-20 14:06:06,192893.296875,B0DB8AF16E20,0001,male,C57BL/6,1.1.1,FR1_Approach,0,Status,157,679,45,7,0,0,,,,,Disabled,23.8,45.4,995.0,16.5,0.014,29.000,249160,339956,246240,43774,4.04,81.89
2026-08-20 14:16:08,193496.062500,B0DB8AF16E20,0001,male,C57BL/6,1.1.1,FR1_Approach,0,Status,157,679,45,7,0,0,,,,,Disabled,23.8,45.5,995.0,16.6,0.022,28.000,249160,339956,246240,43911,4.04,81.73
2026-08-20 14:26:10,194098.828125,B0DB8AF16E20,0001,male,C57BL/6,1.1.1,FR1_Approach,0,Status,157,679,45,7,0,0,,,,,Disabled,23.8,45.5,994.9,16.6,0.022,28.000,249160,339956,246240,44048,4.04,81.73
2026-08-20 14:36:12,194701.578125,B0DB8AF16E20,0001,male,C57BL/6,1.1.1,FR1_Approach,0,Status,157,679,45,7,0,0,,,,,Disabled,23.8,45.4,994.9,16.6,0.000,11.000,249160,339956,246240,44185,4.04,81.73
2026-08-20 14:46:14,195304.312500,B0DB8AF16E20,0001,male,C57BL/6,1.1.1,FR1_Approach,0,Status,157,679,45,7,0,0,,,,,Disabled,23.8,45.4,994.8,16.6,0.022,24.000,249160,339956,246240,44322,4.04,81.73
2026-08-20 14:49:59,195529.593750,B0DB8AF16E20,0001,male,C57BL/6,1.1.1,FR1_Approach,0,PelletDrop,158,680,45,7,0,0,,,,,,,,,,,,,,,,,,,,
2026-08-20 14:50:11,195541.359375,B0DB8AF16E20,0001,male,C57BL/6,1.1.1,FR1_Approach,0,PelletTaken,158,680,45,7,0,0,11.180,357.000,0,3,,,,,,,,,,,,,,,,
2026-08-20 14:50:46,195576.296875,B0DB8AF16E20,0001,male,C57BL/6,1.1.1,FR1_Approach,0,PelletDrop,159,682,45,7,0,0,,,,,,,,,,,,,,,,,,,,
2026-08-20 14:50:58,195588.953125,B0DB8AF16E20,0001,male,C57BL/6,1.1.1,FR1_Approach,0,PelletTaken,159,682,45,7,0,0,12.095,22.000,0,2,,,,,,,,,,,,,,,,
2026-08-20 14:51:42,195633.078125,B0DB8AF16E20,0001,male,C57BL/6,1.1.1,FR1_Approach,0,PelletDrop,160,685,45,7,0,0,,,,,,,,,,,,,,,,,,,,
2026-08-20 14:51:55,195645.203125,B0DB8AF16E20,0001,male,C57BL/6,1.1.1,FR1_Approach,0,PelletTaken,160,685,45,7,0,0,11.544,12.000,0,2,,,,,,,,,,,,,,,,
2026-08-20 14:56:16,195906.734375,B0DB8AF16E20,0001,male,C57BL/6,1.1.1,FR1_Approach,0,Status,160,685,45,7,0,0,,,,,Disabled,23.8,45.2,994.8,16.6,0.014,26.000,249160,339956,246240,44448,4.03,81.73
2026-08-20 15:06:18,196509.468750,B0DB8AF16E20,0001,male,C57BL/6,1.1.1,FR1_Approach,0,Status,160,685,45,7,0,0,,,,,Disabled,23.8,45.3,994.7,16.6,0.022,28.000,249160,339956,246240,44585,4.04,81.56
2026-08-20 15:16:20,197112.203125,B0DB8AF16E20,0001,male,C57BL/6,1.1.1,FR1_Approach,0,Status,160,685,45,7,0,0,,,,,Disabled,23.8,45.3,994.6,16.6,0.022,29.000,249160,339956,246240,44722,4.04,81.56
2026-08-20 15:26:22,197714.953125,B0DB8AF16E20,0001,male,C57BL/6,1.1.1,FR1_Approach,0,Status,160,685,45,7,0,0,,,,,Disabled,23.7,45.3,994.5,16.5,0.022,28.000,249160,339956,246240,44859,4.04,81.56
2026-08-20 15:36:24,198317.703125,B0DB8AF16E20,0001,male,C57BL/6,1.1.1,FR1_Approach,0,Status,160,685,45,7,0,0,,,,,Disabled,23.7,45.3,994.5,16.5,0.022,29.000,249160,339956,246240,44996,4.04,81.56
2026-08-20 15:46:26,198920.453125,B0DB8AF16E20,0001,male,C57BL/6,1.1.1,FR1_Approach,0,Status,160,685,45,7,0,0,,,,,Disabled,23.7,45.2,994.5,16.5,0.022,29.000,249160,339956,246240,45133,4.04,81.56
2026-08-20 15:56:28,199523.218750,B0DB8AF16E20,0001,male,C57BL/6,1.1.1,FR1_Approach,0,Status,160,685,45,7,0,0,,,,,Disabled,23.7,45.2,994.5,16.6,0.022,28.000,249160,339956,246240,45270,4.04,81.56
2026-08-20 16:06:30,200125.984375,B0DB8AF16E20,0001,male,C57BL/6,1.1.1,FR1_Approach,0,Status,160,685,45,7,0,0,,,,,Disabled,23.7,45.2,994.4,16.6,0.022,28.000,249160,339956,246240,45407,4.04,81.56
2026-08-20 16:16:32,200728.703125,B0DB8AF16E20,0001,male,C57BL/6,1.1.1,FR1_Approach,0,Status,160,685,45,7,0,0,,,,,Disabled,23.7,45.2,994.4,16.5,0.022,26.000,249160,339956,246240,45544,4.04,81.40
2026-08-20 16:26:34,201331.453125,B0DB8AF16E20,0001,male,C57BL/6,1.1.1,FR1_Approach,0,Status,160,685,45,7,0,0,,,,,Disabled,23.7,45.3,994.4,16.6,0.000,10.000,249160,339956,246240,45681,4.04,81.40
2026-08-20 16:36:36,201934.187500,B0DB8AF16E20,0001,male,C57BL/6,1.1.1,FR1_Approach,0,Status,160,685,45,7,0,0,,,,,Disabled,23.7,45.3,994.4,16.6,0.014,24.000,249160,339956,246240,45818,4.04,81.40
2026-08-20 16:41:34,202233.125000,B0DB8AF16E20,0001,male,C57BL/6,1.1.1,FR1_Approach,0,PelletDrop,161,686,45,7,0,0,,,,,,,,,,,,,,,,,,,,
2026-08-20 16:41:36,202234.281250,B0DB8AF16E20,0001,male,C57BL/6,1.1.1,FR1_Approach,0,PelletNotDetected,161,686,45,7,0,0,,,,,,,,,,,,,,,,,,,,
2026-08-20 16:42:16,202274.656250,B0DB8AF16E20,0001,male,C57BL/6,1.1.1,FR1_Approach,0,PelletDrop,162,688,45,7,0,0,,,,,,,,,,,,,,,,,,,,
2026-08-20 16:42:25,202284.296875,B0DB8AF16E20,0001,male,C57BL/6,1.1.1,FR1_Approach,0,PelletTaken,162,688,45,7,0,0,9.090,148.000,0,4,,,,,,,,,,,,,,,,
2026-08-20 16:43:01,202319.781250,B0DB8AF16E20,0001,male,C57BL/6,1.1.1,FR1_Approach,0,PelletDrop,163,691,45,7,0,0,,,,,,,,,,,,,,,,,,,,
2026-08-20 16:43:10,202328.812500,B0DB8AF16E20,0001,male,C57BL/6,1.1.1,FR1_Approach,0,PelletTaken,163,691,45,7,0,0,8.475,21.000,0,3,,,,,,,,,,,,,,,,
2026-08-20 16:46:39,202537.828125,B0DB8AF16E20,0001,male,C57BL/6,1.1.1,FR1_Approach,0,Status,163,691,45,7,0,0,,,,,Disabled,23.7,45.0,994.4,16.6,0.014,29.000,249160,339956,246240,45950,4.04,81.40
2026-08-20 16:52:24,202883.734375,B0DB8AF16E20,0001,male,C57BL/6,1.1.1,FR1_Approach,0,PelletDrop,164,695,45,7,0,0,,,,,,,,,,,,,,,,,,,,
2026-08-20 16:52:34,202893.109375,B0DB8AF16E20,0001,male,C57BL/6,1.1.1,FR1_Approach,0,PelletTaken,164,695,45,7,0,0,8.827,80.000,0,2,,,,,,,,,,,,,,,,
2026-08-20 16:56:42,203141.531250,B0DB8AF16E20,0001,male,C57BL/6,1.1.1,FR1_Approach,0,Status,164,695,45,7,0,0,,,,,Disabled,23.7,45.1,994.5,16.5,0.000,6.000,249160,339956,246240,46086,4.04,81.40
2026-08-20 17:06:44,203744.171875,B0DB8AF16E20,0001,male,C57BL/6,1.1.1,FR1_Approach,0,Status,164,695,45,7,0,0,,,,,Disabled,23.7,45.2,994.5,16.6,0.000,8.000,249160,339956,246240,46223,4.04,81.24
2026-08-20 17:16:45,204346.765625,B0DB8AF16E20,0001,male,C57BL/6,1.1.1,FR1_Approach,0,Status,164,695,45,7,0,0,,,,,Disabled,23.7,45.1,994.5,16.5,0.000,8.000,249160,339956,246240,46360,4.03,81.24
2026-08-20 17:26:47,204949.406250,B0DB8AF16E20,0001,male,C57BL/6,1.1.1,FR1_Approach,0,Status,164,695,45,7,0,0,,,,,Disabled,23.7,45.1,994.6,16.6,0.014,26.000,249160,339956,246240,46497,4.04,81.24
2026-08-20 17:36:49,205552.140625,B0DB8AF16E20,0001,male,C57BL/6,1.1.1,FR1_Approach,0,Status,164,695,45,7,0,0,,,,,Disabled,23.7,45.1,994.7,16.6,0.014,26.000,249160,339956,246240,46634,4.04,81.24
2026-08-20 17:46:51,206154.843750,B0DB8AF16E20,0001,male,C57BL/6,1.1.1,FR1_Approach,0,Status,164,695,45,7,0,0,,,,,Disabled,23.7,45.1,994.7,16.6,0.000,0.000,249160,339956,246240,46771,4.04,81.24
2026-08-20 17:50:46,206389.875000,B0DB8AF16E20,0001,male,C57BL/6,1.1.1,FR1_Approach,0,PelletDrop,165,696,45,7,0,0,,,,,,,,,,,,,,,,,,,,
2026-08-20 17:50:56,206400.250000,B0DB8AF16E20,0001,male,C57BL/6,1.1.1,FR1_Approach,0,PelletTaken,165,696,45,7,0,0,9.807,40.000,0,2,,,,,,,,,,,,,,,,
2026-08-20 17:51:28,206432.375000,B0DB8AF16E20,0001,male,C57BL/6,1.1.1,FR1_Approach,0,PelletDrop,166,698,45,7,0,0,,,,,,,,,,,,,,,,,,,,
2026-08-20 17:51:38,206441.875000,B0DB8AF16E20,0001,male,C57BL/6,1.1.1,FR1_Approach,0,PelletTaken,166,698,45,7,0,0,8.949,51.000,0,2,,,,,,,,,,,,,,,,
2026-08-20 17:52:18,206481.953125,B0DB8AF16E20,0001,male,C57BL/6,1.1.1,FR1_Approach,0,PelletDrop,167,701,45,7,0,0,,,,,,,,,,,,,,,,,,,,
2026-08-20 17:52:29,206493.171875,B0DB8AF16E20,0001,male,C57BL/6,1.1.1,FR1_Approach,0,PelletTaken,167,701,45,7,0,0,10.653,138.000,0,2,,,,,,,,,,,,,,,,
2026-08-20 17:56:55,206759.093750,B0DB8AF16E20,0001,male,C57BL/6,1.1.1,FR1_Approach,0,Status,167,701,45,7,0,0,,,,,Disabled,23.8,44.9,994.7,16.5,0.000,0.000,249160,339956,246240,46901,4.03,81.07
2026-08-20 18:02:52,207116.890625,B0DB8AF16E20,0001,male,C57BL/6,1.1.1,FR1_Approach,0,PelletDrop,168,705,45,7,0,0,,,,,,,,,,,,,,,,,,,,
2026-08-20 18:03:05,207129.593750,B0DB8AF16E20,0001,male,C57BL/6,1.1.1,FR1_Approach,0,PelletTaken,168,705,45,7,0,0,12.148,11.000,0,2,,,,,,,,,,,,,,,,
2026-08-20 18:06:55,207360.500000,B0DB8AF16E20,0001,male,C57BL/6,1.1.1,FR1_Approach,0,Status,168,705,45,7,0,0,,,,,Disabled,23.8,44.9,994.7,16.6,0.000,0.000,249160,339956,246240,47036,4.04,81.07
2026-08-20 18:16:57,207963.140625,B0DB8AF16E20,0001,male,C57BL/6,1.1.1,FR1_Approach,0,Status,168,705,45,7,0,0,,,,,Disabled,23.8,44.9,994.7,16.5,0.000,0.000,249160,339956,246240,47173,4.03,81.07
2026-08-20 18:26:59,208565.828125,B0DB8AF16E20,0001,male,C57BL/6,1.1.1,FR1_Approach,0,Status,168,705,45,7,0,0,,,,,Disabled,23.8,44.9,994.7,16.5,0.000,0.000,249160,339956,246240,47310,4.04,81.07
2026-08-20 18:32:52,208918.625000,B0DB8AF16E20,0001,male,C57BL/6,1.1.1,FR1_Approach,0,PelletDrop,169,706,45,7,0,0,,,,,,,,,,,,,,,,,,,,
2026-08-20 18:32:53,208919.781250,B0DB8AF16E20,0001,male,C57BL/6,1.1.1,FR1_Approach,0,PelletNotDetected,169,706,45,7,0,0,,,,,,,,,,,,,,,,,,,,
2026-08-20 18:33:24,208950.968750,B0DB8AF16E20,0001,male,C57BL/6,1.1.1,FR1_Approach,0,PelletDrop,170,708,45,7,0,0,,,,,,,,,,,,,,,,,,,,
2026-08-20 18:33:31,208958.281250,B0DB8AF16E20,0001,male,C57BL/6,1.1.1,FR1_Approach,0,PelletTaken,170,708,45,7,0,0,6.737,350.000,0,4,,,,,,,,,,,,,,,,
2026-08-20 18:34:12,208999.218750,B0DB8AF16E20,0001,male,C57BL/6,1.1.1,FR1_Approach,0,PelletDrop,171,711,45,7,0,0,,,,,,,,,,,,,,,,,,,,
2026-08-20 18:34:25,209011.781250,B0DB8AF16E20,0001,male,C57BL/6,1.1.1,FR1_Approach,0,PelletTaken,171,711,45,7,0,0,12.006,60.000,0,3,,,,,,,,,,,,,,,,
2026-08-20 18:37:01,209168.250000,B0DB8AF16E20,0001,male,C57BL/6,1.1.1,FR1_Approach,0,Status,171,711,45,7,0,0,,,,,Disabled,23.9,44.6,994.6,16.5,0.000,0.000,249160,339956,246240,47440,4.03,80.91
2026-08-20 18:47:03,209771.234375,B0DB8AF16E20,0001,male,C57BL/6,1.1.1,FR1_Approach,0,Status,171,711,46,7,0,0,,,,,Disabled,23.9,45.0,994.6,16.4,0.000,0.000,249160,339956,246240,47577,4.03,80.91
2026-08-20 18:47:21,209789.000000,B0DB8AF16E20,0001,male,C57BL/6,1.1.1,FR1_Approach,0,PelletDrop,172,715,46,8,0,0,,,,,,,,,,,,,,,,,,,,
2026-08-20 18:47:32,209799.656250,B0DB8AF16E20,0001,male,C57BL/6,1.1.1,FR1_Approach,0,PelletTaken,172,715,46,8,0,0,10.093,42.000,0,2,,,,,,,,,,,,,,,,
2026-08-20 18:50:23,209970.609375,B0DB8AF16E20,0001,male,C57BL/6,1.1.1,FR1_Approach,0,PelletDrop,173,720,46,8,0,0,,,,,,,,,,,,,,,,,,,,
2026-08-20 18:50:32,209980.046875,B0DB8AF16E20,0001,male,C57BL/6,1.1.1,FR1_Approach,0,PelletTaken,173,720,46,8,0,0,8.872,217.000,0,2,,,,,,,,,,,,,,,,
2026-08-20 18:57:04,210372.828125,B0DB8AF16E20,0001,male,C57BL/6,1.1.1,FR1_Approach,0,Status,173,720,46,8,0,0,,,,,Disabled,23.9,44.9,994.6,16.5,0.000,0.000,249160,339956,246240,47714,4.03,80.91
2026-08-20 19:07:06,210975.609375,B0DB8AF16E20,0001,male,C57BL/6,1.1.1,FR1_Approach,0,Status,173,720,46,8,0,0,,,,,Disabled,23.8,45.1,994.6,16.5,0.000,0.000,249160,339956,246240,47851,4.03,80.91
2026-08-20 19:13:37,211366.453125,B0DB8AF16E20,0001,male,C57BL/6,1.1.1,FR1_Approach,0,PelletDrop,174,726,46,8,0,0,,,,,,,,,,,,,,,,,,,,
2026-08-20 19:13:46,211375.546875,B0DB8AF16E20,0001,male,C57BL/6,1.1.1,FR1_Approach,0,PelletTaken,174,726,46,8,0,0,8.541,32.000,0,2,,,,,,,,,,,,,,,,
2026-08-20 19:17:06,211575.812500,B0DB8AF16E20,0001,male,C57BL/6,1.1.1,FR1_Approach,0,Status,174,726,46,8,0,0,,,,,Disabled,23.8,45.1,994.6,16.5,0.000,0.000,249160,339956,246240,47988,4.03,80.91
2026-08-20 19:27:08,212178.500000,B0DB8AF16E20,0001,male,C57BL/6,1.1.1,FR1_Approach,0,Status,174,726,46,8,0,0,,,,,Disabled,23.8,45.2,994.6,16.5,0.000,0.000,249160,339956,246240,48125,4.03,80.75
2026-08-20 19:28:46,212276.515625,B0DB8AF16E20,0001,male,C57BL/6,1.1.1,FR1_Approach,0,PelletDrop,175,733,47,8,0,0,,,,,,,,,,,,,,,,,,,,
2026-08-20 19:28:49,212280.000000,B0DB8AF16E20,0001,male,C57BL/6,1.1.1,FR1_Approach,0,PelletTaken,175,733,47,8,0,0,2.909,169.000,0,4,,,,,,,,,,,,,,,,
2026-08-20 19:37:11,212782.171875,B0DB8AF16E20,0001,male,C57BL/6,1.1.1,FR1_Approach,0,Status,175,733,47,8,0,0,,,,,Disabled,23.8,45.2,994.6,16.5,0.000,0.000,249160,339956,246240,48264,4.03,80.75
2026-08-20 19:47:13,213384.937500,B0DB8AF16E20,0001,male,C57BL/6,1.1.1,FR1_Approach,0,Status,175,733,47,8,0,0,,,,,Disabled,23.8,45.1,994.7,16.5,0.000,0.000,249160,339956,246240,48401,4.03,80.75
2026-08-20 19:57:15,213987.687500,B0DB8AF16E20,0001,male,C57BL/6,1.1.1,FR1_Approach,0,Status,175,733,47,8,0,0,,,,,Disabled,23.8,45.1,994.8,16.4,0.000,0.000,249160,339956,246240,48538,4.03,80.75
2026-08-20 20:07:17,214590.437500,B0DB8AF16E20,0001,male,C57BL/6,1.1.1,FR1_Approach,0,Status,175,733,47,8,0,0,,,,,Disabled,23.8,45.1,994.8,16.5,0.000,0.000,249160,339956,246240,48675,4.03,80.75
2026-08-20 20:11:01,214814.640625,B0DB8AF16E20,0001,male,C57BL/6,1.1.1,FR1_Approach,0,PelletDrop,176,734,47,8,0,0,,,,,,,,,,,,,,,,,,,,
2026-08-20 20:11:11,214824.843750,B0DB8AF16E20,0001,male,C57BL/6,1.1.1,FR1_Approach,0,PelletTaken,176,734,47,8,0,0,9.618,41.000,0,3,,,,,,,,,,,,,,,,
2026-08-20 20:11:47,214861.406250,B0DB8AF16E20,0001,male,C57BL/6,1.1.1,FR1_Approach,0,PelletDrop,177,736,47,8,0,0,,,,,,,,,,,,,,,,,,,,
2026-08-20 20:11:55,214869.140625,B0DB8AF16E20,0001,male,C57BL/6,1.1.1,FR1_Approach,0,PelletTaken,177,736,47,8,0,0,7.177,60.000,0,2,,,,,,,,,,,,,,,,
2026-08-20 20:12:26,214900.484375,B0DB8AF16E20,0001,male,C57BL/6,1.1.1,FR1_Approach,0,PelletDrop,178,739,47,8,0,0,,,,,,,,,,,,,,,,,,,,
2026-08-20 20:12:35,214909.453125,B0DB8AF16E20,0001,male,C57BL/6,1.1.1,FR1_Approach,0,PelletTaken,178,739,47,8,0,0,8.410,42.000,0,2,,,,,,,,,,,,,,,,
2026-08-20 20:13:14,214948.500000,B0DB8AF16E20,0001,male,C57BL/6,1.1.1,FR1_Approach,0,PelletDrop,179,743,47,8,0,0,,,,,,,,,,,,,,,,,,,,
2026-08-20 20:13:24,214958.484375,B0DB8AF16E20,0001,male,C57BL/6,1.1.1,FR1_Approach,0,PelletTaken,179,743,47,8,0,0,9.421,70.000,0,3,,,,,,,,,,,,,,,,
2026-08-20 20:14:01,214995.250000,B0DB8AF16E20,0001,male,C57BL/6,1.1.1,FR1_Approach,0,PelletDrop,180,748,47,8,0,0,,,,,,,,,,,,,,,,,,,,
2026-08-20 20:14:11,215004.875000,B0DB8AF16E20,0001,male,C57BL/6,1.1.1,FR1_Approach,0,PelletTaken,180,748,47,8,0,0,9.059,42.000,0,2,,,,,,,,,,,,,,,,
2026-08-20 20:14:49,215043.031250,B0DB8AF16E20,0001,male,C57BL/6,1.1.1,FR1_Approach,0,PelletDrop,181,754,47,8,0,0,,,,,,,,,,,,,,,,,,,,
2026-08-20 20:14:57,215051.406250,B0DB8AF16E20,0001,male,C57BL/6,1.1.1,FR1_Approach,0,PelletTaken,181,754,47,8,0,0,7.815,138.000,0,2,,,,,,,,,,,,,,,,
2026-08-20 20:17:16,215190.437500,B0DB8AF16E20,0001,male,C57BL/6,1.1.1,FR1_Approach,0,Status,181,754,47,8,0,0,,,,,Disabled,23.9,44.6,994.9,16.5,0.000,0.000,249160,339956,246240,48805,4.03,80.75
2026-08-20 20:27:18,215793.187500,B0DB8AF16E20,0001,male,C57BL/6,1.1.1,FR1_Approach,0,Status,181,754,47,8,0,0,,,,,Disabled,23.9,45.0,995.1,16.5,0.000,0.000,249160,339956,246240,48942,4.03,80.59
2026-08-20 20:37:20,216395.953125,B0DB8AF16E20,0001,male,C57BL/6,1.1.1,FR1_Approach,0,Status,181,754,47,8,0,0,,,,,Disabled,24.0,45.0,995.2,16.5,0.000,0.000,249160,339956,246240,49079,4.03,80.59
2026-08-20 20:47:22,216998.718750,B0DB8AF16E20,0001,male,C57BL/6,1.1.1,FR1_Approach,0,Status,181,754,47,8,0,0,,,,,Disabled,24.0,45.1,995.4,16.4,0.000,0.000,249160,339956,246240,49216,4.03,80.59
2026-08-20 20:50:38,217195.203125,B0DB8AF16E20,0001,male,C57BL/6,1.1.1,FR1_Approach,0,PelletDrop,182,755,47,8,0,0,,,,,,,,,,,,,,,,,,,,
2026-08-20 20:50:48,217205.250000,B0DB8AF16E20,0001,male,C57BL/6,1.1.1,FR1_Approach,0,PelletTaken,182,755,47,8,0,0,9.476,109.000,0,2,,,,,,,,,,,,,,,,
2026-08-20 20:54:12,217408.703125,B0DB8AF16E20,0001,male,C57BL/6,1.1.1,FR1_Approach,0,PelletDrop,183,757,48,8,0,0,,,,,,,,,,,,,,,,,,,,
2026-08-20 20:54:23,217420.453125,B0DB8AF16E20,0001,male,C57BL/6,1.1.1,FR1_Approach,0,PelletTaken,183,757,48,8,0,0,11.192,157.000,0,2,,,,,,,,,,,,,,,,
2026-08-20 20:57:24,217601.750000,B0DB8AF16E20,0001,male,C57BL/6,1.1.1,FR1_Approach,0,Status,183,759,48,8,0,0,,,,,Disabled,24.0,44.9,995.5,16.5,0.000,0.000,249160,339956,246240,49348,4.03,80.42
2026-08-20 21:06:13,218130.921875,B0DB8AF16E20,0001,male,C57BL/6,1.1.1,FR1_Approach,0,PelletDrop,184,760,49,8,0,0,,,,,,,,,,,,,,,,,,,,
2026-08-20 21:06:21,218138.765625,B0DB8AF16E20,0001,male,C57BL/6,1.1.1,FR1_Approach,0,PelletTaken,184,760,49,8,0,0,7.287,61.000,0,2,,,,,,,,,,,,,,,,
2026-08-20 21:06:52,218169.718750,B0DB8AF16E20,0001,male,C57BL/6,1.1.1,FR1_Approach,0,PelletDrop,185,764,49,8,0,0,,,,,,,,,,,,,,,,,,,,
2026-08-20 21:07:01,218179.375000,B0DB8AF16E20,0001,male,C57BL/6,1.1.1,FR1_Approach,0,PelletTaken,185,764,49,8,0,0,9.080,99.000,0,2,,,,,,,,,,,,,,,,
2026-08-20 21:07:27,218204.625000,B0DB8AF16E20,0001,male,C57BL/6,1.1.1,FR1_Approach,0,Status,185,764,49,8,0,0,,,,,Disabled,24.0,44.9,995.6,16.4,0.000,0.000,249160,339956,246240,49483,4.03,80.42
2026-08-20 21:17:30,218808.250000,B0DB8AF16E20,0001,male,C57BL/6,1.1.1,FR1_Approach,0,Status,185,768,49,9,0,0,,,,,Disabled,24.0,45.3,995.7,16.4,0.000,0.000,249160,339956,246240,49623,4.03,80.42
2026-08-20 21:27:08,219386.953125,B0DB8AF16E20,0001,male,C57BL/6,1.1.1,FR1_Approach,0,PelletDrop,186,769,49,9,0,0,,,,,,,,,,,,,,,,,,,,
2026-08-20 21:27:17,219396.406250,B0DB8AF16E20,0001,male,C57BL/6,1.1.1,FR1_Approach,0,PelletTaken,186,769,49,9,0,0,8.894,11.000,0,2,,,,,,,,,,,,,,,,
2026-08-20 21:27:29,219408.515625,B0DB8AF16E20,0001,male,C57BL/6,1.1.1,FR1_Approach,0,Status,186,769,49,9,0,0,,,,,Disabled,24.0,45.5,995.8,16.5,0.000,0.000,249160,339956,246240,49757,4.03,80.42
2026-08-20 21:34:49,219848.906250,B0DB8AF16E20,0001,male,C57BL/6,1.1.1,FR1_Approach,0,PelletDrop,187,775,49,9,0,0,,,,,,,,,,,,,,,,,,,,
2026-08-20 21:34:50,219850.062500,B0DB8AF16E20,0001,male,C57BL/6,1.1.1,FR1_Approach,0,PelletNotDetected,187,775,49,9,0,0,,,,,,,,,,,,,,,,,,,,
2026-08-20 21:35:13,219873.218750,B0DB8AF16E20,0001,male,C57BL/6,1.1.1,FR1_Approach,0,PelletDrop,188,782,49,9,0,0,,,,,,,,,,,,,,,,,,,,
2026-08-20 21:35:24,219883.718750,B0DB8AF16E20,0001,male,C57BL/6,1.1.1,FR1_Approach,0,PelletTaken,188,782,49,9,0,0,9.938,118.000,0,3,,,,,,,,,,,,,,,,
2026-08-20 21:36:41,219961.515625,B0DB8AF16E20,0001,male,C57BL/6,1.1.1,FR1_Approach,0,PelletDrop,189,790,49,9,0,0,,,,,,,,,,,,,,,,,,,,
2026-08-20 21:36:51,219971.203125,B0DB8AF16E20,0001,male,C57BL/6,1.1.1,FR1_Approach,0,PelletTaken,189,790,49,9,0,0,9.124,41.000,0,2,,,,,,,,,,,,,,,,
2026-08-20 21:37:29,220009.578125,B0DB8AF16E20,0001,male,C57BL/6,1.1.1,FR1_Approach,0,Status,189,790,49,9,0,0,,,,,Disabled,24.0,45.2,995.8,16.5,0.000,0.000,249160,339956,246240,49900,4.02,80.26
2026-08-20 21:38:26,220065.921875,B0DB8AF16E20,0001,male,C57BL/6,1.1.1,FR1_Approach,0,PelletDrop,190,799,49,9,0,0,,,,,,,,,,,,,,,,,,,,
2026-08-20 21:38:36,220076.453125,B0DB8AF16E20,0001,male,C57BL/6,1.1.1,FR1_Approach,0,PelletTaken,190,799,49,9,0,0,9.960,138.000,0,2,,,,,,,,,,,,,,,,
2026-08-20 21:42:13,220293.359375,B0DB8AF16E20,0001,male,C57BL/6,1.1.1,FR1_Approach,0,PelletDrop,191,809,51,9,0,0,,,,,,,,,,,,,,,,,,,,
2026-08-20 21:42:19,220299.359375,B0DB8AF16E20,0001,male,C57BL/6,1.1.1,FR1_Approach,0,PelletTaken,191,809,51,9,0,0,5.440,12.000,0,3,,,,,,,,,,,,,,,,
2026-08-20 21:47:32,220613.343750,B0DB8AF16E20,0001,male,C57BL/6,1.1.1,FR1_Approach,0,Status,191,809,51,9,0,0,,,,,Disabled,24.0,45.6,995.9,16.4,0.000,0.000,249160,339956,246240,50045,4.03,80.09
2026-08-20 21:57:34,221215.953125,B0DB8AF16E20,0001,male,C57BL/6,1.1.1,FR1_Approach,0,Status,191,809,51,9,0,0,,,,,Disabled,24.0,45.5,996.0,16.5,0.000,0.000,249160,339956,246240,50182,4.03,80.09
2026-08-20 22:07:34,221816.328125,B0DB8AF16E20,0001,male,C57BL/6,1.1.1,FR1_Approach,0,Status,191,810,51,9,0,0,,,,,Disabled,24.0,45.5,996.0,16.5,0.000,0.000,249160,339956,246240,50319,4.03,80.09
2026-08-20 22:10:20,221982.890625,B0DB8AF16E20,0001,male,C57BL/6,1.1.1,FR1_Approach,0,PelletDrop,192,820,51,9,0,0,,,,,,,,,,,,,,,,,,,,
2026-08-20 22:10:29,221991.406250,B0DB8AF16E20,0001,male,C57BL/6,1.1.1,FR1_Approach,0,PelletTaken,192,820,51,9,0,0,7.958,100.000,0,2,,,,,,,,,,,,,,,,
2026-08-20 22:17:36,222419.203125,B0DB8AF16E20,0001,male,C57BL/6,1.1.1,FR1_Approach,0,Status,192,820,51,9,0,0,,,,,Disabled,24.0,45.5,996.1,16.5,0.000,0.000,249160,339956,246240,50460,4.03,80.09
2026-08-20 22:27:38,223021.953125,B0DB8AF16E20,0001,male,C57BL/6,1.1.1,FR1_Approach,0,Status,192,820,51,9,0,0,,,,,Disabled,24.0,45.8,996.2,16.5,0.000,0.000,249160,339956,246240,50597,4.03,80.09
2026-08-20 22:37:40,223624.718750,B0DB8AF16E20,0001,male,C57BL/6,1.1.1,FR1_Approach,0,Status,192,820,51,9,0,0,,,,,Disabled,24.0,45.6,996.2,16.4,0.000,0.000,249160,339956,246240,50734,4.03,80.09
2026-08-20 22:47:42,224227.484375,B0DB8AF16E20,0001,male,C57BL/6,1.1.1,FR1_Approach,0,Status,192,820,51,9,0,0,,,,,Disabled,24.0,45.3,996.3,16.3,0.000,0.000,249160,339956,246240,50871,4.03,80.09
2026-08-20 22:57:44,224830.250000,B0DB8AF16E20,0001,male,C57BL/6,1.1.1,FR1_Approach,0,Status,192,820,51,9,0,0,,,,,Disabled,24.0,45.0,996.3,16.3,0.000,0.000,249160,339956,246240,51008,4.03,80.09
2026-08-20 23:07:46,225432.984375,B0DB8AF16E20,0001,male,C57BL/6,1.1.1,FR1_Approach,0,Status,192,820,51,9,0,0,,,,,Disabled,24.0,44.9,996.4,16.1,0.000,0.000,249160,339956,246240,51145,4.03,80.09
2026-08-20 23:17:48,226035.765625,B0DB8AF16E20,0001,male,C57BL/6,1.1.1,FR1_Approach,0,Status,192,820,51,9,0,0,,,,,Disabled,24.0,44.9,996.5,16.0,0.000,0.000,249160,339956,246240,51282,4.03,80.09
2026-08-20 23:18:16,226063.468750,B0DB8AF16E20,0001,male,C57BL/6,1.1.1,FR1_Approach,0,PelletDrop,193,821,51,9,0,0,,,,,,,,,,,,,,,,,,,,
2026-08-20 23:18:27,226074.656250,B0DB8AF16E20,0001,male,C57BL/6,1.1.1,FR1_Approach,0,PelletTaken,193,821,51,9,0,0,10.620,168.000,0,2,,,,,,,,,,,,,,,,
2026-08-20 23:19:00,226107.687500,B0DB8AF16E20,0001,male,C57BL/6,1.1.1,FR1_Approach,0,PelletDrop,194,823,51,9,0,0,,,,,,,,,,,,,,,,,,,,
2026-08-20 23:19:10,226117.203125,B0DB8AF16E20,0001,male,C57BL/6,1.1.1,FR1_Approach,0,PelletTaken,194,823,51,9,0,0,8.948,148.000,0,2,,,,,,,,,,,,,,,,
2026-08-20 23:19:35,226142.640625,B0DB8AF16E20,0001,male,C57BL/6,1.1.1,FR1_Approach,0,PelletDrop,195,826,51,9,0,0,,,,,,,,,,,,,,,,,,,,
2026-08-20 23:19:41,226148.156250,B0DB8AF16E20,0001,male,C57BL/6,1.1.1,FR1_Approach,0,PelletTaken,195,826,51,9,0,0,4.955,108.000,0,2,,,,,,,,,,,,,,,,
2026-08-20 23:27:51,226639.203125,B0DB8AF16E20,0001,male,C57BL/6,1.1.1,FR1_Approach,0,Status,195,829,51,9,0,0,,,,,Disabled,24.0,44.7,996.5,16.0,0.000,0.000,249160,339956,246240,51414,4.03,79.93
2026-08-20 23:35:25,227093.875000,B0DB8AF16E20,0001,male,C57BL/6,1.1.1,FR1_Approach,0,PelletDrop,196,830,51,9,0,0,,,,,,,,,,,,,,,,,,,,
2026-08-20 23:35:37,227105.890625,B0DB8AF16E20,0001,male,C57BL/6,1.1.1,FR1_Approach,0,PelletTaken,196,830,51,9,0,0,11.456,90.000,0,2,,,,,,,,,,,,,,,,
2026-08-20 23:36:14,227142.781250,B0DB8AF16E20,0001,male,C57BL/6,1.1.1,FR1_Approach,0,PelletDrop,197,835,51,9,0,0,,,,,,,,,,,,,,,,,,,,
2026-08-20 23:36:24,227152.812500,B0DB8AF16E20,0001,male,C57BL/6,1.1.1,FR1_Approach,0,PelletTaken,197,835,51,9,0,0,9.465,61.000,0,2,,,,,,,,,,,,,,,,
2026-08-20 23:37:54,227242.562500,B0DB8AF16E20,0001,male,C57BL/6,1.1.1,FR1_Approach,0,Status,197,836,51,9,0,0,,,,,Disabled,24.1,44.5,996.5,16.0,0.000,0.000,249160,339956,246240,51546,4.03,79.77
2026-08-20 23:38:10,227258.843750,B0DB8AF16E20,0001,male,C57BL/6,1.1.1,FR1_Approach,0,PelletDrop,198,841,55,9,0,0,,,,,,,,,,,,,,,,,,,,
2026-08-20 23:38:20,227268.453125,B0DB8AF16E20,0001,male,C57BL/6,1.1.1,FR1_Approach,0,PelletTaken,198,841,55,9,0,0,9.047,245.000,0,2,,,,,,,,,,,,,,,,
2026-08-20 23:41:09,227438.312500,B0DB8AF16E20,0001,male,C57BL/6,1.1.1,FR1_Approach,0,PelletDrop,199,848,56,9,0,0,,,,,,,,,,,,,,,,,,,,
2026-08-20 23:41:21,227449.500000,B0DB8AF16E20,0001,male,C57BL/6,1.1.1,FR1_Approach,0,PelletTaken,199,848,56,9,0,0,10.620,196.000,0,2,,,,,,,,,,,,,,,,
2026-08-20 23:47:57,227846.671875,B0DB8AF16E20,0001,male,C57BL/6,1.1.1,FR1_Approach,0,Status,199,848,56,9,0,0,,,,,Disabled,24.1,44.8,996.5,16.0,0.000,0.000,249160,339956,246240,51688,4.03,79.77
2026-08-20 23:57:59,228449.437500,B0DB8AF16E20,0001,male,C57BL/6,1.1.1,FR1_Approach,0,Status,199,848,56,9,0,0,,,,,Disabled,24.1,45.2,996.5,16.1,0.000,0.000,249160,339956,246240,51825,4.03,79.77
2026-08-21 00:05:30,228900.593750,B0DB8AF16E20,0001,male,C57BL/6,1.1.1,FR1_Approach,0,PelletDrop,200,856,56,9,0,0,,,,,,,,,,,,,,,,,,,,
2026-08-21 00:05:39,228910.109375,B0DB8AF16E20,0001,male,C57BL/6,1.1.1,FR1_Approach,0,PelletTaken,200,856,56,9,0,0,8.948,110.000,0,2,,,,,,,,,,,,,,,,
2026-08-21 00:08:03,229053.515625,B0DB8AF16E20,0001,male,C57BL/6,1.1.1,FR1_Approach,0,Status,200,856,56,9,0,0,,,,,Disabled,24.1,45.1,996.6,16.1,0.000,0.000,249160,339956,246240,51963,4.03,79.77
2026-08-21 00:16:30,229561.390625,B0DB8AF16E20,0001,male,C57BL/6,1.1.1,FR1_Approach,0,PelletDrop,201,865,56,9,0,0,,,,,,,,,,,,,,,,,,,,
2026-08-21 00:16:39,229570.578125,B0DB8AF16E20,0001,male,C57BL/6,1.1.1,FR1_Approach,0,PelletTaken,201,865,56,9,0,0,8.585,61.000,0,2,,,,,,,,,,,,,,,,
2026-08-21 00:18:06,229657.078125,B0DB8AF16E20,0001,male,C57BL/6,1.1.1,FR1_Approach,0,Status,201,865,56,9,0,0,,,,,Disabled,24.0,45.3,996.5,16.1,0.000,0.000,249160,339956,246240,52103,4.03,79.61
2026-08-21 00:28:07,230259.765625,B0DB8AF16E20,0001,male,C57BL/6,1.1.1,FR1_Approach,0,Status,201,865,56,9,0,0,,,,,Disabled,24.0,45.5,996.5,16.1,0.000,0.000,249160,339956,246240,52240,4.03,79.61
2026-08-21 00:33:19,230571.750000,B0DB8AF16E20,0001,male,C57BL/6,1.1.1,FR1_Approach,0,PelletDrop,202,875,58,9,0,0,,,,,,,,,,,,,,,,,,,,
2026-08-21 00:33:28,230580.859375,B0DB8AF16E20,0001,male,C57BL/6,1.1.1,FR1_Approach,0,PelletTaken,202,875,58,9,0,0,8.541,51.000,0,2,,,,,,,,,,,,,,,,
2026-08-21 00:35:55,230727.953125,B0DB8AF16E20,0001,male,C57BL/6,1.1.1,FR1_Approach,0,PelletDrop,203,886,60,9,0,0,,,,,,,,,,,,,,,,,,,,
2026-08-21 00:36:06,230738.843750,B0DB8AF16E20,0001,male,C57BL/6,1.1.1,FR1_Approach,0,PelletTaken,203,886,60,9,0,0,10.323,60.000,0,2,,,,,,,,,,,,,,,,
2026-08-21 00:38:11,230863.796875,B0DB8AF16E20,0001,male,C57BL/6,1.1.1,FR1_Approach,0,Status,203,888,60,9,0,0,,,,,Disabled,24.0,45.6,996.5,16.2,0.000,0.000,249160,339956,246240,52387,4.03,79.61
2026-08-21 00:38:43,230896.218750,B0DB8AF16E20,0001,male,C57BL/6,1.1.1,FR1_Approach,0,PelletDrop,204,898,60,9,0,0,,,,,,,,,,,,,,,,,,,,
2026-08-21 00:38:50,230902.578125,B0DB8AF16E20,0001,male,C57BL/6,1.1.1,FR1_Approach,0,PelletTaken,204,898,60,9,0,0,5.802,61.000,0,3,,,,,,,,,,,,,,,,
2026-08-21 00:48:12,231465.984375,B0DB8AF16E20,0001,male,C57BL/6,1.1.1,FR1_Approach,0,Status,204,898,60,9,0,0,,,,,Disabled,24.0,45.6,996.5,16.1,0.000,0.000,249160,339956,246240,52527,4.02,79.61
2026-08-21 00:57:37,232031.109375,B0DB8AF16E20,0001,male,C57BL/6,1.1.1,FR1_Approach,0,PelletDrop,205,911,60,9,0,0,,,,,,,,,,,,,,,,,,,,
2026-08-21 00:57:47,232041.906250,B0DB8AF16E20,0001,male,C57BL/6,1.1.1,FR1_Approach,0,PelletTaken,205,911,60,9,0,0,10.235,31.000,0,2,,,,,,,,,,,,,,,,
2026-08-21 00:58:13,232067.171875,B0DB8AF16E20,0001,male,C57BL/6,1.1.1,FR1_Approach,0,Status,205,911,60,9,0,0,,,,,Disabled,24.0,45.5,996.4,16.2,0.000,0.000,249160,339956,246240,52668,4.02,79.61
2026-08-21 01:02:52,232346.578125,B0DB8AF16E20,0001,male,C57BL/6,1.1.1,FR1_Approach,0,PelletDrop,206,925,63,9,0,0,,,,,,,,,,,,,,,,,,,,
2026-08-21 01:02:53,232347.734375,B0DB8AF16E20,0001,male,C57BL/6,1.1.1,FR1_Approach,0,PelletNotDetected,206,925,63,9,0,0,,,,,,,,,,,,,,,,,,,,
2026-08-21 01:03:40,232394.734375,B0DB8AF16E20,0001,male,C57BL/6,1.1.1,FR1_Approach,0,PelletDrop,207,940,63,9,0,0,,,,,,,,,,,,,,,,,,,,
2026-08-21 01:03:53,232407.546875,B0DB8AF16E20,0001,male,C57BL/6,1.1.1,FR1_Approach,0,PelletTaken,207,940,63,9,0,0,12.259,12.000,0,3,,,,,,,,,,,,,,,,
2026-08-21 01:08:14,232669.031250,B0DB8AF16E20,0001,male,C57BL/6,1.1.1,FR1_Approach,0,Status,207,940,63,9,0,0,,,,,Disabled,24.0,45.6,996.4,16.1,0.000,0.000,249160,339956,246240,52822,4.02,79.44
2026-08-21 01:18:16,233271.640625,B0DB8AF16E20,0001,male,C57BL/6,1.1.1,FR1_Approach,0,Status,207,940,63,9,0,0,,,,,Disabled,24.0,45.7,996.3,16.2,0.000,0.000,249160,339956,246240,52959,4.02,79.44
2026-08-21 01:28:18,233874.265625,B0DB8AF16E20,0001,male,C57BL/6,1.1.1,FR1_Approach,0,Status,207,940,63,9,0,0,,,,,Disabled,24.0,45.8,996.3,16.1,0.000,0.000,249160,339956,246240,53096,4.02,79.44
2026-08-21 01:38:19,234476.890625,B0DB8AF16E20,0001,male,C57BL/6,1.1.1,FR1_Approach,0,Status,207,940,63,9,0,0,,,,,Disabled,24.0,45.7,996.2,16.2,0.000,0.000,249160,339956,246240,53233,4.02,79.44
2026-08-21 01:48:21,235079.500000,B0DB8AF16E20,0001,male,C57BL/6,1.1.1,FR1_Approach,0,Status,207,940,63,9,0,0,,,,,Disabled,24.0,45.5,996.2,16.1,0.000,0.000,249160,339956,246240,53370,4.02,79.28
2026-08-21 01:58:23,235682.140625,B0DB8AF16E20,0001,male,C57BL/6,1.1.1,FR1_Approach,0,Status,207,940,63,9,0,0,,,,,Disabled,24.0,45.4,996.1,16.2,0.000,0.000,249160,339956,246240,53507,4.02,79.28
2026-08-21 02:08:25,236284.796875,B0DB8AF16E20,0001,male,C57BL/6,1.1.1,FR1_Approach,0,Status,207,940,63,9,0,0,,,,,Disabled,24.0,45.4,996.0,16.1,0.000,0.000,249160,339956,246240,53644,4.02,79.28
2026-08-21 02:15:59,236739.796875,B0DB8AF16E20,0001,male,C57BL/6,1.1.1,FR1_Approach,0,PelletDrop,208,941,63,9,0,0,,,,,,,,,,,,,,,,,,,,
2026-08-21 02:16:11,236751.453125,B0DB8AF16E20,0001,male,C57BL/6,1.1.1,FR1_Approach,0,PelletTaken,208,941,63,9,0,0,11.082,151.000,0,2,,,,,,,,,,,,,,,,
2026-08-21 02:18:26,236886.078125,B0DB8AF16E20,0001,male,C57BL/6,1.1.1,FR1_Approach,0,Status,208,941,63,9,0,0,,,,,Disabled,24.0,45.2,996.0,16.2,0.000,0.000,249160,339956,246240,53777,4.02,79.12
2026-08-21 02:19:00,236920.968750,B0DB8AF16E20,0001,male,C57BL/6,1.1.1,FR1_Approach,0,PelletDrop,209,943,63,9,0,0,,,,,,,,,,,,,,,,,,,,
2026-08-21 02:19:10,236930.406250,B0DB8AF16E20,0001,male,C57BL/6,1.1.1,FR1_Approach,0,PelletTaken,209,943,63,9,0,0,8.871,51.000,0,2,,,,,,,,,,,,,,,,
2026-08-21 02:28:28,237489.406250,B0DB8AF16E20,0001,male,C57BL/6,1.1.1,FR1_Approach,0,Status,209,943,63,9,0,0,,,,,Disabled,24.0,45.3,995.9,16.2,0.000,0.000,249160,339956,246240,53912,4.02,79.12
2026-08-21 02:38:30,238092.140625,B0DB8AF16E20,0001,male,C57BL/6,1.1.1,FR1_Approach,0,Status,209,943,63,9,0,0,,,,,Disabled,24.0,45.3,995.8,16.3,0.000,0.000,249160,339956,246240,54049,4.02,79.12
2026-08-21 02:48:32,238694.781250,B0DB8AF16E20,0001,male,C57BL/6,1.1.1,FR1_Approach,0,Status,209,943,63,9,0,0,,,,,Disabled,24.0,45.3,995.7,16.3,0.000,0.000,249160,339956,246240,54186,4.02,79.12
2026-08-21 02:58:34,239297.500000,B0DB8AF16E20,0001,male,C57BL/6,1.1.1,FR1_Approach,0,Status,209,943,63,9,0,0,,,,,Disabled,24.0,45.2,995.6,16.3,0.000,0.000,249160,339956,246240,54323,4.02,79.12
2026-08-21 03:03:08,239572.250000,B0DB8AF16E20,0001,male,C57BL/6,1.1.1,FR1_Approach,0,PelletDrop,210,944,63,9,0,0,,,,,,,,,,,,,,,,,,,,
2026-08-21 03:03:20,239583.890625,B0DB8AF16E20,0001,male,C57BL/6,1.1.1,FR1_Approach,0,PelletTaken,210,944,63,9,0,0,11.082,32.000,0,2,,,,,,,,,,,,,,,,
2026-08-21 03:08:34,239897.859375,B0DB8AF16E20,0001,male,C57BL/6,1.1.1,FR1_Approach,0,Status,210,944,63,9,0,0,,,,,Disabled,24.0,45.1,995.6,16.4,0.000,0.000,249160,339956,246240,54456,4.02,78.95
2026-08-21 03:09:42,239966.359375,B0DB8AF16E20,0001,male,C57BL/6,1.1.1,FR1_Approach,0,PelletDrop,211,946,64,9,0,0,,,,,,,,,,,,,,,,,,,,
2026-08-21 03:09:55,239979.437500,B0DB8AF16E20,0001,male,C57BL/6,1.1.1,FR1_Approach,0,PelletTaken,211,946,64,9,0,0,12.523,157.000,0,2,,,,,,,,,,,,,,,,
2026-08-21 03:17:44,240448.421875,B0DB8AF16E20,0001,male,C57BL/6,1.1.1,FR1_Approach,0,PelletDrop,212,949,66,9,0,0,,,,,,,,,,,,,,,,,,,,
2026-08-21 03:17:52,240456.687500,B0DB8AF16E20,0001,male,C57BL/6,1.1.1,FR1_Approach,0,PelletTaken,212,949,66,9,0,0,7.694,90.000,0,2,,,,,,,,,,,,,,,,
2026-08-21 03:18:35,240499.421875,B0DB8AF16E20,0001,male,C57BL/6,1.1.1,FR1_Approach,0,Status,212,949,66,9,0,0,,,,,Disabled,24.0,45.0,995.6,16.4,0.000,0.000,249160,339956,246240,54590,4.02,78.95
2026-08-21 03:18:55,240520.187500,B0DB8AF16E20,0001,male,C57BL/6,1.1.1,FR1_Approach,0,PelletDrop,213,953,66,12,0,0,,,,,,,,,,,,,,,,,,,,
2026-08-21 03:19:06,240530.562500,B0DB8AF16E20,0001,male,C57BL/6,1.1.1,FR1_Approach,0,PelletTaken,213,953,66,12,0,0,9.806,80.000,0,2,,,,,,,,,,,,,,,,
2026-08-21 03:28:37,241102.734375,B0DB8AF16E20,0001,male,C57BL/6,1.1.1,FR1_Approach,0,Status,213,953,66,12,0,0,,,,,Disabled,24.0,45.2,995.7,16.4,0.000,0.000,249160,339956,246240,54727,4.02,78.95
2026-08-21 03:37:21,241626.921875,B0DB8AF16E20,0001,male,C57BL/6,1.1.1,FR1_Approach,0,PelletDrop,214,958,66,12,0,0,,,,,,,,,,,,,,,,,,,,
2026-08-21 03:37:31,241637.171875,B0DB8AF16E20,0001,male,C57BL/6,1.1.1,FR1_Approach,0,PelletTaken,214,958,66,12,0,0,9.696,207.000,0,3,,,,,,,,,,,,,,,,
2026-08-21 03:38:10,241675.921875,B0DB8AF16E20,0001,male,C57BL/6,1.1.1,FR1_Approach,0,PelletDrop,215,964,66,12,0,0,,,,,,,,,,,,,,,,,,,,
2026-08-21 03:38:19,241685.156250,B0DB8AF16E20,0001,male,C57BL/6,1.1.1,FR1_Approach,0,PelletTaken,215,964,66,12,0,0,8.662,51.000,0,2,,,,,,,,,,,,,,,,
2026-08-21 03:38:40,241706.015625,B0DB8AF16E20,0001,male,C57BL/6,1.1.1,FR1_Approach,0,Status,215,964,66,12,0,0,,,,,Disabled,24.0,44.9,995.7,16.4,0.000,0.000,249160,339956,246240,54864,4.02,78.79
2026-08-21 03:48:42,242308.796875,B0DB8AF16E20,0001,male,C57BL/6,1.1.1,FR1_Approach,0,Status,215,964,66,12,0,0,,,,,Disabled,24.0,45.4,995.8,16.4,0.000,0.000,249160,339956,246240,55001,4.02,78.79
2026-08-21 03:58:43,242910.656250,B0DB8AF16E20,0001,male,C57BL/6,1.1.1,FR1_Approach,0,Status,215,964,67,12,0,0,,,,,Disabled,24.0,45.4,995.9,16.4,0.000,0.000,249160,339956,246240,55138,4.02,78.63
2026-08-21 04:08:45,243513.421875,B0DB8AF16E20,0001,male,C57BL/6,1.1.1,FR1_Approach,0,Status,215,964,67,12,0,0,,,,,Disabled,24.0,45.3,996.0,16.3,0.000,0.000,249160,339956,246240,55275,4.02,78.63
2026-08-21 04:18:47,244116.203125,B0DB8AF16E20,0001,male,C57BL/6,1.1.1,FR1_Approach,0,Status,215,964,67,12,0,0,,,,,Disabled,24.0,45.2,996.0,16.5,0.000,0.000,249160,339956,246240,55412,4.02,78.63
2026-08-21 04:28:49,244718.937500,B0DB8AF16E20,0001,male,C57BL/6,1.1.1,FR1_Approach,0,Status,215,964,67,12,0,0,,,,,Disabled,23.9,45.1,996.0,16.5,0.000,0.000,249160,339956,246240,55549,4.02,78.63
2026-08-21 04:30:32,244821.953125,B0DB8AF16E20,0001,male,C57BL/6,1.1.1,FR1_Approach,0,PelletDrop,216,965,67,12,0,0,,,,,,,,,,,,,,,,,,,,
2026-08-21 04:30:43,244832.937500,B0DB8AF16E20,0001,male,C57BL/6,1.1.1,FR1_Approach,0,PelletTaken,216,965,67,12,0,0,10.411,60.000,0,2,,,,,,,,,,,,,,,,
2026-08-21 04:31:13,244863.453125,B0DB8AF16E20,0001,male,C57BL/6,1.1.1,FR1_Approach,0,PelletDrop,217,967,67,12,0,0,,,,,,,,,,,,,,,,,,,,
2026-08-21 04:31:24,244873.812500,B0DB8AF16E20,0001,male,C57BL/6,1.1.1,FR1_Approach,0,PelletTaken,217,967,67,12,0,0,9.806,119.000,0,2,,,,,,,,,,,,,,,,
2026-08-21 04:32:01,244910.828125,B0DB8AF16E20,0001,male,C57BL/6,1.1.1,FR1_Approach,0,PelletDrop,218,970,67,12,0,0,,,,,,,,,,,,,,,,,,,,
2026-08-21 04:32:10,244920.500000,B0DB8AF16E20,0001,male,C57BL/6,1.1.1,FR1_Approach,0,PelletTaken,218,970,67,12,0,0,9.102,100.000,0,2,,,,,,,,,,,,,,,,
2026-08-21 04:32:52,244961.656250,B0DB8AF16E20,0001,male,C57BL/6,1.1.1,FR1_Approach,0,PelletDrop,219,974,67,12,0,0,,,,,,,,,,,,,,,,,,,,
2026-08-21 04:33:03,244973.281250,B0DB8AF16E20,0001,male,C57BL/6,1.1.1,FR1_Approach,0,PelletTaken,219,974,67,12,0,0,11.050,32.000,0,2,,,,,,,,,,,,,,,,
2026-08-21 04:38:52,245322.546875,B0DB8AF16E20,0001,male,C57BL/6,1.1.1,FR1_Approach,0,Status,219,975,67,12,0,0,,,,,Disabled,24.0,45.0,996.1,16.4,0.000,0.000,249160,339956,246240,55679,4.01,78.30
2026-08-21 04:48:54,245925.187500,B0DB8AF16E20,0001,male,C57BL/6,1.1.1,FR1_Approach,0,Status,219,975,67,12,0,0,,,,,Disabled,24.0,45.0,996.1,16.5,0.000,0.000,249160,339956,246240,55816,4.01,78.30
2026-08-21 04:58:56,246527.859375,B0DB8AF16E20,0001,male,C57BL/6,1.1.1,FR1_Approach,0,Status,219,975,67,12,0,0,,,,,Disabled,24.0,45.1,996.2,16.5,0.000,0.000,249160,339956,246240,55953,4.02,78.30
2026-08-21 05:08:58,247130.593750,B0DB8AF16E20,0001,male,C57BL/6,1.1.1,FR1_Approach,0,Status,219,975,67,12,0,0,,,,,Disabled,24.0,44.9,996.2,16.6,0.000,0.000,249160,339956,246240,56090,4.01,78.30
2026-08-21 05:17:32,247645.312500,B0DB8AF16E20,0001,male,C57BL/6,1.1.1,FR1_Approach,0,PelletDrop,220,976,69,12,0,0,,,,,,,,,,,,,,,,,,,,
2026-08-21 05:17:33,247646.484375,B0DB8AF16E20,0001,male,C57BL/6,1.1.1,FR1_Approach,0,PelletNotDetected,220,976,69,12,0,0,,,,,,,,,,,,,,,,,,,,
2026-08-21 05:18:10,247683.890625,B0DB8AF16E20,0001,male,C57BL/6,1.1.1,FR1_Approach,0,PelletDrop,221,978,69,12,0,0,,,,,,,,,,,,,,,,,,,,
2026-08-21 05:18:21,247694.359375,B0DB8AF16E20,0001,male,C57BL/6,1.1.1,FR1_Approach,0,PelletTaken,221,978,69,12,0,0,9.905,118.000,0,3,,,,,,,,,,,,,,,,
2026-08-21 05:18:59,247732.750000,B0DB8AF16E20,0001,male,C57BL/6,1.1.1,FR1_Approach,0,Status,221,978,69,12,0,0,,,,,Disabled,24.0,44.8,996.2,16.6,0.000,0.000,249160,339956,246240,56225,4.01,78.30
2026-08-21 05:29:02,248336.125000,B0DB8AF16E20,0001,male,C57BL/6,1.1.1,FR1_Approach,0,Status,221,978,70,12,0,0,,,,,Disabled,24.0,45.0,996.2,16.6,0.000,0.000,249160,339956,246240,56363,4.01,78.30
2026-08-21 05:36:48,248803.046875,B0DB8AF16E20,0001,male,C57BL/6,1.1.1,FR1_Approach,0,PelletDrop,222,981,70,12,0,0,,,,,,,,,,,,,,,,,,,,
2026-08-21 05:36:58,248812.890625,B0DB8AF16E20,0001,male,C57BL/6,1.1.1,FR1_Approach,0,PelletTaken,222,981,70,12,0,0,9.278,129.000,0,1,,,,,,,,,,,,,,,,
2026-08-21 05:39:04,248938.890625,B0DB8AF16E20,0001,male,C57BL/6,1.1.1,FR1_Approach,0,Status,222,981,71,12,0,0,,,,,Disabled,24.0,45.2,996.2,16.5,0.000,0.000,249160,339956,246240,56499,4.01,78.14
2026-08-21 05:49:01,249537.359375,B0DB8AF16E20,0001,male,C57BL/6,1.1.1,FR1_Approach,0,PelletDrop,223,985,71,12,0,0,,,,,,,,,,,,,,,,,,,,
2026-08-21 05:49:13,249548.890625,B0DB8AF16E20,0001,male,C57BL/6,1.1.1,FR1_Approach,0,PelletTaken,223,985,71,12,0,0,10.972,187.000,0,2,,,,,,,,,,,,,,,,
2026-08-21 05:49:21,249556.671875,B0DB8AF16E20,0001,male,C57BL/6,1.1.1,FR1_Approach,0,Status,223,985,71,12,0,0,,,,,Disabled,23.9,45.4,996.2,16.5,0.036,28.000,249160,339956,246240,56638,4.01,78.14
2026-08-21 05:59:23,250159.406250,B0DB8AF16E20,0001,male,C57BL/6,1.1.1,FR1_Approach,0,Status,223,985,71,12,0,0,,,,,Disabled,23.9,45.4,996.2,16.5,0.036,28.000,249160,339956,246240,56775,4.01,78.14
2026-08-21 06:04:24,250461.468750,B0DB8AF16E20,0001,male,C57BL/6,1.1.1,FR1_Approach,0,PelletDrop,224,990,71,12,0,0,,,,,,,,,,,,,,,,,,,,
2026-08-21 06:04:34,250471.437500,B0DB8AF16E20,0001,male,C57BL/6,1.1.1,FR1_Approach,0,PelletTaken,224,990,71,12,0,0,9.399,90.000,0,2,,,,,,,,,,,,,,,,
2026-08-21 06:09:26,250763.578125,B0DB8AF16E20,0001,male,C57BL/6,1.1.1,FR1_Approach,0,Status,224,990,71,12,0,0,,,,,Disabled,23.9,45.5,996.2,16.5,0.014,19.000,249160,339956,246240,56912,4.01,77.98
2026-08-21 06:19:28,251365.656250,B0DB8AF16E20,0001,male,C57BL/6,1.1.1,FR1_Approach,0,Status,224,990,72,12,0,0,,,,,Disabled,23.9,45.7,996.3,16.5,0.000,0.000,249160,339956,246240,57049,4.01,77.98
2026-08-21 06:29:30,251968.406250,B0DB8AF16E20,0001,male,C57BL/6,1.1.1,FR1_Approach,0,Status,224,990,72,12,0,0,,,,,Disabled,23.9,45.5,996.5,16.4,0.000,10.000,249160,339956,246240,57186,4.01,77.98
2026-08-21 06:39:31,252571.156250,B0DB8AF16E20,0001,male,C57BL/6,1.1.1,FR1_Approach,0,Status,224,990,72,12,0,0,,,,,Disabled,24.0,45.3,996.6,16.4,0.000,11.000,249160,339956,246240,57323,4.01,77.81
2026-08-21 06:49:34,253173.937500,B0DB8AF16E20,0001,male,C57BL/6,1.1.1,FR1_Approach,0,Status,224,990,72,12,0,0,,,,,Disabled,24.0,45.3,996.7,16.4,0.076,40.000,249160,339956,246240,57460,4.01,77.81
2026-08-21 06:52:18,253338.406250,B0DB8AF16E20,0001,male,C57BL/6,1.1.1,FR1_Approach,0,PelletDrop,225,991,72,12,0,0,,,,,,,,,,,,,,,,,,,,
2026-08-21 06:52:27,253347.812500,B0DB8AF16E20,0001,male,C57BL/6,1.1.1,FR1_Approach,0,PelletTaken,225,991,72,12,0,0,8.849,21.000,0,2,,,,,,,,,,,,,,,,
2026-08-21 06:59:34,253775.593750,B0DB8AF16E20,0001,male,C57BL/6,1.1.1,FR1_Approach,0,Status,225,991,72,12,0,0,,,,,Disabled,24.0,45.2,996.8,16.4,0.000,10.000,249160,339956,246240,57594,4.01,77.81
2026-08-21 07:09:36,254378.359375,B0DB8AF16E20,0001,male,C57BL/6,1.1.1,FR1_Approach,0,Status,225,991,72,12,0,0,,,,,Disabled,24.0,45.2,996.9,16.4,0.000,10.000,249160,339956,246240,57731,4.01,77.81
2026-08-21 07:19:38,254981.125000,B0DB8AF16E20,0001,male,C57BL/6,1.1.1,FR1_Approach,0,Status,225,991,72,12,0,0,,,,,Disabled,24.0,45.2,996.9,16.4,0.000,10.000,249160,339956,246240,57868,4.01,77.65
2026-08-21 07:29:40,255583.890625,B0DB8AF16E20,0001,male,C57BL/6,1.1.1,FR1_Approach,0,Status,225,991,72,12,0,0,,,,,Disabled,24.0,45.2,997.0,16.4,0.000,10.000,249160,339956,246240,58005,4.01,77.65
2026-08-21 07:39:42,256186.640625,B0DB8AF16E20,0001,male,C57BL/6,1.1.1,FR1_Approach,0,Status,225,991,72,12,0,0,,,,,Disabled,24.1,45.2,997.0,16.4,0.000,13.000,249160,339956,246240,58142,4.00,77.48
2026-08-21 07:49:44,256789.390625,B0DB8AF16E20,0001,male,C57BL/6,1.1.1,FR1_Approach,0,Status,225,991,72,12,0,0,,,,,Disabled,24.1,45.1,997.0,16.4,0.000,10.000,249160,339956,246240,58279,4.01,77.48
2026-08-21 07:59:46,257392.171875,B0DB8AF16E20,0001,male,C57BL/6,1.1.1,FR1_Approach,0,Status,225,991,72,12,0,0,,,,,Disabled,24.1,45.0,997.0,16.4,0.000,13.000,249160,339956,246240,58416,4.01,77.48
2026-08-21 08:09:48,257994.906250,B0DB8AF16E20,0001,male,C57BL/6,1.1.1,FR1_Approach,0,Status,225,991,72,12,0,0,,,,,Disabled,24.0,45.0,996.9,16.5,0.000,0.000,249160,339956,246240,58553,4.01,77.48
2026-08-21 08:19:50,258597.687500,B0DB8AF16E20,0001,male,C57BL/6,1.1.1,FR1_Approach,0,Status,225,991,72,12,0,0,,,,,Disabled,24.0,44.9,996.9,16.5,0.000,15.000,249160,339956,246240,58690,4.01,77.32
2026-08-21 08:29:53,259200.437500,B0DB8AF16E20,0001,male,C57BL/6,1.1.1,FR1_Approach,0,Status,225,991,72,12,0,0,,,,,Disabled,24.0,44.9,996.8,16.5,0.000,8.000,249160,339956,246240,58827,4.01,77.32
2026-08-21 08:39:55,259803.187500,B0DB8AF16E20,0001,male,C57BL/6,1.1.1,FR1_Approach,0,Status,225,991,72,12,0,0,,,,,Disabled,24.0,44.8,996.8,16.6,0.000,10.000,249160,339956,246240,58964,4.00,77.32
2026-08-21 08:49:57,260405.953125,B0DB8AF16E20,0001,male,C57BL/6,1.1.1,FR1_Approach,0,Status,225,991,72,12,0,0,,,,,Disabled,24.0,44.8,996.8,16.5,0.000,0.000,249160,339956,246240,59101,4.01,77.16
2026-08-21 08:59:59,261008.718750,B0DB8AF16E20,0001,male,C57BL/6,1.1.1,FR1_Approach,0,Status,225,991,72,12,0,0,,,,,Disabled,24.0,44.8,996.7,16.5,0.000,4.000,249160,339956,246240,59238,4.01,77.16
2026-08-21 09:10:01,261611.468750,B0DB8AF16E20,0001,male,C57BL/6,1.1.1,FR1_Approach,0,Status,225,991,72,12,0,0,,,,,Disabled,24.0,44.7,996.7,16.4,0.000,5.000,249160,339956,246240,59375,4.01,77.16
2026-08-21 09:20:03,262214.250000,B0DB8AF16E20,0001,male,C57BL/6,1.1.1,FR1_Approach,0,Status,225,991,72,12,0,0,,,,,Disabled,24.0,44.7,996.6,16.6,0.000,22.000,249160,339956,246240,59512,4.01,77.00
2026-08-21 09:30:05,262817.000000,B0DB8AF16E20,0001,male,C57BL/6,1.1.1,FR1_Approach,0,Status,225,991,72,12,0,0,,,,,Disabled,24.0,44.7,996.7,16.5,0.007,24.000,249160,339956,246240,59649,4.00,77.00
2026-08-21 09:40:07,263419.750000,B0DB8AF16E20,0001,male,C57BL/6,1.1.1,FR1_Approach,0,Status,225,991,72,12,0,0,,,,,Disabled,24.0,44.8,996.8,16.5,0.000,22.000,249160,339956,246240,59786,4.00,77.00
2026-08-21 09:46:07,263780.218750,B0DB8AF16E20,0001,male,C57BL/6,1.1.1,FR1_Approach,0,PelletDrop,226,992,72,12,0,0,,,,,,,,,,,,,,,,,,,,
2026-08-21 09:46:16,263790.125000,B0DB8AF16E20,0001,male,C57BL/6,1.1.1,FR1_Approach,0,PelletTaken,226,992,72,12,0,0,9.322,368.000,0,3,,,,,,,,,,,,,,,,
2026-08-21 09:46:59,263832.625000,B0DB8AF16E20,0001,male,C57BL/6,1.1.1,FR1_Approach,0,PelletDrop,227,994,72,12,0,0,,,,,,,,,,,,,,,,,,,,
2026-08-21 09:47:11,263844.531250,B0DB8AF16E20,0001,male,C57BL/6,1.1.1,FR1_Approach,0,PelletTaken,227,994,72,12,0,0,11.335,481.000,0,2,,,,,,,,,,,,,,,,
2026-08-21 09:50:09,264022.906250,B0DB8AF16E20,0001,male,C57BL/6,1.1.1,FR1_Approach,0,Status,227,994,72,12,0,0,,,,,Disabled,24.0,44.6,996.8,16.6,0.000,16.000,249160,339956,246240,59916,4.00,76.83
2026-08-21 10:00:11,264625.687500,B0DB8AF16E20,0001,male,C57BL/6,1.1.1,FR1_Approach,0,Status,227,994,72,12,0,0,,,,,Disabled,24.0,44.8,996.8,16.5,0.000,23.000,249160,339956,246240,60053,4.00,76.83
2026-08-21 10:10:13,265228.406250,B0DB8AF16E20,0001,male,C57BL/6,1.1.1,FR1_Approach,0,Status,227,994,72,12,0,0,,,,,Disabled,24.0,44.7,996.9,16.5,0.000,4.000,249160,339956,246240,60190,4.00,76.67
2026-08-21 10:20:15,265831.187500,B0DB8AF16E20,0001,male,C57BL/6,1.1.1,FR1_Approach,0,Status,227,994,72,12,0,0,,,,,Disabled,24.0,44.7,996.9,16.5,0.000,3.000,249160,339956,246240,60327,4.00,76.67
2026-08-21 10:30:17,266433.968750,B0DB8AF16E20,0001,male,C57BL/6,1.1.1,FR1_Approach,0,Status,227,994,72,12,0,0,,,,,Disabled,24.0,44.7,997.0,16.4,0.000,4.000,249160,339956,246240,60464,4.00,76.67
2026-08-21 10:40:19,267036.718750,B0DB8AF16E20,0001,male,C57BL/6,1.1.1,FR1_Approach,0,Status,227,994,72,12,0,0,,,,,Disabled,24.0,44.6,997.0,16.4,0.007,26.000,249160,339956,246240,60601,4.00,76.51
2026-08-21 10:50:21,267639.468750,B0DB8AF16E20,0001,male,C57BL/6,1.1.1,FR1_Approach,0,Status,227,994,72,12,0,0,,,,,Disabled,24.0,44.6,997.0,16.4,0.007,26.000,249160,339956,246240,60738,4.00,76.51
2026-08-21 11:00:23,268242.218750,B0DB8AF16E20,0001,male,C57BL/6,1.1.1,FR1_Approach,0,Status,227,994,72,12,0,0,,,,,Disabled,24.0,44.7,997.1,16.4,0.007,26.000,249160,339956,246240,60875,4.00,76.51
2026-08-21 11:10:25,268845.000000,B0DB8AF16E20,0001,male,C57BL/6,1.1.1,FR1_Approach,0,Status,227,994,72,12,0,0,,,,,Disabled,24.0,44.6,997.1,16.4,0.018,28.000,249160,339956,246240,61012,4.00,76.34
2026-08-21 11:20:27,269447.750000,B0DB8AF16E20,0001,male,C57BL/6,1.1.1,FR1_Approach,0,Status,227,994,72,12,0,0,,,,,Disabled,24.0,44.7,997.2,16.4,0.032,34.000,249160,339956,246240,61149,4.00,76.34
2026-08-21 11:30:29,270050.500000,B0DB8AF16E20,0001,male,C57BL/6,1.1.1,FR1_Approach,0,Status,227,994,72,12,0,0,,,,,Disabled,24.0,42.8,997.2,16.2,4.435,1552.000,249160,339956,246240,61286,4.00,76.18
2026-08-21 11:40:31,270653.250000,B0DB8AF16E20,0001,male,C57BL/6,1.1.1,FR1_Approach,0,Status,227,994,72,12,0,0,,,,,Disabled,23.7,45.5,997.2,15.2,5.220,1786.000,249160,339956,246240,61423,4.00,76.18
2026-08-21 11:50:33,271255.593750,B0DB8AF16E20,0001,male,C57BL/6,1.1.1,FR1_Approach,0,Status,227,994,72,12,0,0,,,,,Disabled,23.4,45.2,997.1,15.3,0.450,174.000,249160,339956,246240,61560,4.00,76.02
2026-08-21 12:00:34,271857.812500,B0DB8AF16E20,0001,male,C57BL/6,1.1.1,FR1_Approach,0,Status,227,994,72,12,0,0,,,,,Disabled,23.3,44.8,997.1,15.5,0.439,174.000,249160,339956,246240,61697,4.00,76.02
2026-08-21 12:10:36,272460.031250,B0DB8AF16E20,0001,male,C57BL/6,1.1.1,FR1_Approach,0,Status,227,994,72,12,0,0,,,,,Disabled,23.2,44.6,997.1,15.5,0.439,174.000,249160,339956,246240,61834,4.00,76.02
2026-08-21 12:20:37,273062.218750,B0DB8AF16E20,0001,male,C57BL/6,1.1.1,FR1_Approach,0,Status,227,994,72,12,0,0,,,,,Disabled,23.1,44.8,997.0,15.6,0.439,175.000,249160,339956,246240,61971,3.99,75.86
2026-08-21 12:30:39,273664.437500,B0DB8AF16E20,0001,male,C57BL/6,1.1.1,FR1_Approach,0,Status,227,994,72,12,0,0,,,,,Disabled,23.0,44.9,997.0,15.6,0.450,174.000,249160,339956,246240,62108,3.99,75.86
2026-08-21 12:40:40,274266.656250,B0DB8AF16E20,0001,male,C57BL/6,1.1.1,FR1_Approach,0,Status,227,994,72,12,0,0,,,,,Disabled,22.9,44.8,996.9,15.6,0.450,175.000,249160,339956,246240,62245,3.99,75.69
2026-08-21 12:50:42,274868.875000,B0DB8AF16E20,0001,male,C57BL/6,1.1.1,FR1_Approach,0,Status,227,994,72,12,0,0,,,,,Disabled,22.9,44.9,996.8,15.6,0.450,174.000,249160,339956,246240,62382,3.99,75.69
2026-08-21 13:00:43,275471.062500,B0DB8AF16E20,0001,male,C57BL/6,1.1.1,FR1_Approach,0,Status,227,994,72,12,0,0,,,,,Disabled,22.8,45.0,996.6,15.6,0.439,175.000,249160,339956,246240,62519,3.99,75.53
2026-08-21 13:10:44,276073.312500,B0DB8AF16E20,0001,male,C57BL/6,1.1.1,FR1_Approach,0,Status,227,994,72,12,0,0,,,,,Disabled,22.8,44.9,996.5,15.6,0.439,174.000,249160,339956,246240,62656,3.99,75.53
2026-08-21 13:20:46,276675.500000,B0DB8AF16E20,0001,male,C57BL/6,1.1.1,FR1_Approach,0,Status,227,994,72,12,0,0,,,,,Disabled,22.8,45.0,996.5,15.5,0.439,172.000,249160,339956,246240,62793,3.99,75.37
2026-08-21 13:30:47,277277.718750,B0DB8AF16E20,0001,male,C57BL/6,1.1.1,FR1_Approach,0,Status,227,994,72,12,0,0,,,,,Disabled,22.8,44.8,996.4,15.5,0.439,175.000,249160,339956,246240,62930,3.99,75.37
2026-08-21 13:40:49,277879.937500,B0DB8AF16E20,0001,male,C57BL/6,1.1.1,FR1_Approach,0,Status,227,994,72,12,0,0,,,,,Disabled,22.8,44.7,996.3,15.4,0.432,172.000,249160,339956,246240,63067,3.99,75.37
2026-08-21 13:50:50,278482.156250,B0DB8AF16E20,0001,male,C57BL/6,1.1.1,FR1_Approach,0,Status,227,994,72,12,0,0,,,,,Disabled,22.9,44.5,996.2,15.4,0.439,173.000,249160,339956,246240,63204,3.99,75.20
2026-08-21 14:00:52,279084.343750,B0DB8AF16E20,0001,male,C57BL/6,1.1.1,FR1_Approach,0,Status,227,994,72,12,0,0,,,,,Disabled,22.9,44.5,996.1,15.1,0.439,173.000,249160,339956,246240,63341,3.98,75.20
2026-08-21 14:10:53,279686.562500,B0DB8AF16E20,0001,male,C57BL/6,1.1.1,FR1_Approach,0,Status,227,994,72,12,0,0,,,,,Disabled,22.9,44.5,996.0,15.2,0.443,170.000,249160,339956,246240,63478,3.99,75.04
2026-08-21 14:20:55,280288.781250,B0DB8AF16E20,0001,male,C57BL/6,1.1.1,FR1_Approach,0,Status,227,994,72,12,0,0,,,,,Disabled,22.9,44.6,995.9,15.1,0.439,174.000,249160,339956,246240,63615,3.99,75.04
2026-08-21 14:30:56,280891.000000,B0DB8AF16E20,0001,male,C57BL/6,1.1.1,FR1_Approach,0,Status,227,994,72,12,0,0,,,,,Disabled,22.9,44.7,995.8,15.2,0.446,174.000,249160,339956,246240,63752,3.99,74.88
2026-08-21 14:40:58,281493.187500,B0DB8AF16E20,0001,male,C57BL/6,1.1.1,FR1_Approach,0,Status,227,994,72,12,0,0,,,,,Disabled,22.8,44.8,995.7,15.3,0.450,174.000,249160,339956,246240,63889,3.99,74.88
2026-08-21 14:50:59,282095.437500,B0DB8AF16E20,0001,male,C57BL/6,1.1.1,FR1_Approach,0,Status,227,994,72,12,0,0,,,,,Disabled,22.8,44.8,995.6,15.2,0.450,172.000,249160,339956,246240,64026,3.99,74.88
2026-08-21 15:01:00,282697.625000,B0DB8AF16E20,0001,male,C57BL/6,1.1.1,FR1_Approach,0,Status,227,994,72,12,0,0,,,,,Disabled,22.7,44.9,995.5,15.3,0.439,172.000,249160,339956,246240,64163,3.99,74.71
2026-08-21 15:11:02,283299.843750,B0DB8AF16E20,0001,male,C57BL/6,1.1.1,FR1_Approach,0,Status,227,994,72,12,0,0,,,,,Disabled,22.7,44.9,995.3,15.3,0.439,172.000,249160,339956,246240,64300,3.98,74.71
2026-08-21 15:21:03,283902.062500,B0DB8AF16E20,0001,male,C57BL/6,1.1.1,FR1_Approach,0,Status,227,994,72,12,0,0,,,,,Disabled,22.7,45.0,995.2,15.3,0.432,172.000,249160,339956,246240,64437,3.98,74.55
2026-08-21 15:31:05,284504.250000,B0DB8AF16E20,0001,male,C57BL/6,1.1.1,FR1_Approach,0,Status,227,994,72,12,0,0,,,,,Disabled,22.7,45.0,995.1,15.3,0.439,172.000,249160,339956,246240,64574,3.98,74.55
