DateTime,ElapsedSeconds,ESP32_UID,MouseID,Sex,Strain,LibraryVer,Program,FR,Event,PelletCount,LeftCount,RightCount,CenterCount,BlockPelletCount,BlockPokeCount,RetrievalTime,PokeDuration,DispenseError,MotorTurns,Motion,Temperature,Humidity,Pressure,GasResistance,Lux,White,FreeHeap,HeapSize,MinFreeHeap,WakeCount,BatteryVoltage,BatteryPercent
2026-08-18 08:41:47,41.794998,B8DB8AF16E20,0003,male,C57BL/6,1.1.1,FR1_Approach,0,Startup,0,0,0,0,0,0,,,,,0.0,23.6,44.7,1014.7,14.2,3.877,2181.000,248384,339956,246240,0,4.17,98.93
2026-08-18 08:51:10,604.504028,B8DB8AF16E20,0003,male,C57BL/6,1.1.1,FR1_Approach,0,Status,0,0,0,1,0,0,,,,,Disabled,23.6,46.1,1014.7,13.6,0.000,11.000,249348,339956,246240,129,4.18,98.93
2026-08-18 08:51:16,610.840027,B8DB8AF16E20,0003,male,C57BL/6,1.1.1,FR1_Approach,0,PelletDrop,1,1,0,1,0,0,,,,,,,,,,,,,,,,,,,,
2026-08-18 08:51:18,612.921997,B8DB8AF16E20,0003,male,C57BL/6,1.1.1,FR1_Approach,0,PelletTaken,1,1,0,1,0,0,1.478,11.000,0,1,,,,,,,,,,,,,,,,
2026-08-18 09:01:12,1207.818970,B8DB8AF16E20,0003,male,C57BL/6,1.1.1,FR1_Approach,0,Status,1,1,4,1,0,0,,,,,Disabled,23.6,46.4,1014.5,13.5,0.000,10.000,249348,339956,246240,270,4.18,98.77
2026-08-18 09:01:57,1252.879028,B8DB8AF16E20,0003,male,C57BL/6,1.1.1,FR1_Approach,0,PelletDrop,2,3,4,1,0,0,,,,,,,,,,,,,,,,,,,,
2026-08-18 09:02:18,1273.473999,B8DB8AF16E20,0003,male,C57BL/6,1.1.1,FR1_Approach,0,PelletTaken,2,3,4,1,0,0,TimedOut,586.000,0,1,,,,,,,,,,,,,,,,
2026-08-18 09:11:15,1811.151001,B8DB8AF16E20,0003,male,C57BL/6,1.1.1,FR1_Approach,0,Status,2,3,6,1,0,0,,,,,Disabled,23.6,46.3,1014.5,13.1,0.000,5.000,249348,339956,246240,405,4.18,98.61
2026-08-18 09:17:46,2202.809082,B8DB8AF16E20,0003,male,C57BL/6,1.1.1,FR1_Approach,0,PelletDrop,3,6,7,1,0,0,,,,,,,,,,,,,,,,,,,,
2026-08-18 09:17:56,2212.833984,B8DB8AF16E20,0003,male,C57BL/6,1.1.1,FR1_Approach,0,PelletTaken,3,6,7,1,0,0,9.421,201.000,0,2,,,,,,,,,,,,,,,,
2026-08-18 09:21:18,2414.913086,B8DB8AF16E20,0003,male,C57BL/6,1.1.1,FR1_Approach,0,Status,3,7,8,1,0,0,,,,,Disabled,23.6,46.6,1014.5,13.1,0.000,0.000,249348,339956,246240,543,4.18,98.61
2026-08-18 09:27:21,2778.477051,B8DB8AF16E20,0003,male,C57BL/6,1.1.1,FR1_Approach,0,PelletDrop,4,10,8,1,0,0,,,,,,,,,,,,,,,,,,,,
2026-08-18 09:27:30,2786.862061,B8DB8AF16E20,0003,male,C57BL/6,1.1.1,FR1_Approach,0,PelletTaken,4,10,8,1,0,0,7.782,238.000,0,2,,,,,,,,,,,,,,,,
2026-08-18 09:31:20,3017.739014,B8DB8AF16E20,0003,male,C57BL/6,1.1.1,FR1_Approach,0,Status,4,10,8,1,0,0,,,,,Disabled,23.7,46.7,1014.5,13.0,0.000,0.000,249348,339956,246240,679,4.17,98.45
2026-08-18 09:41:21,3619.335938,B8DB8AF16E20,0003,male,C57BL/6,1.1.1,FR1_Approach,0,Status,4,11,8,1,0,0,,,,,Disabled,23.7,46.3,1014.5,13.0,0.014,21.000,249256,339956,246240,817,4.18,98.29
2026-08-18 09:44:14,3791.812012,B8DB8AF16E20,0003,male,C57BL/6,1.1.1,FR1_Approach,0,PelletDrop,5,15,9,1,0,0,,,,,,,,,,,,,,,,,,,,
2026-08-18 09:44:24,3802.462891,B8DB8AF16E20,0003,male,C57BL/6,1.1.1,FR1_Approach,0,PelletTaken,5,15,9,1,0,0,10.048,97.000,0,2,,,,,,,,,,,,,,,,
2026-08-18 09:46:17,3914.749023,B8DB8AF16E20,0003,male,C57BL/6,1.1.1,FR1_Approach,0,PelletDrop,6,21,10,7,0,0,,,,,,,,,,,,,,,,,,,,
2026-08-18 09:46:25,3923.742920,B8DB8AF16E20,0003,male,C57BL/6,1.1.1,FR1_Approach,0,PelletTaken,6,21,10,7,0,0,8.375,192.000,0,2,,,,,,,,,,,,,,,,
2026-08-18 09:51:24,4222.824219,B8DB8AF16E20,0003,male,C57BL/6,1.1.1,FR1_Approach,0,Status,6,22,11,7,0,0,,,,,Disabled,23.7,46.1,1014.6,12.8,0.000,0.000,249256,339956,246240,963,4.17,98.13
2026-08-18 09:55:08,4447.213867,B8DB8AF16E20,0003,male,C57BL/6,1.1.1,FR1_Approach,0,PelletDrop,7,28,12,7,0,0,,,,,,,,,,,,,,,,,,,,
2026-08-18 09:55:29,4467.825195,B8DB8AF16E20,0003,male,C57BL/6,1.1.1,FR1_Approach,0,PelletTaken,7,28,12,7,0,0,TimedOut,155.000,0,2,,,,,,,,,,,,,,,,
2026-08-18 09:57:17,4575.586914,B8DB8AF16E20,0003,male,C57BL/6,1.1.1,FR1_Approach,0,PelletDrop,8,36,12,7,0,0,,,,,,,,,,,,,,,,,,,,
2026-08-18 09:57:26,4584.599121,B8DB8AF16E20,0003,male,C57BL/6,1.1.1,FR1_Approach,0,PelletTaken,8,36,12,7,0,0,8.408,125.000,0,2,,,,,,,,,,,,,,,,
2026-08-18 10:01:25,4824.223145,B8DB8AF16E20,0003,male,C57BL/6,1.1.1,FR1_Approach,0,Status,8,36,12,7,0,0,,,,,Disabled,23.8,45.6,1014.6,12.8,0.018,18.000,249256,339956,246240,1104,4.17,97.98
2026-08-18 10:11:26,5425.488770,B8DB8AF16E20,0003,male,C57BL/6,1.1.1,FR1_Approach,0,Status,8,39,13,7,0,0,,,,,Disabled,23.9,45.9,1014.6,12.8,0.000,10.000,249256,339956,246240,1243,4.17,97.98
2026-08-18 10:16:33,5733.624023,B8DB8AF16E20,0003,male,C57BL/6,1.1.1,FR1_Approach,0,PelletDrop,9,45,13,7,0,0,,,,,,,,,,,,,,,,,,,,
2026-08-18 10:16:39,5739.104980,B8DB8AF16E20,0003,male,C57BL/6,1.1.1,FR1_Approach,0,PelletTaken,9,45,13,7,0,0,4.878,106.000,0,3,,,,,,,,,,,,,,,,
2026-08-18 10:21:28,6027.953125,B8DB8AF16E20,0003,male,C57BL/6,1.1.1,FR1_Approach,0,Status,9,46,13,8,0,0,,,,,Disabled,23.9,45.7,1014.5,12.8,0.014,20.000,249256,339956,246240,1383,4.17,97.82
2026-08-18 10:31:31,6632.190918,B8DB8AF16E20,0003,male,C57BL/6,1.1.1,FR1_Approach,0,Status,9,46,15,8,0,0,,,,,Disabled,23.9,45.7,1014.6,12.8,0.000,0.000,249256,339956,246240,1522,4.17,97.82
2026-08-18 10:32:36,6697.040039,B8DB8AF16E20,0003,male,C57BL/6,1.1.1,FR1_Approach,0,PelletDrop,10,55,16,8,0,0,,,,,,,,,,,,,,,,,,,,
2026-08-18 10:32:46,6706.693848,B8DB8AF16E20,0003,male,C57BL/6,1.1.1,FR1_Approach,0,PelletTaken,10,55,16,8,0,0,9.035,88.000,0,2,,,,,,,,,,,,,,,,
2026-08-18 10:40:05,7146.789062,B8DB8AF16E20,0003,male,C57BL/6,1.1.1,FR1_Approach,0,PelletDrop,11,66,19,10,0,0,,,,,,,,,,,,,,,,,,,,
2026-08-18 10:40:16,7157.804199,B8DB8AF16E20,0003,male,C57BL/6,1.1.1,FR1_Approach,0,PelletTaken,11,66,19,10,0,0,10.411,116.000,0,2,,,,,,,,,,,,,,,,
2026-08-18 10:41:34,7235.606934,B8DB8AF16E20,0003,male,C57BL/6,1.1.1,FR1_Approach,0,Status,11,66,19,10,0,0,,,,,Disabled,24.0,45.4,1014.6,12.7,0.000,14.000,249256,339956,246240,1672,4.17,97.50
2026-08-18 10:51:36,7838.423828,B8DB8AF16E20,0003,male,C57BL/6,1.1.1,FR1_Approach,0,Status,11,66,19,10,0,0,,,,,Disabled,24.0,45.3,1014.6,12.8,0.011,14.000,249256,339956,246240,1809,4.17,97.50
2026-08-18 11:01:38,8441.207031,B8DB8AF16E20,0003,male,C57BL/6,1.1.1,FR1_Approach,0,Status,11,66,19,10,0,0,,,,,Disabled,24.0,45.2,1014.6,12.8,0.025,24.000,249256,339956,246240,1946,4.17,97.34
2026-08-18 11:11:40,9044.026367,B8DB8AF16E20,0003,male,C57BL/6,1.1.1,FR1_Approach,0,Status,11,66,19,10,0,0,,,,,Disabled,24.0,45.1,1014.7,12.8,0.011,18.000,249256,339956,246240,2083,4.16,97.34
2026-08-18 11:21:43,9646.830078,B8DB8AF16E20,0003,male,C57BL/6,1.1.1,FR1_Approach,0,Status,11,66,19,10,0,0,,,,,Disabled,23.9,44.9,1014.7,12.8,0.007,17.000,249256,339956,246240,2220,4.17,97.34
2026-08-18 11:31:45,10249.613281,B8DB8AF16E20,0003,male,C57BL/6,1.1.1,FR1_Approach,0,Status,11,66,19,10,0,0,,,,,Disabled,23.9,44.8,1014.7,12.8,0.007,16.000,249256,339956,246240,2357,4.16,97.18
2026-08-18 11:41:47,10852.430664,B8DB8AF16E20,0003,male,C57BL/6,1.1.1,FR1_Approach,0,Status,11,66,19,10,0,0,,,,,Disabled,23.8,44.8,1014.7,12.9,0.007,17.000,249256,339956,246240,2494,4.15,97.18
2026-08-18 11:51:49,11455.234375,B8DB8AF16E20,0003,male,C57BL/6,1.1.1,FR1_Approach,0,Status,11,66,19,10,0,0,,,,,Disabled,23.8,44.7,1014.5,12.9,0.011,16.000,249256,339956,246240,2631,4.16,97.03
2026-08-18 12:01:51,12058.016602,B8DB8AF16E20,0003,male,C57BL/6,1.1.1,FR1_Approach,0,Status,11,66,19,10,0,0,,,,,Disabled,23.8,44.7,1014.4,12.9,0.007,17.000,249256,339956,246240,2768,4.16,97.03
2026-08-18 12:11:54,12660.834961,B8DB8AF16E20,0003,male,C57BL/6,1.1.1,FR1_Approach,0,Status,11,66,19,10,0,0,,,,,Disabled,23.7,44.7,1014.4,13.0,0.018,19.000,249256,339956,246240,2905,4.16,96.87
2026-08-18 12:21:56,13263.636719,B8DB8AF16E20,0003,male,C57BL/6,1.1.1,FR1_Approach,0,Status,11,66,19,10,0,0,,,,,Disabled,23.7,44.6,1014.3,13.0,0.018,16.000,249256,339956,246240,3042,4.16,96.87
2026-08-18 12:31:58,13866.435547,B8DB8AF16E20,0003,male,C57BL/6,1.1.1,FR1_Approach,0,Status,11,66,19,10,0,0,,,,,Disabled,23.6,44.6,1014.3,13.0,0.007,16.000,249256,339956,246240,3179,4.16,96.71
2026-08-18 12:42:00,14469.239258,B8DB8AF16E20,0003,male,C57BL/6,1.1.1,FR1_Approach,0,Status,11,66,19,10,0,0,,,,,Disabled,23.6,44.6,1014.2,13.0,0.007,16.000,249256,339956,246240,3316,4.16,96.71
2026-08-18 12:52:02,15072.041992,B8DB8AF16E20,0003,male,C57BL/6,1.1.1,FR1_Approach,0,Status,11,66,19,10,0,0,,,,,Disabled,23.6,44.6,1014.1,13.0,0.000,12.000,249256,339956,246240,3453,4.15,96.55
2026-08-18 13:02:04,15674.839844,B8DB8AF16E20,0003,male,C57BL/6,1.1.1,FR1_Approach,0,Status,11,66,19,10,0,0,,,,,Disabled,23.5,44.6,1014.0,13.0,0.000,15.000,249256,339956,246240,3590,4.16,96.55
2026-08-18 13:12:07,16277.642578,B8DB8AF16E20,0003,male,C57BL/6,1.1.1,FR1_Approach,0,Status,11,66,19,10,0,0,,,,,Disabled,23.5,44.6,1013.9,13.0,0.000,13.000,249256,339956,246240,3727,4.16,96.39
2026-08-18 13:22:09,16880.457031,B8DB8AF16E20,0003,male,C57BL/6,1.1.1,FR1_Approach,0,Status,11,66,19,10,0,0,,,,,Disabled,23.5,44.5,1013.8,13.0,0.000,11.000,249256,339956,246240,3864,4.16,96.39
2026-08-18 13:25:47,17098.615234,B8DB8AF16E20,0003,male,C57BL/6,1.1.1,FR1_Approach,0,PelletDrop,12,67,19,10,0,0,,,,,,,,,,,,,,,,,,,,
2026-08-18 13:26:07,17118.640625,B8DB8AF16E20,0003,male,C57BL/6,1.1.1,FR1_Approach,0,PelletTaken,12,67,19,10,0,0,19.420,32.000,0,2,,,,,,,,,,,,,,,,
2026-08-18 13:26:43,17154.533203,B8DB8AF16E20,0003,male,C57BL/6,1.1.1,FR1_Approach,0,PelletDrop,13,69,19,10,0,0,,,,,,,,,,,,,,,,,,,,
2026-08-18 13:26:44,17155.746094,B8DB8AF16E20,0003,male,C57BL/6,1.1.1,FR1_Approach,0,PelletNotDetected,13,69,19,10,0,0,,,,,,,,,,,,,,,,,,,,
2026-08-18 13:27:17,17188.953125,B8DB8AF16E20,0003,male,C57BL/6,1.1.1,FR1_Approach,0,PelletDrop,14,72,19,10,0,0,,,,,,,,,,,,,,,,,,,,
2026-08-18 13:27:31,17202.574219,B8DB8AF16E20,0003,male,C57BL/6,1.1.1,FR1_Approach,0,PelletTaken,14,72,19,10,0,0,13.018,323.000,0,3,,,,,,,,,,,,,,,,
2026-08-18 13:32:09,17481.630859,B8DB8AF16E20,0003,male,C57BL/6,1.1.1,FR1_Approach,0,Status,14,72,19,10,0,0,,,,,Disabled,23.6,44.3,1013.7,12.9,0.000,12.000,249196,339956,246240,3996,4.16,96.23
2026-08-18 13:42:13,18085.787109,B8DB8AF16E20,0003,male,C57BL/6,1.1.1,FR1_Approach,0,Status,14,72,22,10,0,0,,,,,Disabled,23.6,44.5,1013.6,12.8,0.000,8.000,249196,339956,246240,4136,4.16,96.23
2026-08-18 13:49:56,18549.105469,B8DB8AF16E20,0003,male,C57BL/6,1.1.1,FR1_Approach,0,PelletDrop,15,76,23,10,0,0,,,,,,,,,,,,,,,,,,,,
2026-08-18 13:50:10,18563.816406,B8DB8AF16E20,0003,male,C57BL/6,1.1.1,FR1_Approach,0,PelletTaken,15,76,23,10,0,0,14.107,22.000,0,2,,,,,,,,,,,,,,,,
2026-08-18 13:52:16,18689.748047,B8DB8AF16E20,0003,male,C57BL/6,1.1.1,FR1_Approach,0,Status,15,76,23,10,0,0,,,,,Disabled,23.7,44.4,1013.5,12.9,0.000,6.000,249196,339956,246240,4273,4.15,96.08
2026-08-18 14:02:17,19291.396484,B8DB8AF16E20,0003,male,C57BL/6,1.1.1,FR1_Approach,0,Status,15,79,23,10,0,0,,,,,Disabled,23.7,44.4,1013.3,12.8,0.000,8.000,249196,339956,246240,4412,4.16,95.92
2026-08-18 14:12:19,19894.138672,B8DB8AF16E20,0003,male,C57BL/6,1.1.1,FR1_Approach,0,Status,15,79,23,10,0,0,,,,,Disabled,23.7,44.3,1013.2,12.8,0.000,6.000,249196,339956,246240,4549,4.15,95.92
2026-08-18 14:22:21,20496.804688,B8DB8AF16E20,0003,male,C57BL/6,1.1.1,FR1_Approach,0,Status,15,79,23,10,0,0,,,,,Disabled,23.7,44.3,1013.1,12.7,0.000,7.000,249148,339956,246240,4686,4.16,95.76
2026-08-18 14:32:24,21099.578125,B8DB8AF16E20,0003,male,C57BL/6,1.1.1,FR1_Approach,0,Status,15,79,23,10,0,0,,,,,Disabled,23.7,44.2,1012.9,12.8,0.000,6.000,249160,339956,246240,4823,4.15,95.76
2026-08-18 14:42:26,21702.349609,B8DB8AF16E20,0003,male,C57BL/6,1.1.1,FR1_Approach,0,Status,15,79,23,10,0,0,,,,,Disabled,23.8,44.1,1012.8,12.7,0.000,6.000,249160,339956,246240,4960,4.15,95.60
2026-08-18 14:52:28,22305.095703,B8DB8AF16E20,0003,male,C57BL/6,1.1.1,FR1_Approach,0,Status,15,79,23,10,0,0,,,,,Disabled,23.8,44.1,1012.6,12.7,0.000,7.000,249160,339956,246240,5097,4.15,95.60
2026-08-18 15:02:30,22907.880859,B8DB8AF16E20,0003,male,C57BL/6,1.1.1,FR1_Approach,0,Status,15,79,23,10,0,0,,,,,Disabled,23.8,44.0,1012.4,12.7,0.000,6.000,249160,339956,246240,5234,4.15,95.45
2026-08-18 15:12:32,23510.650391,B8DB8AF16E20,0003,male,C57BL/6,1.1.1,FR1_Approach,0,Status,15,79,23,10,0,0,,,,,Disabled,23.8,43.9,1012.3,12.7,0.000,8.000,249160,339956,246240,5371,4.15,95.45
2026-08-18 15:13:41,23579.105469,B8DB8AF16E20,0003,male,C57BL/6,1.1.1,FR1_Approach,0,PelletDrop,16,80,23,10,0,0,,,,,,,,,,,,,,,,,,,,
2026-08-18 15:13:58,23596.654297,B8DB8AF16E20,0003,male,C57BL/6,1.1.1,FR1_Approach,0,PelletTaken,16,80,23,10,0,0,16.945,22.000,0,2,,,,,,,,,,,,,,,,
2026-08-18 15:14:36,23634.367188,B8DB8AF16E20,0003,male,C57BL/6,1.1.1,FR1_Approach,0,PelletDrop,17,82,23,10,0,0,,,,,,,,,,,,,,,,,,,,
2026-08-18 15:14:50,23648.857422,B8DB8AF16E20,0003,male,C57BL/6,1.1.1,FR1_Approach,0,PelletTaken,17,82,23,10,0,0,13.887,41.000,0,2,,,,,,,,,,,,,,,,
2026-08-18 15:22:33,24111.681641,B8DB8AF16E20,0003,male,C57BL/6,1.1.1,FR1_Approach,0,Status,17,82,23,10,0,0,,,,,Disabled,23.8,43.8,1012.2,12.8,0.000,8.000,249160,339956,246240,5501,4.15,95.29
2026-08-18 15:32:35,24714.498047,B8DB8AF16E20,0003,male,C57BL/6,1.1.1,FR1_Approach,0,Status,17,82,23,10,0,0,,,,,Disabled,23.8,43.7,1012.1,12.7,0.000,10.000,249160,339956,246240,5638,4.15,95.29
2026-08-18 15:42:37,25317.265625,B8DB8AF16E20,0003,male,C57BL/6,1.1.1,FR1_Approach,0,Status,17,82,23,10,0,0,,,,,Disabled,23.8,43.7,1012.0,12.7,0.000,6.000,249160,339956,246240,5775,4.15,95.13
2026-08-18 15:52:39,25919.943359,B8DB8AF16E20,0003,male,C57BL/6,1.1.1,FR1_Approach,0,Status,17,82,23,10,0,0,,,,,Disabled,23.9,43.7,1012.0,12.7,0.000,9.000,249160,339956,246240,5912,4.15,95.13
2026-08-18 16:02:41,26522.714844,B8DB8AF16E20,0003,male,C57BL/6,1.1.1,FR1_Approach,0,Status,17,82,23,10,0,0,,,,,Disabled,23.9,43.7,1011.9,12.7,0.000,9.000,249160,339956,246240,6049,4.15,94.97
2026-08-18 16:12:43,27125.406250,B8DB8AF16E20,0003,male,C57BL/6,1.1.1,FR1_Approach,0,Status,17,82,23,10,0,0,,,,,Disabled,23.9,43.7,1011.8,12.7,0.000,8.000,249160,339956,246240,6186,4.15,94.97
2026-08-18 16:18:45,27487.224609,B8DB8AF16E20,0003,male,C57BL/6,1.1.1,FR1_Approach,0,PelletDrop,18,83,23,10,0,0,,,,,,,,,,,,,,,,,,,,
2026-08-18 16:19:01,27504.013672,B8DB8AF16E20,0003,male,C57BL/6,1.1.1,FR1_Approach,0,PelletTaken,18,83,23,10,0,0,16.186,21.000,0,2,,,,,,,,,,,,,,,,
2026-08-18 16:19:42,27544.505859,B8DB8AF16E20,0003,male,C57BL/6,1.1.1,FR1_Approach,0,PelletDrop,19,85,23,10,0,0,,,,,,,,,,,,,,,,,,,,
2026-08-18 16:19:55,27557.433594,B8DB8AF16E20,0003,male,C57BL/6,1.1.1,FR1_Approach,0,PelletTaken,19,85,23,10,0,0,12.325,30.000,0,2,,,,,,,,,,,,,,,,
2026-08-18 16:22:47,27729.720703,B8DB8AF16E20,0003,male,C57BL/6,1.1.1,FR1_Approach,0,Status,19,87,23,10,0,0,,,,,Disabled,23.9,43.4,1011.8,12.7,0.000,7.000,249160,339956,246240,6319,4.15,94.81
2026-08-18 16:32:49,28332.435547,B8DB8AF16E20,0003,male,C57BL/6,1.1.1,FR1_Approach,0,Status,19,87,23,10,0,0,,,,,Disabled,23.9,43.6,1011.7,12.7,0.000,6.000,249160,339956,246240,6456,4.15,94.65
2026-08-18 16:38:47,28690.568359,B8DB8AF16E20,0003,male,C57BL/6,1.1.1,FR1_Approach,0,PelletDrop,20,88,23,10,0,0,,,,,,,,,,,,,,,,,,,,
2026-08-18 16:38:58,28701.390625,B8DB8AF16E20,0003,male,C57BL/6,1.1.1,FR1_Approach,0,PelletTaken,20,88,23,10,0,0,10.202,210.000,0,2,,,,,,,,,,,,,,,,
2026-08-18 16:42:53,28936.693359,B8DB8AF16E20,0003,male,C57BL/6,1.1.1,FR1_Approach,0,Status,20,88,23,10,0,0,,,,,Disabled,23.9,43.7,1011.7,12.7,0.000,10.000,249160,339956,246240,6592,4.14,94.65
2026-08-18 16:50:48,29412.126953,B8DB8AF16E20,0003,male,C57BL/6,1.1.1,FR1_Approach,0,PelletDrop,21,92,23,10,0,0,,,,,,,,,,,,,,,,,,,,
2026-08-18 16:50:58,29422.419922,B8DB8AF16E20,0003,male,C57BL/6,1.1.1,FR1_Approach,0,PelletTaken,21,92,23,10,0,0,9.674,11.000,0,2,,,,,,,,,,,,,,,,
2026-08-18 16:52:55,29539.583984,B8DB8AF16E20,0003,male,C57BL/6,1.1.1,FR1_Approach,0,Status,21,92,23,10,0,0,,,,,Disabled,24.0,43.7,1011.7,12.6,0.000,9.000,249160,339956,246240,6730,4.14,94.50
2026-08-18 16:59:15,29920.394531,B8DB8AF16E20,0003,male,C57BL/6,1.1.1,FR1_Approach,0,PelletDrop,22,97,23,10,0,0,,,,,,,,,,,,,,,,,,,,
2026-08-18 16:59:26,29930.902344,B8DB8AF16E20,0003,male,C57BL/6,1.1.1,FR1_Approach,0,PelletTaken,22,97,23,10,0,0,9.904,30.000,0,2,,,,,,,,,,,,,,,,
2026-08-18 17:02:03,30088.068359,B8DB8AF16E20,0003,male,C57BL/6,1.1.1,FR1_Approach,0,PelletDrop,23,103,23,11,0,0,,,,,,,,,,,,,,,,,,,,
2026-08-18 17:02:14,30099.369141,B8DB8AF16E20,0003,male,C57BL/6,1.1.1,FR1_Approach,0,PelletTaken,23,103,23,11,0,0,10.697,134.000,0,2,,,,,,,,,,,,,,,,
2026-08-18 17:02:57,30142.160156,B8DB8AF16E20,0003,male,C57BL/6,1.1.1,FR1_Approach,0,Status,23,103,23,11,0,0,,,,,Disabled,24.1,43.5,1011.7,12.5,0.000,10.000,249160,339956,246240,6871,4.14,94.50
2026-08-18 17:08:33,30478.398438,B8DB8AF16E20,0003,male,C57BL/6,1.1.1,FR1_Approach,0,PelletDrop,24,110,23,11,0,0,,,,,,,,,,,,,,,,,,,,
2026-08-18 17:08:45,30490.160156,B8DB8AF16E20,0003,male,C57BL/6,1.1.1,FR1_Approach,0,PelletTaken,24,110,23,11,0,0,11.159,154.000,0,1,,,,,,,,,,,,,,,,
2026-08-18 17:12:57,30743.005859,B8DB8AF16E20,0003,male,C57BL/6,1.1.1,FR1_Approach,0,Status,24,110,23,11,0,0,,,,,Disabled,24.1,43.7,1011.7,12.5,0.007,17.000,249160,339956,246240,7009,4.14,94.34
2026-08-18 17:22:59,31345.804688,B8DB8AF16E20,0003,male,C57BL/6,1.1.1,FR1_Approach,0,Status,24,110,23,11,0,0,,,,,Disabled,24.1,43.9,1011.8,12.6,0.011,14.000,249160,339956,246240,7146,4.14,94.18
2026-08-18 17:33:02,31948.607422,B8DB8AF16E20,0003,male,C57BL/6,1.1.1,FR1_Approach,0,Status,24,110,23,11,0,0,,,,,Disabled,24.1,44.0,1011.7,12.6,0.011,16.000,249160,339956,246240,7283,4.14,94.18
2026-08-18 17:43:04,32551.421875,B8DB8AF16E20,0003,male,C57BL/6,1.1.1,FR1_Approach,0,Status,24,110,23,11,0,0,,,,,Disabled,24.1,44.0,1011.7,12.6,0.029,26.000,249160,339956,246240,7420,4.14,94.02
2026-08-18 17:53:06,33154.218750,B8DB8AF16E20,0003,male,C57BL/6,1.1.1,FR1_Approach,0,Status,24,110,23,11,0,0,,,,,Disabled,24.0,43.9,1011.5,12.6,0.000,0.000,249160,339956,246240,7557,4.14,94.02
2026-08-18 18:03:08,33757.023438,B8DB8AF16E20,0003,male,C57BL/6,1.1.1,FR1_Approach,0,Status,24,110,23,11,0,0,,,,,Disabled,24.0,43.9,1011.3,12.7,0.000,0.000,249160,339956,246240,7694,4.14,94.02
2026-08-18 18:13:10,34359.839844,B8DB8AF16E20,0003,male,C57BL/6,1.1.1,FR1_Approach,0,Status,24,110,23,11,0,0,,,,,Disabled,24.0,43.9,1011.1,12.6,0.000,0.000,249160,339956,246240,7831,4.14,93.86
2026-08-18 18:23:12,34962.625000,B8DB8AF16E20,0003,male,C57BL/6,1.1.1,FR1_Approach,0,Status,24,110,23,11,0,0,,,,,Disabled,23.9,44.0,1011.0,12.7,0.000,0.000,249160,339956,246240,7968,4.14,93.86
2026-08-18 18:23:26,34976.402344,B8DB8AF16E20,0003,male,C57BL/6,1.1.1,FR1_Approach,0,PelletDrop,25,111,23,11,0,0,,,,,,,,,,,,,,,,,,,,
2026-08-18 18:23:36,34986.234375,B8DB8AF16E20,0003,male,C57BL/6,1.1.1,FR1_Approach,0,PelletTaken,25,111,23,11,0,0,9.212,181.000,0,2,,,,,,,,,,,,,,,,
2026-08-18 18:24:10,35020.511719,B8DB8AF16E20,0003,male,C57BL/6,1.1.1,FR1_Approach,0,PelletDrop,26,113,23,11,0,0,,,,,,,,,,,,,,,,,,,,
2026-08-18 18:24:23,35033.308594,B8DB8AF16E20,0003,male,C57BL/6,1.1.1,FR1_Approach,0,PelletTaken,26,113,23,11,0,0,12.193,190.000,0,2,,,,,,,,,,,,,,,,
2026-08-18 18:25:09,35079.453125,B8DB8AF16E20,0003,male,C57BL/6,1.1.1,FR1_Approach,0,PelletDrop,27,116,23,11,0,0,,,,,,,,,,,,,,,,,,,,
2026-08-18 18:25:21,35091.691406,B8DB8AF16E20,0003,male,C57BL/6,1.1.1,FR1_Approach,0,PelletTaken,27,116,23,11,0,0,11.620,95.000,0,2,,,,,,,,,,,,,,,,
2026-08-18 18:33:12,35563.300781,B8DB8AF16E20,0003,male,C57BL/6,1.1.1,FR1_Approach,0,Status,27,116,23,11,0,0,,,,,Disabled,23.9,43.9,1010.8,12.7,0.000,0.000,249160,339956,246240,8097,4.14,93.70
2026-08-18 18:40:52,36023.550781,B8DB8AF16E20,0003,male,C57BL/6,1.1.1,FR1_Approach,0,PelletDrop,28,120,25,11,0,0,,,,,,,,,,,,,,,,,,,,
2026-08-18 18:41:00,36031.710938,B8DB8AF16E20,0003,male,C57BL/6,1.1.1,FR1_Approach,0,PelletTaken,28,120,25,11,0,0,7.540,96.000,0,2,,,,,,,,,,,,,,,,
2026-08-18 18:43:15,36166.402344,B8DB8AF16E20,0003,male,C57BL/6,1.1.1,FR1_Approach,0,Status,28,120,25,11,0,0,,,,,Disabled,24.0,44.1,1010.7,12.7,0.000,0.000,249160,339956,246240,8236,4.14,93.55
2026-08-18 18:53:18,36770.562500,B8DB8AF16E20,0003,male,C57BL/6,1.1.1,FR1_Approach,0,Status,28,120,25,11,0,0,,,,,Disabled,24.0,44.3,1010.7,12.6,0.000,0.000,249160,339956,246240,8374,4.14,93.55
2026-08-18 18:56:47,36979.148438,B8DB8AF16E20,0003,male,C57BL/6,1.1.1,FR1_Approach,0,PelletDrop,29,125,26,11,0,0,,,,,,,,,,,,,,,,,,,,
2026-08-18 18:56:54,36986.542969,B8DB8AF16E20,0003,male,C57BL/6,1.1.1,FR1_Approach,0,PelletTaken,29,125,26,11,0,0,6.791,11.000,0,2,,,,,,,,,,,,,,,,
2026-08-18 19:03:19,37371.718750,B8DB8AF16E20,0003,male,C57BL/6,1.1.1,FR1_Approach,0,Status,29,126,26,11,0,0,,,,,Disabled,24.0,44.4,1010.6,12.6,0.000,0.000,249160,339956,246240,8513,4.14,93.39
2026-08-18 19:04:34,37446.597656,B8DB8AF16E20,0003,male,C57BL/6,1.1.1,FR1_Approach,0,PelletDrop,30,131,26,11,0,0,,,,,,,,,,,,,,,,,,,,
2026-08-18 19:04:42,37454.695312,B8DB8AF16E20,0003,male,C57BL/6,1.1.1,FR1_Approach,0,PelletTaken,30,131,26,11,0,0,7.495,162.000,0,2,,,,,,,,,,,,,,,,
2026-08-18 19:13:21,37974.433594,B8DB8AF16E20,0003,male,C57BL/6,1.1.1,FR1_Approach,0,Status,30,131,26,11,0,0,,,,,Disabled,24.0,44.4,1010.6,12.6,0.000,0.000,249160,339956,246240,8652,4.14,93.39
2026-08-18 19:21:06,38440.175781,B8DB8AF16E20,0003,male,C57BL/6,1.1.1,FR1_Approach,0,PelletDrop,31,138,26,11,0,0,,,,,,,,,,,,,,,,,,,,
2026-08-18 19:21:14,38448.070312,B8DB8AF16E20,0003,male,C57BL/6,1.1.1,FR1_Approach,0,PelletTaken,31,138,26,11,0,0,7.275,209.000,0,2,,,,,,,,,,,,,,,,
2026-08-18 19:23:24,38578.367188,B8DB8AF16E20,0003,male,C57BL/6,1.1.1,FR1_Approach,0,Status,31,138,26,11,0,0,,,,,Disabled,24.0,44.3,1010.5,12.6,0.000,0.000,249160,339956,246240,8791,4.13,93.23
2026-08-18 19:23:41,38594.492188,B8DB8AF16E20,0003,male,C57BL/6,1.1.1,FR1_Approach,0,PelletDrop,32,146,26,11,0,0,,,,,,,,,,,,,,,,,,,,
2026-08-18 19:23:48,38601.906250,B8DB8AF16E20,0003,male,C57BL/6,1.1.1,FR1_Approach,0,PelletTaken,32,146,26,11,0,0,6.792,12.000,0,2,,,,,,,,,,,,,,,,
2026-08-18 19:28:29,38882.757812,B8DB8AF16E20,0003,male,C57BL/6,1.1.1,FR1_Approach,0,PelletDrop,33,155,27,11,0,0,,,,,,,,,,,,,,,,,,,,
2026-08-18 19:28:38,38892.417969,B8DB8AF16E20,0003,male,C57BL/6,1.1.1,FR1_Approach,0,PelletTaken,33,155,27,11,0,0,9.058,135.000,0,1,,,,,,,,,,,,,,,,
2026-08-18 19:33:28,39182.105469,B8DB8AF16E20,0003,male,C57BL/6,1.1.1,FR1_Approach,0,Status,33,156,27,11,0,0,,,,,Disabled,24.0,44.3,1010.5,12.6,0.000,0.000,249160,339956,246240,8939,4.13,93.07
2026-08-18 19:43:30,39784.925781,B8DB8AF16E20,0003,male,C57BL/6,1.1.1,FR1_Approach,0,Status,33,156,27,11,0,0,,,,,Disabled,24.0,44.3,1010.4,12.6,0.000,0.000,249160,339956,246240,9076,4.13,93.07
2026-08-18 19:44:30,39845.296875,B8DB8AF16E20,0003,male,C57BL/6,1.1.1,FR1_Approach,0,PelletDrop,34,165,27,11,0,0,,,,,,,,,,,,,,,,,,,,
2026-08-18 19:44:41,39856.542969,B8DB8AF16E20,0003,male,C57BL/6,1.1.1,FR1_Approach,0,PelletTaken,34,165,27,11,0,0,10.631,86.000,0,2,,,,,,,,,,,,,,,,
2026-08-18 19:45:20,39895.296875,B8DB8AF16E20,0003,male,C57BL/6,1.1.1,FR1_Approach,0,PelletDrop,35,176,27,11,0,0,,,,,,,,,,,,,,,,,,,,
2026-08-18 19:45:28,39903.152344,B8DB8AF16E20,0003,male,C57BL/6,1.1.1,FR1_Approach,0,PelletTaken,35,176,27,11,0,0,7.242,20.000,0,2,,,,,,,,,,,,,,,,
2026-08-18 19:53:30,40386.128906,B8DB8AF16E20,0003,male,C57BL/6,1.1.1,FR1_Approach,0,Status,35,178,27,11,0,0,,,,,Disabled,24.0,44.3,1010.4,12.6,0.000,0.000,249160,339956,246240,9222,4.13,93.07
2026-08-18 20:03:34,40990.335938,B8DB8AF16E20,0003,male,C57BL/6,1.1.1,FR1_Approach,0,Status,35,179,27,11,0,0,,,,,Disabled,24.0,44.4,1010.3,12.6,0.000,0.000,249160,339956,246240,9360,4.13,92.91
2026-08-18 20:06:53,41189.300781,B8DB8AF16E20,0003,male,C57BL/6,1.1.1,FR1_Approach,0,PelletDrop,36,188,30,11,0,0,,,,,,,,,,,,,,,,,,,,
2026-08-18 20:06:58,41194.320312,B8DB8AF16E20,0003,male,C57BL/6,1.1.1,FR1_Approach,0,PelletTaken,36,188,30,11,0,0,4.416,22.000,0,3,,,,,,,,,,,,,,,,
2026-08-18 20:12:36,41532.855469,B8DB8AF16E20,0003,male,C57BL/6,1.1.1,FR1_Approach,0,PelletDrop,37,201,33,11,0,0,,,,,,,,,,,,,,,,,,,,
2026-08-18 20:12:42,41539.281250,B8DB8AF16E20,0003,male,C57BL/6,1.1.1,FR1_Approach,0,PelletTaken,37,201,33,11,0,0,5.824,162.000,0,2,,,,,,,,,,,,,,,,
2026-08-18 20:13:46,41602.992188,B8DB8AF16E20,0003,male,C57BL/6,1.1.1,FR1_Approach,0,PelletDrop,38,215,33,11,0,0,,,,,,,,,,,,,,,,,,,,
2026-08-18 20:13:53,41609.742188,B8DB8AF16E20,0003,male,C57BL/6,1.1.1,FR1_Approach,0,PelletTaken,38,215,33,11,0,0,6.143,40.000,0,2,,,,,,,,,,,,,,,,
2026-08-18 20:14:01,41617.542969,B8DB8AF16E20,0003,male,C57BL/6,1.1.1,FR1_Approach,0,Status,38,215,33,11,0,0,,,,,Disabled,24.1,44.4,1010.3,12.5,0.000,0.000,249160,339956,246240,9530,4.13,92.91
2026-08-18 20:24:03,42220.347656,B8DB8AF16E20,0003,male,C57BL/6,1.1.1,FR1_Approach,0,Status,38,215,33,11,0,0,,,,,Disabled,24.1,44.5,1010.3,12.5,0.000,0.000,249160,339956,246240,9667,4.13,92.75
2026-08-18 20:24:33,42250.976562,B8DB8AF16E20,0003,male,C57BL/6,1.1.1,FR1_Approach,0,PelletDrop,39,230,33,11,0,0,,,,,,,,,,,,,,,,,,,,
2026-08-18 20:24:41,42259.109375,B8DB8AF16E20,0003,male,C57BL/6,1.1.1,FR1_Approach,0,PelletTaken,39,230,33,11,0,0,7.529,12.000,0,2,,,,,,,,,,,,,,,,
2026-08-18 20:34:03,42821.250000,B8DB8AF16E20,0003,male,C57BL/6,1.1.1,FR1_Approach,0,Status,39,232,33,11,0,0,,,,,Disabled,24.1,44.5,1010.2,12.6,0.000,0.000,249160,339956,246240,9815,4.13,92.60
2026-08-18 20:44:05,43424.031250,B8DB8AF16E20,0003,male,C57BL/6,1.1.1,FR1_Approach,0,Status,39,232,33,11,0,0,,,,,Disabled,24.1,44.5,1010.2,12.6,0.000,0.000,249160,339956,246240,9952,4.13,92.60
2026-08-18 20:46:51,43590.117188,B8DB8AF16E20,0003,male,C57BL/6,1.1.1,FR1_Approach,0,PelletDrop,40,246,33,11,0,0,,,,,,,,,,,,,,,,,,,,
2026-08-18 20:46:57,43595.996094,B8DB8AF16E20,0003,male,C57BL/6,1.1.1,FR1_Approach,0,PelletTaken,40,246,33,11,0,0,5.273,20.000,0,2,,,,,,,,,,,,,,,,
2026-08-18 20:47:50,43648.937500,B8DB8AF16E20,0003,male,C57BL/6,1.1.1,FR1_Approach,0,PelletDrop,41,263,33,11,0,0,,,,,,,,,,,,,,,,,,,,
2026-08-18 20:47:51,43650.148438,B8DB8AF16E20,0003,male,C57BL/6,1.1.1,FR1_Approach,0,PelletNotDetected,41,263,33,11,0,0,,,,,,,,,,,,,,,,,,,,
2026-08-18 20:48:52,43711.046875,B8DB8AF16E20,0003,male,C57BL/6,1.1.1,FR1_Approach,0,PelletDrop,42,281,33,11,0,0,,,,,,,,,,,,,,,,,,,,
2026-08-18 20:48:53,43712.242188,B8DB8AF16E20,0003,male,C57BL/6,1.1.1,FR1_Approach,0,PelletNotDetected,42,281,33,11,0,0,,,,,,,,,,,,,,,,,,,,
2026-08-18 20:51:24,43863.234375,B8DB8AF16E20,0003,male,C57BL/6,1.1.1,FR1_Approach,0,PelletDrop,43,300,58,11,0,0,,,,,,,,,,,,,,,,,,,,
2026-08-18 20:51:29,43867.941406,B8DB8AF16E20,0003,male,C57BL/6,1.1.1,FR1_Approach,0,PelletTaken,43,300,58,11,0,0,4.086,78.000,0,5,,,,,,,,,,,,,,,,
2026-08-18 20:52:27,43926.578125,B8DB8AF16E20,0003,male,C57BL/6,1.1.1,FR1_Approach,0,PelletDrop,44,320,58,11,0,0,,,,,,,,,,,,,,,,,,,,
2026-08-18 20:52:35,43934.171875,B8DB8AF16E20,0003,male,C57BL/6,1.1.1,FR1_Approach,0,PelletTaken,44,320,58,11,0,0,6.990,60.000,0,2,,,,,,,,,,,,,,,,
2026-08-18 20:54:06,44025.105469,B8DB8AF16E20,0003,male,C57BL/6,1.1.1,FR1_Approach,0,Status,44,320,58,11,0,0,,,,,Disabled,24.1,44.5,1010.2,12.5,0.000,0.000,249160,339956,246240,10173,4.13,92.44
2026-08-18 21:04:08,44627.906250,B8DB8AF16E20,0003,male,C57BL/6,1.1.1,FR1_Approach,0,Status,44,320,58,11,0,0,,,,,Disabled,24.1,44.4,1010.2,12.5,0.000,0.000,249160,339956,246240,10310,4.13,92.28
2026-08-18 21:14:10,45230.710938,B8DB8AF16E20,0003,male,C57BL/6,1.1.1,FR1_Approach,0,Status,44,320,58,11,0,0,,,,,Disabled,24.1,44.4,1010.2,12.6,0.000,0.000,249160,339956,246240,10447,4.12,92.28
2026-08-18 21:20:28,45608.910156,B8DB8AF16E20,0003,male,C57BL/6,1.1.1,FR1_Approach,0,PelletDrop,45,341,58,11,0,0,,,,,,,,,,,,,,,,,,,,
2026-08-18 21:20:33,45613.601562,B8DB8AF16E20,0003,male,C57BL/6,1.1.1,FR1_Approach,0,PelletTaken,45,341,58,11,0,0,4.086,40.000,0,3,,,,,,,,,,,,,,,,
2026-08-18 21:24:10,45831.402344,B8DB8AF16E20,0003,male,C57BL/6,1.1.1,FR1_Approach,0,Status,45,341,58,11,0,0,,,,,Disabled,24.1,44.3,1010.2,12.6,0.000,0.000,249160,339956,246240,10599,4.12,92.12
2026-08-18 21:26:40,45981.363281,B8DB8AF16E20,0003,male,C57BL/6,1.1.1,FR1_Approach,0,PelletDrop,46,363,62,11,0,0,,,,,,,,,,,,,,,,,,,,
2026-08-18 21:26:48,45988.781250,B8DB8AF16E20,0003,male,C57BL/6,1.1.1,FR1_Approach,0,PelletTaken,46,363,62,11,0,0,6.813,21.000,0,2,,,,,,,,,,,,,,,,
2026-08-18 21:27:39,46040.179688,B8DB8AF16E20,0003,male,C57BL/6,1.1.1,FR1_Approach,0,PelletDrop,47,386,62,11,0,0,,,,,,,,,,,,,,,,,,,,
2026-08-18 21:27:46,46046.894531,B8DB8AF16E20,0003,male,C57BL/6,1.1.1,FR1_Approach,0,PelletTaken,47,386,62,11,0,0,6.109,49.000,0,2,,,,,,,,,,,,,,,,
2026-08-18 21:34:10,46431.597656,B8DB8AF16E20,0003,male,C57BL/6,1.1.1,FR1_Approach,0,Status,47,387,65,11,0,0,,,,,Disabled,24.1,44.4,1010.2,12.6,0.000,0.000,249160,339956,246240,10771,4.13,92.12
2026-08-18 21:44:10,47032.734375,B8DB8AF16E20,0003,male,C57BL/6,1.1.1,FR1_Approach,0,Status,47,388,65,11,0,0,,,,,Disabled,24.1,44.2,1010.3,12.6,0.000,0.000,249160,339956,246240,10908,4.12,91.96
2026-08-18 21:54:13,47635.535156,B8DB8AF16E20,0003,male,C57BL/6,1.1.1,FR1_Approach,0,Status,47,388,65,11,0,0,,,,,Disabled,24.0,44.3,1010.3,12.6,0.000,0.000,249160,339956,246240,11045,4.12,91.80
2026-08-18 21:57:11,47814.367188,B8DB8AF16E20,0003,male,C57BL/6,1.1.1,FR1_Approach,0,PelletDrop,48,410,65,11,0,0,,,,,,,,,,,,,,,,,,,,
2026-08-18 21:57:18,47821.191406,B8DB8AF16E20,0003,male,C57BL/6,1.1.1,FR1_Approach,0,PelletTaken,48,410,65,11,0,0,6.219,145.000,0,2,,,,,,,,,,,,,,,,
2026-08-18 21:58:15,47878.195312,B8DB8AF16E20,0003,male,C57BL/6,1.1.1,FR1_Approach,0,PelletDrop,49,435,65,11,0,0,,,,,,,,,,,,,,,,,,,,
2026-08-18 21:58:24,47887.429688,B8DB8AF16E20,0003,male,C57BL/6,1.1.1,FR1_Approach,0,PelletTaken,49,435,65,11,0,0,8.618,97.000,0,2,,,,,,,,,,,,,,,,
2026-08-18 22:04:13,48236.511719,B8DB8AF16E20,0003,male,C57BL/6,1.1.1,FR1_Approach,0,Status,49,435,65,11,0,0,,,,,Disabled,24.1,44.4,1010.3,12.6,0.000,0.000,249160,339956,246240,11217,4.12,91.80
2026-08-18 22:14:15,48839.292969,B8DB8AF16E20,0003,male,C57BL/6,1.1.1,FR1_Approach,0,Status,49,435,65,11,0,0,,,,,Disabled,24.0,44.4,1010.3,12.6,0.000,0.000,249160,339956,246240,11354,4.12,91.65
2026-08-18 22:22:02,49306.414062,B8DB8AF16E20,0003,male,C57BL/6,1.1.1,FR1_Approach,0,PelletDrop,50,461,65,11,0,0,,,,,,,,,,,,,,,,,,,,
2026-08-18 22:22:11,49315.351562,B8DB8AF16E20,0003,male,C57BL/6,1.1.1,FR1_Approach,0,PelletTaken,50,461,65,11,0,0,8.332,144.000,0,2,,,,,,,,,,,,,,,,
2026-08-18 22:24:16,49440.378906,B8DB8AF16E20,0003,male,C57BL/6,1.1.1,FR1_Approach,0,Status,50,462,65,11,0,0,,,,,Disabled,24.0,44.3,1010.4,12.6,0.000,0.000,249160,339956,246240,11509,4.12,91.65
2026-08-18 22:34:18,50043.195312,B8DB8AF16E20,0003,male,C57BL/6,1.1.1,FR1_Approach,0,Status,50,462,65,11,0,0,,,,,Disabled,24.0,44.3,1010.4,12.6,0.000,0.000,249160,339956,246240,11646,4.12,91.65
2026-08-18 22:44:20,50645.976562,B8DB8AF16E20,0003,male,C57BL/6,1.1.1,FR1_Approach,0,Status,50,462,65,11,0,0,,,,,Disabled,24.0,44.2,1010.4,12.7,0.000,0.000,249160,339956,246240,11783,4.11,91.49
2026-08-18 22:54:22,51248.781250,B8DB8AF16E20,0003,male,C57BL/6,1.1.1,FR1_Approach,0,Status,50,462,65,11,0,0,,,,,Disabled,24.0,44.2,1010.3,12.7,0.000,0.000,249160,339956,246240,11920,4.12,91.49
2026-08-18 23:04:24,51851.601562,B8DB8AF16E20,0003,male,C57BL/6,1.1.1,FR1_Approach,0,Status,50,462,65,11,0,0,,,,,Disabled,24.0,44.1,1010.3,12.7,0.000,0.000,249160,339956,246240,12057,4.12,91.33
2026-08-18 23:14:26,52454.382812,B8DB8AF16E20,0003,male,C57BL/6,1.1.1,FR1_Approach,0,Status,50,462,65,11,0,0,,,,,Disabled,23.9,44.0,1010.2,12.7,0.000,0.000,249160,339956,246240,12194,4.12,91.33
2026-08-18 23:24:29,53057.199219,B8DB8AF16E20,0003,male,C57BL/6,1.1.1,FR1_Approach,0,Status,50,462,65,11,0,0,,,,,Disabled,23.9,44.0,1010.2,12.7,0.000,0.000,249160,339956,246240,12331,4.12,91.17
2026-08-18 23:34:31,53660.003906,B8DB8AF16E20,0003,male,C57BL/6,1.1.1,FR1_Approach,0,Status,50,462,65,11,0,0,,,,,Disabled,23.9,43.9,1010.2,12.7,0.000,0.000,249160,339956,246240,12468,4.12,91.17
2026-08-18 23:44:33,54262.808594,B8DB8AF16E20,0003,male,C57BL/6,1.1.1,FR1_Approach,0,Status,50,462,65,11,0,0,,,,,Disabled,23.9,43.9,1010.2,12.7,0.000,0.000,249160,339956,246240,12605,4.12,91.02
2026-08-18 23:46:47,54396.605469,B8DB8AF16E20,0003,male,C57BL/6,1.1.1,FR1_Approach,0,PelletDrop,51,463,65,11,0,0,,,,,,,,,,,,,,,,,,,,
2026-08-18 23:47:01,54411.324219,B8DB8AF16E20,0003,male,C57BL/6,1.1.1,FR1_Approach,0,PelletTaken,51,463,65,11,0,0,14.117,11.000,0,2,,,,,,,,,,,,,,,,
2026-08-18 23:54:35,54865.394531,B8DB8AF16E20,0003,male,C57BL/6,1.1.1,FR1_Approach,0,Status,51,463,65,11,0,0,,,,,Disabled,23.9,43.8,1010.3,12.6,0.000,0.000,249160,339956,246240,12739,4.12,91.02
2026-08-19 00:04:37,55468.210938,B8DB8AF16E20,0003,male,C57BL/6,1.1.1,FR1_Approach,0,Status,51,463,65,11,0,0,,,,,Disabled,23.9,43.8,1010.3,12.6,0.000,0.000,249160,339956,246240,12876,4.11,90.86
2026-08-19 00:13:44,56015.343750,B8DB8AF16E20,0003,male,C57BL/6,1.1.1,FR1_Approach,0,PelletDrop,52,465,65,11,0,0,,,,,,,,,,,,,,,,,,,,
2026-08-19 00:13:56,56027.656250,B8DB8AF16E20,0003,male,C57BL/6,1.1.1,FR1_Approach,0,PelletTaken,52,465,65,11,0,0,11.708,20.000,0,2,,,,,,,,,,,,,,,,
2026-08-19 00:14:27,56059.070312,B8DB8AF16E20,0003,male,C57BL/6,1.1.1,FR1_Approach,0,PelletDrop,53,468,65,11,0,0,,,,,,,,,,,,,,,,,,,,
2026-08-19 00:14:41,56073.054688,B8DB8AF16E20,0003,male,C57BL/6,1.1.1,FR1_Approach,0,PelletTaken,53,468,65,11,0,0,13.359,29.000,0,2,,,,,,,,,,,,,,,,
2026-08-19 00:14:49,56080.867188,B8DB8AF16E20,0003,male,C57BL/6,1.1.1,FR1_Approach,0,Status,53,468,65,11,0,0,,,,,Disabled,24.0,43.5,1010.5,12.6,0.000,0.000,249160,339956,246240,13011,4.11,90.86
2026-08-19 00:24:51,56683.671875,B8DB8AF16E20,0003,male,C57BL/6,1.1.1,FR1_Approach,0,Status,53,468,65,11,0,0,,,,,Disabled,24.0,43.8,1010.5,12.6,0.000,0.000,249160,339956,246240,13148,4.11,90.70
2026-08-19 00:27:28,56840.386719,B8DB8AF16E20,0003,male,C57BL/6,1.1.1,FR1_Approach,0,PelletDrop,54,472,70,11,0,0,,,,,,,,,,,,,,,,,,,,
2026-08-19 00:27:38,56850.734375,B8DB8AF16E20,0003,male,C57BL/6,1.1.1,FR1_Approach,0,PelletTaken,54,472,70,11,0,0,9.718,88.000,0,3,,,,,,,,,,,,,,,,
2026-08-19 00:32:27,57139.246094,B8DB8AF16E20,0003,male,C57BL/6,1.1.1,FR1_Approach,0,PelletDrop,55,477,70,11,0,0,,,,,,,,,,,,,,,,,,,,
2026-08-19 00:32:41,57153.246094,B8DB8AF16E20,0003,male,C57BL/6,1.1.1,FR1_Approach,0,PelletTaken,55,477,70,11,0,0,13.358,96.000,0,2,,,,,,,,,,,,,,,,
2026-08-19 00:34:55,57287.972656,B8DB8AF16E20,0003,male,C57BL/6,1.1.1,FR1_Approach,0,Status,55,477,70,11,0,0,,,,,Disabled,24.0,43.9,1010.6,12.7,0.000,0.000,249160,339956,246240,13290,4.11,90.54
2026-08-19 00:44:55,57888.074219,B8DB8AF16E20,0003,male,C57BL/6,1.1.1,FR1_Approach,0,Status,55,479,70,11,0,0,,,,,Disabled,24.0,44.2,1010.7,12.6,0.000,0.000,249160,339956,246240,13429,4.11,90.54
2026-08-19 00:45:48,57941.925781,B8DB8AF16E20,0003,male,C57BL/6,1.1.1,FR1_Approach,0,PelletDrop,56,483,72,11,0,0,,,,,,,,,,,,,,,,,,,,
2026-08-19 00:45:58,57951.730469,B8DB8AF16E20,0003,male,C57BL/6,1.1.1,FR1_Approach,0,PelletTaken,56,483,72,11,0,0,9.179,49.000,0,2,,,,,,,,,,,,,,,,
2026-08-19 00:51:38,58291.800781,B8DB8AF16E20,0003,male,C57BL/6,1.1.1,FR1_Approach,0,PelletDrop,57,490,72,11,0,0,,,,,,,,,,,,,,,,,,,,
2026-08-19 00:51:45,58298.804688,B8DB8AF16E20,0003,male,C57BL/6,1.1.1,FR1_Approach,0,PelletTaken,57,490,72,11,0,0,6.363,30.000,0,2,,,,,,,,,,,,,,,,
2026-08-19 00:54:56,58490.398438,B8DB8AF16E20,0003,male,C57BL/6,1.1.1,FR1_Approach,0,Status,57,490,72,11,0,0,,,,,Disabled,24.0,44.2,1010.7,12.6,0.000,0.000,249160,339956,246240,13572,4.11,90.38
2026-08-19 01:00:38,58832.078125,B8DB8AF16E20,0003,male,C57BL/6,1.1.1,FR1_Approach,0,PelletDrop,58,498,72,11,0,0,,,,,,,,,,,,,,,,,,,,
2026-08-19 01:00:39,58833.300781,B8DB8AF16E20,0003,male,C57BL/6,1.1.1,FR1_Approach,0,PelletNotDetected,58,498,72,11,0,0,,,,,,,,,,,,,,,,,,,,
2026-08-19 01:04:56,59090.527344,B8DB8AF16E20,0003,male,C57BL/6,1.1.1,FR1_Approach,0,Status,58,498,72,11,0,0,,,,,Disabled,24.0,44.2,1010.6,12.6,0.000,0.000,249160,339956,246240,13716,4.11,90.38
2026-08-19 01:14:59,59694.140625,B8DB8AF16E20,0003,male,C57BL/6,1.1.1,FR1_Approach,0,Status,58,498,72,11,0,0,,,,,Disabled,24.0,44.3,1010.5,12.6,0.000,0.000,249160,339956,246240,13853,4.11,90.22
2026-08-19 01:15:20,59715.390625,B8DB8AF16E20,0003,male,C57BL/6,1.1.1,FR1_Approach,0,PelletDrop,59,507,73,11,0,0,,,,,,,,,,,,,,,,,,,,
2026-08-19 01:15:29,59724.285156,B8DB8AF16E20,0003,male,C57BL/6,1.1.1,FR1_Approach,0,PelletTaken,59,507,73,11,0,0,8.255,220.000,0,3,,,,,,,,,,,,,,,,
2026-08-19 01:25:01,60296.527344,B8DB8AF16E20,0003,male,C57BL/6,1.1.1,FR1_Approach,0,Status,59,507,73,11,0,0,,,,,Disabled,24.0,44.3,1010.4,12.6,0.000,0.000,249160,339956,246240,13995,4.11,90.07
2026-08-19 01:26:43,60399.527344,B8DB8AF16E20,0003,male,C57BL/6,1.1.1,FR1_Approach,0,PelletDrop,60,517,73,11,0,0,,,,,,,,,,,,,,,,,,,,
2026-08-19 01:26:52,60408.445312,B8DB8AF16E20,0003,male,C57BL/6,1.1.1,FR1_Approach,0,PelletTaken,60,517,73,11,0,0,8.277,40.000,0,2,,,,,,,,,,,,,,,,
2026-08-19 01:28:09,60485.644531,B8DB8AF16E20,0003,male,C57BL/6,1.1.1,FR1_Approach,0,PelletDrop,61,528,77,11,0,0,,,,,,,,,,,,,,,,,,,,
2026-08-19 01:28:18,60494.414062,B8DB8AF16E20,0003,male,C57BL/6,1.1.1,FR1_Approach,0,PelletTaken,61,528,77,11,0,0,8.145,87.000,0,2,,,,,,,,,,,,,,,,
2026-08-19 01:30:39,60635.414062,B8DB8AF16E20,0003,male,C57BL/6,1.1.1,FR1_Approach,0,PelletDrop,62,540,80,14,0,0,,,,,,,,,,,,,,,,,,,,
2026-08-19 01:30:47,60643.261719,B8DB8AF16E20,0003,male,C57BL/6,1.1.1,FR1_Approach,0,PelletTaken,62,540,80,14,0,0,7.221,108.000,0,2,,,,,,,,,,,,,,,,
2026-08-19 01:35:03,60899.460938,B8DB8AF16E20,0003,male,C57BL/6,1.1.1,FR1_Approach,0,Status,62,540,81,14,0,0,,,,,Disabled,24.0,44.2,1010.3,12.5,0.000,0.000,249160,339956,246240,14157,4.11,90.07
2026-08-19 01:45:05,61502.285156,B8DB8AF16E20,0003,male,C57BL/6,1.1.1,FR1_Approach,0,Status,62,540,81,14,0,0,,,,,Disabled,24.0,44.3,1010.2,12.6,0.000,0.000,249160,339956,246240,14294,4.11,89.91
2026-08-19 01:55:08,62105.550781,B8DB8AF16E20,0003,male,C57BL/6,1.1.1,FR1_Approach,0,Status,62,540,83,14,0,0,,,,,Disabled,24.0,44.6,1010.2,12.6,0.000,0.000,249160,339956,246240,14432,4.11,89.91
2026-08-19 02:01:02,62460.476562,B8DB8AF16E20,0003,male,C57BL/6,1.1.1,FR1_Approach,0,PelletDrop,63,541,83,14,0,0,,,,,,,,,,,,,,,,,,,,
2026-08-19 02:01:13,62470.730469,B8DB8AF16E20,0003,male,C57BL/6,1.1.1,FR1_Approach,0,PelletTaken,63,541,83,14,0,0,9.630,146.000,0,2,,,,,,,,,,,,,,,,
2026-08-19 02:02:10,62527.738281,B8DB8AF16E20,0003,male,C57BL/6,1.1.1,FR1_Approach,0,PelletDrop,64,543,83,14,0,0,,,,,,,,,,,,,,,,,,,,
2026-08-19 02:02:20,62538.425781,B8DB8AF16E20,0003,male,C57BL/6,1.1.1,FR1_Approach,0,PelletTaken,64,543,83,14,0,0,10.059,1245.000,0,2,,,,,,,,,,,,,,,,
2026-08-19 02:05:11,62709.773438,B8DB8AF16E20,0003,male,C57BL/6,1.1.1,FR1_Approach,0,Status,64,543,84,14,0,0,,,,,Disabled,24.0,44.2,1010.2,12.6,0.000,0.000,249160,339956,246240,14562,4.11,89.75
2026-08-19 02:15:14,63312.613281,B8DB8AF16E20,0003,male,C57BL/6,1.1.1,FR1_Approach,0,Status,64,543,84,14,0,0,,,,,Disabled,24.0,44.3,1010.3,12.6,0.000,0.000,249160,339956,246240,14699,4.11,89.75
2026-08-19 02:25:16,63915.441406,B8DB8AF16E20,0003,male,C57BL/6,1.1.1,FR1_Approach,0,Status,64,543,84,14,0,0,,,,,Disabled,24.0,44.3,1010.4,12.6,0.000,0.000,249160,339956,246240,14836,4.10,89.59
2026-08-19 02:35:18,64518.246094,B8DB8AF16E20,0003,male,C57BL/6,1.1.1,FR1_Approach,0,Status,64,543,84,14,0,0,,,,,Disabled,24.0,44.2,1010.3,12.6,0.000,0.000,249160,339956,246240,14973,4.11,89.59
2026-08-19 02:45:20,65121.089844,B8DB8AF16E20,0003,male,C57BL/6,1.1.1,FR1_Approach,0,Status,64,543,84,14,0,0,,,,,Disabled,23.9,44.2,1010.2,12.7,0.000,0.000,249160,339956,246240,15110,4.10,89.43
2026-08-19 02:55:22,65723.914062,B8DB8AF16E20,0003,male,C57BL/6,1.1.1,FR1_Approach,0,Status,64,543,84,14,0,0,,,,,Disabled,23.9,44.2,1010.2,12.7,0.000,0.000,249160,339956,246240,15247,4.10,89.43
2026-08-19 03:05:25,66326.750000,B8DB8AF16E20,0003,male,C57BL/6,1.1.1,FR1_Approach,0,Status,64,543,84,14,0,0,,,,,Disabled,23.9,44.1,1010.0,12.7,0.000,0.000,249160,339956,246240,15384,4.10,89.27
2026-08-19 03:15:27,66929.585938,B8DB8AF16E20,0003,male,C57BL/6,1.1.1,FR1_Approach,0,Status,64,543,84,14,0,0,,,,,Disabled,23.8,44.1,1009.9,12.7,0.000,0.000,249160,339956,246240,15521,4.10,89.27
2026-08-19 03:25:29,67532.414062,B8DB8AF16E20,0003,male,C57BL/6,1.1.1,FR1_Approach,0,Status,64,543,84,14,0,0,,,,,Disabled,23.8,44.0,1009.8,12.7,0.000,0.000,249160,339956,246240,15658,4.10,89.12
2026-08-19 03:35:31,68135.234375,B8DB8AF16E20,0003,male,C57BL/6,1.1.1,FR1_Approach,0,Status,64,543,84,14,0,0,,,,,Disabled,23.8,44.0,1009.7,12.7,0.000,0.000,249160,339956,246240,15795,4.10,89.12
2026-08-19 03:45:34,68738.062500,B8DB8AF16E20,0003,male,C57BL/6,1.1.1,FR1_Approach,0,Status,64,543,84,14,0,0,,,,,Disabled,23.8,43.9,1009.7,12.8,0.000,0.000,249160,339956,246240,15932,4.10,88.96
2026-08-19 03:49:32,68976.468750,B8DB8AF16E20,0003,male,C57BL/6,1.1.1,FR1_Approach,0,PelletDrop,65,544,84,14,0,0,,,,,,,,,,,,,,,,,,,,
2026-08-19 03:49:33,68977.421875,B8DB8AF16E20,0003,male,C57BL/6,1.1.1,FR1_Approach,0,PelletTaken,65,544,84,14,0,0,0.313,31.000,0,1,,,,,,,,,,,,,,,,
2026-08-19 03:50:03,69008.125000,B8DB8AF16E20,0003,male,C57BL/6,1.1.1,FR1_Approach,0,PelletDrop,66,546,84,14,0,0,,,,,,,,,,,,,,,,,,,,
2026-08-19 03:50:15,69020.140625,B8DB8AF16E20,0003,male,C57BL/6,1.1.1,FR1_Approach,0,PelletTaken,66,546,84,14,0,0,11.390,39.000,0,2,,,,,,,,,,,,,,,,
2026-08-19 03:51:02,69067.148438,B8DB8AF16E20,0003,male,C57BL/6,1.1.1,FR1_Approach,0,PelletDrop,67,549,84,14,0,0,,,,,,,,,,,,,,,,,,,,
2026-08-19 03:51:12,69076.679688,B8DB8AF16E20,0003,male,C57BL/6,1.1.1,FR1_Approach,0,PelletTaken,67,549,84,14,0,0,8.904,12.000,0,3,,,,,,,,,,,,,,,,
2026-08-19 03:55:33,69338.257812,B8DB8AF16E20,0003,male,C57BL/6,1.1.1,FR1_Approach,0,Status,67,549,84,14,0,0,,,,,Disabled,23.8,43.8,1009.8,12.7,0.000,0.000,249160,339956,246240,16064,4.10,88.96
2026-08-19 04:05:35,69941.304688,B8DB8AF16E20,0003,male,C57BL/6,1.1.1,FR1_Approach,0,Status,67,549,84,14,0,0,,,,,Disabled,23.8,44.1,1009.9,12.7,0.000,0.000,249160,339956,246240,16202,4.10,88.80
2026-08-19 04:06:24,69989.781250,B8DB8AF16E20,0003,male,C57BL/6,1.1.1,FR1_Approach,0,PelletDrop,68,553,84,14,0,0,,,,,,,,,,,,,,,,,,,,
2026-08-19 04:06:36,70001.843750,B8DB8AF16E20,0003,male,C57BL/6,1.1.1,FR1_Approach,0,PelletTaken,68,553,84,14,0,0,11.434,12.000,0,3,,,,,,,,,,,,,,,,
2026-08-19 04:08:46,70132.156250,B8DB8AF16E20,0003,male,C57BL/6,1.1.1,FR1_Approach,0,PelletDrop,69,558,94,14,0,0,,,,,,,,,,,,,,,,,,,,
2026-08-19 04:09:04,70150.382812,B8DB8AF16E20,0003,male,C57BL/6,1.1.1,FR1_Approach,0,PelletTaken,69,558,94,14,0,0,17.582,88.000,0,2,,,,,,,,,,,,,,,,
2026-08-19 04:15:39,70545.062500,B8DB8AF16E20,0003,male,C57BL/6,1.1.1,FR1_Approach,0,Status,69,560,94,14,0,0,,,,,Disabled,23.9,43.9,1010.0,12.6,0.000,0.000,249160,339956,246240,16353,4.09,88.64
2026-08-19 04:17:22,70648.718750,B8DB8AF16E20,0003,male,C57BL/6,1.1.1,FR1_Approach,0,PelletDrop,70,564,95,14,0,0,,,,,,,,,,,,,,,,,,,,
2026-08-19 04:17:35,70661.375000,B8DB8AF16E20,0003,male,C57BL/6,1.1.1,FR1_Approach,0,PelletTaken,70,564,95,14,0,0,12.006,23.000,0,2,,,,,,,,,,,,,,,,
2026-08-19 04:25:42,71148.601562,B8DB8AF16E20,0003,male,C57BL/6,1.1.1,FR1_Approach,0,Status,70,564,98,14,0,0,,,,,Disabled,23.9,43.9,1010.3,12.6,0.000,0.000,249160,339956,246240,16495,4.10,88.50
2026-08-19 04:35:45,71752.968750,B8DB8AF16E20,0003,male,C57BL/6,1.1.1,FR1_Approach,0,Status,70,564,98,14,0,0,,,,,Disabled,23.9,44.1,1010.4,12.6,0.000,0.000,249160,339956,246240,16633,4.09,88.50
2026-08-19 04:38:38,71925.851562,B8DB8AF16E20,0003,male,C57BL/6,1.1.1,FR1_Approach,0,PelletDrop,71,571,99,14,0,0,,,,,,,,,,,,,,,,,,,,
2026-08-19 04:38:39,71927.070312,B8DB8AF16E20,0003,male,C57BL/6,1.1.1,FR1_Approach,0,PelletNotDetected,71,571,99,14,0,0,,,,,,,,,,,,,,,,,,,,
2026-08-19 04:45:47,72354.929688,B8DB8AF16E20,0003,male,C57BL/6,1.1.1,FR1_Approach,0,Status,71,571,99,14,0,0,,,,,Disabled,23.9,44.2,1010.6,12.6,0.000,0.000,249160,339956,246240,16776,4.10,88.50
2026-08-19 04:55:49,72957.773438,B8DB8AF16E20,0003,male,C57BL/6,1.1.1,FR1_Approach,0,Status,71,571,99,14,0,0,,,,,Disabled,23.9,44.3,1010.8,12.6,0.000,0.000,249160,339956,246240,16913,4.10,88.36
2026-08-19 05:05:51,73560.593750,B8DB8AF16E20,0003,male,C57BL/6,1.1.1,FR1_Approach,0,Status,71,571,99,14,0,0,,,,,Disabled,23.9,44.2,1010.8,12.6,0.000,0.000,249160,339956,246240,17050,4.09,88.36
2026-08-19 05:15:53,74163.406250,B8DB8AF16E20,0003,male,C57BL/6,1.1.1,FR1_Approach,0,Status,71,571,99,14,0,0,,,,,Disabled,23.9,44.2,1010.7,12.6,0.000,0.000,249160,339956,246240,17187,4.09,88.21
2026-08-19 05:25:55,74766.242188,B8DB8AF16E20,0003,male,C57BL/6,1.1.1,FR1_Approach,0,Status,71,571,99,14,0,0,,,,,Disabled,23.9,44.2,1010.6,12.6,0.000,0.000,249160,339956,246240,17324,4.09,88.21
2026-08-19 05:35:58,75369.070312,B8DB8AF16E20,0003,male,C57BL/6,1.1.1,FR1_Approach,0,Status,71,571,99,14,0,0,,,,,Disabled,23.9,44.2,1010.5,12.6,0.000,0.000,249160,339956,246240,17461,4.09,88.07
2026-08-19 05:46:00,75971.890625,B8DB8AF16E20,0003,male,C57BL/6,1.1.1,FR1_Approach,0,Status,71,571,99,14,0,0,,,,,Disabled,23.8,44.2,1010.5,12.6,0.000,0.000,249160,339956,246240,17598,4.09,88.07
2026-08-19 05:56:02,76574.718750,B8DB8AF16E20,0003,male,C57BL/6,1.1.1,FR1_Approach,0,Status,71,571,99,14,0,0,,,,,Disabled,23.8,44.2,1010.3,12.6,0.007,16.000,249160,339956,246240,17735,4.09,88.07
2026-08-19 05:57:44,76676.429688,B8DB8AF16E20,0003,male,C57BL/6,1.1.1,FR1_Approach,0,PelletDrop,72,572,99,14,0,0,,,,,,,,,,,,,,,,,,,,
2026-08-19 05:57:57,76690.265625,B8DB8AF16E20,0003,male,C57BL/6,1.1.1,FR1_Approach,0,PelletTaken,72,572,99,14,0,0,13.193,49.000,0,3,,,,,,,,,,,,,,,,
2026-08-19 05:58:32,76724.320312,B8DB8AF16E20,0003,male,C57BL/6,1.1.1,FR1_Approach,0,PelletDrop,73,574,99,14,0,0,,,,,,,,,,,,,,,,,,,,
2026-08-19 05:58:45,76737.601562,B8DB8AF16E20,0003,male,C57BL/6,1.1.1,FR1_Approach,0,PelletTaken,73,574,99,14,0,0,12.643,77.000,0,2,,,,,,,,,,,,,,,,
2026-08-19 05:59:24,76776.406250,B8DB8AF16E20,0003,male,C57BL/6,1.1.1,FR1_Approach,0,PelletDrop,74,577,99,14,0,0,,,,,,,,,,,,,,,,,,,,
2026-08-19 05:59:39,76791.429688,B8DB8AF16E20,0003,male,C57BL/6,1.1.1,FR1_Approach,0,PelletTaken,74,577,99,14,0,0,14.381,20.000,0,2,,,,,,,,,,,,,,,,
2026-08-19 06:06:02,77175.554688,B8DB8AF16E20,0003,male,C57BL/6,1.1.1,FR1_Approach,0,Status,74,577,99,14,0,0,,,,,Disabled,23.8,44.1,1010.3,12.6,0.007,14.000,249160,339956,246240,17867,4.09,87.93
2026-08-19 06:16:05,77778.382812,B8DB8AF16E20,0003,male,C57BL/6,1.1.1,FR1_Approach,0,Status,74,577,99,14,0,0,,,,,Disabled,23.8,44.1,1010.4,12.6,0.007,14.000,249160,339956,246240,18004,4.09,87.78
2026-08-19 06:26:07,78381.203125,B8DB8AF16E20,0003,male,C57BL/6,1.1.1,FR1_Approach,0,Status,74,577,99,14,0,0,,,,,Disabled,23.8,44.1,1010.5,12.6,0.011,18.000,249160,339956,246240,18141,4.09,87.78
2026-08-19 06:36:09,78984.031250,B8DB8AF16E20,0003,male,C57BL/6,1.1.1,FR1_Approach,0,Status,74,577,99,14,0,0,,,,,Disabled,23.8,44.1,1010.7,12.5,0.011,16.000,249160,339956,246240,18278,4.08,87.64
2026-08-19 06:46:11,79586.851562,B8DB8AF16E20,0003,male,C57BL/6,1.1.1,FR1_Approach,0,Status,74,577,99,14,0,0,,,,,Disabled,23.8,44.1,1010.7,12.6,0.011,16.000,249160,339956,246240,18415,4.09,87.64
2026-08-19 06:56:13,80189.679688,B8DB8AF16E20,0003,male,C57BL/6,1.1.1,FR1_Approach,0,Status,74,577,99,14,0,0,,,,,Disabled,23.8,44.1,1010.7,12.6,0.000,14.000,249160,339956,246240,18552,4.09,87.49
2026-08-19 07:06:15,80792.500000,B8DB8AF16E20,0003,male,C57BL/6,1.1.1,FR1_Approach,0,Status,74,577,99,14,0,0,,,,,Disabled,23.8,44.0,1010.6,12.6,0.007,14.000,249160,339956,246240,18689,4.07,87.49
2026-08-19 07:16:18,81395.343750,B8DB8AF16E20,0003,male,C57BL/6,1.1.1,FR1_Approach,0,Status,74,577,99,14,0,0,,,,,Disabled,23.8,44.0,1010.5,12.6,0.000,15.000,249160,339956,246240,18826,4.09,87.35
2026-08-19 07:26:20,81998.148438,B8DB8AF16E20,0003,male,C57BL/6,1.1.1,FR1_Approach,0,Status,74,577,99,14,0,0,,,,,Disabled,23.8,44.0,1010.5,12.6,0.007,15.000,249160,339956,246240,18963,4.09,87.35
2026-08-19 07:35:59,82577.468750,B8DB8AF16E20,0003,male,C57BL/6,1.1.1,FR1_Approach,0,PelletDrop,75,578,99,14,0,0,,,,,,,,,,,,,,,,,,,,
2026-08-19 07:36:16,82595.320312,B8DB8AF16E20,0003,male,C57BL/6,1.1.1,FR1_Approach,0,PelletTaken,75,578,99,14,0,0,17.209,87.000,0,2,,,,,,,,,,,,,,,,
2026-08-19 07:36:24,82603.132812,B8DB8AF16E20,0003,male,C57BL/6,1.1.1,FR1_Approach,0,Status,75,578,99,14,0,0,,,,,Disabled,23.8,43.8,1010.5,12.6,0.011,14.000,249160,339956,246240,19096,4.09,87.21
2026-08-19 07:37:01,82639.914062,B8DB8AF16E20,0003,male,C57BL/6,1.1.1,FR1_Approach,0,PelletDrop,76,580,99,14,0,0,,,,,,,,,,,,,,,,,,,,
2026-08-19 07:37:18,82656.414062,B8DB8AF16E20,0003,male,C57BL/6,1.1.1,FR1_Approach,0,PelletTaken,76,580,99,14,0,0,15.856,50.000,0,2,,,,,,,,,,,,,,,,
2026-08-19 07:44:51,83110.562500,B8DB8AF16E20,0003,male,C57BL/6,1.1.1,FR1_Approach,0,PelletDrop,77,583,99,14,0,0,,,,,,,,,,,,,,,,,,,,
2026-08-19 07:45:08,83127.804688,B8DB8AF16E20,0003,male,C57BL/6,1.1.1,FR1_Approach,0,PelletTaken,77,583,99,14,0,0,16.615,58.000,0,2,,,,,,,,,,,,,,,,
2026-08-19 07:46:26,83205.632812,B8DB8AF16E20,0003,male,C57BL/6,1.1.1,FR1_Approach,0,Status,77,583,99,14,0,0,,,,,Disabled,23.9,43.6,1010.6,12.5,0.000,13.000,249160,339956,246240,19228,4.09,87.21
2026-08-19 07:47:17,83256.156250,B8DB8AF16E20,0003,male,C57BL/6,1.1.1,FR1_Approach,0,PelletDrop,78,587,101,14,0,0,,,,,,,,,,,,,,,,,,,,
2026-08-19 07:47:31,83270.343750,B8DB8AF16E20,0003,male,C57BL/6,1.1.1,FR1_Approach,0,PelletTaken,78,587,101,14,0,0,13.557,31.000,0,3,,,,,,,,,,,,,,,,
2026-08-19 07:53:59,83658.687500,B8DB8AF16E20,0003,male,C57BL/6,1.1.1,FR1_Approach,0,PelletDrop,79,592,101,14,0,0,,,,,,,,,,,,,,,,,,,,
2026-08-19 07:54:11,83670.851562,B8DB8AF16E20,0003,male,C57BL/6,1.1.1,FR1_Approach,0,PelletTaken,79,592,101,14,0,0,11.521,30.000,0,2,,,,,,,,,,,,,,,,
2026-08-19 07:55:20,83740.218750,B8DB8AF16E20,0003,male,C57BL/6,1.1.1,FR1_Approach,0,PelletDrop,80,598,101,14,0,0,,,,,,,,,,,,,,,,,,,,
2026-08-19 07:55:34,83754.218750,B8DB8AF16E20,0003,male,C57BL/6,1.1.1,FR1_Approach,0,PelletTaken,80,598,101,14,0,0,13.370,49.000,0,2,,,,,,,,,,,,,,,,
2026-08-19 07:56:26,83805.789062,B8DB8AF16E20,0003,male,C57BL/6,1.1.1,FR1_Approach,0,Status,80,598,101,14,0,0,,,,,Disabled,24.0,43.3,1010.4,12.5,0.000,12.000,249160,339956,246240,19363,4.08,87.06
2026-08-19 08:06:29,84409.890625,B8DB8AF16E20,0003,male,C57BL/6,1.1.1,FR1_Approach,0,Status,80,598,102,17,0,0,,,,,Disabled,24.0,43.8,1010.5,12.5,0.000,13.000,249160,339956,246240,19504,4.08,87.06
2026-08-19 08:16:31,85011.773438,B8DB8AF16E20,0003,male,C57BL/6,1.1.1,FR1_Approach,0,Status,80,599,102,17,0,0,,,,,Disabled,24.0,43.8,1010.5,12.4,0.000,13.000,249160,339956,246240,19642,4.07,86.92
2026-08-19 08:20:24,85245.921875,B8DB8AF16E20,0003,male,C57BL/6,1.1.1,FR1_Approach,0,PelletDrop,81,605,102,17,0,0,,,,,,,,,,,,,,,,,,,,
2026-08-19 08:20:36,85257.070312,B8DB8AF16E20,0003,male,C57BL/6,1.1.1,FR1_Approach,0,PelletTaken,81,605,102,17,0,0,10.520,11.000,0,2,,,,,,,,,,,,,,,,
2026-08-19 08:26:33,85614.906250,B8DB8AF16E20,0003,male,C57BL/6,1.1.1,FR1_Approach,0,Status,81,605,102,17,0,0,,,,,Disabled,24.0,43.7,1010.4,12.5,0.000,10.000,249160,339956,246240,19779,4.08,86.78
2026-08-19 08:34:44,86105.851562,B8DB8AF16E20,0003,male,C57BL/6,1.1.1,FR1_Approach,0,PelletDrop,82,613,102,17,0,0,,,,,,,,,,,,,,,,,,,,
2026-08-19 08:34:54,86116.515625,B8DB8AF16E20,0003,male,C57BL/6,1.1.1,FR1_Approach,0,PelletTaken,82,613,102,17,0,0,10.036,30.000,0,2,,,,,,,,,,,,,,,,
2026-08-19 08:36:35,86217.726562,B8DB8AF16E20,0003,male,C57BL/6,1.1.1,FR1_Approach,0,Status,82,613,103,17,0,0,,,,,Disabled,24.1,43.8,1010.2,12.4,0.000,0.000,249160,339956,246240,19920,4.08,86.78
2026-08-19 08:46:38,86820.562500,B8DB8AF16E20,0003,male,C57BL/6,1.1.1,FR1_Approach,0,Status,82,613,103,17,0,0,,,,,Disabled,24.1,43.9,1010.2,12.4,0.000,12.000,249160,339956,246240,20057,4.07,86.63
2026-08-19 08:56:40,87423.382812,B8DB8AF16E20,0003,male,C57BL/6,1.1.1,FR1_Approach,0,Status,82,613,103,17,0,0,,,,,Disabled,24.0,43.9,1010.2,12.5,0.000,12.000,249160,339956,246240,20194,4.08,86.63
2026-08-19 09:05:06,87930.179688,B8DB8AF16E20,0003,male,C57BL/6,1.1.1,FR1_Approach,0,PelletDrop,83,614,103,17,0,0,,,,,,,,,,,,,,,,,,,,
2026-08-19 09:05:16,87940.710938,B8DB8AF16E20,0003,male,C57BL/6,1.1.1,FR1_Approach,0,PelletTaken,83,614,103,17,0,0,9.904,379.000,0,2,,,,,,,,,,,,,,,,
2026-08-19 09:06:43,88027.289062,B8DB8AF16E20,0003,male,C57BL/6,1.1.1,FR1_Approach,0,Status,83,614,103,17,0,0,,,,,Disabled,24.1,43.9,1010.2,12.4,0.011,14.000,249160,339956,246240,20328,4.08,86.49
2026-08-19 09:16:45,88630.117188,B8DB8AF16E20,0003,male,C57BL/6,1.1.1,FR1_Approach,0,Status,83,614,103,17,0,0,,,,,Disabled,24.0,44.1,1010.3,12.5,0.014,18.000,249160,339956,246240,20465,4.07,86.49
2026-08-19 09:26:47,89232.953125,B8DB8AF16E20,0003,male,C57BL/6,1.1.1,FR1_Approach,0,Status,83,614,103,17,0,0,,,,,Disabled,24.0,44.1,1010.3,12.5,0.014,18.000,249160,339956,246240,20602,4.08,86.34
2026-08-19 09:36:50,89835.765625,B8DB8AF16E20,0003,male,C57BL/6,1.1.1,FR1_Approach,0,Status,83,614,103,17,0,0,,,,,Disabled,24.0,44.2,1010.3,12.5,0.018,18.000,249160,339956,246240,20739,4.08,86.34
2026-08-19 09:46:52,90438.585938,B8DB8AF16E20,0003,male,C57BL/6,1.1.1,FR1_Approach,0,Status,83,614,103,17,0,0,,,,,Disabled,24.0,44.1,1010.3,12.4,0.014,21.000,249160,339956,246240,20876,4.08,86.34
2026-08-19 09:56:54,91041.429688,B8DB8AF16E20,0003,male,C57BL/6,1.1.1,FR1_Approach,0,Status,83,614,103,17,0,0,,,,,Disabled,23.9,44.1,1010.3,12.5,0.014,18.000,249160,339956,246240,21013,4.08,86.20
2026-08-19 10:06:56,91644.234375,B8DB8AF16E20,0003,male,C57BL/6,1.1.1,FR1_Approach,0,Status,83,614,103,17,0,0,,,,,Disabled,23.9,44.1,1010.4,12.5,0.018,20.000,249160,339956,246240,21150,4.08,86.20
2026-08-19 10:16:59,92247.062500,B8DB8AF16E20,0003,male,C57BL/6,1.1.1,FR1_Approach,0,Status,83,614,103,17,0,0,,,,,Disabled,23.9,44.3,1010.4,12.5,0.018,18.000,249160,339956,246240,21287,4.07,86.06
2026-08-19 10:27:01,92849.906250,B8DB8AF16E20,0003,male,C57BL/6,1.1.1,FR1_Approach,0,Status,83,614,103,17,0,0,,,,,Disabled,23.9,44.2,1010.4,12.5,0.029,30.000,249160,339956,246240,21424,4.07,86.06
2026-08-19 10:37:03,93452.710938,B8DB8AF16E20,0003,male,C57BL/6,1.1.1,FR1_Approach,0,Status,83,614,103,17,0,0,,,,,Disabled,23.9,44.1,1010.5,12.5,0.029,26.000,249160,339956,246240,21561,4.07,85.91
2026-08-19 10:47:05,94055.554688,B8DB8AF16E20,0003,male,C57BL/6,1.1.1,FR1_Approach,0,Status,83,614,103,17,0,0,,,,,Disabled,23.9,44.1,1010.4,12.5,0.036,27.000,249160,339956,246240,21698,4.07,85.91
2026-08-19 10:57:07,94658.375000,B8DB8AF16E20,0003,male,C57BL/6,1.1.1,FR1_Approach,0,Status,83,614,103,17,0,0,,,,,Disabled,23.8,44.1,1010.4,12.5,0.029,26.000,249160,339956,246240,21835,4.07,85.91
2026-08-19 11:07:09,95261.187500,B8DB8AF16E20,0003,male,C57BL/6,1.1.1,FR1_Approach,0,Status,83,614,103,17,0,0,,,,,Disabled,23.8,44.0,1010.3,12.5,0.029,24.000,249160,339956,246240,21972,4.07,85.77
2026-08-19 11:17:12,95864.023438,B8DB8AF16E20,0003,male,C57BL/6,1.1.1,FR1_Approach,0,Status,83,614,103,17,0,0,,,,,Disabled,23.8,44.0,1010.3,12.6,0.022,24.000,249160,339956,246240,22109,4.07,85.63
2026-08-19 11:17:36,95887.906250,B8DB8AF16E20,0003,male,C57BL/6,1.1.1,FR1_Approach,0,PelletDrop,84,615,103,17,0,0,,,,,,,,,,,,,,,,,,,,
2026-08-19 11:17:37,95889.125000,B8DB8AF16E20,0003,male,C57BL/6,1.1.1,FR1_Approach,0,PelletNotDetected,84,615,103,17,0,0,,,,,,,,,,,,,,,,,,,,
2026-08-19 11:18:10,95922.382812,B8DB8AF16E20,0003,male,C57BL/6,1.1.1,FR1_Approach,0,PelletDrop,85,617,103,17,0,0,,,,,,,,,,,,,,,,,,,,
2026-08-19 11:18:23,95935.304688,B8DB8AF16E20,0003,male,C57BL/6,1.1.1,FR1_Approach,0,PelletTaken,85,617,103,17,0,0,12.292,31.000,0,4,,,,,,,,,,,,,,,,
2026-08-19 11:19:07,95979.796875,B8DB8AF16E20,0003,male,C57BL/6,1.1.1,FR1_Approach,0,PelletDrop,86,620,103,17,0,0,,,,,,,,,,,,,,,,,,,,
2026-08-19 11:19:23,95995.328125,B8DB8AF16E20,0003,male,C57BL/6,1.1.1,FR1_Approach,0,PelletTaken,86,620,103,17,0,0,14.888,12.000,0,3,,,,,,,,,,,,,,,,
2026-08-19 11:27:14,96466.937500,B8DB8AF16E20,0003,male,C57BL/6,1.1.1,FR1_Approach,0,Status,86,620,103,17,0,0,,,,,Disabled,23.9,43.8,1010.3,12.6,0.029,25.000,249160,339956,246240,22240,4.06,85.48
2026-08-19 11:28:56,96568.960938,B8DB8AF16E20,0003,male,C57BL/6,1.1.1,FR1_Approach,0,PelletDrop,87,624,103,17,0,0,,,,,,,,,,,,,,,,,,,,
2026-08-19 11:29:11,96584.468750,B8DB8AF16E20,0003,male,C57BL/6,1.1.1,FR1_Approach,0,PelletTaken,87,624,103,17,0,0,14.876,20.000,0,2,,,,,,,,,,,,,,,,
2026-08-19 11:37:18,97071.187500,B8DB8AF16E20,0003,male,C57BL/6,1.1.1,FR1_Approach,0,Status,87,624,104,17,0,0,,,,,Disabled,23.9,43.9,1010.3,12.5,0.032,22.000,249160,339956,246240,22376,4.07,85.48
2026-08-19 11:47:20,97674.015625,B8DB8AF16E20,0003,male,C57BL/6,1.1.1,FR1_Approach,0,Status,87,624,104,17,0,0,,,,,Disabled,23.9,43.9,1010.2,12.5,0.029,24.000,249160,339956,246240,22513,4.07,85.34
2026-08-19 11:57:22,98276.859375,B8DB8AF16E20,0003,male,C57BL/6,1.1.1,FR1_Approach,0,Status,87,624,104,17,0,0,,,,,Disabled,23.9,43.9,1010.2,12.5,0.040,26.000,249160,339956,246240,22650,4.07,85.34
2026-08-19 12:07:24,98879.664062,B8DB8AF16E20,0003,male,C57BL/6,1.1.1,FR1_Approach,0,Status,87,624,104,17,0,0,,,,,Disabled,23.9,43.8,1010.2,12.5,0.040,28.000,249160,339956,246240,22787,4.07,85.20
2026-08-19 12:17:27,99482.484375,B8DB8AF16E20,0003,male,C57BL/6,1.1.1,FR1_Approach,0,Status,87,624,104,17,0,0,,,,,Disabled,23.9,43.8,1010.2,12.5,0.047,32.000,249160,339956,246240,22924,4.07,85.20
2026-08-19 12:23:54,99870.820312,B8DB8AF16E20,0003,male,C57BL/6,1.1.1,FR1_Approach,0,PelletDrop,88,625,104,17,0,0,,,,,,,,,,,,,,,,,,,,
2026-08-19 12:24:08,99884.664062,B8DB8AF16E20,0003,male,C57BL/6,1.1.1,FR1_Approach,0,PelletTaken,88,625,104,17,0,0,13.205,12.000,0,2,,,,,,,,,,,,,,,,
2026-08-19 12:27:26,100082.945312,B8DB8AF16E20,0003,male,C57BL/6,1.1.1,FR1_Approach,0,Status,88,626,104,17,0,0,,,,,Disabled,23.9,43.8,1010.2,12.6,0.000,12.000,249160,339956,246240,23060,4.06,85.05
2026-08-19 12:37:29,100685.773438,B8DB8AF16E20,0003,male,C57BL/6,1.1.1,FR1_Approach,0,Status,88,626,104,17,0,0,,,,,Disabled,23.9,43.8,1010.2,12.5,0.014,16.000,249160,339956,246240,23197,4.07,85.05
2026-08-19 12:47:31,101288.593750,B8DB8AF16E20,0003,male,C57BL/6,1.1.1,FR1_Approach,0,Status,88,626,104,17,0,0,,,,,Disabled,23.9,43.8,1010.2,12.5,0.014,16.000,249160,339956,246240,23334,4.07,85.05
2026-08-19 12:57:33,101891.421875,B8DB8AF16E20,0003,male,C57BL/6,1.1.1,FR1_Approach,0,Status,88,626,104,17,0,0,,,,,Disabled,23.9,43.8,1010.2,12.5,0.014,18.000,249160,339956,246240,23471,4.07,84.91
2026-08-19 13:07:35,102494.265625,B8DB8AF16E20,0003,male,C57BL/6,1.1.1,FR1_Approach,0,Status,88,626,104,17,0,0,,,,,Disabled,23.8,43.8,1010.1,12.5,0.014,19.000,249160,339956,246240,23608,4.06,84.91
2026-08-19 13:17:37,103097.070312,B8DB8AF16E20,0003,male,C57BL/6,1.1.1,FR1_Approach,0,Status,88,626,104,17,0,0,,,,,Disabled,23.8,43.8,1010.1,12.4,0.007,15.000,249160,339956,246240,23745,4.06,84.77
2026-08-19 13:27:40,103699.914062,B8DB8AF16E20,0003,male,C57BL/6,1.1.1,FR1_Approach,0,Status,88,626,104,17,0,0,,,,,Disabled,23.8,43.8,1010.0,12.5,0.011,16.000,249160,339956,246240,23882,4.06,84.77
2026-08-19 13:37:42,104302.734375,B8DB8AF16E20,0003,male,C57BL/6,1.1.1,FR1_Approach,0,Status,88,626,104,17,0,0,,,,,Disabled,23.8,43.7,1009.8,12.5,0.014,19.000,249160,339956,246240,24019,4.06,84.62
2026-08-19 13:47:44,104905.546875,B8DB8AF16E20,0003,male,C57BL/6,1.1.1,FR1_Approach,0,Status,88,626,104,17,0,0,,,,,Disabled,23.8,43.7,1009.8,12.5,0.007,18.000,249160,339956,246240,24156,4.06,84.62
2026-08-19 13:57:46,105508.382812,B8DB8AF16E20,0003,male,C57BL/6,1.1.1,FR1_Approach,0,Status,88,626,104,17,0,0,,,,,Disabled,23.8,43.7,1009.7,12.6,0.014,19.000,249160,339956,246240,24293,4.06,84.48
2026-08-19 14:07:48,106111.210938,B8DB8AF16E20,0003,male,C57BL/6,1.1.1,FR1_Approach,0,Status,88,626,104,17,0,0,,,,,Disabled,23.8,43.7,1009.7,12.5,0.014,18.000,249160,339956,246240,24430,4.06,84.48
2026-08-19 14:17:51,106714.015625,B8DB8AF16E20,0003,male,C57BL/6,1.1.1,FR1_Approach,0,Status,88,626,104,17,0,0,,,,,Disabled,23.8,43.8,1009.6,12.5,0.000,4.000,249160,339956,246240,24567,4.06,84.48
2026-08-19 14:27:53,107316.859375,B8DB8AF16E20,0003,male,C57BL/6,1.1.1,FR1_Approach,0,Status,88,626,104,17,0,0,,,,,Disabled,23.8,43.8,1009.6,12.6,0.007,14.000,249160,339956,246240,24704,4.06,84.34
2026-08-19 14:37:55,107919.687500,B8DB8AF16E20,0003,male,C57BL/6,1.1.1,FR1_Approach,0,Status,88,626,104,17,0,0,,,,,Disabled,23.8,43.8,1009.6,12.5,0.007,14.000,249160,339956,246240,24841,4.06,84.34
2026-08-19 14:44:39,108324.429688,B8DB8AF16E20,0003,male,C57BL/6,1.1.1,FR1_Approach,0,PelletDrop,89,627,104,17,0,0,,,,,,,,,,,,,,,,,,,,
2026-08-19 14:44:52,108336.859375,B8DB8AF16E20,0003,male,C57BL/6,1.1.1,FR1_Approach,0,PelletTaken,89,627,104,17,0,0,11.797,31.000,0,2,,,,,,,,,,,,,,,,
2026-08-19 14:45:27,108372.281250,B8DB8AF16E20,0003,male,C57BL/6,1.1.1,FR1_Approach,0,PelletDrop,90,629,104,17,0,0,,,,,,,,,,,,,,,,,,,,
2026-08-19 14:45:39,108384.289062,B8DB8AF16E20,0003,male,C57BL/6,1.1.1,FR1_Approach,0,PelletTaken,90,629,104,17,0,0,11.379,331.000,0,2,,,,,,,,,,,,,,,,
2026-08-19 14:47:57,108522.132812,B8DB8AF16E20,0003,male,C57BL/6,1.1.1,FR1_Approach,0,Status,90,631,104,17,0,0,,,,,Disabled,23.8,43.6,1009.6,12.5,0.000,12.000,249160,339956,246240,24974,4.05,84.17
2026-08-19 14:57:59,109124.960938,B8DB8AF16E20,0003,male,C57BL/6,1.1.1,FR1_Approach,0,Status,90,631,104,17,0,0,,,,,Disabled,23.8,43.7,1009.6,12.5,0.007,15.000,249160,339956,246240,25111,4.05,84.01
2026-08-19 15:08:01,109727.781250,B8DB8AF16E20,0003,male,C57BL/6,1.1.1,FR1_Approach,0,Status,90,631,104,17,0,0,,,,,Disabled,23.8,43.7,1009.7,12.5,0.000,13.000,249160,339956,246240,25248,4.06,84.01
2026-08-19 15:18:03,110330.609375,B8DB8AF16E20,0003,male,C57BL/6,1.1.1,FR1_Approach,0,Status,90,631,104,17,0,0,,,,,Disabled,23.8,43.7,1009.7,12.5,0.007,14.000,249160,339956,246240,25385,4.06,84.01
2026-08-19 15:28:06,110933.429688,B8DB8AF16E20,0003,male,C57BL/6,1.1.1,FR1_Approach,0,Status,90,631,104,17,0,0,,,,,Disabled,23.8,43.7,1009.7,12.5,0.007,16.000,249160,339956,246240,25522,4.06,83.85
2026-08-19 15:38:08,111536.273438,B8DB8AF16E20,0003,male,C57BL/6,1.1.1,FR1_Approach,0,Status,90,631,104,17,0,0,,,,,Disabled,23.8,43.7,1009.7,12.5,0.007,16.000,249160,339956,246240,25659,4.06,83.85
2026-08-19 15:48:10,112139.078125,B8DB8AF16E20,0003,male,C57BL/6,1.1.1,FR1_Approach,0,Status,90,631,104,17,0,0,,,,,Disabled,23.8,43.7,1009.6,12.5,0.007,16.000,249160,339956,246240,25796,4.06,83.68
2026-08-19 15:55:37,112586.109375,B8DB8AF16E20,0003,male,C57BL/6,1.1.1,FR1_Approach,0,PelletDrop,91,632,104,17,0,0,,,,,,,,,,,,,,,,,,,,
2026-08-19 15:55:57,112606.507812,B8DB8AF16E20,0003,male,C57BL/6,1.1.1,FR1_Approach,0,PelletTaken,91,632,104,17,0,0,19.750,116.000,0,3,,,,,,,,,,,,,,,,
2026-08-19 15:56:31,112640.726562,B8DB8AF16E20,0003,male,C57BL/6,1.1.1,FR1_Approach,0,PelletDrop,92,634,104,17,0,0,,,,,,,,,,,,,,,,,,,,
2026-08-19 15:56:52,112661.343750,B8DB8AF16E20,0003,male,C57BL/6,1.1.1,FR1_Approach,0,PelletTaken,92,634,104,17,0,0,TimedOut,40.000,0,2,,,,,,,,,,,,,,,,
2026-08-19 15:57:51,112720.445312,B8DB8AF16E20,0003,male,C57BL/6,1.1.1,FR1_Approach,0,PelletDrop,93,637,104,17,0,0,,,,,,,,,,,,,,,,,,,,
2026-08-19 15:58:05,112734.812500,B8DB8AF16E20,0003,male,C57BL/6,1.1.1,FR1_Approach,0,PelletTaken,93,637,104,17,0,0,13.744,115.000,0,2,,,,,,,,,,,,,,,,
2026-08-19 15:58:13,112742.625000,B8DB8AF16E20,0003,male,C57BL/6,1.1.1,FR1_Approach,0,Status,93,637,104,17,0,0,,,,,Disabled,23.9,43.1,1009.4,12.5,0.022,20.000,249160,339956,246240,25925,4.05,83.52
2026-08-19 16:08:15,113345.453125,B8DB8AF16E20,0003,male,C57BL/6,1.1.1,FR1_Approach,0,Status,93,637,104,17,0,0,,,,,Disabled,23.9,43.5,1009.3,12.4,0.000,12.000,249160,339956,246240,26062,4.05,83.52
2026-08-19 16:16:14,113825.117188,B8DB8AF16E20,0003,male,C57BL/6,1.1.1,FR1_Approach,0,PelletDrop,94,641,104,17,0,0,,,,,,,,,,,,,,,,,,,,
2026-08-19 16:16:29,113839.335938,B8DB8AF16E20,0003,male,C57BL/6,1.1.1,FR1_Approach,0,PelletTaken,94,641,104,17,0,0,13.590,181.000,0,2,,,,,,,,,,,,,,,,
2026-08-19 16:17:15,113885.390625,B8DB8AF16E20,0003,male,C57BL/6,1.1.1,FR1_Approach,0,PelletDrop,95,646,104,17,0,0,,,,,,,,,,,,,,,,,,,,
2026-08-19 16:17:26,113896.804688,B8DB8AF16E20,0003,male,C57BL/6,1.1.1,FR1_Approach,0,PelletTaken,95,646,104,17,0,0,10.773,40.000,0,2,,,,,,,,,,,,,,,,
2026-08-19 16:18:18,113948.367188,B8DB8AF16E20,0003,male,C57BL/6,1.1.1,FR1_Approach,0,Status,95,646,104,17,0,0,,,,,Disabled,24.0,43.1,1009.2,12.4,0.000,15.000,249160,339956,246240,26199,4.05,83.36
2026-08-19 16:25:59,114409.789062,B8DB8AF16E20,0003,male,C57BL/6,1.1.1,FR1_Approach,0,PelletDrop,96,652,110,17,0,0,,,,,,,,,,,,,,,,,,,,
2026-08-19 16:26:09,114420.250000,B8DB8AF16E20,0003,male,C57BL/6,1.1.1,FR1_Approach,0,PelletTaken,96,652,110,17,0,0,9.816,134.000,0,3,,,,,,,,,,,,,,,,
2026-08-19 16:27:26,114497.734375,B8DB8AF16E20,0003,male,C57BL/6,1.1.1,FR1_Approach,0,PelletDrop,97,659,119,17,0,0,,,,,,,,,,,,,,,,,,,,
2026-08-19 16:27:37,114508.773438,B8DB8AF16E20,0003,male,C57BL/6,1.1.1,FR1_Approach,0,PelletTaken,97,659,119,17,0,0,10.410,39.000,0,2,,,,,,,,,,,,,,,,
2026-08-19 16:28:20,114551.617188,B8DB8AF16E20,0003,male,C57BL/6,1.1.1,FR1_Approach,0,Status,97,659,119,17,0,0,,,,,Disabled,24.0,43.6,1009.2,12.4,0.022,23.000,249160,339956,246240,26349,4.04,83.36
2026-08-19 16:38:21,115153.109375,B8DB8AF16E20,0003,male,C57BL/6,1.1.1,FR1_Approach,0,Status,97,665,119,17,0,0,,,,,Disabled,24.0,43.7,1009.2,12.3,0.025,22.000,249160,339956,246240,26491,4.05,83.20
2026-08-19 16:47:22,115694.421875,B8DB8AF16E20,0003,male,C57BL/6,1.1.1,FR1_Approach,0,PelletDrop,98,667,119,17,0,0,,,,,,,,,,,,,,,,,,,,
2026-08-19 16:47:31,115703.101562,B8DB8AF16E20,0003,male,C57BL/6,1.1.1,FR1_Approach,0,PelletTaken,98,667,119,17,0,0,8.034,20.000,0,2,,,,,,,,,,,,,,,,
2026-08-19 16:48:22,115754.734375,B8DB8AF16E20,0003,male,C57BL/6,1.1.1,FR1_Approach,0,Status,98,667,119,17,0,0,,,,,Disabled,24.1,43.9,1009.1,12.3,0.000,12.000,249160,339956,246240,26627,4.04,83.20
2026-08-19 16:51:38,115950.726562,B8DB8AF16E20,0003,male,C57BL/6,1.1.1,FR1_Approach,0,PelletDrop,99,676,120,17,0,0,,,,,,,,,,,,,,,,,,,,
2026-08-19 16:51:47,115959.445312,B8DB8AF16E20,0003,male,C57BL/6,1.1.1,FR1_Approach,0,PelletTaken,99,676,120,17,0,0,8.090,106.000,0,2,,,,,,,,,,,,,,,,
2026-08-19 16:58:23,116356.726562,B8DB8AF16E20,0003,male,C57BL/6,1.1.1,FR1_Approach,0,Status,99,676,120,17,0,0,,,,,Disabled,24.1,44.1,1009.0,12.3,0.014,20.000,249160,339956,246240,26769,4.05,83.03
2026-08-19 17:07:53,116927.164062,B8DB8AF16E20,0003,male,C57BL/6,1.1.1,FR1_Approach,0,PelletDrop,100,686,121,19,0,0,,,,,,,,,,,,,,,,,,,,
2026-08-19 17:08:02,116936.195312,B8DB8AF16E20,0003,male,C57BL/6,1.1.1,FR1_Approach,0,PelletTaken,100,686,121,19,0,0,8.409,87.000,0,2,,,,,,,,,,,,,,,,
2026-08-19 17:08:23,116957.148438,B8DB8AF16E20,0003,male,C57BL/6,1.1.1,FR1_Approach,0,Status,100,686,121,19,0,0,,,,,Disabled,24.1,44.1,1009.0,12.2,0.011,18.000,249160,339956,246240,26911,4.05,83.03
2026-08-19 17:12:21,117195.132812,B8DB8AF16E20,0003,male,C57BL/6,1.1.1,FR1_Approach,0,PelletDrop,101,697,123,25,0,0,,,,,,,,,,,,,,,,,,,,
2026-08-19 17:12:32,117206.328125,B8DB8AF16E20,0003,male,C57BL/6,1.1.1,FR1_Approach,0,PelletTaken,101,697,123,25,0,0,10.564,115.000,0,2,,,,,,,,,,,,,,,,
2026-08-19 17:18:24,117557.984375,B8DB8AF16E20,0003,male,C57BL/6,1.1.1,FR1_Approach,0,Status,101,697,124,25,0,0,,,,,Disabled,24.2,44.1,1008.9,12.2,0.014,18.000,249160,339956,246240,27058,4.05,82.87
2026-08-19 17:23:02,117837.140625,B8DB8AF16E20,0003,male,C57BL/6,1.1.1,FR1_Approach,0,PelletDrop,102,709,124,26,0,0,,,,,,,,,,,,,,,,,,,,
2026-08-19 17:23:21,117855.601562,B8DB8AF16E20,0003,male,C57BL/6,1.1.1,FR1_Approach,0,PelletTaken,102,709,124,26,0,0,17.836,31.000,0,2,,,,,,,,,,,,,,,,
2026-08-19 17:28:26,118160.851562,B8DB8AF16E20,0003,male,C57BL/6,1.1.1,FR1_Approach,0,Status,102,712,124,26,0,0,,,,,Disabled,24.2,44.1,1008.9,12.1,0.014,18.000,249160,339956,246240,27202,4.04,82.70
2026-08-19 17:38:28,118763.656250,B8DB8AF16E20,0003,male,C57BL/6,1.1.1,FR1_Approach,0,Status,102,712,124,26,0,0,,,,,Disabled,24.2,44.2,1008.8,12.1,0.014,18.000,249160,339956,246240,27339,4.05,82.70
2026-08-19 17:48:30,119366.484375,B8DB8AF16E20,0003,male,C57BL/6,1.1.1,FR1_Approach,0,Status,102,712,124,26,0,0,,,,,Disabled,24.2,44.3,1008.8,12.1,0.025,21.000,249160,339956,246240,27476,4.05,82.70
2026-08-19 17:58:32,119969.328125,B8DB8AF16E20,0003,male,C57BL/6,1.1.1,FR1_Approach,0,Status,102,712,124,26,0,0,,,,,Disabled,24.2,44.3,1008.8,12.2,0.000,0.000,249160,339956,246240,27613,4.03,82.54
2026-08-19 18:08:35,120572.132812,B8DB8AF16E20,0003,male,C57BL/6,1.1.1,FR1_Approach,0,Status,102,712,124,26,0,0,,,,,Disabled,24.1,44.3,1008.7,12.2,0.000,0.000,249160,339956,246240,27750,4.05,82.54
2026-08-19 18:18:37,121174.976562,B8DB8AF16E20,0003,male,C57BL/6,1.1.1,FR1_Approach,0,Status,102,712,124,26,0,0,,,,,Disabled,24.1,44.2,1008.6,12.2,0.000,0.000,249160,339956,246240,27887,4.05,82.54
2026-08-19 18:20:05,121263.328125,B8DB8AF16E20,0003,male,C57BL/6,1.1.1,FR1_Approach,0,PelletDrop,103,713,124,26,0,0,,,,,,,,,,,,,,,,,,,,
2026-08-19 18:20:18,121276.164062,B8DB8AF16E20,0003,male,C57BL/6,1.1.1,FR1_Approach,0,PelletTaken,103,713,124,26,0,0,12.215,97.000,0,2,,,,,,,,,,,,,,,,
2026-08-19 18:20:45,121303.593750,B8DB8AF16E20,0003,male,C57BL/6,1.1.1,FR1_Approach,0,PelletDrop,104,715,124,26,0,0,,,,,,,,,,,,,,,,,,,,
2026-08-19 18:20:57,121314.937500,B8DB8AF16E20,0003,male,C57BL/6,1.1.1,FR1_Approach,0,PelletTaken,104,715,124,26,0,0,10.719,50.000,0,2,,,,,,,,,,,,,,,,
2026-08-19 18:28:39,121777.812500,B8DB8AF16E20,0003,male,C57BL/6,1.1.1,FR1_Approach,0,Status,104,715,124,26,0,0,,,,,Disabled,24.1,44.1,1008.5,12.2,0.000,0.000,249160,339956,246240,28018,4.03,82.38
2026-08-19 18:36:03,122222.140625,B8DB8AF16E20,0003,male,C57BL/6,1.1.1,FR1_Approach,0,PelletDrop,105,718,124,26,0,0,,,,,,,,,,,,,,,,,,,,
2026-08-19 18:36:15,122234.148438,B8DB8AF16E20,0003,male,C57BL/6,1.1.1,FR1_Approach,0,PelletTaken,105,718,124,26,0,0,11.368,323.000,0,1,,,,,,,,,,,,,,,,
2026-08-19 18:38:41,122380.796875,B8DB8AF16E20,0003,male,C57BL/6,1.1.1,FR1_Approach,0,Status,105,720,124,26,0,0,,,,,Disabled,24.1,44.0,1008.6,12.2,0.000,0.000,249160,339956,246240,28156,4.04,82.21
2026-08-19 18:43:50,122689.726562,B8DB8AF16E20,0003,male,C57BL/6,1.1.1,FR1_Approach,0,PelletDrop,106,722,124,26,0,0,,,,,,,,,,,,,,,,,,,,
2026-08-19 18:43:51,122690.960938,B8DB8AF16E20,0003,male,C57BL/6,1.1.1,FR1_Approach,0,PelletNotDetected,106,722,124,26,0,0,,,,,,,,,,,,,,,,,,,,
2026-08-19 18:44:29,122728.296875,B8DB8AF16E20,0003,male,C57BL/6,1.1.1,FR1_Approach,0,PelletDrop,107,727,124,26,0,0,,,,,,,,,,,,,,,,,,,,
2026-08-19 18:44:36,122735.421875,B8DB8AF16E20,0003,male,C57BL/6,1.1.1,FR1_Approach,0,PelletTaken,107,727,124,26,0,0,6.506,30.000,0,3,,,,,,,,,,,,,,,,
2026-08-19 18:48:44,122983.890625,B8DB8AF16E20,0003,male,C57BL/6,1.1.1,FR1_Approach,0,Status,107,727,124,26,0,0,,,,,Disabled,24.1,44.1,1008.7,12.2,0.000,0.000,249160,339956,246240,28295,4.04,82.21
2026-08-19 18:58:44,123584.617188,B8DB8AF16E20,0003,male,C57BL/6,1.1.1,FR1_Approach,0,Status,107,727,125,26,0,0,,,,,Disabled,24.1,44.5,1008.7,12.2,0.000,0.000,249160,339956,246240,28433,4.04,82.05
2026-08-19 19:01:16,123736.648438,B8DB8AF16E20,0003,male,C57BL/6,1.1.1,FR1_Approach,0,PelletDrop,108,733,137,26,0,0,,,,,,,,,,,,,,,,,,,,
2026-08-19 19:01:25,123745.585938,B8DB8AF16E20,0003,male,C57BL/6,1.1.1,FR1_Approach,0,PelletTaken,108,733,137,26,0,0,8.298,68.000,0,2,,,,,,,,,,,,,,,,
2026-08-19 19:02:01,123781.734375,B8DB8AF16E20,0003,male,C57BL/6,1.1.1,FR1_Approach,0,PelletDrop,109,740,137,26,0,0,,,,,,,,,,,,,,,,,,,,
2026-08-19 19:02:09,123789.492188,B8DB8AF16E20,0003,male,C57BL/6,1.1.1,FR1_Approach,0,PelletTaken,109,740,137,26,0,0,7.122,116.000,0,2,,,,,,,,,,,,,,,,
2026-08-19 19:08:46,124186.726562,B8DB8AF16E20,0003,male,C57BL/6,1.1.1,FR1_Approach,0,Status,109,740,137,26,0,0,,,,,Disabled,24.1,44.5,1008.8,12.2,0.000,0.000,249160,339956,246240,28585,4.04,82.05
2026-08-19 19:18:48,124789.562500,B8DB8AF16E20,0003,male,C57BL/6,1.1.1,FR1_Approach,0,Status,109,740,137,26,0,0,,,,,Disabled,24.1,44.5,1008.8,12.3,0.000,0.000,249160,339956,246240,28722,4.04,82.05
2026-08-19 19:28:54,125395.914062,B8DB8AF16E20,0003,male,C57BL/6,1.1.1,FR1_Approach,0,PelletDrop,110,748,144,28,0,0,,,,,,,,,,,,,,,,,,,,
2026-08-19 19:28:55,125397.140625,B8DB8AF16E20,0003,male,C57BL/6,1.1.1,FR1_Approach,0,PelletNotDetected,110,748,144,28,0,0,,,,,,,,,,,,,,,,,,,,
2026-08-19 19:29:03,125404.960938,B8DB8AF16E20,0003,male,C57BL/6,1.1.1,FR1_Approach,0,Status,110,748,144,28,0,0,,,,,Disabled,24.1,44.5,1008.7,12.2,0.000,0.000,249160,339956,246240,28872,4.04,81.89
2026-08-19 19:29:45,125447.570312,B8DB8AF16E20,0003,male,C57BL/6,1.1.1,FR1_Approach,0,PelletDrop,111,757,144,28,0,0,,,,,,,,,,,,,,,,,,,,
2026-08-19 19:29:48,125450.531250,B8DB8AF16E20,0003,male,C57BL/6,1.1.1,FR1_Approach,0,PelletTaken,111,757,144,28,0,0,2.337,115.000,0,6,,,,,,,,,,,,,,,,
2026-08-19 19:39:02,126005.289062,B8DB8AF16E20,0003,male,C57BL/6,1.1.1,FR1_Approach,0,Status,111,757,144,28,0,0,,,,,Disabled,24.0,44.5,1008.6,12.2,0.000,0.000,249160,339956,246240,29012,4.04,81.73
2026-08-19 19:49:05,126608.937500,B8DB8AF16E20,0003,male,C57BL/6,1.1.1,FR1_Approach,0,Status,111,757,145,28,0,0,,,,,Disabled,24.0,44.7,1008.6,12.2,0.000,0.000,249160,339956,246240,29150,4.04,81.73
2026-08-19 19:50:21,126684.414062,B8DB8AF16E20,0003,male,C57BL/6,1.1.1,FR1_Approach,0,PelletDrop,112,767,146,28,0,0,,,,,,,,,,,,,,,,,,,,
2026-08-19 19:50:22,126685.648438,B8DB8AF16E20,0003,male,C57BL/6,1.1.1,FR1_Approach,0,PelletNotDetected,112,767,146,28,0,0,,,,,,,,,,,,,,,,,,,,
2026-08-19 19:51:05,126728.828125,B8DB8AF16E20,0003,male,C57BL/6,1.1.1,FR1_Approach,0,PelletDrop,113,778,146,28,0,0,,,,,,,,,,,,,,,,,,,,
2026-08-19 19:51:13,126736.390625,B8DB8AF16E20,0003,male,C57BL/6,1.1.1,FR1_Approach,0,PelletTaken,113,778,146,28,0,0,6.935,12.000,0,3,,,,,,,,,,,,,,,,
2026-08-19 19:59:08,127212.390625,B8DB8AF16E20,0003,male,C57BL/6,1.1.1,FR1_Approach,0,Status,113,778,146,28,0,0,,,,,Disabled,24.0,44.7,1008.6,12.2,0.000,0.000,249160,339956,246240,29301,4.04,81.73
2026-08-19 20:02:00,127384.781250,B8DB8AF16E20,0003,male,C57BL/6,1.1.1,FR1_Approach,0,PelletDrop,114,790,160,28,0,0,,,,,,,,,,,,,,,,,,,,
2026-08-19 20:02:09,127393.617188,B8DB8AF16E20,0003,male,C57BL/6,1.1.1,FR1_Approach,0,PelletTaken,114,790,160,28,0,0,8.210,11.000,0,2,,,,,,,,,,,,,,,,
2026-08-19 20:09:08,127812.765625,B8DB8AF16E20,0003,male,C57BL/6,1.1.1,FR1_Approach,0,Status,114,790,160,28,0,0,,,,,Disabled,23.9,44.8,1008.6,12.3,0.000,0.000,249160,339956,246240,29454,4.04,81.56
2026-08-19 20:13:58,128103.437500,B8DB8AF16E20,0003,male,C57BL/6,1.1.1,FR1_Approach,0,PelletDrop,115,803,174,28,0,0,,,,,,,,,,,,,,,,,,,,
2026-08-19 20:14:06,128111.593750,B8DB8AF16E20,0003,male,C57BL/6,1.1.1,FR1_Approach,0,PelletTaken,115,803,174,28,0,0,7.529,69.000,0,2,,,,,,,,,,,,,,,,
2026-08-19 20:15:26,128191.156250,B8DB8AF16E20,0003,male,C57BL/6,1.1.1,FR1_Approach,0,PelletDrop,116,817,178,30,0,0,,,,,,,,,,,,,,,,,,,,
2026-08-19 20:15:34,128199.164062,B8DB8AF16E20,0003,male,C57BL/6,1.1.1,FR1_Approach,0,PelletTaken,116,817,178,30,0,0,7.353,277.000,0,2,,,,,,,,,,,,,,,,
2026-08-19 20:19:12,128417.007812,B8DB8AF16E20,0003,male,C57BL/6,1.1.1,FR1_Approach,0,Status,116,817,178,30,0,0,,,,,Disabled,23.9,44.8,1008.6,12.2,0.000,0.000,249160,339956,246240,29624,4.04,81.40
2026-08-19 20:29:14,129019.812500,B8DB8AF16E20,0003,male,C57BL/6,1.1.1,FR1_Approach,0,Status,116,817,178,30,0,0,,,,,Disabled,23.9,44.9,1008.7,12.3,0.000,0.000,249160,339956,246240,29761,4.04,81.40
2026-08-19 20:31:32,129157.992188,B8DB8AF16E20,0003,male,C57BL/6,1.1.1,FR1_Approach,0,PelletDrop,117,832,184,30,0,0,,,,,,,,,,,,,,,,,,,,
2026-08-19 20:31:39,129164.820312,B8DB8AF16E20,0003,male,C57BL/6,1.1.1,FR1_Approach,0,PelletTaken,117,832,184,30,0,0,6.198,135.000,0,2,,,,,,,,,,,,,,,,
2026-08-19 20:32:29,129214.968750,B8DB8AF16E20,0003,male,C57BL/6,1.1.1,FR1_Approach,0,PelletDrop,118,848,185,31,0,0,,,,,,,,,,,,,,,,,,,,
2026-08-19 20:32:36,129221.781250,B8DB8AF16E20,0003,male,C57BL/6,1.1.1,FR1_Approach,0,PelletTaken,118,848,185,31,0,0,6.176,22.000,0,2,,,,,,,,,,,,,,,,
2026-08-19 20:39:17,129623.367188,B8DB8AF16E20,0003,male,C57BL/6,1.1.1,FR1_Approach,0,Status,118,848,185,31,0,0,,,,,Disabled,23.9,44.9,1008.8,12.3,0.000,0.000,249160,339956,246240,29923,4.03,81.24
2026-08-19 20:49:17,130224.578125,B8DB8AF16E20,0003,male,C57BL/6,1.1.1,FR1_Approach,0,Status,118,849,185,31,0,0,,,,,Disabled,23.9,44.9,1008.9,12.4,0.000,0.000,249160,339956,246240,30062,4.03,81.07
2026-08-19 20:56:22,130649.218750,B8DB8AF16E20,0003,male,C57BL/6,1.1.1,FR1_Approach,0,PelletDrop,119,865,185,31,0,0,,,,,,,,,,,,,,,,,,,,
2026-08-19 20:56:31,130659.171875,B8DB8AF16E20,0003,male,C57BL/6,1.1.1,FR1_Approach,0,PelletTaken,119,865,185,31,0,0,9.333,11.000,0,2,,,,,,,,,,,,,,,,
2026-08-19 20:59:21,130828.890625,B8DB8AF16E20,0003,male,C57BL/6,1.1.1,FR1_Approach,0,Status,119,865,185,31,0,0,,,,,Disabled,23.9,44.9,1009.0,12.3,0.000,0.000,249160,339956,246240,30212,4.03,80.91
2026-08-19 21:09:23,131431.718750,B8DB8AF16E20,0003,male,C57BL/6,1.1.1,FR1_Approach,0,Status,119,865,185,31,0,0,,,,,Disabled,23.8,45.1,1009.1,12.3,0.000,0.000,249160,339956,246240,30349,4.03,80.91
2026-08-19 21:11:17,131545.156250,B8DB8AF16E20,0003,male,C57BL/6,1.1.1,FR1_Approach,0,PelletDrop,120,883,190,31,0,0,,,,,,,,,,,,,,,,,,,,
2026-08-19 21:11:26,131554.781250,B8DB8AF16E20,0003,male,C57BL/6,1.1.1,FR1_Approach,0,PelletTaken,120,883,190,31,0,0,8.991,21.000,0,2,,,,,,,,,,,,,,,,
2026-08-19 21:17:15,131903.734375,B8DB8AF16E20,0003,male,C57BL/6,1.1.1,FR1_Approach,0,PelletDrop,121,902,191,31,0,0,,,,,,,,,,,,,,,,,,,,
2026-08-19 21:17:22,131910.609375,B8DB8AF16E20,0003,male,C57BL/6,1.1.1,FR1_Approach,0,PelletTaken,121,902,191,31,0,0,6.242,67.000,0,2,,,,,,,,,,,,,,,,
2026-08-19 21:19:23,132032.171875,B8DB8AF16E20,0003,male,C57BL/6,1.1.1,FR1_Approach,0,Status,121,902,191,31,0,0,,,,,Disabled,23.9,45.0,1009.2,12.3,0.000,0.000,249160,339956,246240,30516,4.03,80.91
2026-08-19 21:29:26,132635.531250,B8DB8AF16E20,0003,male,C57BL/6,1.1.1,FR1_Approach,0,Status,121,904,191,31,0,0,,,,,Disabled,23.8,45.1,1009.2,12.3,0.000,0.000,249160,339956,246240,30654,4.03,80.75
2026-08-19 21:30:30,132699.484375,B8DB8AF16E20,0003,male,C57BL/6,1.1.1,FR1_Approach,0,PelletDrop,122,922,197,36,0,0,,,,,,,,,,,,,,,,,,,,
2026-08-19 21:30:39,132708.906250,B8DB8AF16E20,0003,male,C57BL/6,1.1.1,FR1_Approach,0,PelletTaken,122,922,197,36,0,0,8.783,31.000,0,2,,,,,,,,,,,,,,,,
2026-08-19 21:39:26,133236.250000,B8DB8AF16E20,0003,male,C57BL/6,1.1.1,FR1_Approach,0,Status,122,922,197,36,0,0,,,,,Disabled,23.8,45.1,1009.3,12.3,0.000,0.000,249160,339956,246240,30814,4.03,80.75
2026-08-19 21:49:30,133840.656250,B8DB8AF16E20,0003,male,C57BL/6,1.1.1,FR1_Approach,0,PelletDrop,123,943,200,36,0,0,,,,,,,,,,,,,,,,,,,,
2026-08-19 21:49:36,133847.015625,B8DB8AF16E20,0003,male,C57BL/6,1.1.1,FR1_Approach,0,PelletTaken,123,943,200,36,0,0,5.736,125.000,0,2,,,,,,,,,,,,,,,,
2026-08-19 21:49:44,133854.859375,B8DB8AF16E20,0003,male,C57BL/6,1.1.1,FR1_Approach,0,Status,123,943,200,36,0,0,,,,,Disabled,23.8,45.1,1009.4,12.3,0.000,0.000,249160,339956,246240,30970,4.03,80.59
2026-08-19 21:56:19,134250.578125,B8DB8AF16E20,0003,male,C57BL/6,1.1.1,FR1_Approach,0,PelletDrop,124,965,220,36,0,0,,,,,,,,,,,,,,,,,,,,
2026-08-19 21:56:28,134259.046875,B8DB8AF16E20,0003,male,C57BL/6,1.1.1,FR1_Approach,0,PelletTaken,124,965,220,36,0,0,7.848,97.000,0,2,,,,,,,,,,,,,,,,
2026-08-19 21:59:44,134456.046875,B8DB8AF16E20,0003,male,C57BL/6,1.1.1,FR1_Approach,0,Status,124,971,220,36,0,0,,,,,Disabled,23.9,45.1,1009.5,12.3,0.000,0.000,249160,339956,246240,31140,4.03,80.42
2026-08-19 22:09:45,135057.125000,B8DB8AF16E20,0003,male,C57BL/6,1.1.1,FR1_Approach,0,Status,124,973,220,36,0,0,,,,,Disabled,23.8,45.1,1009.5,12.3,0.000,0.000,249160,339956,246240,31278,4.03,80.42
2026-08-19 22:19:48,135660.328125,B8DB8AF16E20,0003,male,C57BL/6,1.1.1,FR1_Approach,0,Status,124,975,224,36,0,0,,,,,Disabled,23.8,45.3,1009.5,12.3,0.000,0.000,249160,339956,246240,31419,4.02,80.26
2026-08-19 22:27:08,136101.578125,B8DB8AF16E20,0003,male,C57BL/6,1.1.1,FR1_Approach,0,PelletDrop,125,988,225,37,0,0,,,,,,,,,,,,,,,,,,,,
2026-08-19 22:27:19,136112.375000,B8DB8AF16E20,0003,male,C57BL/6,1.1.1,FR1_Approach,0,PelletTaken,125,988,225,37,0,0,10.158,31.000,0,1,,,,,,,,,,,,,,,,
2026-08-19 22:29:50,136263.484375,B8DB8AF16E20,0003,male,C57BL/6,1.1.1,FR1_Approach,0,Status,125,989,225,37,0,0,,,,,Disabled,23.8,45.0,1009.4,12.4,0.000,0.000,249160,339956,246240,31565,4.03,80.09
2026-08-19 22:39:45,136859.562500,B8DB8AF16E20,0003,male,C57BL/6,1.1.1,FR1_Approach,0,PelletDrop,126,1012,225,37,0,0,,,,,,,,,,,,,,,,,,,,
2026-08-19 22:39:57,136870.843750,B8DB8AF16E20,0003,male,C57BL/6,1.1.1,FR1_Approach,0,PelletTaken,126,1012,225,37,0,0,10.620,115.000,0,2,,,,,,,,,,,,,,,,
2026-08-19 22:40:05,136878.656250,B8DB8AF16E20,0003,male,C57BL/6,1.1.1,FR1_Approach,0,Status,126,1012,225,37,0,0,,,,,Disabled,23.9,44.9,1009.4,12.3,0.000,0.000,249160,339956,246240,31720,4.02,80.09
2026-08-19 22:43:21,137075.125000,B8DB8AF16E20,0003,male,C57BL/6,1.1.1,FR1_Approach,0,PelletDrop,127,1037,225,43,0,0,,,,,,,,,,,,,,,,,,,,
2026-08-19 22:43:32,137085.812500,B8DB8AF16E20,0003,male,C57BL/6,1.1.1,FR1_Approach,0,PelletTaken,127,1037,225,43,0,0,10.048,89.000,0,2,,,,,,,,,,,,,,,,
2026-08-19 22:46:33,137267.750000,B8DB8AF16E20,0003,male,C57BL/6,1.1.1,FR1_Approach,0,PelletDrop,128,1063,228,43,0,0,,,,,,,,,,,,,,,,,,,,
2026-08-19 22:46:41,137275.828125,B8DB8AF16E20,0003,male,C57BL/6,1.1.1,FR1_Approach,0,PelletTaken,128,1063,228,43,0,0,7.441,211.000,0,2,,,,,,,,,,,,,,,,
2026-08-19 22:50:06,137480.531250,B8DB8AF16E20,0003,male,C57BL/6,1.1.1,FR1_Approach,0,Status,128,1063,228,43,0,0,,,,,Disabled,23.9,44.9,1009.4,12.3,0.000,0.000,249160,339956,246240,31898,4.03,80.09
2026-08-19 22:56:06,137841.171875,B8DB8AF16E20,0003,male,C57BL/6,1.1.1,FR1_Approach,0,PelletDrop,129,1090,228,43,0,0,,,,,,,,,,,,,,,,,,,,
2026-08-19 22:56:15,137850.343750,B8DB8AF16E20,0003,male,C57BL/6,1.1.1,FR1_Approach,0,PelletTaken,129,1090,228,43,0,0,8.530,50.000,0,2,,,,,,,,,,,,,,,,
2026-08-19 22:57:47,137941.843750,B8DB8AF16E20,0003,male,C57BL/6,1.1.1,FR1_Approach,0,PelletDrop,130,1118,229,43,0,0,,,,,,,,,,,,,,,,,,,,
2026-08-19 22:57:58,137953.250000,B8DB8AF16E20,0003,male,C57BL/6,1.1.1,FR1_Approach,0,PelletTaken,130,1118,229,43,0,0,10.785,30.000,0,3,,,,,,,,,,,,,,,,
2026-08-19 23:00:08,138083.578125,B8DB8AF16E20,0003,male,C57BL/6,1.1.1,FR1_Approach,0,Status,130,1118,229,43,0,0,,,,,Disabled,23.9,44.8,1009.4,12.2,0.000,0.000,249160,339956,246240,32077,4.03,80.09
2026-08-19 23:10:11,138686.406250,B8DB8AF16E20,0003,male,C57BL/6,1.1.1,FR1_Approach,0,Status,130,1118,229,43,0,0,,,,,Disabled,23.9,45.0,1009.4,12.2,0.000,0.000,249160,339956,246240,32214,4.03,79.93
2026-08-19 23:16:48,139084.375000,B8DB8AF16E20,0003,male,C57BL/6,1.1.1,FR1_Approach,0,PelletDrop,131,1147,237,43,0,0,,,,,,,,,,,,,,,,,,,,
2026-08-19 23:16:54,139089.968750,B8DB8AF16E20,0003,male,C57BL/6,1.1.1,FR1_Approach,0,PelletTaken,131,1147,237,43,0,0,4.955,22.000,0,3,,,,,,,,,,,,,,,,
2026-08-19 23:20:14,139290.281250,B8DB8AF16E20,0003,male,C57BL/6,1.1.1,FR1_Approach,0,Status,131,1147,237,43,0,0,,,,,Disabled,23.9,45.1,1009.4,12.3,0.000,0.000,249160,339956,246240,32379,4.03,79.77
2026-08-19 23:30:16,139893.125000,B8DB8AF16E20,0003,male,C57BL/6,1.1.1,FR1_Approach,0,Status,131,1147,237,43,0,0,,,,,Disabled,23.9,45.1,1009.4,12.2,0.000,0.000,249160,339956,246240,32516,4.02,79.77
2026-08-19 23:40:17,140494.390625,B8DB8AF16E20,0003,male,C57BL/6,1.1.1,FR1_Approach,0,Status,131,1149,237,43,0,0,,,,,Disabled,23.9,45.0,1009.3,12.3,0.000,0.000,249160,339956,246240,32654,4.01,79.61
2026-08-19 23:50:19,141097.218750,B8DB8AF16E20,0003,male,C57BL/6,1.1.1,FR1_Approach,0,Status,131,1149,237,43,0,0,,,,,Disabled,23.9,44.9,1009.2,12.3,0.000,0.000,249160,339956,246240,32791,4.02,79.61
2026-08-20 00:00:21,141700.046875,B8DB8AF16E20,0003,male,C57BL/6,1.1.1,FR1_Approach,0,Status,131,1149,237,43,0,0,,,,,Disabled,23.9,44.8,1009.1,12.3,0.000,0.000,249160,339956,246240,32928,4.02,79.61
2026-08-20 00:10:23,142302.875000,B8DB8AF16E20,0003,male,C57BL/6,1.1.1,FR1_Approach,0,Status,131,1149,237,43,0,0,,,,,Disabled,23.8,44.7,1009.0,12.3,0.000,0.000,249160,339956,246240,33065,4.01,79.44
2026-08-20 00:20:26,142905.718750,B8DB8AF16E20,0003,male,C57BL/6,1.1.1,FR1_Approach,0,Status,131,1149,237,43,0,0,,,,,Disabled,23.8,44.7,1009.0,12.3,0.000,0.000,249160,339956,246240,33202,4.02,79.28
2026-08-20 00:30:28,143508.515625,B8DB8AF16E20,0003,male,C57BL/6,1.1.1,FR1_Approach,0,Status,131,1149,237,43,0,0,,,,,Disabled,23.8,44.7,1009.0,12.3,0.000,0.000,249160,339956,246240,33339,4.02,79.28
2026-08-20 00:40:30,144111.359375,B8DB8AF16E20,0003,male,C57BL/6,1.1.1,FR1_Approach,0,Status,131,1149,237,43,0,0,,,,,Disabled,23.7,44.7,1009.1,12.4,0.000,0.000,249160,339956,246240,33476,4.02,79.28
2026-08-20 00:50:32,144714.187500,B8DB8AF16E20,0003,male,C57BL/6,1.1.1,FR1_Approach,0,Status,131,1149,237,43,0,0,,,,,Disabled,23.7,44.7,1009.2,12.4,0.000,0.000,249160,339956,246240,33613,4.02,79.12
2026-08-20 01:00:34,145316.984375,B8DB8AF16E20,0003,male,C57BL/6,1.1.1,FR1_Approach,0,Status,131,1149,237,43,0,0,,,,,Disabled,23.7,44.6,1009.3,12.4,0.000,0.000,249160,339956,246240,33750,4.02,79.12
2026-08-20 01:10:37,145919.828125,B8DB8AF16E20,0003,male,C57BL/6,1.1.1,FR1_Approach,0,Status,131,1149,237,43,0,0,,,,,Disabled,23.6,44.7,1009.4,12.4,0.000,0.000,249160,339956,246240,33887,4.02,79.12
2026-08-20 01:20:39,146522.656250,B8DB8AF16E20,0003,male,C57BL/6,1.1.1,FR1_Approach,0,Status,131,1149,237,43,0,0,,,,,Disabled,23.6,44.6,1009.4,12.5,0.000,0.000,249160,339956,246240,34024,4.01,78.95
2026-08-20 01:30:41,147125.468750,B8DB8AF16E20,0003,male,C57BL/6,1.1.1,FR1_Approach,0,Status,131,1149,237,43,0,0,,,,,Disabled,23.6,44.6,1009.5,12.4,0.000,0.000,249160,339956,246240,34161,4.02,78.95
2026-08-20 01:37:42,147546.890625,B8DB8AF16E20,0003,male,C57BL/6,1.1.1,FR1_Approach,0,PelletDrop,132,1150,237,43,0,0,,,,,,,,,,,,,,,,,,,,
2026-08-20 01:37:59,147564.265625,B8DB8AF16E20,0003,male,C57BL/6,1.1.1,FR1_Approach,0,PelletTaken,132,1150,237,43,0,0,16.746,58.000,0,2,,,,,,,,,,,,,,,,
2026-08-20 01:38:45,147609.953125,B8DB8AF16E20,0003,male,C57BL/6,1.1.1,FR1_Approach,0,PelletDrop,133,1152,237,43,0,0,,,,,,,,,,,,,,,,,,,,
2026-08-20 01:39:02,147627.437500,B8DB8AF16E20,0003,male,C57BL/6,1.1.1,FR1_Approach,0,PelletTaken,133,1152,237,43,0,0,16.834,124.000,0,3,,,,,,,,,,,,,,,,
2026-08-20 01:39:48,147672.703125,B8DB8AF16E20,0003,male,C57BL/6,1.1.1,FR1_Approach,0,PelletDrop,134,1155,237,43,0,0,,,,,,,,,,,,,,,,,,,,
2026-08-20 01:40:05,147689.562500,B8DB8AF16E20,0003,male,C57BL/6,1.1.1,FR1_Approach,0,PelletTaken,134,1155,237,43,0,0,16.219,11.000,0,2,,,,,,,,,,,,,,,,
2026-08-20 01:40:43,147728.015625,B8DB8AF16E20,0003,male,C57BL/6,1.1.1,FR1_Approach,0,Status,134,1155,237,43,0,0,,,,,Disabled,23.7,44.0,1009.4,12.4,0.000,0.000,249160,339956,246240,34288,4.01,78.79
2026-08-20 01:50:45,148330.843750,B8DB8AF16E20,0003,male,C57BL/6,1.1.1,FR1_Approach,0,Status,134,1155,237,43,0,0,,,,,Disabled,23.6,44.6,1009.4,12.3,0.000,0.000,249160,339956,246240,34425,4.02,78.79
2026-08-20 01:57:09,148715.406250,B8DB8AF16E20,0003,male,C57BL/6,1.1.1,FR1_Approach,0,PelletDrop,135,1159,241,43,0,0,,,,,,,,,,,,,,,,,,,,
2026-08-20 01:57:23,148729.156250,B8DB8AF16E20,0003,male,C57BL/6,1.1.1,FR1_Approach,0,PelletTaken,135,1159,241,43,0,0,13.117,22.000,0,2,,,,,,,,,,,,,,,,
2026-08-20 02:00:48,148933.875000,B8DB8AF16E20,0003,male,C57BL/6,1.1.1,FR1_Approach,0,Status,135,1159,241,43,0,0,,,,,Disabled,23.7,44.6,1009.4,12.3,0.000,0.000,249160,339956,246240,34563,4.02,78.63
2026-08-20 02:06:46,149293.156250,B8DB8AF16E20,0003,male,C57BL/6,1.1.1,FR1_Approach,0,PelletDrop,136,1164,249,43,0,0,,,,,,,,,,,,,,,,,,,,
2026-08-20 02:06:59,149305.484375,B8DB8AF16E20,0003,male,C57BL/6,1.1.1,FR1_Approach,0,PelletTaken,136,1164,249,43,0,0,11.675,21.000,0,2,,,,,,,,,,,,,,,,
2026-08-20 02:10:50,149537.140625,B8DB8AF16E20,0003,male,C57BL/6,1.1.1,FR1_Approach,0,Status,136,1164,250,43,0,0,,,,,Disabled,23.7,44.8,1009.3,12.3,0.000,0.000,249160,339956,246240,34708,4.02,78.46
2026-08-20 02:11:50,149597.343750,B8DB8AF16E20,0003,male,C57BL/6,1.1.1,FR1_Approach,0,PelletDrop,137,1170,252,43,0,0,,,,,,,,,,,,,,,,,,,,
2026-08-20 02:12:01,149607.656250,B8DB8AF16E20,0003,male,C57BL/6,1.1.1,FR1_Approach,0,PelletTaken,137,1170,252,43,0,0,9.674,153.000,0,2,,,,,,,,,,,,,,,,
2026-08-20 02:20:50,150137.359375,B8DB8AF16E20,0003,male,C57BL/6,1.1.1,FR1_Approach,0,Status,137,1170,254,43,0,0,,,,,Disabled,23.7,44.7,1009.2,12.3,0.000,0.000,249160,339956,246240,34850,4.02,78.46
2026-08-20 02:30:49,150737.375000,B8DB8AF16E20,0003,male,C57BL/6,1.1.1,FR1_Approach,0,Status,137,1171,254,43,0,0,,,,,Disabled,23.7,44.7,1009.2,12.3,0.000,0.000,249160,339956,246240,34987,4.02,78.30
2026-08-20 02:34:03,150931.562500,B8DB8AF16E20,0003,male,C57BL/6,1.1.1,FR1_Approach,0,PelletDrop,138,1177,258,43,0,0,,,,,,,,,,,,,,,,,,,,
2026-08-20 02:34:12,150940.671875,B8DB8AF16E20,0003,male,C57BL/6,1.1.1,FR1_Approach,0,PelletTaken,138,1177,258,43,0,0,8.475,12.000,0,2,,,,,,,,,,,,,,,,
2026-08-20 02:40:49,151337.875000,B8DB8AF16E20,0003,male,C57BL/6,1.1.1,FR1_Approach,0,Status,138,1177,258,43,0,0,,,,,Disabled,23.7,44.8,1009.1,12.3,0.000,0.000,249160,339956,246240,35128,4.01,78.30
2026-08-20 02:50:51,151940.718750,B8DB8AF16E20,0003,male,C57BL/6,1.1.1,FR1_Approach,0,Status,138,1177,258,43,0,0,,,,,Disabled,23.7,44.7,1009.1,12.2,0.000,0.000,249160,339956,246240,35265,4.01,78.30
2026-08-20 03:00:54,152543.546875,B8DB8AF16E20,0003,male,C57BL/6,1.1.1,FR1_Approach,0,Status,138,1177,258,43,0,0,,,,,Disabled,23.7,44.7,1009.1,12.2,0.000,0.000,249160,339956,246240,35402,4.01,78.14
2026-08-20 03:10:56,153146.359375,B8DB8AF16E20,0003,male,C57BL/6,1.1.1,FR1_Approach,0,Status,138,1177,258,43,0,0,,,,,Disabled,23.6,44.7,1009.1,12.2,0.000,0.000,249160,339956,246240,35539,4.01,78.14
2026-08-20 03:20:58,153749.203125,B8DB8AF16E20,0003,male,C57BL/6,1.1.1,FR1_Approach,0,Status,138,1177,258,43,0,0,,,,,Disabled,23.6,44.7,1009.1,12.4,0.000,0.000,249160,339956,246240,35676,4.01,77.98
2026-08-20 03:31:00,154352.015625,B8DB8AF16E20,0003,male,C57BL/6,1.1.1,FR1_Approach,0,Status,138,1177,258,43,0,0,,,,,Disabled,23.6,44.7,1009.1,12.3,0.000,0.000,249160,339956,246240,35813,4.01,77.98
2026-08-20 03:41:02,154954.828125,B8DB8AF16E20,0003,male,C57BL/6,1.1.1,FR1_Approach,0,Status,138,1177,258,43,0,0,,,,,Disabled,23.6,44.7,1009.2,12.3,0.000,0.000,249160,339956,246240,35950,4.01,77.81
2026-08-20 03:51:05,155557.671875,B8DB8AF16E20,0003,male,C57BL/6,1.1.1,FR1_Approach,0,Status,138,1177,258,43,0,0,,,,,Disabled,23.5,44.7,1009.2,12.3,0.000,0.000,249160,339956,246240,36087,4.01,77.81
2026-08-20 04:01:07,156160.500000,B8DB8AF16E20,0003,male,C57BL/6,1.1.1,FR1_Approach,0,Status,138,1177,258,43,0,0,,,,,Disabled,23.5,44.7,1009.3,12.3,0.000,0.000,249160,339956,246240,36224,4.01,77.65
2026-08-20 04:09:07,156641.578125,B8DB8AF16E20,0003,male,C57BL/6,1.1.1,FR1_Approach,0,PelletDrop,139,1178,258,43,0,0,,,,,,,,,,,,,,,,,,,,
2026-08-20 04:09:08,156642.796875,B8DB8AF16E20,0003,male,C57BL/6,1.1.1,FR1_Approach,0,PelletNotDetected,139,1178,258,43,0,0,,,,,,,,,,,,,,,,,,,,
2026-08-20 04:09:47,156681.796875,B8DB8AF16E20,0003,male,C57BL/6,1.1.1,FR1_Approach,0,PelletDrop,140,1180,258,43,0,0,,,,,,,,,,,,,,,,,,,,
2026-08-20 04:10:01,156695.640625,B8DB8AF16E20,0003,male,C57BL/6,1.1.1,FR1_Approach,0,PelletTaken,140,1180,258,43,0,0,13.216,116.000,0,3,,,,,,,,,,,,,,,,
2026-08-20 04:10:45,156739.593750,B8DB8AF16E20,0003,male,C57BL/6,1.1.1,FR1_Approach,0,PelletDrop,141,1183,258,43,0,0,,,,,,,,,,,,,,,,,,,,
2026-08-20 04:11:04,156758.859375,B8DB8AF16E20,0003,male,C57BL/6,1.1.1,FR1_Approach,0,PelletTaken,141,1183,258,43,0,0,18.639,161.000,0,2,,,,,,,,,,,,,,,,
2026-08-20 04:11:12,156766.671875,B8DB8AF16E20,0003,male,C57BL/6,1.1.1,FR1_Approach,0,Status,141,1183,258,43,0,0,,,,,Disabled,23.6,44.3,1009.3,12.3,0.000,0.000,249160,339956,246240,36357,4.00,77.65
2026-08-20 04:19:25,157259.515625,B8DB8AF16E20,0003,male,C57BL/6,1.1.1,FR1_Approach,0,PelletDrop,142,1187,258,43,0,0,,,,,,,,,,,,,,,,,,,,
2026-08-20 04:19:40,157275.140625,B8DB8AF16E20,0003,male,C57BL/6,1.1.1,FR1_Approach,0,PelletTaken,142,1187,258,43,0,0,14.998,99.000,0,2,,,,,,,,,,,,,,,,
2026-08-20 04:21:15,157370.234375,B8DB8AF16E20,0003,male,C57BL/6,1.1.1,FR1_Approach,0,Status,142,1187,259,43,0,0,,,,,Disabled,23.6,44.4,1009.3,12.3,0.000,0.000,249160,339956,246240,36495,4.01,77.65
2026-08-20 04:24:26,157561.359375,B8DB8AF16E20,0003,male,C57BL/6,1.1.1,FR1_Approach,0,PelletDrop,143,1192,259,43,0,0,,,,,,,,,,,,,,,,,,,,
2026-08-20 04:24:38,157573.312500,B8DB8AF16E20,0003,male,C57BL/6,1.1.1,FR1_Approach,0,PelletTaken,143,1192,259,43,0,0,11.324,114.000,0,2,,,,,,,,,,,,,,,,
2026-08-20 04:31:15,157970.578125,B8DB8AF16E20,0003,male,C57BL/6,1.1.1,FR1_Approach,0,Status,143,1192,259,43,0,0,,,,,Disabled,23.6,44.6,1009.4,12.3,0.000,0.000,249160,339956,246240,36631,4.01,77.48
2026-08-20 04:33:17,158092.296875,B8DB8AF16E20,0003,male,C57BL/6,1.1.1,FR1_Approach,0,PelletDrop,144,1198,259,43,0,0,,,,,,,,,,,,,,,,,,,,
2026-08-20 04:33:27,158103.062500,B8DB8AF16E20,0003,male,C57BL/6,1.1.1,FR1_Approach,0,PelletTaken,144,1198,259,43,0,0,10.147,68.000,0,2,,,,,,,,,,,,,,,,
2026-08-20 04:41:15,158570.765625,B8DB8AF16E20,0003,male,C57BL/6,1.1.1,FR1_Approach,0,Status,144,1198,260,43,0,0,,,,,Disabled,23.6,44.7,1009.4,12.2,0.000,0.000,249160,339956,246240,36771,4.01,77.32
2026-08-20 04:51:17,159173.609375,B8DB8AF16E20,0003,male,C57BL/6,1.1.1,FR1_Approach,0,Status,144,1198,260,43,0,0,,,,,Disabled,23.6,45.0,1009.5,12.2,0.000,0.000,249160,339956,246240,36908,4.01,77.32
2026-08-20 04:54:24,159360.640625,B8DB8AF16E20,0003,male,C57BL/6,1.1.1,FR1_Approach,0,PelletDrop,145,1205,262,46,0,0,,,,,,,,,,,,,,,,,,,,
2026-08-20 04:54:25,159361.859375,B8DB8AF16E20,0003,male,C57BL/6,1.1.1,FR1_Approach,0,PelletNotDetected,145,1205,262,46,0,0,,,,,,,,,,,,,,,,,,,,
2026-08-20 05:01:02,159759.140625,B8DB8AF16E20,0003,male,C57BL/6,1.1.1,FR1_Approach,0,PelletDrop,146,1213,272,46,0,0,,,,,,,,,,,,,,,,,,,,
2026-08-20 05:01:13,159770.140625,B8DB8AF16E20,0003,male,C57BL/6,1.1.1,FR1_Approach,0,PelletTaken,146,1213,272,46,0,0,10.378,124.000,0,3,,,,,,,,,,,,,,,,
2026-08-20 05:01:21,159777.953125,B8DB8AF16E20,0003,male,C57BL/6,1.1.1,FR1_Approach,0,Status,146,1213,272,46,0,0,,,,,Disabled,23.7,44.9,1009.6,12.2,0.000,0.000,249160,339956,246240,37064,4.00,77.16
2026-08-20 05:11:23,160380.781250,B8DB8AF16E20,0003,male,C57BL/6,1.1.1,FR1_Approach,0,Status,146,1213,272,46,0,0,,,,,Disabled,23.7,45.0,1009.6,12.2,0.000,0.000,249160,339956,246240,37201,4.01,77.16
2026-08-20 05:21:25,160983.593750,B8DB8AF16E20,0003,male,C57BL/6,1.1.1,FR1_Approach,0,Status,146,1213,272,46,0,0,,,,,Disabled,23.6,45.1,1009.7,12.2,0.000,0.000,249160,339956,246240,37338,4.01,77.00
2026-08-20 05:28:52,161430.843750,B8DB8AF16E20,0003,male,C57BL/6,1.1.1,FR1_Approach,0,PelletDrop,147,1222,273,46,0,0,,,,,,,,,,,,,,,,,,,,
2026-08-20 05:29:02,161440.828125,B8DB8AF16E20,0003,male,C57BL/6,1.1.1,FR1_Approach,0,PelletTaken,147,1222,273,46,0,0,9.344,107.000,0,2,,,,,,,,,,,,,,,,
2026-08-20 05:31:25,161584.265625,B8DB8AF16E20,0003,male,C57BL/6,1.1.1,FR1_Approach,0,Status,147,1222,273,46,0,0,,,,,Disabled,23.7,44.9,1009.8,12.2,0.000,0.000,249160,339956,246240,37477,4.00,77.00
2026-08-20 05:41:27,162187.093750,B8DB8AF16E20,0003,male,C57BL/6,1.1.1,FR1_Approach,0,Status,147,1222,273,46,0,0,,,,,Disabled,23.6,44.9,1010.0,12.2,0.000,0.000,249160,339956,246240,37614,3.99,77.00
2026-08-20 05:51:29,162789.906250,B8DB8AF16E20,0003,male,C57BL/6,1.1.1,FR1_Approach,0,Status,147,1222,273,46,0,0,,,,,Disabled,23.6,44.8,1010.1,12.1,0.018,16.000,249160,339956,246240,37751,4.00,76.67
2026-08-20 06:01:31,163392.734375,B8DB8AF16E20,0003,male,C57BL/6,1.1.1,FR1_Approach,0,Status,147,1222,273,46,0,0,,,,,Disabled,23.6,44.8,1010.3,12.2,0.011,14.000,249160,339956,246240,37888,4.00,76.67
2026-08-20 06:11:34,163995.562500,B8DB8AF16E20,0003,male,C57BL/6,1.1.1,FR1_Approach,0,Status,147,1222,273,46,0,0,,,,,Disabled,23.6,44.7,1010.4,12.2,0.025,20.000,249160,339956,246240,38025,3.99,76.67
2026-08-20 06:21:36,164598.390625,B8DB8AF16E20,0003,male,C57BL/6,1.1.1,FR1_Approach,0,Status,147,1222,273,46,0,0,,,,,Disabled,23.5,44.7,1010.5,12.2,0.018,16.000,249160,339956,246240,38162,4.00,76.51
2026-08-20 06:31:38,165201.218750,B8DB8AF16E20,0003,male,C57BL/6,1.1.1,FR1_Approach,0,Status,147,1222,273,46,0,0,,,,,Disabled,23.5,44.8,1010.7,12.2,0.018,21.000,249160,339956,246240,38299,4.00,76.51
2026-08-20 06:41:40,165804.062500,B8DB8AF16E20,0003,male,C57BL/6,1.1.1,FR1_Approach,0,Status,147,1222,273,46,0,0,,,,,Disabled,23.5,44.8,1010.8,12.2,0.014,22.000,249160,339956,246240,38436,4.00,76.51
2026-08-20 06:51:42,166406.859375,B8DB8AF16E20,0003,male,C57BL/6,1.1.1,FR1_Approach,0,Status,147,1222,273,46,0,0,,,,,Disabled,23.5,44.7,1010.9,12.2,0.000,14.000,249160,339956,246240,38573,4.00,76.34
2026-08-20 07:01:45,167009.687500,B8DB8AF16E20,0003,male,C57BL/6,1.1.1,FR1_Approach,0,Status,147,1222,273,46,0,0,,,,,Disabled,23.5,44.7,1011.0,12.2,0.011,14.000,249160,339956,246240,38710,4.00,76.34
2026-08-20 07:11:47,167612.531250,B8DB8AF16E20,0003,male,C57BL/6,1.1.1,FR1_Approach,0,Status,147,1222,273,46,0,0,,,,,Disabled,23.5,44.6,1011.2,12.2,0.007,16.000,249160,339956,246240,38847,4.00,76.34
2026-08-20 07:20:55,168160.984375,B8DB8AF16E20,0003,male,C57BL/6,1.1.1,FR1_Approach,0,PelletDrop,148,1223,273,46,0,0,,,,,,,,,,,,,,,,,,,,
2026-08-20 07:21:15,168181.140625,B8DB8AF16E20,0003,male,C57BL/6,1.1.1,FR1_Approach,0,PelletTaken,148,1223,273,46,0,0,19.529,39.000,0,2,,,,,,,,,,,,,,,,
2026-08-20 07:21:49,168215.234375,B8DB8AF16E20,0003,male,C57BL/6,1.1.1,FR1_Approach,0,Status,148,1223,273,46,0,0,,,,,Disabled,23.6,44.3,1011.3,12.2,0.007,17.000,249160,339956,246240,38979,4.00,76.18
2026-08-20 07:21:58,168224.015625,B8DB8AF16E20,0003,male,C57BL/6,1.1.1,FR1_Approach,0,PelletDrop,149,1225,273,46,0,0,,,,,,,,,,,,,,,,,,,,
2026-08-20 07:22:16,168242.687500,B8DB8AF16E20,0003,male,C57BL/6,1.1.1,FR1_Approach,0,PelletTaken,149,1225,273,46,0,0,18.044,20.000,0,2,,,,,,,,,,,,,,,,
2026-08-20 07:31:23,168789.984375,B8DB8AF16E20,0003,male,C57BL/6,1.1.1,FR1_Approach,0,PelletDrop,150,1228,273,46,0,0,,,,,,,,,,,,,,,,,,,,
2026-08-20 07:31:24,168791.203125,B8DB8AF16E20,0003,male,C57BL/6,1.1.1,FR1_Approach,0,PelletNotDetected,150,1228,273,46,0,0,,,,,,,,,,,,,,,,,,,,
2026-08-20 07:31:50,168816.515625,B8DB8AF16E20,0003,male,C57BL/6,1.1.1,FR1_Approach,0,Status,150,1228,273,46,0,0,,,,,Disabled,23.6,44.5,1011.4,12.2,0.007,16.000,249160,339956,246240,39116,4.00,76.02
2026-08-20 07:34:48,168994.765625,B8DB8AF16E20,0003,male,C57BL/6,1.1.1,FR1_Approach,0,PelletDrop,151,1232,273,46,0,0,,,,,,,,,,,,,,,,,,,,
2026-08-20 07:35:01,169007.640625,B8DB8AF16E20,0003,male,C57BL/6,1.1.1,FR1_Approach,0,PelletTaken,151,1232,273,46,0,0,12.248,21.000,0,3,,,,,,,,,,,,,,,,
2026-08-20 07:41:44,169411.640625,B8DB8AF16E20,0003,male,C57BL/6,1.1.1,FR1_Approach,0,PelletDrop,152,1237,273,46,0,0,,,,,,,,,,,,,,,,,,,,
2026-08-20 07:41:57,169424.265625,B8DB8AF16E20,0003,male,C57BL/6,1.1.1,FR1_Approach,0,PelletTaken,152,1237,273,46,0,0,11.984,40.000,0,2,,,,,,,,,,,,,,,,
2026-08-20 07:42:05,169432.125000,B8DB8AF16E20,0003,male,C57BL/6,1.1.1,FR1_Approach,0,Status,152,1237,273,46,0,0,,,,,Disabled,23.7,44.4,1011.5,12.1,0.000,2.000,249160,339956,246240,39257,3.99,76.02
2026-08-20 07:52:07,170034.921875,B8DB8AF16E20,0003,male,C57BL/6,1.1.1,FR1_Approach,0,Status,152,1237,273,46,0,0,,,,,Disabled,23.7,44.4,1011.6,12.1,0.000,4.000,249160,339956,246240,39394,4.00,75.86
2026-08-20 08:02:07,170635.281250,B8DB8AF16E20,0003,male,C57BL/6,1.1.1,FR1_Approach,0,Status,152,1238,273,46,0,0,,,,,Disabled,23.7,44.3,1011.7,12.1,0.000,13.000,249160,339956,246240,39531,4.00,75.86
2026-08-20 08:12:09,171238.125000,B8DB8AF16E20,0003,male,C57BL/6,1.1.1,FR1_Approach,0,Status,152,1238,273,46,0,0,,,,,Disabled,23.7,44.3,1011.7,12.1,0.000,10.000,249160,339956,246240,39668,3.99,75.69
2026-08-20 08:22:11,171840.968750,B8DB8AF16E20,0003,male,C57BL/6,1.1.1,FR1_Approach,0,Status,152,1238,273,46,0,0,,,,,Disabled,23.7,44.3,1011.8,12.2,0.000,10.000,249160,339956,246240,39805,3.99,75.69
2026-08-20 08:32:13,172443.781250,B8DB8AF16E20,0003,male,C57BL/6,1.1.1,FR1_Approach,0,Status,152,1238,273,46,0,0,,,,,Disabled,23.7,44.2,1011.8,12.2,0.000,14.000,249160,339956,246240,39942,3.99,75.69
2026-08-20 08:42:15,173046.609375,B8DB8AF16E20,0003,male,C57BL/6,1.1.1,FR1_Approach,0,Status,152,1238,273,46,0,0,,,,,Disabled,23.7,44.2,1011.9,12.2,0.000,10.000,249160,339956,246240,40079,3.99,75.53
2026-08-20 08:52:18,173649.437500,B8DB8AF16E20,0003,male,C57BL/6,1.1.1,FR1_Approach,0,Status,152,1238,273,46,0,0,,,,,Disabled,23.7,44.2,1011.9,12.3,0.000,13.000,249160,339956,246240,40216,3.99,75.37
2026-08-20 09:02:20,174252.265625,B8DB8AF16E20,0003,male,C57BL/6,1.1.1,FR1_Approach,0,Status,152,1238,273,46,0,0,,,,,Disabled,23.7,44.2,1012.0,12.3,0.000,11.000,249160,339956,246240,40353,3.99,75.37
2026-08-20 09:12:22,174855.093750,B8DB8AF16E20,0003,male,C57BL/6,1.1.1,FR1_Approach,0,Status,152,1238,273,46,0,0,,,,,Disabled,23.7,44.2,1012.0,12.2,0.000,12.000,249160,339956,246240,40490,3.99,75.37
2026-08-20 09:22:24,175457.921875,B8DB8AF16E20,0003,male,C57BL/6,1.1.1,FR1_Approach,0,Status,152,1238,273,46,0,0,,,,,Disabled,23.7,44.2,1012.1,12.4,0.000,12.000,249160,339956,246240,40627,3.99,75.20
2026-08-20 09:32:26,176060.734375,B8DB8AF16E20,0003,male,C57BL/6,1.1.1,FR1_Approach,0,Status,152,1238,273,46,0,0,,,,,Disabled,23.7,44.3,1012.2,12.3,0.000,10.000,249160,339956,246240,40764,3.99,75.20
2026-08-20 09:36:43,176317.625000,B8DB8AF16E20,0003,male,C57BL/6,1.1.1,FR1_Approach,0,PelletDrop,153,1239,273,46,0,0,,,,,,,,,,,,,,,,,,,,
2026-08-20 09:37:03,176337.296875,B8DB8AF16E20,0003,male,C57BL/6,1.1.1,FR1_Approach,0,PelletTaken,153,1239,273,46,0,0,19.035,474.000,0,2,,,,,,,,,,,,,,,,
2026-08-20 09:37:55,176389.359375,B8DB8AF16E20,0003,male,C57BL/6,1.1.1,FR1_Approach,0,PelletDrop,154,1241,273,46,0,0,,,,,,,,,,,,,,,,,,,,
2026-08-20 09:38:11,176405.250000,B8DB8AF16E20,0003,male,C57BL/6,1.1.1,FR1_Approach,0,PelletTaken,154,1241,273,46,0,0,15.261,59.000,0,2,,,,,,,,,,,,,,,,
2026-08-20 09:42:28,176662.484375,B8DB8AF16E20,0003,male,C57BL/6,1.1.1,FR1_Approach,0,Status,154,1241,273,46,0,0,,,,,Disabled,23.7,44.2,1012.3,12.2,0.000,8.000,249160,339956,246240,40893,3.99,75.04
2026-08-20 09:52:30,177265.312500,B8DB8AF16E20,0003,male,C57BL/6,1.1.1,FR1_Approach,0,Status,154,1241,273,46,0,0,,,,,Disabled,23.7,44.4,1012.4,12.2,0.000,16.000,249160,339956,246240,41030,3.99,75.04
2026-08-20 09:53:02,177297.515625,B8DB8AF16E20,0003,male,C57BL/6,1.1.1,FR1_Approach,0,PelletDrop,155,1244,273,46,0,0,,,,,,,,,,,,,,,,,,,,
2026-08-20 09:53:18,177313.562500,B8DB8AF16E20,0003,male,C57BL/6,1.1.1,FR1_Approach,0,PelletTaken,155,1244,273,46,0,0,15.404,161.000,0,2,,,,,,,,,,,,,,,,
2026-08-20 10:02:32,177867.671875,B8DB8AF16E20,0003,male,C57BL/6,1.1.1,FR1_Approach,0,Status,155,1244,278,46,0,0,,,,,Disabled,23.8,44.5,1012.5,12.2,0.000,6.000,249160,339956,246240,41168,3.99,74.88
2026-08-20 10:12:31,178468.156250,B8DB8AF16E20,0003,male,C57BL/6,1.1.1,FR1_Approach,0,Status,155,1244,278,46,0,0,,,,,Disabled,23.8,44.4,1012.6,12.2,0.022,26.000,249160,339956,246240,41305,3.99,74.88
2026-08-20 10:17:10,178746.703125,B8DB8AF16E20,0003,male,C57BL/6,1.1.1,FR1_Approach,0,PelletDrop,156,1248,278,46,0,0,,,,,,,,,,,,,,,,,,,,
2026-08-20 10:17:24,178760.703125,B8DB8AF16E20,0003,male,C57BL/6,1.1.1,FR1_Approach,0,PelletTaken,156,1248,278,46,0,0,13.369,39.000,0,2,,,,,,,,,,,,,,,,
2026-08-20 10:17:57,178794.046875,B8DB8AF16E20,0003,male,C57BL/6,1.1.1,FR1_Approach,0,PelletDrop,157,1253,278,46,0,0,,,,,,,,,,,,,,,,,,,,
2026-08-20 10:18:10,178806.921875,B8DB8AF16E20,0003,male,C57BL/6,1.1.1,FR1_Approach,0,PelletTaken,157,1253,278,46,0,0,12.248,116.000,0,2,,,,,,,,,,,,,,,,
2026-08-20 10:22:31,179068.531250,B8DB8AF16E20,0003,male,C57BL/6,1.1.1,FR1_Approach,0,Status,157,1253,278,46,0,0,,,,,Disabled,23.8,44.3,1012.7,12.1,0.014,20.000,249160,339956,246240,41439,3.99,74.71
2026-08-20 10:32:32,179669.609375,B8DB8AF16E20,0003,male,C57BL/6,1.1.1,FR1_Approach,0,Status,157,1253,279,46,0,0,,,,,Disabled,23.8,44.5,1012.8,12.1,0.014,18.000,249160,339956,246240,41576,3.99,74.71
2026-08-20 10:40:25,180143.234375,B8DB8AF16E20,0003,male,C57BL/6,1.1.1,FR1_Approach,0,PelletDrop,158,1259,280,50,0,0,,,,,,,,,,,,,,,,,,,,
2026-08-20 10:40:39,180157.312500,B8DB8AF16E20,0003,male,C57BL/6,1.1.1,FR1_Approach,0,PelletTaken,158,1259,280,50,0,0,13.436,88.000,0,2,,,,,,,,,,,,,,,,
2026-08-20 10:42:32,180270.390625,B8DB8AF16E20,0003,male,C57BL/6,1.1.1,FR1_Approach,0,Status,158,1259,281,51,0,0,,,,,Disabled,23.9,44.6,1012.9,12.0,0.014,20.000,249160,339956,246240,41721,3.99,74.55
2026-08-20 10:42:46,180284.750000,B8DB8AF16E20,0003,male,C57BL/6,1.1.1,FR1_Approach,0,PelletDrop,159,1266,281,51,0,0,,,,,,,,,,,,,,,,,,,,
2026-08-20 10:42:59,180297.890625,B8DB8AF16E20,0003,male,C57BL/6,1.1.1,FR1_Approach,0,PelletTaken,159,1266,281,51,0,0,12.500,172.000,0,2,,,,,,,,,,,,,,,,
2026-08-20 10:45:25,180443.781250,B8DB8AF16E20,0003,male,C57BL/6,1.1.1,FR1_Approach,0,PelletDrop,160,1274,282,54,0,0,,,,,,,,,,,,,,,,,,,,
2026-08-20 10:45:39,180457.468750,B8DB8AF16E20,0003,male,C57BL/6,1.1.1,FR1_Approach,0,PelletTaken,160,1274,282,54,0,0,13.061,106.000,0,2,,,,,,,,,,,,,,,,
2026-08-20 10:52:32,180871.250000,B8DB8AF16E20,0003,male,C57BL/6,1.1.1,FR1_Approach,0,Status,160,1274,282,55,0,0,,,,,Disabled,23.9,44.5,1012.9,12.0,0.029,30.000,249160,339956,246240,41864,3.97,74.55
2026-08-20 11:02:34,181474.078125,B8DB8AF16E20,0003,male,C57BL/6,1.1.1,FR1_Approach,0,Status,160,1274,282,55,0,0,,,,,Disabled,24.0,44.4,1013.0,12.1,0.032,24.000,249160,339956,246240,42001,3.98,74.38
2026-08-20 11:12:37,182076.875000,B8DB8AF16E20,0003,male,C57BL/6,1.1.1,FR1_Approach,0,Status,160,1274,282,55,0,0,,,,,Disabled,24.0,44.4,1013.0,12.1,0.022,24.000,249160,339956,246240,42138,3.98,74.38
2026-08-20 11:22:39,182679.718750,B8DB8AF16E20,0003,male,C57BL/6,1.1.1,FR1_Approach,0,Status,160,1274,282,55,0,0,,,,,Disabled,24.0,44.3,1013.0,12.1,0.022,24.000,249160,339956,246240,42275,3.97,74.38
2026-08-20 11:32:41,183282.546875,B8DB8AF16E20,0003,male,C57BL/6,1.1.1,FR1_Approach,0,Status,160,1274,282,55,0,0,,,,,Disabled,23.9,44.3,1013.0,12.1,0.022,24.000,249160,339956,246240,42412,3.98,74.22
2026-08-20 11:42:43,183885.359375,B8DB8AF16E20,0003,male,C57BL/6,1.1.1,FR1_Approach,0,Status,160,1274,282,55,0,0,,,,,Disabled,23.9,44.2,1013.1,12.1,0.022,22.000,249160,339956,246240,42549,3.98,74.22
2026-08-20 11:52:45,184488.187500,B8DB8AF16E20,0003,male,C57BL/6,1.1.1,FR1_Approach,0,Status,160,1274,282,55,0,0,,,,,Disabled,23.9,44.2,1013.1,12.1,0.025,22.000,249160,339956,246240,42686,3.97,74.05
2026-08-20 12:02:48,185091.015625,B8DB8AF16E20,0003,male,C57BL/6,1.1.1,FR1_Approach,0,Status,160,1274,282,55,0,0,,,,,Disabled,23.9,44.2,1013.1,12.1,0.022,25.000,249160,339956,246240,42823,3.98,74.05
2026-08-20 12:12:50,185693.843750,B8DB8AF16E20,0003,male,C57BL/6,1.1.1,FR1_Approach,0,Status,160,1274,282,55,0,0,,,,,Disabled,23.8,44.2,1013.2,12.1,0.029,24.000,249160,339956,246240,42960,3.98,73.89
2026-08-20 12:22:52,186296.671875,B8DB8AF16E20,0003,male,C57BL/6,1.1.1,FR1_Approach,0,Status,160,1274,282,55,0,0,,,,,Disabled,23.8,44.2,1013.2,12.1,0.029,26.000,249160,339956,246240,43097,3.98,73.89
2026-08-20 12:32:54,186899.515625,B8DB8AF16E20,0003,male,C57BL/6,1.1.1,FR1_Approach,0,Status,160,1274,282,55,0,0,,,,,Disabled,23.8,44.2,1013.2,12.1,0.029,26.000,249160,339956,246240,43234,3.98,73.73
2026-08-20 12:42:56,187502.328125,B8DB8AF16E20,0003,male,C57BL/6,1.1.1,FR1_Approach,0,Status,160,1274,282,55,0,0,,,,,Disabled,23.7,44.2,1013.1,12.1,0.029,26.000,249160,339956,246240,43371,3.98,73.73
2026-08-20 12:52:33,188079.312500,B8DB8AF16E20,0003,male,C57BL/6,1.1.1,FR1_Approach,0,PelletDrop,161,1275,282,55,0,0,,,,,,,,,,,,,,,,,,,,
2026-08-20 12:52:34,188080.546875,B8DB8AF16E20,0003,male,C57BL/6,1.1.1,FR1_Approach,0,PelletNotDetected,161,1275,282,55,0,0,,,,,,,,,,,,,,,,,,,,
2026-08-20 12:52:59,188105.859375,B8DB8AF16E20,0003,male,C57BL/6,1.1.1,FR1_Approach,0,Status,161,1275,282,55,0,0,,,,,Disabled,23.7,44.2,1013.1,12.1,0.032,25.000,249160,339956,246240,43508,3.98,73.73
2026-08-20 12:53:05,188111.250000,B8DB8AF16E20,0003,male,C57BL/6,1.1.1,FR1_Approach,0,PelletDrop,162,1277,282,55,0,0,,,,,,,,,,,,,,,,,,,,
2026-08-20 12:53:06,188112.468750,B8DB8AF16E20,0003,male,C57BL/6,1.1.1,FR1_Approach,0,PelletNotDetected,162,1277,282,55,0,0,,,,,,,,,,,,,,,,,,,,
2026-08-20 12:59:38,188505.125000,B8DB8AF16E20,0003,male,C57BL/6,1.1.1,FR1_Approach,0,PelletDrop,163,1280,282,55,0,0,,,,,,,,,,,,,,,,,,,,
2026-08-20 12:59:52,188519.265625,B8DB8AF16E20,0003,male,C57BL/6,1.1.1,FR1_Approach,0,PelletTaken,163,1280,282,55,0,0,13.513,11.000,0,4,,,,,,,,,,,,,,,,
2026-08-20 13:02:59,188706.484375,B8DB8AF16E20,0003,male,C57BL/6,1.1.1,FR1_Approach,0,Status,163,1280,282,55,0,0,,,,,Disabled,23.7,44.2,1013.1,12.1,0.036,34.000,249160,339956,246240,43643,3.98,73.73
2026-08-20 13:13:02,189309.375000,B8DB8AF16E20,0003,male,C57BL/6,1.1.1,FR1_Approach,0,Status,163,1281,282,55,0,0,,,,,Disabled,23.7,44.6,1013.1,12.1,0.007,16.000,249160,339956,246240,43782,3.96,73.56
2026-08-20 13:14:21,189388.937500,B8DB8AF16E20,0003,male,C57BL/6,1.1.1,FR1_Approach,0,PelletDrop,164,1284,282,55,0,0,,,,,,,,,,,,,,,,,,,,
2026-08-20 13:14:35,189403.156250,B8DB8AF16E20,0003,male,C57BL/6,1.1.1,FR1_Approach,0,PelletTaken,164,1284,282,55,0,0,13.590,124.000,0,3,,,,,,,,,,,,,,,,
2026-08-20 13:23:01,189909.781250,B8DB8AF16E20,0003,male,C57BL/6,1.1.1,FR1_Approach,0,Status,164,1284,282,55,0,0,,,,,Disabled,23.8,44.6,1013.0,12.0,0.032,27.000,249160,339956,246240,43915,3.98,73.40
2026-08-20 13:33:04,190512.609375,B8DB8AF16E20,0003,male,C57BL/6,1.1.1,FR1_Approach,0,Status,164,1284,282,55,0,0,,,,,Disabled,23.8,44.6,1013.0,12.1,0.036,28.000,249160,339956,246240,44052,3.98,73.40
2026-08-20 13:43:06,191115.421875,B8DB8AF16E20,0003,male,C57BL/6,1.1.1,FR1_Approach,0,Status,164,1284,282,55,0,0,,,,,Disabled,23.8,44.5,1013.0,12.1,0.036,33.000,249160,339956,246240,44189,3.98,73.23
2026-08-20 13:53:08,191718.265625,B8DB8AF16E20,0003,male,C57BL/6,1.1.1,FR1_Approach,0,Status,164,1284,282,55,0,0,,,,,Disabled,23.7,44.5,1012.9,12.0,0.058,40.000,249160,339956,246240,44326,3.97,73.23
2026-08-20 14:03:10,192321.093750,B8DB8AF16E20,0003,male,C57BL/6,1.1.1,FR1_Approach,0,Status,164,1284,282,55,0,0,,,,,Disabled,23.7,44.6,1012.9,12.0,0.054,38.000,249160,339956,246240,44463,3.97,73.23
2026-08-20 14:13:12,192923.921875,B8DB8AF16E20,0003,male,C57BL/6,1.1.1,FR1_Approach,0,Status,164,1284,282,55,0,0,,,,,Disabled,23.7,44.6,1012.8,12.1,0.050,34.000,249160,339956,246240,44600,3.98,73.07
2026-08-20 14:23:15,193526.750000,B8DB8AF16E20,0003,male,C57BL/6,1.1.1,FR1_Approach,0,Status,164,1284,282,55,0,0,,,,,Disabled,23.7,44.5,1012.8,12.0,0.047,33.000,249160,339956,246240,44737,3.97,73.07
2026-08-20 14:29:30,193902.500000,B8DB8AF16E20,0003,male,C57BL/6,1.1.1,FR1_Approach,0,PelletDrop,165,1285,282,55,0,0,,,,,,,,,,,,,,,,,,,,
2026-08-20 14:29:31,193903.734375,B8DB8AF16E20,0003,male,C57BL/6,1.1.1,FR1_Approach,0,PelletNotDetected,165,1285,282,55,0,0,,,,,,,,,,,,,,,,,,,,
2026-08-20 14:30:04,193936.125000,B8DB8AF16E20,0003,male,C57BL/6,1.1.1,FR1_Approach,0,PelletDrop,166,1287,282,55,0,0,,,,,,,,,,,,,,,,,,,,
2026-08-20 14:30:23,193955.031250,B8DB8AF16E20,0003,male,C57BL/6,1.1.1,FR1_Approach,0,PelletTaken,166,1287,282,55,0,0,18.276,239.000,0,3,,,,,,,,,,,,,,,,
2026-08-20 14:31:14,194006.625000,B8DB8AF16E20,0003,male,C57BL/6,1.1.1,FR1_Approach,0,PelletDrop,167,1290,282,55,0,0,,,,,,,,,,,,,,,,,,,,
2026-08-20 14:31:28,194020.406250,B8DB8AF16E20,0003,male,C57BL/6,1.1.1,FR1_Approach,0,PelletTaken,167,1290,282,55,0,0,13.161,97.000,0,3,,,,,,,,,,,,,,,,
2026-08-20 14:33:16,194128.843750,B8DB8AF16E20,0003,male,C57BL/6,1.1.1,FR1_Approach,0,Status,167,1290,282,55,0,0,,,,,Disabled,23.8,44.0,1012.8,12.0,0.047,30.000,249160,339956,246240,44868,3.97,72.91
2026-08-20 14:43:18,194731.671875,B8DB8AF16E20,0003,male,C57BL/6,1.1.1,FR1_Approach,0,Status,167,1290,282,55,0,0,,,,,Disabled,23.8,44.3,1012.7,12.0,0.050,35.000,249160,339956,246240,45005,3.97,72.91
2026-08-20 14:53:21,195334.500000,B8DB8AF16E20,0003,male,C57BL/6,1.1.1,FR1_Approach,0,Status,167,1290,282,55,0,0,,,,,Disabled,23.8,44.2,1012.6,12.0,0.050,34.000,249160,339956,246240,45142,3.97,72.91
2026-08-20 15:03:23,195937.328125,B8DB8AF16E20,0003,male,C57BL/6,1.1.1,FR1_Approach,0,Status,167,1290,282,55,0,0,,,,,Disabled,23.8,44.2,1012.5,12.0,0.050,37.000,249160,339956,246240,45279,3.97,72.74
2026-08-20 15:13:25,196540.171875,B8DB8AF16E20,0003,male,C57BL/6,1.1.1,FR1_Approach,0,Status,167,1290,282,55,0,0,,,,,Disabled,23.8,44.2,1012.5,12.1,0.043,32.000,249160,339956,246240,45416,3.97,72.74
2026-08-20 15:23:27,197142.968750,B8DB8AF16E20,0003,male,C57BL/6,1.1.1,FR1_Approach,0,Status,167,1290,282,55,0,0,,,,,Disabled,23.8,44.1,1012.4,12.0,0.054,36.000,249160,339956,246240,45553,3.97,72.58
2026-08-20 15:33:29,197745.796875,B8DB8AF16E20,0003,male,C57BL/6,1.1.1,FR1_Approach,0,Status,167,1290,282,55,0,0,,,,,Disabled,23.8,44.1,1012.3,12.0,0.050,35.000,249160,339956,246240,45690,3.97,72.58
2026-08-20 15:43:32,198348.640625,B8DB8AF16E20,0003,male,C57BL/6,1.1.1,FR1_Approach,0,Status,167,1290,282,55,0,0,,,,,Disabled,23.8,44.1,1012.3,12.0,0.036,29.000,249160,339956,246240,45827,3.97,72.41
2026-08-20 15:53:34,198951.453125,B8DB8AF16E20,0003,male,C57BL/6,1.1.1,FR1_Approach,0,Status,167,1290,282,55,0,0,,,,,Disabled,23.8,44.1,1012.3,12.1,0.050,34.000,249160,339956,246240,45964,3.97,72.41
2026-08-20 16:03:36,199554.281250,B8DB8AF16E20,0003,male,C57BL/6,1.1.1,FR1_Approach,0,Status,167,1290,282,55,0,0,,,,,Disabled,23.8,44.1,1012.2,12.0,0.018,21.000,249160,339956,246240,46101,3.97,72.41
2026-08-20 16:04:19,199597.515625,B8DB8AF16E20,0003,male,C57BL/6,1.1.1,FR1_Approach,0,PelletDrop,168,1291,282,55,0,0,,,,,,,,,,,,,,,,,,,,
2026-08-20 16:04:34,199612.062500,B8DB8AF16E20,0003,male,C57BL/6,1.1.1,FR1_Approach,0,PelletTaken,168,1291,282,55,0,0,13.920,21.000,0,2,,,,,,,,,,,,,,,,
2026-08-20 16:06:49,199747.140625,B8DB8AF16E20,0003,male,C57BL/6,1.1.1,FR1_Approach,0,PelletDrop,169,1293,282,55,0,0,,,,,,,,,,,,,,,,,,,,
2026-08-20 16:07:04,199762.640625,B8DB8AF16E20,0003,male,C57BL/6,1.1.1,FR1_Approach,0,PelletTaken,169,1293,282,55,0,0,14.866,20.000,0,2,,,,,,,,,,,,,,,,
2026-08-20 16:13:39,200157.937500,B8DB8AF16E20,0003,male,C57BL/6,1.1.1,FR1_Approach,0,Status,169,1294,282,55,0,0,,,,,Disabled,23.8,44.1,1012.2,12.0,0.043,35.000,249160,339956,246240,46233,3.97,72.25
2026-08-20 16:18:39,200457.765625,B8DB8AF16E20,0003,male,C57BL/6,1.1.1,FR1_Approach,0,PelletDrop,170,1296,282,55,0,0,,,,,,,,,,,,,,,,,,,,
2026-08-20 16:18:50,200468.953125,B8DB8AF16E20,0003,male,C57BL/6,1.1.1,FR1_Approach,0,PelletTaken,170,1296,282,55,0,0,10.554,40.000,0,2,,,,,,,,,,,,,,,,
2026-08-20 16:23:42,200761.156250,B8DB8AF16E20,0003,male,C57BL/6,1.1.1,FR1_Approach,0,Status,170,1296,282,55,0,0,,,,,Disabled,23.8,44.1,1012.2,12.0,0.029,26.000,249160,339956,246240,46368,3.97,72.09
2026-08-20 16:31:55,201255.031250,B8DB8AF16E20,0003,male,C57BL/6,1.1.1,FR1_Approach,0,PelletDrop,171,1300,282,55,0,0,,,,,,,,,,,,,,,,,,,,
2026-08-20 16:32:07,201266.859375,B8DB8AF16E20,0003,male,C57BL/6,1.1.1,FR1_Approach,0,PelletTaken,171,1300,282,55,0,0,11.192,248.000,0,2,,,,,,,,,,,,,,,,
2026-08-20 16:33:42,201362.187500,B8DB8AF16E20,0003,male,C57BL/6,1.1.1,FR1_Approach,0,Status,171,1300,282,55,0,0,,,,,Disabled,23.9,44.1,1012.2,12.0,0.029,27.000,249160,339956,246240,46506,3.97,72.09
2026-08-20 16:36:55,201554.765625,B8DB8AF16E20,0003,male,C57BL/6,1.1.1,FR1_Approach,0,PelletDrop,172,1305,284,55,0,0,,,,,,,,,,,,,,,,,,,,
2026-08-20 16:37:05,201564.828125,B8DB8AF16E20,0003,male,C57BL/6,1.1.1,FR1_Approach,0,PelletTaken,172,1305,284,55,0,0,9.420,12.000,0,2,,,,,,,,,,,,,,,,
2026-08-20 16:43:46,201966.468750,B8DB8AF16E20,0003,male,C57BL/6,1.1.1,FR1_Approach,0,Status,172,1305,284,55,0,0,,,,,Disabled,23.9,44.2,1012.2,12.0,0.007,19.000,249160,339956,246240,46645,3.97,72.09
2026-08-20 16:52:56,202516.750000,B8DB8AF16E20,0003,male,C57BL/6,1.1.1,FR1_Approach,0,PelletDrop,173,1311,286,55,0,0,,,,,,,,,,,,,,,,,,,,
2026-08-20 16:53:10,202531.578125,B8DB8AF16E20,0003,male,C57BL/6,1.1.1,FR1_Approach,0,PelletTaken,173,1311,286,55,0,0,14.194,86.000,0,2,,,,,,,,,,,,,,,,
2026-08-20 16:53:47,202568.156250,B8DB8AF16E20,0003,male,C57BL/6,1.1.1,FR1_Approach,0,Status,173,1311,287,55,0,0,,,,,Disabled,23.9,44.0,1012.2,11.9,0.000,10.000,249160,339956,246240,46785,3.96,71.92
2026-08-20 17:03:49,203170.984375,B8DB8AF16E20,0003,male,C57BL/6,1.1.1,FR1_Approach,0,Status,173,1311,287,55,0,0,,,,,Disabled,23.9,44.2,1012.3,12.0,0.043,32.000,249160,339956,246240,46922,3.97,71.92
2026-08-20 17:13:51,203773.828125,B8DB8AF16E20,0003,male,C57BL/6,1.1.1,FR1_Approach,0,Status,173,1311,287,55,0,0,,,,,Disabled,23.9,44.1,1012.3,11.9,0.054,32.000,249160,339956,246240,47059,3.96,71.92
2026-08-20 17:23:54,204376.625000,B8DB8AF16E20,0003,male,C57BL/6,1.1.1,FR1_Approach,0,Status,173,1311,287,55,0,0,,,,,Disabled,23.9,44.1,1012.4,12.0,0.043,30.000,249160,339956,246240,47196,3.95,71.76
2026-08-20 17:33:56,204979.468750,B8DB8AF16E20,0003,male,C57BL/6,1.1.1,FR1_Approach,0,Status,173,1311,287,55,0,0,,,,,Disabled,23.9,44.1,1012.4,12.0,0.043,35.000,249160,339956,246240,47333,3.96,71.59
2026-08-20 17:43:58,205582.296875,B8DB8AF16E20,0003,male,C57BL/6,1.1.1,FR1_Approach,0,Status,173,1311,287,55,0,0,,,,,Disabled,23.9,44.0,1012.5,12.0,0.050,36.000,249160,339956,246240,47470,3.96,71.59
2026-08-20 17:54:00,206185.125000,B8DB8AF16E20,0003,male,C57BL/6,1.1.1,FR1_Approach,0,Status,173,1311,287,55,0,0,,,,,Disabled,23.9,44.0,1012.5,12.0,0.000,0.000,249160,339956,246240,47607,3.95,71.59
2026-08-20 17:56:50,206355.531250,B8DB8AF16E20,0003,male,C57BL/6,1.1.1,FR1_Approach,0,PelletDrop,174,1312,287,55,0,0,,,,,,,,,,,,,,,,,,,,
2026-08-20 17:57:04,206369.343750,B8DB8AF16E20,0003,male,C57BL/6,1.1.1,FR1_Approach,0,PelletTaken,174,1312,287,55,0,0,13.183,40.000,0,2,,,,,,,,,,,,,,,,
2026-08-20 17:57:36,206400.968750,B8DB8AF16E20,0003,male,C57BL/6,1.1.1,FR1_Approach,0,PelletDrop,175,1314,287,55,0,0,,,,,,,,,,,,,,,,,,,,
2026-08-20 17:57:49,206414.640625,B8DB8AF16E20,0003,male,C57BL/6,1.1.1,FR1_Approach,0,PelletTaken,175,1314,287,55,0,0,13.039,49.000,0,2,,,,,,,,,,,,,,,,
2026-08-20 17:58:18,206443.484375,B8DB8AF16E20,0003,male,C57BL/6,1.1.1,FR1_Approach,0,PelletDrop,176,1317,287,55,0,0,,,,,,,,,,,,,,,,,,,,
2026-08-20 17:58:28,206452.875000,B8DB8AF16E20,0003,male,C57BL/6,1.1.1,FR1_Approach,0,PelletTaken,176,1317,287,55,0,0,8.760,20.000,0,2,,,,,,,,,,,,,,,,
2026-08-20 18:04:03,206788.859375,B8DB8AF16E20,0003,male,C57BL/6,1.1.1,FR1_Approach,0,Status,176,1317,287,55,0,0,,,,,Disabled,23.9,43.9,1012.5,11.9,0.000,0.000,249160,339956,246240,47738,3.96,71.43
2026-08-20 18:14:05,207391.703125,B8DB8AF16E20,0003,male,C57BL/6,1.1.1,FR1_Approach,0,Status,176,1317,287,55,0,0,,,,,Disabled,24.0,44.1,1012.5,12.0,0.000,0.000,249160,339956,246240,47875,3.96,71.43
2026-08-20 18:14:17,207403.296875,B8DB8AF16E20,0003,male,C57BL/6,1.1.1,FR1_Approach,0,PelletDrop,177,1321,287,55,0,0,,,,,,,,,,,,,,,,,,,,
2026-08-20 18:14:28,207414.218750,B8DB8AF16E20,0003,male,C57BL/6,1.1.1,FR1_Approach,0,PelletTaken,177,1321,287,55,0,0,10.289,87.000,0,2,,,,,,,,,,,,,,,,
2026-08-20 18:24:08,207995.218750,B8DB8AF16E20,0003,male,C57BL/6,1.1.1,FR1_Approach,0,Status,177,1321,287,55,0,0,,,,,Disabled,24.0,44.1,1012.4,11.9,0.000,0.000,249160,339956,246240,48012,3.96,71.27
2026-08-20 18:27:43,208209.765625,B8DB8AF16E20,0003,male,C57BL/6,1.1.1,FR1_Approach,0,PelletDrop,178,1326,292,55,0,0,,,,,,,,,,,,,,,,,,,,
2026-08-20 18:27:51,208218.343750,B8DB8AF16E20,0003,male,C57BL/6,1.1.1,FR1_Approach,0,PelletTaken,178,1326,292,55,0,0,7.957,21.000,0,2,,,,,,,,,,,,,,,,
2026-08-20 18:34:11,208598.062500,B8DB8AF16E20,0003,male,C57BL/6,1.1.1,FR1_Approach,0,Status,178,1326,292,55,0,0,,,,,Disabled,24.0,44.2,1012.4,12.0,0.000,0.000,249160,339956,246240,48154,3.96,71.27
2026-08-20 18:44:10,209198.187500,B8DB8AF16E20,0003,male,C57BL/6,1.1.1,FR1_Approach,0,Status,178,1331,292,55,0,0,,,,,Disabled,24.0,44.2,1012.4,11.9,0.000,0.000,249160,339956,246240,48295,3.96,71.10
2026-08-20 18:51:47,209655.937500,B8DB8AF16E20,0003,male,C57BL/6,1.1.1,FR1_Approach,0,PelletDrop,179,1332,292,55,0,0,,,,,,,,,,,,,,,,,,,,
2026-08-20 18:51:55,209663.984375,B8DB8AF16E20,0003,male,C57BL/6,1.1.1,FR1_Approach,0,PelletTaken,179,1332,292,55,0,0,7.407,30.000,0,2,,,,,,,,,,,,,,,,
2026-08-20 18:54:10,209798.687500,B8DB8AF16E20,0003,male,C57BL/6,1.1.1,FR1_Approach,0,Status,179,1332,292,55,0,0,,,,,Disabled,24.1,44.2,1012.4,11.9,0.000,0.000,249160,339956,246240,48429,3.96,71.10
2026-08-20 18:58:15,210043.812500,B8DB8AF16E20,0003,male,C57BL/6,1.1.1,FR1_Approach,0,PelletDrop,180,1339,292,55,0,0,,,,,,,,,,,,,,,,,,,,
2026-08-20 18:58:22,210051.015625,B8DB8AF16E20,0003,male,C57BL/6,1.1.1,FR1_Approach,0,PelletTaken,180,1339,292,55,0,0,6.550,30.000,0,2,,,,,,,,,,,,,,,,
2026-08-20 19:04:11,210400.125000,B8DB8AF16E20,0003,male,C57BL/6,1.1.1,FR1_Approach,0,Status,180,1339,292,55,0,0,,,,,Disabled,24.1,44.3,1012.4,11.9,0.000,0.000,249160,339956,246240,48570,3.96,70.94
2026-08-20 19:11:14,210823.859375,B8DB8AF16E20,0003,male,C57BL/6,1.1.1,FR1_Approach,0,PelletDrop,181,1347,297,55,0,0,,,,,,,,,,,,,,,,,,,,
2026-08-20 19:11:22,210831.890625,B8DB8AF16E20,0003,male,C57BL/6,1.1.1,FR1_Approach,0,PelletTaken,181,1347,297,55,0,0,7.386,31.000,0,2,,,,,,,,,,,,,,,,
2026-08-20 19:14:12,211001.593750,B8DB8AF16E20,0003,male,C57BL/6,1.1.1,FR1_Approach,0,Status,181,1347,297,55,0,0,,,,,Disabled,24.1,44.3,1012.4,11.9,0.000,0.000,249160,339956,246240,48714,3.96,70.94
2026-08-20 19:21:57,211466.906250,B8DB8AF16E20,0003,male,C57BL/6,1.1.1,FR1_Approach,0,PelletDrop,182,1356,297,55,0,0,,,,,,,,,,,,,,,,,,,,
2026-08-20 19:21:58,211468.156250,B8DB8AF16E20,0003,male,C57BL/6,1.1.1,FR1_Approach,0,PelletNotDetected,182,1356,297,55,0,0,,,,,,,,,,,,,,,,,,,,
2026-08-20 19:23:04,211534.765625,B8DB8AF16E20,0003,male,C57BL/6,1.1.1,FR1_Approach,0,PelletDrop,183,1366,299,55,0,0,,,,,,,,,,,,,,,,,,,,
2026-08-20 19:23:14,211544.000000,B8DB8AF16E20,0003,male,C57BL/6,1.1.1,FR1_Approach,0,PelletTaken,183,1366,299,55,0,0,8.607,31.000,0,3,,,,,,,,,,,,,,,,
2026-08-20 19:24:15,211605.515625,B8DB8AF16E20,0003,male,C57BL/6,1.1.1,FR1_Approach,0,Status,183,1366,299,56,0,0,,,,,Disabled,24.2,44.2,1012.3,11.8,0.000,0.000,249160,339956,246240,48869,3.96,70.77
2026-08-20 19:30:01,211951.453125,B8DB8AF16E20,0003,male,C57BL/6,1.1.1,FR1_Approach,0,PelletDrop,184,1377,301,56,0,0,,,,,,,,,,,,,,,,,,,,
2026-08-20 19:30:08,211958.781250,B8DB8AF16E20,0003,male,C57BL/6,1.1.1,FR1_Approach,0,PelletTaken,184,1377,301,56,0,0,6.704,30.000,0,2,,,,,,,,,,,,,,,,
2026-08-20 19:34:16,212207.265625,B8DB8AF16E20,0003,male,C57BL/6,1.1.1,FR1_Approach,0,Status,184,1377,301,56,0,0,,,,,Disabled,24.2,44.3,1012.3,11.8,0.000,0.000,249160,339956,246240,49013,3.95,70.61
2026-08-20 19:44:05,212796.937500,B8DB8AF16E20,0003,male,C57BL/6,1.1.1,FR1_Approach,0,PelletDrop,185,1389,301,56,0,0,,,,,,,,,,,,,,,,,,,,
2026-08-20 19:44:13,212804.312500,B8DB8AF16E20,0003,male,C57BL/6,1.1.1,FR1_Approach,0,PelletTaken,185,1389,301,56,0,0,6.737,87.000,0,2,,,,,,,,,,,,,,,,
2026-08-20 19:44:20,212812.140625,B8DB8AF16E20,0003,male,C57BL/6,1.1.1,FR1_Approach,0,Status,185,1389,301,56,0,0,,,,,Disabled,24.2,44.2,1012.4,11.8,0.000,0.000,249160,339956,246240,49158,3.94,70.61
2026-08-20 19:53:31,213362.890625,B8DB8AF16E20,0003,male,C57BL/6,1.1.1,FR1_Approach,0,PelletDrop,186,1402,306,56,0,0,,,,,,,,,,,,,,,,,,,,
2026-08-20 19:53:38,213370.671875,B8DB8AF16E20,0003,male,C57BL/6,1.1.1,FR1_Approach,0,PelletTaken,186,1402,306,56,0,0,7.166,68.000,0,2,,,,,,,,,,,,,,,,
2026-08-20 19:54:20,213412.406250,B8DB8AF16E20,0003,male,C57BL/6,1.1.1,FR1_Approach,0,Status,186,1402,307,56,0,0,,,,,Disabled,24.2,44.4,1012.5,11.8,0.000,0.000,249160,339956,246240,49305,3.95,70.45
2026-08-20 20:04:19,214012.437500,B8DB8AF16E20,0003,male,C57BL/6,1.1.1,FR1_Approach,0,PelletDrop,187,1416,313,56,0,0,,,,,,,,,,,,,,,,,,,,
2026-08-20 20:04:26,214018.921875,B8DB8AF16E20,0003,male,C57BL/6,1.1.1,FR1_Approach,0,PelletTaken,187,1416,313,56,0,0,5.857,59.000,0,2,,,,,,,,,,,,,,,,
2026-08-20 20:04:34,214026.750000,B8DB8AF16E20,0003,male,C57BL/6,1.1.1,FR1_Approach,0,Status,187,1416,313,56,0,0,,,,,Disabled,24.2,44.5,1012.5,11.8,0.000,0.000,249160,339956,246240,49460,3.95,70.45
2026-08-20 20:14:34,214627.203125,B8DB8AF16E20,0003,male,C57BL/6,1.1.1,FR1_Approach,0,Status,187,1419,313,59,0,0,,,,,Disabled,24.2,44.4,1012.6,11.9,0.000,0.000,249160,339956,246240,49602,3.95,70.28
2026-08-20 20:16:39,214753.000000,B8DB8AF16E20,0003,male,C57BL/6,1.1.1,FR1_Approach,0,PelletDrop,188,1431,315,59,0,0,,,,,,,,,,,,,,,,,,,,
2026-08-20 20:16:46,214760.015625,B8DB8AF16E20,0003,male,C57BL/6,1.1.1,FR1_Approach,0,PelletTaken,188,1431,315,59,0,0,6.385,97.000,0,2,,,,,,,,,,,,,,,,
2026-08-20 20:17:25,214798.609375,B8DB8AF16E20,0003,male,C57BL/6,1.1.1,FR1_Approach,0,PelletDrop,189,1447,315,59,0,0,,,,,,,,,,,,,,,,,,,,
2026-08-20 20:17:26,214799.828125,B8DB8AF16E20,0003,male,C57BL/6,1.1.1,FR1_Approach,0,PelletNotDetected,189,1447,315,59,0,0,,,,,,,,,,,,,,,,,,,,
2026-08-20 20:18:06,214839.781250,B8DB8AF16E20,0003,male,C57BL/6,1.1.1,FR1_Approach,0,PelletDrop,190,1464,315,59,0,0,,,,,,,,,,,,,,,,,,,,
2026-08-20 20:18:14,214847.890625,B8DB8AF16E20,0003,male,C57BL/6,1.1.1,FR1_Approach,0,PelletTaken,190,1464,315,59,0,0,7.473,68.000,0,3,,,,,,,,,,,,,,,,
2026-08-20 20:24:33,215227.609375,B8DB8AF16E20,0003,male,C57BL/6,1.1.1,FR1_Approach,0,Status,190,1464,315,59,0,0,,,,,Disabled,24.2,44.3,1012.7,11.8,0.000,0.000,249160,339956,246240,49769,3.95,70.28
2026-08-20 20:34:36,215830.437500,B8DB8AF16E20,0003,male,C57BL/6,1.1.1,FR1_Approach,0,Status,190,1464,315,59,0,0,,,,,Disabled,24.2,44.3,1012.8,11.8,0.000,0.000,249160,339956,246240,49906,3.94,70.28
2026-08-20 20:35:55,215910.140625,B8DB8AF16E20,0003,male,C57BL/6,1.1.1,FR1_Approach,0,PelletDrop,191,1482,315,59,0,0,,,,,,,,,,,,,,,,,,,,
2026-08-20 20:36:02,215917.031250,B8DB8AF16E20,0003,male,C57BL/6,1.1.1,FR1_Approach,0,PelletTaken,191,1482,315,59,0,0,6.264,79.000,0,2,,,,,,,,,,,,,,,,
2026-08-20 20:44:36,216431.765625,B8DB8AF16E20,0003,male,C57BL/6,1.1.1,FR1_Approach,0,Status,191,1484,315,59,0,0,,,,,Disabled,24.3,44.3,1013.0,11.9,0.000,0.000,249160,339956,246240,50060,3.94,70.12
2026-08-20 20:54:38,217033.953125,B8DB8AF16E20,0003,male,C57BL/6,1.1.1,FR1_Approach,0,Status,191,1486,316,59,0,0,,,,,Disabled,24.3,44.4,1013.1,11.9,0.000,0.000,249160,339956,246240,50198,3.94,70.12
2026-08-20 20:55:10,217065.656250,B8DB8AF16E20,0003,male,C57BL/6,1.1.1,FR1_Approach,0,PelletDrop,192,1501,318,59,0,0,,,,,,,,,,,,,,,,,,,,
2026-08-20 20:55:16,217071.781250,B8DB8AF16E20,0003,male,C57BL/6,1.1.1,FR1_Approach,0,PelletTaken,192,1501,318,59,0,0,5.494,79.000,0,3,,,,,,,,,,,,,,,,
2026-08-20 21:04:39,217635.281250,B8DB8AF16E20,0003,male,C57BL/6,1.1.1,FR1_Approach,0,Status,192,1501,318,59,0,0,,,,,Disabled,24.3,44.4,1013.2,11.8,0.000,0.000,249160,339956,246240,50346,3.95,69.95
2026-08-20 21:14:41,218238.250000,B8DB8AF16E20,0003,male,C57BL/6,1.1.1,FR1_Approach,0,Status,192,1505,318,59,0,0,,,,,Disabled,24.3,44.5,1013.4,11.9,0.000,0.000,249160,339956,246240,50486,3.95,69.95
2026-08-20 21:24:43,218841.078125,B8DB8AF16E20,0003,male,C57BL/6,1.1.1,FR1_Approach,0,Status,192,1505,318,59,0,0,,,,,Disabled,24.3,44.5,1013.4,11.9,0.000,0.000,249160,339956,246240,50623,3.95,69.79
2026-08-20 21:31:13,219231.687500,B8DB8AF16E20,0003,male,C57BL/6,1.1.1,FR1_Approach,0,PelletDrop,193,1521,318,59,0,0,,,,,,,,,,,,,,,,,,,,
2026-08-20 21:31:24,219241.750000,B8DB8AF16E20,0003,male,C57BL/6,1.1.1,FR1_Approach,0,PelletTaken,193,1521,318,59,0,0,9.432,49.000,0,2,,,,,,,,,,,,,,,,
2026-08-20 21:32:23,219301.265625,B8DB8AF16E20,0003,male,C57BL/6,1.1.1,FR1_Approach,0,PelletDrop,194,1542,318,59,0,0,,,,,,,,,,,,,,,,,,,,
2026-08-20 21:32:30,219308.203125,B8DB8AF16E20,0003,male,C57BL/6,1.1.1,FR1_Approach,0,PelletTaken,194,1542,318,59,0,0,6.308,225.000,0,2,,,,,,,,,,,,,,,,
2026-08-20 21:34:45,219442.921875,B8DB8AF16E20,0003,male,C57BL/6,1.1.1,FR1_Approach,0,Status,194,1542,318,59,0,0,,,,,Disabled,24.3,44.3,1013.5,11.9,0.000,0.000,249160,339956,246240,50788,3.95,69.62
2026-08-20 21:44:47,220045.750000,B8DB8AF16E20,0003,male,C57BL/6,1.1.1,FR1_Approach,0,Status,194,1542,318,59,0,0,,,,,Disabled,24.3,44.6,1013.6,11.9,0.000,0.000,249160,339956,246240,50925,3.95,69.62
2026-08-20 21:45:19,220078.296875,B8DB8AF16E20,0003,male,C57BL/6,1.1.1,FR1_Approach,0,PelletDrop,195,1564,318,59,0,0,,,,,,,,,,,,,,,,,,,,
2026-08-20 21:45:21,220079.546875,B8DB8AF16E20,0003,male,C57BL/6,1.1.1,FR1_Approach,0,PelletNotDetected,195,1564,318,59,0,0,,,,,,,,,,,,,,,,,,,,
2026-08-20 21:54:09,220608.515625,B8DB8AF16E20,0003,male,C57BL/6,1.1.1,FR1_Approach,0,PelletDrop,196,1587,322,59,0,0,,,,,,,,,,,,,,,,,,,,
2026-08-20 21:54:10,220609.734375,B8DB8AF16E20,0003,male,C57BL/6,1.1.1,FR1_Approach,0,PelletNotDetected,196,1587,322,59,0,0,,,,,,,,,,,,,,,,,,,,
2026-08-20 21:55:10,220669.734375,B8DB8AF16E20,0003,male,C57BL/6,1.1.1,FR1_Approach,0,Status,196,1606,322,59,0,0,,,,,Disabled,24.3,44.5,1013.6,11.8,0.000,0.000,249160,339956,246240,51119,3.95,69.62
2026-08-20 21:55:30,220689.765625,B8DB8AF16E20,0003,male,C57BL/6,1.1.1,FR1_Approach,0,PelletDrop,197,1611,322,59,0,0,,,,,,,,,,,,,,,,,,,,
2026-08-20 21:55:31,220690.984375,B8DB8AF16E20,0003,male,C57BL/6,1.1.1,FR1_Approach,0,PelletNotDetected,197,1611,322,59,0,0,,,,,,,,,,,,,,,,,,,,
2026-08-20 22:05:13,221273.546875,B8DB8AF16E20,0003,male,C57BL/6,1.1.1,FR1_Approach,0,Status,197,1616,322,61,0,0,,,,,Disabled,24.3,44.6,1013.7,11.8,0.000,0.000,249160,339956,246240,51264,3.95,69.46
2026-08-20 22:15:16,221876.390625,B8DB8AF16E20,0003,male,C57BL/6,1.1.1,FR1_Approach,0,Status,197,1616,322,61,0,0,,,,,Disabled,24.3,44.6,1013.8,11.8,0.000,0.000,249160,339956,246240,51401,3.95,69.46
2026-08-20 22:24:55,222456.609375,B8DB8AF16E20,0003,male,C57BL/6,1.1.1,FR1_Approach,0,PelletDrop,198,1636,322,61,0,0,,,,,,,,,,,,,,,,,,,,
2026-08-20 22:24:56,222457.359375,B8DB8AF16E20,0003,male,C57BL/6,1.1.1,FR1_Approach,0,PelletTaken,198,1636,322,61,0,0,0.104,40.000,0,8,,,,,,,,,,,,,,,,
2026-08-20 22:25:45,222506.140625,B8DB8AF16E20,0003,male,C57BL/6,1.1.1,FR1_Approach,0,PelletDrop,199,1662,322,61,0,0,,,,,,,,,,,,,,,,,,,,
2026-08-20 22:25:52,222513.109375,B8DB8AF16E20,0003,male,C57BL/6,1.1.1,FR1_Approach,0,PelletTaken,199,1662,322,61,0,0,6.351,116.000,0,2,,,,,,,,,,,,,,,,
2026-08-20 22:26:00,222520.921875,B8DB8AF16E20,0003,male,C57BL/6,1.1.1,FR1_Approach,0,Status,199,1662,322,61,0,0,,,,,Disabled,24.4,44.4,1013.8,11.8,0.000,0.000,249160,339956,246240,51586,3.94,69.30
2026-08-20 22:36:02,223123.765625,B8DB8AF16E20,0003,male,C57BL/6,1.1.1,FR1_Approach,0,Status,199,1662,322,61,0,0,,,,,Disabled,24.4,44.5,1013.9,11.8,0.000,0.000,249160,339956,246240,51723,3.93,69.30
2026-08-20 22:38:03,223244.671875,B8DB8AF16E20,0003,male,C57BL/6,1.1.1,FR1_Approach,0,PelletDrop,200,1689,322,61,0,0,,,,,,,,,,,,,,,,,,,,
2026-08-20 22:38:12,223254.125000,B8DB8AF16E20,0003,male,C57BL/6,1.1.1,FR1_Approach,0,PelletTaken,200,1689,322,61,0,0,8.838,117.000,0,2,,,,,,,,,,,,,,,,
2026-08-20 22:46:05,223727.562500,B8DB8AF16E20,0003,male,C57BL/6,1.1.1,FR1_Approach,0,Status,200,1691,322,61,0,0,,,,,Disabled,24.4,44.5,1013.9,11.8,0.000,0.000,249160,339956,246240,51879,3.94,69.30
2026-08-20 22:49:40,223943.078125,B8DB8AF16E20,0003,male,C57BL/6,1.1.1,FR1_Approach,0,PelletDrop,201,1717,324,61,0,0,,,,,,,,,,,,,,,,,,,,
2026-08-20 22:49:49,223952.265625,B8DB8AF16E20,0003,male,C57BL/6,1.1.1,FR1_Approach,0,PelletTaken,201,1717,324,61,0,0,8.552,1037.000,0,2,,,,,,,,,,,,,,,,
2026-08-20 22:56:06,224328.718750,B8DB8AF16E20,0003,male,C57BL/6,1.1.1,FR1_Approach,0,Status,201,1717,325,61,0,0,,,,,Disabled,24.4,44.4,1014.0,11.9,0.000,0.000,249160,339956,246240,52036,3.94,69.13
2026-08-20 23:06:08,224931.515625,B8DB8AF16E20,0003,male,C57BL/6,1.1.1,FR1_Approach,0,Status,201,1717,325,61,0,0,,,,,Disabled,24.4,44.6,1014.1,11.9,0.000,0.000,249160,339956,246240,52173,3.94,69.13
2026-08-20 23:13:07,225350.750000,B8DB8AF16E20,0003,male,C57BL/6,1.1.1,FR1_Approach,0,PelletDrop,202,1746,332,61,0,0,,,,,,,,,,,,,,,,,,,,
2026-08-20 23:13:13,225357.046875,B8DB8AF16E20,0003,male,C57BL/6,1.1.1,FR1_Approach,0,PelletTaken,202,1746,332,61,0,0,5.604,96.000,0,2,,,,,,,,,,,,,,,,
2026-08-20 23:16:11,225535.500000,B8DB8AF16E20,0003,male,C57BL/6,1.1.1,FR1_Approach,0,Status,202,1746,332,61,0,0,,,,,Disabled,24.4,44.7,1014.1,11.8,0.000,0.000,249160,339956,246240,52338,3.94,68.97
2026-08-20 23:26:14,226138.953125,B8DB8AF16E20,0003,male,C57BL/6,1.1.1,FR1_Approach,0,Status,202,1749,332,61,0,0,,,,,Disabled,24.4,44.6,1014.2,11.9,0.000,0.000,249160,339956,246240,52476,3.94,68.97
2026-08-20 23:36:16,226741.796875,B8DB8AF16E20,0003,male,C57BL/6,1.1.1,FR1_Approach,0,Status,202,1749,332,61,0,0,,,,,Disabled,24.4,44.6,1014.2,11.9,0.000,0.000,249160,339956,246240,52613,3.93,68.80
2026-08-20 23:46:18,227344.609375,B8DB8AF16E20,0003,male,C57BL/6,1.1.1,FR1_Approach,0,Status,202,1749,332,61,0,0,,,,,Disabled,24.4,44.7,1014.2,11.9,0.000,0.000,249160,339956,246240,52750,3.94,68.80
2026-08-20 23:51:56,227683.093750,B8DB8AF16E20,0003,male,C57BL/6,1.1.1,FR1_Approach,0,PelletDrop,203,1776,332,61,0,0,,,,,,,,,,,,,,,,,,,,
2026-08-20 23:52:04,227690.218750,B8DB8AF16E20,0003,male,C57BL/6,1.1.1,FR1_Approach,0,PelletTaken,203,1776,332,61,0,0,6.505,21.000,0,2,,,,,,,,,,,,,,,,
2026-08-20 23:56:21,227948.062500,B8DB8AF16E20,0003,male,C57BL/6,1.1.1,FR1_Approach,0,Status,203,1783,332,62,0,0,,,,,Disabled,24.4,44.6,1014.2,11.9,0.000,0.000,249160,339956,246240,52913,3.94,68.64
2026-08-21 00:06:23,228550.921875,B8DB8AF16E20,0003,male,C57BL/6,1.1.1,FR1_Approach,0,Status,203,1783,332,62,0,0,,,,,Disabled,24.4,44.5,1014.2,11.9,0.000,0.000,249160,339956,246240,53050,3.94,68.64
2026-08-21 00:16:26,229153.718750,B8DB8AF16E20,0003,male,C57BL/6,1.1.1,FR1_Approach,0,Status,203,1783,332,62,0,0,,,,,Disabled,24.4,44.4,1014.2,11.9,0.000,0.000,249160,339956,246240,53187,3.94,68.64
2026-08-21 00:26:28,229756.546875,B8DB8AF16E20,0003,male,C57BL/6,1.1.1,FR1_Approach,0,Status,203,1783,332,62,0,0,,,,,Disabled,24.3,44.3,1014.2,11.9,0.000,0.000,249160,339956,246240,53324,3.94,68.48
2026-08-21 00:36:30,230359.390625,B8DB8AF16E20,0003,male,C57BL/6,1.1.1,FR1_Approach,0,Status,203,1783,332,62,0,0,,,,,Disabled,24.3,44.2,1014.2,12.0,0.000,0.000,249160,339956,246240,53461,3.94,68.48
2026-08-21 00:46:32,230962.203125,B8DB8AF16E20,0003,male,C57BL/6,1.1.1,FR1_Approach,0,Status,203,1783,332,62,0,0,,,,,Disabled,24.3,44.2,1014.2,12.0,0.000,0.000,249160,339956,246240,53598,3.94,68.48
2026-08-21 00:51:34,231264.218750,B8DB8AF16E20,0003,male,C57BL/6,1.1.1,FR1_Approach,0,PelletDrop,204,1784,332,62,0,0,,,,,,,,,,,,,,,,,,,,
2026-08-21 00:51:35,231265.453125,B8DB8AF16E20,0003,male,C57BL/6,1.1.1,FR1_Approach,0,PelletNotDetected,204,1784,332,62,0,0,,,,,,,,,,,,,,,,,,,,
2026-08-21 00:52:01,231290.781250,B8DB8AF16E20,0003,male,C57BL/6,1.1.1,FR1_Approach,0,PelletDrop,205,1786,332,62,0,0,,,,,,,,,,,,,,,,,,,,
2026-08-21 00:52:11,231301.046875,B8DB8AF16E20,0003,male,C57BL/6,1.1.1,FR1_Approach,0,PelletTaken,205,1786,332,62,0,0,9.652,162.000,0,3,,,,,,,,,,,,,,,,
2026-08-21 00:52:40,231329.937500,B8DB8AF16E20,0003,male,C57BL/6,1.1.1,FR1_Approach,0,PelletDrop,206,1789,332,62,0,0,,,,,,,,,,,,,,,,,,,,
2026-08-21 00:52:51,231341.562500,B8DB8AF16E20,0003,male,C57BL/6,1.1.1,FR1_Approach,0,PelletTaken,206,1789,332,62,0,0,11.004,40.000,0,2,,,,,,,,,,,,,,,,
2026-08-21 00:56:33,231563.765625,B8DB8AF16E20,0003,male,C57BL/6,1.1.1,FR1_Approach,0,Status,206,1789,332,62,0,0,,,,,Disabled,24.3,44.0,1014.1,12.0,0.000,0.000,249160,339956,246240,53733,3.94,68.31
2026-08-21 01:06:36,232166.703125,B8DB8AF16E20,0003,male,C57BL/6,1.1.1,FR1_Approach,0,Status,206,1792,332,62,0,0,,,,,Disabled,24.3,44.1,1014.1,12.0,0.000,0.000,249160,339956,246240,53872,3.94,68.17
2026-08-21 01:16:38,232769.531250,B8DB8AF16E20,0003,male,C57BL/6,1.1.1,FR1_Approach,0,Status,206,1792,332,62,0,0,,,,,Disabled,24.3,44.2,1014.0,12.0,0.000,0.000,249160,339956,246240,54009,3.94,68.17
2026-08-21 01:17:37,232828.750000,B8DB8AF16E20,0003,male,C57BL/6,1.1.1,FR1_Approach,0,PelletDrop,207,1793,332,62,0,0,,,,,,,,,,,,,,,,,,,,
2026-08-21 01:17:47,232838.875000,B8DB8AF16E20,0003,male,C57BL/6,1.1.1,FR1_Approach,0,PelletTaken,207,1793,332,62,0,0,9.487,31.000,0,2,,,,,,,,,,,,,,,,
2026-08-21 01:18:27,232879.000000,B8DB8AF16E20,0003,male,C57BL/6,1.1.1,FR1_Approach,0,PelletDrop,208,1798,332,62,0,0,,,,,,,,,,,,,,,,,,,,
2026-08-21 01:18:36,232887.500000,B8DB8AF16E20,0003,male,C57BL/6,1.1.1,FR1_Approach,0,PelletTaken,208,1798,332,62,0,0,7.881,229.000,0,2,,,,,,,,,,,,,,,,
2026-08-21 01:26:40,233372.218750,B8DB8AF16E20,0003,male,C57BL/6,1.1.1,FR1_Approach,0,Status,208,1798,332,62,0,0,,,,,Disabled,24.3,44.1,1014.0,12.1,0.000,0.000,249160,339956,246240,54143,3.94,68.02
2026-08-21 01:36:42,233975.062500,B8DB8AF16E20,0003,male,C57BL/6,1.1.1,FR1_Approach,0,Status,208,1798,332,62,0,0,,,,,Disabled,24.3,44.1,1013.9,11.9,0.000,0.000,249160,339956,246240,54280,3.94,67.88
2026-08-21 01:46:44,234577.890625,B8DB8AF16E20,0003,male,C57BL/6,1.1.1,FR1_Approach,0,Status,208,1798,332,62,0,0,,,,,Disabled,24.3,44.0,1013.8,12.0,0.000,0.000,249160,339956,246240,54417,3.93,67.88
2026-08-21 01:56:46,235180.718750,B8DB8AF16E20,0003,male,C57BL/6,1.1.1,FR1_Approach,0,Status,208,1798,332,62,0,0,,,,,Disabled,24.3,44.0,1013.8,12.0,0.000,0.000,249160,339956,246240,54554,3.93,67.88
2026-08-21 02:06:49,235783.546875,B8DB8AF16E20,0003,male,C57BL/6,1.1.1,FR1_Approach,0,Status,208,1798,332,62,0,0,,,,,Disabled,24.3,43.9,1013.7,12.0,0.000,0.000,249160,339956,246240,54691,3.93,67.73
2026-08-21 02:16:51,236386.359375,B8DB8AF16E20,0003,male,C57BL/6,1.1.1,FR1_Approach,0,Status,208,1798,332,62,0,0,,,,,Disabled,24.2,43.9,1013.7,12.0,0.000,0.000,249160,339956,246240,54828,3.93,67.73
2026-08-21 02:26:53,236989.187500,B8DB8AF16E20,0003,male,C57BL/6,1.1.1,FR1_Approach,0,Status,208,1798,332,62,0,0,,,,,Disabled,24.2,43.9,1013.6,12.0,0.000,0.000,249160,339956,246240,54965,3.93,67.73
2026-08-21 02:27:07,237003.328125,B8DB8AF16E20,0003,male,C57BL/6,1.1.1,FR1_Approach,0,PelletDrop,209,1799,332,62,0,0,,,,,,,,,,,,,,,,,,,,
2026-08-21 02:27:08,237004.062500,B8DB8AF16E20,0003,male,C57BL/6,1.1.1,FR1_Approach,0,PelletTaken,209,1799,332,62,0,0,0.104,11.000,0,1,,,,,,,,,,,,,,,,
2026-08-21 02:27:45,237041.078125,B8DB8AF16E20,0003,male,C57BL/6,1.1.1,FR1_Approach,0,PelletDrop,210,1801,332,62,0,0,,,,,,,,,,,,,,,,,,,,
2026-08-21 02:28:00,237056.062500,B8DB8AF16E20,0003,male,C57BL/6,1.1.1,FR1_Approach,0,PelletTaken,210,1801,332,62,0,0,14.349,12.000,0,2,,,,,,,,,,,,,,,,
2026-08-21 02:28:32,237087.921875,B8DB8AF16E20,0003,male,C57BL/6,1.1.1,FR1_Approach,0,PelletDrop,211,1804,332,62,0,0,,,,,,,,,,,,,,,,,,,,
2026-08-21 02:28:45,237101.343750,B8DB8AF16E20,0003,male,C57BL/6,1.1.1,FR1_Approach,0,PelletTaken,211,1804,332,62,0,0,12.787,125.000,0,2,,,,,,,,,,,,,,,,
2026-08-21 02:29:28,237143.906250,B8DB8AF16E20,0003,male,C57BL/6,1.1.1,FR1_Approach,0,PelletDrop,212,1808,332,62,0,0,,,,,,,,,,,,,,,,,,,,
2026-08-21 02:29:40,237155.921875,B8DB8AF16E20,0003,male,C57BL/6,1.1.1,FR1_Approach,0,PelletTaken,212,1808,332,62,0,0,11.390,248.000,0,2,,,,,,,,,,,,,,,,
2026-08-21 02:36:56,237592.546875,B8DB8AF16E20,0003,male,C57BL/6,1.1.1,FR1_Approach,0,Status,212,1808,332,62,0,0,,,,,Disabled,24.3,43.7,1013.5,12.0,0.000,0.000,249160,339956,246240,55096,3.93,67.59
2026-08-21 02:40:18,237795.187500,B8DB8AF16E20,0003,male,C57BL/6,1.1.1,FR1_Approach,0,PelletDrop,213,1813,332,62,0,0,,,,,,,,,,,,,,,,,,,,
2026-08-21 02:40:27,237804.343750,B8DB8AF16E20,0003,male,C57BL/6,1.1.1,FR1_Approach,0,PelletTaken,213,1813,332,62,0,0,8.530,11.000,0,2,,,,,,,,,,,,,,,,
2026-08-21 02:46:56,238192.828125,B8DB8AF16E20,0003,male,C57BL/6,1.1.1,FR1_Approach,0,Status,213,1813,332,62,0,0,,,,,Disabled,24.3,43.8,1013.4,12.0,0.000,0.000,249160,339956,246240,55233,3.93,67.59
2026-08-21 02:47:25,238222.546875,B8DB8AF16E20,0003,male,C57BL/6,1.1.1,FR1_Approach,0,PelletDrop,214,1819,332,62,0,0,,,,,,,,,,,,,,,,,,,,
2026-08-21 02:47:36,238232.875000,B8DB8AF16E20,0003,male,C57BL/6,1.1.1,FR1_Approach,0,PelletTaken,214,1819,332,62,0,0,9.707,116.000,0,2,,,,,,,,,,,,,,,,
2026-08-21 02:56:58,238796.343750,B8DB8AF16E20,0003,male,C57BL/6,1.1.1,FR1_Approach,0,Status,214,1819,332,62,0,0,,,,,Disabled,24.3,43.8,1013.3,12.0,0.000,0.000,249160,339956,246240,55374,3.93,67.45
2026-08-21 03:02:43,239141.218750,B8DB8AF16E20,0003,male,C57BL/6,1.1.1,FR1_Approach,0,PelletDrop,215,1826,333,62,0,0,,,,,,,,,,,,,,,,,,,,
2026-08-21 03:02:55,239153.375000,B8DB8AF16E20,0003,male,C57BL/6,1.1.1,FR1_Approach,0,PelletTaken,215,1826,333,62,0,0,11.533,40.000,0,2,,,,,,,,,,,,,,,,
2026-08-21 03:07:02,239400.484375,B8DB8AF16E20,0003,male,C57BL/6,1.1.1,FR1_Approach,0,Status,215,1826,333,63,0,0,,,,,Disabled,24.3,43.8,1013.3,12.0,0.000,0.000,249160,339956,246240,55516,3.93,67.45
2026-08-21 03:17:04,240003.312500,B8DB8AF16E20,0003,male,C57BL/6,1.1.1,FR1_Approach,0,Status,215,1826,333,63,0,0,,,,,Disabled,24.3,43.8,1013.2,12.0,0.000,0.000,249160,339956,246240,55653,3.93,67.45
2026-08-21 03:27:06,240606.125000,B8DB8AF16E20,0003,male,C57BL/6,1.1.1,FR1_Approach,0,Status,215,1826,333,63,0,0,,,,,Disabled,24.3,43.8,1013.3,12.0,0.000,0.000,249160,339956,246240,55790,3.92,67.30
2026-08-21 03:37:09,241208.953125,B8DB8AF16E20,0003,male,C57BL/6,1.1.1,FR1_Approach,0,Status,215,1826,333,63,0,0,,,,,Disabled,24.3,43.8,1013.4,12.1,0.000,0.000,249160,339956,246240,55927,3.93,67.16
2026-08-21 03:47:11,241811.796875,B8DB8AF16E20,0003,male,C57BL/6,1.1.1,FR1_Approach,0,Status,215,1826,333,63,0,0,,,,,Disabled,24.3,43.8,1013.4,12.1,0.000,0.000,249160,339956,246240,56064,3.93,67.16
2026-08-21 03:57:13,242414.625000,B8DB8AF16E20,0003,male,C57BL/6,1.1.1,FR1_Approach,0,Status,215,1826,333,63,0,0,,,,,Disabled,24.3,43.7,1013.5,12.1,0.000,0.000,249160,339956,246240,56201,3.93,67.16
2026-08-21 04:07:15,243017.437500,B8DB8AF16E20,0003,male,C57BL/6,1.1.1,FR1_Approach,0,Status,215,1826,333,63,0,0,,,,,Disabled,24.3,43.7,1013.5,12.1,0.000,0.000,249160,339956,246240,56338,3.93,67.16
2026-08-21 04:17:17,243620.265625,B8DB8AF16E20,0003,male,C57BL/6,1.1.1,FR1_Approach,0,Status,215,1826,333,63,0,0,,,,,Disabled,24.3,43.7,1013.6,12.1,0.000,0.000,249160,339956,246240,56475,3.92,67.01
2026-08-21 04:22:00,243902.750000,B8DB8AF16E20,0003,male,C57BL/6,1.1.1,FR1_Approach,0,PelletDrop,216,1827,333,63,0,0,,,,,,,,,,,,,,,,,,,,
2026-08-21 04:22:13,243916.578125,B8DB8AF16E20,0003,male,C57BL/6,1.1.1,FR1_Approach,0,PelletTaken,216,1827,333,63,0,0,13.183,21.000,0,2,,,,,,,,,,,,,,,,
2026-08-21 04:22:48,243951.625000,B8DB8AF16E20,0003,male,C57BL/6,1.1.1,FR1_Approach,0,PelletDrop,217,1829,333,63,0,0,,,,,,,,,,,,,,,,,,,,
2026-08-21 04:22:50,243952.843750,B8DB8AF16E20,0003,male,C57BL/6,1.1.1,FR1_Approach,0,PelletNotDetected,217,1829,333,63,0,0,,,,,,,,,,,,,,,,,,,,
2026-08-21 04:27:20,244223.218750,B8DB8AF16E20,0003,male,C57BL/6,1.1.1,FR1_Approach,0,Status,217,1829,333,63,0,0,,,,,Disabled,24.3,43.6,1013.7,12.1,0.000,0.000,249160,339956,246240,56610,3.92,66.87
2026-08-21 04:37:20,244824.109375,B8DB8AF16E20,0003,male,C57BL/6,1.1.1,FR1_Approach,0,Status,217,1830,334,63,0,0,,,,,Disabled,24.3,43.7,1013.7,12.1,0.000,0.000,249160,339956,246240,56748,3.93,66.87
2026-08-21 04:37:30,244833.796875,B8DB8AF16E20,0003,male,C57BL/6,1.1.1,FR1_Approach,0,PelletDrop,218,1832,334,63,0,0,,,,,,,,,,,,,,,,,,,,
2026-08-21 04:37:41,244844.890625,B8DB8AF16E20,0003,male,C57BL/6,1.1.1,FR1_Approach,0,PelletTaken,218,1832,334,63,0,0,10.443,30.000,0,3,,,,,,,,,,,,,,,,
2026-08-21 04:47:21,245425.906250,B8DB8AF16E20,0003,male,C57BL/6,1.1.1,FR1_Approach,0,Status,218,1832,334,63,0,0,,,,,Disabled,24.3,43.7,1013.7,12.2,0.000,0.000,249160,339956,246240,56883,3.92,66.87
2026-08-21 04:50:39,245624.234375,B8DB8AF16E20,0003,male,C57BL/6,1.1.1,FR1_Approach,0,PelletDrop,219,1836,335,63,0,0,,,,,,,,,,,,,,,,,,,,
2026-08-21 04:50:50,245634.890625,B8DB8AF16E20,0003,male,C57BL/6,1.1.1,FR1_Approach,0,PelletTaken,219,1836,335,63,0,0,10.015,40.000,0,2,,,,,,,,,,,,,,,,
2026-08-21 04:53:36,245800.640625,B8DB8AF16E20,0003,male,C57BL/6,1.1.1,FR1_Approach,0,PelletDrop,220,1841,343,63,0,0,,,,,,,,,,,,,,,,,,,,
2026-08-21 04:53:44,245809.125000,B8DB8AF16E20,0003,male,C57BL/6,1.1.1,FR1_Approach,0,PelletTaken,220,1841,343,63,0,0,7.848,97.000,0,2,,,,,,,,,,,,,,,,
2026-08-21 04:57:22,246026.984375,B8DB8AF16E20,0003,male,C57BL/6,1.1.1,FR1_Approach,0,Status,220,1841,343,63,0,0,,,,,Disabled,24.3,43.8,1013.8,12.1,0.000,0.000,249160,339956,246240,57026,3.91,66.72
2026-08-21 05:07:24,246629.796875,B8DB8AF16E20,0003,male,C57BL/6,1.1.1,FR1_Approach,0,Status,220,1841,343,63,0,0,,,,,Disabled,24.3,43.7,1013.9,12.1,0.000,0.000,249160,339956,246240,57163,3.92,66.72
2026-08-21 05:17:26,247232.625000,B8DB8AF16E20,0003,male,C57BL/6,1.1.1,FR1_Approach,0,Status,220,1841,343,63,0,0,,,,,Disabled,24.3,43.6,1013.9,12.2,0.000,0.000,249160,339956,246240,57300,3.92,66.72
2026-08-21 05:27:28,247835.468750,B8DB8AF16E20,0003,male,C57BL/6,1.1.1,FR1_Approach,0,Status,220,1841,343,63,0,0,,,,,Disabled,24.3,43.6,1013.9,12.1,0.000,0.000,249160,339956,246240,57437,3.92,66.58
2026-08-21 05:35:50,248337.765625,B8DB8AF16E20,0003,male,C57BL/6,1.1.1,FR1_Approach,0,PelletDrop,221,1842,343,63,0,0,,,,,,,,,,,,,,,,,,,,
2026-08-21 05:36:02,248349.734375,B8DB8AF16E20,0003,male,C57BL/6,1.1.1,FR1_Approach,0,PelletTaken,221,1842,343,63,0,0,11.335,59.000,0,2,,,,,,,,,,,,,,,,
2026-08-21 05:37:29,248436.312500,B8DB8AF16E20,0003,male,C57BL/6,1.1.1,FR1_Approach,0,Status,221,1842,343,63,0,0,,,,,Disabled,24.3,43.4,1013.9,12.2,0.000,0.000,249160,339956,246240,57572,3.92,66.43
2026-08-21 05:44:13,248840.953125,B8DB8AF16E20,0003,male,C57BL/6,1.1.1,FR1_Approach,0,PelletDrop,222,1844,344,63,0,0,,,,,,,,,,,,,,,,,,,,
2026-08-21 05:44:14,248842.171875,B8DB8AF16E20,0003,male,C57BL/6,1.1.1,FR1_Approach,0,PelletNotDetected,222,1844,344,63,0,0,,,,,,,,,,,,,,,,,,,,
2026-08-21 05:47:30,249038.125000,B8DB8AF16E20,0003,male,C57BL/6,1.1.1,FR1_Approach,0,Status,222,1844,344,63,0,0,,,,,Disabled,24.3,43.7,1013.9,12.2,0.000,0.000,249160,339956,246240,57709,3.92,66.43
2026-08-21 05:53:36,249404.921875,B8DB8AF16E20,0003,male,C57BL/6,1.1.1,FR1_Approach,0,PelletDrop,223,1847,344,63,0,0,,,,,,,,,,,,,,,,,,,,
2026-08-21 05:53:47,249415.812500,B8DB8AF16E20,0003,male,C57BL/6,1.1.1,FR1_Approach,0,PelletTaken,223,1847,344,63,0,0,10.279,143.000,0,3,,,,,,,,,,,,,,,,
2026-08-21 05:54:29,249457.906250,B8DB8AF16E20,0003,male,C57BL/6,1.1.1,FR1_Approach,0,PelletDrop,224,1851,344,63,0,0,,,,,,,,,,,,,,,,,,,,
2026-08-21 05:54:42,249470.812500,B8DB8AF16E20,0003,male,C57BL/6,1.1.1,FR1_Approach,0,PelletTaken,224,1851,344,63,0,0,12.270,87.000,0,2,,,,,,,,,,,,,,,,
2026-08-21 05:57:32,249640.515625,B8DB8AF16E20,0003,male,C57BL/6,1.1.1,FR1_Approach,0,Status,224,1851,344,63,0,0,,,,,Disabled,24.3,43.6,1013.9,12.1,0.072,44.000,249160,339956,246240,57844,3.91,66.43
2026-08-21 06:07:34,250243.312500,B8DB8AF16E20,0003,male,C57BL/6,1.1.1,FR1_Approach,0,Status,224,1851,344,63,0,0,,,,,Disabled,24.3,43.7,1013.8,12.1,0.090,46.000,249160,339956,246240,57981,3.92,66.29
2026-08-21 06:17:34,250844.531250,B8DB8AF16E20,0003,male,C57BL/6,1.1.1,FR1_Approach,0,Status,224,1852,344,63,0,0,,,,,Disabled,24.3,43.7,1013.9,12.1,0.043,30.000,249160,339956,246240,58118,3.92,66.14
2026-08-21 06:24:23,251253.296875,B8DB8AF16E20,0003,male,C57BL/6,1.1.1,FR1_Approach,0,PelletDrop,225,1856,345,63,0,0,,,,,,,,,,,,,,,,,,,,
2026-08-21 06:24:33,251263.546875,B8DB8AF16E20,0003,male,C57BL/6,1.1.1,FR1_Approach,0,PelletTaken,225,1856,345,63,0,0,9.630,40.000,0,2,,,,,,,,,,,,,,,,
2026-08-21 06:27:37,251447.343750,B8DB8AF16E20,0003,male,C57BL/6,1.1.1,FR1_Approach,0,Status,225,1856,346,63,0,0,,,,,Disabled,24.3,43.7,1014.1,12.1,0.079,51.000,249160,339956,246240,58256,3.92,66.14
2026-08-21 06:37:36,252047.625000,B8DB8AF16E20,0003,male,C57BL/6,1.1.1,FR1_Approach,0,Status,225,1858,346,63,0,0,,,,,Disabled,24.3,43.7,1014.2,12.1,0.014,20.000,249160,339956,246240,58394,3.92,66.00
2026-08-21 06:47:39,252650.437500,B8DB8AF16E20,0003,male,C57BL/6,1.1.1,FR1_Approach,0,Status,225,1858,346,63,0,0,,,,,Disabled,24.3,43.7,1014.3,12.1,0.018,22.000,249160,339956,246240,58531,3.92,66.00
2026-08-21 06:57:41,253253.281250,B8DB8AF16E20,0003,male,C57BL/6,1.1.1,FR1_Approach,0,Status,225,1858,346,63,0,0,,,,,Disabled,24.3,43.7,1014.4,12.1,0.000,14.000,249160,339956,246240,58668,3.91,65.86
2026-08-21 07:07:43,253856.109375,B8DB8AF16E20,0003,male,C57BL/6,1.1.1,FR1_Approach,0,Status,225,1858,346,63,0,0,,,,,Disabled,24.3,43.8,1014.5,12.2,0.014,21.000,249160,339956,246240,58805,3.92,65.86
2026-08-21 07:17:45,254458.937500,B8DB8AF16E20,0003,male,C57BL/6,1.1.1,FR1_Approach,0,Status,225,1858,346,63,0,0,,,,,Disabled,24.3,43.8,1014.6,12.2,0.014,23.000,249160,339956,246240,58942,3.92,65.86
2026-08-21 07:27:47,255061.765625,B8DB8AF16E20,0003,male,C57BL/6,1.1.1,FR1_Approach,0,Status,225,1858,346,63,0,0,,,,,Disabled,24.3,43.8,1014.6,12.1,0.014,23.000,249160,339956,246240,59079,3.91,65.71
2026-08-21 07:37:50,255664.578125,B8DB8AF16E20,0003,male,C57BL/6,1.1.1,FR1_Approach,0,Status,225,1858,346,63,0,0,,,,,Disabled,24.2,43.8,1014.7,12.2,0.025,22.000,249160,339956,246240,59216,3.92,65.71
2026-08-21 07:47:52,256267.406250,B8DB8AF16E20,0003,male,C57BL/6,1.1.1,FR1_Approach,0,Status,225,1858,346,63,0,0,,,,,Disabled,24.2,43.7,1014.6,12.2,0.014,23.000,249160,339956,246240,59353,3.91,65.71
2026-08-21 07:57:54,256870.234375,B8DB8AF16E20,0003,male,C57BL/6,1.1.1,FR1_Approach,0,Status,225,1858,346,63,0,0,,,,,Disabled,24.2,43.6,1014.6,12.2,0.022,22.000,249160,339956,246240,59490,3.90,65.71
2026-08-21 08:07:56,257473.078125,B8DB8AF16E20,0003,male,C57BL/6,1.1.1,FR1_Approach,0,Status,225,1858,346,63,0,0,,,,,Disabled,24.2,43.6,1014.6,12.2,0.022,25.000,249160,339956,246240,59627,3.91,65.57
2026-08-21 08:17:58,258075.875000,B8DB8AF16E20,0003,male,C57BL/6,1.1.1,FR1_Approach,0,Status,225,1858,346,63,0,0,,,,,Disabled,24.2,43.5,1014.5,12.2,0.018,18.000,249160,339956,246240,59764,3.91,65.57
2026-08-21 08:28:01,258678.703125,B8DB8AF16E20,0003,male,C57BL/6,1.1.1,FR1_Approach,0,Status,225,1858,346,63,0,0,,,,,Disabled,24.2,43.5,1014.5,12.3,0.047,30.000,249160,339956,246240,59901,3.91,65.42
2026-08-21 08:38:03,259281.562500,B8DB8AF16E20,0003,male,C57BL/6,1.1.1,FR1_Approach,0,Status,225,1858,346,63,0,0,,,,,Disabled,24.2,43.5,1014.4,12.3,0.032,24.000,249160,339956,246240,60038,3.91,65.42
2026-08-21 08:47:25,259844.093750,B8DB8AF16E20,0003,male,C57BL/6,1.1.1,FR1_Approach,0,PelletDrop,226,1859,346,63,0,0,,,,,,,,,,,,,,,,,,,,
2026-08-21 08:47:43,259862.546875,B8DB8AF16E20,0003,male,C57BL/6,1.1.1,FR1_Approach,0,PelletTaken,226,1859,346,63,0,0,17.824,86.000,0,2,,,,,,,,,,,,,,,,
2026-08-21 08:48:04,259883.515625,B8DB8AF16E20,0003,male,C57BL/6,1.1.1,FR1_Approach,0,Status,226,1859,346,63,0,0,,,,,Disabled,24.2,43.2,1014.4,12.3,0.043,31.000,249160,339956,246240,60171,3.90,65.28
2026-08-21 08:55:03,260303.000000,B8DB8AF16E20,0003,male,C57BL/6,1.1.1,FR1_Approach,0,PelletDrop,227,1861,346,63,0,0,,,,,,,,,,,,,,,,,,,,
2026-08-21 08:55:04,260303.750000,B8DB8AF16E20,0003,male,C57BL/6,1.1.1,FR1_Approach,0,PelletTaken,227,1861,346,63,0,0,0.115,172.000,0,1,,,,,,,,,,,,,,,,
2026-08-21 08:57:36,260455.453125,B8DB8AF16E20,0003,male,C57BL/6,1.1.1,FR1_Approach,0,PelletDrop,228,1864,346,63,0,0,,,,,,,,,,,,,,,,,,,,
2026-08-21 08:57:49,260469.046875,B8DB8AF16E20,0003,male,C57BL/6,1.1.1,FR1_Approach,0,PelletTaken,228,1864,346,63,0,0,12.952,41.000,0,2,,,,,,,,,,,,,,,,
2026-08-21 08:58:06,260485.609375,B8DB8AF16E20,0003,male,C57BL/6,1.1.1,FR1_Approach,0,Status,228,1864,346,63,0,0,,,,,Disabled,24.2,43.3,1014.4,12.3,0.036,28.000,249160,339956,246240,60306,3.91,65.13
2026-08-21 09:08:08,261088.453125,B8DB8AF16E20,0003,male,C57BL/6,1.1.1,FR1_Approach,0,Status,228,1864,346,63,0,0,,,,,Disabled,24.2,43.4,1014.4,12.2,0.000,15.000,249160,339956,246240,60443,3.90,65.13
2026-08-21 09:18:10,261691.265625,B8DB8AF16E20,0003,male,C57BL/6,1.1.1,FR1_Approach,0,Status,228,1864,346,63,0,0,,,,,Disabled,24.2,43.4,1014.3,12.3,0.000,14.000,249160,339956,246240,60580,3.91,65.13
2026-08-21 09:28:12,262294.093750,B8DB8AF16E20,0003,male,C57BL/6,1.1.1,FR1_Approach,0,Status,228,1864,346,63,0,0,,,,,Disabled,24.2,43.5,1014.3,12.3,0.007,14.000,249160,339956,246240,60717,3.91,65.13
2026-08-21 09:38:15,262896.937500,B8DB8AF16E20,0003,male,C57BL/6,1.1.1,FR1_Approach,0,Status,228,1864,346,63,0,0,,,,,Disabled,24.1,43.5,1014.4,12.2,0.011,19.000,249160,339956,246240,60854,3.90,64.99
2026-08-21 09:48:17,263499.718750,B8DB8AF16E20,0003,male,C57BL/6,1.1.1,FR1_Approach,0,Status,228,1864,346,63,0,0,,,,,Disabled,24.1,43.6,1014.4,12.3,0.007,18.000,249160,339956,246240,60991,3.91,64.99
2026-08-21 09:58:19,264102.562500,B8DB8AF16E20,0003,male,C57BL/6,1.1.1,FR1_Approach,0,Status,228,1864,346,63,0,0,,,,,Disabled,24.1,43.6,1014.5,12.3,0.007,18.000,249160,339956,246240,61128,3.91,64.84
2026-08-21 10:08:21,264705.406250,B8DB8AF16E20,0003,male,C57BL/6,1.1.1,FR1_Approach,0,Status,228,1864,346,63,0,0,,,,,Disabled,24.1,43.6,1014.5,12.3,0.007,19.000,249160,339956,246240,61265,3.91,64.84
2026-08-21 10:18:23,265308.218750,B8DB8AF16E20,0003,male,C57BL/6,1.1.1,FR1_Approach,0,Status,228,1864,346,63,0,0,,,,,Disabled,24.1,43.6,1014.6,12.3,0.007,14.000,249160,339956,246240,61402,3.91,64.84
2026-08-21 10:28:26,265911.062500,B8DB8AF16E20,0003,male,C57BL/6,1.1.1,FR1_Approach,0,Status,228,1864,346,63,0,0,,,,,Disabled,24.0,43.6,1014.7,12.4,0.000,15.000,249160,339956,246240,61539,3.91,64.70
2026-08-21 10:33:24,266210.000000,B8DB8AF16E20,0003,male,C57BL/6,1.1.1,FR1_Approach,0,PelletDrop,229,1865,346,63,0,0,,,,,,,,,,,,,,,,,,,,
2026-08-21 10:33:25,266211.218750,B8DB8AF16E20,0003,male,C57BL/6,1.1.1,FR1_Approach,0,PelletNotDetected,229,1865,346,63,0,0,,,,,,,,,,,,,,,,,,,,
2026-08-21 10:33:59,266244.500000,B8DB8AF16E20,0003,male,C57BL/6,1.1.1,FR1_Approach,0,PelletDrop,230,1867,346,63,0,0,,,,,,,,,,,,,,,,,,,,
2026-08-21 10:34:10,266255.843750,B8DB8AF16E20,0003,male,C57BL/6,1.1.1,FR1_Approach,0,PelletTaken,230,1867,346,63,0,0,10.730,266.000,0,4,,,,,,,,,,,,,,,,
2026-08-21 10:34:53,266298.375000,B8DB8AF16E20,0003,male,C57BL/6,1.1.1,FR1_Approach,0,PelletDrop,231,1870,346,63,0,0,,,,,,,,,,,,,,,,,,,,
2026-08-21 10:35:06,266311.937500,B8DB8AF16E20,0003,male,C57BL/6,1.1.1,FR1_Approach,0,PelletTaken,231,1870,346,63,0,0,12.908,87.000,0,3,,,,,,,,,,,,,,,,
2026-08-21 10:38:26,266512.250000,B8DB8AF16E20,0003,male,C57BL/6,1.1.1,FR1_Approach,0,Status,231,1870,346,63,0,0,,,,,Disabled,24.1,43.4,1014.7,12.3,0.000,6.000,249160,339956,246240,61669,3.90,64.55
2026-08-21 10:43:29,266815.281250,B8DB8AF16E20,0003,male,C57BL/6,1.1.1,FR1_Approach,0,PelletDrop,232,1874,346,63,0,0,,,,,,,,,,,,,,,,,,,,
2026-08-21 10:43:41,266827.406250,B8DB8AF16E20,0003,male,C57BL/6,1.1.1,FR1_Approach,0,PelletTaken,232,1874,346,63,0,0,11.489,105.000,0,2,,,,,,,,,,,,,,,,
2026-08-21 10:48:29,267115.281250,B8DB8AF16E20,0003,male,C57BL/6,1.1.1,FR1_Approach,0,Status,232,1874,346,63,0,0,,,,,Disabled,24.1,43.5,1014.7,12.3,0.040,28.000,249160,339956,246240,61806,3.90,64.55
2026-08-21 10:56:35,267601.906250,B8DB8AF16E20,0003,male,C57BL/6,1.1.1,FR1_Approach,0,PelletDrop,233,1879,348,63,0,0,,,,,,,,,,,,,,,,,,,,
2026-08-21 10:56:47,267613.781250,B8DB8AF16E20,0003,male,C57BL/6,1.1.1,FR1_Approach,0,PelletTaken,233,1879,348,63,0,0,11.246,11.000,0,2,,,,,,,,,,,,,,,,
2026-08-21 10:58:31,267717.875000,B8DB8AF16E20,0003,male,C57BL/6,1.1.1,FR1_Approach,0,Status,233,1879,348,63,0,0,,,,,Disabled,24.1,43.6,1014.7,12.2,0.022,24.000,249160,339956,246240,61944,3.90,64.41
2026-08-21 11:08:33,268320.687500,B8DB8AF16E20,0003,male,C57BL/6,1.1.1,FR1_Approach,0,Status,233,1879,348,63,0,0,,,,,Disabled,24.1,43.8,1014.8,12.2,0.007,19.000,249160,339956,246240,62081,3.90,64.41
2026-08-21 11:18:35,268923.531250,B8DB8AF16E20,0003,male,C57BL/6,1.1.1,FR1_Approach,0,Status,233,1879,348,63,0,0,,,,,Disabled,24.1,43.8,1014.8,12.2,0.097,52.000,249160,339956,246240,62218,3.90,64.41
2026-08-21 11:28:37,269525.656250,B8DB8AF16E20,0003,male,C57BL/6,1.1.1,FR1_Approach,0,Status,233,1879,348,63,0,0,,,,,Disabled,24.1,43.8,1014.8,12.3,0.050,34.000,249160,339956,246240,62355,3.90,64.41
2026-08-21 11:38:39,270128.468750,B8DB8AF16E20,0003,male,C57BL/6,1.1.1,FR1_Approach,0,Status,233,1879,348,63,0,0,,,,,Disabled,24.0,43.2,1014.8,11.7,12.838,4433.000,249160,339956,246240,62492,3.90,64.27
2026-08-21 11:48:40,270730.781250,B8DB8AF16E20,0003,male,C57BL/6,1.1.1,FR1_Approach,0,Status,233,1879,348,63,0,0,,,,,Disabled,23.8,44.3,1014.8,11.5,4.745,1680.000,249160,339956,246240,62629,3.90,64.27
2026-08-21 11:58:43,271333.593750,B8DB8AF16E20,0003,male,C57BL/6,1.1.1,FR1_Approach,0,Status,233,1879,348,63,0,0,,,,,Disabled,23.6,44.1,1014.9,11.7,4.748,1678.000,249160,339956,246240,62766,3.89,64.12
2026-08-21 12:08:45,271936.437500,B8DB8AF16E20,0003,male,C57BL/6,1.1.1,FR1_Approach,0,Status,233,1879,348,63,0,0,,,,,Disabled,23.4,44.2,1014.9,12.0,4.752,1682.000,249160,339956,246240,62903,3.90,64.12
2026-08-21 12:18:47,272539.281250,B8DB8AF16E20,0003,male,C57BL/6,1.1.1,FR1_Approach,0,Status,233,1879,348,63,0,0,,,,,Disabled,23.3,44.4,1014.9,12.1,4.759,1687.000,249160,339956,246240,63040,3.90,64.12
2026-08-21 12:28:49,273142.062500,B8DB8AF16E20,0003,male,C57BL/6,1.1.1,FR1_Approach,0,Status,233,1879,348,63,0,0,,,,,Disabled,23.1,44.7,1014.8,12.2,4.752,1678.000,249160,339956,246240,63177,3.90,63.98
2026-08-21 12:38:51,273744.906250,B8DB8AF16E20,0003,male,C57BL/6,1.1.1,FR1_Approach,0,Status,233,1879,348,63,0,0,,,,,Disabled,23.0,44.7,1014.8,12.3,4.651,1651.000,249160,339956,246240,63314,3.90,63.83
2026-08-21 12:48:54,274347.781250,B8DB8AF16E20,0003,male,C57BL/6,1.1.1,FR1_Approach,0,Status,233,1879,348,63,0,0,,,,,Disabled,22.9,44.9,1014.8,12.3,4.759,1684.000,249160,339956,246240,63451,3.90,63.83
2026-08-21 12:58:56,274950.562500,B8DB8AF16E20,0003,male,C57BL/6,1.1.1,FR1_Approach,0,Status,233,1879,348,63,0,0,,,,,Disabled,22.8,44.9,1014.7,12.3,4.752,1680.000,249160,339956,246240,63588,3.90,63.83
2026-08-21 13:08:58,275553.406250,B8DB8AF16E20,0003,male,C57BL/6,1.1.1,FR1_Approach,0,Status,233,1879,348,63,0,0,,,,,Disabled,22.8,44.8,1014.6,12.3,4.766,1686.000,249160,339956,246240,63725,3.90,63.83
2026-08-21 13:19:00,276156.250000,B8DB8AF16E20,0003,male,C57BL/6,1.1.1,FR1_Approach,0,Status,233,1879,348,63,0,0,,,,,Disabled,22.8,44.8,1014.5,12.3,4.716,1672.000,249160,339956,246240,63862,3.90,63.69
2026-08-21 13:29:02,276759.062500,B8DB8AF16E20,0003,male,C57BL/6,1.1.1,FR1_Approach,0,Status,233,1879,348,63,0,0,,,,,Disabled,22.8,44.8,1014.4,12.3,4.766,1685.000,249160,339956,246240,63999,3.90,63.54
2026-08-21 13:39:05,277361.906250,B8DB8AF16E20,0003,male,C57BL/6,1.1.1,FR1_Approach,0,Status,233,1879,348,63,0,0,,,,,Disabled,22.8,44.6,1014.3,12.2,4.752,1683.000,249160,339956,246240,64136,3.90,63.54
2026-08-21 13:49:07,277964.718750,B8DB8AF16E20,0003,male,C57BL/6,1.1.1,FR1_Approach,0,Status,233,1879,348,63,0,0,,,,,Disabled,22.8,44.4,1014.3,12.3,4.763,1680.000,249160,339956,246240,64273,3.90,63.54
2026-08-21 13:59:09,278567.562500,B8DB8AF16E20,0003,male,C57BL/6,1.1.1,FR1_Approach,0,Status,233,1879,348,63,0,0,,,,,Disabled,22.9,44.3,1014.2,12.3,4.763,1681.000,249160,339956,246240,64410,3.90,63.40
2026-08-21 14:09:11,279170.375000,B8DB8AF16E20,0003,male,C57BL/6,1.1.1,FR1_Approach,0,Status,233,1879,348,63,0,0,,,,,Disabled,22.9,44.6,1014.1,12.3,4.756,1680.000,249160,339956,246240,64547,3.90,63.40
2026-08-21 14:19:13,279773.218750,B8DB8AF16E20,0003,male,C57BL/6,1.1.1,FR1_Approach,0,Status,233,1879,348,63,0,0,,,,,Disabled,22.9,44.6,1014.0,12.3,4.759,1680.000,249160,339956,246240,64684,3.89,63.40
2026-08-21 14:29:16,280376.031250,B8DB8AF16E20,0003,male,C57BL/6,1.1.1,FR1_Approach,0,Status,233,1879,348,63,0,0,,,,,Disabled,22.8,44.8,1014.0,12.4,4.766,1684.000,249160,339956,246240,64821,3.89,63.25
2026-08-21 14:39:18,280978.843750,B8DB8AF16E20,0003,male,C57BL/6,1.1.1,FR1_Approach,0,Status,233,1879,348,63,0,0,,,,,Disabled,22.7,44.8,1013.9,12.5,4.759,1682.000,249160,339956,246240,64958,3.89,63.25
2026-08-21 14:49:20,281581.687500,B8DB8AF16E20,0003,male,C57BL/6,1.1.1,FR1_Approach,0,Status,233,1879,348,63,0,0,,,,,Disabled,22.7,45.0,1013.8,12.5,4.730,1673.000,249160,339956,246240,65095,3.89,63.11
2026-08-21 14:59:22,282184.500000,B8DB8AF16E20,0003,male,C57BL/6,1.1.1,FR1_Approach,0,Status,233,1879,348,63,0,0,,,,,Disabled,22.7,45.1,1013.7,12.5,4.730,1677.000,249160,339956,246240,65232,3.89,63.11
2026-08-21 15:09:24,282787.312500,B8DB8AF16E20,0003,male,C57BL/6,1.1.1,FR1_Approach,0,Status,233,1879,348,63,0,0,,,,,Disabled,22.6,45.0,1013.5,12.5,4.702,1667.000,249160,339956,246240,65369,3.88,63.11
2026-08-21 15:19:27,283390.156250,B8DB8AF16E20,0003,male,C57BL/6,1.1.1,FR1_Approach,0,Status,233,1879,348,63,0,0,,,,,Disabled,22.6,45.0,1013.4,12.4,4.709,1664.000,249160,339956,246240,65506,3.89,62.96
2026-08-21 15:29:29,283992.968750,B8DB8AF16E20,0003,male,C57BL/6,1.1.1,FR1_Approach,0,Status,233,1879,348,63,0,0,,,,,Disabled,22.6,45.0,1013.2,12.4,4.702,1666.000,249160,339956,246240,65643,3.89,62.96
2026-08-21 15:39:31,284595.812500,B8DB8AF16E20,0003,male,C57BL/6,1.1.1,FR1_Approach,0,Status,233,1879,348,63,0,0,,,,,Disabled,22.6,44.9,1013.1,12.5,4.702,1662.000,249160,339956,246240,65780,3.89,62.82
