DateTime,ElapsedSeconds,ESP32_UID,MouseID,Sex,Strain,LibraryVer,Program,FR,Event,PelletCount,LeftCount,RightCount,CenterCount,BlockPelletCount,BlockPokeCount,RetrievalTime,PokeDuration,DispenseError,MotorTurns,Motion,Temperature,Humidity,Pressure,GasResistance,Lux,White,FreeHeap,HeapSize,MinFreeHeap,WakeCount,BatteryVoltage,BatteryPercent
2026-08-18 08:48:29,61.582001,A0DB8AF16E20,0002,male,C57BL/6,1.1.1,FR1_Approach,0,Startup,0,0,0,0,0,0,,,,,0.0,23.4,44.6,1003.3,9.7,11.282,4250.000,248384,339956,246240,0,4.19,100.00
2026-08-18 08:57:31,604.455017,A0DB8AF16E20,0002,male,C57BL/6,1.1.1,FR1_Approach,0,Status,0,0,0,0,0,0,,,,,Disabled,23.4,44.6,1003.3,10.6,0.130,72.000,249348,339956,246240,123,4.19,100.00
2026-08-18 08:59:36,730.062988,A0DB8AF16E20,0002,male,C57BL/6,1.1.1,FR1_Approach,0,LeftWithPellet,0,3,0,3,0,0,,,,,,,,,,,,,,,,,,,,
2026-08-18 08:59:45,739.038025,A0DB8AF16E20,0002,male,C57BL/6,1.1.1,FR1_Approach,0,RightWithPellet,0,3,1,3,0,0,,,,,,,,,,,,,,,,,,,,
2026-08-18 08:59:47,740.869019,A0DB8AF16E20,0002,male,C57BL/6,1.1.1,FR1_Approach,0,RightWithPellet,0,3,2,3,0,0,,,,,,,,,,,,,,,,,,,,
2026-08-18 08:59:49,742.651001,A0DB8AF16E20,0002,male,C57BL/6,1.1.1,FR1_Approach,0,RightWithPellet,0,3,3,3,0,0,,,,,,,,,,,,,,,,,,,,
2026-08-18 08:59:50,743.812012,A0DB8AF16E20,0002,male,C57BL/6,1.1.1,FR1_Approach,0,RightWithPellet,0,3,4,3,0,0,,,,,,,,,,,,,,,,,,,,
2026-08-18 08:59:53,746.502991,A0DB8AF16E20,0002,male,C57BL/6,1.1.1,FR1_Approach,0,RightWithPellet,0,3,5,3,0,0,,,,,,,,,,,,,,,,,,,,
2026-08-18 08:59:54,747.789978,A0DB8AF16E20,0002,male,C57BL/6,1.1.1,FR1_Approach,0,RightWithPellet,0,3,6,3,0,0,,,,,,,,,,,,,,,,,,,,
2026-08-18 09:07:32,1206.943970,A0DB8AF16E20,0002,male,C57BL/6,1.1.1,FR1_Approach,0,Status,0,3,12,4,0,0,,,,,Disabled,23.5,45.0,1003.2,10.5,0.000,14.000,249316,339956,246240,258,4.19,100.00
2026-08-18 09:17:35,1810.801025,A0DB8AF16E20,0002,male,C57BL/6,1.1.1,FR1_Approach,0,Status,0,9,12,5,0,0,,,,,Disabled,23.5,45.2,1003.2,10.5,0.148,78.000,249316,339956,246240,395,4.19,100.00
2026-08-18 09:27:35,2411.076904,A0DB8AF16E20,0002,male,C57BL/6,1.1.1,FR1_Approach,0,Status,0,9,12,6,0,0,,,,,Disabled,23.5,45.4,1003.2,10.6,0.130,72.000,249316,339956,246240,532,4.19,100.00
2026-08-18 09:37:34,3011.418945,A0DB8AF16E20,0002,male,C57BL/6,1.1.1,FR1_Approach,0,Status,0,9,13,6,0,0,,,,,Disabled,23.6,45.6,1003.2,10.6,0.101,60.000,249316,339956,246240,670,4.18,100.00
2026-08-18 09:38:58,3094.822021,A0DB8AF16E20,0002,male,C57BL/6,1.1.1,FR1_Approach,0,PelletDrop,1,10,13,6,0,0,,,,,,,,,,,,,,,,,,,,
2026-08-18 09:39:10,3107.377930,A0DB8AF16E20,0002,male,C57BL/6,1.1.1,FR1_Approach,0,PelletTaken,1,10,13,6,0,0,11.677,236.000,0,4,,,,,,,,,,,,,,,,
2026-08-18 09:47:36,3614.145996,A0DB8AF16E20,0002,male,C57BL/6,1.1.1,FR1_Approach,0,Status,1,10,13,6,0,0,,,,,Disabled,23.6,45.6,1003.2,10.4,0.130,74.000,249316,339956,246240,802,4.19,99.88
2026-08-18 09:52:44,3922.371094,A0DB8AF16E20,0002,male,C57BL/6,1.1.1,FR1_Approach,0,PelletDrop,2,15,16,6,0,0,,,,,,,,,,,,,,,,,,,,
2026-08-18 09:52:53,3931.350098,A0DB8AF16E20,0002,male,C57BL/6,1.1.1,FR1_Approach,0,PelletTaken,2,15,16,6,0,0,8.100,2001.000,0,3,,,,,,,,,,,,,,,,
2026-08-18 09:57:38,4216.873047,A0DB8AF16E20,0002,male,C57BL/6,1.1.1,FR1_Approach,0,Status,2,20,20,10,0,0,,,,,Disabled,23.7,45.6,1003.2,10.4,0.122,70.000,249224,339956,246240,946,4.18,99.88
2026-08-18 10:05:39,4698.180176,A0DB8AF16E20,0002,male,C57BL/6,1.1.1,FR1_Approach,0,PelletDrop,3,21,20,10,0,0,,,,,,,,,,,,,,,,,,,,
2026-08-18 10:05:50,4709.328125,A0DB8AF16E20,0002,male,C57BL/6,1.1.1,FR1_Approach,0,PelletTaken,3,21,20,10,0,0,10.269,206.000,0,2,,,,,,,,,,,,,,,,
2026-08-18 10:07:39,4818.034180,A0DB8AF16E20,0002,male,C57BL/6,1.1.1,FR1_Approach,0,Status,3,21,20,10,0,0,,,,,Disabled,23.8,45.5,1003.3,10.4,0.115,69.000,249224,339956,246240,1079,4.18,99.71
2026-08-18 10:08:43,4882.261230,A0DB8AF16E20,0002,male,C57BL/6,1.1.1,FR1_Approach,0,PelletDrop,4,28,21,10,0,0,,,,,,,,,,,,,,,,,,,,
2026-08-18 10:08:52,4891.054199,A0DB8AF16E20,0002,male,C57BL/6,1.1.1,FR1_Approach,0,PelletTaken,4,28,21,10,0,0,7.914,1597.000,0,2,,,,,,,,,,,,,,,,
2026-08-18 10:17:39,5419.679199,A0DB8AF16E20,0002,male,C57BL/6,1.1.1,FR1_Approach,0,Status,4,28,21,10,0,0,,,,,Disabled,23.8,45.5,1003.3,10.4,0.115,64.000,249224,339956,246240,1215,4.18,99.56
2026-08-18 10:19:19,5519.688965,A0DB8AF16E20,0002,male,C57BL/6,1.1.1,FR1_Approach,0,PelletDrop,5,36,25,17,0,0,,,,,,,,,,,,,,,,,,,,
2026-08-18 10:19:21,5521.161133,A0DB8AF16E20,0002,male,C57BL/6,1.1.1,FR1_Approach,0,PelletNotDetected,5,36,25,17,0,0,,,,,,,,,,,,,,,,,,,,
2026-08-18 10:27:42,6023.540039,A0DB8AF16E20,0002,male,C57BL/6,1.1.1,FR1_Approach,0,Status,5,36,25,17,0,0,,,,,Disabled,23.9,45.6,1003.3,10.2,0.115,66.000,249208,339956,246240,1361,4.18,99.56
2026-08-18 10:37:45,6626.452148,A0DB8AF16E20,0002,male,C57BL/6,1.1.1,FR1_Approach,0,Status,5,43,27,27,0,0,,,,,Disabled,23.9,45.3,1003.3,10.3,0.256,124.000,249208,339956,246240,1511,4.18,99.40
2026-08-18 10:44:24,7026.342773,A0DB8AF16E20,0002,male,C57BL/6,1.1.1,FR1_Approach,0,PelletDrop,6,45,29,27,0,0,,,,,,,,,,,,,,,,,,,,
2026-08-18 10:44:34,7036.213867,A0DB8AF16E20,0002,male,C57BL/6,1.1.1,FR1_Approach,0,PelletTaken,6,45,29,27,0,0,8.992,197.000,0,5,,,,,,,,,,,,,,,,
2026-08-18 10:47:44,7227.049805,A0DB8AF16E20,0002,male,C57BL/6,1.1.1,FR1_Approach,0,Status,6,49,29,27,0,0,,,,,Disabled,24.0,45.1,1003.3,10.2,0.238,120.000,249208,339956,246240,1647,4.18,99.24
2026-08-18 10:57:46,7829.972168,A0DB8AF16E20,0002,male,C57BL/6,1.1.1,FR1_Approach,0,Status,6,49,29,27,0,0,,,,,Disabled,24.0,45.1,1003.3,10.4,0.248,118.000,249208,339956,246240,1784,4.18,99.08
2026-08-18 11:07:49,8432.916016,A0DB8AF16E20,0002,male,C57BL/6,1.1.1,FR1_Approach,0,Status,6,49,29,27,0,0,,,,,Disabled,24.0,45.1,1003.4,10.5,0.241,114.000,249208,339956,246240,1921,4.18,99.08
2026-08-18 11:17:51,9035.886719,A0DB8AF16E20,0002,male,C57BL/6,1.1.1,FR1_Approach,0,Status,6,49,29,27,0,0,,,,,Disabled,23.9,45.1,1003.4,10.4,0.338,168.000,249208,339956,246240,2058,4.18,98.93
2026-08-18 11:27:53,9638.809570,A0DB8AF16E20,0002,male,C57BL/6,1.1.1,FR1_Approach,0,Status,6,49,29,27,0,0,,,,,Disabled,23.9,45.1,1003.4,10.4,0.277,132.000,249208,339956,246240,2195,4.18,98.93
2026-08-18 11:37:55,10241.767578,A0DB8AF16E20,0002,male,C57BL/6,1.1.1,FR1_Approach,0,Status,6,49,29,27,0,0,,,,,Disabled,23.8,45.0,1003.5,10.5,0.274,133.000,249208,339956,246240,2332,4.18,98.77
2026-08-18 11:47:57,10844.711914,A0DB8AF16E20,0002,male,C57BL/6,1.1.1,FR1_Approach,0,Status,6,49,29,27,0,0,,,,,Disabled,23.8,44.9,1003.4,10.6,0.274,135.000,249208,339956,246240,2469,4.18,98.77
2026-08-18 11:57:59,11447.655273,A0DB8AF16E20,0002,male,C57BL/6,1.1.1,FR1_Approach,0,Status,6,49,29,27,0,0,,,,,Disabled,23.7,44.9,1003.3,10.6,0.284,134.000,249208,339956,246240,2606,4.18,98.61
2026-08-18 12:08:01,12050.593750,A0DB8AF16E20,0002,male,C57BL/6,1.1.1,FR1_Approach,0,Status,6,49,29,27,0,0,,,,,Disabled,23.7,44.9,1003.2,10.6,0.274,132.000,249208,339956,246240,2743,4.17,98.61
2026-08-18 12:18:03,12653.539062,A0DB8AF16E20,0002,male,C57BL/6,1.1.1,FR1_Approach,0,Status,6,49,29,27,0,0,,,,,Disabled,23.6,44.8,1003.1,10.6,0.274,134.000,249164,339956,246240,2880,4.18,98.45
2026-08-18 12:28:05,13256.485352,A0DB8AF16E20,0002,male,C57BL/6,1.1.1,FR1_Approach,0,Status,6,49,29,27,0,0,,,,,Disabled,23.6,44.8,1003.0,10.7,0.274,135.000,249164,339956,246240,3017,4.18,98.29
2026-08-18 12:38:08,13859.423828,A0DB8AF16E20,0002,male,C57BL/6,1.1.1,FR1_Approach,0,Status,6,49,29,27,0,0,,,,,Disabled,23.5,44.8,1003.0,10.6,0.274,136.000,249164,339956,246240,3154,4.17,98.29
2026-08-18 12:48:10,14462.368164,A0DB8AF16E20,0002,male,C57BL/6,1.1.1,FR1_Approach,0,Status,6,49,29,27,0,0,,,,,Disabled,23.5,44.8,1002.9,10.7,0.270,126.000,249164,339956,246240,3291,4.17,98.29
2026-08-18 12:58:12,15065.328125,A0DB8AF16E20,0002,male,C57BL/6,1.1.1,FR1_Approach,0,Status,6,49,29,27,0,0,,,,,Disabled,23.4,44.8,1002.8,10.6,0.277,132.000,249164,339956,246240,3428,4.17,98.13
2026-08-18 13:08:14,15668.251953,A0DB8AF16E20,0002,male,C57BL/6,1.1.1,FR1_Approach,0,Status,6,49,29,27,0,0,,,,,Disabled,23.4,44.9,1002.7,10.6,0.277,132.000,249164,339956,246240,3565,4.17,97.98
2026-08-18 13:18:16,16271.196289,A0DB8AF16E20,0002,male,C57BL/6,1.1.1,FR1_Approach,0,Status,6,49,29,27,0,0,,,,,Disabled,23.4,44.8,1002.6,10.6,0.259,127.000,249164,339956,246240,3702,4.17,97.98
2026-08-18 13:28:18,16874.154297,A0DB8AF16E20,0002,male,C57BL/6,1.1.1,FR1_Approach,0,Status,6,49,29,27,0,0,,,,,Disabled,23.4,44.8,1002.5,10.5,0.259,125.000,249164,339956,246240,3839,4.16,97.98
2026-08-18 13:38:20,17477.078125,A0DB8AF16E20,0002,male,C57BL/6,1.1.1,FR1_Approach,0,Status,6,49,29,27,0,0,,,,,Disabled,23.4,44.8,1002.4,10.5,0.259,124.000,249164,339956,246240,3976,4.17,97.82
2026-08-18 13:48:22,18080.021484,A0DB8AF16E20,0002,male,C57BL/6,1.1.1,FR1_Approach,0,Status,6,49,29,27,0,0,,,,,Disabled,23.4,44.7,1002.3,10.5,0.274,130.000,249164,339956,246240,4113,4.17,97.82
2026-08-18 13:49:43,18160.640625,A0DB8AF16E20,0002,male,C57BL/6,1.1.1,FR1_Approach,0,PelletDrop,7,50,29,27,0,0,,,,,,,,,,,,,,,,,,,,
2026-08-18 13:49:44,18162.111328,A0DB8AF16E20,0002,male,C57BL/6,1.1.1,FR1_Approach,0,PelletNotDetected,7,50,29,27,0,0,,,,,,,,,,,,,,,,,,,,
2026-08-18 13:50:45,18223.064453,A0DB8AF16E20,0002,male,C57BL/6,1.1.1,FR1_Approach,0,PelletDrop,8,52,29,27,0,0,,,,,,,,,,,,,,,,,,,,
2026-08-18 13:51:00,18238.265625,A0DB8AF16E20,0002,male,C57BL/6,1.1.1,FR1_Approach,0,PelletTaken,8,52,29,27,0,0,14.305,1899.000,0,4,,,,,,,,,,,,,,,,
2026-08-18 13:53:32,18389.582031,A0DB8AF16E20,0002,male,C57BL/6,1.1.1,FR1_Approach,0,PelletDrop,9,55,29,27,0,0,,,,,,,,,,,,,,,,,,,,
2026-08-18 13:53:50,18408.097656,A0DB8AF16E20,0002,male,C57BL/6,1.1.1,FR1_Approach,0,PelletTaken,9,55,29,27,0,0,17.637,2001.000,0,3,,,,,,,,,,,,,,,,
2026-08-18 13:58:25,18683.908203,A0DB8AF16E20,0002,male,C57BL/6,1.1.1,FR1_Approach,0,Status,9,55,31,27,0,0,,,,,Disabled,23.5,44.6,1002.2,10.5,0.130,68.000,249164,339956,246240,4240,4.17,97.66
2026-08-18 14:08:28,19287.130859,A0DB8AF16E20,0002,male,C57BL/6,1.1.1,FR1_Approach,0,Status,9,55,31,28,0,0,,,,,Disabled,23.6,44.5,1002.1,10.3,0.058,42.000,249164,339956,246240,4378,4.17,97.50
2026-08-18 14:10:17,19396.427734,A0DB8AF16E20,0002,male,C57BL/6,1.1.1,FR1_Approach,0,PelletDrop,10,59,31,28,0,0,,,,,,,,,,,,,,,,,,,,
2026-08-18 14:10:31,19410.302734,A0DB8AF16E20,0002,male,C57BL/6,1.1.1,FR1_Approach,0,PelletTaken,10,59,31,28,0,0,12.995,604.000,0,2,,,,,,,,,,,,,,,,
2026-08-18 14:18:31,19890.804688,A0DB8AF16E20,0002,male,C57BL/6,1.1.1,FR1_Approach,0,Status,10,59,31,28,0,0,,,,,Disabled,23.7,44.4,1001.9,10.3,0.148,78.000,249164,339956,246240,4513,4.17,97.50
2026-08-18 14:20:14,19993.859375,A0DB8AF16E20,0002,male,C57BL/6,1.1.1,FR1_Approach,0,PelletDrop,11,64,31,28,0,0,,,,,,,,,,,,,,,,,,,,
2026-08-18 14:20:25,20005.400391,A0DB8AF16E20,0002,male,C57BL/6,1.1.1,FR1_Approach,0,PelletTaken,11,64,31,28,0,0,10.663,195.000,0,2,,,,,,,,,,,,,,,,
2026-08-18 14:21:32,20072.335938,A0DB8AF16E20,0002,male,C57BL/6,1.1.1,FR1_Approach,0,PelletDrop,12,70,31,28,0,0,,,,,,,,,,,,,,,,,,,,
2026-08-18 14:21:43,20083.470703,A0DB8AF16E20,0002,male,C57BL/6,1.1.1,FR1_Approach,0,PelletTaken,12,70,31,28,0,0,10.256,2001.000,0,3,,,,,,,,,,,,,,,,
2026-08-18 14:28:31,20492.072266,A0DB8AF16E20,0002,male,C57BL/6,1.1.1,FR1_Approach,0,Status,12,72,32,28,0,0,,,,,Disabled,23.8,44.3,1001.8,10.3,0.122,68.000,249164,339956,246240,4647,4.16,97.34
2026-08-18 14:38:31,21092.716797,A0DB8AF16E20,0002,male,C57BL/6,1.1.1,FR1_Approach,0,Status,12,72,32,29,0,0,,,,,Disabled,23.9,44.3,1001.7,10.3,0.234,110.000,249164,339956,246240,4784,4.16,97.18
2026-08-18 14:48:33,21695.673828,A0DB8AF16E20,0002,male,C57BL/6,1.1.1,FR1_Approach,0,Status,12,72,32,29,0,0,,,,,Disabled,23.9,44.3,1001.5,10.3,0.230,110.000,249164,339956,246240,4921,4.16,97.18
2026-08-18 14:58:35,22298.617188,A0DB8AF16E20,0002,male,C57BL/6,1.1.1,FR1_Approach,0,Status,12,72,32,29,0,0,,,,,Disabled,23.9,44.4,1001.4,10.3,0.230,110.000,249164,339956,246240,5058,4.16,97.03
2026-08-18 15:08:37,22901.554688,A0DB8AF16E20,0002,male,C57BL/6,1.1.1,FR1_Approach,0,Status,12,72,32,29,0,0,,,,,Disabled,23.9,44.3,1001.2,10.3,0.230,110.000,249164,339956,246240,5195,4.16,97.03
2026-08-18 15:18:40,23504.498047,A0DB8AF16E20,0002,male,C57BL/6,1.1.1,FR1_Approach,0,Status,12,72,32,29,0,0,,,,,Disabled,23.9,44.3,1001.1,10.4,0.241,118.000,249164,339956,246240,5332,4.16,96.87
2026-08-18 15:28:42,24107.441406,A0DB8AF16E20,0002,male,C57BL/6,1.1.1,FR1_Approach,0,Status,12,72,32,29,0,0,,,,,Disabled,23.9,44.3,1000.9,10.4,0.238,121.000,249164,339956,246240,5469,4.16,96.87
2026-08-18 15:38:44,24710.400391,A0DB8AF16E20,0002,male,C57BL/6,1.1.1,FR1_Approach,0,Status,12,72,32,29,0,0,,,,,Disabled,23.9,44.2,1000.8,10.4,0.245,120.000,249164,339956,246240,5606,4.16,96.71
2026-08-18 15:48:46,25313.322266,A0DB8AF16E20,0002,male,C57BL/6,1.1.1,FR1_Approach,0,Status,12,72,32,29,0,0,,,,,Disabled,23.9,44.2,1000.8,10.4,0.238,118.000,249164,339956,246240,5743,4.16,96.71
2026-08-18 15:58:48,25916.283203,A0DB8AF16E20,0002,male,C57BL/6,1.1.1,FR1_Approach,0,Status,12,72,32,29,0,0,,,,,Disabled,23.9,44.2,1000.7,10.4,0.238,118.000,249164,339956,246240,5880,4.16,96.55
2026-08-18 16:01:08,26056.847656,A0DB8AF16E20,0002,male,C57BL/6,1.1.1,FR1_Approach,0,PelletDrop,13,73,32,29,0,0,,,,,,,,,,,,,,,,,,,,
2026-08-18 16:01:10,26058.320312,A0DB8AF16E20,0002,male,C57BL/6,1.1.1,FR1_Approach,0,PelletNotDetected,13,73,32,29,0,0,,,,,,,,,,,,,,,,,,,,
2026-08-18 16:02:29,26137.464844,A0DB8AF16E20,0002,male,C57BL/6,1.1.1,FR1_Approach,0,PelletDrop,14,75,32,29,0,0,,,,,,,,,,,,,,,,,,,,
2026-08-18 16:02:43,26151.007812,A0DB8AF16E20,0002,male,C57BL/6,1.1.1,FR1_Approach,0,PelletTaken,14,75,32,29,0,0,12.665,2001.000,0,3,,,,,,,,,,,,,,,,
2026-08-18 16:04:00,26228.654297,A0DB8AF16E20,0002,male,C57BL/6,1.1.1,FR1_Approach,0,PelletDrop,15,78,32,29,0,0,,,,,,,,,,,,,,,,,,,,
2026-08-18 16:04:02,26230.126953,A0DB8AF16E20,0002,male,C57BL/6,1.1.1,FR1_Approach,0,PelletNotDetected,15,78,32,29,0,0,,,,,,,,,,,,,,,,,,,,
2026-08-18 16:05:15,26303.232422,A0DB8AF16E20,0002,male,C57BL/6,1.1.1,FR1_Approach,0,PelletDrop,16,82,32,29,0,0,,,,,,,,,,,,,,,,,,,,
2026-08-18 16:05:16,26304.703125,A0DB8AF16E20,0002,male,C57BL/6,1.1.1,FR1_Approach,0,PelletNotDetected,16,82,32,29,0,0,,,,,,,,,,,,,,,,,,,,
2026-08-18 16:07:07,26415.513672,A0DB8AF16E20,0002,male,C57BL/6,1.1.1,FR1_Approach,0,PelletDrop,17,87,32,29,0,0,,,,,,,,,,,,,,,,,,,,
2026-08-18 16:07:08,26416.984375,A0DB8AF16E20,0002,male,C57BL/6,1.1.1,FR1_Approach,0,PelletNotDetected,17,87,32,29,0,0,,,,,,,,,,,,,,,,,,,,
2026-08-18 16:08:48,26516.962891,A0DB8AF16E20,0002,male,C57BL/6,1.1.1,FR1_Approach,0,Status,17,87,32,29,0,0,,,,,Disabled,24.0,43.8,1000.6,10.2,0.205,100.000,249164,339956,246240,6009,4.16,96.39
2026-08-18 16:18:50,27120.021484,A0DB8AF16E20,0002,male,C57BL/6,1.1.1,FR1_Approach,0,Status,17,87,32,29,0,0,,,,,Disabled,24.0,44.0,1000.6,10.2,0.209,106.000,249164,339956,246240,6146,4.16,96.39
2026-08-18 16:28:52,27723.101562,A0DB8AF16E20,0002,male,C57BL/6,1.1.1,FR1_Approach,0,Status,17,87,32,29,0,0,,,,,Disabled,24.0,44.0,1000.5,10.2,0.209,107.000,249164,339956,246240,6283,4.16,96.23
2026-08-18 16:38:55,28326.195312,A0DB8AF16E20,0002,male,C57BL/6,1.1.1,FR1_Approach,0,Status,17,87,32,29,0,0,,,,,Disabled,24.0,44.0,1000.5,10.2,0.209,109.000,249164,339956,246240,6420,4.16,96.23
2026-08-18 16:48:57,28929.253906,A0DB8AF16E20,0002,male,C57BL/6,1.1.1,FR1_Approach,0,Status,17,87,32,29,0,0,,,,,Disabled,24.0,44.0,1000.5,10.3,0.205,98.000,249164,339956,246240,6557,4.16,96.08
2026-08-18 16:58:59,29532.347656,A0DB8AF16E20,0002,male,C57BL/6,1.1.1,FR1_Approach,0,Status,17,87,32,29,0,0,,,,,Disabled,24.0,44.0,1000.5,10.2,0.205,101.000,249164,339956,246240,6694,4.16,96.08
2026-08-18 17:09:01,30135.427734,A0DB8AF16E20,0002,male,C57BL/6,1.1.1,FR1_Approach,0,Status,17,87,32,29,0,0,,,,,Disabled,24.0,44.0,1000.5,10.3,0.205,100.000,249164,339956,246240,6831,4.16,95.92
2026-08-18 17:19:04,30738.460938,A0DB8AF16E20,0002,male,C57BL/6,1.1.1,FR1_Approach,0,Status,17,87,32,29,0,0,,,,,Disabled,24.0,44.0,1000.5,10.3,0.202,100.000,249164,339956,246240,6968,4.15,95.92
2026-08-18 17:29:06,31341.554688,A0DB8AF16E20,0002,male,C57BL/6,1.1.1,FR1_Approach,0,Status,17,87,32,29,0,0,,,,,Disabled,24.0,43.9,1000.5,10.3,0.194,98.000,249164,339956,246240,7105,4.16,95.92
2026-08-18 17:30:22,31417.703125,A0DB8AF16E20,0002,male,C57BL/6,1.1.1,FR1_Approach,0,PelletDrop,18,88,32,29,0,0,,,,,,,,,,,,,,,,,,,,
2026-08-18 17:30:39,31434.833984,A0DB8AF16E20,0002,male,C57BL/6,1.1.1,FR1_Approach,0,PelletTaken,18,88,32,29,0,0,16.252,2002.000,0,6,,,,,,,,,,,,,,,,
2026-08-18 17:31:26,31481.484375,A0DB8AF16E20,0002,male,C57BL/6,1.1.1,FR1_Approach,0,PelletDrop,19,90,32,29,0,0,,,,,,,,,,,,,,,,,,,,
2026-08-18 17:31:37,31493.138672,A0DB8AF16E20,0002,male,C57BL/6,1.1.1,FR1_Approach,0,PelletTaken,19,90,32,29,0,0,10.774,2002.000,0,2,,,,,,,,,,,,,,,,
2026-08-18 17:32:33,31548.550781,A0DB8AF16E20,0002,male,C57BL/6,1.1.1,FR1_Approach,0,PelletDrop,20,93,32,29,0,0,,,,,,,,,,,,,,,,,,,,
2026-08-18 17:32:44,31560.169922,A0DB8AF16E20,0002,male,C57BL/6,1.1.1,FR1_Approach,0,PelletTaken,20,93,32,29,0,0,10.742,2001.000,0,2,,,,,,,,,,,,,,,,
2026-08-18 17:33:56,31632.281250,A0DB8AF16E20,0002,male,C57BL/6,1.1.1,FR1_Approach,0,PelletDrop,21,97,32,30,0,0,,,,,,,,,,,,,,,,,,,,
2026-08-18 17:34:08,31643.583984,A0DB8AF16E20,0002,male,C57BL/6,1.1.1,FR1_Approach,0,PelletTaken,21,97,32,30,0,0,10.423,2002.000,0,3,,,,,,,,,,,,,,,,
2026-08-18 17:39:09,31944.853516,A0DB8AF16E20,0002,male,C57BL/6,1.1.1,FR1_Approach,0,Status,21,97,32,30,0,0,,,,,Disabled,24.0,43.7,1000.5,10.2,0.194,98.000,249164,339956,246240,7226,4.15,95.76
2026-08-18 17:49:09,32545.902344,A0DB8AF16E20,0002,male,C57BL/6,1.1.1,FR1_Approach,0,Status,21,98,32,30,0,0,,,,,Disabled,24.0,43.8,1000.5,10.2,0.277,138.000,249164,339956,246240,7363,4.15,95.60
2026-08-18 17:49:33,32570.414062,A0DB8AF16E20,0002,male,C57BL/6,1.1.1,FR1_Approach,0,PelletDrop,22,102,32,30,0,0,,,,,,,,,,,,,,,,,,,,
2026-08-18 17:49:46,32583.144531,A0DB8AF16E20,0002,male,C57BL/6,1.1.1,FR1_Approach,0,PelletTaken,22,102,32,30,0,0,11.852,2001.000,0,2,,,,,,,,,,,,,,,,
2026-08-18 17:59:10,33147.570312,A0DB8AF16E20,0002,male,C57BL/6,1.1.1,FR1_Approach,0,Status,22,106,32,30,0,0,,,,,Disabled,24.1,43.7,1000.3,10.1,0.000,0.000,249164,339956,246240,7498,4.15,95.60
2026-08-18 18:03:43,33421.699219,A0DB8AF16E20,0002,male,C57BL/6,1.1.1,FR1_Approach,0,PelletDrop,23,108,32,30,0,0,,,,,,,,,,,,,,,,,,,,
2026-08-18 18:03:45,33423.171875,A0DB8AF16E20,0002,male,C57BL/6,1.1.1,FR1_Approach,0,PelletNotDetected,23,108,32,30,0,0,,,,,,,,,,,,,,,,,,,,
2026-08-18 18:07:12,33630.871094,A0DB8AF16E20,0002,male,C57BL/6,1.1.1,FR1_Approach,0,PelletDrop,24,115,32,30,0,0,,,,,,,,,,,,,,,,,,,,
2026-08-18 18:07:25,33643.183594,A0DB8AF16E20,0002,male,C57BL/6,1.1.1,FR1_Approach,0,PelletTaken,24,115,32,30,0,0,11.435,2002.000,0,3,,,,,,,,,,,,,,,,
2026-08-18 18:09:13,33751.898438,A0DB8AF16E20,0002,male,C57BL/6,1.1.1,FR1_Approach,0,Status,24,115,32,30,0,0,,,,,Disabled,24.1,43.5,1000.2,10.1,0.000,0.000,249164,339956,246240,7634,4.15,95.29
2026-08-18 18:19:15,34354.218750,A0DB8AF16E20,0002,male,C57BL/6,1.1.1,FR1_Approach,0,Status,24,119,35,32,0,0,,,,,Disabled,24.2,43.8,999.9,10.0,0.000,0.000,249164,339956,246240,7775,4.15,95.29
2026-08-18 18:19:50,34389.210938,A0DB8AF16E20,0002,male,C57BL/6,1.1.1,FR1_Approach,0,PelletDrop,25,123,35,32,0,0,,,,,,,,,,,,,,,,,,,,
2026-08-18 18:19:51,34390.683594,A0DB8AF16E20,0002,male,C57BL/6,1.1.1,FR1_Approach,0,PelletNotDetected,25,123,35,32,0,0,,,,,,,,,,,,,,,,,,,,
2026-08-18 18:29:14,34954.429688,A0DB8AF16E20,0002,male,C57BL/6,1.1.1,FR1_Approach,0,Status,25,123,35,32,0,0,,,,,Disabled,24.2,43.8,999.8,10.1,0.000,0.000,249164,339956,246240,7911,4.15,95.13
2026-08-18 18:39:16,35557.523438,A0DB8AF16E20,0002,male,C57BL/6,1.1.1,FR1_Approach,0,Status,25,123,35,32,0,0,,,,,Disabled,24.1,43.8,999.6,10.1,0.000,0.000,249164,339956,246240,8048,4.15,95.13
2026-08-18 18:49:19,36160.570312,A0DB8AF16E20,0002,male,C57BL/6,1.1.1,FR1_Approach,0,Status,25,123,35,32,0,0,,,,,Disabled,24.1,43.9,999.5,10.1,0.000,0.000,249164,339956,246240,8185,4.15,95.13
2026-08-18 18:59:21,36763.648438,A0DB8AF16E20,0002,male,C57BL/6,1.1.1,FR1_Approach,0,Status,25,123,35,32,0,0,,,,,Disabled,24.1,43.9,999.4,10.2,0.000,0.000,249164,339956,246240,8322,4.15,94.97
2026-08-18 19:09:23,37366.734375,A0DB8AF16E20,0002,male,C57BL/6,1.1.1,FR1_Approach,0,Status,25,123,35,32,0,0,,,,,Disabled,24.0,43.9,999.4,10.2,0.000,0.000,249164,339956,246240,8459,4.15,94.97
2026-08-18 19:19:20,37964.519531,A0DB8AF16E20,0002,male,C57BL/6,1.1.1,FR1_Approach,0,PelletDrop,26,124,35,32,0,0,,,,,,,,,,,,,,,,,,,,
2026-08-18 19:19:21,37965.988281,A0DB8AF16E20,0002,male,C57BL/6,1.1.1,FR1_Approach,0,PelletNotDetected,26,124,35,32,0,0,,,,,,,,,,,,,,,,,,,,
2026-08-18 19:19:30,37974.066406,A0DB8AF16E20,0002,male,C57BL/6,1.1.1,FR1_Approach,0,Status,26,124,35,32,0,0,,,,,Disabled,24.0,43.9,999.4,10.1,0.000,0.000,249164,339956,246240,8596,4.15,94.81
2026-08-18 19:20:05,38009.750000,A0DB8AF16E20,0002,male,C57BL/6,1.1.1,FR1_Approach,0,PelletDrop,27,126,35,32,0,0,,,,,,,,,,,,,,,,,,,,
2026-08-18 19:20:15,38019.457031,A0DB8AF16E20,0002,male,C57BL/6,1.1.1,FR1_Approach,0,PelletTaken,27,126,35,32,0,0,8.827,1391.000,0,5,,,,,,,,,,,,,,,,
2026-08-18 19:21:10,38075.003906,A0DB8AF16E20,0002,male,C57BL/6,1.1.1,FR1_Approach,0,PelletDrop,28,129,35,32,0,0,,,,,,,,,,,,,,,,,,,,
2026-08-18 19:21:23,38088.066406,A0DB8AF16E20,0002,male,C57BL/6,1.1.1,FR1_Approach,0,PelletTaken,28,129,35,32,0,0,12.181,2002.000,0,2,,,,,,,,,,,,,,,,
2026-08-18 19:22:17,38141.363281,A0DB8AF16E20,0002,male,C57BL/6,1.1.1,FR1_Approach,0,PelletDrop,29,133,35,32,0,0,,,,,,,,,,,,,,,,,,,,
2026-08-18 19:22:28,38152.921875,A0DB8AF16E20,0002,male,C57BL/6,1.1.1,FR1_Approach,0,PelletTaken,29,133,35,32,0,0,10.664,1898.000,0,2,,,,,,,,,,,,,,,,
2026-08-18 19:23:21,38205.460938,A0DB8AF16E20,0002,male,C57BL/6,1.1.1,FR1_Approach,0,PelletDrop,30,138,35,32,0,0,,,,,,,,,,,,,,,,,,,,
2026-08-18 19:23:30,38214.617188,A0DB8AF16E20,0002,male,C57BL/6,1.1.1,FR1_Approach,0,PelletTaken,30,138,35,32,0,0,8.277,2001.000,0,2,,,,,,,,,,,,,,,,
2026-08-18 19:29:33,38578.222656,A0DB8AF16E20,0002,male,C57BL/6,1.1.1,FR1_Approach,0,Status,30,138,37,32,0,0,,,,,Disabled,24.0,43.7,999.3,10.1,0.000,0.000,249164,339956,246240,8724,4.14,94.50
2026-08-18 19:39:35,39181.179688,A0DB8AF16E20,0002,male,C57BL/6,1.1.1,FR1_Approach,0,Status,30,138,37,32,0,0,,,,,Disabled,24.0,43.8,999.2,10.1,0.000,0.000,249164,339956,246240,8861,4.14,94.50
2026-08-18 19:49:37,39784.105469,A0DB8AF16E20,0002,male,C57BL/6,1.1.1,FR1_Approach,0,Status,30,138,37,32,0,0,,,,,Disabled,23.9,43.8,999.2,10.2,0.000,0.000,249164,339956,246240,8998,4.14,94.50
2026-08-18 19:59:39,40387.046875,A0DB8AF16E20,0002,male,C57BL/6,1.1.1,FR1_Approach,0,Status,30,138,37,32,0,0,,,,,Disabled,23.9,43.9,999.2,10.3,0.000,0.000,249164,339956,246240,9135,4.14,94.34
2026-08-18 20:03:28,40615.636719,A0DB8AF16E20,0002,male,C57BL/6,1.1.1,FR1_Approach,0,PelletDrop,31,139,37,32,0,0,,,,,,,,,,,,,,,,,,,,
2026-08-18 20:03:38,40626.132812,A0DB8AF16E20,0002,male,C57BL/6,1.1.1,FR1_Approach,0,PelletTaken,31,139,37,32,0,0,9.609,378.000,0,2,,,,,,,,,,,,,,,,
2026-08-18 20:04:25,40673.171875,A0DB8AF16E20,0002,male,C57BL/6,1.1.1,FR1_Approach,0,PelletDrop,32,141,37,32,0,0,,,,,,,,,,,,,,,,,,,,
2026-08-18 20:04:35,40683.406250,A0DB8AF16E20,0002,male,C57BL/6,1.1.1,FR1_Approach,0,PelletTaken,32,141,37,32,0,0,9.344,2001.000,0,2,,,,,,,,,,,,,,,,
2026-08-18 20:09:40,40989.031250,A0DB8AF16E20,0002,male,C57BL/6,1.1.1,FR1_Approach,0,Status,32,141,37,32,0,0,,,,,Disabled,23.9,44.0,999.2,10.3,0.000,0.000,249164,339956,246240,9265,4.14,94.34
2026-08-18 20:15:52,41361.144531,A0DB8AF16E20,0002,male,C57BL/6,1.1.1,FR1_Approach,0,PelletDrop,33,144,37,32,0,0,,,,,,,,,,,,,,,,,,,,
2026-08-18 20:16:00,41369.039062,A0DB8AF16E20,0002,male,C57BL/6,1.1.1,FR1_Approach,0,PelletTaken,33,144,37,32,0,0,7.001,158.000,0,2,,,,,,,,,,,,,,,,
2026-08-18 20:19:42,41591.480469,A0DB8AF16E20,0002,male,C57BL/6,1.1.1,FR1_Approach,0,Status,33,144,37,32,0,0,,,,,Disabled,23.9,44.0,999.1,10.3,0.000,0.000,249164,339956,246240,9401,4.14,94.18
2026-08-18 20:21:02,41670.992188,A0DB8AF16E20,0002,male,C57BL/6,1.1.1,FR1_Approach,0,PelletDrop,34,148,39,32,0,0,,,,,,,,,,,,,,,,,,,,
2026-08-18 20:21:10,41679.164062,A0DB8AF16E20,0002,male,C57BL/6,1.1.1,FR1_Approach,0,PelletTaken,34,148,39,32,0,0,7.265,644.000,0,2,,,,,,,,,,,,,,,,
2026-08-18 20:29:44,42194.511719,A0DB8AF16E20,0002,male,C57BL/6,1.1.1,FR1_Approach,0,Status,34,152,39,32,0,0,,,,,Disabled,23.9,44.2,999.1,10.3,0.000,0.000,249164,339956,246240,9542,4.14,94.02
2026-08-18 20:30:16,42225.906250,A0DB8AF16E20,0002,male,C57BL/6,1.1.1,FR1_Approach,0,PelletDrop,35,153,39,32,0,0,,,,,,,,,,,,,,,,,,,,
2026-08-18 20:30:25,42235.152344,A0DB8AF16E20,0002,male,C57BL/6,1.1.1,FR1_Approach,0,PelletTaken,35,153,39,32,0,0,8.365,259.000,0,2,,,,,,,,,,,,,,,,
2026-08-18 20:31:25,42295.398438,A0DB8AF16E20,0002,male,C57BL/6,1.1.1,FR1_Approach,0,PelletDrop,36,159,40,32,0,0,,,,,,,,,,,,,,,,,,,,
2026-08-18 20:31:34,42304.742188,A0DB8AF16E20,0002,male,C57BL/6,1.1.1,FR1_Approach,0,PelletTaken,36,159,40,32,0,0,8.464,1564.000,0,2,,,,,,,,,,,,,,,,
2026-08-18 20:32:59,42388.917969,A0DB8AF16E20,0002,male,C57BL/6,1.1.1,FR1_Approach,0,PelletDrop,37,166,53,33,0,0,,,,,,,,,,,,,,,,,,,,
2026-08-18 20:33:05,42395.480469,A0DB8AF16E20,0002,male,C57BL/6,1.1.1,FR1_Approach,0,PelletTaken,37,166,53,33,0,0,5.670,1051.000,0,2,,,,,,,,,,,,,,,,
2026-08-18 20:39:46,42797.359375,A0DB8AF16E20,0002,male,C57BL/6,1.1.1,FR1_Approach,0,Status,37,166,53,33,0,0,,,,,Disabled,23.9,44.2,999.0,10.3,0.000,0.000,249164,339956,246240,9689,4.14,94.02
2026-08-18 20:45:05,43116.800781,A0DB8AF16E20,0002,male,C57BL/6,1.1.1,FR1_Approach,0,PelletDrop,38,174,55,35,0,0,,,,,,,,,,,,,,,,,,,,
2026-08-18 20:45:20,43131.019531,A0DB8AF16E20,0002,male,C57BL/6,1.1.1,FR1_Approach,0,PelletTaken,38,174,55,35,0,0,13.326,753.000,0,6,,,,,,,,,,,,,,,,
2026-08-18 20:49:50,43401.585938,A0DB8AF16E20,0002,male,C57BL/6,1.1.1,FR1_Approach,0,Status,38,174,55,35,0,0,,,,,Disabled,23.9,44.2,999.0,10.3,0.000,0.000,249164,339956,246240,9826,4.14,93.86
2026-08-18 20:53:42,43634.285156,A0DB8AF16E20,0002,male,C57BL/6,1.1.1,FR1_Approach,0,PelletDrop,39,183,56,36,0,0,,,,,,,,,,,,,,,,,,,,
2026-08-18 20:53:44,43635.757812,A0DB8AF16E20,0002,male,C57BL/6,1.1.1,FR1_Approach,0,PelletNotDetected,39,183,56,36,0,0,,,,,,,,,,,,,,,,,,,,
2026-08-18 20:54:48,43699.714844,A0DB8AF16E20,0002,male,C57BL/6,1.1.1,FR1_Approach,0,PelletDrop,40,193,57,38,0,0,,,,,,,,,,,,,,,,,,,,
2026-08-18 20:54:59,43711.066406,A0DB8AF16E20,0002,male,C57BL/6,1.1.1,FR1_Approach,0,PelletTaken,40,193,57,38,0,0,10.444,2001.000,0,9,,,,,,,,,,,,,,,,
2026-08-18 20:59:51,44003.542969,A0DB8AF16E20,0002,male,C57BL/6,1.1.1,FR1_Approach,0,Status,40,193,57,38,0,0,,,,,Disabled,23.9,44.1,999.0,10.2,0.000,0.000,249164,339956,246240,9963,4.14,93.86
2026-08-18 21:09:54,44607.007812,A0DB8AF16E20,0002,male,C57BL/6,1.1.1,FR1_Approach,0,Status,40,193,58,38,0,0,,,,,Disabled,24.0,44.2,999.0,10.2,0.000,0.000,249164,339956,246240,10101,4.14,93.70
2026-08-18 21:17:04,45038.113281,A0DB8AF16E20,0002,male,C57BL/6,1.1.1,FR1_Approach,0,PelletDrop,41,204,58,40,0,0,,,,,,,,,,,,,,,,,,,,
2026-08-18 21:17:06,45039.585938,A0DB8AF16E20,0002,male,C57BL/6,1.1.1,FR1_Approach,0,PelletNotDetected,41,204,58,40,0,0,,,,,,,,,,,,,,,,,,,,
2026-08-18 21:20:22,45236.027344,A0DB8AF16E20,0002,male,C57BL/6,1.1.1,FR1_Approach,0,PelletDrop,42,216,71,54,0,0,,,,,,,,,,,,,,,,,,,,
2026-08-18 21:20:24,45238.574219,A0DB8AF16E20,0002,male,C57BL/6,1.1.1,FR1_Approach,0,PelletTaken,42,216,71,54,0,0,1.666,2002.000,0,8,,,,,,,,,,,,,,,,
2026-08-18 21:20:33,45246.636719,A0DB8AF16E20,0002,male,C57BL/6,1.1.1,FR1_Approach,0,Status,42,216,71,54,0,0,,,,,Disabled,24.1,43.9,999.0,10.0,0.000,0.000,249164,339956,246240,10270,4.14,93.55
2026-08-18 21:25:00,45514.253906,A0DB8AF16E20,0002,male,C57BL/6,1.1.1,FR1_Approach,0,PelletDrop,43,229,77,54,0,0,,,,,,,,,,,,,,,,,,,,
2026-08-18 21:25:01,45515.738281,A0DB8AF16E20,0002,male,C57BL/6,1.1.1,FR1_Approach,0,PelletNotDetected,43,229,77,54,0,0,,,,,,,,,,,,,,,,,,,,
2026-08-18 21:30:33,45847.613281,A0DB8AF16E20,0002,male,C57BL/6,1.1.1,FR1_Approach,0,Status,43,229,77,54,0,0,,,,,Disabled,24.1,44.2,999.0,10.2,0.000,0.000,249164,339956,246240,10415,4.13,93.39
2026-08-18 21:32:45,45980.136719,A0DB8AF16E20,0002,male,C57BL/6,1.1.1,FR1_Approach,0,PelletDrop,44,243,79,54,0,0,,,,,,,,,,,,,,,,,,,,
2026-08-18 21:32:58,45992.640625,A0DB8AF16E20,0002,male,C57BL/6,1.1.1,FR1_Approach,0,PelletTaken,44,243,79,54,0,0,11.599,2001.000,0,1,,,,,,,,,,,,,,,,
2026-08-18 21:40:36,46451.359375,A0DB8AF16E20,0002,male,C57BL/6,1.1.1,FR1_Approach,0,Status,44,243,79,54,0,0,,,,,Disabled,24.1,44.2,999.0,10.1,0.000,0.000,249164,339956,246240,10553,4.13,93.39
2026-08-18 21:50:21,47037.972656,A0DB8AF16E20,0002,male,C57BL/6,1.1.1,FR1_Approach,0,PelletDrop,45,258,79,54,0,0,,,,,,,,,,,,,,,,,,,,
2026-08-18 21:50:42,47058.859375,A0DB8AF16E20,0002,male,C57BL/6,1.1.1,FR1_Approach,0,PelletTaken,45,258,79,54,0,0,TimedOut,2001.000,0,1,,,,,,,,,,,,,,,,
2026-08-18 21:50:50,47066.921875,A0DB8AF16E20,0002,male,C57BL/6,1.1.1,FR1_Approach,0,Status,45,258,79,54,0,0,,,,,Disabled,24.2,43.9,999.0,10.1,0.000,0.000,249164,339956,246240,10692,4.13,93.23
2026-08-18 22:00:53,47670.757812,A0DB8AF16E20,0002,male,C57BL/6,1.1.1,FR1_Approach,0,Status,45,258,82,54,0,0,,,,,Disabled,24.1,44.3,999.1,10.2,0.000,0.000,249164,339956,246240,10831,4.13,93.07
2026-08-18 22:01:55,47731.960938,A0DB8AF16E20,0002,male,C57BL/6,1.1.1,FR1_Approach,0,PelletDrop,46,274,84,54,0,0,,,,,,,,,,,,,,,,,,,,
2026-08-18 22:02:08,47745.449219,A0DB8AF16E20,0002,male,C57BL/6,1.1.1,FR1_Approach,0,PelletTaken,46,274,84,54,0,0,12.610,884.000,0,2,,,,,,,,,,,,,,,,
2026-08-18 22:04:16,47873.191406,A0DB8AF16E20,0002,male,C57BL/6,1.1.1,FR1_Approach,0,PelletDrop,47,291,86,57,0,0,,,,,,,,,,,,,,,,,,,,
2026-08-18 22:04:17,47874.394531,A0DB8AF16E20,0002,male,C57BL/6,1.1.1,FR1_Approach,0,PelletTaken,47,291,86,57,0,0,0.324,2001.000,0,3,,,,,,,,,,,,,,,,
2026-08-18 22:10:54,48272.429688,A0DB8AF16E20,0002,male,C57BL/6,1.1.1,FR1_Approach,0,Status,47,291,86,64,0,0,,,,,Disabled,24.1,44.3,999.1,10.2,0.000,0.000,249164,339956,246240,10986,4.13,93.07
2026-08-18 22:14:29,48487.289062,A0DB8AF16E20,0002,male,C57BL/6,1.1.1,FR1_Approach,0,PelletDrop,48,309,100,65,0,0,,,,,,,,,,,,,,,,,,,,
2026-08-18 22:14:50,48508.160156,A0DB8AF16E20,0002,male,C57BL/6,1.1.1,FR1_Approach,0,PelletTaken,48,309,100,65,0,0,TimedOut,979.000,0,0,,,,,,,,,,,,,,,,
2026-08-18 22:20:56,48875.031250,A0DB8AF16E20,0002,male,C57BL/6,1.1.1,FR1_Approach,0,Status,48,309,100,65,0,0,,,,,Disabled,24.1,44.4,999.2,10.2,0.000,0.000,249164,339956,246240,11136,4.13,92.91
2026-08-18 22:30:57,49476.648438,A0DB8AF16E20,0002,male,C57BL/6,1.1.1,FR1_Approach,0,Status,48,310,100,65,0,0,,,,,Disabled,24.1,44.5,999.2,10.2,0.000,0.000,249164,339956,246240,11273,4.12,92.91
2026-08-18 22:40:58,50078.410156,A0DB8AF16E20,0002,male,C57BL/6,1.1.1,FR1_Approach,0,Status,48,316,103,65,0,0,,,,,Disabled,24.0,44.6,999.2,10.3,0.000,0.000,249164,339956,246240,11416,4.13,92.75
2026-08-18 22:44:28,50288.937500,A0DB8AF16E20,0002,male,C57BL/6,1.1.1,FR1_Approach,0,PelletDrop,49,328,104,66,0,0,,,,,,,,,,,,,,,,,,,,
2026-08-18 22:44:49,50309.808594,A0DB8AF16E20,0002,male,C57BL/6,1.1.1,FR1_Approach,0,PelletTaken,49,328,104,66,0,0,TimedOut,2002.000,0,2,,,,,,,,,,,,,,,,
2026-08-18 22:51:00,50681.554688,A0DB8AF16E20,0002,male,C57BL/6,1.1.1,FR1_Approach,0,Status,49,328,106,67,0,0,,,,,Disabled,24.0,44.5,999.2,10.2,0.000,0.000,249164,339956,246240,11552,4.13,92.60
2026-08-18 23:01:01,51283.148438,A0DB8AF16E20,0002,male,C57BL/6,1.1.1,FR1_Approach,0,Status,49,346,126,69,0,0,,,,,Disabled,24.1,44.5,999.1,10.2,0.000,0.000,249164,339956,246240,11712,4.13,92.60
2026-08-18 23:11:01,51883.660156,A0DB8AF16E20,0002,male,C57BL/6,1.1.1,FR1_Approach,0,Status,49,346,126,71,0,0,,,,,Disabled,24.1,44.5,999.1,10.2,0.000,0.000,249164,339956,246240,11850,4.13,92.44
2026-08-18 23:19:28,52391.800781,A0DB8AF16E20,0002,male,C57BL/6,1.1.1,FR1_Approach,0,PelletDrop,50,348,130,71,0,0,,,,,,,,,,,,,,,,,,,,
2026-08-18 23:19:30,52393.273438,A0DB8AF16E20,0002,male,C57BL/6,1.1.1,FR1_Approach,0,PelletNotDetected,50,348,130,71,0,0,,,,,,,,,,,,,,,,,,,,
2026-08-18 23:21:04,52487.230469,A0DB8AF16E20,0002,male,C57BL/6,1.1.1,FR1_Approach,0,Status,50,358,130,71,0,0,,,,,Disabled,24.1,44.3,999.0,10.1,0.000,0.000,249164,339956,246240,11996,4.12,92.44
2026-08-18 23:22:22,52565.398438,A0DB8AF16E20,0002,male,C57BL/6,1.1.1,FR1_Approach,0,PelletDrop,51,369,131,71,0,0,,,,,,,,,,,,,,,,,,,,
2026-08-18 23:22:32,52576.308594,A0DB8AF16E20,0002,male,C57BL/6,1.1.1,FR1_Approach,0,PelletTaken,51,369,131,71,0,0,10.015,1729.000,0,3,,,,,,,,,,,,,,,,
2026-08-18 23:31:03,53087.531250,A0DB8AF16E20,0002,male,C57BL/6,1.1.1,FR1_Approach,0,Status,51,369,131,71,0,0,,,,,Disabled,24.1,44.3,999.0,10.2,0.000,0.000,249164,339956,246240,12134,4.12,92.28
2026-08-18 23:41:05,53690.687500,A0DB8AF16E20,0002,male,C57BL/6,1.1.1,FR1_Approach,0,Status,51,378,135,71,0,0,,,,,Disabled,24.1,44.5,999.0,10.2,0.000,0.000,249164,339956,246240,12279,4.12,92.28
2026-08-18 23:51:09,54295.277344,A0DB8AF16E20,0002,male,C57BL/6,1.1.1,FR1_Approach,0,Status,51,388,138,72,0,0,,,,,Disabled,24.1,44.7,999.0,10.2,0.000,0.000,249164,339956,246240,12422,4.12,92.12
2026-08-18 23:51:35,54321.003906,A0DB8AF16E20,0002,male,C57BL/6,1.1.1,FR1_Approach,0,PelletDrop,52,391,141,75,0,0,,,,,,,,,,,,,,,,,,,,
2026-08-18 23:51:44,54329.820312,A0DB8AF16E20,0002,male,C57BL/6,1.1.1,FR1_Approach,0,PelletTaken,52,391,141,75,0,0,7.605,990.000,0,2,,,,,,,,,,,,,,,,
2026-08-19 00:01:11,54898.410156,A0DB8AF16E20,0002,male,C57BL/6,1.1.1,FR1_Approach,0,Status,52,391,141,75,0,0,,,,,Disabled,24.0,44.7,999.1,10.3,0.000,0.000,249164,339956,246240,12563,4.12,92.12
2026-08-19 00:11:11,55499.046875,A0DB8AF16E20,0002,male,C57BL/6,1.1.1,FR1_Approach,0,Status,52,394,144,75,0,0,,,,,Disabled,24.0,44.8,999.2,10.3,0.000,0.000,249164,339956,246240,12704,4.12,91.96
2026-08-19 00:21:14,56102.148438,A0DB8AF16E20,0002,male,C57BL/6,1.1.1,FR1_Approach,0,Status,52,394,144,75,0,0,,,,,Disabled,24.0,44.7,999.3,10.4,0.000,0.000,249164,339956,246240,12841,4.12,91.96
2026-08-19 00:26:05,56394.046875,A0DB8AF16E20,0002,male,C57BL/6,1.1.1,FR1_Approach,0,PelletDrop,53,414,147,75,0,0,,,,,,,,,,,,,,,,,,,,
2026-08-19 00:26:14,56403.191406,A0DB8AF16E20,0002,male,C57BL/6,1.1.1,FR1_Approach,0,PelletTaken,53,414,147,75,0,0,8.244,2002.000,0,1,,,,,,,,,,,,,,,,
2026-08-19 00:31:15,56704.441406,A0DB8AF16E20,0002,male,C57BL/6,1.1.1,FR1_Approach,0,Status,53,414,147,75,0,0,,,,,Disabled,24.0,44.7,999.4,10.4,0.000,0.000,249164,339956,246240,12979,4.12,91.80
2026-08-19 00:41:17,57307.558594,A0DB8AF16E20,0002,male,C57BL/6,1.1.1,FR1_Approach,0,Status,53,414,147,75,0,0,,,,,Disabled,24.0,44.7,999.4,10.4,0.000,0.000,249164,339956,246240,13116,4.12,91.80
2026-08-19 00:48:22,57732.886719,A0DB8AF16E20,0002,male,C57BL/6,1.1.1,FR1_Approach,0,PelletDrop,54,438,157,75,0,0,,,,,,,,,,,,,,,,,,,,
2026-08-19 00:48:24,57734.382812,A0DB8AF16E20,0002,male,C57BL/6,1.1.1,FR1_Approach,0,PelletNotDetected,54,438,157,75,0,0,,,,,,,,,,,,,,,,,,,,
2026-08-19 00:51:18,57908.742188,A0DB8AF16E20,0002,male,C57BL/6,1.1.1,FR1_Approach,0,Status,54,438,157,75,0,0,,,,,Disabled,24.0,44.8,999.5,10.4,0.000,0.000,249164,339956,246240,13267,4.12,91.65
2026-08-19 01:01:17,58508.929688,A0DB8AF16E20,0002,male,C57BL/6,1.1.1,FR1_Approach,0,Status,54,443,167,80,0,0,,,,,Disabled,24.0,44.8,999.5,10.4,0.000,0.000,249164,339956,246240,13417,4.11,91.65
2026-08-19 01:11:19,59112.007812,A0DB8AF16E20,0002,male,C57BL/6,1.1.1,FR1_Approach,0,Status,54,443,167,80,0,0,,,,,Disabled,23.9,44.7,999.5,10.4,0.000,0.000,249164,339956,246240,13554,4.12,91.49
2026-08-19 01:21:22,59715.117188,A0DB8AF16E20,0002,male,C57BL/6,1.1.1,FR1_Approach,0,Status,54,443,167,80,0,0,,,,,Disabled,23.9,44.7,999.4,10.4,0.000,0.000,249164,339956,246240,13691,4.12,91.49
2026-08-19 01:31:24,60318.218750,A0DB8AF16E20,0002,male,C57BL/6,1.1.1,FR1_Approach,0,Status,54,443,167,80,0,0,,,,,Disabled,23.8,44.8,999.3,10.5,0.000,0.000,249164,339956,246240,13828,4.12,91.33
2026-08-19 01:41:26,60921.324219,A0DB8AF16E20,0002,male,C57BL/6,1.1.1,FR1_Approach,0,Status,54,443,167,80,0,0,,,,,Disabled,23.8,44.7,999.2,10.4,0.000,0.000,249164,339956,246240,13965,4.11,91.33
2026-08-19 01:51:28,61524.425781,A0DB8AF16E20,0002,male,C57BL/6,1.1.1,FR1_Approach,0,Status,54,443,167,80,0,0,,,,,Disabled,23.7,44.7,999.1,10.4,0.000,0.000,249164,339956,246240,14102,4.12,91.17
2026-08-19 02:01:31,62127.527344,A0DB8AF16E20,0002,male,C57BL/6,1.1.1,FR1_Approach,0,Status,54,443,167,80,0,0,,,,,Disabled,23.7,44.7,999.0,10.5,0.000,0.000,249164,339956,246240,14239,4.11,91.17
2026-08-19 02:11:33,62730.636719,A0DB8AF16E20,0002,male,C57BL/6,1.1.1,FR1_Approach,0,Status,54,443,167,80,0,0,,,,,Disabled,23.7,44.7,999.0,10.5,0.000,0.000,249164,339956,246240,14376,4.11,91.02
2026-08-19 02:21:35,63333.738281,A0DB8AF16E20,0002,male,C57BL/6,1.1.1,FR1_Approach,0,Status,54,443,167,80,0,0,,,,,Disabled,23.6,44.7,999.1,10.5,0.000,0.000,249164,339956,246240,14513,4.12,91.02
2026-08-19 02:31:38,63936.843750,A0DB8AF16E20,0002,male,C57BL/6,1.1.1,FR1_Approach,0,Status,54,443,167,80,0,0,,,,,Disabled,23.6,44.7,999.2,10.5,0.000,0.000,249164,339956,246240,14650,4.12,91.02
2026-08-19 02:41:40,64539.937500,A0DB8AF16E20,0002,male,C57BL/6,1.1.1,FR1_Approach,0,Status,54,443,167,80,0,0,,,,,Disabled,23.6,44.7,999.2,10.4,0.000,0.000,249164,339956,246240,14787,4.11,90.86
2026-08-19 02:51:42,65143.039062,A0DB8AF16E20,0002,male,C57BL/6,1.1.1,FR1_Approach,0,Status,54,443,167,80,0,0,,,,,Disabled,23.6,44.7,999.1,10.4,0.000,0.000,249164,339956,246240,14924,4.11,90.86
2026-08-19 03:01:44,65746.171875,A0DB8AF16E20,0002,male,C57BL/6,1.1.1,FR1_Approach,0,Status,54,443,167,80,0,0,,,,,Disabled,23.5,44.7,999.0,10.6,0.000,0.000,249164,339956,246240,15061,4.11,90.70
2026-08-19 03:03:07,65828.445312,A0DB8AF16E20,0002,male,C57BL/6,1.1.1,FR1_Approach,0,PelletDrop,55,444,167,80,0,0,,,,,,,,,,,,,,,,,,,,
2026-08-19 03:03:26,65848.085938,A0DB8AF16E20,0002,male,C57BL/6,1.1.1,FR1_Approach,0,PelletTaken,55,444,167,80,0,0,18.738,78.000,0,3,,,,,,,,,,,,,,,,
2026-08-19 03:05:24,65965.515625,A0DB8AF16E20,0002,male,C57BL/6,1.1.1,FR1_Approach,0,PelletDrop,56,446,167,80,0,0,,,,,,,,,,,,,,,,,,,,
2026-08-19 03:05:39,65981.203125,A0DB8AF16E20,0002,male,C57BL/6,1.1.1,FR1_Approach,0,PelletTaken,56,446,167,80,0,0,14.789,2002.000,0,2,,,,,,,,,,,,,,,,
2026-08-19 03:07:38,66099.687500,A0DB8AF16E20,0002,male,C57BL/6,1.1.1,FR1_Approach,0,PelletDrop,57,449,167,80,0,0,,,,,,,,,,,,,,,,,,,,
2026-08-19 03:07:52,66114.640625,A0DB8AF16E20,0002,male,C57BL/6,1.1.1,FR1_Approach,0,PelletTaken,57,449,167,80,0,0,14.051,2001.000,0,2,,,,,,,,,,,,,,,,
2026-08-19 03:08:36,66158.328125,A0DB8AF16E20,0002,male,C57BL/6,1.1.1,FR1_Approach,0,PelletDrop,58,453,167,80,0,0,,,,,,,,,,,,,,,,,,,,
2026-08-19 03:08:51,66173.609375,A0DB8AF16E20,0002,male,C57BL/6,1.1.1,FR1_Approach,0,PelletTaken,58,453,167,80,0,0,14.382,2002.000,0,2,,,,,,,,,,,,,,,,
2026-08-19 03:10:13,66255.078125,A0DB8AF16E20,0002,male,C57BL/6,1.1.1,FR1_Approach,0,PelletDrop,59,458,167,80,0,0,,,,,,,,,,,,,,,,,,,,
2026-08-19 03:10:23,66265.531250,A0DB8AF16E20,0002,male,C57BL/6,1.1.1,FR1_Approach,0,PelletTaken,59,458,167,80,0,0,9.541,2001.000,0,3,,,,,,,,,,,,,,,,
2026-08-19 03:11:42,66344.835938,A0DB8AF16E20,0002,male,C57BL/6,1.1.1,FR1_Approach,0,PelletDrop,60,464,167,80,0,0,,,,,,,,,,,,,,,,,,,,
2026-08-19 03:11:55,66357.078125,A0DB8AF16E20,0002,male,C57BL/6,1.1.1,FR1_Approach,0,PelletTaken,60,464,167,80,0,0,11.346,2002.000,0,2,,,,,,,,,,,,,,,,
2026-08-19 03:12:03,66365.187500,A0DB8AF16E20,0002,male,C57BL/6,1.1.1,FR1_Approach,0,Status,60,464,167,80,0,0,,,,,Disabled,23.7,43.8,998.8,10.4,0.000,0.000,249164,339956,246240,15177,4.11,90.38
2026-08-19 03:22:05,66968.312500,A0DB8AF16E20,0002,male,C57BL/6,1.1.1,FR1_Approach,0,Status,60,464,167,80,0,0,,,,,Disabled,23.7,44.4,998.7,10.4,0.000,0.000,249164,339956,246240,15314,4.11,90.38
2026-08-19 03:32:07,67571.414062,A0DB8AF16E20,0002,male,C57BL/6,1.1.1,FR1_Approach,0,Status,60,464,167,80,0,0,,,,,Disabled,23.7,44.4,998.6,10.4,0.000,0.000,249164,339956,246240,15451,4.11,90.38
2026-08-19 03:42:10,68174.500000,A0DB8AF16E20,0002,male,C57BL/6,1.1.1,FR1_Approach,0,Status,60,464,167,80,0,0,,,,,Disabled,23.7,44.3,998.5,10.5,0.000,0.000,249164,339956,246240,15588,4.11,90.22
2026-08-19 03:52:12,68777.593750,A0DB8AF16E20,0002,male,C57BL/6,1.1.1,FR1_Approach,0,Status,60,464,167,80,0,0,,,,,Disabled,23.7,44.3,998.5,10.5,0.000,0.000,249164,339956,246240,15725,4.11,90.22
2026-08-19 04:02:14,69380.695312,A0DB8AF16E20,0002,male,C57BL/6,1.1.1,FR1_Approach,0,Status,60,464,167,80,0,0,,,,,Disabled,23.7,44.3,998.6,10.5,0.000,0.000,249164,339956,246240,15862,4.11,90.07
2026-08-19 04:12:16,69983.789062,A0DB8AF16E20,0002,male,C57BL/6,1.1.1,FR1_Approach,0,Status,60,464,167,80,0,0,,,,,Disabled,23.7,44.4,998.7,10.5,0.000,0.000,249164,339956,246240,15999,4.11,90.07
2026-08-19 04:22:19,70586.890625,A0DB8AF16E20,0002,male,C57BL/6,1.1.1,FR1_Approach,0,Status,60,464,167,80,0,0,,,,,Disabled,23.6,44.3,998.8,10.5,0.000,0.000,249164,339956,246240,16136,4.11,89.91
2026-08-19 04:28:15,70943.828125,A0DB8AF16E20,0002,male,C57BL/6,1.1.1,FR1_Approach,0,PelletDrop,61,465,167,80,0,0,,,,,,,,,,,,,,,,,,,,
2026-08-19 04:28:31,70959.898438,A0DB8AF16E20,0002,male,C57BL/6,1.1.1,FR1_Approach,0,PelletTaken,61,465,167,80,0,0,15.152,745.000,0,2,,,,,,,,,,,,,,,,
2026-08-19 04:30:09,71057.593750,A0DB8AF16E20,0002,male,C57BL/6,1.1.1,FR1_Approach,0,PelletDrop,62,467,167,80,0,0,,,,,,,,,,,,,,,,,,,,
2026-08-19 04:30:25,71073.945312,A0DB8AF16E20,0002,male,C57BL/6,1.1.1,FR1_Approach,0,PelletTaken,62,467,167,80,0,0,15.448,801.000,0,2,,,,,,,,,,,,,,,,
2026-08-19 04:31:26,71135.304688,A0DB8AF16E20,0002,male,C57BL/6,1.1.1,FR1_Approach,0,PelletDrop,63,470,167,80,0,0,,,,,,,,,,,,,,,,,,,,
2026-08-19 04:31:40,71149.140625,A0DB8AF16E20,0002,male,C57BL/6,1.1.1,FR1_Approach,0,PelletTaken,63,470,167,80,0,0,12.929,388.000,0,2,,,,,,,,,,,,,,,,
2026-08-19 04:32:19,71187.867188,A0DB8AF16E20,0002,male,C57BL/6,1.1.1,FR1_Approach,0,Status,63,470,167,80,0,0,,,,,Disabled,23.7,43.8,999.1,10.5,0.000,0.000,249164,339956,246240,16261,4.10,89.75
2026-08-19 04:33:28,71256.984375,A0DB8AF16E20,0002,male,C57BL/6,1.1.1,FR1_Approach,0,PelletDrop,64,474,167,80,0,0,,,,,,,,,,,,,,,,,,,,
2026-08-19 04:33:46,71274.867188,A0DB8AF16E20,0002,male,C57BL/6,1.1.1,FR1_Approach,0,PelletTaken,64,474,167,80,0,0,16.967,2002.000,0,3,,,,,,,,,,,,,,,,
2026-08-19 04:42:18,71788.085938,A0DB8AF16E20,0002,male,C57BL/6,1.1.1,FR1_Approach,0,Status,64,474,168,80,0,0,,,,,Disabled,23.7,44.3,999.2,10.5,0.000,0.000,249164,339956,246240,16394,4.11,89.59
2026-08-19 04:49:03,72193.695312,A0DB8AF16E20,0002,male,C57BL/6,1.1.1,FR1_Approach,0,PelletDrop,65,479,168,80,0,0,,,,,,,,,,,,,,,,,,,,
2026-08-19 04:49:18,72208.039062,A0DB8AF16E20,0002,male,C57BL/6,1.1.1,FR1_Approach,0,PelletTaken,65,479,168,80,0,0,13.425,1819.000,0,2,,,,,,,,,,,,,,,,
2026-08-19 04:50:42,72292.742188,A0DB8AF16E20,0002,male,C57BL/6,1.1.1,FR1_Approach,0,PelletDrop,66,485,168,80,0,0,,,,,,,,,,,,,,,,,,,,
2026-08-19 04:50:53,72303.171875,A0DB8AF16E20,0002,male,C57BL/6,1.1.1,FR1_Approach,0,PelletTaken,66,485,168,80,0,0,9.530,2001.000,0,2,,,,,,,,,,,,,,,,
2026-08-19 04:52:20,72390.031250,A0DB8AF16E20,0002,male,C57BL/6,1.1.1,FR1_Approach,0,Status,66,485,168,80,0,0,,,,,Disabled,23.8,44.0,999.4,10.4,0.000,0.000,249164,339956,246240,16525,4.11,89.43
2026-08-19 04:58:39,72769.875000,A0DB8AF16E20,0002,male,C57BL/6,1.1.1,FR1_Approach,0,PelletDrop,67,492,170,81,0,0,,,,,,,,,,,,,,,,,,,,
2026-08-19 04:58:51,72781.945312,A0DB8AF16E20,0002,male,C57BL/6,1.1.1,FR1_Approach,0,PelletTaken,67,492,170,81,0,0,11.170,2002.000,0,2,,,,,,,,,,,,,,,,
2026-08-19 05:01:25,72936.484375,A0DB8AF16E20,0002,male,C57BL/6,1.1.1,FR1_Approach,0,PelletDrop,68,500,170,81,0,0,,,,,,,,,,,,,,,,,,,,
2026-08-19 05:01:38,72949.429688,A0DB8AF16E20,0002,male,C57BL/6,1.1.1,FR1_Approach,0,PelletTaken,68,500,170,81,0,0,12.028,2001.000,0,2,,,,,,,,,,,,,,,,
2026-08-19 05:02:21,72992.523438,A0DB8AF16E20,0002,male,C57BL/6,1.1.1,FR1_Approach,0,Status,68,500,170,81,0,0,,,,,Disabled,23.8,43.9,999.6,10.4,0.000,0.000,249164,339956,246240,16660,4.10,89.43
2026-08-19 05:06:48,73259.867188,A0DB8AF16E20,0002,male,C57BL/6,1.1.1,FR1_Approach,0,PelletDrop,69,509,187,81,0,0,,,,,,,,,,,,,,,,,,,,
2026-08-19 05:06:58,73269.468750,A0DB8AF16E20,0002,male,C57BL/6,1.1.1,FR1_Approach,0,PelletTaken,69,509,187,81,0,0,8.672,2001.000,0,2,,,,,,,,,,,,,,,,
2026-08-19 05:12:21,73592.617188,A0DB8AF16E20,0002,male,C57BL/6,1.1.1,FR1_Approach,0,Status,69,509,187,81,0,0,,,,,Disabled,23.8,44.4,999.6,10.4,0.000,0.000,249164,339956,246240,16806,4.10,89.43
2026-08-19 05:22:23,74195.695312,A0DB8AF16E20,0002,male,C57BL/6,1.1.1,FR1_Approach,0,Status,69,509,187,81,0,0,,,,,Disabled,23.8,44.5,999.5,10.4,0.000,0.000,249164,339956,246240,16943,4.10,89.43
2026-08-19 05:24:24,74317.304688,A0DB8AF16E20,0002,male,C57BL/6,1.1.1,FR1_Approach,0,PelletDrop,70,519,187,83,0,0,,,,,,,,,,,,,,,,,,,,
2026-08-19 05:24:34,74326.789062,A0DB8AF16E20,0002,male,C57BL/6,1.1.1,FR1_Approach,0,PelletTaken,70,519,187,83,0,0,8.584,2001.000,0,2,,,,,,,,,,,,,,,,
2026-08-19 05:32:25,74798.695312,A0DB8AF16E20,0002,male,C57BL/6,1.1.1,FR1_Approach,0,Status,70,519,187,83,0,0,,,,,Disabled,23.8,44.5,999.4,10.4,0.000,0.000,249164,339956,246240,17082,4.10,89.27
2026-08-19 05:36:28,75042.476562,A0DB8AF16E20,0002,male,C57BL/6,1.1.1,FR1_Approach,0,PelletDrop,71,530,190,87,0,0,,,,,,,,,,,,,,,,,,,,
2026-08-19 05:36:38,75052.054688,A0DB8AF16E20,0002,male,C57BL/6,1.1.1,FR1_Approach,0,PelletTaken,71,530,190,87,0,0,8.661,1821.000,0,2,,,,,,,,,,,,,,,,
2026-08-19 05:42:25,75399.210938,A0DB8AF16E20,0002,male,C57BL/6,1.1.1,FR1_Approach,0,Status,71,539,194,87,0,0,,,,,Disabled,23.8,44.4,999.4,10.4,0.000,0.000,249164,339956,246240,17228,4.10,89.12
2026-08-19 05:52:27,76002.312500,A0DB8AF16E20,0002,male,C57BL/6,1.1.1,FR1_Approach,0,Status,71,539,194,87,0,0,,,,,Disabled,23.8,44.6,999.3,10.3,0.000,0.000,249164,339956,246240,17365,4.10,89.12
2026-08-19 06:02:27,76602.835938,A0DB8AF16E20,0002,male,C57BL/6,1.1.1,FR1_Approach,0,Status,71,539,194,87,0,0,,,,,Disabled,23.8,44.6,999.1,10.4,0.036,31.000,249164,339956,246240,17502,4.10,88.96
2026-08-19 06:05:14,76770.710938,A0DB8AF16E20,0002,male,C57BL/6,1.1.1,FR1_Approach,0,PelletDrop,72,542,201,87,0,0,,,,,,,,,,,,,,,,,,,,
2026-08-19 06:05:25,76781.484375,A0DB8AF16E20,0002,male,C57BL/6,1.1.1,FR1_Approach,0,PelletTaken,72,542,201,87,0,0,9.850,1610.000,0,2,,,,,,,,,,,,,,,,
2026-08-19 06:12:28,77205.242188,A0DB8AF16E20,0002,male,C57BL/6,1.1.1,FR1_Approach,0,Status,72,542,201,87,0,0,,,,,Disabled,23.8,44.5,999.1,10.4,0.259,122.000,249164,339956,246240,17640,4.10,88.80
2026-08-19 06:22:31,77808.320312,A0DB8AF16E20,0002,male,C57BL/6,1.1.1,FR1_Approach,0,Status,72,542,201,87,0,0,,,,,Disabled,23.8,44.5,999.2,10.4,0.245,116.000,249164,339956,246240,17777,4.10,88.80
2026-08-19 06:32:33,78411.437500,A0DB8AF16E20,0002,male,C57BL/6,1.1.1,FR1_Approach,0,Status,72,542,201,87,0,0,,,,,Disabled,23.7,44.5,999.3,10.5,0.263,129.000,249164,339956,246240,17914,4.10,88.80
2026-08-19 06:42:35,79014.539062,A0DB8AF16E20,0002,male,C57BL/6,1.1.1,FR1_Approach,0,Status,72,542,201,87,0,0,,,,,Disabled,23.7,44.6,999.5,10.4,0.252,126.000,249164,339956,246240,18051,4.10,88.64
2026-08-19 06:52:37,79617.625000,A0DB8AF16E20,0002,male,C57BL/6,1.1.1,FR1_Approach,0,Status,72,542,201,87,0,0,,,,,Disabled,23.7,44.7,999.5,10.5,0.252,126.000,249164,339956,246240,18188,4.10,88.64
2026-08-19 07:02:40,80220.742188,A0DB8AF16E20,0002,male,C57BL/6,1.1.1,FR1_Approach,0,Status,72,542,201,87,0,0,,,,,Disabled,23.6,44.6,999.6,10.4,0.248,116.000,249164,339956,246240,18325,4.10,88.64
2026-08-19 07:12:42,80823.843750,A0DB8AF16E20,0002,male,C57BL/6,1.1.1,FR1_Approach,0,Status,72,542,201,87,0,0,,,,,Disabled,23.6,44.6,999.4,10.5,0.245,116.000,249164,339956,246240,18462,4.10,88.50
2026-08-19 07:22:44,81426.937500,A0DB8AF16E20,0002,male,C57BL/6,1.1.1,FR1_Approach,0,Status,72,542,201,87,0,0,,,,,Disabled,23.6,44.6,999.3,10.4,0.238,114.000,249164,339956,246240,18599,4.10,88.50
2026-08-19 07:32:46,82030.039062,A0DB8AF16E20,0002,male,C57BL/6,1.1.1,FR1_Approach,0,Status,72,542,201,87,0,0,,,,,Disabled,23.6,44.6,999.3,10.4,0.238,114.000,249164,339956,246240,18736,4.09,88.36
2026-08-19 07:42:49,82633.140625,A0DB8AF16E20,0002,male,C57BL/6,1.1.1,FR1_Approach,0,Status,72,542,201,87,0,0,,,,,Disabled,23.7,44.5,999.3,10.4,0.238,114.000,249164,339956,246240,18873,4.09,88.36
2026-08-19 07:52:51,83236.257812,A0DB8AF16E20,0002,male,C57BL/6,1.1.1,FR1_Approach,0,Status,72,542,201,87,0,0,,,,,Disabled,23.7,44.4,999.3,10.4,0.238,114.000,249164,339956,246240,19010,4.09,88.21
2026-08-19 08:02:53,83839.343750,A0DB8AF16E20,0002,male,C57BL/6,1.1.1,FR1_Approach,0,Status,72,542,201,87,0,0,,,,,Disabled,23.7,44.4,999.2,10.4,0.252,122.000,249164,339956,246240,19147,4.09,88.21
2026-08-19 08:12:56,84442.445312,A0DB8AF16E20,0002,male,C57BL/6,1.1.1,FR1_Approach,0,Status,72,542,201,87,0,0,,,,,Disabled,23.7,44.4,999.3,10.4,0.274,140.000,249164,339956,246240,19284,4.09,88.07
2026-08-19 08:19:25,84832.109375,A0DB8AF16E20,0002,male,C57BL/6,1.1.1,FR1_Approach,0,PelletDrop,73,543,201,87,0,0,,,,,,,,,,,,,,,,,,,,
2026-08-19 08:19:42,84849.453125,A0DB8AF16E20,0002,male,C57BL/6,1.1.1,FR1_Approach,0,PelletTaken,73,543,201,87,0,0,16.449,2001.000,0,2,,,,,,,,,,,,,,,,
2026-08-19 08:21:12,84939.234375,A0DB8AF16E20,0002,male,C57BL/6,1.1.1,FR1_Approach,0,PelletDrop,74,545,201,87,0,0,,,,,,,,,,,,,,,,,,,,
2026-08-19 08:21:25,84952.812500,A0DB8AF16E20,0002,male,C57BL/6,1.1.1,FR1_Approach,0,PelletTaken,74,545,201,87,0,0,12.666,2001.000,0,2,,,,,,,,,,,,,,,,
2026-08-19 08:22:56,85044.054688,A0DB8AF16E20,0002,male,C57BL/6,1.1.1,FR1_Approach,0,Status,74,545,201,87,0,0,,,,,Disabled,23.8,44.0,999.3,10.3,0.238,119.000,249164,339956,246240,19412,4.09,87.93
2026-08-19 08:23:22,85070.109375,A0DB8AF16E20,0002,male,C57BL/6,1.1.1,FR1_Approach,0,PelletDrop,75,548,201,87,0,0,,,,,,,,,,,,,,,,,,,,
2026-08-19 08:23:37,85084.578125,A0DB8AF16E20,0002,male,C57BL/6,1.1.1,FR1_Approach,0,PelletTaken,75,548,201,87,0,0,13.557,2002.000,0,2,,,,,,,,,,,,,,,,
2026-08-19 08:24:58,85165.726562,A0DB8AF16E20,0002,male,C57BL/6,1.1.1,FR1_Approach,0,PelletDrop,76,552,201,87,0,0,,,,,,,,,,,,,,,,,,,,
2026-08-19 08:25:13,85180.843750,A0DB8AF16E20,0002,male,C57BL/6,1.1.1,FR1_Approach,0,PelletTaken,76,552,201,87,0,0,14.218,2002.000,0,2,,,,,,,,,,,,,,,,
2026-08-19 08:27:33,85320.953125,A0DB8AF16E20,0002,male,C57BL/6,1.1.1,FR1_Approach,0,PelletDrop,77,557,201,87,0,0,,,,,,,,,,,,,,,,,,,,
2026-08-19 08:27:44,85332.304688,A0DB8AF16E20,0002,male,C57BL/6,1.1.1,FR1_Approach,0,PelletTaken,77,557,201,87,0,0,10.433,2002.000,0,2,,,,,,,,,,,,,,,,
2026-08-19 08:32:58,85646.656250,A0DB8AF16E20,0002,male,C57BL/6,1.1.1,FR1_Approach,0,Status,77,557,201,87,0,0,,,,,Disabled,23.9,44.1,999.2,10.2,0.065,44.000,249164,339956,246240,19535,4.09,87.78
2026-08-19 08:42:59,86248.500000,A0DB8AF16E20,0002,male,C57BL/6,1.1.1,FR1_Approach,0,Status,77,557,207,87,0,0,,,,,Disabled,23.9,44.3,999.1,10.2,0.230,116.000,249164,339956,246240,19676,4.09,87.78
2026-08-19 08:53:02,86851.882812,A0DB8AF16E20,0002,male,C57BL/6,1.1.1,FR1_Approach,0,Status,77,559,207,87,0,0,,,,,Disabled,24.0,44.2,999.0,10.2,0.241,117.000,249164,339956,246240,19814,4.09,87.64
2026-08-19 08:58:14,87164.507812,A0DB8AF16E20,0002,male,C57BL/6,1.1.1,FR1_Approach,0,PelletDrop,78,563,208,87,0,0,,,,,,,,,,,,,,,,,,,,
2026-08-19 08:58:27,87177.476562,A0DB8AF16E20,0002,male,C57BL/6,1.1.1,FR1_Approach,0,PelletTaken,78,563,208,87,0,0,12.072,118.000,0,2,,,,,,,,,,,,,,,,
2026-08-19 09:03:02,87452.515625,A0DB8AF16E20,0002,male,C57BL/6,1.1.1,FR1_Approach,0,Status,78,563,208,87,0,0,,,,,Disabled,24.0,44.3,999.0,10.2,0.144,79.000,249164,339956,246240,19949,4.09,87.64
2026-08-19 09:10:21,87892.289062,A0DB8AF16E20,0002,male,C57BL/6,1.1.1,FR1_Approach,0,PelletDrop,79,570,210,91,0,0,,,,,,,,,,,,,,,,,,,,
2026-08-19 09:10:33,87904.484375,A0DB8AF16E20,0002,male,C57BL/6,1.1.1,FR1_Approach,0,PelletTaken,79,570,210,91,0,0,11.291,2002.000,0,2,,,,,,,,,,,,,,,,
2026-08-19 09:13:04,88055.960938,A0DB8AF16E20,0002,male,C57BL/6,1.1.1,FR1_Approach,0,Status,79,570,211,94,0,0,,,,,Disabled,24.1,44.2,999.0,10.1,0.198,101.000,249164,339956,246240,20093,4.09,87.64
2026-08-19 09:23:07,88659.062500,A0DB8AF16E20,0002,male,C57BL/6,1.1.1,FR1_Approach,0,Status,79,570,211,94,0,0,,,,,Disabled,24.1,44.4,999.1,10.1,0.187,96.000,249164,339956,246240,20230,4.09,87.49
2026-08-19 09:33:09,89262.148438,A0DB8AF16E20,0002,male,C57BL/6,1.1.1,FR1_Approach,0,Status,79,570,211,94,0,0,,,,,Disabled,24.1,44.4,999.1,10.1,0.252,122.000,249164,339956,246240,20367,4.09,87.49
2026-08-19 09:43:11,89865.265625,A0DB8AF16E20,0002,male,C57BL/6,1.1.1,FR1_Approach,0,Status,79,570,211,94,0,0,,,,,Disabled,24.1,44.4,999.1,10.1,0.292,134.000,249164,339956,246240,20504,4.09,87.35
2026-08-19 09:53:13,90468.367188,A0DB8AF16E20,0002,male,C57BL/6,1.1.1,FR1_Approach,0,Status,79,570,211,94,0,0,,,,,Disabled,24.1,44.4,999.1,10.1,0.295,144.000,249164,339956,246240,20641,4.09,87.35
2026-08-19 10:03:16,91071.460938,A0DB8AF16E20,0002,male,C57BL/6,1.1.1,FR1_Approach,0,Status,79,570,211,94,0,0,,,,,Disabled,24.1,44.4,999.2,10.1,0.295,142.000,249164,339956,246240,20778,4.09,87.21
2026-08-19 10:13:18,91674.554688,A0DB8AF16E20,0002,male,C57BL/6,1.1.1,FR1_Approach,0,Status,79,570,211,94,0,0,,,,,Disabled,24.0,44.4,999.2,10.2,0.295,140.000,249164,339956,246240,20915,4.09,87.21
2026-08-19 10:23:20,92277.632812,A0DB8AF16E20,0002,male,C57BL/6,1.1.1,FR1_Approach,0,Status,79,570,211,94,0,0,,,,,Disabled,24.0,44.5,999.2,10.2,0.299,140.000,249164,339956,246240,21052,4.08,87.06
2026-08-19 10:33:22,92880.726562,A0DB8AF16E20,0002,male,C57BL/6,1.1.1,FR1_Approach,0,Status,79,570,211,94,0,0,,,,,Disabled,24.0,44.5,999.2,10.1,0.378,182.000,249164,339956,246240,21189,4.08,87.06
2026-08-19 10:43:25,93483.828125,A0DB8AF16E20,0002,male,C57BL/6,1.1.1,FR1_Approach,0,Status,79,570,211,94,0,0,,,,,Disabled,24.0,44.3,999.2,10.1,0.295,142.000,249164,339956,246240,21326,4.08,87.06
2026-08-19 10:53:27,94086.945312,A0DB8AF16E20,0002,male,C57BL/6,1.1.1,FR1_Approach,0,Status,79,570,211,94,0,0,,,,,Disabled,24.0,44.2,999.2,10.1,0.288,140.000,249164,339956,246240,21463,4.08,86.92
2026-08-19 11:03:29,94690.015625,A0DB8AF16E20,0002,male,C57BL/6,1.1.1,FR1_Approach,0,Status,79,570,211,94,0,0,,,,,Disabled,23.9,44.3,999.2,10.2,0.295,140.000,249164,339956,246240,21600,4.08,86.92
2026-08-19 11:13:32,95293.085938,A0DB8AF16E20,0002,male,C57BL/6,1.1.1,FR1_Approach,0,Status,79,570,211,94,0,0,,,,,Disabled,23.9,44.3,999.1,10.2,0.299,140.000,249164,339956,246240,21737,4.08,86.78
2026-08-19 11:23:34,95896.148438,A0DB8AF16E20,0002,male,C57BL/6,1.1.1,FR1_Approach,0,Status,79,570,211,94,0,0,,,,,Disabled,23.9,44.3,999.1,10.2,0.288,138.000,249164,339956,246240,21874,4.08,86.78
2026-08-19 11:33:36,96499.242188,A0DB8AF16E20,0002,male,C57BL/6,1.1.1,FR1_Approach,0,Status,79,570,211,94,0,0,,,,,Disabled,23.9,44.2,999.1,10.2,0.288,138.000,249164,339956,246240,22011,4.08,86.78
2026-08-19 11:43:38,97102.312500,A0DB8AF16E20,0002,male,C57BL/6,1.1.1,FR1_Approach,0,Status,79,570,211,94,0,0,,,,,Disabled,23.9,44.2,999.1,10.2,0.274,133.000,249164,339956,246240,22148,4.08,86.63
2026-08-19 11:44:51,97175.234375,A0DB8AF16E20,0002,male,C57BL/6,1.1.1,FR1_Approach,0,PelletDrop,80,571,211,94,0,0,,,,,,,,,,,,,,,,,,,,
2026-08-19 11:45:11,97194.648438,A0DB8AF16E20,0002,male,C57BL/6,1.1.1,FR1_Approach,0,PelletTaken,80,571,211,94,0,0,18.517,2001.000,0,2,,,,,,,,,,,,,,,,
2026-08-19 11:46:40,97284.164062,A0DB8AF16E20,0002,male,C57BL/6,1.1.1,FR1_Approach,0,PelletDrop,81,573,211,94,0,0,,,,,,,,,,,,,,,,,,,,
2026-08-19 11:46:56,97299.921875,A0DB8AF16E20,0002,male,C57BL/6,1.1.1,FR1_Approach,0,PelletTaken,81,573,211,94,0,0,14.844,2002.000,0,2,,,,,,,,,,,,,,,,
2026-08-19 11:48:59,97423.445312,A0DB8AF16E20,0002,male,C57BL/6,1.1.1,FR1_Approach,0,PelletDrop,82,576,211,94,0,0,,,,,,,,,,,,,,,,,,,,
2026-08-19 11:49:12,97436.851562,A0DB8AF16E20,0002,male,C57BL/6,1.1.1,FR1_Approach,0,PelletTaken,82,576,211,94,0,0,12.501,2001.000,0,2,,,,,,,,,,,,,,,,
2026-08-19 11:50:14,97498.296875,A0DB8AF16E20,0002,male,C57BL/6,1.1.1,FR1_Approach,0,PelletDrop,83,580,211,94,0,0,,,,,,,,,,,,,,,,,,,,
2026-08-19 11:50:28,97511.960938,A0DB8AF16E20,0002,male,C57BL/6,1.1.1,FR1_Approach,0,PelletTaken,83,580,211,94,0,0,12.764,2001.000,0,2,,,,,,,,,,,,,,,,
2026-08-19 11:51:24,97568.273438,A0DB8AF16E20,0002,male,C57BL/6,1.1.1,FR1_Approach,0,PelletDrop,84,585,211,94,0,0,,,,,,,,,,,,,,,,,,,,
2026-08-19 11:51:38,97582.218750,A0DB8AF16E20,0002,male,C57BL/6,1.1.1,FR1_Approach,0,PelletTaken,84,585,211,94,0,0,13.041,2002.000,0,2,,,,,,,,,,,,,,,,
2026-08-19 11:53:39,97704.078125,A0DB8AF16E20,0002,male,C57BL/6,1.1.1,FR1_Approach,0,Status,84,585,211,94,0,0,,,,,Disabled,24.0,43.6,999.0,10.1,0.266,128.000,249164,339956,246240,22261,4.08,86.34
2026-08-19 11:56:25,97870.187500,A0DB8AF16E20,0002,male,C57BL/6,1.1.1,FR1_Approach,0,PelletDrop,85,591,211,94,0,0,,,,,,,,,,,,,,,,,,,,
2026-08-19 11:56:42,97886.796875,A0DB8AF16E20,0002,male,C57BL/6,1.1.1,FR1_Approach,0,PelletTaken,85,591,211,94,0,0,15.702,2002.000,0,2,,,,,,,,,,,,,,,,
2026-08-19 12:03:41,98306.171875,A0DB8AF16E20,0002,male,C57BL/6,1.1.1,FR1_Approach,0,Status,85,591,211,94,0,0,,,,,Disabled,24.1,44.0,999.0,10.1,0.245,118.000,249164,339956,246240,22394,4.07,86.34
2026-08-19 12:13:43,98909.640625,A0DB8AF16E20,0002,male,C57BL/6,1.1.1,FR1_Approach,0,Status,85,591,212,94,0,0,,,,,Disabled,24.1,43.9,999.0,10.0,0.245,120.000,249164,339956,246240,22532,4.08,86.34
2026-08-19 12:18:52,99219.046875,A0DB8AF16E20,0002,male,C57BL/6,1.1.1,FR1_Approach,0,PelletDrop,86,598,212,94,0,0,,,,,,,,,,,,,,,,,,,,
2026-08-19 12:19:04,99230.835938,A0DB8AF16E20,0002,male,C57BL/6,1.1.1,FR1_Approach,0,PelletTaken,86,598,212,94,0,0,10.873,484.000,0,2,,,,,,,,,,,,,,,,
2026-08-19 12:23:43,99510.187500,A0DB8AF16E20,0002,male,C57BL/6,1.1.1,FR1_Approach,0,Status,86,598,212,94,0,0,,,,,Disabled,24.1,43.9,998.9,10.0,0.245,120.000,249164,339956,246240,22668,4.08,86.20
2026-08-19 12:33:45,100113.289062,A0DB8AF16E20,0002,male,C57BL/6,1.1.1,FR1_Approach,0,Status,86,598,212,94,0,0,,,,,Disabled,24.1,44.0,998.9,10.0,0.227,108.000,249164,339956,246240,22805,4.08,86.20
2026-08-19 12:41:25,100573.328125,A0DB8AF16E20,0002,male,C57BL/6,1.1.1,FR1_Approach,0,PelletDrop,87,606,212,95,0,0,,,,,,,,,,,,,,,,,,,,
2026-08-19 12:41:36,100584.593750,A0DB8AF16E20,0002,male,C57BL/6,1.1.1,FR1_Approach,0,PelletTaken,87,606,212,95,0,0,10.366,435.000,0,2,,,,,,,,,,,,,,,,
2026-08-19 12:42:57,100665.703125,A0DB8AF16E20,0002,male,C57BL/6,1.1.1,FR1_Approach,0,PelletDrop,88,615,212,96,0,0,,,,,,,,,,,,,,,,,,,,
2026-08-19 12:43:08,100676.148438,A0DB8AF16E20,0002,male,C57BL/6,1.1.1,FR1_Approach,0,PelletTaken,88,615,212,96,0,0,9.530,2001.000,0,2,,,,,,,,,,,,,,,,
2026-08-19 12:43:46,100714.875000,A0DB8AF16E20,0002,male,C57BL/6,1.1.1,FR1_Approach,0,Status,88,615,212,96,0,0,,,,,Disabled,24.2,43.5,998.9,10.0,0.241,116.000,249164,339956,246240,22939,4.07,86.06
2026-08-19 12:53:48,101317.976562,A0DB8AF16E20,0002,male,C57BL/6,1.1.1,FR1_Approach,0,Status,88,615,212,96,0,0,,,,,Disabled,24.2,44.0,998.9,10.0,0.274,134.000,249164,339956,246240,23076,4.07,85.91
2026-08-19 13:03:51,101921.093750,A0DB8AF16E20,0002,male,C57BL/6,1.1.1,FR1_Approach,0,Status,88,615,212,96,0,0,,,,,Disabled,24.2,44.1,998.9,10.0,0.274,135.000,249164,339956,246240,23213,4.07,85.91
2026-08-19 13:13:53,102524.179688,A0DB8AF16E20,0002,male,C57BL/6,1.1.1,FR1_Approach,0,Status,88,615,212,96,0,0,,,,,Disabled,24.1,44.1,998.9,10.1,0.274,132.000,249164,339956,246240,23350,4.07,85.91
2026-08-19 13:23:55,103127.281250,A0DB8AF16E20,0002,male,C57BL/6,1.1.1,FR1_Approach,0,Status,88,615,212,96,0,0,,,,,Disabled,24.1,44.1,998.8,10.0,0.270,126.000,249164,339956,246240,23487,4.07,85.77
2026-08-19 13:33:58,103730.398438,A0DB8AF16E20,0002,male,C57BL/6,1.1.1,FR1_Approach,0,Status,88,615,212,96,0,0,,,,,Disabled,24.0,44.2,998.8,10.0,0.266,126.000,249164,339956,246240,23624,4.07,85.77
2026-08-19 13:44:00,104333.484375,A0DB8AF16E20,0002,male,C57BL/6,1.1.1,FR1_Approach,0,Status,88,615,212,96,0,0,,,,,Disabled,24.0,44.2,998.6,10.0,0.274,132.000,249164,339956,246240,23761,4.07,85.63
2026-08-19 13:54:02,104936.578125,A0DB8AF16E20,0002,male,C57BL/6,1.1.1,FR1_Approach,0,Status,88,615,212,96,0,0,,,,,Disabled,24.0,44.2,998.5,10.1,0.277,132.000,249164,339956,246240,23898,4.07,85.63
2026-08-19 14:04:05,105539.695312,A0DB8AF16E20,0002,male,C57BL/6,1.1.1,FR1_Approach,0,Status,88,615,212,96,0,0,,,,,Disabled,23.9,44.2,998.5,10.1,0.281,134.000,249164,339956,246240,24035,4.07,85.48
2026-08-19 14:14:07,106142.781250,A0DB8AF16E20,0002,male,C57BL/6,1.1.1,FR1_Approach,0,Status,88,615,212,96,0,0,,,,,Disabled,23.9,44.2,998.4,10.1,0.274,132.000,249164,339956,246240,24172,4.07,85.48
2026-08-19 14:24:09,106745.898438,A0DB8AF16E20,0002,male,C57BL/6,1.1.1,FR1_Approach,0,Status,88,615,212,96,0,0,,,,,Disabled,23.9,44.2,998.3,10.1,0.270,128.000,249164,339956,246240,24309,4.07,85.34
2026-08-19 14:34:11,107349.000000,A0DB8AF16E20,0002,male,C57BL/6,1.1.1,FR1_Approach,0,Status,88,615,212,96,0,0,,,,,Disabled,23.9,44.2,998.4,10.1,0.259,126.000,249164,339956,246240,24446,4.07,85.34
2026-08-19 14:44:14,107952.085938,A0DB8AF16E20,0002,male,C57BL/6,1.1.1,FR1_Approach,0,Status,88,615,212,96,0,0,,,,,Disabled,23.8,44.2,998.4,10.1,0.274,131.000,249164,339956,246240,24583,4.07,85.34
2026-08-19 14:54:16,108555.203125,A0DB8AF16E20,0002,male,C57BL/6,1.1.1,FR1_Approach,0,Status,88,615,212,96,0,0,,,,,Disabled,23.8,44.1,998.3,10.1,0.277,132.000,249164,339956,246240,24720,4.07,85.20
2026-08-19 15:04:18,109158.304688,A0DB8AF16E20,0002,male,C57BL/6,1.1.1,FR1_Approach,0,Status,88,615,212,96,0,0,,,,,Disabled,23.8,44.1,998.4,10.1,0.277,133.000,249164,339956,246240,24857,4.07,85.20
2026-08-19 15:07:05,109325.140625,A0DB8AF16E20,0002,male,C57BL/6,1.1.1,FR1_Approach,0,PelletDrop,89,616,212,96,0,0,,,,,,,,,,,,,,,,,,,,
2026-08-19 15:07:06,109326.179688,A0DB8AF16E20,0002,male,C57BL/6,1.1.1,FR1_Approach,0,PelletTaken,89,616,212,96,0,0,0.137,2002.000,0,1,,,,,,,,,,,,,,,,
2026-08-19 15:08:36,109416.554688,A0DB8AF16E20,0002,male,C57BL/6,1.1.1,FR1_Approach,0,PelletDrop,90,618,212,96,0,0,,,,,,,,,,,,,,,,,,,,
2026-08-19 15:08:49,109429.734375,A0DB8AF16E20,0002,male,C57BL/6,1.1.1,FR1_Approach,0,PelletTaken,90,618,212,96,0,0,12.280,2001.000,0,2,,,,,,,,,,,,,,,,
2026-08-19 15:09:33,109473.750000,A0DB8AF16E20,0002,male,C57BL/6,1.1.1,FR1_Approach,0,PelletDrop,91,621,212,96,0,0,,,,,,,,,,,,,,,,,,,,
2026-08-19 15:09:45,109485.625000,A0DB8AF16E20,0002,male,C57BL/6,1.1.1,FR1_Approach,0,PelletTaken,91,621,212,96,0,0,10.972,2002.000,0,2,,,,,,,,,,,,,,,,
2026-08-19 15:10:54,109554.195312,A0DB8AF16E20,0002,male,C57BL/6,1.1.1,FR1_Approach,0,PelletDrop,92,625,212,96,0,0,,,,,,,,,,,,,,,,,,,,
2026-08-19 15:11:05,109566.039062,A0DB8AF16E20,0002,male,C57BL/6,1.1.1,FR1_Approach,0,PelletTaken,92,625,212,96,0,0,10.928,2001.000,0,2,,,,,,,,,,,,,,,,
2026-08-19 15:11:58,109618.343750,A0DB8AF16E20,0002,male,C57BL/6,1.1.1,FR1_Approach,0,PelletDrop,93,630,212,96,0,0,,,,,,,,,,,,,,,,,,,,
2026-08-19 15:12:10,109630.554688,A0DB8AF16E20,0002,male,C57BL/6,1.1.1,FR1_Approach,0,PelletTaken,93,630,212,96,0,0,11.313,2002.000,0,2,,,,,,,,,,,,,,,,
2026-08-19 15:13:15,109695.359375,A0DB8AF16E20,0002,male,C57BL/6,1.1.1,FR1_Approach,0,PelletDrop,94,636,212,96,0,0,,,,,,,,,,,,,,,,,,,,
2026-08-19 15:13:27,109707.710938,A0DB8AF16E20,0002,male,C57BL/6,1.1.1,FR1_Approach,0,PelletTaken,94,636,212,96,0,0,11.434,2002.000,0,2,,,,,,,,,,,,,,,,
2026-08-19 15:14:21,109761.375000,A0DB8AF16E20,0002,male,C57BL/6,1.1.1,FR1_Approach,0,Status,94,637,212,96,0,0,,,,,Disabled,24.0,43.2,998.4,10.0,0.252,120.000,249164,339956,246240,24977,4.06,84.91
2026-08-19 15:14:56,109797.054688,A0DB8AF16E20,0002,male,C57BL/6,1.1.1,FR1_Approach,0,PelletDrop,95,643,212,96,0,0,,,,,,,,,,,,,,,,,,,,
2026-08-19 15:15:07,109807.437500,A0DB8AF16E20,0002,male,C57BL/6,1.1.1,FR1_Approach,0,PelletTaken,95,643,212,96,0,0,9.465,2001.000,0,2,,,,,,,,,,,,,,,,
2026-08-19 15:24:20,110361.375000,A0DB8AF16E20,0002,male,C57BL/6,1.1.1,FR1_Approach,0,Status,95,643,213,96,0,0,,,,,Disabled,24.0,43.9,998.4,10.1,0.202,102.000,249164,339956,246240,25110,4.07,84.91
2026-08-19 15:28:09,110590.601562,A0DB8AF16E20,0002,male,C57BL/6,1.1.1,FR1_Approach,0,PelletDrop,96,651,213,96,0,0,,,,,,,,,,,,,,,,,,,,
2026-08-19 15:28:21,110603.250000,A0DB8AF16E20,0002,male,C57BL/6,1.1.1,FR1_Approach,0,PelletTaken,96,651,213,96,0,0,11.732,1226.000,0,2,,,,,,,,,,,,,,,,
2026-08-19 15:34:19,110961.398438,A0DB8AF16E20,0002,male,C57BL/6,1.1.1,FR1_Approach,0,Status,96,651,213,96,0,0,,,,,Disabled,24.0,44.0,998.5,10.0,0.187,96.000,249164,339956,246240,25246,4.06,84.77
2026-08-19 15:37:31,111153.656250,A0DB8AF16E20,0002,male,C57BL/6,1.1.1,FR1_Approach,0,PelletDrop,97,660,217,98,0,0,,,,,,,,,,,,,,,,,,,,
2026-08-19 15:37:42,111164.226562,A0DB8AF16E20,0002,male,C57BL/6,1.1.1,FR1_Approach,0,PelletTaken,97,660,217,98,0,0,9.673,1624.000,0,2,,,,,,,,,,,,,,,,
2026-08-19 15:44:19,111561.750000,A0DB8AF16E20,0002,male,C57BL/6,1.1.1,FR1_Approach,0,Status,97,660,217,98,0,0,,,,,Disabled,24.1,44.0,998.5,10.0,0.274,132.000,249164,339956,246240,25390,4.06,84.77
2026-08-19 15:54:21,112164.851562,A0DB8AF16E20,0002,male,C57BL/6,1.1.1,FR1_Approach,0,Status,97,660,217,98,0,0,,,,,Disabled,24.1,44.0,998.3,10.0,0.266,131.000,249164,339956,246240,25527,4.06,84.62
2026-08-19 16:04:23,112767.968750,A0DB8AF16E20,0002,male,C57BL/6,1.1.1,FR1_Approach,0,Status,97,660,217,98,0,0,,,,,Disabled,24.1,44.1,998.2,10.0,0.277,130.000,249164,339956,246240,25664,4.06,84.62
2026-08-19 16:14:25,113371.070312,A0DB8AF16E20,0002,male,C57BL/6,1.1.1,FR1_Approach,0,Status,97,660,217,98,0,0,,,,,Disabled,24.0,44.1,998.1,10.0,0.274,135.000,249164,339956,246240,25801,4.06,84.48
2026-08-19 16:24:28,113974.156250,A0DB8AF16E20,0002,male,C57BL/6,1.1.1,FR1_Approach,0,Status,97,660,217,98,0,0,,,,,Disabled,24.0,44.1,998.0,10.1,0.274,132.000,249164,339956,246240,25938,4.06,84.48
2026-08-19 16:34:30,114577.320312,A0DB8AF16E20,0002,male,C57BL/6,1.1.1,FR1_Approach,0,Status,97,660,217,98,0,0,,,,,Disabled,24.0,44.1,998.0,10.0,0.277,133.000,249164,339956,246240,26075,4.06,84.48
2026-08-19 16:44:32,115180.421875,A0DB8AF16E20,0002,male,C57BL/6,1.1.1,FR1_Approach,0,Status,97,660,217,98,0,0,,,,,Disabled,24.0,44.0,998.0,10.1,0.274,133.000,249164,339956,246240,26212,4.06,84.34
2026-08-19 16:54:35,115783.500000,A0DB8AF16E20,0002,male,C57BL/6,1.1.1,FR1_Approach,0,Status,97,660,217,98,0,0,,,,,Disabled,24.0,44.0,997.9,10.0,0.274,130.000,249164,339956,246240,26349,4.06,84.34
2026-08-19 17:04:37,116386.617188,A0DB8AF16E20,0002,male,C57BL/6,1.1.1,FR1_Approach,0,Status,97,660,217,98,0,0,,,,,Disabled,23.9,44.0,997.8,10.0,0.277,130.000,249164,339956,246240,26486,4.06,84.17
2026-08-19 17:14:39,116989.718750,A0DB8AF16E20,0002,male,C57BL/6,1.1.1,FR1_Approach,0,Status,97,660,217,98,0,0,,,,,Disabled,23.9,44.0,997.8,10.0,0.266,132.000,249164,339956,246240,26623,4.06,84.17
2026-08-19 17:24:41,117592.820312,A0DB8AF16E20,0002,male,C57BL/6,1.1.1,FR1_Approach,0,Status,97,660,217,98,0,0,,,,,Disabled,23.9,44.0,997.8,10.0,0.274,132.000,249164,339956,246240,26760,4.06,84.01
2026-08-19 17:34:44,118195.921875,A0DB8AF16E20,0002,male,C57BL/6,1.1.1,FR1_Approach,0,Status,97,660,217,98,0,0,,,,,Disabled,23.9,43.9,997.7,10.0,0.274,133.000,249164,339956,246240,26897,4.06,84.01
2026-08-19 17:40:49,118561.914062,A0DB8AF16E20,0002,male,C57BL/6,1.1.1,FR1_Approach,0,PelletDrop,98,661,217,98,0,0,,,,,,,,,,,,,,,,,,,,
2026-08-19 17:41:04,118576.968750,A0DB8AF16E20,0002,male,C57BL/6,1.1.1,FR1_Approach,0,PelletTaken,98,661,217,98,0,0,14.140,2001.000,0,2,,,,,,,,,,,,,,,,
2026-08-19 17:41:50,118622.671875,A0DB8AF16E20,0002,male,C57BL/6,1.1.1,FR1_Approach,0,PelletDrop,99,663,217,98,0,0,,,,,,,,,,,,,,,,,,,,
2026-08-19 17:42:04,118636.851562,A0DB8AF16E20,0002,male,C57BL/6,1.1.1,FR1_Approach,0,PelletTaken,99,663,217,98,0,0,13.281,2002.000,0,2,,,,,,,,,,,,,,,,
2026-08-19 17:42:50,118682.914062,A0DB8AF16E20,0002,male,C57BL/6,1.1.1,FR1_Approach,0,PelletDrop,100,666,217,98,0,0,,,,,,,,,,,,,,,,,,,,
2026-08-19 17:43:06,118698.406250,A0DB8AF16E20,0002,male,C57BL/6,1.1.1,FR1_Approach,0,PelletTaken,100,666,217,98,0,0,14.591,2002.000,0,2,,,,,,,,,,,,,,,,
2026-08-19 17:44:07,118759.898438,A0DB8AF16E20,0002,male,C57BL/6,1.1.1,FR1_Approach,0,PelletDrop,101,670,217,98,0,0,,,,,,,,,,,,,,,,,,,,
2026-08-19 17:44:22,118774.406250,A0DB8AF16E20,0002,male,C57BL/6,1.1.1,FR1_Approach,0,PelletTaken,101,670,217,98,0,0,13.612,2002.000,0,2,,,,,,,,,,,,,,,,
2026-08-19 17:44:47,118800.015625,A0DB8AF16E20,0002,male,C57BL/6,1.1.1,FR1_Approach,0,Status,101,670,217,98,0,0,,,,,Disabled,24.1,43.2,997.7,9.9,0.209,107.000,249164,339956,246240,27017,4.02,83.68
2026-08-19 17:45:23,118835.937500,A0DB8AF16E20,0002,male,C57BL/6,1.1.1,FR1_Approach,0,PelletDrop,102,675,217,98,0,0,,,,,,,,,,,,,,,,,,,,
2026-08-19 17:45:36,118849.085938,A0DB8AF16E20,0002,male,C57BL/6,1.1.1,FR1_Approach,0,PelletTaken,102,675,217,98,0,0,12.248,2001.000,0,2,,,,,,,,,,,,,,,,
2026-08-19 17:46:38,118910.859375,A0DB8AF16E20,0002,male,C57BL/6,1.1.1,FR1_Approach,0,PelletDrop,103,681,217,98,0,0,,,,,,,,,,,,,,,,,,,,
2026-08-19 17:46:50,118923.335938,A0DB8AF16E20,0002,male,C57BL/6,1.1.1,FR1_Approach,0,PelletTaken,103,681,217,98,0,0,11.576,2001.000,0,2,,,,,,,,,,,,,,,,
2026-08-19 17:48:04,118996.859375,A0DB8AF16E20,0002,male,C57BL/6,1.1.1,FR1_Approach,0,PelletDrop,104,688,217,98,0,0,,,,,,,,,,,,,,,,,,,,
2026-08-19 17:48:15,119008.234375,A0DB8AF16E20,0002,male,C57BL/6,1.1.1,FR1_Approach,0,PelletTaken,104,688,217,98,0,0,10.476,2001.000,0,2,,,,,,,,,,,,,,,,
2026-08-19 17:50:27,119139.820312,A0DB8AF16E20,0002,male,C57BL/6,1.1.1,FR1_Approach,0,PelletDrop,105,696,219,98,0,0,,,,,,,,,,,,,,,,,,,,
2026-08-19 17:50:40,119152.867188,A0DB8AF16E20,0002,male,C57BL/6,1.1.1,FR1_Approach,0,PelletTaken,105,696,219,98,0,0,12.150,1830.000,0,3,,,,,,,,,,,,,,,,
2026-08-19 17:54:48,119401.601562,A0DB8AF16E20,0002,male,C57BL/6,1.1.1,FR1_Approach,0,Status,105,696,219,98,0,0,,,,,Disabled,24.2,43.6,997.6,9.9,0.018,20.000,249164,339956,246240,27144,4.05,83.68
2026-08-19 18:04:50,120004.718750,A0DB8AF16E20,0002,male,C57BL/6,1.1.1,FR1_Approach,0,Status,105,696,219,98,0,0,,,,,Disabled,24.2,43.6,997.6,9.8,0.000,0.000,249164,339956,246240,27281,4.05,83.52
2026-08-19 18:14:51,120606.359375,A0DB8AF16E20,0002,male,C57BL/6,1.1.1,FR1_Approach,0,Status,105,697,219,99,0,0,,,,,Disabled,24.3,43.7,997.5,9.8,0.000,0.000,249164,339956,246240,27419,4.05,83.52
2026-08-19 18:16:31,120706.539062,A0DB8AF16E20,0002,male,C57BL/6,1.1.1,FR1_Approach,0,PelletDrop,106,705,226,99,0,0,,,,,,,,,,,,,,,,,,,,
2026-08-19 18:16:43,120717.960938,A0DB8AF16E20,0002,male,C57BL/6,1.1.1,FR1_Approach,0,PelletTaken,106,705,226,99,0,0,10.499,2001.000,0,2,,,,,,,,,,,,,,,,
2026-08-19 18:24:51,121207.328125,A0DB8AF16E20,0002,male,C57BL/6,1.1.1,FR1_Approach,0,Status,106,705,226,99,0,0,,,,,Disabled,24.3,43.7,997.4,9.8,0.000,0.000,249164,339956,246240,27560,4.05,83.36
2026-08-19 18:31:29,121605.656250,A0DB8AF16E20,0002,male,C57BL/6,1.1.1,FR1_Approach,0,PelletDrop,107,715,230,100,0,0,,,,,,,,,,,,,,,,,,,,
2026-08-19 18:31:39,121615.765625,A0DB8AF16E20,0002,male,C57BL/6,1.1.1,FR1_Approach,0,PelletTaken,107,715,230,100,0,0,9.190,591.000,0,2,,,,,,,,,,,,,,,,
2026-08-19 18:34:51,121807.617188,A0DB8AF16E20,0002,male,C57BL/6,1.1.1,FR1_Approach,0,Status,107,715,230,100,0,0,,,,,Disabled,24.3,43.6,997.3,9.8,0.000,0.000,249164,339956,246240,27703,4.05,83.36
2026-08-19 18:44:52,122409.281250,A0DB8AF16E20,0002,male,C57BL/6,1.1.1,FR1_Approach,0,Status,107,715,231,100,0,0,,,,,Disabled,24.3,43.8,997.4,9.8,0.000,0.000,249164,339956,246240,27840,4.05,83.20
2026-08-19 18:46:59,122536.554688,A0DB8AF16E20,0002,male,C57BL/6,1.1.1,FR1_Approach,0,PelletDrop,108,726,235,100,0,0,,,,,,,,,,,,,,,,,,,,
2026-08-19 18:47:10,122547.429688,A0DB8AF16E20,0002,male,C57BL/6,1.1.1,FR1_Approach,0,PelletTaken,108,726,235,100,0,0,9.970,225.000,0,2,,,,,,,,,,,,,,,,
2026-08-19 18:54:52,123010.546875,A0DB8AF16E20,0002,male,C57BL/6,1.1.1,FR1_Approach,0,Status,108,726,235,100,0,0,,,,,Disabled,24.3,43.7,997.4,9.8,0.000,0.000,249164,339956,246240,27979,4.05,83.20
2026-08-19 19:04:54,123613.664062,A0DB8AF16E20,0002,male,C57BL/6,1.1.1,FR1_Approach,0,Status,108,726,235,100,0,0,,,,,Disabled,24.3,43.7,997.5,9.8,0.000,0.000,249164,339956,246240,28116,4.05,83.03
2026-08-19 19:14:57,124216.765625,A0DB8AF16E20,0002,male,C57BL/6,1.1.1,FR1_Approach,0,Status,108,726,235,100,0,0,,,,,Disabled,24.2,43.8,997.6,9.9,0.000,0.000,249164,339956,246240,28253,4.05,83.03
2026-08-19 19:24:59,124819.843750,A0DB8AF16E20,0002,male,C57BL/6,1.1.1,FR1_Approach,0,Status,108,726,235,100,0,0,,,,,Disabled,24.2,43.8,997.6,10.0,0.000,0.000,249164,339956,246240,28390,4.05,82.87
2026-08-19 19:35:01,125422.968750,A0DB8AF16E20,0002,male,C57BL/6,1.1.1,FR1_Approach,0,Status,108,726,235,100,0,0,,,,,Disabled,24.1,43.8,997.5,10.0,0.000,0.000,249164,339956,246240,28527,4.05,82.87
2026-08-19 19:45:03,126026.078125,A0DB8AF16E20,0002,male,C57BL/6,1.1.1,FR1_Approach,0,Status,108,726,235,100,0,0,,,,,Disabled,24.0,43.9,997.4,10.1,0.000,0.000,249164,339956,246240,28664,4.05,82.87
2026-08-19 19:55:06,126629.195312,A0DB8AF16E20,0002,male,C57BL/6,1.1.1,FR1_Approach,0,Status,108,726,235,100,0,0,,,,,Disabled,23.9,43.9,997.4,10.1,0.000,0.000,249164,339956,246240,28801,4.05,82.70
2026-08-19 20:05:02,127226.437500,A0DB8AF16E20,0002,male,C57BL/6,1.1.1,FR1_Approach,0,PelletDrop,109,727,235,100,0,0,,,,,,,,,,,,,,,,,,,,
2026-08-19 20:05:13,127237.710938,A0DB8AF16E20,0002,male,C57BL/6,1.1.1,FR1_Approach,0,PelletTaken,109,727,235,100,0,0,10.377,2001.000,0,2,,,,,,,,,,,,,,,,
2026-08-19 20:05:22,127245.835938,A0DB8AF16E20,0002,male,C57BL/6,1.1.1,FR1_Approach,0,Status,109,727,235,100,0,0,,,,,Disabled,23.9,43.9,997.4,10.1,0.000,0.000,249164,339956,246240,28937,4.04,82.70
2026-08-19 20:06:13,127297.101562,A0DB8AF16E20,0002,male,C57BL/6,1.1.1,FR1_Approach,0,PelletDrop,110,729,236,100,0,0,,,,,,,,,,,,,,,,,,,,
2026-08-19 20:06:14,127298.593750,A0DB8AF16E20,0002,male,C57BL/6,1.1.1,FR1_Approach,0,PelletNotDetected,110,729,236,100,0,0,,,,,,,,,,,,,,,,,,,,
2026-08-19 20:07:07,127351.492188,A0DB8AF16E20,0002,male,C57BL/6,1.1.1,FR1_Approach,0,PelletDrop,111,732,236,100,0,0,,,,,,,,,,,,,,,,,,,,
2026-08-19 20:07:18,127362.226562,A0DB8AF16E20,0002,male,C57BL/6,1.1.1,FR1_Approach,0,PelletTaken,111,732,236,100,0,0,9.828,2002.000,0,3,,,,,,,,,,,,,,,,
2026-08-19 20:08:10,127413.960938,A0DB8AF16E20,0002,male,C57BL/6,1.1.1,FR1_Approach,0,PelletDrop,112,736,236,100,0,0,,,,,,,,,,,,,,,,,,,,
2026-08-19 20:08:21,127425.062500,A0DB8AF16E20,0002,male,C57BL/6,1.1.1,FR1_Approach,0,PelletTaken,112,736,236,100,0,0,10.202,666.000,0,2,,,,,,,,,,,,,,,,
2026-08-19 20:09:21,127485.828125,A0DB8AF16E20,0002,male,C57BL/6,1.1.1,FR1_Approach,0,PelletDrop,113,741,236,100,0,0,,,,,,,,,,,,,,,,,,,,
2026-08-19 20:09:32,127496.804688,A0DB8AF16E20,0002,male,C57BL/6,1.1.1,FR1_Approach,0,PelletTaken,113,741,236,100,0,0,10.069,826.000,0,2,,,,,,,,,,,,,,,,
2026-08-19 20:10:34,127559.023438,A0DB8AF16E20,0002,male,C57BL/6,1.1.1,FR1_Approach,0,PelletDrop,114,747,236,100,0,0,,,,,,,,,,,,,,,,,,,,
2026-08-19 20:10:45,127569.757812,A0DB8AF16E20,0002,male,C57BL/6,1.1.1,FR1_Approach,0,PelletTaken,114,747,236,100,0,0,9.817,2002.000,0,3,,,,,,,,,,,,,,,,
2026-08-19 20:11:53,127637.968750,A0DB8AF16E20,0002,male,C57BL/6,1.1.1,FR1_Approach,0,PelletDrop,115,754,236,100,0,0,,,,,,,,,,,,,,,,,,,,
2026-08-19 20:12:06,127650.203125,A0DB8AF16E20,0002,male,C57BL/6,1.1.1,FR1_Approach,0,PelletTaken,115,754,236,100,0,0,11.334,2001.000,0,2,,,,,,,,,,,,,,,,
2026-08-19 20:15:22,127847.242188,A0DB8AF16E20,0002,male,C57BL/6,1.1.1,FR1_Approach,0,Status,115,754,241,100,0,0,,,,,Disabled,23.9,43.7,997.4,10.1,0.000,0.000,249164,339956,246240,29063,4.05,82.54
2026-08-19 20:25:26,128451.640625,A0DB8AF16E20,0002,male,C57BL/6,1.1.1,FR1_Approach,0,Status,115,754,242,100,0,0,,,,,Disabled,23.9,43.9,997.4,10.1,0.000,0.000,249164,339956,246240,29201,4.05,82.38
2026-08-19 20:28:41,128646.867188,A0DB8AF16E20,0002,male,C57BL/6,1.1.1,FR1_Approach,0,PelletDrop,116,762,249,102,0,0,,,,,,,,,,,,,,,,,,,,
2026-08-19 20:28:51,128657.195312,A0DB8AF16E20,0002,male,C57BL/6,1.1.1,FR1_Approach,0,PelletTaken,116,762,249,102,0,0,9.421,2001.000,0,2,,,,,,,,,,,,,,,,
2026-08-19 20:33:41,128946.984375,A0DB8AF16E20,0002,male,C57BL/6,1.1.1,FR1_Approach,0,PelletDrop,117,771,253,102,0,0,,,,,,,,,,,,,,,,,,,,
2026-08-19 20:33:42,128948.484375,A0DB8AF16E20,0002,male,C57BL/6,1.1.1,FR1_Approach,0,PelletNotDetected,117,771,253,102,0,0,,,,,,,,,,,,,,,,,,,,
2026-08-19 20:35:26,129052.828125,A0DB8AF16E20,0002,male,C57BL/6,1.1.1,FR1_Approach,0,Status,117,771,253,102,0,0,,,,,Disabled,23.9,44.0,997.5,10.1,0.000,0.000,249164,339956,246240,29349,4.04,82.21
2026-08-19 20:45:30,129657.164062,A0DB8AF16E20,0002,male,C57BL/6,1.1.1,FR1_Approach,0,Status,117,771,253,102,0,0,,,,,Disabled,23.9,44.2,997.6,10.1,0.000,0.000,249164,339956,246240,29487,4.04,82.21
2026-08-19 20:51:55,130042.875000,A0DB8AF16E20,0002,male,C57BL/6,1.1.1,FR1_Approach,0,PelletDrop,118,781,258,106,0,0,,,,,,,,,,,,,,,,,,,,
2026-08-19 20:52:05,130053.296875,A0DB8AF16E20,0002,male,C57BL/6,1.1.1,FR1_Approach,0,PelletTaken,118,781,258,106,0,0,9.521,1238.000,0,3,,,,,,,,,,,,,,,,
2026-08-19 20:55:30,130258.304688,A0DB8AF16E20,0002,male,C57BL/6,1.1.1,FR1_Approach,0,Status,118,781,258,106,0,0,,,,,Disabled,23.8,44.2,997.6,10.1,0.000,0.000,249164,339956,246240,29632,4.04,82.05
2026-08-19 21:02:18,130667.179688,A0DB8AF16E20,0002,male,C57BL/6,1.1.1,FR1_Approach,0,PelletDrop,119,792,262,110,0,0,,,,,,,,,,,,,,,,,,,,
2026-08-19 21:02:27,130675.984375,A0DB8AF16E20,0002,male,C57BL/6,1.1.1,FR1_Approach,0,PelletTaken,119,792,262,110,0,0,7.903,2002.000,0,2,,,,,,,,,,,,,,,,
2026-08-19 21:03:46,130754.742188,A0DB8AF16E20,0002,male,C57BL/6,1.1.1,FR1_Approach,0,PelletDrop,120,804,262,110,0,0,,,,,,,,,,,,,,,,,,,,
2026-08-19 21:03:54,130762.937500,A0DB8AF16E20,0002,male,C57BL/6,1.1.1,FR1_Approach,0,PelletTaken,120,804,262,110,0,0,7.288,2002.000,0,2,,,,,,,,,,,,,,,,
2026-08-19 21:05:30,130858.546875,A0DB8AF16E20,0002,male,C57BL/6,1.1.1,FR1_Approach,0,Status,120,804,262,110,0,0,,,,,Disabled,23.9,44.0,997.7,10.0,0.000,0.000,249164,339956,246240,29777,4.04,82.05
2026-08-19 21:15:33,131462.828125,A0DB8AF16E20,0002,male,C57BL/6,1.1.1,FR1_Approach,0,Status,120,805,263,116,0,0,,,,,Disabled,23.9,44.4,997.8,10.1,0.000,0.000,249164,339956,246240,29920,4.04,81.89
2026-08-19 21:23:06,131916.390625,A0DB8AF16E20,0002,male,C57BL/6,1.1.1,FR1_Approach,0,PelletDrop,121,817,263,117,0,0,,,,,,,,,,,,,,,,,,,,
2026-08-19 21:23:14,131924.671875,A0DB8AF16E20,0002,male,C57BL/6,1.1.1,FR1_Approach,0,PelletTaken,121,817,263,117,0,0,7.375,2002.000,0,2,,,,,,,,,,,,,,,,
2026-08-19 21:25:51,132081.203125,A0DB8AF16E20,0002,male,C57BL/6,1.1.1,FR1_Approach,0,PelletDrop,122,831,264,117,0,0,,,,,,,,,,,,,,,,,,,,
2026-08-19 21:26:00,132090.343750,A0DB8AF16E20,0002,male,C57BL/6,1.1.1,FR1_Approach,0,PelletTaken,122,831,264,117,0,0,8.200,2002.000,0,2,,,,,,,,,,,,,,,,
2026-08-19 21:26:08,132098.437500,A0DB8AF16E20,0002,male,C57BL/6,1.1.1,FR1_Approach,0,Status,122,831,264,117,0,0,,,,,Disabled,23.9,44.1,997.9,10.0,0.000,0.000,249164,339956,246240,30068,4.03,81.89
2026-08-19 21:29:31,132302.265625,A0DB8AF16E20,0002,male,C57BL/6,1.1.1,FR1_Approach,0,PelletDrop,123,846,285,118,0,0,,,,,,,,,,,,,,,,,,,,
2026-08-19 21:29:42,132312.421875,A0DB8AF16E20,0002,male,C57BL/6,1.1.1,FR1_Approach,0,PelletTaken,123,846,285,118,0,0,9.234,2001.000,0,2,,,,,,,,,,,,,,,,
2026-08-19 21:36:10,132701.109375,A0DB8AF16E20,0002,male,C57BL/6,1.1.1,FR1_Approach,0,Status,123,846,287,119,0,0,,,,,Disabled,23.9,44.4,998.0,10.0,0.000,0.000,249164,339956,246240,30227,4.04,81.73
2026-08-19 21:40:53,132985.093750,A0DB8AF16E20,0002,male,C57BL/6,1.1.1,FR1_Approach,0,PelletDrop,124,862,292,122,0,0,,,,,,,,,,,,,,,,,,,,
2026-08-19 21:41:01,132993.203125,A0DB8AF16E20,0002,male,C57BL/6,1.1.1,FR1_Approach,0,PelletTaken,124,862,292,122,0,0,7.188,2002.000,0,2,,,,,,,,,,,,,,,,
2026-08-19 21:46:11,133303.171875,A0DB8AF16E20,0002,male,C57BL/6,1.1.1,FR1_Approach,0,Status,124,862,292,122,0,0,,,,,Disabled,23.9,44.4,998.0,10.1,0.000,0.000,249164,339956,246240,30372,4.04,81.73
2026-08-19 21:56:10,133903.531250,A0DB8AF16E20,0002,male,C57BL/6,1.1.1,FR1_Approach,0,Status,124,862,294,122,0,0,,,,,Disabled,23.9,44.5,998.2,10.1,0.000,0.000,249164,339956,246240,30510,4.04,81.56
2026-08-19 22:05:58,134491.390625,A0DB8AF16E20,0002,male,C57BL/6,1.1.1,FR1_Approach,0,PelletDrop,125,879,301,127,0,0,,,,,,,,,,,,,,,,,,,,
2026-08-19 22:06:07,134500.593750,A0DB8AF16E20,0002,male,C57BL/6,1.1.1,FR1_Approach,0,PelletTaken,125,879,301,127,0,0,8.310,2002.000,0,2,,,,,,,,,,,,,,,,
2026-08-19 22:06:15,134508.687500,A0DB8AF16E20,0002,male,C57BL/6,1.1.1,FR1_Approach,0,Status,125,879,301,127,0,0,,,,,Disabled,23.9,44.5,998.2,10.1,0.000,0.000,249164,339956,246240,30660,4.00,81.56
2026-08-19 22:10:16,134750.218750,A0DB8AF16E20,0002,male,C57BL/6,1.1.1,FR1_Approach,0,PelletDrop,126,897,303,132,0,0,,,,,,,,,,,,,,,,,,,,
2026-08-19 22:10:32,134765.906250,A0DB8AF16E20,0002,male,C57BL/6,1.1.1,FR1_Approach,0,PelletTaken,126,897,303,132,0,0,14.788,2001.000,0,2,,,,,,,,,,,,,,,,
2026-08-19 22:16:16,135110.937500,A0DB8AF16E20,0002,male,C57BL/6,1.1.1,FR1_Approach,0,Status,126,897,303,132,0,0,,,,,Disabled,23.9,44.6,998.2,10.1,0.000,0.000,249164,339956,246240,30804,4.04,81.24
2026-08-19 22:26:16,135710.984375,A0DB8AF16E20,0002,male,C57BL/6,1.1.1,FR1_Approach,0,Status,126,898,311,132,0,0,,,,,Disabled,23.9,44.6,998.2,10.1,0.000,0.000,249164,339956,246240,30949,4.04,81.24
2026-08-19 22:36:04,136300.234375,A0DB8AF16E20,0002,male,C57BL/6,1.1.1,FR1_Approach,0,PelletDrop,127,916,327,138,0,0,,,,,,,,,,,,,,,,,,,,
2026-08-19 22:36:13,136308.750000,A0DB8AF16E20,0002,male,C57BL/6,1.1.1,FR1_Approach,0,PelletTaken,127,916,327,138,0,0,7.616,2001.000,0,2,,,,,,,,,,,,,,,,
2026-08-19 22:36:21,136316.843750,A0DB8AF16E20,0002,male,C57BL/6,1.1.1,FR1_Approach,0,Status,127,916,327,138,0,0,,,,,Disabled,23.9,44.6,998.2,10.1,0.000,0.000,249164,339956,246240,31104,4.03,81.24
2026-08-19 22:46:24,136920.859375,A0DB8AF16E20,0002,male,C57BL/6,1.1.1,FR1_Approach,0,Status,127,916,328,141,0,0,,,,,Disabled,23.9,44.7,998.2,10.1,0.000,0.000,249164,339956,246240,31244,4.03,81.07
2026-08-19 22:56:27,137525.015625,A0DB8AF16E20,0002,male,C57BL/6,1.1.1,FR1_Approach,0,Status,127,916,328,142,0,0,,,,,Disabled,23.8,44.8,998.1,10.0,0.000,0.000,249164,339956,246240,31382,4.03,81.07
2026-08-19 22:58:01,137618.625000,A0DB8AF16E20,0002,male,C57BL/6,1.1.1,FR1_Approach,0,PelletDrop,128,936,339,142,0,0,,,,,,,,,,,,,,,,,,,,
2026-08-19 22:58:09,137626.546875,A0DB8AF16E20,0002,male,C57BL/6,1.1.1,FR1_Approach,0,PelletTaken,128,936,339,142,0,0,7.012,2001.000,0,2,,,,,,,,,,,,,,,,
2026-08-19 23:05:28,138066.203125,A0DB8AF16E20,0002,male,C57BL/6,1.1.1,FR1_Approach,0,PelletDrop,129,957,343,143,0,0,,,,,,,,,,,,,,,,,,,,
2026-08-19 23:05:35,138073.953125,A0DB8AF16E20,0002,male,C57BL/6,1.1.1,FR1_Approach,0,PelletTaken,129,957,343,143,0,0,6.836,2001.000,0,2,,,,,,,,,,,,,,,,
2026-08-19 23:06:27,138125.812500,A0DB8AF16E20,0002,male,C57BL/6,1.1.1,FR1_Approach,0,Status,129,957,343,143,0,0,,,,,Disabled,23.9,44.5,998.1,10.1,0.000,0.000,249164,339956,246240,31539,4.03,80.75
2026-08-19 23:16:27,138726.656250,A0DB8AF16E20,0002,male,C57BL/6,1.1.1,FR1_Approach,0,Status,129,957,345,146,0,0,,,,,Disabled,23.9,45.0,998.1,10.1,0.000,0.000,249164,339956,246240,31678,4.03,80.75
2026-08-19 23:26:27,139326.843750,A0DB8AF16E20,0002,male,C57BL/6,1.1.1,FR1_Approach,0,Status,129,957,346,146,0,0,,,,,Disabled,23.9,44.9,998.2,10.1,0.000,0.000,249164,339956,246240,31816,4.03,80.75
2026-08-19 23:35:11,139852.000000,A0DB8AF16E20,0002,male,C57BL/6,1.1.1,FR1_Approach,0,PelletDrop,130,979,358,149,0,0,,,,,,,,,,,,,,,,,,,,
2026-08-19 23:35:13,139853.500000,A0DB8AF16E20,0002,male,C57BL/6,1.1.1,FR1_Approach,0,PelletNotDetected,130,979,358,149,0,0,,,,,,,,,,,,,,,,,,,,
2026-08-19 23:36:26,139927.031250,A0DB8AF16E20,0002,male,C57BL/6,1.1.1,FR1_Approach,0,Status,130,980,358,149,0,0,,,,,Disabled,23.9,44.8,998.1,10.1,0.000,0.000,249164,339956,246240,31967,4.03,80.75
2026-08-19 23:46:28,140530.125000,A0DB8AF16E20,0002,male,C57BL/6,1.1.1,FR1_Approach,0,Status,130,980,358,149,0,0,,,,,Disabled,23.9,45.0,998.1,10.1,0.000,0.000,249164,339956,246240,32104,4.03,80.59
2026-08-19 23:56:31,141133.234375,A0DB8AF16E20,0002,male,C57BL/6,1.1.1,FR1_Approach,0,Status,130,980,358,149,0,0,,,,,Disabled,23.8,45.1,998.0,10.1,0.000,0.000,249164,339956,246240,32241,4.03,80.59
2026-08-20 00:01:33,141435.875000,A0DB8AF16E20,0002,male,C57BL/6,1.1.1,FR1_Approach,0,PelletDrop,131,1002,362,150,0,0,,,,,,,,,,,,,,,,,,,,
2026-08-20 00:01:41,141444.109375,A0DB8AF16E20,0002,male,C57BL/6,1.1.1,FR1_Approach,0,PelletTaken,131,1002,362,150,0,0,7.331,2002.000,0,3,,,,,,,,,,,,,,,,
2026-08-20 00:06:33,141736.593750,A0DB8AF16E20,0002,male,C57BL/6,1.1.1,FR1_Approach,0,Status,131,1002,362,150,0,0,,,,,Disabled,23.9,44.9,997.8,10.0,0.000,0.000,249164,339956,246240,32387,4.03,80.42
2026-08-20 00:16:35,142339.703125,A0DB8AF16E20,0002,male,C57BL/6,1.1.1,FR1_Approach,0,Status,131,1002,362,150,0,0,,,,,Disabled,23.9,44.8,997.8,10.1,0.000,0.000,249164,339956,246240,32524,4.03,80.42
2026-08-20 00:26:38,142942.812500,A0DB8AF16E20,0002,male,C57BL/6,1.1.1,FR1_Approach,0,Status,131,1002,362,150,0,0,,,,,Disabled,23.8,44.8,997.8,10.1,0.000,0.000,249164,339956,246240,32661,4.03,80.42
2026-08-20 00:36:40,143545.890625,A0DB8AF16E20,0002,male,C57BL/6,1.1.1,FR1_Approach,0,Status,131,1002,362,150,0,0,,,,,Disabled,23.8,44.8,997.8,10.2,0.000,0.000,249164,339956,246240,32798,4.03,80.26
2026-08-20 00:46:42,144149.015625,A0DB8AF16E20,0002,male,C57BL/6,1.1.1,FR1_Approach,0,Status,131,1002,362,150,0,0,,,,,Disabled,23.7,44.9,997.8,10.1,0.000,0.000,249164,339956,246240,32935,4.03,80.26
2026-08-20 00:56:45,144752.109375,A0DB8AF16E20,0002,male,C57BL/6,1.1.1,FR1_Approach,0,Status,131,1002,362,150,0,0,,,,,Disabled,23.7,44.9,997.9,10.3,0.000,0.000,249164,339956,246240,33072,4.03,80.09
2026-08-20 01:06:47,145355.234375,A0DB8AF16E20,0002,male,C57BL/6,1.1.1,FR1_Approach,0,Status,131,1002,362,150,0,0,,,,,Disabled,23.6,44.9,998.0,10.2,0.000,0.000,249164,339956,246240,33209,4.03,80.09
2026-08-20 01:16:49,145958.312500,A0DB8AF16E20,0002,male,C57BL/6,1.1.1,FR1_Approach,0,Status,131,1002,362,150,0,0,,,,,Disabled,23.5,44.9,998.1,10.2,0.000,0.000,249164,339956,246240,33346,4.03,79.93
2026-08-20 01:26:51,146561.421875,A0DB8AF16E20,0002,male,C57BL/6,1.1.1,FR1_Approach,0,Status,131,1002,362,150,0,0,,,,,Disabled,23.5,44.9,998.2,10.2,0.000,0.000,249164,339956,246240,33483,4.03,79.93
2026-08-20 01:36:54,147164.546875,A0DB8AF16E20,0002,male,C57BL/6,1.1.1,FR1_Approach,0,Status,131,1002,362,150,0,0,,,,,Disabled,23.5,44.9,998.2,10.2,0.000,0.000,249164,339956,246240,33620,4.03,79.77
2026-08-20 01:46:56,147767.625000,A0DB8AF16E20,0002,male,C57BL/6,1.1.1,FR1_Approach,0,Status,131,1002,362,150,0,0,,,,,Disabled,23.4,44.9,998.2,10.2,0.000,0.000,249164,339956,246240,33757,4.02,79.77
2026-08-20 01:56:58,148370.750000,A0DB8AF16E20,0002,male,C57BL/6,1.1.1,FR1_Approach,0,Status,131,1002,362,150,0,0,,,,,Disabled,23.4,44.8,998.2,10.3,0.000,0.000,249164,339956,246240,33894,4.02,79.61
2026-08-20 02:07:01,148973.859375,A0DB8AF16E20,0002,male,C57BL/6,1.1.1,FR1_Approach,0,Status,131,1002,362,150,0,0,,,,,Disabled,23.4,44.8,998.1,10.2,0.000,0.000,249164,339956,246240,34031,4.03,79.61
2026-08-20 02:09:50,149143.296875,A0DB8AF16E20,0002,male,C57BL/6,1.1.1,FR1_Approach,0,PelletDrop,132,1003,362,150,0,0,,,,,,,,,,,,,,,,,,,,
2026-08-20 02:09:51,149144.812500,A0DB8AF16E20,0002,male,C57BL/6,1.1.1,FR1_Approach,0,PelletNotDetected,132,1003,362,150,0,0,,,,,,,,,,,,,,,,,,,,
2026-08-20 02:11:45,149258.718750,A0DB8AF16E20,0002,male,C57BL/6,1.1.1,FR1_Approach,0,PelletDrop,133,1005,362,150,0,0,,,,,,,,,,,,,,,,,,,,
2026-08-20 02:11:59,149272.453125,A0DB8AF16E20,0002,male,C57BL/6,1.1.1,FR1_Approach,0,PelletTaken,133,1005,362,150,0,0,12.832,2002.000,0,3,,,,,,,,,,,,,,,,
2026-08-20 02:14:09,149402.890625,A0DB8AF16E20,0002,male,C57BL/6,1.1.1,FR1_Approach,0,PelletDrop,134,1008,362,150,0,0,,,,,,,,,,,,,,,,,,,,
2026-08-20 02:14:22,149416.375000,A0DB8AF16E20,0002,male,C57BL/6,1.1.1,FR1_Approach,0,PelletTaken,134,1008,362,150,0,0,12.568,2002.000,0,2,,,,,,,,,,,,,,,,
2026-08-20 02:15:04,149458.296875,A0DB8AF16E20,0002,male,C57BL/6,1.1.1,FR1_Approach,0,PelletDrop,135,1012,362,150,0,0,,,,,,,,,,,,,,,,,,,,
2026-08-20 02:15:15,149469.406250,A0DB8AF16E20,0002,male,C57BL/6,1.1.1,FR1_Approach,0,PelletTaken,135,1012,362,150,0,0,10.202,2001.000,0,2,,,,,,,,,,,,,,,,
2026-08-20 02:16:33,149547.312500,A0DB8AF16E20,0002,male,C57BL/6,1.1.1,FR1_Approach,0,PelletDrop,136,1017,362,150,0,0,,,,,,,,,,,,,,,,,,,,
2026-08-20 02:16:45,149558.750000,A0DB8AF16E20,0002,male,C57BL/6,1.1.1,FR1_Approach,0,PelletTaken,136,1017,362,150,0,0,10.544,2002.000,0,2,,,,,,,,,,,,,,,,
2026-08-20 02:17:02,149575.593750,A0DB8AF16E20,0002,male,C57BL/6,1.1.1,FR1_Approach,0,Status,136,1017,362,150,0,0,,,,,Disabled,23.5,44.1,998.0,10.2,0.000,0.000,249164,339956,246240,34152,3.98,79.44
2026-08-20 02:17:49,149622.796875,A0DB8AF16E20,0002,male,C57BL/6,1.1.1,FR1_Approach,0,PelletDrop,137,1023,362,150,0,0,,,,,,,,,,,,,,,,,,,,
2026-08-20 02:18:00,149634.078125,A0DB8AF16E20,0002,male,C57BL/6,1.1.1,FR1_Approach,0,PelletTaken,137,1023,362,150,0,0,10.388,2001.000,0,2,,,,,,,,,,,,,,,,
2026-08-20 02:19:39,149733.312500,A0DB8AF16E20,0002,male,C57BL/6,1.1.1,FR1_Approach,0,PelletDrop,138,1030,362,150,0,0,,,,,,,,,,,,,,,,,,,,
2026-08-20 02:19:49,149743.687500,A0DB8AF16E20,0002,male,C57BL/6,1.1.1,FR1_Approach,0,PelletTaken,138,1030,362,150,0,0,9.476,2001.000,0,2,,,,,,,,,,,,,,,,
2026-08-20 02:23:26,149960.890625,A0DB8AF16E20,0002,male,C57BL/6,1.1.1,FR1_Approach,0,PelletDrop,139,1038,363,150,0,0,,,,,,,,,,,,,,,,,,,,
2026-08-20 02:23:39,149973.843750,A0DB8AF16E20,0002,male,C57BL/6,1.1.1,FR1_Approach,0,PelletTaken,139,1038,363,150,0,0,12.050,2001.000,0,2,,,,,,,,,,,,,,,,
2026-08-20 02:27:04,150178.828125,A0DB8AF16E20,0002,male,C57BL/6,1.1.1,FR1_Approach,0,Status,139,1038,363,150,0,0,,,,,Disabled,23.5,44.5,997.9,10.1,0.000,0.000,249164,339956,246240,34282,4.02,79.28
2026-08-20 02:37:06,150781.953125,A0DB8AF16E20,0002,male,C57BL/6,1.1.1,FR1_Approach,0,Status,139,1038,363,150,0,0,,,,,Disabled,23.6,44.8,997.9,10.1,0.000,0.000,249164,339956,246240,34419,4.02,79.28
2026-08-20 02:47:08,151384.703125,A0DB8AF16E20,0002,male,C57BL/6,1.1.1,FR1_Approach,0,Status,139,1044,365,150,0,0,,,,,Disabled,23.6,44.9,997.8,10.1,0.000,0.000,249164,339956,246240,34561,4.02,79.12
2026-08-20 02:52:46,151723.312500,A0DB8AF16E20,0002,male,C57BL/6,1.1.1,FR1_Approach,0,PelletDrop,140,1047,366,150,0,0,,,,,,,,,,,,,,,,,,,,
2026-08-20 02:52:56,151732.750000,A0DB8AF16E20,0002,male,C57BL/6,1.1.1,FR1_Approach,0,PelletTaken,140,1047,366,150,0,0,8.519,1749.000,0,2,,,,,,,,,,,,,,,,
2026-08-20 02:57:09,151985.859375,A0DB8AF16E20,0002,male,C57BL/6,1.1.1,FR1_Approach,0,Status,140,1047,366,150,0,0,,,,,Disabled,23.6,44.9,997.8,10.0,0.000,0.000,249164,339956,246240,34696,4.02,79.12
2026-08-20 03:07:11,152588.968750,A0DB8AF16E20,0002,male,C57BL/6,1.1.1,FR1_Approach,0,Status,140,1047,366,150,0,0,,,,,Disabled,23.6,44.9,997.8,10.0,0.000,0.000,249164,339956,246240,34833,4.01,78.95
2026-08-20 03:17:13,153192.062500,A0DB8AF16E20,0002,male,C57BL/6,1.1.1,FR1_Approach,0,Status,140,1047,366,150,0,0,,,,,Disabled,23.6,44.9,997.8,10.1,0.000,0.000,249164,339956,246240,34970,4.02,78.95
2026-08-20 03:27:15,153795.171875,A0DB8AF16E20,0002,male,C57BL/6,1.1.1,FR1_Approach,0,Status,140,1047,366,150,0,0,,,,,Disabled,23.5,44.9,997.8,10.2,0.000,0.000,249164,339956,246240,35107,4.02,78.95
2026-08-20 03:37:18,154398.281250,A0DB8AF16E20,0002,male,C57BL/6,1.1.1,FR1_Approach,0,Status,140,1047,366,150,0,0,,,,,Disabled,23.5,44.8,997.8,10.2,0.000,0.000,249164,339956,246240,35244,4.02,78.79
2026-08-20 03:47:20,155001.375000,A0DB8AF16E20,0002,male,C57BL/6,1.1.1,FR1_Approach,0,Status,140,1047,366,150,0,0,,,,,Disabled,23.5,44.9,997.9,10.1,0.000,0.000,249164,339956,246240,35381,4.02,78.79
2026-08-20 03:57:22,155604.468750,A0DB8AF16E20,0002,male,C57BL/6,1.1.1,FR1_Approach,0,Status,140,1047,366,150,0,0,,,,,Disabled,23.4,44.8,997.9,10.2,0.000,0.000,249164,339956,246240,35518,4.02,78.63
2026-08-20 04:07:24,156207.609375,A0DB8AF16E20,0002,male,C57BL/6,1.1.1,FR1_Approach,0,Status,140,1047,366,150,0,0,,,,,Disabled,23.4,44.8,998.0,10.1,0.000,0.000,249164,339956,246240,35655,4.02,78.63
2026-08-20 04:17:27,156810.687500,A0DB8AF16E20,0002,male,C57BL/6,1.1.1,FR1_Approach,0,Status,140,1047,366,150,0,0,,,,,Disabled,23.4,44.8,998.0,10.1,0.000,0.000,249164,339956,246240,35792,4.01,78.46
2026-08-20 04:27:29,157413.812500,A0DB8AF16E20,0002,male,C57BL/6,1.1.1,FR1_Approach,0,Status,140,1047,366,150,0,0,,,,,Disabled,23.4,44.8,998.1,10.1,0.000,0.000,249164,339956,246240,35929,4.01,78.46
2026-08-20 04:37:31,158016.906250,A0DB8AF16E20,0002,male,C57BL/6,1.1.1,FR1_Approach,0,Status,140,1047,366,150,0,0,,,,,Disabled,23.3,44.8,998.1,10.1,0.000,0.000,249164,339956,246240,36066,4.01,78.46
2026-08-20 04:43:37,158383.203125,A0DB8AF16E20,0002,male,C57BL/6,1.1.1,FR1_Approach,0,PelletDrop,141,1048,366,150,0,0,,,,,,,,,,,,,,,,,,,,
2026-08-20 04:43:39,158384.718750,A0DB8AF16E20,0002,male,C57BL/6,1.1.1,FR1_Approach,0,PelletNotDetected,141,1048,366,150,0,0,,,,,,,,,,,,,,,,,,,,
2026-08-20 04:44:29,158435.250000,A0DB8AF16E20,0002,male,C57BL/6,1.1.1,FR1_Approach,0,PelletDrop,142,1050,366,150,0,0,,,,,,,,,,,,,,,,,,,,
2026-08-20 04:44:41,158447.359375,A0DB8AF16E20,0002,male,C57BL/6,1.1.1,FR1_Approach,0,PelletTaken,142,1050,366,150,0,0,11.213,339.000,0,3,,,,,,,,,,,,,,,,
2026-08-20 04:47:31,158617.359375,A0DB8AF16E20,0002,male,C57BL/6,1.1.1,FR1_Approach,0,Status,142,1050,366,150,0,0,,,,,Disabled,23.4,44.6,998.2,10.1,0.000,0.000,249164,339956,246240,36198,4.01,78.30
2026-08-20 04:48:08,158654.750000,A0DB8AF16E20,0002,male,C57BL/6,1.1.1,FR1_Approach,0,PelletDrop,143,1053,366,150,0,0,,,,,,,,,,,,,,,,,,,,
2026-08-20 04:48:18,158664.984375,A0DB8AF16E20,0002,male,C57BL/6,1.1.1,FR1_Approach,0,PelletTaken,143,1053,366,150,0,0,9.343,2001.000,0,2,,,,,,,,,,,,,,,,
2026-08-20 04:49:14,158720.906250,A0DB8AF16E20,0002,male,C57BL/6,1.1.1,FR1_Approach,0,PelletDrop,144,1057,366,150,0,0,,,,,,,,,,,,,,,,,,,,
2026-08-20 04:49:29,158735.437500,A0DB8AF16E20,0002,male,C57BL/6,1.1.1,FR1_Approach,0,PelletTaken,144,1057,366,150,0,0,13.601,2001.000,0,2,,,,,,,,,,,,,,,,
2026-08-20 04:50:52,158818.437500,A0DB8AF16E20,0002,male,C57BL/6,1.1.1,FR1_Approach,0,PelletDrop,145,1062,366,150,0,0,,,,,,,,,,,,,,,,,,,,
2026-08-20 04:51:04,158830.437500,A0DB8AF16E20,0002,male,C57BL/6,1.1.1,FR1_Approach,0,PelletTaken,145,1062,366,150,0,0,11.093,2001.000,0,2,,,,,,,,,,,,,,,,
2026-08-20 04:52:08,158894.984375,A0DB8AF16E20,0002,male,C57BL/6,1.1.1,FR1_Approach,0,PelletDrop,146,1068,366,150,0,0,,,,,,,,,,,,,,,,,,,,
2026-08-20 04:52:21,158907.859375,A0DB8AF16E20,0002,male,C57BL/6,1.1.1,FR1_Approach,0,PelletTaken,146,1068,366,150,0,0,11.973,2002.000,0,2,,,,,,,,,,,,,,,,
2026-08-20 04:57:02,159188.843750,A0DB8AF16E20,0002,male,C57BL/6,1.1.1,FR1_Approach,0,PelletDrop,147,1075,366,150,0,0,,,,,,,,,,,,,,,,,,,,
2026-08-20 04:57:16,159202.906250,A0DB8AF16E20,0002,male,C57BL/6,1.1.1,FR1_Approach,0,PelletTaken,147,1075,366,150,0,0,13.149,2001.000,0,3,,,,,,,,,,,,,,,,
2026-08-20 04:57:33,159219.750000,A0DB8AF16E20,0002,male,C57BL/6,1.1.1,FR1_Approach,0,Status,147,1075,366,150,0,0,,,,,Disabled,23.5,44.3,998.2,10.1,0.000,0.000,249164,339956,246240,36315,4.01,78.14
2026-08-20 05:07:35,159822.859375,A0DB8AF16E20,0002,male,C57BL/6,1.1.1,FR1_Approach,0,Status,147,1075,366,150,0,0,,,,,Disabled,23.5,44.7,998.3,10.1,0.000,0.000,249164,339956,246240,36452,4.01,78.14
2026-08-20 05:17:50,160438.609375,A0DB8AF16E20,0002,male,C57BL/6,1.1.1,FR1_Approach,0,Status,147,1081,369,150,0,0,,,,,Disabled,23.5,44.7,998.3,10.0,0.000,0.000,249164,339956,246240,36595,4.01,77.98
2026-08-20 05:18:04,160453.125000,A0DB8AF16E20,0002,male,C57BL/6,1.1.1,FR1_Approach,0,PelletDrop,148,1083,369,150,0,0,,,,,,,,,,,,,,,,,,,,
2026-08-20 05:18:16,160464.953125,A0DB8AF16E20,0002,male,C57BL/6,1.1.1,FR1_Approach,0,PelletTaken,148,1083,369,150,0,0,10.917,2002.000,0,2,,,,,,,,,,,,,,,,
2026-08-20 05:20:26,160595.296875,A0DB8AF16E20,0002,male,C57BL/6,1.1.1,FR1_Approach,0,PelletDrop,149,1092,371,152,0,0,,,,,,,,,,,,,,,,,,,,
2026-08-20 05:20:28,160596.812500,A0DB8AF16E20,0002,male,C57BL/6,1.1.1,FR1_Approach,0,PelletNotDetected,149,1092,371,152,0,0,,,,,,,,,,,,,,,,,,,,
2026-08-20 05:27:53,161042.421875,A0DB8AF16E20,0002,male,C57BL/6,1.1.1,FR1_Approach,0,Status,149,1092,371,152,0,0,,,,,Disabled,23.5,44.8,998.4,10.1,0.000,0.000,249164,339956,246240,36734,4.01,77.98
2026-08-20 05:30:12,161181.734375,A0DB8AF16E20,0002,male,C57BL/6,1.1.1,FR1_Approach,0,PelletDrop,150,1102,371,152,0,0,,,,,,,,,,,,,,,,,,,,
2026-08-20 05:30:13,161183.234375,A0DB8AF16E20,0002,male,C57BL/6,1.1.1,FR1_Approach,0,PelletNotDetected,150,1102,371,152,0,0,,,,,,,,,,,,,,,,,,,,
2026-08-20 05:37:56,161646.375000,A0DB8AF16E20,0002,male,C57BL/6,1.1.1,FR1_Approach,0,Status,150,1102,371,152,0,0,,,,,Disabled,23.5,44.9,998.6,10.1,0.000,0.000,249164,339956,246240,36874,4.00,77.81
2026-08-20 05:48:11,162262.593750,A0DB8AF16E20,0002,male,C57BL/6,1.1.1,FR1_Approach,0,PelletDrop,151,1113,376,152,0,0,,,,,,,,,,,,,,,,,,,,
2026-08-20 05:48:20,162271.156250,A0DB8AF16E20,0002,male,C57BL/6,1.1.1,FR1_Approach,0,PelletTaken,151,1113,376,152,0,0,7.639,2001.000,0,4,,,,,,,,,,,,,,,,
2026-08-20 05:48:28,162279.265625,A0DB8AF16E20,0002,male,C57BL/6,1.1.1,FR1_Approach,0,Status,151,1113,376,152,0,0,,,,,Disabled,23.5,44.8,998.7,10.0,0.000,0.000,249164,339956,246240,37024,4.00,77.81
2026-08-20 05:57:03,162795.312500,A0DB8AF16E20,0002,male,C57BL/6,1.1.1,FR1_Approach,0,PelletDrop,152,1125,379,152,0,0,,,,,,,,,,,,,,,,,,,,
2026-08-20 05:57:18,162809.515625,A0DB8AF16E20,0002,male,C57BL/6,1.1.1,FR1_Approach,0,PelletTaken,152,1125,379,152,0,0,13.282,477.000,0,2,,,,,,,,,,,,,,,,
2026-08-20 05:58:48,162899.703125,A0DB8AF16E20,0002,male,C57BL/6,1.1.1,FR1_Approach,0,Status,152,1135,381,155,0,0,,,,,Disabled,23.6,44.6,998.8,9.9,0.086,50.000,249164,339956,246240,37173,4.00,77.65
2026-08-20 05:59:08,162919.906250,A0DB8AF16E20,0002,male,C57BL/6,1.1.1,FR1_Approach,0,PelletDrop,153,1138,381,155,0,0,,,,,,,,,,,,,,,,,,,,
2026-08-20 05:59:19,162930.734375,A0DB8AF16E20,0002,male,C57BL/6,1.1.1,FR1_Approach,0,PelletTaken,153,1138,381,155,0,0,9.916,2001.000,0,2,,,,,,,,,,,,,,,,
2026-08-20 06:08:50,163503.281250,A0DB8AF16E20,0002,male,C57BL/6,1.1.1,FR1_Approach,0,Status,153,1138,381,155,0,0,,,,,Disabled,23.6,44.8,999.0,10.0,0.173,91.000,249164,339956,246240,37307,4.01,77.48
2026-08-20 06:18:53,164106.375000,A0DB8AF16E20,0002,male,C57BL/6,1.1.1,FR1_Approach,0,Status,153,1138,381,155,0,0,,,,,Disabled,23.6,45.0,999.1,10.0,0.180,92.000,249164,339956,246240,37444,4.01,77.48
2026-08-20 06:21:58,164292.187500,A0DB8AF16E20,0002,male,C57BL/6,1.1.1,FR1_Approach,0,PelletDrop,154,1152,393,159,0,0,,,,,,,,,,,,,,,,,,,,
2026-08-20 06:22:07,164301.281250,A0DB8AF16E20,0002,male,C57BL/6,1.1.1,FR1_Approach,0,PelletTaken,154,1152,393,159,0,0,8.200,2002.000,0,3,,,,,,,,,,,,,,,,
2026-08-20 06:28:53,164707.546875,A0DB8AF16E20,0002,male,C57BL/6,1.1.1,FR1_Approach,0,Status,154,1152,393,159,0,0,,,,,Disabled,23.6,45.1,999.2,10.1,0.187,102.000,249164,339956,246240,37595,4.00,77.32
2026-08-20 06:38:53,165308.625000,A0DB8AF16E20,0002,male,C57BL/6,1.1.1,FR1_Approach,0,Status,154,1152,395,164,0,0,,,,,Disabled,23.6,45.2,999.3,10.1,0.173,94.000,249164,339956,246240,37735,4.01,77.32
2026-08-20 06:45:04,165679.218750,A0DB8AF16E20,0002,male,C57BL/6,1.1.1,FR1_Approach,0,PelletDrop,155,1167,407,172,0,0,,,,,,,,,,,,,,,,,,,,
2026-08-20 06:45:15,165690.968750,A0DB8AF16E20,0002,male,C57BL/6,1.1.1,FR1_Approach,0,PelletTaken,155,1167,407,172,0,0,10.840,2001.000,0,2,,,,,,,,,,,,,,,,
2026-08-20 06:48:53,165909.093750,A0DB8AF16E20,0002,male,C57BL/6,1.1.1,FR1_Approach,0,Status,155,1167,407,172,0,0,,,,,Disabled,23.7,45.0,999.4,10.0,0.202,106.000,249164,339956,246240,37887,4.01,77.16
2026-08-20 06:58:53,166510.031250,A0DB8AF16E20,0002,male,C57BL/6,1.1.1,FR1_Approach,0,Status,155,1167,411,172,0,0,,,,,Disabled,23.7,45.3,999.6,10.0,0.115,69.000,249164,339956,246240,38027,4.00,77.16
2026-08-20 07:08:56,167113.109375,A0DB8AF16E20,0002,male,C57BL/6,1.1.1,FR1_Approach,0,Status,155,1167,411,172,0,0,,,,,Disabled,23.7,45.1,999.7,10.0,0.173,93.000,249164,339956,246240,38164,4.01,77.00
2026-08-20 07:12:19,167317.093750,A0DB8AF16E20,0002,male,C57BL/6,1.1.1,FR1_Approach,0,PelletDrop,156,1183,421,172,0,0,,,,,,,,,,,,,,,,,,,,
2026-08-20 07:12:31,167328.375000,A0DB8AF16E20,0002,male,C57BL/6,1.1.1,FR1_Approach,0,PelletTaken,156,1183,421,172,0,0,10.377,2001.000,0,2,,,,,,,,,,,,,,,,
2026-08-20 07:18:59,167717.125000,A0DB8AF16E20,0002,male,C57BL/6,1.1.1,FR1_Approach,0,Status,156,1183,421,172,0,0,,,,,Disabled,23.8,45.0,999.8,9.9,0.176,88.000,249164,339956,246240,38310,4.00,76.83
2026-08-20 07:29:01,168320.250000,A0DB8AF16E20,0002,male,C57BL/6,1.1.1,FR1_Approach,0,Status,156,1183,421,172,0,0,,,,,Disabled,23.8,45.1,1000.0,9.9,0.173,90.000,249164,339956,246240,38447,4.00,76.83
2026-08-20 07:39:03,168923.343750,A0DB8AF16E20,0002,male,C57BL/6,1.1.1,FR1_Approach,0,Status,156,1183,421,172,0,0,,,,,Disabled,23.8,45.1,1000.1,9.9,0.184,93.000,249164,339956,246240,38584,4.00,76.67
2026-08-20 07:49:06,169526.437500,A0DB8AF16E20,0002,male,C57BL/6,1.1.1,FR1_Approach,0,Status,156,1183,421,172,0,0,,,,,Disabled,23.8,45.1,1000.2,9.9,0.184,92.000,249164,339956,246240,38721,4.00,76.67
2026-08-20 07:59:08,170129.562500,A0DB8AF16E20,0002,male,C57BL/6,1.1.1,FR1_Approach,0,Status,156,1183,421,172,0,0,,,,,Disabled,23.8,45.1,1000.3,9.9,0.187,92.000,249164,339956,246240,38858,4.00,76.67
2026-08-20 08:09:10,170732.640625,A0DB8AF16E20,0002,male,C57BL/6,1.1.1,FR1_Approach,0,Status,156,1183,421,172,0,0,,,,,Disabled,23.8,45.0,1000.3,9.9,0.194,100.000,249164,339956,246240,38995,4.00,76.67
2026-08-20 08:19:12,171335.750000,A0DB8AF16E20,0002,male,C57BL/6,1.1.1,FR1_Approach,0,Status,156,1183,421,172,0,0,,,,,Disabled,23.8,45.0,1000.4,9.9,0.194,100.000,249164,339956,246240,39132,4.00,76.51
2026-08-20 08:29:15,171938.859375,A0DB8AF16E20,0002,male,C57BL/6,1.1.1,FR1_Approach,0,Status,156,1183,421,172,0,0,,,,,Disabled,23.8,44.9,1000.5,9.9,0.194,101.000,249164,339956,246240,39269,4.00,76.51
2026-08-20 08:39:17,172541.953125,A0DB8AF16E20,0002,male,C57BL/6,1.1.1,FR1_Approach,0,Status,156,1183,421,172,0,0,,,,,Disabled,23.8,44.9,1000.6,9.9,0.187,96.000,249164,339956,246240,39406,4.00,76.34
2026-08-20 08:49:19,173145.062500,A0DB8AF16E20,0002,male,C57BL/6,1.1.1,FR1_Approach,0,Status,156,1183,421,172,0,0,,,,,Disabled,23.7,44.9,1000.6,10.0,0.187,94.000,249164,339956,246240,39543,4.00,76.34
2026-08-20 08:59:22,173748.156250,A0DB8AF16E20,0002,male,C57BL/6,1.1.1,FR1_Approach,0,Status,156,1183,421,172,0,0,,,,,Disabled,23.7,44.8,1000.6,9.9,0.202,102.000,249164,339956,246240,39680,4.00,76.18
2026-08-20 09:09:24,174351.281250,A0DB8AF16E20,0002,male,C57BL/6,1.1.1,FR1_Approach,0,Status,156,1183,421,172,0,0,,,,,Disabled,23.7,44.8,1000.7,9.9,0.202,105.000,249164,339956,246240,39817,4.00,76.18
2026-08-20 09:19:26,174954.359375,A0DB8AF16E20,0002,male,C57BL/6,1.1.1,FR1_Approach,0,Status,156,1183,421,172,0,0,,,,,Disabled,23.7,44.7,1000.8,9.8,0.198,102.000,249164,339956,246240,39954,4.00,76.18
2026-08-20 09:29:28,175557.468750,A0DB8AF16E20,0002,male,C57BL/6,1.1.1,FR1_Approach,0,Status,156,1183,421,172,0,0,,,,,Disabled,23.7,44.7,1000.8,9.9,0.194,103.000,249164,339956,246240,40091,3.99,76.02
2026-08-20 09:39:03,176133.000000,A0DB8AF16E20,0002,male,C57BL/6,1.1.1,FR1_Approach,0,PelletDrop,157,1184,426,172,0,0,,,,,,,,,,,,,,,,,,,,
2026-08-20 09:39:05,176134.500000,A0DB8AF16E20,0002,male,C57BL/6,1.1.1,FR1_Approach,0,PelletNotDetected,157,1184,426,172,0,0,,,,,,,,,,,,,,,,,,,,
2026-08-20 09:39:30,176160.109375,A0DB8AF16E20,0002,male,C57BL/6,1.1.1,FR1_Approach,0,Status,157,1184,426,172,0,0,,,,,Disabled,23.7,44.7,1000.9,9.9,0.173,88.000,249164,339956,246240,40229,3.99,76.02
2026-08-20 09:41:15,176265.234375,A0DB8AF16E20,0002,male,C57BL/6,1.1.1,FR1_Approach,0,PelletDrop,158,1186,426,172,0,0,,,,,,,,,,,,,,,,,,,,
2026-08-20 09:41:29,176279.343750,A0DB8AF16E20,0002,male,C57BL/6,1.1.1,FR1_Approach,0,PelletTaken,158,1186,426,172,0,0,13.216,120.000,0,3,,,,,,,,,,,,,,,,
2026-08-20 09:42:29,176339.468750,A0DB8AF16E20,0002,male,C57BL/6,1.1.1,FR1_Approach,0,PelletDrop,159,1189,426,172,0,0,,,,,,,,,,,,,,,,,,,,
2026-08-20 09:42:44,176353.843750,A0DB8AF16E20,0002,male,C57BL/6,1.1.1,FR1_Approach,0,PelletTaken,159,1189,426,172,0,0,13.469,2002.000,0,2,,,,,,,,,,,,,,,,
2026-08-20 09:43:43,176412.796875,A0DB8AF16E20,0002,male,C57BL/6,1.1.1,FR1_Approach,0,PelletDrop,160,1193,426,172,0,0,,,,,,,,,,,,,,,,,,,,
2026-08-20 09:43:58,176427.937500,A0DB8AF16E20,0002,male,C57BL/6,1.1.1,FR1_Approach,0,PelletTaken,160,1193,426,172,0,0,14.239,2002.000,0,2,,,,,,,,,,,,,,,,
2026-08-20 09:46:05,176554.890625,A0DB8AF16E20,0002,male,C57BL/6,1.1.1,FR1_Approach,0,PelletDrop,161,1198,426,172,0,0,,,,,,,,,,,,,,,,,,,,
2026-08-20 09:46:20,176570.750000,A0DB8AF16E20,0002,male,C57BL/6,1.1.1,FR1_Approach,0,PelletTaken,161,1198,426,172,0,0,14.943,2002.000,0,2,,,,,,,,,,,,,,,,
2026-08-20 09:49:32,176763.078125,A0DB8AF16E20,0002,male,C57BL/6,1.1.1,FR1_Approach,0,Status,161,1198,427,172,0,0,,,,,Disabled,23.8,44.6,1001.0,9.8,0.065,47.000,249164,339956,246240,40354,3.99,75.69
2026-08-20 09:59:35,177366.203125,A0DB8AF16E20,0002,male,C57BL/6,1.1.1,FR1_Approach,0,Status,161,1198,427,172,0,0,,,,,Disabled,23.9,44.7,1001.1,9.8,0.036,35.000,249164,339956,246240,40491,3.99,75.69
2026-08-20 10:07:08,177820.000000,A0DB8AF16E20,0002,male,C57BL/6,1.1.1,FR1_Approach,0,PelletDrop,162,1204,427,172,0,0,,,,,,,,,,,,,,,,,,,,
2026-08-20 10:07:23,177834.984375,A0DB8AF16E20,0002,male,C57BL/6,1.1.1,FR1_Approach,0,PelletTaken,162,1204,427,172,0,0,14.075,444.000,0,2,,,,,,,,,,,,,,,,
2026-08-20 10:09:38,177969.984375,A0DB8AF16E20,0002,male,C57BL/6,1.1.1,FR1_Approach,0,Status,162,1204,427,172,0,0,,,,,Disabled,24.0,44.5,1001.2,9.7,0.140,76.000,249164,339956,246240,40626,3.99,75.53
2026-08-20 10:16:54,178406.312500,A0DB8AF16E20,0002,male,C57BL/6,1.1.1,FR1_Approach,0,PelletDrop,163,1211,430,172,0,0,,,,,,,,,,,,,,,,,,,,
2026-08-20 10:17:05,178418.109375,A0DB8AF16E20,0002,male,C57BL/6,1.1.1,FR1_Approach,0,PelletTaken,163,1211,430,172,0,0,10.894,1411.000,0,2,,,,,,,,,,,,,,,,
2026-08-20 10:19:38,178570.593750,A0DB8AF16E20,0002,male,C57BL/6,1.1.1,FR1_Approach,0,Status,163,1211,430,172,0,0,,,,,Disabled,24.0,44.6,1001.3,9.7,0.180,98.000,249164,339956,246240,40764,3.99,75.53
2026-08-20 10:29:40,179173.703125,A0DB8AF16E20,0002,male,C57BL/6,1.1.1,FR1_Approach,0,Status,163,1211,430,172,0,0,,,,,Disabled,24.0,44.8,1001.4,9.6,0.122,70.000,249164,339956,246240,40901,3.99,75.53
2026-08-20 10:31:06,179260.421875,A0DB8AF16E20,0002,male,C57BL/6,1.1.1,FR1_Approach,0,PelletDrop,164,1219,431,173,0,0,,,,,,,,,,,,,,,,,,,,
2026-08-20 10:31:17,179271.156250,A0DB8AF16E20,0002,male,C57BL/6,1.1.1,FR1_Approach,0,PelletTaken,164,1219,431,173,0,0,9.840,2002.000,0,2,,,,,,,,,,,,,,,,
2026-08-20 10:39:43,179778.062500,A0DB8AF16E20,0002,male,C57BL/6,1.1.1,FR1_Approach,0,Status,164,1219,431,173,0,0,,,,,Disabled,24.0,44.9,1001.5,9.6,0.166,88.000,249164,339956,246240,41038,3.98,75.37
2026-08-20 10:49:46,180381.140625,A0DB8AF16E20,0002,male,C57BL/6,1.1.1,FR1_Approach,0,Status,164,1219,431,173,0,0,,,,,Disabled,24.0,44.9,1001.6,9.6,0.101,62.000,249164,339956,246240,41175,3.99,75.37
2026-08-20 10:53:15,180590.640625,A0DB8AF16E20,0002,male,C57BL/6,1.1.1,FR1_Approach,0,PelletDrop,165,1228,433,173,0,0,,,,,,,,,,,,,,,,,,,,
2026-08-20 10:53:27,180602.359375,A0DB8AF16E20,0002,male,C57BL/6,1.1.1,FR1_Approach,0,PelletTaken,165,1228,433,173,0,0,10.796,2002.000,0,2,,,,,,,,,,,,,,,,
2026-08-20 10:54:47,180682.718750,A0DB8AF16E20,0002,male,C57BL/6,1.1.1,FR1_Approach,0,PelletDrop,166,1238,433,173,0,0,,,,,,,,,,,,,,,,,,,,
2026-08-20 10:55:00,180696.234375,A0DB8AF16E20,0002,male,C57BL/6,1.1.1,FR1_Approach,0,PelletTaken,166,1238,433,173,0,0,12.611,2001.000,0,2,,,,,,,,,,,,,,,,
2026-08-20 10:59:48,180984.343750,A0DB8AF16E20,0002,male,C57BL/6,1.1.1,FR1_Approach,0,Status,166,1238,433,173,0,0,,,,,Disabled,24.0,44.7,1001.7,9.6,0.122,74.000,249164,339956,246240,41308,3.99,75.20
2026-08-20 11:09:50,181587.468750,A0DB8AF16E20,0002,male,C57BL/6,1.1.1,FR1_Approach,0,Status,166,1238,433,173,0,0,,,,,Disabled,24.0,44.8,1001.7,9.6,0.090,54.000,249164,339956,246240,41445,3.98,75.04
2026-08-20 11:19:52,182190.031250,A0DB8AF16E20,0002,male,C57BL/6,1.1.1,FR1_Approach,0,Status,166,1241,433,179,0,0,,,,,Disabled,24.0,44.8,1001.8,9.6,0.122,72.000,249164,339956,246240,41588,3.98,75.04
2026-08-20 11:29:55,182793.140625,A0DB8AF16E20,0002,male,C57BL/6,1.1.1,FR1_Approach,0,Status,166,1241,433,179,0,0,,,,,Disabled,24.0,44.8,1001.8,9.6,0.256,127.000,249164,339956,246240,41725,3.99,75.04
2026-08-20 11:39:57,183396.250000,A0DB8AF16E20,0002,male,C57BL/6,1.1.1,FR1_Approach,0,Status,166,1241,433,179,0,0,,,,,Disabled,24.0,44.8,1001.8,9.6,0.284,136.000,249164,339956,246240,41862,3.99,74.88
2026-08-20 11:49:59,183999.343750,A0DB8AF16E20,0002,male,C57BL/6,1.1.1,FR1_Approach,0,Status,166,1241,433,179,0,0,,,,,Disabled,24.0,44.8,1001.8,9.7,0.266,130.000,249164,339956,246240,41999,3.98,74.88
2026-08-20 12:00:01,184602.453125,A0DB8AF16E20,0002,male,C57BL/6,1.1.1,FR1_Approach,0,Status,166,1241,433,179,0,0,,,,,Disabled,24.0,44.7,1001.8,9.7,0.266,130.000,249164,339956,246240,42136,3.99,74.71
2026-08-20 12:10:04,185205.546875,A0DB8AF16E20,0002,male,C57BL/6,1.1.1,FR1_Approach,0,Status,166,1241,433,179,0,0,,,,,Disabled,24.0,44.7,1001.9,9.7,0.281,138.000,249164,339956,246240,42273,3.99,74.71
2026-08-20 12:20:06,185808.671875,A0DB8AF16E20,0002,male,C57BL/6,1.1.1,FR1_Approach,0,Status,166,1241,433,179,0,0,,,,,Disabled,23.9,44.7,1001.9,9.7,0.284,138.000,249164,339956,246240,42410,3.98,74.71
2026-08-20 12:30:08,186411.781250,A0DB8AF16E20,0002,male,C57BL/6,1.1.1,FR1_Approach,0,Status,166,1241,433,179,0,0,,,,,Disabled,23.9,44.8,1001.9,9.7,0.281,138.000,249164,339956,246240,42547,3.98,74.55
2026-08-20 12:40:11,187014.875000,A0DB8AF16E20,0002,male,C57BL/6,1.1.1,FR1_Approach,0,Status,166,1241,433,179,0,0,,,,,Disabled,23.9,44.7,1001.9,9.7,0.281,138.000,249164,339956,246240,42684,3.98,74.55
2026-08-20 12:50:13,187618.000000,A0DB8AF16E20,0002,male,C57BL/6,1.1.1,FR1_Approach,0,Status,166,1241,433,179,0,0,,,,,Disabled,23.8,44.7,1001.9,9.8,0.281,138.000,249164,339956,246240,42821,3.99,74.55
2026-08-20 13:00:15,188221.078125,A0DB8AF16E20,0002,male,C57BL/6,1.1.1,FR1_Approach,0,Status,166,1241,433,179,0,0,,,,,Disabled,23.8,44.7,1001.9,9.8,0.281,136.000,249164,339956,246240,42958,3.98,74.38
2026-08-20 13:10:17,188824.203125,A0DB8AF16E20,0002,male,C57BL/6,1.1.1,FR1_Approach,0,Status,166,1241,433,179,0,0,,,,,Disabled,23.8,44.8,1001.8,9.8,0.324,167.000,249164,339956,246240,43095,3.98,74.38
2026-08-20 13:13:26,189013.296875,A0DB8AF16E20,0002,male,C57BL/6,1.1.1,FR1_Approach,0,PelletDrop,167,1242,433,179,0,0,,,,,,,,,,,,,,,,,,,,
2026-08-20 13:13:47,189034.187500,A0DB8AF16E20,0002,male,C57BL/6,1.1.1,FR1_Approach,0,PelletTaken,167,1242,433,179,0,0,TimedOut,1240.000,0,2,,,,,,,,,,,,,,,,
2026-08-20 13:15:32,189138.781250,A0DB8AF16E20,0002,male,C57BL/6,1.1.1,FR1_Approach,0,PelletDrop,168,1244,433,179,0,0,,,,,,,,,,,,,,,,,,,,
2026-08-20 13:15:50,189157.078125,A0DB8AF16E20,0002,male,C57BL/6,1.1.1,FR1_Approach,0,PelletTaken,168,1244,433,179,0,0,17.385,90.000,0,2,,,,,,,,,,,,,,,,
2026-08-20 13:16:48,189215.359375,A0DB8AF16E20,0002,male,C57BL/6,1.1.1,FR1_Approach,0,PelletDrop,169,1247,433,179,0,0,,,,,,,,,,,,,,,,,,,,
2026-08-20 13:17:08,189234.796875,A0DB8AF16E20,0002,male,C57BL/6,1.1.1,FR1_Approach,0,PelletTaken,169,1247,433,179,0,0,18.539,774.000,0,2,,,,,,,,,,,,,,,,
2026-08-20 13:20:19,189426.687500,A0DB8AF16E20,0002,male,C57BL/6,1.1.1,FR1_Approach,0,Status,169,1247,433,179,0,0,,,,,Disabled,23.8,44.5,1001.8,9.8,0.281,146.000,249164,339956,246240,43217,3.98,74.22
2026-08-20 13:30:21,190029.765625,A0DB8AF16E20,0002,male,C57BL/6,1.1.1,FR1_Approach,0,Status,169,1247,433,179,0,0,,,,,Disabled,23.8,44.8,1001.7,9.8,0.266,132.000,249164,339956,246240,43354,3.98,74.05
2026-08-20 13:34:31,190280.031250,A0DB8AF16E20,0002,male,C57BL/6,1.1.1,FR1_Approach,0,PelletDrop,170,1251,433,179,0,0,,,,,,,,,,,,,,,,,,,,
2026-08-20 13:34:48,190296.546875,A0DB8AF16E20,0002,male,C57BL/6,1.1.1,FR1_Approach,0,PelletTaken,170,1251,433,179,0,0,15.613,2001.000,0,2,,,,,,,,,,,,,,,,
2026-08-20 13:36:18,190386.515625,A0DB8AF16E20,0002,male,C57BL/6,1.1.1,FR1_Approach,0,PelletDrop,171,1256,433,179,0,0,,,,,,,,,,,,,,,,,,,,
2026-08-20 13:36:21,190390.062500,A0DB8AF16E20,0002,male,C57BL/6,1.1.1,FR1_Approach,0,PelletTaken,171,1256,433,179,0,0,2.655,2001.000,0,1,,,,,,,,,,,,,,,,
2026-08-20 13:37:35,190464.015625,A0DB8AF16E20,0002,male,C57BL/6,1.1.1,FR1_Approach,0,PelletDrop,172,1262,433,179,0,0,,,,,,,,,,,,,,,,,,,,
2026-08-20 13:37:50,190478.468750,A0DB8AF16E20,0002,male,C57BL/6,1.1.1,FR1_Approach,0,PelletTaken,172,1262,433,179,0,0,13.557,2002.000,0,2,,,,,,,,,,,,,,,,
2026-08-20 13:40:22,190630.953125,A0DB8AF16E20,0002,male,C57BL/6,1.1.1,FR1_Approach,0,Status,172,1262,433,179,0,0,,,,,Disabled,23.9,44.5,1001.7,9.8,0.212,107.000,249164,339956,246240,43482,3.98,74.05
2026-08-20 13:50:24,191234.078125,A0DB8AF16E20,0002,male,C57BL/6,1.1.1,FR1_Approach,0,Status,172,1262,433,179,0,0,,,,,Disabled,23.9,44.8,1001.7,9.7,0.151,93.000,249164,339956,246240,43619,3.98,73.89
2026-08-20 13:53:27,191417.328125,A0DB8AF16E20,0002,male,C57BL/6,1.1.1,FR1_Approach,0,PelletDrop,173,1269,433,179,0,0,,,,,,,,,,,,,,,,,,,,
2026-08-20 13:53:41,191431.234375,A0DB8AF16E20,0002,male,C57BL/6,1.1.1,FR1_Approach,0,PelletTaken,173,1269,433,179,0,0,13.007,1820.000,0,2,,,,,,,,,,,,,,,,
2026-08-20 14:00:27,191837.515625,A0DB8AF16E20,0002,male,C57BL/6,1.1.1,FR1_Approach,0,Status,173,1269,433,179,0,0,,,,,Disabled,24.0,44.8,1001.7,9.7,0.198,108.000,249164,339956,246240,43756,3.98,73.89
2026-08-20 14:10:29,192440.609375,A0DB8AF16E20,0002,male,C57BL/6,1.1.1,FR1_Approach,0,Status,173,1269,433,179,0,0,,,,,Disabled,24.0,44.7,1001.6,9.6,0.252,133.000,249164,339956,246240,43893,3.98,73.73
2026-08-20 14:20:31,193043.718750,A0DB8AF16E20,0002,male,C57BL/6,1.1.1,FR1_Approach,0,Status,173,1269,433,179,0,0,,,,,Disabled,24.0,44.8,1001.5,9.7,0.256,125.000,249164,339956,246240,44030,3.98,73.73
2026-08-20 14:30:34,193646.812500,A0DB8AF16E20,0002,male,C57BL/6,1.1.1,FR1_Approach,0,Status,173,1269,433,179,0,0,,,,,Disabled,24.0,44.8,1001.5,9.6,0.252,124.000,249164,339956,246240,44167,3.98,73.73
2026-08-20 14:40:36,194249.906250,A0DB8AF16E20,0002,male,C57BL/6,1.1.1,FR1_Approach,0,Status,173,1269,433,179,0,0,,,,,Disabled,24.0,44.8,1001.5,9.7,0.230,114.000,249164,339956,246240,44304,3.98,73.56
2026-08-20 14:50:38,194853.031250,A0DB8AF16E20,0002,male,C57BL/6,1.1.1,FR1_Approach,0,Status,173,1269,433,179,0,0,,,,,Disabled,23.9,44.8,1001.4,9.7,0.245,122.000,249164,339956,246240,44441,3.98,73.40
2026-08-20 15:00:40,195456.109375,A0DB8AF16E20,0002,male,C57BL/6,1.1.1,FR1_Approach,0,Status,173,1269,433,179,0,0,,,,,Disabled,23.9,44.7,1001.3,9.7,0.245,120.000,249164,339956,246240,44578,3.98,73.40
2026-08-20 15:10:43,196059.218750,A0DB8AF16E20,0002,male,C57BL/6,1.1.1,FR1_Approach,0,Status,173,1269,433,179,0,0,,,,,Disabled,23.9,44.7,1001.3,9.7,0.238,121.000,249164,339956,246240,44715,3.97,73.40
2026-08-20 15:20:45,196662.328125,A0DB8AF16E20,0002,male,C57BL/6,1.1.1,FR1_Approach,0,Status,173,1269,433,179,0,0,,,,,Disabled,23.9,44.7,1001.2,9.7,0.248,122.000,249164,339956,246240,44852,3.97,73.23
2026-08-20 15:30:47,197265.406250,A0DB8AF16E20,0002,male,C57BL/6,1.1.1,FR1_Approach,0,Status,173,1269,433,179,0,0,,,,,Disabled,23.9,44.6,1001.1,9.7,0.248,122.000,249164,339956,246240,44989,3.97,73.23
2026-08-20 15:36:10,197589.000000,A0DB8AF16E20,0002,male,C57BL/6,1.1.1,FR1_Approach,0,PelletDrop,174,1270,433,179,0,0,,,,,,,,,,,,,,,,,,,,
2026-08-20 15:36:28,197606.265625,A0DB8AF16E20,0002,male,C57BL/6,1.1.1,FR1_Approach,0,PelletTaken,174,1270,433,179,0,0,16.362,2001.000,0,2,,,,,,,,,,,,,,,,
2026-08-20 15:37:29,197667.531250,A0DB8AF16E20,0002,male,C57BL/6,1.1.1,FR1_Approach,0,PelletDrop,175,1272,433,179,0,0,,,,,,,,,,,,,,,,,,,,
2026-08-20 15:37:49,197688.031250,A0DB8AF16E20,0002,male,C57BL/6,1.1.1,FR1_Approach,0,PelletTaken,175,1272,433,179,0,0,19.596,2001.000,0,2,,,,,,,,,,,,,,,,
2026-08-20 15:39:06,197765.203125,A0DB8AF16E20,0002,male,C57BL/6,1.1.1,FR1_Approach,0,PelletDrop,176,1275,433,179,0,0,,,,,,,,,,,,,,,,,,,,
2026-08-20 15:39:24,197782.546875,A0DB8AF16E20,0002,male,C57BL/6,1.1.1,FR1_Approach,0,PelletTaken,176,1275,433,179,0,0,16.450,2002.000,0,2,,,,,,,,,,,,,,,,
2026-08-20 15:40:30,197848.968750,A0DB8AF16E20,0002,male,C57BL/6,1.1.1,FR1_Approach,0,PelletDrop,177,1279,433,179,0,0,,,,,,,,,,,,,,,,,,,,
2026-08-20 15:40:47,197865.484375,A0DB8AF16E20,0002,male,C57BL/6,1.1.1,FR1_Approach,0,PelletTaken,177,1279,433,179,0,0,15.592,2002.000,0,2,,,,,,,,,,,,,,,,
2026-08-20 15:40:55,197873.578125,A0DB8AF16E20,0002,male,C57BL/6,1.1.1,FR1_Approach,0,Status,177,1279,433,179,0,0,,,,,Disabled,24.0,43.9,1001.1,9.6,0.223,112.000,249164,339956,246240,45108,3.97,73.07
2026-08-20 15:41:44,197923.281250,A0DB8AF16E20,0002,male,C57BL/6,1.1.1,FR1_Approach,0,PelletDrop,178,1284,433,179,0,0,,,,,,,,,,,,,,,,,,,,
2026-08-20 15:42:01,197940.000000,A0DB8AF16E20,0002,male,C57BL/6,1.1.1,FR1_Approach,0,PelletTaken,178,1284,433,179,0,0,15.801,2001.000,0,2,,,,,,,,,,,,,,,,
2026-08-20 15:47:23,198262.093750,A0DB8AF16E20,0002,male,C57BL/6,1.1.1,FR1_Approach,0,PelletDrop,179,1290,433,179,0,0,,,,,,,,,,,,,,,,,,,,
2026-08-20 15:47:24,198263.093750,A0DB8AF16E20,0002,male,C57BL/6,1.1.1,FR1_Approach,0,PelletTaken,179,1290,433,179,0,0,0.105,2001.000,0,1,,,,,,,,,,,,,,,,
2026-08-20 15:49:30,198389.312500,A0DB8AF16E20,0002,male,C57BL/6,1.1.1,FR1_Approach,0,PelletDrop,180,1297,433,179,0,0,,,,,,,,,,,,,,,,,,,,
2026-08-20 15:49:48,198407.265625,A0DB8AF16E20,0002,male,C57BL/6,1.1.1,FR1_Approach,0,PelletTaken,180,1297,433,179,0,0,17.045,2002.000,0,2,,,,,,,,,,,,,,,,
2026-08-20 15:50:57,198476.609375,A0DB8AF16E20,0002,male,C57BL/6,1.1.1,FR1_Approach,0,Status,180,1297,433,179,0,0,,,,,Disabled,24.1,43.8,1001.0,9.5,0.223,112.000,249164,339956,246240,45234,3.97,72.91
2026-08-20 16:00:59,199079.703125,A0DB8AF16E20,0002,male,C57BL/6,1.1.1,FR1_Approach,0,Status,180,1297,433,179,0,0,,,,,Disabled,24.1,44.3,1001.0,9.6,0.245,120.000,249164,339956,246240,45371,3.97,72.91
2026-08-20 16:11:02,199682.812500,A0DB8AF16E20,0002,male,C57BL/6,1.1.1,FR1_Approach,0,Status,180,1297,433,179,0,0,,,,,Disabled,24.1,44.3,1001.0,9.6,0.238,120.000,249164,339956,246240,45508,3.97,72.74
2026-08-20 16:21:04,200285.921875,A0DB8AF16E20,0002,male,C57BL/6,1.1.1,FR1_Approach,0,Status,180,1297,433,179,0,0,,,,,Disabled,24.1,44.3,1001.0,9.6,0.248,120.000,249164,339956,246240,45645,3.97,72.74
2026-08-20 16:31:06,200889.015625,A0DB8AF16E20,0002,male,C57BL/6,1.1.1,FR1_Approach,0,Status,180,1297,433,179,0,0,,,,,Disabled,24.1,44.3,1000.9,9.6,0.230,114.000,249164,339956,246240,45782,3.97,72.74
2026-08-20 16:41:08,201492.109375,A0DB8AF16E20,0002,male,C57BL/6,1.1.1,FR1_Approach,0,Status,180,1297,433,179,0,0,,,,,Disabled,24.1,44.3,1000.9,9.7,0.230,114.000,249164,339956,246240,45919,3.97,72.58
2026-08-20 16:51:11,202095.218750,A0DB8AF16E20,0002,male,C57BL/6,1.1.1,FR1_Approach,0,Status,180,1297,433,179,0,0,,,,,Disabled,24.1,44.3,1000.9,9.7,0.245,123.000,249164,339956,246240,46056,3.97,72.58
2026-08-20 17:01:13,202698.312500,A0DB8AF16E20,0002,male,C57BL/6,1.1.1,FR1_Approach,0,Status,180,1297,433,179,0,0,,,,,Disabled,24.0,44.2,1001.0,9.7,0.263,127.000,249164,339956,246240,46193,3.96,72.58
2026-08-20 17:11:15,203301.421875,A0DB8AF16E20,0002,male,C57BL/6,1.1.1,FR1_Approach,0,Status,180,1297,433,179,0,0,,,,,Disabled,24.0,44.2,1001.0,9.7,0.245,118.000,249164,339956,246240,46330,3.97,72.41
2026-08-20 17:18:16,203722.640625,A0DB8AF16E20,0002,male,C57BL/6,1.1.1,FR1_Approach,0,PelletDrop,181,1298,433,179,0,0,,,,,,,,,,,,,,,,,,,,
2026-08-20 17:18:17,203724.156250,A0DB8AF16E20,0002,male,C57BL/6,1.1.1,FR1_Approach,0,PelletNotDetected,181,1298,433,179,0,0,,,,,,,,,,,,,,,,,,,,
2026-08-20 17:19:09,203776.046875,A0DB8AF16E20,0002,male,C57BL/6,1.1.1,FR1_Approach,0,PelletDrop,182,1300,433,179,0,0,,,,,,,,,,,,,,,,,,,,
2026-08-20 17:19:25,203791.656250,A0DB8AF16E20,0002,male,C57BL/6,1.1.1,FR1_Approach,0,PelletTaken,182,1300,433,179,0,0,14.712,2002.000,0,3,,,,,,,,,,,,,,,,
2026-08-20 17:20:39,203865.968750,A0DB8AF16E20,0002,male,C57BL/6,1.1.1,FR1_Approach,0,PelletDrop,183,1303,433,179,0,0,,,,,,,,,,,,,,,,,,,,
2026-08-20 17:20:41,203867.468750,A0DB8AF16E20,0002,male,C57BL/6,1.1.1,FR1_Approach,0,PelletNotDetected,183,1303,433,179,0,0,,,,,,,,,,,,,,,,,,,,
2026-08-20 17:21:28,203914.859375,A0DB8AF16E20,0002,male,C57BL/6,1.1.1,FR1_Approach,0,PelletDrop,184,1307,433,179,0,0,,,,,,,,,,,,,,,,,,,,
2026-08-20 17:21:48,203935.046875,A0DB8AF16E20,0002,male,C57BL/6,1.1.1,FR1_Approach,0,PelletTaken,184,1307,433,179,0,0,19.289,2002.000,0,3,,,,,,,,,,,,,,,,
2026-08-20 17:21:56,203943.156250,A0DB8AF16E20,0002,male,C57BL/6,1.1.1,FR1_Approach,0,Status,184,1307,433,179,0,0,,,,,Disabled,24.1,43.7,1001.1,9.6,0.230,112.000,249164,339956,246240,46464,3.97,72.41
2026-08-20 17:31:56,204543.921875,A0DB8AF16E20,0002,male,C57BL/6,1.1.1,FR1_Approach,0,Status,184,1311,433,179,0,0,,,,,Disabled,24.1,44.1,1001.1,9.6,0.241,114.000,249164,339956,246240,46601,3.96,72.25
2026-08-20 17:38:36,204943.890625,A0DB8AF16E20,0002,male,C57BL/6,1.1.1,FR1_Approach,0,PelletDrop,185,1312,433,179,0,0,,,,,,,,,,,,,,,,,,,,
2026-08-20 17:38:50,204958.281250,A0DB8AF16E20,0002,male,C57BL/6,1.1.1,FR1_Approach,0,PelletTaken,185,1312,433,179,0,0,13.469,447.000,0,2,,,,,,,,,,,,,,,,
2026-08-20 17:41:57,205145.750000,A0DB8AF16E20,0002,male,C57BL/6,1.1.1,FR1_Approach,0,Status,185,1312,433,179,0,0,,,,,Disabled,24.1,44.1,1001.2,9.6,0.133,72.000,249164,339956,246240,46734,3.97,72.09
2026-08-20 17:42:54,205202.218750,A0DB8AF16E20,0002,male,C57BL/6,1.1.1,FR1_Approach,0,PelletDrop,186,1318,434,179,0,0,,,,,,,,,,,,,,,,,,,,
2026-08-20 17:43:06,205214.359375,A0DB8AF16E20,0002,male,C57BL/6,1.1.1,FR1_Approach,0,PelletTaken,186,1318,434,179,0,0,11.225,2001.000,0,2,,,,,,,,,,,,,,,,
2026-08-20 17:49:23,205591.921875,A0DB8AF16E20,0002,male,C57BL/6,1.1.1,FR1_Approach,0,PelletDrop,187,1325,435,179,0,0,,,,,,,,,,,,,,,,,,,,
2026-08-20 17:49:35,205604.687500,A0DB8AF16E20,0002,male,C57BL/6,1.1.1,FR1_Approach,0,PelletTaken,187,1325,435,179,0,0,11.874,2002.000,0,2,,,,,,,,,,,,,,,,
2026-08-20 17:51:59,205748.437500,A0DB8AF16E20,0002,male,C57BL/6,1.1.1,FR1_Approach,0,Status,187,1325,435,179,0,0,,,,,Disabled,24.2,44.1,1001.2,9.6,0.122,72.000,249164,339956,246240,46869,3.97,72.09
2026-08-20 18:02:01,206351.546875,A0DB8AF16E20,0002,male,C57BL/6,1.1.1,FR1_Approach,0,Status,187,1325,435,179,0,0,,,,,Disabled,24.2,44.4,1001.2,9.6,0.000,0.000,249164,339956,246240,47006,3.97,71.92
2026-08-20 18:07:05,206655.203125,A0DB8AF16E20,0002,male,C57BL/6,1.1.1,FR1_Approach,0,PelletDrop,188,1333,436,179,0,0,,,,,,,,,,,,,,,,,,,,
2026-08-20 18:07:15,206665.984375,A0DB8AF16E20,0002,male,C57BL/6,1.1.1,FR1_Approach,0,PelletTaken,188,1333,436,179,0,0,9.861,2002.000,0,2,,,,,,,,,,,,,,,,
2026-08-20 18:12:03,206954.093750,A0DB8AF16E20,0002,male,C57BL/6,1.1.1,FR1_Approach,0,Status,188,1333,436,179,0,0,,,,,Disabled,24.2,44.4,1001.2,9.6,0.000,0.000,249164,339956,246240,47144,3.97,71.92
2026-08-20 18:22:05,207557.187500,A0DB8AF16E20,0002,male,C57BL/6,1.1.1,FR1_Approach,0,Status,188,1333,436,179,0,0,,,,,Disabled,24.2,44.5,1001.2,9.6,0.000,0.000,249164,339956,246240,47281,3.96,71.92
2026-08-20 18:25:56,207787.671875,A0DB8AF16E20,0002,male,C57BL/6,1.1.1,FR1_Approach,0,PelletDrop,189,1342,439,179,0,0,,,,,,,,,,,,,,,,,,,,
2026-08-20 18:26:07,207799.343750,A0DB8AF16E20,0002,male,C57BL/6,1.1.1,FR1_Approach,0,PelletTaken,189,1342,439,179,0,0,10.773,2001.000,0,2,,,,,,,,,,,,,,,,
2026-08-20 18:32:05,208157.468750,A0DB8AF16E20,0002,male,C57BL/6,1.1.1,FR1_Approach,0,Status,189,1342,439,179,0,0,,,,,Disabled,24.2,44.6,1001.2,9.6,0.000,0.000,249164,339956,246240,47419,3.96,71.76
2026-08-20 18:33:07,208220.140625,A0DB8AF16E20,0002,male,C57BL/6,1.1.1,FR1_Approach,0,PelletDrop,190,1352,442,182,0,0,,,,,,,,,,,,,,,,,,,,
2026-08-20 18:33:21,208233.421875,A0DB8AF16E20,0002,male,C57BL/6,1.1.1,FR1_Approach,0,PelletTaken,190,1352,442,182,0,0,12.390,1060.000,0,2,,,,,,,,,,,,,,,,
2026-08-20 18:42:04,208757.796875,A0DB8AF16E20,0002,male,C57BL/6,1.1.1,FR1_Approach,0,Status,190,1352,442,182,0,0,,,,,Disabled,24.2,44.5,1001.2,9.6,0.000,0.000,249164,339956,246240,47559,3.96,71.76
2026-08-20 18:52:07,209360.921875,A0DB8AF16E20,0002,male,C57BL/6,1.1.1,FR1_Approach,0,Status,190,1352,442,182,0,0,,,,,Disabled,24.2,44.6,1001.2,9.6,0.000,0.000,249164,339956,246240,47696,3.96,71.59
2026-08-20 19:02:09,209964.015625,A0DB8AF16E20,0002,male,C57BL/6,1.1.1,FR1_Approach,0,Status,190,1352,442,182,0,0,,,,,Disabled,24.2,44.5,1001.2,9.6,0.000,0.000,249164,339956,246240,47833,3.96,71.59
2026-08-20 19:12:11,210567.109375,A0DB8AF16E20,0002,male,C57BL/6,1.1.1,FR1_Approach,0,Status,190,1352,442,182,0,0,,,,,Disabled,24.2,44.5,1001.2,9.6,0.000,0.000,249164,339956,246240,47970,3.96,71.43
2026-08-20 19:22:14,211170.218750,A0DB8AF16E20,0002,male,C57BL/6,1.1.1,FR1_Approach,0,Status,190,1352,442,182,0,0,,,,,Disabled,24.2,44.5,1001.2,9.6,0.000,0.000,249164,339956,246240,48107,3.96,71.43
2026-08-20 19:32:16,211773.328125,A0DB8AF16E20,0002,male,C57BL/6,1.1.1,FR1_Approach,0,Status,190,1352,442,182,0,0,,,,,Disabled,24.2,44.4,1001.1,9.6,0.000,0.000,249164,339956,246240,48244,3.96,71.27
2026-08-20 19:42:18,212376.421875,A0DB8AF16E20,0002,male,C57BL/6,1.1.1,FR1_Approach,0,Status,190,1352,442,182,0,0,,,,,Disabled,24.2,44.4,1001.2,9.6,0.000,0.000,249164,339956,246240,48381,3.96,71.27
2026-08-20 19:42:44,212402.203125,A0DB8AF16E20,0002,male,C57BL/6,1.1.1,FR1_Approach,0,PelletDrop,191,1353,442,182,0,0,,,,,,,,,,,,,,,,,,,,
2026-08-20 19:42:59,212417.625000,A0DB8AF16E20,0002,male,C57BL/6,1.1.1,FR1_Approach,0,PelletTaken,191,1353,442,182,0,0,14.513,192.000,0,2,,,,,,,,,,,,,,,,
2026-08-20 19:43:46,212464.703125,A0DB8AF16E20,0002,male,C57BL/6,1.1.1,FR1_Approach,0,PelletDrop,192,1355,442,182,0,0,,,,,,,,,,,,,,,,,,,,
2026-08-20 19:43:59,212476.968750,A0DB8AF16E20,0002,male,C57BL/6,1.1.1,FR1_Approach,0,PelletTaken,192,1355,442,182,0,0,11.356,611.000,0,2,,,,,,,,,,,,,,,,
2026-08-20 19:45:01,212539.703125,A0DB8AF16E20,0002,male,C57BL/6,1.1.1,FR1_Approach,0,PelletDrop,193,1358,442,182,0,0,,,,,,,,,,,,,,,,,,,,
2026-08-20 19:45:13,212551.546875,A0DB8AF16E20,0002,male,C57BL/6,1.1.1,FR1_Approach,0,PelletTaken,193,1358,442,182,0,0,10.950,753.000,0,2,,,,,,,,,,,,,,,,
2026-08-20 19:46:12,212610.390625,A0DB8AF16E20,0002,male,C57BL/6,1.1.1,FR1_Approach,0,PelletDrop,194,1362,442,182,0,0,,,,,,,,,,,,,,,,,,,,
2026-08-20 19:46:24,212622.828125,A0DB8AF16E20,0002,male,C57BL/6,1.1.1,FR1_Approach,0,PelletTaken,194,1362,442,182,0,0,11.544,2002.000,0,2,,,,,,,,,,,,,,,,
2026-08-20 19:47:35,212694.000000,A0DB8AF16E20,0002,male,C57BL/6,1.1.1,FR1_Approach,0,PelletDrop,195,1367,442,182,0,0,,,,,,,,,,,,,,,,,,,,
2026-08-20 19:47:45,212703.703125,A0DB8AF16E20,0002,male,C57BL/6,1.1.1,FR1_Approach,0,PelletTaken,195,1367,442,182,0,0,8.795,2002.000,0,2,,,,,,,,,,,,,,,,
2026-08-20 19:49:03,212782.046875,A0DB8AF16E20,0002,male,C57BL/6,1.1.1,FR1_Approach,0,PelletDrop,196,1373,442,182,0,0,,,,,,,,,,,,,,,,,,,,
2026-08-20 19:49:13,212791.968750,A0DB8AF16E20,0002,male,C57BL/6,1.1.1,FR1_Approach,0,PelletTaken,196,1373,442,182,0,0,9.013,2001.000,0,2,,,,,,,,,,,,,,,,
2026-08-20 19:50:29,212867.906250,A0DB8AF16E20,0002,male,C57BL/6,1.1.1,FR1_Approach,0,PelletDrop,197,1380,442,182,0,0,,,,,,,,,,,,,,,,,,,,
2026-08-20 19:50:40,212878.640625,A0DB8AF16E20,0002,male,C57BL/6,1.1.1,FR1_Approach,0,PelletTaken,197,1380,442,182,0,0,9.806,2002.000,0,2,,,,,,,,,,,,,,,,
2026-08-20 19:52:20,212979.281250,A0DB8AF16E20,0002,male,C57BL/6,1.1.1,FR1_Approach,0,Status,197,1380,444,182,0,0,,,,,Disabled,24.3,43.7,1001.2,9.5,0.000,0.000,249164,339956,246240,48497,3.96,71.10
2026-08-20 20:02:23,213582.390625,A0DB8AF16E20,0002,male,C57BL/6,1.1.1,FR1_Approach,0,Status,197,1380,444,182,0,0,,,,,Disabled,24.3,44.2,1001.3,9.5,0.000,0.000,249164,339956,246240,48634,3.96,70.94
2026-08-20 20:11:10,214110.531250,A0DB8AF16E20,0002,male,C57BL/6,1.1.1,FR1_Approach,0,PelletDrop,198,1388,446,185,0,0,,,,,,,,,,,,,,,,,,,,
2026-08-20 20:11:22,214122.609375,A0DB8AF16E20,0002,male,C57BL/6,1.1.1,FR1_Approach,0,PelletTaken,198,1388,446,185,0,0,11.192,2002.000,0,2,,,,,,,,,,,,,,,,
2026-08-20 20:12:22,214182.468750,A0DB8AF16E20,0002,male,C57BL/6,1.1.1,FR1_Approach,0,Status,198,1388,446,186,0,0,,,,,Disabled,24.4,44.0,1001.3,9.5,0.000,0.000,249164,339956,246240,48772,3.95,70.77
2026-08-20 20:21:31,214732.625000,A0DB8AF16E20,0002,male,C57BL/6,1.1.1,FR1_Approach,0,PelletDrop,199,1397,447,186,0,0,,,,,,,,,,,,,,,,,,,,
2026-08-20 20:21:42,214743.765625,A0DB8AF16E20,0002,male,C57BL/6,1.1.1,FR1_Approach,0,PelletTaken,199,1397,447,186,0,0,10.235,2001.000,0,2,,,,,,,,,,,,,,,,
2026-08-20 20:22:21,214782.484375,A0DB8AF16E20,0002,male,C57BL/6,1.1.1,FR1_Approach,0,Status,199,1397,447,186,0,0,,,,,Disabled,24.4,44.1,1001.4,9.4,0.000,0.000,249164,339956,246240,48908,3.95,70.77
2026-08-20 20:32:31,215393.562500,A0DB8AF16E20,0002,male,C57BL/6,1.1.1,FR1_Approach,0,Status,199,1403,456,186,0,0,,,,,Disabled,24.4,44.4,1001.5,9.4,0.000,0.000,249164,339956,246240,49056,3.95,70.77
2026-08-20 20:32:41,215402.828125,A0DB8AF16E20,0002,male,C57BL/6,1.1.1,FR1_Approach,0,PelletDrop,200,1407,456,186,0,0,,,,,,,,,,,,,,,,,,,,
2026-08-20 20:32:51,215413.515625,A0DB8AF16E20,0002,male,C57BL/6,1.1.1,FR1_Approach,0,PelletTaken,200,1407,456,186,0,0,9.773,607.000,0,2,,,,,,,,,,,,,,,,
2026-08-20 20:42:32,215994.812500,A0DB8AF16E20,0002,male,C57BL/6,1.1.1,FR1_Approach,0,Status,200,1407,456,186,0,0,,,,,Disabled,24.4,44.3,1001.7,9.4,0.000,0.000,249164,339956,246240,49192,3.96,70.61
2026-08-20 20:50:38,216481.359375,A0DB8AF16E20,0002,male,C57BL/6,1.1.1,FR1_Approach,0,PelletDrop,201,1418,463,190,0,0,,,,,,,,,,,,,,,,,,,,
2026-08-20 20:50:47,216491.140625,A0DB8AF16E20,0002,male,C57BL/6,1.1.1,FR1_Approach,0,PelletTaken,201,1418,463,190,0,0,8.871,2001.000,0,2,,,,,,,,,,,,,,,,
2026-08-20 20:52:32,216595.500000,A0DB8AF16E20,0002,male,C57BL/6,1.1.1,FR1_Approach,0,Status,201,1418,463,190,0,0,,,,,Disabled,24.5,44.3,1001.8,9.4,0.000,0.000,249164,339956,246240,49341,3.95,70.61
2026-08-20 21:02:34,217198.593750,A0DB8AF16E20,0002,male,C57BL/6,1.1.1,FR1_Approach,0,Status,201,1418,463,190,0,0,,,,,Disabled,24.5,44.5,1001.9,9.4,0.000,0.000,249164,339956,246240,49478,3.95,70.45
2026-08-20 21:03:57,217281.375000,A0DB8AF16E20,0002,male,C57BL/6,1.1.1,FR1_Approach,0,PelletDrop,202,1430,465,191,0,0,,,,,,,,,,,,,,,,,,,,
2026-08-20 21:04:06,217291.140625,A0DB8AF16E20,0002,male,C57BL/6,1.1.1,FR1_Approach,0,PelletTaken,202,1430,465,191,0,0,8.849,2001.000,0,2,,,,,,,,,,,,,,,,
2026-08-20 21:12:37,217802.406250,A0DB8AF16E20,0002,male,C57BL/6,1.1.1,FR1_Approach,0,Status,202,1430,465,191,0,0,,,,,Disabled,24.5,44.4,1002.1,9.4,0.000,0.000,249164,339956,246240,49621,3.95,70.28
2026-08-20 21:18:27,218153.218750,A0DB8AF16E20,0002,male,C57BL/6,1.1.1,FR1_Approach,0,PelletDrop,203,1443,473,196,0,0,,,,,,,,,,,,,,,,,,,,
2026-08-20 21:18:39,218164.843750,A0DB8AF16E20,0002,male,C57BL/6,1.1.1,FR1_Approach,0,PelletTaken,203,1443,473,196,0,0,10.708,2002.000,0,2,,,,,,,,,,,,,,,,
2026-08-20 21:22:39,218404.843750,A0DB8AF16E20,0002,male,C57BL/6,1.1.1,FR1_Approach,0,Status,203,1443,473,196,0,0,,,,,Disabled,24.5,44.4,1002.2,9.4,0.000,0.000,249164,339956,246240,49769,3.95,70.28
2026-08-20 21:32:41,219007.937500,A0DB8AF16E20,0002,male,C57BL/6,1.1.1,FR1_Approach,0,Status,203,1443,473,196,0,0,,,,,Disabled,24.5,44.4,1002.3,9.5,0.000,0.000,249164,339956,246240,49906,3.95,70.12
2026-08-20 21:42:43,219611.093750,A0DB8AF16E20,0002,male,C57BL/6,1.1.1,FR1_Approach,0,Status,203,1443,473,196,0,0,,,,,Disabled,24.5,44.4,1002.3,9.5,0.000,0.000,249164,339956,246240,50043,3.95,70.12
2026-08-20 21:52:45,220214.171875,A0DB8AF16E20,0002,male,C57BL/6,1.1.1,FR1_Approach,0,Status,203,1443,473,196,0,0,,,,,Disabled,24.5,44.4,1002.4,9.5,0.000,0.000,249164,339956,246240,50180,3.95,70.12
2026-08-20 22:02:48,220817.296875,A0DB8AF16E20,0002,male,C57BL/6,1.1.1,FR1_Approach,0,Status,203,1443,473,196,0,0,,,,,Disabled,24.4,44.4,1002.5,9.5,0.000,0.000,249164,339956,246240,50317,3.95,69.95
2026-08-20 22:12:50,221420.406250,A0DB8AF16E20,0002,male,C57BL/6,1.1.1,FR1_Approach,0,Status,203,1443,473,196,0,0,,,,,Disabled,24.4,44.4,1002.5,9.5,0.000,0.000,249164,339956,246240,50454,3.95,69.95
2026-08-20 22:22:52,222023.484375,A0DB8AF16E20,0002,male,C57BL/6,1.1.1,FR1_Approach,0,Status,203,1443,473,196,0,0,,,,,Disabled,24.4,44.3,1002.6,9.5,0.000,0.000,249164,339956,246240,50591,3.95,69.95
2026-08-20 22:32:55,222626.593750,A0DB8AF16E20,0002,male,C57BL/6,1.1.1,FR1_Approach,0,Status,203,1443,473,196,0,0,,,,,Disabled,24.4,44.3,1002.7,9.5,0.000,0.000,249164,339956,246240,50728,3.95,69.79
2026-08-20 22:42:57,223229.703125,A0DB8AF16E20,0002,male,C57BL/6,1.1.1,FR1_Approach,0,Status,203,1443,473,196,0,0,,,,,Disabled,24.4,44.2,1002.7,9.6,0.000,0.000,249164,339956,246240,50865,3.95,69.79
2026-08-20 22:48:25,223558.015625,A0DB8AF16E20,0002,male,C57BL/6,1.1.1,FR1_Approach,0,PelletDrop,204,1444,473,196,0,0,,,,,,,,,,,,,,,,,,,,
2026-08-20 22:48:42,223575.078125,A0DB8AF16E20,0002,male,C57BL/6,1.1.1,FR1_Approach,0,PelletTaken,204,1444,473,196,0,0,16.142,257.000,0,2,,,,,,,,,,,,,,,,
2026-08-20 22:50:07,223660.656250,A0DB8AF16E20,0002,male,C57BL/6,1.1.1,FR1_Approach,0,PelletDrop,205,1446,473,196,0,0,,,,,,,,,,,,,,,,,,,,
2026-08-20 22:50:18,223671.343750,A0DB8AF16E20,0002,male,C57BL/6,1.1.1,FR1_Approach,0,PelletTaken,205,1446,473,196,0,0,9.785,2002.000,0,2,,,,,,,,,,,,,,,,
2026-08-20 22:51:34,223747.500000,A0DB8AF16E20,0002,male,C57BL/6,1.1.1,FR1_Approach,0,PelletDrop,206,1449,473,196,0,0,,,,,,,,,,,,,,,,,,,,
2026-08-20 22:51:49,223762.765625,A0DB8AF16E20,0002,male,C57BL/6,1.1.1,FR1_Approach,0,PelletTaken,206,1449,473,196,0,0,14.360,2002.000,0,2,,,,,,,,,,,,,,,,
2026-08-20 22:52:36,223810.046875,A0DB8AF16E20,0002,male,C57BL/6,1.1.1,FR1_Approach,0,PelletDrop,207,1453,473,196,0,0,,,,,,,,,,,,,,,,,,,,
2026-08-20 22:52:50,223823.468750,A0DB8AF16E20,0002,male,C57BL/6,1.1.1,FR1_Approach,0,PelletTaken,207,1453,473,196,0,0,12.512,2002.000,0,2,,,,,,,,,,,,,,,,
2026-08-20 22:52:58,223831.562500,A0DB8AF16E20,0002,male,C57BL/6,1.1.1,FR1_Approach,0,Status,207,1453,473,196,0,0,,,,,Disabled,24.5,43.5,1002.8,9.5,0.000,0.000,249164,339956,246240,50985,3.90,69.62
2026-08-20 22:53:48,223881.265625,A0DB8AF16E20,0002,male,C57BL/6,1.1.1,FR1_Approach,0,PelletDrop,208,1458,473,196,0,0,,,,,,,,,,,,,,,,,,,,
2026-08-20 22:53:49,223882.765625,A0DB8AF16E20,0002,male,C57BL/6,1.1.1,FR1_Approach,0,PelletNotDetected,208,1458,473,196,0,0,,,,,,,,,,,,,,,,,,,,
2026-08-20 22:54:46,223939.265625,A0DB8AF16E20,0002,male,C57BL/6,1.1.1,FR1_Approach,0,PelletDrop,209,1464,473,196,0,0,,,,,,,,,,,,,,,,,,,,
2026-08-20 22:54:48,223941.984375,A0DB8AF16E20,0002,male,C57BL/6,1.1.1,FR1_Approach,0,PelletTaken,209,1464,473,196,0,0,1.809,2001.000,0,2,,,,,,,,,,,,,,,,
2026-08-20 22:57:20,224093.671875,A0DB8AF16E20,0002,male,C57BL/6,1.1.1,FR1_Approach,0,PelletDrop,210,1471,473,196,0,0,,,,,,,,,,,,,,,,,,,,
2026-08-20 22:57:32,224106.281250,A0DB8AF16E20,0002,male,C57BL/6,1.1.1,FR1_Approach,0,PelletTaken,210,1471,473,196,0,0,11.698,2002.000,0,2,,,,,,,,,,,,,,,,
2026-08-20 23:02:59,224433.765625,A0DB8AF16E20,0002,male,C57BL/6,1.1.1,FR1_Approach,0,Status,210,1471,473,196,0,0,,,,,Disabled,24.5,44.0,1002.8,9.4,0.000,0.000,249164,339956,246240,51118,3.95,69.46
2026-08-20 23:13:02,225036.875000,A0DB8AF16E20,0002,male,C57BL/6,1.1.1,FR1_Approach,0,Status,210,1471,473,196,0,0,,,,,Disabled,24.6,44.1,1002.9,9.4,0.000,0.000,249164,339956,246240,51255,3.94,69.46
2026-08-20 23:23:04,225640.453125,A0DB8AF16E20,0002,male,C57BL/6,1.1.1,FR1_Approach,0,Status,210,1471,473,196,0,0,,,,,Disabled,24.6,44.0,1003.0,9.4,0.000,0.000,249164,339956,246240,51393,3.94,69.30
2026-08-20 23:23:58,225694.421875,A0DB8AF16E20,0002,male,C57BL/6,1.1.1,FR1_Approach,0,PelletDrop,211,1479,474,196,0,0,,,,,,,,,,,,,,,,,,,,
2026-08-20 23:24:09,225705.531250,A0DB8AF16E20,0002,male,C57BL/6,1.1.1,FR1_Approach,0,PelletTaken,211,1479,474,196,0,0,10.214,2002.000,0,2,,,,,,,,,,,,,,,,
2026-08-20 23:33:06,226243.046875,A0DB8AF16E20,0002,male,C57BL/6,1.1.1,FR1_Approach,0,Status,211,1479,474,196,0,0,,,,,Disabled,24.6,44.0,1003.0,9.4,0.000,0.000,249164,339956,246240,51530,3.94,69.30
2026-08-20 23:38:26,226563.578125,A0DB8AF16E20,0002,male,C57BL/6,1.1.1,FR1_Approach,0,PelletDrop,212,1488,478,197,0,0,,,,,,,,,,,,,,,,,,,,
2026-08-20 23:38:36,226572.968750,A0DB8AF16E20,0002,male,C57BL/6,1.1.1,FR1_Approach,0,PelletTaken,212,1488,478,197,0,0,8.475,656.000,0,2,,,,,,,,,,,,,,,,
2026-08-20 23:43:06,226843.609375,A0DB8AF16E20,0002,male,C57BL/6,1.1.1,FR1_Approach,0,Status,212,1488,478,197,0,0,,,,,Disabled,24.6,44.0,1003.0,9.5,0.000,0.000,249164,339956,246240,51674,3.94,69.30
2026-08-20 23:53:07,227445.812500,A0DB8AF16E20,0002,male,C57BL/6,1.1.1,FR1_Approach,0,Status,212,1488,481,197,0,0,,,,,Disabled,24.6,44.0,1003.0,9.5,0.000,0.000,249164,339956,246240,51813,3.94,69.13
2026-08-21 00:03:10,228048.906250,A0DB8AF16E20,0002,male,C57BL/6,1.1.1,FR1_Approach,0,Status,212,1488,481,197,0,0,,,,,Disabled,24.6,44.0,1003.0,9.5,0.000,0.000,249164,339956,246240,51950,3.94,69.13
2026-08-21 00:10:11,228471.218750,A0DB8AF16E20,0002,male,C57BL/6,1.1.1,FR1_Approach,0,PelletDrop,213,1489,485,213,0,0,,,,,,,,,,,,,,,,,,,,
2026-08-21 00:10:13,228472.718750,A0DB8AF16E20,0002,male,C57BL/6,1.1.1,FR1_Approach,0,PelletNotDetected,213,1489,485,213,0,0,,,,,,,,,,,,,,,,,,,,
2026-08-21 00:11:27,228547.343750,A0DB8AF16E20,0002,male,C57BL/6,1.1.1,FR1_Approach,0,PelletDrop,214,1491,489,216,0,0,,,,,,,,,,,,,,,,,,,,
2026-08-21 00:11:40,228559.953125,A0DB8AF16E20,0002,male,C57BL/6,1.1.1,FR1_Approach,0,PelletTaken,214,1491,489,216,0,0,11.698,357.000,0,3,,,,,,,,,,,,,,,,
2026-08-21 00:13:11,228651.187500,A0DB8AF16E20,0002,male,C57BL/6,1.1.1,FR1_Approach,0,Status,214,1491,489,216,0,0,,,,,Disabled,24.6,44.0,1003.1,9.4,0.000,0.000,249164,339956,246240,52101,3.94,68.97
2026-08-21 00:19:59,229059.140625,A0DB8AF16E20,0002,male,C57BL/6,1.1.1,FR1_Approach,0,PelletDrop,215,1494,496,218,0,0,,,,,,,,,,,,,,,,,,,,
2026-08-21 00:20:11,229071.453125,A0DB8AF16E20,0002,male,C57BL/6,1.1.1,FR1_Approach,0,PelletTaken,215,1494,496,218,0,0,11.423,114.000,0,2,,,,,,,,,,,,,,,,
2026-08-21 00:21:25,229145.390625,A0DB8AF16E20,0002,male,C57BL/6,1.1.1,FR1_Approach,0,PelletDrop,216,1498,497,218,0,0,,,,,,,,,,,,,,,,,,,,
2026-08-21 00:21:40,229160.875000,A0DB8AF16E20,0002,male,C57BL/6,1.1.1,FR1_Approach,0,PelletTaken,216,1498,497,218,0,0,14.579,107.000,0,2,,,,,,,,,,,,,,,,
2026-08-21 00:23:11,229252.093750,A0DB8AF16E20,0002,male,C57BL/6,1.1.1,FR1_Approach,0,Status,216,1498,497,218,0,0,,,,,Disabled,24.6,43.9,1003.0,9.4,0.000,0.000,249164,339956,246240,52239,3.94,68.97
2026-08-21 00:33:14,229855.187500,A0DB8AF16E20,0002,male,C57BL/6,1.1.1,FR1_Approach,0,Status,216,1498,497,218,0,0,,,,,Disabled,24.6,44.1,1003.1,9.5,0.000,0.000,249164,339956,246240,52376,3.94,68.80
2026-08-21 00:37:59,230140.578125,A0DB8AF16E20,0002,male,C57BL/6,1.1.1,FR1_Approach,0,PelletDrop,217,1503,501,223,0,0,,,,,,,,,,,,,,,,,,,,
2026-08-21 00:38:09,230150.453125,A0DB8AF16E20,0002,male,C57BL/6,1.1.1,FR1_Approach,0,PelletTaken,217,1503,501,223,0,0,8.970,1380.000,0,2,,,,,,,,,,,,,,,,
2026-08-21 00:41:07,230329.625000,A0DB8AF16E20,0002,male,C57BL/6,1.1.1,FR1_Approach,0,PelletDrop,218,1509,503,247,0,0,,,,,,,,,,,,,,,,,,,,
2026-08-21 00:41:20,230341.953125,A0DB8AF16E20,0002,male,C57BL/6,1.1.1,FR1_Approach,0,PelletTaken,218,1509,503,247,0,0,11.413,61.000,0,2,,,,,,,,,,,,,,,,
2026-08-21 00:43:17,230459.437500,A0DB8AF16E20,0002,male,C57BL/6,1.1.1,FR1_Approach,0,Status,218,1509,503,247,0,0,,,,,Disabled,24.6,44.0,1003.0,9.5,0.000,0.000,249164,339956,246240,52539,3.94,68.80
2026-08-21 00:53:17,231060.359375,A0DB8AF16E20,0002,male,C57BL/6,1.1.1,FR1_Approach,0,Status,218,1509,503,248,0,0,,,,,Disabled,24.6,44.1,1003.0,9.5,0.000,0.000,249164,339956,246240,52676,3.94,68.64
2026-08-21 01:03:19,231663.453125,A0DB8AF16E20,0002,male,C57BL/6,1.1.1,FR1_Approach,0,Status,218,1509,503,248,0,0,,,,,Disabled,24.6,44.1,1003.0,9.6,0.000,0.000,249164,339956,246240,52813,3.94,68.64
2026-08-21 01:06:28,231852.671875,A0DB8AF16E20,0002,male,C57BL/6,1.1.1,FR1_Approach,0,PelletDrop,219,1516,507,250,0,0,,,,,,,,,,,,,,,,,,,,
2026-08-21 01:06:38,231862.687500,A0DB8AF16E20,0002,male,C57BL/6,1.1.1,FR1_Approach,0,PelletTaken,219,1516,507,250,0,0,9.091,2001.000,0,2,,,,,,,,,,,,,,,,
2026-08-21 01:13:19,232264.125000,A0DB8AF16E20,0002,male,C57BL/6,1.1.1,FR1_Approach,0,Status,219,1516,509,251,0,0,,,,,Disabled,24.6,44.1,1002.9,9.5,0.000,0.000,249164,339956,246240,52954,3.94,68.48
2026-08-21 01:23:22,232867.218750,A0DB8AF16E20,0002,male,C57BL/6,1.1.1,FR1_Approach,0,Status,219,1516,509,251,0,0,,,,,Disabled,24.6,44.1,1002.8,9.6,0.000,0.000,249164,339956,246240,53091,3.94,68.48
2026-08-21 01:33:24,233470.343750,A0DB8AF16E20,0002,male,C57BL/6,1.1.1,FR1_Approach,0,Status,219,1516,509,251,0,0,,,,,Disabled,24.5,44.1,1002.8,9.6,0.000,0.000,249164,339956,246240,53228,3.94,68.48
2026-08-21 01:36:36,233662.312500,A0DB8AF16E20,0002,male,C57BL/6,1.1.1,FR1_Approach,0,PelletDrop,220,1524,511,251,0,0,,,,,,,,,,,,,,,,,,,,
2026-08-21 01:36:47,233673.984375,A0DB8AF16E20,0002,male,C57BL/6,1.1.1,FR1_Approach,0,PelletTaken,220,1524,511,251,0,0,10.763,2001.000,0,2,,,,,,,,,,,,,,,,
2026-08-21 01:38:20,233766.515625,A0DB8AF16E20,0002,male,C57BL/6,1.1.1,FR1_Approach,0,PelletDrop,221,1533,514,255,0,0,,,,,,,,,,,,,,,,,,,,
2026-08-21 01:38:32,233778.640625,A0DB8AF16E20,0002,male,C57BL/6,1.1.1,FR1_Approach,0,PelletTaken,221,1533,514,255,0,0,11.225,2002.000,0,2,,,,,,,,,,,,,,,,
2026-08-21 01:43:24,234071.125000,A0DB8AF16E20,0002,male,C57BL/6,1.1.1,FR1_Approach,0,Status,221,1533,514,255,0,0,,,,,Disabled,24.6,43.9,1002.8,9.6,0.000,0.000,249164,339956,246240,53367,3.94,68.31
2026-08-21 01:53:27,234675.484375,A0DB8AF16E20,0002,male,C57BL/6,1.1.1,FR1_Approach,0,Status,221,1541,517,271,0,0,,,,,Disabled,24.6,44.0,1002.7,9.5,0.000,0.000,249164,339956,246240,53520,3.93,68.31
2026-08-21 01:53:43,234691.140625,A0DB8AF16E20,0002,male,C57BL/6,1.1.1,FR1_Approach,0,PelletDrop,222,1543,517,271,0,0,,,,,,,,,,,,,,,,,,,,
2026-08-21 01:53:55,234702.718750,A0DB8AF16E20,0002,male,C57BL/6,1.1.1,FR1_Approach,0,PelletTaken,222,1543,517,271,0,0,10.675,2001.000,0,2,,,,,,,,,,,,,,,,
2026-08-21 02:03:33,235282.312500,A0DB8AF16E20,0002,male,C57BL/6,1.1.1,FR1_Approach,0,Status,222,1543,521,271,0,0,,,,,Disabled,24.6,43.9,1002.6,9.5,0.000,0.000,249164,339956,246240,53657,3.93,68.02
2026-08-21 02:05:12,235381.375000,A0DB8AF16E20,0002,male,C57BL/6,1.1.1,FR1_Approach,0,PelletDrop,223,1554,526,274,0,0,,,,,,,,,,,,,,,,,,,,
2026-08-21 02:05:24,235393.343750,A0DB8AF16E20,0002,male,C57BL/6,1.1.1,FR1_Approach,0,PelletTaken,223,1554,526,274,0,0,11.071,2002.000,0,2,,,,,,,,,,,,,,,,
2026-08-21 02:07:20,235508.640625,A0DB8AF16E20,0002,male,C57BL/6,1.1.1,FR1_Approach,0,PelletDrop,224,1566,540,274,0,0,,,,,,,,,,,,,,,,,,,,
2026-08-21 02:07:21,235510.125000,A0DB8AF16E20,0002,male,C57BL/6,1.1.1,FR1_Approach,0,PelletNotDetected,224,1566,540,274,0,0,,,,,,,,,,,,,,,,,,,,
2026-08-21 02:13:36,235885.765625,A0DB8AF16E20,0002,male,C57BL/6,1.1.1,FR1_Approach,0,Status,224,1566,540,274,0,0,,,,,Disabled,24.7,43.9,1002.5,9.5,0.000,0.000,249164,339956,246240,53814,3.93,67.88
2026-08-21 02:23:38,236488.875000,A0DB8AF16E20,0002,male,C57BL/6,1.1.1,FR1_Approach,0,Status,224,1566,540,274,0,0,,,,,Disabled,24.7,43.9,1002.5,9.4,0.000,0.000,249164,339956,246240,53951,3.93,67.88
2026-08-21 02:33:41,237091.968750,A0DB8AF16E20,0002,male,C57BL/6,1.1.1,FR1_Approach,0,Status,224,1566,540,274,0,0,,,,,Disabled,24.7,43.9,1002.5,9.5,0.000,0.000,249164,339956,246240,54088,3.93,67.88
2026-08-21 02:43:41,237693.125000,A0DB8AF16E20,0002,male,C57BL/6,1.1.1,FR1_Approach,0,Status,224,1566,540,274,0,0,,,,,Disabled,24.6,43.9,1002.3,9.6,0.000,0.000,249164,339956,246240,54225,3.93,67.88
2026-08-21 02:53:43,238296.218750,A0DB8AF16E20,0002,male,C57BL/6,1.1.1,FR1_Approach,0,Status,224,1566,540,274,0,0,,,,,Disabled,24.6,43.8,1002.3,9.6,0.000,0.000,249164,339956,246240,54362,3.93,67.73
2026-08-21 03:03:46,238899.328125,A0DB8AF16E20,0002,male,C57BL/6,1.1.1,FR1_Approach,0,Status,224,1566,540,274,0,0,,,,,Disabled,24.6,43.8,1002.2,9.6,0.000,0.000,249164,339956,246240,54499,3.93,67.73
2026-08-21 03:13:48,239502.453125,A0DB8AF16E20,0002,male,C57BL/6,1.1.1,FR1_Approach,0,Status,224,1566,540,274,0,0,,,,,Disabled,24.6,43.8,1002.1,9.6,0.000,0.000,249164,339956,246240,54636,3.93,67.73
2026-08-21 03:23:50,240105.531250,A0DB8AF16E20,0002,male,C57BL/6,1.1.1,FR1_Approach,0,Status,224,1566,540,274,0,0,,,,,Disabled,24.5,43.8,1002.1,9.6,0.000,0.000,249164,339956,246240,54773,3.93,67.59
2026-08-21 03:33:52,240708.640625,A0DB8AF16E20,0002,male,C57BL/6,1.1.1,FR1_Approach,0,Status,224,1566,540,274,0,0,,,,,Disabled,24.5,43.7,1002.1,9.7,0.000,0.000,249164,339956,246240,54910,3.93,67.59
2026-08-21 03:40:16,241092.453125,A0DB8AF16E20,0002,male,C57BL/6,1.1.1,FR1_Approach,0,PelletDrop,225,1567,541,274,0,0,,,,,,,,,,,,,,,,,,,,
2026-08-21 03:40:31,241108.140625,A0DB8AF16E20,0002,male,C57BL/6,1.1.1,FR1_Approach,0,PelletTaken,225,1567,541,274,0,0,14.789,2002.000,0,3,,,,,,,,,,,,,,,,
2026-08-21 03:41:42,241178.468750,A0DB8AF16E20,0002,male,C57BL/6,1.1.1,FR1_Approach,0,PelletDrop,226,1569,541,274,0,0,,,,,,,,,,,,,,,,,,,,
2026-08-21 03:41:58,241195.062500,A0DB8AF16E20,0002,male,C57BL/6,1.1.1,FR1_Approach,0,PelletTaken,226,1569,541,274,0,0,15.680,765.000,0,2,,,,,,,,,,,,,,,,
2026-08-21 03:43:53,241310.031250,A0DB8AF16E20,0002,male,C57BL/6,1.1.1,FR1_Approach,0,Status,226,1571,541,274,0,0,,,,,Disabled,24.6,43.4,1002.2,9.6,0.000,0.000,249164,339956,246240,55037,3.93,67.45
2026-08-21 03:53:55,241913.125000,A0DB8AF16E20,0002,male,C57BL/6,1.1.1,FR1_Approach,0,Status,226,1571,541,274,0,0,,,,,Disabled,24.6,43.6,1002.3,9.5,0.000,0.000,249164,339956,246240,55174,3.93,67.30
2026-08-21 04:03:58,242516.234375,A0DB8AF16E20,0002,male,C57BL/6,1.1.1,FR1_Approach,0,Status,226,1571,541,274,0,0,,,,,Disabled,24.6,43.6,1002.3,9.6,0.000,0.000,249164,339956,246240,55311,3.93,67.30
2026-08-21 04:14:00,243119.343750,A0DB8AF16E20,0002,male,C57BL/6,1.1.1,FR1_Approach,0,Status,226,1571,541,274,0,0,,,,,Disabled,24.6,43.6,1002.4,9.6,0.000,0.000,249164,339956,246240,55448,3.93,67.16
2026-08-21 04:24:02,243722.421875,A0DB8AF16E20,0002,male,C57BL/6,1.1.1,FR1_Approach,0,Status,226,1571,541,274,0,0,,,,,Disabled,24.5,43.6,1002.5,9.6,0.000,0.000,249164,339956,246240,55585,3.93,67.16
2026-08-21 04:34:04,244325.546875,A0DB8AF16E20,0002,male,C57BL/6,1.1.1,FR1_Approach,0,Status,226,1571,541,274,0,0,,,,,Disabled,24.5,43.6,1002.5,9.6,0.000,0.000,249164,339956,246240,55722,3.93,67.16
2026-08-21 04:44:07,244928.640625,A0DB8AF16E20,0002,male,C57BL/6,1.1.1,FR1_Approach,0,Status,226,1571,541,274,0,0,,,,,Disabled,24.5,43.5,1002.6,9.7,0.000,0.000,249164,339956,246240,55859,3.93,67.01
2026-08-21 04:54:09,245531.734375,A0DB8AF16E20,0002,male,C57BL/6,1.1.1,FR1_Approach,0,Status,226,1571,541,274,0,0,,,,,Disabled,24.5,43.5,1002.6,9.6,0.000,0.000,249164,339956,246240,55996,3.93,67.01
2026-08-21 05:04:11,246134.843750,A0DB8AF16E20,0002,male,C57BL/6,1.1.1,FR1_Approach,0,Status,226,1571,541,274,0,0,,,,,Disabled,24.5,43.5,1002.7,9.6,0.000,0.000,249164,339956,246240,56133,3.93,67.01
2026-08-21 05:14:14,246737.937500,A0DB8AF16E20,0002,male,C57BL/6,1.1.1,FR1_Approach,0,Status,226,1571,541,274,0,0,,,,,Disabled,24.5,43.4,1002.7,9.6,0.000,0.000,249164,339956,246240,56270,3.93,67.01
2026-08-21 05:18:27,246991.453125,A0DB8AF16E20,0002,male,C57BL/6,1.1.1,FR1_Approach,0,PelletDrop,227,1572,542,274,0,0,,,,,,,,,,,,,,,,,,,,
2026-08-21 05:18:43,247008.062500,A0DB8AF16E20,0002,male,C57BL/6,1.1.1,FR1_Approach,0,PelletTaken,227,1572,542,274,0,0,15.713,585.000,0,2,,,,,,,,,,,,,,,,
2026-08-21 05:19:41,247065.781250,A0DB8AF16E20,0002,male,C57BL/6,1.1.1,FR1_Approach,0,PelletDrop,228,1574,542,274,0,0,,,,,,,,,,,,,,,,,,,,
2026-08-21 05:19:55,247079.593750,A0DB8AF16E20,0002,male,C57BL/6,1.1.1,FR1_Approach,0,PelletTaken,228,1574,542,274,0,0,12.897,344.000,0,2,,,,,,,,,,,,,,,,
2026-08-21 05:21:10,247154.671875,A0DB8AF16E20,0002,male,C57BL/6,1.1.1,FR1_Approach,0,PelletDrop,229,1577,542,274,0,0,,,,,,,,,,,,,,,,,,,,
2026-08-21 05:21:29,247174.078125,A0DB8AF16E20,0002,male,C57BL/6,1.1.1,FR1_Approach,0,PelletTaken,229,1577,542,274,0,0,18.508,736.000,0,2,,,,,,,,,,,,,,,,
2026-08-21 05:22:21,247226.312500,A0DB8AF16E20,0002,male,C57BL/6,1.1.1,FR1_Approach,0,PelletDrop,230,1581,542,274,0,0,,,,,,,,,,,,,,,,,,,,
2026-08-21 05:22:36,247241.125000,A0DB8AF16E20,0002,male,C57BL/6,1.1.1,FR1_Approach,0,PelletTaken,230,1581,542,274,0,0,13.909,1296.000,0,2,,,,,,,,,,,,,,,,
2026-08-21 05:24:16,247341.125000,A0DB8AF16E20,0002,male,C57BL/6,1.1.1,FR1_Approach,0,Status,230,1581,542,274,0,0,,,,,Disabled,24.5,43.0,1002.7,9.6,0.000,0.000,249164,339956,246240,56391,3.92,66.87
2026-08-21 05:24:56,247381.609375,A0DB8AF16E20,0002,male,C57BL/6,1.1.1,FR1_Approach,0,PelletDrop,231,1586,542,274,0,0,,,,,,,,,,,,,,,,,,,,
2026-08-21 05:25:13,247397.843750,A0DB8AF16E20,0002,male,C57BL/6,1.1.1,FR1_Approach,0,PelletTaken,231,1586,542,274,0,0,15.317,107.000,0,2,,,,,,,,,,,,,,,,
2026-08-21 05:27:02,247506.765625,A0DB8AF16E20,0002,male,C57BL/6,1.1.1,FR1_Approach,0,PelletDrop,232,1592,542,274,0,0,,,,,,,,,,,,,,,,,,,,
2026-08-21 05:27:19,247524.046875,A0DB8AF16E20,0002,male,C57BL/6,1.1.1,FR1_Approach,0,PelletTaken,232,1592,542,274,0,0,16.385,2001.000,0,2,,,,,,,,,,,,,,,,
2026-08-21 05:34:18,247943.421875,A0DB8AF16E20,0002,male,C57BL/6,1.1.1,FR1_Approach,0,Status,232,1592,542,274,0,0,,,,,Disabled,24.6,43.3,1002.8,9.6,0.000,0.000,249164,339956,246240,56522,3.92,66.72
2026-08-21 05:44:20,248546.531250,A0DB8AF16E20,0002,male,C57BL/6,1.1.1,FR1_Approach,0,Status,232,1592,542,274,0,0,,,,,Disabled,24.6,43.5,1002.7,9.6,0.000,0.000,249164,339956,246240,56659,3.92,66.72
2026-08-21 05:45:08,248594.484375,A0DB8AF16E20,0002,male,C57BL/6,1.1.1,FR1_Approach,0,PelletDrop,233,1599,542,274,0,0,,,,,,,,,,,,,,,,,,,,
2026-08-21 05:45:24,248610.906250,A0DB8AF16E20,0002,male,C57BL/6,1.1.1,FR1_Approach,0,PelletTaken,233,1599,542,274,0,0,15.515,139.000,0,2,,,,,,,,,,,,,,,,
2026-08-21 05:47:06,248712.375000,A0DB8AF16E20,0002,male,C57BL/6,1.1.1,FR1_Approach,0,PelletDrop,234,1607,542,274,0,0,,,,,,,,,,,,,,,,,,,,
2026-08-21 05:47:18,248725.187500,A0DB8AF16E20,0002,male,C57BL/6,1.1.1,FR1_Approach,0,PelletTaken,234,1607,542,274,0,0,11.896,2002.000,0,2,,,,,,,,,,,,,,,,
2026-08-21 05:54:19,249146.781250,A0DB8AF16E20,0002,male,C57BL/6,1.1.1,FR1_Approach,0,Status,234,1607,543,274,0,0,,,,,Disabled,24.6,43.5,1002.8,9.5,0.000,0.000,249164,339956,246240,56791,3.92,66.58
2026-08-21 06:01:33,249581.125000,A0DB8AF16E20,0002,male,C57BL/6,1.1.1,FR1_Approach,0,PelletDrop,235,1616,544,274,0,0,,,,,,,,,,,,,,,,,,,,
2026-08-21 06:01:48,249596.218750,A0DB8AF16E20,0002,male,C57BL/6,1.1.1,FR1_Approach,0,PelletTaken,235,1616,544,274,0,0,14.195,30.000,0,2,,,,,,,,,,,,,,,,
2026-08-21 06:03:10,249677.937500,A0DB8AF16E20,0002,male,C57BL/6,1.1.1,FR1_Approach,0,PelletDrop,236,1626,545,274,0,0,,,,,,,,,,,,,,,,,,,,
2026-08-21 06:03:23,249690.875000,A0DB8AF16E20,0002,male,C57BL/6,1.1.1,FR1_Approach,0,PelletTaken,236,1626,545,274,0,0,12.028,1971.000,0,2,,,,,,,,,,,,,,,,
2026-08-21 06:04:19,249747.109375,A0DB8AF16E20,0002,male,C57BL/6,1.1.1,FR1_Approach,0,Status,236,1626,545,274,0,0,,,,,Disabled,24.7,43.1,1002.7,9.5,0.083,48.000,249164,339956,246240,56929,3.92,66.58
2026-08-21 06:14:21,250350.218750,A0DB8AF16E20,0002,male,C57BL/6,1.1.1,FR1_Approach,0,Status,236,1626,545,274,0,0,,,,,Disabled,24.7,43.5,1002.7,9.4,0.202,100.000,249164,339956,246240,57066,3.92,66.43
2026-08-21 06:24:21,250950.984375,A0DB8AF16E20,0002,male,C57BL/6,1.1.1,FR1_Approach,0,Status,236,1626,546,274,0,0,,,,,Disabled,24.7,43.6,1002.7,9.5,0.198,96.000,249164,339956,246240,57203,3.91,66.43
2026-08-21 06:27:56,251165.765625,A0DB8AF16E20,0002,male,C57BL/6,1.1.1,FR1_Approach,0,PelletDrop,237,1637,547,274,0,0,,,,,,,,,,,,,,,,,,,,
2026-08-21 06:28:10,251180.046875,A0DB8AF16E20,0002,male,C57BL/6,1.1.1,FR1_Approach,0,PelletTaken,237,1637,547,274,0,0,13.381,186.000,0,2,,,,,,,,,,,,,,,,
2026-08-21 06:29:22,251251.765625,A0DB8AF16E20,0002,male,C57BL/6,1.1.1,FR1_Approach,0,PelletDrop,238,1649,547,274,0,0,,,,,,,,,,,,,,,,,,,,
2026-08-21 06:29:32,251262.406250,A0DB8AF16E20,0002,male,C57BL/6,1.1.1,FR1_Approach,0,PelletTaken,238,1649,547,274,0,0,9.751,2001.000,0,2,,,,,,,,,,,,,,,,
2026-08-21 06:34:22,251552.687500,A0DB8AF16E20,0002,male,C57BL/6,1.1.1,FR1_Approach,0,Status,238,1649,548,274,0,0,,,,,Disabled,24.7,43.5,1002.9,9.6,0.180,96.000,249164,339956,246240,57346,3.92,66.29
2026-08-21 06:44:24,252155.812500,A0DB8AF16E20,0002,male,C57BL/6,1.1.1,FR1_Approach,0,Status,238,1649,548,274,0,0,,,,,Disabled,24.6,43.6,1003.0,9.6,0.187,101.000,249164,339956,246240,57483,3.92,66.14
2026-08-21 06:54:27,252758.906250,A0DB8AF16E20,0002,male,C57BL/6,1.1.1,FR1_Approach,0,Status,238,1649,548,274,0,0,,,,,Disabled,24.6,43.6,1003.1,9.6,0.194,102.000,249164,339956,246240,57620,3.92,66.14
2026-08-21 07:04:29,253362.000000,A0DB8AF16E20,0002,male,C57BL/6,1.1.1,FR1_Approach,0,Status,238,1649,548,274,0,0,,,,,Disabled,24.6,43.6,1003.2,9.7,0.198,100.000,249164,339956,246240,57757,3.92,66.14
2026-08-21 07:14:31,253965.109375,A0DB8AF16E20,0002,male,C57BL/6,1.1.1,FR1_Approach,0,Status,238,1649,548,274,0,0,,,,,Disabled,24.5,43.6,1003.3,9.7,0.198,98.000,249164,339956,246240,57894,3.92,66.00
2026-08-21 07:24:34,254568.218750,A0DB8AF16E20,0002,male,C57BL/6,1.1.1,FR1_Approach,0,Status,238,1649,548,274,0,0,,,,,Disabled,24.5,43.6,1003.4,9.7,0.202,100.000,249164,339956,246240,58031,3.92,66.00
2026-08-21 07:34:36,255171.312500,A0DB8AF16E20,0002,male,C57BL/6,1.1.1,FR1_Approach,0,Status,238,1649,548,274,0,0,,,,,Disabled,24.4,43.7,1003.5,9.7,0.194,100.000,249164,339956,246240,58168,3.92,65.86
2026-08-21 07:44:38,255774.421875,A0DB8AF16E20,0002,male,C57BL/6,1.1.1,FR1_Approach,0,Status,238,1649,548,274,0,0,,,,,Disabled,24.4,43.6,1003.5,9.8,0.187,98.000,249164,339956,246240,58305,3.91,65.86
2026-08-21 07:54:40,256377.515625,A0DB8AF16E20,0002,male,C57BL/6,1.1.1,FR1_Approach,0,Status,238,1649,548,274,0,0,,,,,Disabled,24.4,43.6,1003.5,9.8,0.194,100.000,249164,339956,246240,58442,3.92,65.86
2026-08-21 08:04:43,256980.609375,A0DB8AF16E20,0002,male,C57BL/6,1.1.1,FR1_Approach,0,Status,238,1649,548,274,0,0,,,,,Disabled,24.4,43.6,1003.5,9.8,0.198,100.000,249164,339956,246240,58579,3.91,65.71
2026-08-21 08:14:45,257583.718750,A0DB8AF16E20,0002,male,C57BL/6,1.1.1,FR1_Approach,0,Status,238,1649,548,274,0,0,,,,,Disabled,24.3,43.6,1003.5,9.8,0.194,100.000,249164,339956,246240,58716,3.91,65.71
2026-08-21 08:16:01,257659.750000,A0DB8AF16E20,0002,male,C57BL/6,1.1.1,FR1_Approach,0,PelletDrop,239,1650,548,274,0,0,,,,,,,,,,,,,,,,,,,,
2026-08-21 08:16:02,257661.234375,A0DB8AF16E20,0002,male,C57BL/6,1.1.1,FR1_Approach,0,PelletNotDetected,239,1650,548,274,0,0,,,,,,,,,,,,,,,,,,,,
2026-08-21 08:17:36,257755.187500,A0DB8AF16E20,0002,male,C57BL/6,1.1.1,FR1_Approach,0,PelletDrop,240,1652,548,274,0,0,,,,,,,,,,,,,,,,,,,,
2026-08-21 08:17:38,257756.687500,A0DB8AF16E20,0002,male,C57BL/6,1.1.1,FR1_Approach,0,PelletNotDetected,240,1652,548,274,0,0,,,,,,,,,,,,,,,,,,,,
2026-08-21 08:19:05,257844.000000,A0DB8AF16E20,0002,male,C57BL/6,1.1.1,FR1_Approach,0,PelletDrop,241,1655,548,274,0,0,,,,,,,,,,,,,,,,,,,,
2026-08-21 08:19:06,257845.109375,A0DB8AF16E20,0002,male,C57BL/6,1.1.1,FR1_Approach,0,PelletTaken,241,1655,548,274,0,0,0.192,630.000,0,5,,,,,,,,,,,,,,,,
2026-08-21 08:20:55,257954.500000,A0DB8AF16E20,0002,male,C57BL/6,1.1.1,FR1_Approach,0,PelletDrop,242,1659,548,274,0,0,,,,,,,,,,,,,,,,,,,,
2026-08-21 08:21:08,257967.343750,A0DB8AF16E20,0002,male,C57BL/6,1.1.1,FR1_Approach,0,PelletTaken,242,1659,548,274,0,0,11.929,1157.000,0,2,,,,,,,,,,,,,,,,
2026-08-21 08:22:11,258030.125000,A0DB8AF16E20,0002,male,C57BL/6,1.1.1,FR1_Approach,0,PelletDrop,243,1664,548,274,0,0,,,,,,,,,,,,,,,,,,,,
2026-08-21 08:22:24,258043.078125,A0DB8AF16E20,0002,male,C57BL/6,1.1.1,FR1_Approach,0,PelletTaken,243,1664,548,274,0,0,12.051,2002.000,0,2,,,,,,,,,,,,,,,,
2026-08-21 08:23:38,258117.687500,A0DB8AF16E20,0002,male,C57BL/6,1.1.1,FR1_Approach,0,PelletDrop,244,1670,548,274,0,0,,,,,,,,,,,,,,,,,,,,
2026-08-21 08:23:51,258130.406250,A0DB8AF16E20,0002,male,C57BL/6,1.1.1,FR1_Approach,0,PelletTaken,244,1670,548,274,0,0,11.809,2002.000,0,2,,,,,,,,,,,,,,,,
2026-08-21 08:24:47,258186.625000,A0DB8AF16E20,0002,male,C57BL/6,1.1.1,FR1_Approach,0,Status,244,1670,548,274,0,0,,,,,Disabled,24.5,42.8,1003.4,9.7,0.187,97.000,249164,339956,246240,58842,3.91,65.57
2026-08-21 08:26:56,258315.765625,A0DB8AF16E20,0002,male,C57BL/6,1.1.1,FR1_Approach,0,PelletDrop,245,1677,548,274,0,0,,,,,,,,,,,,,,,,,,,,
2026-08-21 08:27:16,258335.234375,A0DB8AF16E20,0002,male,C57BL/6,1.1.1,FR1_Approach,0,PelletTaken,245,1677,548,274,0,0,18.551,2002.000,0,2,,,,,,,,,,,,,,,,
2026-08-21 08:34:49,258789.625000,A0DB8AF16E20,0002,male,C57BL/6,1.1.1,FR1_Approach,0,Status,245,1677,548,274,0,0,,,,,Disabled,24.5,43.3,1003.3,9.7,0.119,66.000,249164,339956,246240,58975,3.91,65.42
2026-08-21 08:44:52,259392.734375,A0DB8AF16E20,0002,male,C57BL/6,1.1.1,FR1_Approach,0,Status,245,1677,548,274,0,0,,,,,Disabled,24.5,43.4,1003.3,9.7,0.173,92.000,249164,339956,246240,59112,3.91,65.42
2026-08-21 08:54:54,259995.843750,A0DB8AF16E20,0002,male,C57BL/6,1.1.1,FR1_Approach,0,Status,245,1677,548,274,0,0,,,,,Disabled,24.5,43.4,1003.3,9.7,0.173,89.000,249164,339956,246240,59249,3.91,65.28
2026-08-21 09:04:56,260598.937500,A0DB8AF16E20,0002,male,C57BL/6,1.1.1,FR1_Approach,0,Status,245,1677,548,274,0,0,,,,,Disabled,24.4,43.4,1003.2,9.7,0.166,86.000,249164,339956,246240,59386,3.91,65.28
2026-08-21 09:14:58,261202.062500,A0DB8AF16E20,0002,male,C57BL/6,1.1.1,FR1_Approach,0,Status,245,1677,548,274,0,0,,,,,Disabled,24.4,43.4,1003.2,9.8,0.184,90.000,249164,339956,246240,59523,3.91,65.28
2026-08-21 09:25:01,261805.156250,A0DB8AF16E20,0002,male,C57BL/6,1.1.1,FR1_Approach,0,Status,245,1677,548,274,0,0,,,,,Disabled,24.4,43.4,1003.2,9.8,0.184,90.000,249164,339956,246240,59660,3.91,65.28
2026-08-21 09:35:03,262408.250000,A0DB8AF16E20,0002,male,C57BL/6,1.1.1,FR1_Approach,0,Status,245,1677,548,274,0,0,,,,,Disabled,24.3,43.4,1003.2,9.8,0.180,96.000,249164,339956,246240,59797,3.90,65.13
2026-08-21 09:45:05,263011.375000,A0DB8AF16E20,0002,male,C57BL/6,1.1.1,FR1_Approach,0,Status,245,1677,548,274,0,0,,,,,Disabled,24.3,43.4,1003.2,9.9,0.184,95.000,249164,339956,246240,59934,3.91,65.13
2026-08-21 09:55:08,263614.468750,A0DB8AF16E20,0002,male,C57BL/6,1.1.1,FR1_Approach,0,Status,245,1677,548,274,0,0,,,,,Disabled,24.3,43.4,1003.3,9.8,0.180,97.000,249164,339956,246240,60071,3.91,64.99
2026-08-21 10:05:10,264217.562500,A0DB8AF16E20,0002,male,C57BL/6,1.1.1,FR1_Approach,0,Status,245,1677,548,274,0,0,,,,,Disabled,24.2,43.4,1003.3,9.9,0.194,100.000,249164,339956,246240,60208,3.90,64.99
2026-08-21 10:05:59,264266.343750,A0DB8AF16E20,0002,male,C57BL/6,1.1.1,FR1_Approach,0,PelletDrop,246,1678,548,274,0,0,,,,,,,,,,,,,,,,,,,,
2026-08-21 10:06:01,264268.750000,A0DB8AF16E20,0002,male,C57BL/6,1.1.1,FR1_Approach,0,PelletTaken,246,1678,548,274,0,0,1.512,2001.000,0,2,,,,,,,,,,,,,,,,
2026-08-21 10:07:49,264376.843750,A0DB8AF16E20,0002,male,C57BL/6,1.1.1,FR1_Approach,0,PelletDrop,247,1680,548,274,0,0,,,,,,,,,,,,,,,,,,,,
2026-08-21 10:08:02,264389.656250,A0DB8AF16E20,0002,male,C57BL/6,1.1.1,FR1_Approach,0,PelletTaken,247,1680,548,274,0,0,11.907,108.000,0,2,,,,,,,,,,,,,,,,
2026-08-21 10:08:54,264441.562500,A0DB8AF16E20,0002,male,C57BL/6,1.1.1,FR1_Approach,0,PelletDrop,248,1683,548,274,0,0,,,,,,,,,,,,,,,,,,,,
2026-08-21 10:09:11,264458.875000,A0DB8AF16E20,0002,male,C57BL/6,1.1.1,FR1_Approach,0,PelletTaken,248,1683,548,274,0,0,16.385,2002.000,0,2,,,,,,,,,,,,,,,,
2026-08-21 10:12:01,264629.531250,A0DB8AF16E20,0002,male,C57BL/6,1.1.1,FR1_Approach,0,PelletDrop,249,1687,548,274,0,0,,,,,,,,,,,,,,,,,,,,
2026-08-21 10:12:19,264646.843750,A0DB8AF16E20,0002,male,C57BL/6,1.1.1,FR1_Approach,0,PelletTaken,249,1687,548,274,0,0,16.406,692.000,0,2,,,,,,,,,,,,,,,,
2026-08-21 10:15:13,264821.187500,A0DB8AF16E20,0002,male,C57BL/6,1.1.1,FR1_Approach,0,Status,249,1687,548,274,0,0,,,,,Disabled,24.3,43.2,1003.3,9.8,0.162,84.000,249164,339956,246240,60330,3.91,64.84
2026-08-21 10:25:13,265421.937500,A0DB8AF16E20,0002,male,C57BL/6,1.1.1,FR1_Approach,0,Status,249,1687,551,274,0,0,,,,,Disabled,24.3,43.4,1003.4,9.8,0.083,50.000,249164,339956,246240,60469,3.91,64.84
2026-08-21 10:33:15,265904.968750,A0DB8AF16E20,0002,male,C57BL/6,1.1.1,FR1_Approach,0,PelletDrop,250,1692,551,274,0,0,,,,,,,,,,,,,,,,,,,,
2026-08-21 10:33:28,265918.156250,A0DB8AF16E20,0002,male,C57BL/6,1.1.1,FR1_Approach,0,PelletTaken,250,1692,551,274,0,0,12.269,2001.000,0,2,,,,,,,,,,,,,,,,
2026-08-21 10:34:25,265975.218750,A0DB8AF16E20,0002,male,C57BL/6,1.1.1,FR1_Approach,0,PelletDrop,251,1698,551,274,0,0,,,,,,,,,,,,,,,,,,,,
2026-08-21 10:34:41,265990.718750,A0DB8AF16E20,0002,male,C57BL/6,1.1.1,FR1_Approach,0,PelletTaken,251,1698,551,274,0,0,14.580,2002.000,0,2,,,,,,,,,,,,,,,,
2026-08-21 10:35:15,266025.093750,A0DB8AF16E20,0002,male,C57BL/6,1.1.1,FR1_Approach,0,Status,251,1698,551,274,0,0,,,,,Disabled,24.4,43.1,1003.5,9.7,0.115,68.000,249164,339956,246240,60601,3.90,64.55
2026-08-21 10:45:17,266627.875000,A0DB8AF16E20,0002,male,C57BL/6,1.1.1,FR1_Approach,0,Status,251,1698,552,274,0,0,,,,,Disabled,24.4,43.6,1003.5,9.8,0.144,80.000,249164,339956,246240,60738,3.90,64.55
2026-08-21 10:55:19,267231.000000,A0DB8AF16E20,0002,male,C57BL/6,1.1.1,FR1_Approach,0,Status,251,1698,552,274,0,0,,,,,Disabled,24.4,43.6,1003.5,9.7,0.202,105.000,249164,339956,246240,60875,3.91,64.55
2026-08-21 11:05:22,267834.093750,A0DB8AF16E20,0002,male,C57BL/6,1.1.1,FR1_Approach,0,Status,251,1698,552,274,0,0,,,,,Disabled,24.4,43.7,1003.5,9.7,0.173,92.000,249164,339956,246240,61012,3.90,64.41
2026-08-21 11:15:24,268437.218750,A0DB8AF16E20,0002,male,C57BL/6,1.1.1,FR1_Approach,0,Status,251,1698,552,274,0,0,,,,,Disabled,24.3,43.7,1003.6,9.8,0.173,92.000,249164,339956,246240,61149,3.90,64.41
2026-08-21 11:25:26,269040.312500,A0DB8AF16E20,0002,male,C57BL/6,1.1.1,FR1_Approach,0,Status,251,1698,552,274,0,0,,,,,Disabled,24.3,43.8,1003.6,9.8,0.173,92.000,249164,339956,246240,61286,3.90,64.41
2026-08-21 11:35:29,269643.437500,A0DB8AF16E20,0002,male,C57BL/6,1.1.1,FR1_Approach,0,Status,251,1698,552,274,0,0,,,,,Disabled,24.3,43.8,1003.7,9.8,0.184,94.000,249164,339956,246240,61423,3.90,64.27
2026-08-21 11:45:31,270246.531250,A0DB8AF16E20,0002,male,C57BL/6,1.1.1,FR1_Approach,0,Status,251,1698,552,274,0,0,,,,,Disabled,24.1,43.1,1003.7,9.3,22.097,7768.000,249164,339956,246240,61560,3.90,64.27
2026-08-21 11:55:33,270849.625000,A0DB8AF16E20,0002,male,C57BL/6,1.1.1,FR1_Approach,0,Status,251,1698,552,274,0,0,,,,,Disabled,23.8,44.3,1003.7,9.1,2.203,788.000,249164,339956,246240,61697,3.90,64.27
2026-08-21 12:05:35,271452.750000,A0DB8AF16E20,0002,male,C57BL/6,1.1.1,FR1_Approach,0,Status,251,1698,552,274,0,0,,,,,Disabled,23.6,44.0,1003.6,9.4,2.174,783.000,249164,339956,246240,61834,3.90,64.12
2026-08-21 12:15:38,272055.812500,A0DB8AF16E20,0002,male,C57BL/6,1.1.1,FR1_Approach,0,Status,251,1698,552,274,0,0,,,,,Disabled,23.5,43.8,1003.6,9.4,2.200,786.000,249164,339956,246240,61971,3.90,64.12
2026-08-21 12:25:40,272658.937500,A0DB8AF16E20,0002,male,C57BL/6,1.1.1,FR1_Approach,0,Status,251,1698,552,274,0,0,,,,,Disabled,23.3,43.8,1003.6,9.6,2.203,791.000,249164,339956,246240,62108,3.89,63.98
2026-08-21 12:35:42,273262.062500,A0DB8AF16E20,0002,male,C57BL/6,1.1.1,FR1_Approach,0,Status,251,1698,552,274,0,0,,,,,Disabled,23.2,44.0,1003.5,9.6,2.182,782.000,249164,339956,246240,62245,3.90,63.98
2026-08-21 12:45:44,273865.156250,A0DB8AF16E20,0002,male,C57BL/6,1.1.1,FR1_Approach,0,Status,251,1698,552,274,0,0,,,,,Disabled,23.1,44.0,1003.5,9.8,2.207,786.000,249164,339956,246240,62382,3.90,63.83
2026-08-21 12:55:47,274468.250000,A0DB8AF16E20,0002,male,C57BL/6,1.1.1,FR1_Approach,0,Status,251,1698,552,274,0,0,,,,,Disabled,23.0,44.1,1003.4,9.8,2.189,780.000,249164,339956,246240,62519,3.89,63.83
2026-08-21 13:05:49,275071.375000,A0DB8AF16E20,0002,male,C57BL/6,1.1.1,FR1_Approach,0,Status,251,1698,552,274,0,0,,,,,Disabled,22.9,44.2,1003.3,9.9,2.167,776.000,249164,339956,246240,62656,3.90,63.69
2026-08-21 13:15:51,275674.437500,A0DB8AF16E20,0002,male,C57BL/6,1.1.1,FR1_Approach,0,Status,251,1698,552,274,0,0,,,,,Disabled,22.9,44.2,1003.2,9.9,2.207,788.000,249164,339956,246240,62793,3.90,63.69
2026-08-21 13:25:53,276277.593750,A0DB8AF16E20,0002,male,C57BL/6,1.1.1,FR1_Approach,0,Status,251,1698,552,274,0,0,,,,,Disabled,22.9,44.2,1003.1,9.9,2.182,783.000,249164,339956,246240,62930,3.89,63.69
2026-08-21 13:35:56,276880.718750,A0DB8AF16E20,0002,male,C57BL/6,1.1.1,FR1_Approach,0,Status,251,1698,552,274,0,0,,,,,Disabled,22.9,44.2,1003.0,9.9,2.200,786.000,249164,339956,246240,63067,3.90,63.54
2026-08-21 13:45:58,277483.812500,A0DB8AF16E20,0002,male,C57BL/6,1.1.1,FR1_Approach,0,Status,251,1698,552,274,0,0,,,,,Disabled,22.9,44.1,1002.9,9.8,2.200,786.000,249164,339956,246240,63204,3.90,63.54
2026-08-21 13:56:00,278086.906250,A0DB8AF16E20,0002,male,C57BL/6,1.1.1,FR1_Approach,0,Status,251,1698,552,274,0,0,,,,,Disabled,22.9,43.9,1002.8,9.9,2.200,787.000,249164,339956,246240,63341,3.89,63.40
2026-08-21 14:06:03,278690.000000,A0DB8AF16E20,0002,male,C57BL/6,1.1.1,FR1_Approach,0,Status,251,1698,552,274,0,0,,,,,Disabled,22.9,43.9,1002.8,9.9,2.182,782.000,249164,339956,246240,63478,3.89,63.40
2026-08-21 14:16:05,279293.125000,A0DB8AF16E20,0002,male,C57BL/6,1.1.1,FR1_Approach,0,Status,251,1698,552,274,0,0,,,,,Disabled,23.0,44.0,1002.7,9.8,2.192,782.000,249164,339956,246240,63615,3.90,63.40
2026-08-21 14:26:07,279896.218750,A0DB8AF16E20,0002,male,C57BL/6,1.1.1,FR1_Approach,0,Status,251,1698,552,274,0,0,,,,,Disabled,23.0,43.9,1002.6,9.9,2.196,784.000,249164,339956,246240,63752,3.89,63.25
2026-08-21 14:36:09,280499.312500,A0DB8AF16E20,0002,male,C57BL/6,1.1.1,FR1_Approach,0,Status,251,1698,552,274,0,0,,,,,Disabled,22.9,44.1,1002.5,10.0,2.196,786.000,249164,339956,246240,63889,3.89,63.25
2026-08-21 14:46:12,281102.437500,A0DB8AF16E20,0002,male,C57BL/6,1.1.1,FR1_Approach,0,Status,251,1698,552,274,0,0,,,,,Disabled,22.9,44.1,1002.4,10.0,2.203,784.000,249164,339956,246240,64026,3.89,63.11
2026-08-21 14:56:14,281705.531250,A0DB8AF16E20,0002,male,C57BL/6,1.1.1,FR1_Approach,0,Status,251,1698,552,274,0,0,,,,,Disabled,22.8,44.2,1002.2,10.0,2.192,782.000,249164,339956,246240,64163,3.89,63.11
2026-08-21 15:06:16,282308.656250,A0DB8AF16E20,0002,male,C57BL/6,1.1.1,FR1_Approach,0,Status,251,1698,552,274,0,0,,,,,Disabled,22.8,44.3,1002.1,10.1,2.182,780.000,249164,339956,246240,64300,3.89,62.96
2026-08-21 15:16:18,282911.750000,A0DB8AF16E20,0002,male,C57BL/6,1.1.1,FR1_Approach,0,Status,251,1698,552,274,0,0,,,,,Disabled,22.7,44.3,1002.0,10.1,2.185,781.000,249164,339956,246240,64437,3.89,62.96
2026-08-21 15:26:21,283514.843750,A0DB8AF16E20,0002,male,C57BL/6,1.1.1,FR1_Approach,0,Status,251,1698,552,274,0,0,,,,,Disabled,22.7,44.4,1001.9,10.0,2.174,776.000,249164,339956,246240,64574,3.89,62.96
2026-08-21 15:36:23,284117.968750,A0DB8AF16E20,0002,male,C57BL/6,1.1.1,FR1_Approach,0,Status,251,1698,552,274,0,0,,,,,Disabled,22.7,44.4,1001.8,10.1,2.167,778.000,249164,339956,246240,64711,3.89,62.82
2026-08-21 15:46:25,284721.062500,A0DB8AF16E20,0002,male,C57BL/6,1.1.1,FR1_Approach,0,Status,251,1698,552,274,0,0,,,,,Disabled,22.7,44.3,1001.6,10.1,2.167,776.000,249164,339956,246240,64848,3.89,62.82
